t,r,psi,theta0,theta1,theta2,theta3,theta4,theta5,theta6,theta7,theta8,theta9,theta10,theta11,theta12,theta13,theta14,theta15,theta16,theta17,theta18,theta19,theta20,theta21,theta22,theta23,theta24,theta25,theta26,theta27,theta28,theta29,theta30,theta31,theta32,theta33,theta34,theta35,theta36,theta37,theta38,theta39,theta40,theta41,theta42,theta43,theta44,theta45,theta46,theta47,theta48,theta49,theta50,theta51,theta52,theta53,theta54,theta55,theta56,theta57,theta58,theta59,theta60,theta61,theta62,theta63,theta64,theta65,theta66,theta67,theta68,theta69,theta70,theta71,theta72,theta73,theta74,theta75,theta76,theta77,theta78,theta79,theta80,theta81,theta82,theta83,theta84,theta85,theta86,theta87,theta88,theta89,theta90,theta91,theta92,theta93,theta94,theta95,theta96,theta97,theta98,theta99
0,4.6020928940463593e-17,-0.26545860842877467,5.215043804959057,3.330088212805181,4.39822971502571,2.8274333882308142,2.7646015351590183,2.450442269800039,1.3823007675795091,5.026548245743669,0.6283185307179586,0.0,1.1309733552923256,1.884955592153876,4.586725274241099,2.0734511513692637,5.6548667764616285,0.25132741228718347,4.775220833456486,4.838052686528282,0.7539822368615504,1.9477874452256718,3.455751918948773,5.529203070318037,1.6336281798666925,2.6389378290154264,4.335397861953915,0.942477796076938,2.5132741228718345,6.031857894892403,0.5654866776461628,4.523893421169302,0.6911503837897546,2.9530970943744057,5.340707511102649,1.7592918860102844,5.843362335677016,0.3141592653589793,4.1469023027385274,4.084070449666731,2.199114857512855,1.0053096491487339,3.0787608005179976,2.1362830044410597,0.4398229715025711,5.969026041820608,1.6964600329384885,1.1938052083641215,5.089380098815465,1.5707963267948968,3.8955748904513436,0.8168140899333463,1.5079644737231008,0.1884955592153876,1.0681415022205298,2.387610416728243,0.5026548245743669,4.900884539600078,0.3769911184307752,4.0212385965949355,2.261946710584651,5.592034923389832,3.518583772020569,6.220353454107791,3.392920065876977,2.7017696820872223,3.1415926535897936,4.209734155810323,2.8902652413026098,4.272566008882119,3.832743037379548,6.094689747964199,4.9637163926718735,2.5761059759436304,3.6442474781641603,3.0159289474462017,6.157521601035995,3.5814156250923643,4.71238898038469,2.0106192982974678,5.906194188748811,3.7070793312359562,3.9584067435231396,5.277875658030853,2.324778563656447,1.8221237390820801,0.06283185307179587,3.267256359733385,1.3194689145077132,0.12566370614359174,1.4451326206513049,5.46637121724624,5.717698629533424,4.649557127312894,5.403539364174445,5.152211951887261,1.2566370614359172,3.769911184307752,4.461061568097507,0.8796459430051422,5.7805304826052195,3.204424506661589
0.001,0.00023656765011470816,-0.7372261252947765,5.216244926299868,3.330019377237627,4.3997327851367,2.8306871409784184,2.7643409214443597,2.450181688920929,1.385666886245312,5.028290808236763,0.6275872749808769,0.001292813121960117,1.1302542129414888,1.8842318256815238,4.587416891819019,2.0698322839147365,5.651624633831391,0.2504105302634897,4.773402864250605,4.83888887422826,0.7523738817452962,1.9451705308577893,3.458890909521404,5.528959210751852,1.6339709293108566,2.6362960256777876,4.334516789539653,0.9429073342911459,2.511179828751778,6.032816983963883,0.5644930933011134,4.523517726704504,0.6901546636000839,2.957009343778212,5.340888209687962,1.757384157187161,5.845215118536011,0.31192527109382545,4.147527722963325,4.08035880245376,2.1966661784498465,1.0059110646552603,3.0804454267127768,2.136833434038228,0.4397993679725828,5.968631527464217,1.6937106819925418,1.1925732129821203,5.088666514308334,1.5731182642821229,3.8964698200652688,0.813495702657409,1.5088203346966786,0.18793308768934316,1.0669953512547061,2.389041462340713,0.5049245166541471,4.902954792873099,0.3755203764191181,4.020827864878021,2.2628169304822463,5.594193706678865,3.5178331165796664,6.220189829189251,3.390915088963753,2.699584961873849,3.14342539826937,4.212654328902253,2.8903289140942374,4.274780767712691,3.8336740024644316,6.093607201489776,4.964646876917678,2.5793897421113505,3.6443835191207286,3.0192659277926177,6.152489803862604,3.583267123135903,4.712770767555954,2.0102289766313244,5.9065854033366705,3.7033118864415426,3.9581750927822528,5.278797576208665,2.3279420447807184,1.821294891680321,0.06142255890079768,3.266460538681004,1.3215074117779055,0.1265289013976993,1.444280793278559,5.467605445147255,5.718100477666908,4.651702110328748,5.402342951021478,5.151764320628853,1.2560605381644412,3.767191847446276,4.461861501686424,0.8803757465842902,5.780748402553293,3.204163025429627
0.011000000000000003,0.0026360483568506014,-0.7327929753566628,5.2282561397079705,3.329331021562087,4.414763486246595,2.8632246684544604,2.761734784297774,2.447575880129828,1.4193280729033415,5.045716433167703,0.6202747176100591,0.014220944341561289,1.1230627894331207,1.876994160958001,4.59433306759822,2.0336436093694643,5.619203207529015,0.2412417100265522,4.755223172191797,4.847250751228048,0.7362903305827538,1.9190013871789646,3.4902808152477176,5.526520615090005,1.637398423752498,2.6098779923014,4.325706065397035,0.9472027164332247,2.4902368875512146,6.042407874678682,0.5545572498506197,4.519760782056518,0.6801974617033775,2.996131837816274,5.342695195541087,1.7383068689559258,5.86374294712596,0.28958532844228685,4.1537819252113,4.0432423303240475,2.1721793878197593,1.011925219720524,3.0972916886605684,2.142337730009909,0.43956333267269965,5.964686383900314,1.6662171725330754,1.1802532591621078,5.081530669237016,1.5963376391543838,3.90541911620452,0.7803118298980365,1.5173789444324568,0.18230837242889877,1.055533841596469,2.403351918465413,0.5276214374519482,4.923657325603309,0.3608129563025472,4.016720547708879,2.271519129458198,5.615781539569198,3.5103265621706417,6.218553580003854,3.370865319831513,2.677737759740118,3.161752845065135,4.24185605982155,2.890965642010514,4.296928356018412,3.842983653313266,6.082781736745552,4.973951719375725,2.6122274037885513,3.6457439286864113,3.0526357312567782,6.102171832128693,3.60178210357129,4.716588639268595,2.0063257599698905,5.910497549215261,3.6656374384974066,3.9558585853733845,5.288016757986784,2.359576856023432,1.8130064176627307,0.04732961719081582,3.2585023281571956,1.341892384479829,0.13518085393877483,1.435762519551101,5.479947724157402,5.722118959001753,4.673151940487288,5.390378819491816,5.147288008044777,1.2502953054496806,3.7399984788315166,4.469860837575594,0.88767378237577,5.782927602034027,3.201548213110008
0.02100000000000001,0.005096076569995931,-0.7282134229170244,5.2402673531160735,3.328642665886547,4.42979418735649,2.8957621959305024,2.759128647151188,2.4449700713387275,1.452989259561371,5.063142058098643,0.6129621602392414,0.02714907556116245,1.1158713659247526,1.8697564962344781,4.6012492433774215,1.997454934824192,5.586781781226639,0.2320728897896147,4.737043480132988,4.855612628227835,0.7202067794202115,1.89283224350014,3.521670720974031,5.524082019428159,1.6408259181941391,2.5834599589250127,4.316895341254416,0.9514980985753035,2.469293946350651,6.051998765393481,0.544621406400126,4.516003837408532,0.670240259806671,3.0352543318543357,5.344502181394213,1.7192295807246907,5.882270775715909,0.26724538579074825,4.160036127459275,4.006125858194335,2.147692597189672,1.0179393747857877,3.11413795060836,2.14784202598159,0.4393272973728165,5.96074124033641,1.638723663073609,1.1679333053420953,5.074394824165698,1.6195570140266446,3.914368412343771,0.747127957138664,1.525937554168235,0.17668365716845438,1.044072331938232,2.4176623745901127,0.5503183582497494,4.944359858333519,0.34610553618597634,4.0126132305397375,2.2802213284341497,5.637369372459531,3.502820007761617,6.216917330818457,3.350815550699273,2.6558905576063867,3.1800802918609,4.271057790740847,2.8916023699267908,4.319075944324133,3.8522933041621004,6.071956272001328,4.983256561833771,2.645065065465752,3.647104338252094,3.0860055347209387,6.0518538603947825,3.6202970840066766,4.7204065109812365,2.0024225433084566,5.914409695093852,3.6279629905532707,3.9535420779645163,5.297235939764904,2.391211667266145,1.8047179436451404,0.033236675480833956,3.250544117633387,1.3622773571817524,0.14383280647985036,1.427244245823643,5.492290003167549,5.726137440336597,4.694601770645828,5.378414687962153,5.142811695460701,1.24453007273492,3.712805110216757,4.477860173464765,0.8949718181672498,5.785106801514761,3.198933400790389
0.03100000000000002,0.00761533399722292,-0.7234920669334923,5.2522785665241765,3.327954310211007,4.444824888466385,2.9282997234065444,2.7565225100046025,2.4423642625476267,1.4866504462194003,5.080567683029583,0.6056496028684237,0.04007720678076363,1.1086799424163845,1.8625188315109553,4.608165419156623,1.9612662602789175,5.554360354924263,0.22290406955267722,4.71886378807418,4.863974505227622,0.7041232282576692,1.8666630998213152,3.5530606267003444,5.521643423766312,1.6442534126357804,2.557041925548625,4.308084617111798,0.9557934807173823,2.4483510051500876,6.06158965610828,0.5346855629496323,4.512246892760547,0.6602830579099646,3.0743768258923976,5.346309167247338,1.7001522924934556,5.900798604305859,0.24490544313920964,4.16629032970725,3.9690093860646227,2.123205806559585,1.0239535298510514,3.1309842125561516,2.153346321953271,0.43909126207293336,5.956796096772506,1.6112301536141427,1.1556133515220828,5.0672589790943805,1.6427763888989055,3.9233177084830224,0.7139440843792915,1.534496163904013,0.17105894190801,1.0326108222799948,2.4319728307148125,0.5730152790475506,4.9650623910637295,0.33139811606940545,4.008505913370596,2.2889235274101014,5.658957205349864,3.4953134533525922,6.2152810816330595,3.3307657815670333,2.6340433554726554,3.198407738656665,4.300259521660144,2.8922390978430674,4.341223532629854,3.8616029550109348,6.061130807257104,4.992561404291818,2.677902727142953,3.6484647478177767,3.1193753381850993,6.001535888660872,3.6388120644420634,4.724224382693878,1.9985193266470218,5.9183218409724425,3.5902885426091347,3.951225570555648,5.306455121543023,2.4228464785088586,1.79642946962755,0.019143733770852094,3.2425859071095786,1.3826623298836758,0.1524847590209259,1.418725972096185,5.504632282177695,5.730155921671441,4.716051600804367,5.366450556432491,5.138335382876624,1.2387648400201594,3.6856117416019973,4.4858595093539355,0.9022698539587296,5.787286000995495,3.19631858847077
0.04100000000000003,0.010192489547375469,-0.7186334213659672,5.264289779932279,3.3272659545354673,4.4598555895762795,2.9608372508825864,2.7539163728580167,2.439758453756526,1.5203116328774298,5.0979933079605235,0.598337045497606,0.053005338000364825,1.1014885189080164,1.8552811667874325,4.615081594935824,1.925077585733643,5.521938928621887,0.21373524931573973,4.7006840960153715,4.8723363822274095,0.6880396770951268,1.8404939561424905,3.584450532426658,5.519204828104465,1.6476809070774217,2.5306238921722377,4.29927389296918,0.9600888628594612,2.427408063949524,6.071180546823079,0.5247497194991386,4.508489948112561,0.6503258560132581,3.1134993199304595,5.348116153100464,1.6810750042622205,5.919326432895808,0.22256550048767104,4.172544531955225,3.9318929139349104,2.0987190159294977,1.029967684916315,3.147830474503943,2.1588506179249523,0.4388552267730502,5.9528509532086025,1.5837366441546763,1.1432933977020703,5.060123134023063,1.6659957637711664,3.9322670046222736,0.680760211619919,1.5430547736397913,0.1654342266475656,1.0211493126217577,2.4462832868395123,0.5957121998453517,4.98576492379394,0.31669069595283456,4.004398596201454,2.297625726386053,5.680545038240197,3.4878068989435675,6.213644832447662,3.3107160124347934,2.612196153338924,3.21673518545243,4.329461252579441,2.892875825759344,4.363371120935575,3.870912605859769,6.05030534251288,5.001866246749865,2.710740388820154,3.6498251573834595,3.15274514164926,5.951217916926961,3.65732704487745,4.728042254406519,1.9946161099855857,5.922233986851033,3.5526140946649987,3.94890906314678,5.315674303321143,2.454481289751572,1.7881409956099596,0.005050792060870217,3.23462769658577,1.4030473025855992,0.16113671156200143,1.4102076983687268,5.516974561187842,5.734174403006286,4.737501430962907,5.354486424902828,5.133859070292548,1.2329996073053988,3.6584183729872377,4.493858845243106,0.9095678897502094,5.789465200476229,3.193703776151151
0.05100000000000004,0.012826201821117903,-0.7136419303471493,5.276300993340382,3.3265775988599273,4.474886290686174,2.9933747783586284,2.751310235711431,2.4371526449654253,1.5539728195354592,5.115418932891464,0.5910244881267883,0.065933469219966,1.0942970953996483,1.8480435020639097,4.6219977707150255,1.8888889111883687,5.4895175023195115,0.20456642907880224,4.682504403956563,4.880698259227197,0.6719561259325845,1.8143248124636657,3.615840438152971,5.5167662324426185,1.651108401519063,2.5042058587958502,4.2904631688265615,0.96438424500154,2.4064651227489606,6.080771437537878,0.5148138760486449,4.504733003464575,0.6403686541165516,3.1526218139685214,5.3499231389535895,1.6619977160309853,5.937854261485757,0.20022555783613244,4.1787987342032,3.894776441805198,2.0742322252994105,1.0359818399815788,3.1646767364517348,2.1643549138966334,0.4386191914731671,5.948905809644699,1.55624313469521,1.1309734438820578,5.052987288951745,1.6892151386434273,3.941216300761525,0.6475763388605464,1.5516133833755694,0.1598095113871212,1.0096878029635206,2.460593742964212,0.6184091206431529,5.00646745652415,0.30198327583626366,4.000291279032312,2.306327925362005,5.70213287113053,3.480300344534543,6.212008583262265,3.2906662433025535,2.590348951205193,3.2350626322481952,4.358662983498738,2.8935125536756208,4.385518709241296,3.8802222567086035,6.039479877768656,5.011171089207911,2.7435780504973546,3.651185566949142,3.1861149451134203,5.90089994519305,3.675842025312837,4.731860126119161,1.9907128933241496,5.926146132729624,3.5149396467208627,3.9465925557379116,5.324893485099262,2.4861161009942854,1.7798525215923693,-0.009042149649111661,3.2266694860619616,1.4234322752875226,0.16978866410307697,1.4016894246412688,5.529316840197989,5.73819288434113,4.758951261121447,5.3425222933731655,5.129382757708472,1.2272343745906382,3.631225004372478,4.501858181132277,0.9168659255416892,5.791644399956963,3.191088963831532
0.06100000000000005,0.015515121414355394,-0.7085219819030775,5.288312206748485,3.3258892431843874,4.489916991796069,3.0259123058346704,2.748704098564845,2.4345468361743245,1.5876340061934886,5.132844557822404,0.5837119307559706,0.07886160043956712,1.0871056718912802,1.8408058373403868,4.628913946494227,1.8527002366430942,5.457096076017136,0.19539760884186474,4.664324711897755,4.889060136226984,0.6558725747700421,1.788155668784841,3.6472303438792846,5.514327636780772,1.6545358959607042,2.4777878254194627,4.281652444683943,0.9686796271436188,2.385522181548397,6.090362328252677,0.5048780325981512,4.5009760588165895,0.6304114522198452,3.1917443080065833,5.351730124806715,1.6429204277997502,5.9563820900757065,0.17788561518459384,4.185052936451175,3.8576599696754856,2.0497454346693234,1.0419959950468425,3.1815229983995263,2.1698592098683145,0.43838315617328394,5.944960666080795,1.5287496252357435,1.1186534900620453,5.045851443880427,1.7124345135156882,3.950165596900776,0.6143924661011739,1.5601719931113476,0.15418479612667682,0.9982262933052835,2.474904199088912,0.6411060414409541,5.02716998925436,0.2872758557196928,3.99618396186317,2.3150301243379565,5.723720704020863,3.472793790125518,6.210372334076868,3.2706164741703136,2.5685017490714617,3.2533900790439603,4.387864714418035,2.8941492815918974,4.407666297547017,3.889531907557438,6.028654413024432,5.020475931665958,2.7764157121745554,3.652545976514825,3.219484748577581,5.850581973459139,3.694357005748224,4.735677997831802,1.9868096766627135,5.9300582786082146,3.4772651987767267,3.9442760483290433,5.334112666877382,2.5177509122369988,1.771564047574779,-0.023135091359093533,3.218711275538153,1.443817247989446,0.1784406166441525,1.3931711509138107,5.541659119208136,5.742211365675974,4.780401091279987,5.330558161843503,5.124906445124395,1.2214691418758776,3.6040316357577185,4.509857517021447,0.924163961333169,5.793823599437697,3.188474151511913
0.07100000000000005,0.018257893025667667,-0.7032779203174045,5.300323420156588,3.3252008875088475,4.504947692905964,3.0584498333107124,2.7460979614182595,2.431941027383224,1.621295192851518,5.150270182753344,0.5763993733851529,0.09178973165916825,1.079914248382912,1.833568172616864,4.635830122273428,1.8165115620978198,5.42467464971476,0.18622878860492725,4.646145019838946,4.897422013226771,0.6397890236074998,1.7619865251060163,3.678620249605598,5.511889041118925,1.6579633904023454,2.4513697920430753,4.272841720541325,0.9729750092856976,2.3645792403478336,6.099953218967476,0.4949421891476572,4.497219114168604,0.6204542503231387,3.230866802044645,5.353537110659841,1.6238431395685151,5.974909918665656,0.15554567253305523,4.19130713869915,3.8205434975457733,2.025258644039236,1.0480101501121062,3.198369260347318,2.1753635058399956,0.4381471208734008,5.941015522516891,1.5012561157762772,1.1063335362420328,5.03871559880911,1.735653888387949,3.9591148930400273,0.5812085933418014,1.5687306028471257,0.14856008086623243,0.9867647836470463,2.489214655213612,0.6638029622387552,5.04787252198457,0.2725684356031219,3.992076644694028,2.323732323313908,5.745308536911196,3.4652872357164934,6.208736084891471,3.2505667050380738,2.5466545469377304,3.2717175258397253,4.4170664453373325,2.894786009508174,4.429813885852738,3.8988415584062723,6.017828948280208,5.029780774124005,2.809253373851756,3.6539063860805077,3.2528545520417413,5.800264001725228,3.7128719861836106,4.739495869544443,1.9829064600012773,5.933970424486805,3.4395907508325907,3.941959540920175,5.3433318486555015,2.549385723479712,1.7632755735571886,-0.0372280330690754,3.2107530650143445,1.4642022206913694,0.18709256918522804,1.3846528771863527,5.554001398218283,5.746229847010818,4.801850921438526,5.31859403031384,5.120430132540319,1.215703909161117,3.576838267142959,4.517856852910618,0.9314619971246488,5.7960027989184315,3.185859339192294
0.08100000000000006,0.021053157359698645,-0.697914057222479,5.312334633564691,3.3245125318333075,4.519978394015859,3.0909873607867544,2.7434918242716737,2.429335218592123,1.6549563795095474,5.167695807684284,0.5690868160143352,0.10471786287876937,1.072722824874544,1.8263305078933412,4.6427462980526295,1.7803228875525454,5.392253223412384,0.17705996836798976,4.627965327780138,4.905783890226559,0.6237054724449574,1.7358173814271916,3.7100101553319114,5.5094504454570785,1.6613908848439867,2.4249517586666878,4.264030996398707,0.9772703914277764,2.34363629914727,6.109544109682275,0.48500634569716294,4.493462169520618,0.6104970484264323,3.269989296082707,5.355344096512966,1.60476585133728,5.993437747255605,0.13320572988151663,4.197561340947125,3.783427025416061,2.000771853409149,1.05402430517737,3.2152155222951095,2.1808678018116767,0.43791108557351766,5.9370703789529875,1.4737626063168108,1.0940135824220203,5.031579753737792,1.75887326326021,3.9680641891792785,0.5480247205824289,1.5772892125829039,0.14293536560578804,0.9753032739888092,2.5035251113383117,0.6864998830365564,5.06857505471478,0.257861015486551,3.987969327524886,2.33243452228986,5.766896369801529,3.4577806813074687,6.207099835706074,3.230516935905834,2.524807344803999,3.2900449726354903,4.44626817625663,2.8954227374244508,4.451961474158459,3.9081512092551067,6.007003483535984,5.039085616582051,2.842091035528957,3.6552667956461904,3.286224355505902,5.749946029991317,3.7313869666189974,4.743313741257085,1.9790032433398412,5.937882570365396,3.4019163028884547,3.939643033511307,5.352551030433621,2.5810205347224255,1.7549870995395982,-0.05132097477905726,3.202794854490536,1.4845871933932928,0.19574452172630358,1.3761346034588946,5.56634367722843,5.750248328345663,4.823300751597066,5.306629898784178,5.115953819956243,1.2099386764463564,3.549644898528199,4.525856188799788,0.9387600329161286,5.798181998399166,3.183244526872675
0.09100000000000007,0.023899552819237762,-0.6924346814913211,5.324345846972794,3.3238241761577676,4.535009095125754,3.1235248882627964,2.740885687125088,2.4267294098010224,1.6886175661675769,5.185121432615224,0.5617742586435175,0.1176459940983705,1.0655314013661759,1.8190928431698183,4.649662473831831,1.744134213007271,5.359831797110008,0.16789114813105227,4.609785635721329,4.914145767226346,0.6076219212824151,1.7096482377483668,3.7414000610582248,5.507011849795232,1.664818379285628,2.3985337252903003,4.255220272256088,0.9815657735698552,2.3226933579467066,6.119135000397074,0.4750705022466687,4.489705224872632,0.6005398465297258,3.309111790120769,5.357151082366092,1.585688563106045,6.011965575845554,0.11086578722997803,4.2038155431951,3.7463105532863485,1.9762850627790618,1.0600384602426336,3.232061784242901,2.186372097783358,0.4376750502736345,5.933125235389084,1.4462690968573444,1.0816936286020078,5.024443908666474,1.7820926381324709,3.9770134853185297,0.5148408478230564,1.585847822318682,0.13731065034534365,0.9638417643305721,2.5178355674630115,0.7091968038343576,5.0892775874449905,0.2431535953699801,3.983862010355744,2.3411367212658116,5.788484202691862,3.450274126898444,6.205463586520676,3.210467166773594,2.502960142670268,3.3083724194312554,4.475469907175927,2.8960594653407274,4.47410906246418,3.917460860103941,5.99617801879176,5.048390459040098,2.874928697206158,3.656627205211873,3.3195941589700624,5.699628058257407,3.749901947054384,4.747131612969726,1.9751000266784051,5.941794716243987,3.3642418549443187,3.9373265261024386,5.3617702122117405,2.612655345965139,1.7466986255220078,-0.06541391648903915,3.1948366439667275,1.5049721660952162,0.2043964742673791,1.3676163297314365,5.578685956238576,5.754266809680507,4.844750581755606,5.294665767254515,5.111477507372166,1.2041734437315958,3.5224515299134396,4.533855524688959,0.9460580687076084,5.8003611978799,3.180629714553056
0.10100000000000008,0.026795716979605432,-0.686844067996764,5.336357060380897,3.3231358204822277,4.550039796235649,3.1560624157388384,2.738279549978502,2.4241236010099216,1.7222787528256063,5.202547057546164,0.5544617012726998,0.13057412531797163,1.0583399778578078,1.8118551784462955,4.656578649611032,1.7079455384619966,5.327410370807632,0.15872232789411478,4.591605943662521,4.922507644226133,0.5915383701198728,1.683479094069542,3.772789966784538,5.504573254133385,1.6682458737272692,2.372115691913913,4.24640954811347,0.985861155711934,2.301750416746143,6.128725891111873,0.46513465879617444,4.485948280224647,0.5905826446330193,3.348234284158831,5.358958068219217,1.5666112748748098,6.030493404435504,0.08852584457843943,4.210069745443075,3.709194081156636,1.9517982721489746,1.0660526153078973,3.2489080461906927,2.191876393755039,0.43743901497375137,5.92918009182518,1.418775587397878,1.0693736747819953,5.017308063595157,1.8053120130047318,3.985962781457781,0.48165697506368355,1.5944064320544602,0.13168593508489926,0.952380254672335,2.5321460235877113,0.7318937246321587,5.109980120175201,0.2284461752534092,3.979754693186602,2.3498389202417633,5.810072035582195,3.4427675724894193,6.203827337335279,3.190417397641354,2.4811129405365366,3.3266998662270204,4.504671638095224,2.896696193257004,4.496256650769901,3.9267705109527755,5.985352554047536,5.0576953014981445,2.9077663588833587,3.657987614777556,3.352963962434223,5.649310086523496,3.768416927489771,4.750949484682367,1.971196810016969,5.945706862122577,3.3265674070001827,3.9350100186935704,5.37098939398986,2.6442901572078523,1.7384101515044175,-0.07950685819902108,3.186878433442919,1.5253571387971396,0.21304842680845465,1.3590980560039785,5.591028235248723,5.758285291015351,4.8662004119141455,5.282701635724853,5.10700119478809,1.1984082110168353,3.49525816129868,4.5418548605781295,0.9533561044990883,5.802540397360634,3.178014902233437
0.11100000000000008,0.02974028783991635,-0.681146485297475,5.348368273789,3.3224474648066877,4.565070497345544,3.1885999432148804,2.7356734128319165,2.421517792218821,1.7559399394836357,5.219972682477104,0.5471491439018821,0.14350225653757276,1.0511485543494397,1.8046175137227727,4.6634948253902335,1.6717568639167222,5.294988944505256,0.1495535076571773,4.5734262516037125,4.930869521225921,0.5754548189573304,1.6573099503907174,3.8041798725108515,5.5021346584715385,1.6716733681689104,2.3456976585375253,4.237598823970852,0.9901565378540128,2.2808074755455796,6.138316781826672,0.4551988153456802,4.482191335576661,0.5806254427363129,3.3873567781968927,5.360765054072343,1.5475339866435747,6.049021233025453,0.06618590192690083,4.21632394769105,3.672077609026924,1.9273114815188874,1.072066770373161,3.2657543081384843,2.19738068972672,0.43720297967386823,5.925234948261276,1.3912820779384116,1.0570537209619828,5.010172218523839,1.8285313878769927,3.994912077597032,0.4484731023043105,1.6029650417902384,0.12606121982445487,0.9409187450140979,2.546456479712411,0.7545906454299599,5.130682652905411,0.21373875513683832,3.97564737601746,2.358541119217715,5.831659868472528,3.4352610180803946,6.202191088149882,3.1703676285091142,2.4592657384028054,3.3450273130227854,4.533873369014521,2.897332921173281,4.518404239075622,3.93608016180161,5.9745270893033116,5.067000143956191,2.9406040205605595,3.6593480243432386,3.3863337658983834,5.598992114789585,3.7869319079251578,4.754767356395009,1.9672935933555329,5.949619008001168,3.2888929590560467,3.932693511284702,5.38020857576798,2.6759249684505657,1.730121677486827,-0.09359979990900301,3.1789202229191105,1.545742111499063,0.22170037934953019,1.3505797822765204,5.60337051425887,5.7623037723501955,4.887650242072685,5.27073750419519,5.102524882204014,1.1926429783020747,3.4680647926839203,4.5498541964673,0.9606541402905681,5.804719596841368,3.175400089913818
0.1210000000000001,0.0327319048468267,-0.6753462023050457,5.360379487197103,3.321759109131148,4.580101198455439,3.2211374706909224,2.7330672756853307,2.41891198342772,1.789601126141665,5.237398307408045,0.5398365865310644,0.15643038775717388,1.0439571308410716,1.7973798489992499,4.670411001169435,1.6355681893714478,5.26256751820288,0.1403846874202398,4.555246559544904,4.939231398225708,0.5593712677947881,1.6311408067118927,3.835569778237165,5.499696062809692,1.6751008626105517,2.319279625161138,4.2287880998282334,0.9944519199960916,2.259864534345016,6.147907672541471,0.44526297189518593,4.478434390928675,0.5706682408396064,3.4264792722349546,5.362572039925468,1.5284566984123396,6.067549061615402,0.04384595927536222,4.222578149939025,3.6349611368972115,1.9028246908888002,1.0780809254384247,3.282600570086276,2.202884985698401,0.4369669443739851,5.9212898046973725,1.3637885684789453,1.0447337671419703,5.003036373452521,1.8517507627492535,4.003861373736283,0.4152892295449374,1.6115236515260165,0.12043650456401048,0.9294572353558608,2.560766935837111,0.7772875662277611,5.151385185635621,0.19903133502026743,3.9715400588483183,2.3672433181936667,5.853247701362861,3.42775446367137,6.200554838964485,3.1503178593768744,2.437418536269074,3.3633547598185505,4.563075099933818,2.8979696490895575,4.540551827381343,3.9453898126504443,5.9637016245590875,5.076304986414238,2.9734416822377603,3.6607084339089213,3.419703569362544,5.548674143055674,3.8054468883605446,4.75858522810765,1.9633903766940968,5.953531153879759,3.2512185111119107,3.930377003875834,5.389427757546099,2.707559779693279,1.7218332034692367,-0.10769274161898494,3.170962012395302,1.5661270842009865,0.23035233189060572,1.3420615085490624,5.615712793269017,5.76632225368504,4.909100072231225,5.2587733726655275,5.098048569619937,1.186877745587314,3.4408714240691607,4.557853532356471,0.9679521760820479,5.806898796322102,3.172785277594199
0.1310000000000001,0.0357692096874769,-0.6694474939817535,5.372390700605206,3.321070753455608,4.595131899565334,3.2536749981669644,2.730461138538745,2.4163061746366195,1.8232623127996945,5.254823932338985,0.5325240291602467,0.169358518976775,1.0367657073327035,1.790142184275727,4.677327176948636,1.5993795148261734,5.2301460919005045,0.1312158671833023,4.537066867486096,4.947593275225495,0.5432877166322457,1.604971663033068,3.8669596839634783,5.497257467147845,1.678528357052193,2.2928615917847504,4.219977375685615,0.9987473021381704,2.2389215931444526,6.15749856325627,0.4353271284446917,4.4746774462806895,0.5607110389429,3.4656017662730165,5.364379025778594,1.5093794101811044,6.0860768902053515,0.021506016623823638,4.228832352187,3.597844664767499,1.878337900258713,1.0840950805036884,3.2994468320340675,2.2083892816700823,0.43673090907410195,5.917344661133469,1.3362950590194789,1.0324138133219578,4.9959005283812035,1.8749701376215144,4.012810669875535,0.38210535678556434,1.6200822612617947,0.11481178930356609,0.9179957256976237,2.575077391961811,0.7999844870255622,5.172087718365831,0.18432391490369654,3.9674327416791764,2.3759455171696184,5.874835534253194,3.4202479092623452,6.198918589779088,3.1302680902446345,2.415571334135343,3.3816822066143155,4.592276830853115,2.898606377005834,4.562699415687064,3.9546994634992787,5.952876159814863,5.085609828872284,3.006279343914961,3.662068843474604,3.4530733728267045,5.498356171321763,3.8239618687959314,4.7624030998202915,1.9594871600326607,5.957443299758349,3.2135440631677747,3.9280604964669656,5.398646939324219,2.7391945909359925,1.7135447294516464,-0.12178568332896687,3.1630038018714934,1.5865120569029099,0.23900428443168126,1.3335432348216043,5.628055072279164,5.770340735019884,4.930549902389765,5.246809241135865,5.093572257035861,1.1811125128725535,3.413678055454401,4.565852868245641,0.9752502118735277,5.809077995802836,3.17017046527458
0.1410000000000001,0.03885084684950425,-0.6634546461148112,5.384401914013309,3.320382397780068,4.6101626006752285,3.2862125256430064,2.727855001392159,2.4137003658455187,1.856923499457724,5.272249557269925,0.525211471789429,0.18228665019637613,1.0295742838243354,1.7829045195522042,4.6842433527278375,1.563190840280899,5.197724665598129,0.12204704694636476,4.518887175427287,4.9559551522252825,0.5272041654697034,1.5788025193542432,3.8983495896897917,5.4948188714859985,1.6819558514938342,2.266443558408363,4.211166651542997,1.0030426842802493,2.217978651943889,6.1670894539710694,0.4253912849941974,4.470920501632704,0.5507538370461935,3.5047242603110784,5.3661860116317195,1.4903021219498693,6.104604718795301,-0.0008339260277149298,4.235086554434975,3.5607281926377867,1.8538511096286259,1.0901092355689521,3.316293093981859,2.2138935776417634,0.4364948737742188,5.913399517569565,1.3088015495600125,1.0200938595019453,4.988764683309886,1.8981895124937753,4.021759966014786,0.3489214840261913,1.6286408709975728,0.1091870740431217,0.9065342160393866,2.5893878480865107,0.8226814078233634,5.192790251096041,0.16961649478712565,3.9633254245100344,2.38464771614557,5.896423367143527,3.4127413548533205,6.1972823405936905,3.1102183211123946,2.3937241320016116,3.4000096534100805,4.621478561772412,2.899243104922111,4.584847003992785,3.964009114348113,5.942050695070639,5.094914671330331,3.039117005592162,3.6634292530402868,3.486443176290865,5.448038199587852,3.842476849231318,4.766220971532933,1.9555839433712245,5.96135544563694,3.1758696152236388,3.9257439890580974,5.407866121102338,2.770829402178706,1.705256255434056,-0.1358786250389488,3.155045591347685,1.6068970296048333,0.2476562369727568,1.3250249610941462,5.640397351289311,5.774359216354728,4.9519997325483045,5.234845109606202,5.089095944451785,1.1753472801577929,3.3864846868396414,4.573852204134812,0.9825482476650075,5.81125719528357,3.167555652954961
0.1510000000000001,0.04197546394722099,-0.6573719592099869,5.396413127421412,3.319694042104528,4.6251933017851234,3.3187500531190484,2.7252488642455734,2.411094557054418,1.8905846861157534,5.289675182200865,0.5178989144186112,0.19521478141597726,1.0223828603159673,1.7756668548286814,4.691159528507039,1.5270021657356245,5.165303239295753,0.11287822670942713,4.500707483368479,4.96431702922507,0.511120614307161,1.5526333756754185,3.929739495416105,5.492380275824152,1.6853833459354755,2.2400255250319754,4.2023559274003786,1.0073380664223281,2.1970357107433256,6.1766803446858685,0.4154554415437032,4.467163556984718,0.5407966351494871,3.5438467543491403,5.367992997484845,1.4712248337186342,6.12313254738525,-0.023173868679253497,4.24134075668295,3.5236117205080744,1.8293643189985387,1.0961233906342158,3.3331393559296507,2.2193978736134445,0.43625883847433566,5.909454374005661,1.281308040100546,1.0077739056819328,4.981628838238568,1.9214088873660362,4.030709262154037,0.3157376112668182,1.637199480733351,0.1035623587826773,0.8950727063811494,2.6036983042112105,0.8453783286211646,5.2134927838262515,0.15490907467055476,3.9592181073408925,2.393349915121522,5.91801120003386,3.405234800444296,6.195646091408293,3.0901685519801547,2.3718769298678803,3.4183371002058456,4.6506802926917095,2.8998798328383875,4.606994592298506,3.9733187651969475,5.931225230326415,5.104219513788378,3.0719546672693627,3.6647896626059695,3.5198129797550255,5.397720227853942,3.860991829666705,4.770038843245574,1.9516807267097884,5.965267591515531,3.1381951672795028,3.923427481649229,5.417085302880458,2.8024642134214193,1.6969677814164656,-0.14997156674893072,3.1470873808238764,1.6272820023067567,0.25630818951383233,1.3165066873666882,5.6527396302994575,5.778377697689573,4.973449562706844,5.22288097807654,5.084619631867708,1.1695820474430323,3.359291318224882,4.581851540023982,0.9898462834564873,5.813436394764304,3.164940840635342
0.16100000000000012,0.04514171181431655,-0.6512037515450759,5.408424340829515,3.319005686428988,4.640224002895018,3.3512875805950904,2.7226427270989877,2.4084887482633173,1.9242458727737828,5.307100807131805,0.5105863570477935,0.20814291263557838,1.0151914368075992,1.7684291901051585,4.69807570428624,1.4908134911903501,5.132881812993377,0.1037094064724895,4.48252779130967,4.972678906224857,0.4950370631446187,1.5264642319965938,3.9611294011424185,5.489941680162305,1.6888108403771167,2.213607491655588,4.19354520325776,1.011633448564407,2.176092769542762,6.1862712354006675,0.4055195980932089,4.463406612336732,0.5308394332527806,3.582969248387202,5.369799983337971,1.452147545487399,6.141660375975199,-0.04551381133079209,4.247594958930925,3.486495248378362,1.8048775283684515,1.1021375456994795,3.3499856178774423,2.2249021695851257,0.4360228031744525,5.905509230441758,1.2538145306410797,0.9954539518619203,4.97449299316725,1.944628262238297,4.039658558293288,0.28255373850744514,1.6457580904691291,0.09793764352223291,0.8836111967229123,2.6180087603359103,0.8680752494189657,5.234195316556462,0.14020165455398387,3.9551107901717506,2.4020521140974735,5.939599032924193,3.397728246035271,6.194009842222896,3.070118782847915,2.350029727734149,3.4366645470016106,4.679882023611007,2.900516560754664,4.6291421806042266,3.982628416045782,5.920399765582191,5.113524356246424,3.1047923289465635,3.6661500721716522,3.553182783219186,5.347402256120031,3.8795068101020918,4.773856714958216,1.9477775100483523,5.969179737394121,3.1005207193353668,3.921110974240361,5.426304484658577,2.8340990246641327,1.6886793073988753,-0.16406450845891266,3.139129170300068,1.64766697500868,0.26496014205490787,1.3079884136392301,5.665081909309604,5.782396179024417,4.994899392865384,5.210916846546877,5.080143319283632,1.1638168147282717,3.332097949610122,4.589850875913153,0.9971443192479671,5.815615594245038,3.162326028315723
0.17100000000000012,0.04834824436474608,-0.6449543614220105,5.420435554237618,3.318317330753448,4.655254704004913,3.3838251080711323,2.720036589952402,2.4058829394722165,1.9579070594318122,5.324526432062745,0.5032737996769758,0.2210710438551795,1.008000013299231,1.7611915253816357,4.704991880065442,1.4546248166450757,5.100460386691001,0.09454058623555187,4.464348099250862,4.981040783224644,0.47895351198207636,1.500295088317769,3.992519306868732,5.487503084500458,1.692238334818758,2.1871894582792004,4.184734479115142,1.0159288307064858,2.1551498283421986,6.1958621261154665,0.39558375464271467,4.459649667688747,0.5208822313560741,3.622091742425264,5.371606969191096,1.433070257256164,6.160188204565149,-0.06785375398233069,4.2538491611789,3.4493787762486496,1.7803907377383643,1.1081517007647432,3.366831879825234,2.2304064655568068,0.4357867678745694,5.901564086877854,1.2263210211816133,0.9831339980419078,4.967357148095933,1.967847637110558,4.0486078544325395,0.2493698657480721,1.6543167002049073,0.09231292826178852,0.8721496870646752,2.63231921646061,0.8907721702167669,5.254897849286672,0.12549423443741298,3.9510034730026087,2.4107543130734252,5.9611868658145255,3.3902216916262464,6.192373593037499,3.050069013715675,2.328182525600418,3.4549919937973756,4.709083754530304,2.901153288670941,4.6512897689099475,3.9919380668946163,5.909574300837967,5.122829198704471,3.1376299906237644,3.667510481737335,3.5865525866833465,5.29708428438612,3.8980217905374785,4.777674586670857,1.9438742933869162,5.973091883272712,3.062846271391231,3.9187944668314927,5.435523666436697,2.865733835906846,1.680390833381285,-0.1781574501688946,3.1311709597762594,1.6680519477106035,0.2736120945959834,1.299470139911772,5.677424188319751,5.786414660359261,5.016349223023924,5.198952715017215,5.075667006699556,1.158051582013511,3.3049045809953626,4.5978502118023235,1.0044423550394461,5.817794793725772,3.159711215996104
0.18100000000000013,0.05159371822479525,-0.638628148655162,5.432446767645721,3.317628975077908,4.670285405114808,3.4163626355471743,2.717430452805816,2.403277130681116,1.9915682460898416,5.341952056993685,0.49596124230615846,0.23399917507478063,1.000808589790863,1.7539538606581129,4.711908055844643,1.4184361420998013,5.068038960388625,0.08537176599861424,4.4461684071920535,4.989402660224432,0.462869960819534,1.4741259446389443,4.023909212595042,5.485064488838612,1.6956658292603992,2.160771424902813,4.175923754972524,1.0202242128485646,2.134206887141635,6.2054530168302655,0.3856479111922204,4.455892723040761,0.5109250294593677,3.661214236463326,5.373413955044222,1.4139929690249289,6.178716033155098,-0.0901936966338693,4.260103363426875,3.4122623041189373,1.7559039471082771,1.114165855830007,3.3836781417730255,2.235910761528488,0.43555073257468624,5.89761894331395,1.198827511722147,0.9708140442218953,4.960221303024615,1.9910670119828189,4.057557150571791,0.2161859929886993,1.6628753099406854,0.08668821300134413,0.8606881774064381,2.64662967258531,0.9134690910145681,5.275600382016882,0.11078681432084209,3.9468961558334668,2.419456512049377,5.9827746987048585,3.3827151372172217,6.190737343852102,3.030019244583435,2.3063353234666866,3.4733194405931407,4.738285485449601,2.9017900165872175,4.673437357215668,4.001247717743451,5.898748836093743,5.132134041162518,3.170467652300965,3.6688708913030177,3.619922390147507,5.246766312652209,3.9165367709728653,4.781492458383498,1.93997107672548,5.977004029151303,3.025171823447095,3.9164779594226244,5.444742848214816,2.8973686471495594,1.6721023593636946,-0.19225039187887652,3.123212749252451,1.688436920412527,0.28226404713705894,1.290951866184314,5.689766467329898,5.7904331416941055,5.0377990531824635,5.186988583487552,5.071190694115479,1.1522863492987505,3.277711212380603,4.605849547691494,1.0117403908309248,5.819973993206506,3.157096403676485
0.19100000000000014,0.054876792140659963,-0.6322294953326136,5.444457981053824,3.3169406194023683,4.685316106224703,3.4489001630232163,2.7148243156592304,2.400671321890015,2.0252294327478726,5.3593776819246255,0.4886486849353413,0.24692730629438175,0.9936171662824959,1.74671619593459,4.718824231623844,1.3822474675545269,5.035617534086249,0.0762029457616766,4.427988715133245,4.997764537224219,0.4467864096569917,1.4479568009601196,4.055299118321351,5.482625893176765,1.6990933237020405,2.1343533915264254,4.167113030829905,1.0245195949906434,2.1132639459410716,6.2150439075450645,0.37571206774172616,4.452135778392775,0.5009678275626612,3.700336730501388,5.375220940897347,1.3949156807936938,6.197243861745047,-0.1125336392854079,4.26635756567485,3.375145831989225,1.73141715647819,1.1201800108952706,3.400524403720817,2.241415057500169,0.4353146972748031,5.893673799750046,1.1713340022626806,0.9584940904018828,4.953085457953297,2.0142863868550784,4.066506446711042,0.18300212022932652,1.6714339196764636,0.08106349774089974,0.849226667748201,2.66094012871001,0.9361660118123692,5.296302914747092,0.0960793942042712,3.942788838664325,2.4281587110253287,6.004362531595191,3.375208582808197,6.189101094666705,3.009969475451195,2.2844881213329553,3.4916468873889057,4.767487216368898,2.902426744503494,4.695584945521389,4.010557368592285,5.887923371349519,5.141438883620564,3.203305313978166,3.6702313008687004,3.6532921936116676,5.196448340918298,3.935051751408252,4.78531033009614,1.936067860064044,5.980916175029893,2.987497375502959,3.914161452013756,5.453962029992936,2.929003458392273,1.6638138853461042,-0.20634333358885845,3.1152545387286423,1.7088218931144503,0.2909159996781345,1.282433592456856,5.702108746340045,5.79445162302895,5.059248883341003,5.175024451957889,5.066714381531403,1.14652111658399,3.2505178437658433,4.613848883580665,1.0190384266224035,5.8221531926872405,3.154481591356866
0.20100000000000015,0.058196126167230744,-0.6257628058867954,5.456469194461927,3.3162522637268284,4.700346807334598,3.4814376904992583,2.7122181785126447,2.3980655130989144,2.0588906194059042,5.376803306855566,0.48133612756452415,0.2598554375139829,0.9864257427741289,1.7394785312110672,4.725740407403046,1.3460587930092525,5.003196107783873,0.06703412552473897,4.409809023074437,5.006126414224006,0.43070285849444934,1.4217876572812949,4.08668902404766,5.480187297514918,1.7025208181436817,2.107935358150038,4.158302306687287,1.0288149771327222,2.092321004740508,6.2246347982598635,0.3657762242912319,4.44837883374479,0.4910106256659553,3.73945922453945,5.377027926750473,1.3758383925624587,6.215771690334996,-0.13487358193694649,4.272611767922825,3.3380293598595125,1.7069303658481028,1.1261941659605343,3.4173706656686087,2.24691935347185,0.43507866197491996,5.889728656186143,1.1438404928032142,0.9461741365818703,4.9459496128819795,2.037505761727337,4.075455742850293,0.14981824746995373,1.6799925294122418,0.07543878248045535,0.8377651580899639,2.6752505848347097,0.9588629326101704,5.317005447477302,0.0813719740877003,3.938681521495183,2.4368609100012804,6.025950364485524,3.3677020283991723,6.1874648454813075,2.9899197063189553,2.262640919199224,3.5099743341846708,4.796688947288195,2.903063472419771,4.71773253382711,4.0198670194411195,5.877097906605295,5.150743726078611,3.236142975655367,3.671591710434383,3.686661997075828,5.146130369184387,3.953566731843639,4.789128201808781,1.9321646434026079,5.984828320908484,2.949822927558823,3.911844944604888,5.463181211771055,2.960638269634986,1.6555254113285138,-0.22043627529884038,3.107296328204834,1.7292068658163737,0.29956795221921,1.273915318729398,5.714451025350192,5.798470104363794,5.080698713499543,5.163060320428227,5.062238068947327,1.1407558838692293,3.2233244751510837,4.621848219469835,1.0263364624138822,5.824332392167975,3.1518667790372468
0.21100000000000016,0.06155038064512448,-0.6192325065108389,5.46848040787003,3.3155639080512884,4.715377508444493,3.5139752179753003,2.709612041366059,2.3954597043078136,2.092551806063936,5.394228931786506,0.474023570193707,0.272783568733584,0.9792343192657619,1.7322408664875444,4.732656583182247,1.309870118463978,4.9707746814814975,0.057865305287801386,4.391629331015628,5.014488291223794,0.414619307331907,1.3956185136024701,4.118078929773969,5.477748701853072,1.705948312585323,2.0815173247736505,4.149491582544669,1.033110359274801,2.0713780635399446,6.234225688974663,0.35584038084073766,4.444621889096804,0.4810534237692494,3.7785817185775117,5.378834912603598,1.3567611043312235,6.234299518924946,-0.1572135245884851,4.2788659701708,3.3009128877298,1.6824435752180156,1.132208321025798,3.4342169276164003,2.2524236494435312,0.4348426266750368,5.885783512622239,1.1163469833437478,0.9338541827618578,4.938813767810662,2.0607251365995958,4.084405038989544,0.11663437471058094,1.68855113914802,0.06981406722001096,0.8263036484317268,2.6895610409594095,0.9815598534079716,5.3377079802075125,0.06666455397112941,3.934574204326041,2.445563108977232,6.047538197375857,3.3601954739901476,6.18582859629591,2.9698699371867154,2.240793717065493,3.528301780980436,4.825890678207492,2.9037002003360475,4.739880122132831,4.029176670289954,5.866272441861071,5.1600485685366575,3.2689806373325676,3.672952120000066,3.7200318005399886,5.0958123974504765,3.9720817122790257,4.792946073521422,1.9282614267411717,5.988740466787075,2.912148479614687,3.9095284371960197,5.472400393549175,2.9922730808776996,1.6472369373109235,-0.23452921700882232,3.0993381176810253,1.7495918385182971,0.30821990476028555,1.2653970450019398,5.7267933043603385,5.802488585698638,5.102148543658083,5.151096188898564,5.05776175636325,1.1349906511544687,3.196131106536324,4.629847555359006,1.033634498205361,5.826511591648709,3.1492519667176277
0.22100000000000017,0.06493821497433831,-0.6126430439571854,5.480491621278133,3.3148755523757485,4.730408209554388,3.5465127454513423,2.707005904219473,2.392853895516713,2.1262129927219675,5.411654556717446,0.46671101282288985,0.2857116999531851,0.9720428957573949,1.7250032017640216,4.739572758961448,1.2736814439187036,4.938353255179122,0.048696485050863825,4.37344963895682,5.022850168223581,0.39853575616936465,1.3694493699236454,4.149468835500278,5.475310106191225,1.7093758070269642,2.055099291397263,4.1406808584020505,1.0374057414168798,2.050435122339381,6.243816579689462,0.3459045373902434,4.440864944448818,0.4710962218725435,3.8177042126155736,5.380641898456724,1.3376838160999884,6.252827347514895,-0.1795534672400237,4.285120172418775,3.263796415600088,1.6579567845879284,1.1382224760910618,3.451063189564192,2.2579279454152124,0.4346065913751537,5.881838369058335,1.0888534738842814,0.9215342289418453,4.931677922739344,2.0839445114718544,4.0933543351287955,0.08345050195120815,1.697109748883798,0.06418935195956657,0.8148421387734897,2.7038714970841093,1.0042567742057726,5.358410512937723,0.051957133854558524,3.930466887156899,2.4542653079531838,6.06912603026619,3.352688919581123,6.184192347110513,2.9498201680544756,2.2189465149317615,3.546629227776201,4.855092409126789,2.904336928252324,4.762027710438552,4.038486321138788,5.855446977116847,5.169353410994704,3.3018182990097684,3.6743125295657486,3.753401604004149,5.045494425716566,3.9905966927144125,4.796763945234064,1.9243582100797356,5.992652612665665,2.874474031670551,3.9072119297871515,5.4816195753272945,3.023907892120413,1.638948463293333,-0.24862215871880425,3.0913799071572168,1.7699768112202205,0.3168718573013611,1.2568787712744818,5.739135583370485,5.806507067033483,5.123598373816622,5.139132057368902,5.053285443779174,1.1292254184397081,3.1689377379215644,4.637846891248176,1.0409325339968396,5.828690791129443,3.1466371543980087
0.23100000000000018,0.068358286194212,-0.6059988837554249,5.492502834686236,3.3141871967002086,4.745438910664283,3.5790502729273843,2.7043997670728874,2.390248086725612,2.159874179379999,5.429080181648386,0.4593984554520727,0.29863983117278625,0.9648514722490279,1.7177655370404987,4.74648893474065,1.2374927693734292,4.905931828876746,0.039527664813926264,4.355269946898011,5.031212045223368,0.3824522050068223,1.3432802262448207,4.1808587412265865,5.472871510529378,1.7128033014686055,2.0286812580208755,4.131870134259432,1.0417011235589586,2.0294921811388176,6.253407470404261,0.33596869393974915,4.4371079998008325,0.4611390199758376,3.8568267066536355,5.3824488843098495,1.3186065278687533,6.271355176104844,-0.2018934098915623,4.29137437466675,3.2266799434703755,1.6334699939578412,1.1442366311563255,3.4679094515119835,2.2634322413868935,0.43437055607527053,5.877893225494431,1.061359964424815,0.9092142751218328,4.924542077668026,2.107163886344113,4.102303631268047,0.05026662919183536,1.7056683586195762,0.05856463669912213,0.8033806291152525,2.718181953208809,1.0269536950035727,5.379113045667933,0.03724971373798763,3.926359569987757,2.4629675069291355,6.090713863156523,3.345182365172098,6.182556097925116,2.9297703989222357,2.1970993127980303,3.564956674571966,4.884294140046086,2.904973656168601,4.784175298744273,4.047795971987623,5.844621512372623,5.178658253452751,3.3346559606869692,3.6756729391314313,3.7867714074683096,4.995176453982655,4.009111673149797,4.800581816946705,1.9204549934182995,5.996564758544256,2.836799583726415,3.9048954223782832,5.490838757105414,3.0555427033631264,1.6306599892757427,-0.26271510042878593,3.0834216966334083,1.790361783922144,0.3255238098424366,1.2483604975470237,5.751477862380632,5.810525548368327,5.145048203975162,5.127167925839239,5.048809131195098,1.1234601857249475,3.141744369306805,4.645846227137347,1.0482305697883183,5.830869990610177,3.1440223420783897
0.2410000000000002,0.07180924738065428,-0.5993045078869114,5.504514048094339,3.3134988410246686,4.760469611774178,3.6115878004034263,2.7017936299263017,2.3876422779345114,2.193535366038031,5.446505806579326,0.45208589808125554,0.3115679623923874,0.9576600487406609,1.710527872316976,4.753405110519851,1.2013040948281548,4.87351040257437,0.030358844576988703,4.337090254839203,5.0395739222231555,0.36636865384427997,1.317111082565996,4.2122486469528955,5.470432914867532,1.7162307959102467,2.002263224644488,4.123059410116814,1.0459965057010374,2.008549239938254,6.26299836111906,0.3260328504892549,4.433351055152847,0.4511818180791317,3.8959492006916974,5.384255870162975,1.2995292396375182,6.2898830046947936,-0.2242333525431009,4.297628576914725,3.189563471340663,1.608983203327754,1.1502507862215892,3.484755713459775,2.2689365373585746,0.4341345207753874,5.873948081930528,1.0338664549653487,0.8968943213018203,4.917406232596709,2.130383261216372,4.111252927407298,0.01708275643246257,1.7142269683553544,0.05293992143867767,0.7919191194570154,2.732492409333509,1.0496506158013728,5.399815578398143,0.022542293621416742,3.9222522528186152,2.471669705905087,6.112301696046856,3.3376758107630735,6.180919848739719,2.909720629789996,2.175252110664299,3.583284121367731,4.9134958709653835,2.9056103840848775,4.806322887049994,4.057105622836457,5.8337960476283985,5.187963095910797,3.36749362236417,3.677033348697114,3.82014121093247,4.944858482248744,4.0276266535851795,4.8043996886593465,1.9165517767568634,6.000476904422847,2.799125135782279,3.902578914969415,5.500057938883534,3.08717751460584,1.6223715152581524,-0.2768080421387676,3.0754634861095997,1.8107467566240674,0.33417576238351215,1.2398422238195657,5.763820141390779,5.814544029703171,5.166498034133702,5.1152037943095765,5.0443328186110215,1.117694953010187,3.114551000692045,4.653845563026517,1.055528605579797,5.833049190090911,3.1414075297587707
0.25100000000000017,0.0752897458728127,-0.5925644119543703,5.516525261502442,3.3128104853491287,4.7755003128840725,3.6441253278794683,2.699187492779716,2.3850364691434107,2.2271965526960624,5.463931431510266,0.4447733407104384,0.3244960936119885,0.9504686252322939,1.703290207593453,4.760321286299052,1.1651154202828804,4.841088976271994,0.021190024340051142,4.3189105627803945,5.047935799222943,0.3502851026817376,1.2909419388871712,4.243638552679204,5.467994319205685,1.719658290351888,1.9758451912681005,4.114248685974196,1.0502918878431162,1.9876062987376906,6.272589251833859,0.31609700703876065,4.429594110504861,0.4412246161824258,3.9350716947297593,5.386062856016101,1.280451951406283,6.308410833284743,-0.2465732951946395,4.3038827791627,3.1524469992109507,1.5844964126976668,1.1562649412868529,3.5016019754075667,2.2744408333302557,0.43389848547550425,5.870002938366624,1.0063729455058823,0.8845743674818078,4.910270387525391,2.1536026360886305,4.120202223546549,-0.016101116326910234,1.7227855780911325,0.04731520617823321,0.7804576097987783,2.746802865458209,1.0723475365991728,5.420518111128353,0.007834873504845852,3.9181449356494733,2.480371904881039,6.133889528937189,3.330169256354049,6.179283599554322,2.889670860657756,2.1534049085305678,3.601611568163496,4.942697601884681,2.906247112001154,4.828470475355715,4.066415273685291,5.8229705828841745,5.197267938368844,3.400331284041371,3.678393758262797,3.8535110143966307,4.894540510514833,4.046141634020562,4.808217560371988,1.9126485600954273,6.004389050301437,2.761450687838143,3.9002624075605468,5.509277120661653,3.118812325848553,1.614083041240562,-0.29090098384874924,3.0675052755857912,1.8311317293259908,0.3428277149245877,1.2313239500921076,5.776162420400926,5.8185625110380155,5.187947864292242,5.103239662779914,5.039856506026945,1.1119297202954264,3.0873576320772855,4.661844898915688,1.0628266413712757,5.835228389571645,3.1387927174391517
0.2610000000000002,0.07879842134252964,-0.5857831018854672,5.528536474910545,3.3121221296735888,4.790531013993967,3.6766628553555103,2.69658135563313,2.38243066035231,2.260857739354094,5.481357056441206,0.43746078333962124,0.3374242248315896,0.9432772017239269,1.6960525428699302,4.767237462078254,1.128926745737606,4.808667549969618,0.012021204103113574,4.300730870721586,5.05629767622273,0.3342015515191953,1.2647727952083465,4.275028458405513,5.465555723543838,1.7230857847935293,1.949427157891713,4.105437961831577,1.054587269985195,1.966663357537127,6.282180142548658,0.3061611635882664,4.425837165856875,0.4312674142857199,3.974194188767821,5.387869841869226,1.261374663175048,6.326938661874692,-0.2689132378461781,4.310136981410675,3.1153305270812384,1.5600096220675796,1.1622790963521166,3.5184482373553583,2.279945129301937,0.4336624501756211,5.86605779480272,0.9788794360464159,0.8722544136617953,4.903134542454073,2.176822010960889,4.1291515196858,-0.049284989086283024,1.7313441878269107,0.04169049091778875,0.7689961001405412,2.7611133215829087,1.0950444573969729,5.441220643858563,-0.006872546611725042,3.9140376184803314,2.4890741038569906,6.155477361827522,3.322662701945024,6.177647350368924,2.869621091525516,2.1315577063968365,3.619939014959261,4.971899332803978,2.906883839917431,4.850618063661436,4.075724924534126,5.81214511813995,5.206572780826891,3.4331689457185717,3.6797541678284795,3.886880817860791,4.844222538780922,4.064656614455944,4.812035432084629,1.9087453434339912,6.008301196180028,2.723776239894007,3.8979459001516785,5.518496302439773,3.1504471370912666,1.6057945672229716,-0.3049939255587309,3.0595470650619827,1.8515167020279142,0.3514796674656632,1.2228056763646495,5.788504699411073,5.82258099237286,5.209397694450781,5.091275531250251,5.035380193442869,1.1061644875806658,3.060164263462526,4.6698442348048586,1.0701246771627544,5.837407589052379,3.1361779051195326
0.2710000000000002,0.08233390372101869,-0.5789650902100413,5.5405476883186475,3.311433773998049,4.805561715103862,3.7092003828315523,2.6939752184865444,2.3798248515612093,2.2945189260121257,5.4987826813721465,0.4301482259688041,0.35035235605119075,0.9360857782155599,1.6888148781464074,4.774153637857455,1.0927380711923316,4.776246123667242,0.0028523838661759955,4.282551178662778,5.064659553222517,0.31811800035665294,1.2386036515295218,4.306418364131822,5.463117127881992,1.7265132792351705,1.9230091245153256,4.096627237688959,1.0588826521272738,1.9457204163365636,6.291771033263457,0.29622532013777214,4.42208022120889,0.421310212389014,4.013316682805882,5.389676827722352,1.2422973749438129,6.345466490464641,-0.2912531804977167,4.31639118365865,3.078214054951526,1.5355228314374925,1.1682932514173803,3.53529449930315,2.285449425273618,0.43342641487573796,5.862112651238816,0.9513859265869495,0.8599344598417829,4.895998697382756,2.200041385833148,4.138100815825052,-0.08246886184565581,1.7399027975626888,0.03606577565734429,0.7575345904823041,2.7754237777076085,1.117741378194773,5.4619231765887735,-0.021579966728295933,3.9099303013111895,2.4977763028329423,6.177065194717855,3.3151561475359994,6.176011101183527,2.849571322393276,2.1097105042631052,3.638266461755026,5.001101063723275,2.9075205678337075,4.872765651967157,4.08503457538296,5.801319653395726,5.215877623284937,3.4660066073957725,3.6811145773941623,3.9202506213249517,4.7939045670470115,4.0831715948913265,4.815853303797271,1.904842126772555,6.012213342058619,2.686101791949871,3.8956293927428103,5.527715484217892,3.18208194833398,1.5975060932053813,-0.31908686726871255,3.051588854538174,1.8719016747298376,0.36013162000673876,1.2142874026371915,5.8008469784212195,5.826599473707704,5.230847524609321,5.079311399720589,5.0309038808587925,1.1003992548659052,3.0329708948477663,4.677843570694029,1.077422712954233,5.839586788533113,3.1335630927999136
0.2810000000000002,0.08589481099821115,-0.572114891951421,5.5525589017267505,3.310745418322509,4.820592416213757,3.7417379103075943,2.6913690813399587,2.3772190427701085,2.3281801126701573,5.516208306303087,0.42283566859798694,0.3632804872707919,0.928894354707193,1.6815772134228846,4.781069813636656,1.0565493966470572,4.743824697364866,-0.006316436370761582,4.264371486603969,5.073021430222305,0.3020344491941106,1.212434507850697,4.337808269858131,5.460678532220145,1.7299407736768118,1.896591091138938,4.087816513546341,1.0631780342693526,1.924777475136,6.301361923978256,0.2862894766872779,4.418323276560904,0.4113530104923081,4.052439176843939,5.391483813575477,1.2232200867125778,6.363994319054591,-0.3135931231492553,4.322645385906625,3.0410975828218136,1.5110360408074053,1.174307406482644,3.5521407612509415,2.290953721245299,0.4331903795758548,5.858167507674913,0.9238924171274832,0.8476145060217704,4.888862852311438,2.2232607607054065,4.147050111964303,-0.1156527346050286,1.748461407298467,0.03044106039689983,0.746073080824067,2.7897342338323083,1.140438298992573,5.482625709318984,-0.03628738684486683,3.9058229841420475,2.506478501808894,6.198653027608188,3.3076495931269747,6.17437485199813,2.8295215532610363,2.087863302129374,3.656593908550791,5.030302794642572,2.908157295749984,4.894913240272878,4.094344226231795,5.790494188651502,5.225182465742984,3.4988442690729733,3.682474986959845,3.9536204247891122,4.743586595313101,4.101686575326709,4.819671175509912,1.900938910111119,6.0161254879372095,2.648427344005735,3.893312885333942,5.536934665996012,3.2137167595766933,1.589217619187791,-0.3331798089786942,3.0436306440143657,1.892286647431761,0.3687835725478143,1.2057691289097334,5.813189257431366,5.830617955042548,5.252297354767861,5.067347268190926,5.026427568274716,1.0946340221511446,3.0057775262330066,4.6858429065832,1.0847207487457118,5.841765988013847,3.1309482804802946
0.2910000000000002,0.08947974691114179,-0.5652370201728917,5.5645701151348534,3.310057062646969,4.835623117323652,3.7742754377836363,2.688762944193373,2.374613233979008,2.361841299328189,5.533633931234027,0.4155231112271698,0.376208618490393,0.921702931198826,1.6743395486993617,4.787985989415858,1.0203607221017827,4.7114032710624905,-0.01548525660769916,4.246191794545161,5.081383307222092,0.28595089803156826,1.1862653641718723,4.36919817558444,5.458239936558298,1.733368268118453,1.8701730577625506,4.079005789403722,1.0674734164114315,1.9038345339354366,6.310952814693055,0.27635363323678364,4.414566331912918,0.4013958085956022,4.091561670881997,5.393290799428603,1.2041427984813426,6.38252214764454,-0.3359330658007939,4.3288995881546,3.0039811106921013,1.486549250177318,1.1803215615479077,3.568987023198733,2.29645801721698,0.4329543442759717,5.854222364111009,0.8963989076680168,0.8352945522017579,4.88172700724012,2.246480135577665,4.155999408103554,-0.1488366073644014,1.7570200170342452,0.02481634513645537,0.7346115711658299,2.804044689957008,1.163135219790373,5.503328242049194,-0.05099480696143772,3.9017156669729056,2.5151807007848457,6.220240860498521,3.30014303871795,6.172738602812733,2.8094717841287964,2.0660160999956427,3.674921355346556,5.059504525561869,2.908794023666261,4.917060828578599,4.103653877080629,5.779668723907278,5.234487308201031,3.531681930750174,3.6838353965255277,3.9869902282532728,4.69326862357919,4.120201555762091,4.823489047222553,1.8970356934496828,6.0200376338158,2.610752896061599,3.890996377925074,5.546153847774131,3.2453515708194067,1.5809291451702006,-0.34727275068867586,3.035672433490557,1.9126716201336844,0.37743552508888983,1.1972508551822754,5.825531536441513,5.834636436377393,5.273747184926401,5.055383136661264,5.02195125569064,1.088868789436384,2.978584157618247,4.69384224247237,1.0920187845371905,5.843945187494581,3.1283334681606756
0.3010000000000002,0.0930872985385704,-0.5583359812209021,5.576581328542956,3.309368706971429,4.850653818433547,3.8068129652596783,2.686156807046787,2.372007425187907,2.3955024859862206,5.551059556164967,0.40821055385635263,0.3891367497099941,0.914511507690459,1.667101883975839,4.794902165195059,0.9841720475565083,4.678981844760115,-0.024654076844636722,4.228012102486352,5.089745184221879,0.2698673468690259,1.1600962204930476,4.400588081310749,5.455801340896452,1.7367957625600943,1.8437550243861631,4.070195065261104,1.0717687985535103,1.882891592734873,6.320543705407854,0.2664177897862894,4.4108093872649325,0.3914386066988963,4.130684164920054,5.395097785281728,1.1850655102501075,6.401049976234489,-0.3582730084523325,4.335153790402575,2.966864638562389,1.462062459547231,1.1863357166131714,3.5858332851465247,2.3019623131886613,0.43271830897608854,5.850277220547105,0.8689053982085504,0.8229745983817454,4.8745911621688025,2.269699510449924,4.164948704242805,-0.1820204801237742,1.7655786267700233,0.01919162987601091,0.7231500615075928,2.818355146081708,1.185832140588173,5.524030774779404,-0.06570222707800862,3.8976083498037637,2.5238828997607974,6.241828693388854,3.2926364843089253,6.171102353627336,2.7894220149965565,2.0441688978619115,3.693248802142321,5.088706256481166,2.9094307515825375,4.93920841688432,4.112963527929463,5.768843259163054,5.243792150659077,3.564519592427375,3.6851958060912104,4.020360031717436,4.642950651845279,4.138716536197474,4.827306918935195,1.8931324767882467,6.023949779694391,2.573078448117463,3.8886798705162056,5.555373029552251,3.27698638206212,1.5726406711526102,-0.3613656923986575,3.0277142229667486,1.9330565928356078,0.38608747762996537,1.1887325814548173,5.83787381545166,5.838654917712237,5.29519701508494,5.043419005131601,5.0174749431065635,1.0831035567216234,2.9513907890034874,4.701841578361541,1.0993168203286692,5.8461243869753154,3.1257186558410566
0.3110000000000002,0.09671603381975226,-0.5514162697069992,5.588592541951059,3.308680351295889,4.865684519543442,3.8393504927357203,2.6835506699002014,2.3694016163968064,2.4291636726442523,5.568485181095907,0.4008979964855355,0.40206488092959525,0.907320084182092,1.659864219252316,4.80181834097426,0.9479833730112339,4.646560418457739,-0.03382289708157429,4.209832410427544,5.098107061221667,0.2537837957064836,1.133927076814223,4.431977987037058,5.453362745234605,1.7402232570017355,1.8173369910097756,4.061384341118486,1.076064180695589,1.8619486515343096,6.330134596122653,0.25648194633579513,4.407052442616947,0.3814814048021904,4.1698066589581115,5.396904771134854,1.1659882220188724,6.4195778048244385,-0.3806129511038711,4.34140799265055,2.9297481664326765,1.4375756689171437,1.192349871678435,3.6026795470943163,2.3074666091603424,0.4324822736762054,5.8463320769832015,0.841411888749084,0.8106546445617329,4.867455317097485,2.2929188853221825,4.1738980003820565,-0.215204352883147,1.7741372365058015,0.013566914615566451,0.7116885518493556,2.832665602206408,1.2085290613859732,5.544733307509614,-0.0804096471945795,3.8935010326346218,2.532585098736749,6.263416526279187,3.2851299298999006,6.1694661044419385,2.7693722458643166,2.02232169572818,3.711576248938086,5.117907987400463,2.910067479498814,4.961356005190041,4.122273178778298,5.75801779441883,5.253096993117124,3.5973572541045757,3.686556215656893,4.053729835181601,4.592632680111368,4.157231516632856,4.831124790647836,1.8892292601268106,6.0278619255729815,2.535404000173327,3.8863633631073373,5.56459221133037,3.3086211933048335,1.5643521971350198,-0.37545863410863917,3.01975601244294,1.9534415655375312,0.3947394301710409,1.1802143077273592,5.850216094461807,5.842673399047081,5.31664684524348,5.031454873601938,5.012998630522487,1.0773383240068628,2.9241974203887278,4.709840914250711,1.1066148561201479,5.8483035864560495,3.1231038435214376
0.32100000000000023,0.10036449901587649,-0.5444823632707062,5.600603755359162,3.307991995620349,4.880715220653337,3.8718880202117623,2.6809445327536157,2.3667958076057056,2.462824859302284,5.585910806026847,0.3935854391147183,0.41499301214919637,0.900128660673725,1.6526265545287933,4.808734516753462,0.9117946984659595,4.614138992155363,-0.04299171731851185,4.1916527183687355,5.106468938221454,0.23770024454394123,1.1077579331353982,4.463367892763367,5.450924149572758,1.7436507514433768,1.7909189576333882,4.0525736169758675,1.0803595628376679,1.841005710333746,6.339725486837452,0.24654610288530088,4.403295497968961,0.3715242029054845,4.208929152996169,5.3987117569879794,1.1469109337876373,6.438105633414388,-0.4029528937554097,4.3476621948985255,2.892631694302964,1.4130888782870565,1.1983640267436988,3.619525809042108,2.3129709051320235,0.43224623837632226,5.842386933419298,0.8139183792896176,0.7983346907417204,4.860319472026167,2.316138260194441,4.182847296521308,-0.24838822564251978,1.7826958462415796,0.007942199355121991,0.7002270421911185,2.8469760583311077,1.2312259821837732,5.565435840239824,-0.0951170673111504,3.88939371546548,2.541287297712701,6.28500435916952,3.277623375490876,6.167829855256541,2.7493224767320767,2.000474493594449,3.729903695733851,5.1471097183197605,2.910704207415091,4.983503593495762,4.131582829627132,5.747192329674606,5.2624018355751705,3.6301949157817766,3.687916625222576,4.087099638645766,4.542314708377457,4.175746497068238,4.834942662360477,1.8853260434653745,6.031774071451572,2.497729552229191,3.884046855698469,5.57381139310849,3.340256004547547,1.5560637231174295,-0.3895515758186208,3.0117978019191316,1.9738265382394546,0.40339138271211644,1.1716960339999012,5.862558373471954,5.846691880381925,5.33809667540202,5.019490742072276,5.008522317938411,1.0715730912921022,2.897004051773968,4.717840250139882,1.1139128919116266,5.850482785936784,3.1204890312018185
0.33100000000000024,0.10403121613317816,-0.5375387171655821,5.612614968767265,3.3073036399448092,4.895745921763232,3.9044255476878043,2.67833839560703,2.364189998814605,2.4964860459603155,5.603336430957787,0.3862728817439012,0.4279211433687975,0.892937237165358,1.6453888898052704,4.815650692532663,0.8756060239206851,4.581717565852987,-0.05216053755544941,4.173473026309927,5.114830815221241,0.2216166933813989,1.0815887894565734,4.494757798489676,5.448485553910912,1.747078245885018,1.7645009242570007,4.043762892833249,1.0846549449797467,1.8200627691331825,6.349316377552251,0.23661025943480662,4.399538553320975,0.3615670010087786,4.248051647034226,5.400518742841105,1.1278336455564022,6.456633462004337,-0.4252928364069483,4.3539163971465005,2.855515222173252,1.3886020876569694,1.2043781818089625,3.6363720709898995,2.3184752011037046,0.4320102030764391,5.838441789855394,0.7864248698301513,0.7860147369217079,4.853183626954849,2.3393576350667,4.191796592660559,-0.28157209840189285,1.7912544559773578,0.00231748409467754,0.6887655325328814,2.8612865144558075,1.2539229029815733,5.5861383729700345,-0.10982448742772129,3.885286398296338,2.5499894966886525,6.306592192059853,3.270116821081851,6.166193606071144,2.729272707599837,1.9786272914607177,3.748231142529616,5.176311449239058,2.9113409353313675,5.005651181801483,4.140892480475967,5.736366864930382,5.271706678033217,3.6630325774589774,3.6892770347882586,4.120469442109931,4.4919967366435465,4.194261477503621,4.838760534073119,1.8814228268039384,6.035686217330163,2.460055104285055,3.881730348289601,5.583030574886609,3.3718908157902603,1.547775249099839,-0.4036445175286025,3.003839591395323,1.994211510941378,0.412043335253192,1.1631777602724431,5.874900652482101,5.85071036171677,5.35954650556056,5.007526610542613,5.0040460053543345,1.0658078585773416,2.8698106831592085,4.7258395860290525,1.1212109277031053,5.852661985417518,3.1178742188821995
0.34100000000000025,0.10771468032709172,-0.5305897587105318,5.624626182175368,3.3066152842692693,4.910776622873127,3.9369630751638462,2.675732258460444,2.361584190023504,2.530147232618347,5.6207620558887275,0.378960324373084,0.4408492745883986,0.885745813656991,1.6381512250817476,4.822566868311864,0.8394173493754107,4.549296139550611,-0.06132935779238697,4.155293334251119,5.1231926922210285,0.20553314221885655,1.0554196457777487,4.526147704215985,5.446046958249065,1.7505057403266593,1.7380828908806132,4.034952168690631,1.0889503271218255,1.799119827932619,6.35890726826705,0.22667441598431237,4.39578160867299,0.3516097991120727,4.287174141072284,5.4023257286942306,1.108756357325167,6.475161290594286,-0.4476327790584869,4.3601705993944755,2.8183987500435395,1.3641152970268822,1.2103923368742262,3.653218332937691,2.3239794970753858,0.431774167776556,5.83449664629149,0.7589313603706849,0.7736947831016954,4.846047781883532,2.3625770099389585,4.20074588879981,-0.3147559711612659,1.799813065713136,-0.003307231165766913,0.6773040228746443,2.8755969705805073,1.2766198237793733,5.606840905700245,-0.12453190754429218,3.881179081127196,2.558691695664604,6.328180024950186,3.2626102666728265,6.164557356885747,2.709222938467597,1.9567800893269864,3.7665585893253812,5.205513180158355,2.911977663247644,5.0277987701072036,4.150202131324801,5.725541400186158,5.281011520491264,3.695870239136178,3.6906374443539414,4.153839245574096,4.441678764909636,4.212776457939003,4.84257840578576,1.8775196101425022,6.0395983632087535,2.422380656340919,3.8794138408807326,5.592249756664729,3.4035256270329737,1.5394867750822487,-0.41773745923858413,2.9958813808715146,2.0145964836433015,0.4206952877942675,1.154659486544985,5.887242931492247,5.854728843051614,5.380996335719099,4.995562479012951,4.999569692770258,1.060042625862581,2.842617314544449,4.733838921918223,1.128508963494584,5.854841184898252,3.1152594065625805
0.35100000000000026,0.11141335730705208,-0.5236398816480219,5.636637395583471,3.3059269285937294,4.925807323983022,3.9695006026398882,2.6731261213138584,2.3589783812324034,2.563808419276379,5.638187680819668,0.37164776700226687,0.45377740580799975,0.878554390148624,1.6309135603582248,4.829483044091066,0.8032286748301363,4.516874713248235,-0.07049817802932459,4.13711364219231,5.131554569220816,0.1894495910563142,1.029250502098924,4.557537609942294,5.443608362587218,1.7539332347683005,1.7116648575042257,4.026141444548013,1.0932457092639043,1.7781768867320555,6.368498158981849,0.21673857253381812,4.392024664025004,0.3416525972153668,4.326296635110341,5.404132714547356,1.089679069093932,6.493689119184236,-0.4699727217100255,4.3664248016424505,2.781282277913827,1.339628506396795,1.21640649193949,3.6700645948854826,2.329483793047067,0.43153813247667283,5.8305515027275865,0.7314378509112185,0.7613748292816829,4.838911936812214,2.385796384811217,4.209695184939061,-0.347939843920639,1.808371675448914,-0.008931946426211366,0.6658425132164072,2.889907426705207,1.2993167445771734,5.627543438430455,-0.13923932766086308,3.877071763958054,2.567393894640556,6.349767857840519,3.255103712263802,6.16292110770035,2.689173169335357,1.9349328871932552,3.7848860361211463,5.234714911077652,2.912614391163921,5.0499463584129245,4.159511782173635,5.714715935441934,5.29031636294931,3.728707900813379,3.691997853919624,4.187209049038261,4.391360793175725,4.231291438374385,4.8463962774984015,1.8736163934810661,6.043510509087344,2.384706208396783,3.8770973334718644,5.601468938442848,3.435160438275687,1.5311983010646584,-0.4318304009485658,2.987923170347706,2.034981456345225,0.42934724033534305,1.146141212817527,5.899585210502394,5.858747324386458,5.402446165877639,4.983598347483288,4.995093380186182,1.0542773931478204,2.8154239459296893,4.741838257807394,1.1358069992860627,5.857020384378986,3.1126445942429615
0.36100000000000027,0.11512568076165632,-0.5166934404502318,5.648648608991574,3.3052385729181895,4.9408380250929165,4.00203813011593,2.6705199841672727,2.3563725724413027,2.5974696059344105,5.655613305750608,0.3643352096314497,0.46670553702760087,0.871362966640257,1.623675895634702,4.836399219870267,0.7670400002848619,4.484453286945859,-0.07966699826626222,4.118933950133502,5.139916446220603,0.17336603989377186,1.0030813584200993,4.588927515668603,5.441169766925372,1.7573607292099418,1.6852468241278382,4.017330720405394,1.097541091405983,1.757233945531492,6.378089049696648,0.20680272908332387,4.388267719377018,0.3316953953186609,4.365419129148399,5.405939700400482,1.0706017808626969,6.512216947774185,-0.4923126643615641,4.3726790038904255,2.7441658057841147,1.3151417157667078,1.2224206470047536,3.6869108568332742,2.334988089018748,0.4313020971767897,5.826606359163683,0.7039443414517521,0.7490548754616704,4.831776091740896,2.409015759683476,4.218644481078313,-0.38112371668001205,1.8169302851846922,-0.014556661686655826,0.6543810035581701,2.904217882829907,1.3220136653749734,5.648245971160665,-0.15394674777743397,3.872964446788912,2.5760960936165076,6.3713556907308515,3.247597157854777,6.161284858514953,2.6691234002031172,1.913085685059524,3.8032134829169113,5.263916641996949,2.9132511190801975,5.072093946718645,4.16882143302247,5.70389047069771,5.299621205407357,3.76154556249058,3.693358263485307,4.220578852502426,4.341042821441814,4.249806418809768,4.850214149211043,1.86971317681963,6.047422654965935,2.347031760452647,3.874780826062996,5.610688120220968,3.4667952495184005,1.522909827047068,-0.44592334265854744,2.9799649598238975,2.0553664290471483,0.4379991928764186,1.137622939090069,5.911927489512541,5.862765805721303,5.423895996036179,4.9716342159536255,4.9906170676021055,1.0485121604330598,2.7882305773149296,4.749837593696564,1.1431050350775414,5.85919958385972,3.1100297819233425
0.3710000000000003,0.11885004982387809,-0.509754744613276,5.660659822399677,3.3045502172426495,4.955868726202811,4.034575657591977,2.667913847020687,2.353766763650202,2.631130792592442,5.673038930681548,0.35702265226063257,0.479633668247202,0.86417154313189,1.616438230911179,4.843315395649468,0.7308513257395874,4.452031860643483,-0.08883581850319985,4.100754258074693,5.14827832322039,0.15728248873122952,0.9769122147412755,4.620317421394912,5.438731171263525,1.760788223651583,1.6588287907514507,4.008519996262776,1.101836473548062,1.7362910043309285,6.387679940411447,0.1968668856328296,4.384510774729033,0.321738193421955,4.404541623186456,5.407746686253607,1.0515244926314617,6.530744776364134,-0.5146526070131023,4.3789332061384005,2.7070493336544024,1.2906549251366206,1.2284348020700173,3.703757118781066,2.340492384990429,0.43106606187690655,5.822661215599779,0.6764508319922857,0.7367349216416579,4.824640246669579,2.4322351345557345,4.227593777217564,-0.4143075894393851,1.8254888949204704,-0.020181376947100284,0.642919493899933,2.918528338954607,1.3447105861727735,5.668948503890875,-0.16865416789400486,3.8688571296197702,2.5847982925924593,6.3929435236211845,3.2400906034457524,6.1596486093295555,2.6490736310708773,1.8912384829257927,3.8215409297126763,5.293118372916246,2.913887846996474,5.094241535024366,4.178131083871304,5.6930650059534855,5.308926047865404,3.7943832241677806,3.6947186730509896,4.253948655966591,4.290724849707903,4.26832139924515,4.854032020923684,1.865809960158194,6.051334800844526,2.309357312508511,3.872464318654128,5.6199073019990875,3.498430060761114,1.5146213530294776,-0.4600162843685291,2.972006749300089,2.0757514017490717,0.4466511454174941,1.129104665362611,5.924269768522688,5.866784287056147,5.4453458261947185,4.959670084423963,4.986140755018029,1.0427469277182992,2.76103720870017,4.757836929585735,1.15040307086902,5.861378783340454,3.1074149696037234
0.3810000000000003,0.1225848265958776,-0.502828052978525,5.67267103580778,3.3038618615671096,4.970899427312706,4.067113185068023,2.665307709874101,2.3511609548591013,2.6647919792504737,5.690464555612488,0.3497100948898154,0.4925617994668031,0.856980119623523,1.6092005661876563,4.85023157142867,0.694662651194313,4.419610434341108,-0.09800463874013748,4.082574566015885,5.156640200220178,0.14119893756868718,0.9507430710624519,4.651707327121221,5.436292575601678,1.7642157180932243,1.6324107573750632,3.9997092721201573,1.1061318556901407,1.715348063130365,6.397270831126246,0.18693104218233536,4.380753830081047,0.3117809915252491,4.443664117224514,5.409553672106733,1.0324472044002266,6.5492726049540835,-0.5369925496646404,4.3851874083863756,2.66993286152469,1.2661681345065334,1.234448957135281,3.7206033807288574,2.3459966809621102,0.4308300265770234,5.818716072035875,0.6489573225328193,0.7244149678216454,4.817504401598261,2.455454509427993,4.236543073356815,-0.4474914621987582,1.8340475046562486,-0.025806092207544745,0.6314579842416959,2.9328387950793067,1.3674075069705736,5.689651036621085,-0.18336158801057575,3.8647498124506283,2.593500491568411,6.414531356511517,3.2325840490367277,6.158012360144158,2.6290238619386375,1.8693912807920614,3.8398683765084414,5.322320103835543,2.914524574912751,5.116389123330087,4.187440734720139,5.6822395412092614,5.31823089032345,3.8272208858449814,3.6960790826166723,4.287318459430756,4.240406877973992,4.286836379680532,4.857849892636326,1.8619067434967578,6.055246946723116,2.271682864564375,3.8701478112452596,5.629126483777207,3.5300648720038272,1.5063328790118873,-0.47410922607851075,2.9640485387762805,2.096136374450995,0.45530309795856966,1.1205863916351528,5.936612047532835,5.870802768390991,5.466795656353258,4.9477059528943,4.981664442433953,1.0369816950035387,2.7338438400854104,4.765836265474905,1.1577011066604987,5.863557982821188,3.1048001572841044
0.3910000000000003,0.12632833375267297,-0.4959175681186975,5.684682249215883,3.3031735058915697,4.985930128422601,4.0996507125440695,2.6627015727275154,2.3485551460680005,2.6984531659085054,5.707890180543428,0.34239753751899826,0.5054899306864045,0.8497886961151561,1.6019629014641334,4.857147747207871,0.6584739766490386,4.387189008038732,-0.10717345897707511,4.0643948739570765,5.165002077219965,0.12511538640614484,0.9245739273836283,4.68309723284753,5.4338539799398315,1.7676432125348656,1.6059927239986758,3.9908985479775345,1.1104272378322195,1.6944051219298015,6.406861721841045,0.1769951987318411,4.376996885433061,0.30182378962854317,4.482786611262571,5.411360657959858,1.0133699161689915,6.567800433544033,-0.5593324923161784,4.391441610634351,2.6328163893949776,1.2416813438764462,1.2404631122005447,3.737449642676649,2.3515009769337913,0.43059399127714026,5.8147709284719715,0.621463813073353,0.7120950140016329,4.810368556526943,2.478673884300252,4.245492369496066,-0.48067533495813125,1.8426061143920267,-0.0314308074679892,0.6199964745834587,2.9471492512040065,1.3901044277683736,5.7103535693512955,-0.19806900812714665,3.8606424952814864,2.6022026905443627,6.43611918940185,3.225077494627703,6.156376110958761,2.6089740928063976,1.8475440786583301,3.8581958233042064,5.35152183475484,2.9151613028290275,5.138536711635808,4.196750385568973,5.671414076465037,5.327535732781497,3.8600585475221822,3.697439492182355,4.320688262894921,4.1900889062400815,4.305351360115915,4.861667764348967,1.8580035268353217,6.059159092601707,2.234008416620239,3.8678313038363914,5.638345665555327,3.5616996832465406,1.498044404994297,-0.4882021677884924,2.956090328252472,2.1165213471529185,0.4639550504996452,1.1120681179076948,5.948954326542982,5.874821249725835,5.488245486511798,4.935741821364638,4.977188129849877,1.031216462288778,2.7066504714706507,4.773835601364076,1.1649991424519774,5.865737182301922,3.1021853449644854
0.4010000000000003,0.13007885224353835,-0.48902743082481054,5.696693462623986,3.3024851502160297,5.000960829532496,4.132188240020116,2.6600954355809296,2.3459493372769,2.732114352566537,5.725315805474368,0.3350849801481811,0.5184180619060061,0.8425972726067891,1.5947252367406106,4.864063922987072,0.6222853021037642,4.354767581736356,-0.11634227921401274,4.046215181898268,5.173363954219752,0.10903183524360249,0.8984047837048047,4.714487138573839,5.431415384277985,1.7710707069765068,1.5795746906222883,3.9820878238349118,1.1147226199742983,1.673462180729238,6.416452612555844,0.16705935528134686,4.3732399407850755,0.29186658773183727,4.521909105300629,5.413167643812984,0.9942926279377561,6.586328262133982,-0.5816724349677165,4.397695812882326,2.5956999172652653,1.217194553246359,1.2464772672658084,3.7542959046244406,2.3570052729054725,0.4303579559772571,5.810825784908068,0.5939703036138866,0.6997750601816204,4.8032327114556255,2.5018932591725105,4.2544416656353174,-0.513859207717504,1.8511647241278049,-0.03705552272843366,0.6085349649252216,2.9614597073287063,1.4128013485661737,5.731056102081506,-0.21277642824371754,3.8565351781123445,2.6109048895203144,6.457707022292183,3.2175709402186783,6.154739861773364,2.5889243236741577,1.8256968765245989,3.8765232700999714,5.3807235656741375,2.915798030745304,5.160684299941529,4.206060036417807,5.660588611720813,5.336840575239544,3.892896209199383,3.6987999017480377,4.3540580663590855,4.139770934506171,4.323866340551297,4.865485636061608,1.8541003101738855,6.063071238480298,2.196333968676103,3.865514796427523,5.647564847333446,3.593334494489254,1.4897559309767066,-0.5022951094984741,2.9481321177286635,2.136906319854842,0.47260700304072073,1.1035498441802367,5.9612966055531285,5.87883973106068,5.509695316670338,4.923777689834975,4.9727118172658,1.0254512295740175,2.679457102855891,4.7818349372532465,1.1722971782434561,5.867916381782656,3.0995705326448664
0.4110000000000003,0.13383461910947544,-0.4821617147282852,5.708704676032089,3.30179679454049,5.015991530642391,4.164725767496162,2.657489298434344,2.343343528485799,2.7657755392245686,5.742741430405308,0.32777242277736396,0.5313461931256078,0.8354058490984221,1.5874875720170878,4.870980098766274,0.5860966275584898,4.32234615543398,-0.12551109945095038,4.02803548983946,5.18172583121954,0.09294828408106015,0.8722356400259811,4.745877044300148,5.428976788616138,1.774498201418148,1.5531566572459008,3.973277099692289,1.1190180021163771,1.6525192395286745,6.426043503270643,0.1571235118308526,4.36948299613709,0.28190938583513137,4.561031599338686,5.414974629666109,0.9752153397065199,6.604856090723931,-0.6040123776192545,4.403950015130301,2.558583445135553,1.1927077626162719,1.2524914223310721,3.7711421665722322,2.3625095688771536,0.430121920677374,5.806880641344164,0.5664767941544202,0.6874551063616079,4.796096866384308,2.525112634044769,4.263390961774569,-0.5470430804768766,1.859723333863583,-0.04268023798887812,0.5970734552669845,2.975770163453406,1.4354982693639737,5.751758634811716,-0.22748384836028843,3.8524278609432026,2.619607088496266,6.479294855182516,3.2100643858096536,6.153103612587967,2.568874554541918,1.8038496743908676,3.8948507168957365,5.409925296593435,2.916434758661581,5.18283188824725,4.215369687266642,5.649763146976589,5.34614541769759,3.925733870876584,3.7001603113137205,4.3874278698232505,4.08945296277226,4.3423813209866795,4.86930350777425,1.8501970935124494,6.066983384358888,2.158659520731967,3.863198289018655,5.656784029111566,3.6249693057319674,1.4814674569591162,-0.5163880512084563,2.940173907204855,2.1572912925567653,0.48125895558179627,1.0950315704527787,5.973638884563275,5.882858212395524,5.5311451468288775,4.911813558305313,4.968235504681724,1.0196859968592569,2.6522637342411315,4.789834273142417,1.1795952140349348,5.87009558126339,3.0969557203252474
0.4210000000000003,0.13759382543447016,-0.47532442109050665,5.720715889440192,3.30110843886495,5.031022231752286,4.197263294972209,2.654883161287758,2.3407377196946983,2.7994367258826003,5.7601670553362485,0.3204598654065468,0.5442743243452095,0.8282144255900551,1.580249907293565,4.877896274545475,0.5499079530132154,4.289924729131604,-0.13467991968788787,4.009855797780651,5.190087708219327,0.07686473291851781,0.8460664963471575,4.777266950026457,5.4265381929542915,1.7779256958597893,1.5267386238695133,3.9644663755496663,1.123313384258456,1.631576298328111,6.435634393985442,0.14718766838035835,4.365726051489104,0.27195218393842546,4.6001540933767435,5.416781615519235,0.9561380514752836,6.623383919313881,-0.6263523202707926,4.410204217378276,2.5214669730058406,1.1682209719861847,1.2585055773963358,3.787988428520024,2.3680138648488347,0.42988588537749084,5.80293549778026,0.5389832846949538,0.6751351525415954,4.78896102131299,2.548332008917028,4.27234025791382,-0.5802269532362491,1.8682819435993612,-0.04830495324932258,0.5856119456087474,2.990080619578106,1.4581951901617738,5.772461167541926,-0.24219126847685932,3.8483205437740606,2.628309287472218,6.500882688072849,3.202557831400629,6.15146736340257,2.548824785409678,1.7820024722571364,3.9131781636915015,5.439127027512732,2.9170714865778575,5.204979476552971,4.224679338115476,5.638937682232365,5.355450260155637,3.9585715325537847,3.701520720879403,4.4207976732874155,4.039134991038349,4.360896301422062,4.873121379486891,1.8462938768510133,6.070895530237479,2.120985072787831,3.8608817816097867,5.666003210889685,3.656604116974681,1.4731789829415258,-0.5304809929184385,2.9322156966810464,2.1776762652586887,0.4899109081228718,1.0865132967253206,5.985981163573422,5.886876693730368,5.552594976987417,4.89984942677565,4.963759192097648,1.0139207641444963,2.625070365626372,4.797833609031588,1.1868932498264135,5.8722747807441245,3.0943409080056283
0.4310000000000003,0.14135461444750766,-0.4685194737899666,5.732727102848295,3.30042008318941,5.046052932862181,4.229800822448255,2.6522770241411724,2.3381319109035976,2.833097912540632,5.777592680267189,0.31314730803572965,0.5572024555648112,0.8210230020816881,1.5730122425700421,4.884812450324676,0.513719278467941,4.257503302829228,-0.14384873992482536,3.991676105721843,5.198449585219114,0.060781181755975466,0.8198973526683339,4.808656855752766,5.424099597292445,1.7813531903014306,1.5003205904931258,3.9556556514070436,1.1276087664005348,1.6106333571275475,6.445225284700241,0.1372518249298641,4.361969106841118,0.26199498204171956,4.639276587414801,5.4185886013723605,0.9370607632440474,6.64191174790383,-0.6486922629223306,4.416458419626251,2.484350500876128,1.1437341813560975,1.2645197324615995,3.8048346904678154,2.373518160820516,0.4296498500776077,5.798990354216357,0.5114897752354874,0.6628151987215829,4.781825176241672,2.5715513837892865,4.281289554053071,-0.6134108259956216,1.8768405533351393,-0.05392966850976704,0.5741504359505103,3.004391075702806,1.4808921109595738,5.793163700272136,-0.25689868859343024,3.8442132266049187,2.6370114864481695,6.522470520963182,3.195051276991604,6.149831114217172,2.528775016277438,1.7601552701234051,3.9315056104872665,5.468328758432029,2.917708214494134,5.227127064858692,4.2339889889643105,5.628112217488141,5.3647551026136835,3.9914091942309855,3.702881130445086,4.45416747675158,3.988817019304438,4.379411281857444,4.876939251199532,1.8423906601895772,6.07480767611607,2.083310624843695,3.8585652742009184,5.675222392667805,3.688238928217394,1.4648905089239355,-0.5445739346284207,2.924257486157238,2.198061237960612,0.49856286066394734,1.0779950229978625,5.998323442583569,5.8908951750652125,5.574044807145957,4.8878852952459875,4.959282879513571,1.0081555314297357,2.5978769970116122,4.805832944920758,1.1941912856178922,5.8744539802248585,3.0917260956860093
0.44100000000000034,0.14511507979147567,-0.4617507145347894,5.744738316256398,3.29973172751387,5.061083633972076,4.262338349924302,2.6496708869945866,2.335526102112497,2.8667590991986636,5.795018305198129,0.3058347506649125,0.5701305867844129,0.8138315785733211,1.5657745778465193,4.891728626103878,0.47753060392266694,4.225081876526852,-0.15301756016176285,3.9734964136630344,5.2068114622189015,0.044697630593433124,0.7937282089895102,4.8400467614790745,5.421661001630598,1.7847806847430718,1.4739025571167383,3.946844927264421,1.1319041485426136,1.589690415926984,6.45481617541504,0.12731598147936984,4.358212162193133,0.25203778014501366,4.678399081452858,5.420395587225486,0.9179834750128112,6.660439576493779,-0.6710322055738687,4.422712621874226,2.447234028746416,1.1192473907260103,1.2705338875268632,3.821680952415607,2.379022456792197,0.42941381477772456,5.795045210652453,0.48399626577602073,0.6504952449015704,4.774689331170355,2.594770758661545,4.290238850192322,-0.6465946987549941,1.8853991630709175,-0.0595543837702115,0.5626889262922732,3.0187015318275057,1.503589031757374,5.813866233002346,-0.2716061087100011,3.840105909435777,2.645713685424121,6.544058353853515,3.1875447225825795,6.148194865031775,2.508725247145198,1.7383080679896739,3.9498330572830316,5.497530489351326,2.918344942410411,5.249274653164413,4.243298639813145,5.617286752743917,5.37405994507173,4.024246855908187,3.7042415400107687,4.487537280215745,3.9384990475705273,4.397926262292827,4.880757122912174,1.838487443528141,6.07871982199466,2.045636176899559,3.85624876679205,5.684441574445924,3.7198737394601076,1.456602034906345,-0.558666876338403,2.9162992756334294,2.2184462106625356,0.5072148132050229,1.0694767492704045,6.010665721593716,5.894913656400057,5.595494637304497,4.875921163716325,4.954806566929495,1.002390298714975,2.5706836283968526,4.813832280809929,1.201489321409371,5.876633179705593,3.0891112833663903
0.45100000000000035,0.14887326397415393,-0.4550218983259764,5.756749529664501,3.29904337183833,5.076114335081971,4.294875877400348,2.647064749848001,2.332920293321396,2.900420285856695,5.812443930129069,0.29852219329409535,0.5830587180040145,0.8066401550649541,1.5585369131229965,4.898644801883079,0.4413419293773931,4.192660450224476,-0.16218638039870034,3.955316721604226,5.215173339218689,0.028614079430890782,0.7675590653106866,4.8714366672053835,5.4192224059687515,1.788208179184713,1.4474845237403509,3.938034203121798,1.1361995306846924,1.5687474747264205,6.464407066129839,0.11738013802887559,4.354455217545147,0.24208057824830753,4.717521575490916,5.422202573078612,0.898906186781575,6.678967405083728,-0.6933721482254067,4.428966824122201,2.4101175566167035,1.0947606000959231,1.276548042592127,3.8385272143633986,2.384526752763878,0.4291777794778414,5.791100067088549,0.4565027563165538,0.6381752910815579,4.767553486099037,2.617990133533804,4.2991881463315735,-0.6797785715143666,1.8939577728066956,-0.06517909903065593,0.5512274166340361,3.0330119879522055,1.526285952555174,5.8345687657325565,-0.286313528826572,3.835998592266635,2.654415884400073,6.565646186743848,3.180038168173555,6.146558615846378,2.4886754780129583,1.7164608658559426,3.9681605040787966,5.526732220270623,2.9189816703266875,5.271422241470134,4.252608290661979,5.606461287999693,5.383364787529777,4.057084517585388,3.7056019495764514,4.52090708367991,3.8881810758366164,4.416441242728209,4.884574994624815,1.834584226866705,6.082631967873251,2.007961728955423,3.853932259383182,5.693660756224044,3.751508550702821,1.4483135608887547,-0.5727598180483852,2.908341065109621,2.238831183364459,0.5158667657460985,1.0609584755429464,6.023008000603863,5.898932137734901,5.616944467463036,4.863957032186662,4.950330254345419,0.9966250660002138,2.543490259782093,4.821831616699099,1.2087873572008496,5.878812379186327,3.0864964710467713
0.46100000000000035,0.15262715701547347,-0.44833668919413533,5.768760743072604,3.29835501616279,5.0911450361918655,4.327413404876395,2.644458612701415,2.3303144845302954,2.934081472514727,5.829869555060009,0.2912096359232782,0.5959868492236162,0.7994487315565871,1.5512992483994736,4.90556097766228,0.4051532548321192,4.1602390239221005,-0.17135520063563783,3.9371370295454176,5.223535216218476,0.01253052826834844,0.741389921631863,4.902826572931692,5.416783810306905,1.7916356736263543,1.4210664903639634,3.9292234789791753,1.1404949128267712,1.547804533525857,6.473997956844638,0.10744429457838134,4.350698272897161,0.23212337635160135,4.756644069528973,5.424009558931737,0.8798288985503387,6.697495233673678,-0.7157120908769448,4.435221026370176,2.373001084486991,1.070273809465836,1.2825621976573907,3.85537347631119,2.390031048735559,0.4289417441779583,5.787154923524645,0.42900924685708686,0.6258553372615454,4.760417641027719,2.6412095084060625,4.308137442470825,-0.7129624442737391,1.9025163825424738,-0.07080381429110032,0.539765906975799,3.0473224440769053,1.548982873352974,5.855271298462767,-0.3010209489431429,3.831891275097493,2.6631180833760246,6.587234019634181,3.17253161376453,6.144922366660981,2.4686257088807184,1.6946136637222113,3.9864879508745616,5.55593395118992,2.919618398242964,5.293569829775855,4.261917941510814,5.595635823255469,5.392669629987823,4.089922179262588,3.706962359142134,4.554276887144075,3.8378631041027056,4.434956223163591,4.8883928663374565,1.8306810102052689,6.086544113751842,1.970287281011287,3.8516157519743137,5.702879938002163,3.7831433619455344,1.4400250868711644,-0.5868527597583674,2.9003828545858124,2.2592161560663824,0.524518718287174,1.0524402018154884,6.0353502796140095,5.902950619069745,5.638394297621576,4.851992900657,4.945853941761342,0.9908598332854521,2.5162968911673333,4.82983095258827,1.2160853929923283,5.880991578667061,3.0838816587271523
0.47100000000000036,0.1563746953041373,-0.4416986562298155,5.780771956480707,3.29766666048725,5.10617573730176,4.359950932352441,2.6418524755548294,2.3277086757391947,2.9677426591727585,5.847295179990949,0.28389707855246105,0.6089149804432179,0.7922573080482201,1.5440615836759508,4.912477153441482,0.36896458028684537,4.127817597619725,-0.18052402087257532,3.918957337486609,5.231897093218263,-0.0035530228941939024,0.7152207779530394,4.934216478658001,5.414345214645058,1.7950631680679956,1.394648456987576,3.9204127548365526,1.14479029496885,1.5268615923252935,6.483588847559437,0.09750845112788709,4.346941328249176,0.22216617445489517,4.795766563567031,5.425816544784863,0.8607516103191025,6.716023062263627,-0.7380520335284828,4.441475228618151,2.3358846123572787,1.0457870188357488,1.2885763527226544,3.872219738258982,2.3955353447072403,0.42870570887807513,5.783209779960742,0.4015157373976199,0.6135353834415329,4.7532817959564015,2.664428883278321,4.317086738610076,-0.7461463170331116,1.911074992278252,-0.07642852955154471,0.5283043973175618,3.061632900201605,1.571679794150774,5.875973831192977,-0.3157283690597138,3.827783957928351,2.6718202823519763,6.608821852524514,3.1650250593555054,6.143286117475584,2.4485759397484785,1.67276646158848,4.004815397670328,5.585135682109217,2.920255126159241,5.315717418081576,4.271227592359648,5.584810358511245,5.40197447244587,4.122759840939789,3.708322768707817,4.58764669060824,3.7875451323687948,4.453471203598974,4.892210738050098,1.8267777935438327,6.090456259630432,1.932612833067151,3.8492992445654455,5.712099119780283,3.8147781731882477,1.431736612853574,-0.6009457014683496,2.892424644062004,2.279601128768306,0.5331706708282495,1.0439219280880303,6.047692558624156,5.90696910040459,5.659844127780116,4.840028769127337,4.941377629177266,0.9850946005706904,2.4891035225525737,4.8378302884774405,1.223383428783807,5.883170778147795,3.0812668464075332
0.48100000000000037,0.16011376067554242,-0.43511126992486565,5.79278316988881,3.2969783048117103,5.121206438411655,4.3924884598284875,2.6392463384082436,2.325102866948094,3.00140384583079,5.864720804921889,0.2765845211816439,0.6218431116628196,0.7850658845398532,1.536823918952428,4.919393329220683,0.3327759057415715,4.095396171317349,-0.18969284110951282,3.9007776454278007,5.240258970218051,-0.019636574056736245,0.6890516342742158,4.96560638438431,5.4119066189832115,1.7984906625096369,1.3682304236111884,3.91160203069393,1.1490856771109288,1.50591865112473,6.493179738274236,0.08757260767739283,4.34318438360119,0.212208972558189,4.834889057605088,5.427623530637988,0.8416743220878663,6.734550890853576,-0.7603919761800209,4.447729430866126,2.2987681402275664,1.0213002282056616,1.294590507787918,3.8890660002067734,2.4010396406789214,0.428469673578192,5.779264636396838,0.374022227938153,0.6012154296215204,4.746145950885084,2.68764825815058,4.326036034749327,-0.7793301897924841,1.91963360201403,-0.0820532448119891,0.5168428876593247,3.075943356326305,1.5943767149485741,5.896676363923187,-0.3304357891762847,3.823676640759209,2.680522481327928,6.630409685414847,3.1575185049464807,6.1416498682901866,2.4285261706162387,1.6509192594547488,4.023142844466097,5.614337413028514,2.9208918540755175,5.337865006387297,4.2805372432084825,5.573984893767021,5.411279314903917,4.15559750261699,3.7096831782734996,4.621016494072405,3.737227160634884,4.471986184034356,4.896028609762739,1.8228745768823966,6.094368405509023,1.894938385123015,3.8469827371565772,5.721318301558402,3.846412984430961,1.4234481388359836,-0.6150386431783318,2.8844664335381953,2.299986101470229,0.5418226233693251,1.0354036543605722,6.060034837634303,5.910987581739434,5.681293957938656,4.828064637597675,4.93690131659319,0.9793293678559287,2.461910153937814,4.845829624366611,1.2306814645752857,5.885349977628529,3.078652034087914
0.4910000000000004,0.16384217972173512,-0.4285778988395093,5.804794383296913,3.2962899491361703,5.13623713952155,4.425025987304534,2.636640201261658,2.3224970581569933,3.0350650324888218,5.882146429852829,0.26927196381082674,0.6347712428824213,0.7778744610314862,1.5295862542289052,4.926309504999884,0.29658723119629765,4.062974745014973,-0.1988616613464503,3.8825979533689923,5.248620847217838,-0.03572012521927859,0.6628824905953922,4.996996290110619,5.409468023321365,1.801918156951278,1.341812390234801,3.902791306551307,1.1533810592530076,1.4849757099241665,6.502770628989035,0.07763676422689858,4.339427438953204,0.2022517706614828,4.874011551643146,5.429430516491114,0.8225970338566301,6.753078719443526,-0.7827319188315589,4.453983633114101,2.261651668097854,0.9968134375755744,1.3006046628531818,3.905912262154565,2.4065439366506025,0.42823363827830885,5.775319492832934,0.34652871847868605,0.5888954758015079,4.739010105813766,2.7108676330228385,4.334985330888578,-0.8125140625518567,1.9281922117498083,-0.08767796007243349,0.5053813780010876,3.090253812451005,1.6170736357463742,5.917378896653397,-0.3451432092928556,3.819569323590067,2.6892246803038797,6.65199751830518,3.150011950537456,6.140013619104789,2.4084764014839988,1.6290720573210176,4.0414702912618665,5.6435391439478115,2.921528581991794,5.360012594693018,4.289846894057317,5.563159429022797,5.420584157361963,4.188435164294191,3.7110435878391823,4.65438629753657,3.686909188900973,4.490501164469738,4.899846481475381,1.8189713602209605,6.098280551387614,1.857263937178879,3.844666229747709,5.730537483336522,3.8780477956736745,1.4151596648183933,-0.629131584888314,2.876508223014387,2.3203710741721526,0.5504745759104006,1.0268853806331142,6.07237711664445,5.915006063074278,5.702743788097195,4.816100506068012,4.932425004009113,0.973564135141167,2.4347167853230545,4.853828960255782,1.2379795003667644,5.887529177109263,3.076037221768295
0.5010000000000003,0.16755772334288166,-0.42210180660710855,5.816805596705016,3.2956015934606304,5.151267840631445,4.45756351478058,2.634034064115072,2.3198912493658925,3.0687262191468534,5.89957205478377,0.2619594064400096,0.6476993741020229,0.7706830375231192,1.5223485895053823,4.933225680779086,0.2603985566510238,4.030553318712597,-0.2080304815833878,3.864418261310184,5.256982724217625,-0.05180367638182093,0.6367133469165686,5.028386195836928,5.407029427659518,1.8053456513929194,1.3153943568584134,3.8939805824086844,1.1576764413950864,1.464032768723603,6.512361519703834,0.06770092077640433,4.3356704943052184,0.19229456876477663,4.913134045681203,5.431237502344239,0.8035197456253939,6.771606548033475,-0.805071861483097,4.460237835362076,2.2245351959681416,0.9723266469454872,1.3066188179184455,3.9227585241023566,2.4120482326222836,0.4279976029784257,5.77137434926903,0.3190352090192191,0.5765755219814954,4.731874260742448,2.734087007895097,4.34393462702783,-0.8456979353112292,1.9367508214855864,-0.09330267533287788,0.4939198683428505,3.1045642685757047,1.6397705565441743,5.938081429383607,-0.35985062940942647,3.8154620064209253,2.6979268792798314,6.673585351195513,3.1425053961284313,6.138377369919392,2.388426632351759,1.6072248551872863,4.059797738057636,5.672740874867109,2.922165309908071,5.382160182998739,4.299156544906151,5.5523339642785725,5.42988899982001,4.221272825971392,3.712403997404865,4.687756101000735,3.6365912171670622,4.509016144905121,4.903664353188022,1.8150681435595244,6.102192697266204,1.819589489234743,3.8423497223388408,5.739756665114641,3.909682606916388,1.406871190800803,-0.6432245265982962,2.8685500124905783,2.340756046874076,0.5591265284514761,1.0183671069056561,6.084719395654597,5.9190245444091225,5.724193618255735,4.804136374538349,4.927948691425037,0.9677989024264053,2.407523416708295,4.861828296144952,1.245277536158243,5.889708376589997,3.073422409448676
0.5110000000000003,0.17125810654845047,-0.4156861492859019,5.828816810113119,3.2949132377850905,5.16629854174134,4.490101042256627,2.6314279269684864,2.317285440574792,3.102387405804885,5.91699767971471,0.25464684906919244,0.6606275053216246,0.7634916140147522,1.5151109247818595,4.940141856558287,0.2242098821057497,3.9981318924102207,-0.2171993018203253,3.8462385692513754,5.2653446012174125,-0.06788722754436327,0.6105442032377449,5.059776101563237,5.404590831997671,1.8087731458345606,1.288976323482026,3.8851698582660616,1.1619718235371652,1.4430898275230395,6.521952410418633,0.057765077325910075,4.331913549657233,0.18233736686807045,4.952256539719261,5.433044488197365,0.7844424573941576,6.790134376623424,-0.827411804134635,4.466492037610051,2.1874187238384293,0.9478398563154,1.3126329729837092,3.939604786050148,2.4175525285939647,0.42776156767854256,5.767429205705127,0.2915416995597522,0.5642555681614829,4.724738415671131,2.757306382767356,4.352883923167081,-0.8788818080706017,1.9453094312213646,-0.09892739059332227,0.4824583586846134,3.1188747247004045,1.6624674773419743,5.9587839621138174,-0.37455804952599736,3.8113546892517833,2.706629078255783,6.695173184085846,3.1349988417194066,6.136741120733995,2.368376863219519,1.585377653053555,4.0781251848534055,5.701942605786406,2.9228020378243476,5.40430777130446,4.308466195754986,5.541508499534348,5.439193842278057,4.2541104876485925,3.7137644069705478,4.7211259044649,3.5862732454331514,4.527531125340503,4.907482224900663,1.8111649268980883,6.106104843144795,1.781915041290607,3.8400332149299725,5.748975846892761,3.9413174181591013,1.3985827167832126,-0.6573174683082784,2.8605918019667698,2.3611410195759994,0.5677784809925517,1.009848833178198,6.097061674664744,5.923043025743967,5.745643448414275,4.792172243008687,4.923472378840961,0.9620336697116436,2.380330048093535,4.869827632034123,1.2525755719497218,5.891887576070731,3.070807597129057
0.5210000000000004,0.17494098851499573,-0.4093339730643597,5.8408280235212215,3.2942248821095506,5.181329242851235,4.522638569732673,2.6288217898219006,2.314679631783691,3.1360485924629167,5.93442330464565,0.24733429169837529,0.6735556365412263,0.7563001905063852,1.5078732600583367,4.947058032337488,0.18802120756047558,3.9657104661078404,-0.22636812205726278,3.828058877192567,5.2737064782172,-0.08397077870690561,0.5843750595589213,5.091166007289546,5.402152236335825,1.8122006402762019,1.2625582901056385,3.876359134123439,1.166267205679244,1.422146886322476,6.531543301133432,0.04782923387541582,4.328156605009247,0.17238016497136427,4.991379033757318,5.4348514740504905,0.7653651691629214,6.808662205213373,-0.849751746786173,4.472746239858026,2.150302251708717,0.9233530656853128,1.3186471280489729,3.95645104799794,2.423056824565646,0.4275255323786594,5.763484062141223,0.26404819010028524,0.5519356143414704,4.717602570599813,2.7805257576396145,4.361833219306332,-0.9120656808299742,1.9538680409571427,-0.10455210585376666,0.4709968490263763,3.1331851808251043,1.6851643981397744,5.979486494844028,-0.38926546964256825,3.8072473720826414,2.715331277231735,6.716761016976179,3.127492287310382,6.135104871548598,2.348327094087279,1.5635304509198238,4.096452631649175,5.731144336705703,2.9234387657406242,5.4264553596101806,4.31777584660382,5.530683034790124,5.448498684736103,4.286948149325793,3.7151248165362305,4.754495707929065,3.5359552736992406,4.546046105775885,4.911300096613305,1.8072617102366522,6.110016989023386,1.744240593346471,3.8377167075211043,5.7581950286708805,3.9729522294018147,1.3902942427656222,-0.6714104100182606,2.8526335914429612,2.381525992277923,0.5764304335336272,1.00133055945074,6.1094039536748905,5.927061507078811,5.767093278572815,4.780208111479024,4.918996066256884,0.9562684369968819,2.3531366794787756,4.877826967923293,1.2598736077412005,5.894066775551465,3.068192784809438
0.5310000000000004,0.17860397290611058,-0.4030482123242515,5.8528392369293245,3.2935365264340106,5.19635994396113,4.55517609720872,2.626215652675315,2.3120738229925903,3.1697097791209483,5.95184892957659,0.24002173432755813,0.686483767760828,0.7491087669980182,1.5006355953348138,4.95397420811669,0.15183253301520144,3.93328903980546,-0.23553694229420027,3.8098791851337586,5.282068355216987,-0.10005432986944796,0.5582059158800977,5.122555913015855,5.399713640673978,1.8156281347178431,1.236140256729251,3.867548409980816,1.1705625878213228,1.4012039451219125,6.541134191848231,0.03789339042492157,4.324399660361261,0.1624229630746581,5.0305015277953755,5.436658459903616,0.7462878809316852,6.827190033803323,-0.8720916894377111,4.479000442106001,2.1131857795790046,0.8988662750552256,1.3246612831142366,3.9732973099457314,2.428561120537327,0.4272894970787763,5.759538918577319,0.23655468064081844,0.5396156605214579,4.710466725528495,2.803745132511873,4.370782515445583,-0.9452495535893467,1.9624266506929209,-0.11017682111421105,0.4595353393681392,3.147495636949804,1.7078613189375744,6.000189027574238,-0.40397288975913914,3.8031400549134995,2.7240334762076865,6.738348849866512,3.119985732901357,6.133468622363201,2.3282773249550393,1.5416832487860925,4.114780078444944,5.760346067625,2.924075493656901,5.4486029479159015,4.3270854974526545,5.5198575700459,5.45780352719415,4.319785811002994,3.7164852261019132,4.78786551139323,3.4856373019653297,4.564561086211268,4.915117968325946,1.803358493575216,6.113929134901976,1.706566145402335,3.835400200112236,5.767414210449,4.004587040644528,1.3820057687480318,-0.6855033517282428,2.8446753809191527,2.4019109649798462,0.5850823860747028,0.992812285723281,6.121746232685037,5.931079988413655,5.788543108731354,4.768243979949362,4.914519753672808,0.9505032042821202,2.325943310864016,4.885826303812464,1.2671716435326792,5.896245975032199,3.065577972489819
0.5410000000000004,0.1822446084587914,-0.3968316880630624,5.8648504503374275,3.2928481707584707,5.211390645071025,4.587713624684766,2.623609515528729,2.3094680142014896,3.20337096577898,5.96927455450753,0.23270917695674098,0.6994118989804297,0.7419173434896512,1.493397930611291,4.960890383895891,0.11564385846992731,3.9008676135030798,-0.24470576253113777,3.79169949307495,5.290430232216774,-0.1161378810319903,0.5320367722012741,5.153945818742164,5.397275045012131,1.8190556291594844,1.2097222233528635,3.8587376858381934,1.1748579699634016,1.380261003921349,6.55072508256303,0.02795754697442733,4.320642715713276,0.1524657611779519,5.069624021833433,5.438465445756742,0.727210592700449,6.845717862393272,-0.8944316320892491,4.485254644353976,2.076069307449292,0.8743794844251385,1.3306754381795003,3.990143571893523,2.434065416509008,0.42705346177889314,5.755593775013415,0.20906117118135178,0.5272957067014454,4.703330880457178,2.826964507384132,4.3797318115848345,-0.9784334263487192,1.970985260428699,-0.11580153637465544,0.44807382970990206,3.161806093074504,1.7305582397353745,6.020891560304448,-0.41868030987571003,3.7990327377443576,2.7327356751836382,6.759936682756845,3.1124791784923325,6.1318323731778035,2.3082275558227994,1.5198360466523613,4.133107525240714,5.789547798544297,2.9247122215731776,5.470750536221622,4.336395148301489,5.509032105301676,5.4671083696521965,4.352623472680195,3.717845635667596,4.821235314857395,3.435319330231419,4.58307606664665,4.918935840038587,1.79945527691378,6.117841280780567,1.668891697458199,3.833083692703368,5.77663339222712,4.036221851887237,1.3737172947304415,-0.699596293438225,2.836717170395344,2.4222959376817697,0.5937343386157783,0.9842940119958218,6.134088511695184,5.9350984697485,5.809992938889894,4.756279848419699,4.910043441088732,0.9447379715673585,2.2987499422492563,4.893825639701634,1.274469679324158,5.8984251745129335,3.0629631601702
0.5510000000000004,0.185860389839137,-0.3906871066750617,5.87686166374553,3.2921598150829308,5.22642134618092,4.6202511521608125,2.6210033783821434,2.306862205410389,3.2370321524370116,5.98670017943847,0.22539661958592383,0.7123400302000313,0.7347259199812842,1.4861602658877682,4.967806559675092,0.07945518392465317,3.8684461872006994,-0.2538745827680754,3.7735198010161417,5.298792109216562,-0.13222143219453264,0.5058676285224505,5.185335724468473,5.394836449350285,1.8224831236011256,1.183304189976476,3.8499269616955707,1.1791533521054804,1.3593180627207855,6.560315973277829,0.018021703523933112,4.31688577106529,0.14250855928124573,5.10874651587149,5.440272431609867,0.7081333044692127,6.864245690983221,-0.9167715747407872,4.491508846601951,2.03895283531958,0.8498926937950513,1.336689593244764,4.006989833841312,2.439569712480689,0.42681742647901,5.751648631449512,0.18156766172188513,0.5149757528814329,4.69619503538586,2.8501838822563905,4.388681107724086,-1.0116172991080918,1.9795438701644772,-0.12142625163509983,0.43661232005166495,3.176116549199204,1.7532551605331745,6.041594093034658,-0.4333877299922809,3.7949254205752156,2.74143787415959,6.7815245156471775,3.1049726240833078,6.130196123992406,2.2881777866905595,1.49798884451863,4.151434972036483,5.818749529463594,2.9253489494894542,5.492898124527343,4.345704799150323,5.498206640557452,5.476413212110243,4.385461134357396,3.7192060452332787,4.85460511832156,3.385001358497508,4.6015910470820325,4.922753711751229,1.7955520602523438,6.121753426659158,1.631217249514063,3.8307671852944996,5.785852574005239,4.0678566631299455,1.365428820712851,-0.7136892351482073,2.8287589598715357,2.442680910383693,0.6023862911568538,0.9757757382683626,6.146430790705331,5.939116951083344,5.831442769048434,4.7443157168900365,4.905567128504655,0.9389727388525968,2.2715565736344967,4.901824975590805,1.2817677151156366,5.9006043739936676,3.060348347850581
0.5610000000000004,0.18944875876899672,-0.3846170590881373,5.888872877153633,3.291471459407391,5.241452047290815,4.652788679636859,2.6183972412355576,2.304256396619288,3.2706933390950432,6.00412580436941,0.21808406221510668,0.725268161419633,0.7275344964729172,1.4789226011642453,4.974722735454294,0.04326650937937908,3.836024760898319,-0.26304340300501317,3.7553401089573333,5.307153986216349,-0.14830498335707498,0.4796984848436264,5.216725630194782,5.392397853688438,1.8259106180427669,1.1568861566000885,3.841116237552948,1.1834487342475593,1.338375121520222,6.569906863992628,0.008085860073438894,4.313128826417304,0.13255135738453955,5.147869009909548,5.442079417462993,0.6890560162379765,6.8827735195731705,-0.9391115173923252,4.497763048849926,2.0018363631898675,0.8254059031649641,1.3427037483100277,4.0238360957890995,2.4450740084523703,0.42658139117912686,5.747703487885608,0.15407415226241847,0.5026557990614204,4.689059190314542,2.873403257128649,4.397630403863337,-1.0448011718674644,1.9881024799002553,-0.12705096689554424,0.42515081039342784,3.1904270053239037,1.7759520813309746,6.062296625764868,-0.4480951501088518,3.7908181034060737,2.7501400731355417,6.8031123485375105,3.097466069674283,6.128559874807009,2.2681280175583196,1.4761416423848988,4.169762418832253,5.847951260382891,2.925985677405731,5.515045712833064,4.355014449999158,5.487381175813228,5.48571805456829,4.4182987960345965,3.7205664547989614,4.887974921785725,3.334683386763597,4.620106027517415,4.92657158346387,1.7916488435909077,6.1256655725377485,1.5935428015699271,3.8284506778856313,5.795071755783359,4.0994914743726545,1.3571403466952607,-0.7277821768581895,2.820800749347727,2.4630658830856165,0.6110382436979294,0.9672574645409034,6.158773069715478,5.943135432418188,5.852892599206974,4.732351585360374,4.901090815920579,0.9332075061378351,2.244363205019737,4.909824311479976,1.2890657509071153,5.902783573474402,3.057733535530962
0.5710000000000004,0.19300710542389798,-0.37862402025146297,5.900884090561736,3.290783103731851,5.2564827484007095,4.685326207112905,2.615791104088972,2.3016505878281874,3.304354525753075,6.0215514293003505,0.21077150484428953,0.7381962926392347,0.7203430729645502,1.4716849364407225,4.981638911233495,0.007077834834105007,3.803603334595939,-0.27221222324195093,3.737160416898525,5.315515863216136,-0.16438853451961732,0.45352934116480226,5.248115535921091,5.389959258026591,1.8293381124844081,1.130468123223701,3.832305513410325,1.187744116389638,1.3174321803196585,6.579497754707427,-0.0018499833770553266,4.3093718817693185,0.12259415548783341,5.186991503947605,5.443886403316118,0.6699787280067403,6.90130134816312,-0.9614514600438633,4.504017251097901,1.9647198910601529,0.8009191125348769,1.3487179033752914,4.040682357736887,2.4505783044240514,0.4263453558792437,5.743758344321704,0.1265806428029518,0.49033584524140794,4.6819233452432245,2.896622632000908,4.406579700002588,-1.0779850446268369,1.9966610896360335,-0.13267568215598863,0.4136893007351907,3.2047374614486035,1.7986490021287747,6.082999158495078,-0.4628025702254227,3.786710786236932,2.7588422721114934,6.824700181427843,3.0899595152652584,6.126923625621612,2.2480782484260797,1.4542944402511675,4.188089865628022,5.8771529913021885,2.9266224053220076,5.537193301138785,4.364324100847992,5.476555711069004,5.495022897026336,4.451136457711797,3.721926864364644,4.92134472524989,3.2843654150296864,4.638621007952797,4.9303894551765115,1.7877456269294716,6.129577718416339,1.5558683536257911,3.826134170476763,5.804290937561478,4.131126285615363,1.3488518726776704,-0.7418751185681717,2.8128425388239187,2.48345085578754,0.6196901962390049,0.9587391908134443,6.171115348725625,5.9471539137530325,5.874342429365513,4.720387453830711,4.896614503336503,0.9274422734230734,2.2171698364049774,4.917823647369146,1.296363786698594,5.904962772955136,3.055118723211343
0.5810000000000004,0.19653277010132653,-0.37271034896719457,5.912895303969839,3.290094748056311,5.271513449510604,4.717863734588952,2.613184966942386,2.2990447790370867,3.3380157124111065,6.038977054231291,0.20345894747347237,0.7511244238588364,0.7131516494561833,1.4644472717171997,4.9885550870126965,-0.029110839711169068,3.7711819082935585,-0.2813810434788887,3.7189807248397164,5.323877740215924,-0.18047208568215967,0.4273601974859781,5.2795054416474,5.387520662364745,1.8327656069260494,1.1040500898473136,3.8234947892677025,1.1920394985317169,1.296489239119095,6.589088645422226,-0.011785826827549545,4.305614937121333,0.11263695359112737,5.226113997985663,5.445693389169244,0.6509014397755041,6.919829176753069,-0.9837914026954013,4.510271453345876,1.9276034189304383,0.7764323219047897,1.354732058440555,4.057528619684674,2.4560826003957326,0.4261093205793606,5.7398132007578,0.09908713334348515,0.47801589142139544,4.674787500171907,2.9198420068731665,4.415528996141839,-1.1111689173862094,2.0052196993718114,-0.13830039741643302,0.4022277910769536,3.2190479175733033,1.8213459229265747,6.103701691225289,-0.4775099903419936,3.78260346906779,2.767544471087445,6.846288014318176,3.0824529608562337,6.125287376436215,2.22802847929384,1.4324472381174362,4.206417312423792,5.906354722221486,2.9272591332382842,5.559340889444506,4.373633751696826,5.46573024632478,5.504327739484383,4.483974119388998,3.723287273930327,4.954714528714055,3.2340474432957755,4.6571359883881795,4.934207326889153,1.7838424102680355,6.13348986429493,1.5181939056816551,3.823817663067895,5.813510119339598,4.162761096858072,1.34056339866008,-0.7559680602781539,2.80488432830011,2.5038358284894633,0.6283421487800804,0.9502209170859851,6.183457627735772,5.951172395087877,5.895792259524053,4.708423322301049,4.892138190752426,0.9216770407083117,2.189976467790218,4.925822983258317,1.3036618224900727,5.90714197243587,3.052503910891724
0.5910000000000004,0.20002304515721137,-0.3668782880576888,5.924906517377942,3.289406392380771,5.286544150620499,4.750401262064998,2.6105788297958004,2.296438970245986,3.371676899069138,6.056402679162231,0.19614639010265522,0.7640525550784381,0.7059602259478163,1.4572096069936769,4.995471262791898,-0.06529951425644313,3.738760481991178,-0.2905498637158265,3.700801032780908,5.332239617215711,-0.196555636844702,0.4011910538071539,5.310895347373709,5.385082066702898,1.8361931013676906,1.077632056470926,3.8146840651250797,1.1963348806737957,1.2755462979185315,6.598679536137025,-0.021721670278043764,4.301857992473347,0.10267975169442133,5.26523649202372,5.447500375022369,0.6318241515442679,6.938357005343018,-1.0061313453469396,4.516525655593851,1.8904869468007237,0.7519455312747025,1.3607462135058188,4.074374881632461,2.4615868963674137,0.42587328527947743,5.735868057193897,0.07159362388401849,0.46569593760138295,4.667651655100589,2.943061381745425,4.424478292281091,-1.1443527901455819,2.0137783091075896,-0.1439251126768774,0.3907662814187165,3.233358373698003,1.8440428437243748,6.124404223955499,-0.4922174104585645,3.778496151898648,2.7762466700633968,6.867875847208509,3.074946406447209,6.123651127250818,2.2079787101616,1.410600035983705,4.224744759219561,5.935556453140783,2.927895861154561,5.581488477750227,4.382943402545661,5.454904781580556,5.51363258194243,4.516811781066199,3.7246476834960096,4.98808433217822,3.1837294715618647,4.675650968823562,4.938025198601794,1.7799391936065994,6.1374020101735205,1.4805194577375191,3.8215011556590266,5.822729301117717,4.194395908100781,1.3322749246424896,-0.7700610019881361,2.7969261177763016,2.5242208011913867,0.636994101321156,0.9417026433585259,6.195799906745918,5.955190876422721,5.917242089682593,4.696459190771386,4.88766187816835,0.91591180799355,2.162783099175458,4.933822319147487,1.3109598582815514,5.909321171916604,3.049889098572105
0.6010000000000004,0.20347517720728825,-0.3611299648582213,5.936917730786045,3.288718036705231,5.301574851730394,4.782938789541045,2.6079726926492146,2.2938331614548852,3.40533808572717,6.073828304093171,0.18883383273183807,0.7769806862980397,0.6987688024394493,1.449971942270154,5.002387438571099,-0.10148818880171727,3.706339055688798,-0.29971868395276424,3.6826213407220996,5.340601494215498,-0.21263918800724435,0.37502191012832975,5.342285253100018,5.382643471041051,1.839620595809332,1.0512140230945386,3.805873340982457,1.2006302628158745,1.254603356717968,6.608270426851824,-0.031657513728537985,4.298101047825361,0.09272254979771528,5.304358986061778,5.449307360875495,0.6127468633130316,6.956884833932968,-1.0284712879984788,4.522779857841826,1.8533704746710091,0.7274587406446154,1.3667603685710825,4.091221143580248,2.467091192339095,0.4256372499795943,5.731922913629993,0.044100114424551834,0.45337598378137045,4.660515810029271,2.966280756617684,4.433427588420342,-1.1775366629049544,2.0223369188433677,-0.1495498279373218,0.3793047717604794,3.247668829822703,1.8667397645221748,6.145106756685709,-0.5069248305751354,3.774388834729506,2.7849488690393485,6.889463680098842,3.0674398520381843,6.12201487806542,2.18792894102936,1.3887528338499737,4.243072206015331,5.96475818406008,2.9285325890708376,5.603636066055948,4.392253053394495,5.444079316836332,5.522937424400476,4.5496494427434,3.7260080930616923,5.021454135642385,3.133411499827954,4.694165949258944,4.941843070314436,1.7760359769451632,6.141314156052111,1.4428450097933831,3.8191846482501584,5.831948482895837,4.22603071934349,1.3239864506248993,-0.7841539436981183,2.788967907252493,2.54460577389331,0.6456460538622315,0.9331843696310668,6.208142185756065,5.959209357757565,5.9386919198411325,4.684495059241724,4.883185565584274,0.9101465752787883,2.1355897305606986,4.941821655036658,1.31825789407303,5.911500371397338,3.047274286252486
0.6110000000000004,0.20688636958888082,-0.3554673920238501,5.948928944194148,3.288029681029691,5.316605552840289,4.815476317017091,2.605366555502629,2.2912273526637845,3.4389992723852014,6.091253929024111,0.18152127536102092,0.7899088175176414,0.6915773789310823,1.4427342775466312,5.0093036143503005,-0.1376768633469914,3.6739176293864175,-0.308887504189702,3.664441648663291,5.3489633712152855,-0.2287227391697867,0.3488527664495056,5.373675158826327,5.380204875379205,1.8430480902509732,1.0247959897181511,3.7970626168398343,1.2049256449579533,1.2336604155174045,6.617861317566623,-0.04159335717903224,4.294344103177376,0.08276534790100924,5.343481480099835,5.4511143467286205,0.5936695750817954,6.975412662522917,-1.050811230650018,4.529034060089801,1.8162540025412945,0.7029719500145282,1.3727745236363462,4.108067405528035,2.472595488310776,0.42540121467971115,5.727977770066089,0.016606604965085175,0.44105602996135795,4.653379964957954,2.9895001314899425,4.442376884559593,-1.210720535664327,2.030895528579146,-0.1551745431977662,0.3678432621022423,3.261979285947403,1.8894366853199749,6.165809289415919,-0.5216322506917063,3.770281517560364,2.7936510680153,6.911051512989175,3.0599332976291596,6.120378628880023,2.16787917189712,1.3669056317162425,4.2613996528111,5.993959914979377,2.9291693169871142,5.625783654361669,4.40156270424333,5.433253852092108,5.532242266858523,4.582487104420601,3.727368502627375,5.05482393910655,3.083093528094043,4.712680929694327,4.945660942027077,1.7721327602837271,6.145226301930702,1.4051705618492472,3.81686814084129,5.841167664673956,4.257665530586199,1.315697976607309,-0.7982468854081005,2.7810096967286846,2.5649907465952335,0.654298006403307,0.9246660959036076,6.220484464766212,5.96322783909241,5.960141749999672,4.672530927712061,4.878709253000197,0.9043813425640266,2.108396361945939,4.949820990925828,1.3255559298645088,5.913679570878072,3.044659473932867
0.6210000000000004,0.21025378507755846,-0.34989246863793055,5.960940157602251,3.2873413253541512,5.331636253950184,4.8480138444931375,2.602760418356043,2.288621543872684,3.472660459043233,6.108679553955051,0.17420871799020377,0.8028369487372431,0.6843859554227153,1.4354966128231084,5.016219790129502,-0.17386553789226553,3.641496203084037,-0.3180563244266398,3.6462619566044827,5.357325248215073,-0.24480629033232904,0.3226836227706814,5.405065064552636,5.377766279717358,1.8464755846926144,0.9983779563417636,3.7882518926972115,1.209221027100032,1.212717474316841,6.627452208281422,-0.05152920062952649,4.29058715852939,0.0728081460043032,5.382603974137893,5.452921332581746,0.5745922868505592,6.993940491112866,-1.073151173301557,4.535288262337776,1.77913753041158,0.678485159384441,1.37878867870161,4.124913667475822,2.478099784282457,0.425165179379828,5.7240326265021855,-0.010886904494381499,0.42873607614134546,4.646244119886636,3.012719506362201,4.451326180698844,-1.2439044084236994,2.039454138314924,-0.16079925845821058,0.35638175244400516,3.2762897420721027,1.912133606117775,6.186511822146129,-0.5363396708082772,3.766174200391222,2.802353266991252,6.932639345879508,3.052426743220135,6.118742379694626,2.1478294027648803,1.3450584295825112,4.27972709960687,6.023161645898674,2.929806044903391,5.64793124266739,4.410872355092164,5.422428387347884,5.54154710931657,4.615324766097801,3.728728912193058,5.088193742570715,3.032775556360132,4.731195910129709,4.949478813739718,1.768229543622291,6.1491384478092925,1.3674961139051112,3.814551633432422,5.850386846452076,4.289300341828908,1.3074095025897186,-0.8123398271180827,2.773051486204876,2.585375719297157,0.6629499589443826,0.9161478221761484,6.232826743776359,5.967246320427254,5.981591580158212,4.660566796182398,4.874232940416121,0.8986161098492649,2.0812029933311793,4.957820326814999,1.3328539656559875,5.915858770358806,3.042044661613248
0.6310000000000004,0.21357454885210383,-0.3444069816088316,5.972951371010354,3.2866529696786113,5.346666955060079,4.880551371969184,2.6001542812094574,2.286015735081583,3.5063216457012647,6.126105178885991,0.1668961606193866,0.8157650799568448,0.6771945319143483,1.4282589480995855,5.023135965908703,-0.21005421243753966,3.609074776781657,-0.32722514466357755,3.6280822645456743,5.36568712521486,-0.2608898414948714,0.29651447909185724,5.436454970278945,5.375327684055511,1.8499030791342557,0.9719599229653761,3.779441168554589,1.213516409242111,1.1917745331162775,6.637043098996221,-0.06146504408002074,4.286830213881404,0.06285094410759716,5.42172646817595,5.454728318434872,0.555514998619323,7.0124683197028155,-1.0954911159530962,4.541542464585751,1.7420210582818654,0.6539983687543538,1.3848028337668736,4.14175992942361,2.483604080254138,0.42492914407994486,5.720087482938282,-0.03838041395384816,0.41641612232133296,4.639108274815318,3.03593888123446,4.460275476838095,-1.277088281183072,2.048012748050702,-0.16642397371865497,0.34492024278576805,3.2906001981968025,1.934830526915575,6.207214354876339,-0.551047090924848,3.7620668832220803,2.8110554659672036,6.954227178769841,3.04492018881111,6.117106130509229,2.1277796336326404,1.32321122744878,4.298054546402639,6.052363376817971,2.9304427728196676,5.670078830973111,4.420182005940998,5.4116029226036595,5.550851951774616,4.648162427775002,3.7300893217587405,5.12156354603488,2.9824575846262213,4.749710890565091,4.95329668545236,1.764326326960855,6.153050593687883,1.3298216659609752,3.8122351260235536,5.859606028230195,4.320935153071617,1.2991210285721282,-0.8264327688280649,2.7650932756810676,2.6057606919990803,0.6716019114854581,0.9076295484486893,6.245169022786506,5.971264801762098,6.003041410316752,4.648602664652736,4.869756627832045,0.8928508771345032,2.0540096247164197,4.9658196627041695,1.3401520014474662,5.91803796983954,3.039429849293629
0.6410000000000005,0.21684575170025466,-0.3390126073406397,5.984962584418457,3.2859646140030714,5.361697656169974,4.91308889944523,2.5975481440628716,2.2834099262904823,3.5399828323592963,6.143530803816931,0.15958360324856946,0.8286932111764465,0.6700031084059813,1.4210212833760627,5.0300521416879045,-0.2462428869828138,3.5766533504792766,-0.3363939649005153,3.609902572486866,5.374049002214647,-0.2769733926574137,0.27034533541303307,5.467844876005254,5.372889088393665,1.853330573575897,0.9455418895889887,3.770630444411966,1.2178117913841897,1.170831591915714,6.64663398971102,-0.07140088753051499,4.283073269233419,0.05289374221089112,5.4608489622140075,5.456535304287997,0.5364377103880867,7.030996148292765,-1.1178310586046354,4.547796666833726,1.7049045861521508,0.6295115781242666,1.3908169888321373,4.158606191371397,2.4891083762258193,0.4246931087800617,5.716142339374378,-0.06587392341331483,0.40409616850132046,4.631972429744001,3.0591582561067185,4.469224772977347,-1.3102721539424445,2.0565713577864804,-0.17204868897909936,0.33345873312753094,3.3049106543215023,1.957527447713375,6.22791688760655,-0.5657545110414189,3.7579595660529383,2.8197576649431553,6.975815011660174,3.0374136344020854,6.115469881323832,2.1077298645004006,1.3013640253150487,4.316381993198409,6.081565107737268,2.9310795007359443,5.692226419278832,4.429491656789833,5.400777457859435,5.560156794232663,4.681000089452203,3.7314497313244233,5.154933349499045,2.9321396128923105,4.768225871000474,4.957114557165001,1.7604231102994188,6.156962739566474,1.2921472180168392,3.8099186186146854,5.868825210008315,4.352569964314326,1.2908325545545378,-0.8405257105380471,2.757135065157259,2.6261456647010037,0.6802538640265337,0.8991112747212301,6.257511301796653,5.9752832830969425,6.0244912404752915,4.636638533123073,4.8652803152479684,0.8870856444197415,2.02681625610166,4.97381899859334,1.3474500372389449,5.920217169320274,3.03681503697401
0.6510000000000005,0.22006445345677622,-0.3337109136630565,5.99697379782656,3.2852762583275315,5.376728357279869,4.945626426921277,2.594942006916286,2.2808041174993816,3.573644019017328,6.1609564287478715,0.1522710458777523,0.8416213423960481,0.6628116848976143,1.4137836186525399,5.036968317467106,-0.2824315615280877,3.5442319241768963,-0.3455627851374531,3.5917228804280574,5.382410879214435,-0.29305694381995606,0.24417619173420899,5.4992347817315625,5.370450492731818,1.8567580680175382,0.9191238562126012,3.7618197202693433,1.2221071735262685,1.1498886507151505,6.656224880425819,-0.08133673098100924,4.279316324585433,0.042936540314185076,5.499971456252065,5.458342290141123,0.5173604221568505,7.049523976882714,-1.1401710012561745,4.554050869081701,1.6677881140224362,0.6050247874941794,1.396831143897401,4.175452453319184,2.4946126721975004,0.4244570734801786,5.712197195810474,-0.09336743287278149,0.39177621468130797,4.624836584672683,3.082377630978977,4.478174069116598,-1.343456026701817,2.0651299675222585,-0.17767340423954375,0.3219972234692938,3.319221110446202,1.9802243685111751,6.24861942033676,-0.5804619311579898,3.7538522488837964,2.828459863919107,6.997402844550507,3.0299070799930607,6.113833632138435,2.0876800953681607,1.2795168231813174,4.334709439994178,6.1107668386565654,2.931716228652221,5.714374007584553,4.438801307638667,5.389951993115211,5.5694616366907095,4.713837751129404,3.732810140890106,5.1883031529632095,2.8818216411583997,4.786740851435856,4.960932428877642,1.7565198936379827,6.160874885445065,1.2544727700727032,3.807602111205817,5.8780443917864345,4.384204775557035,1.2825440805369475,-0.8546186522480294,2.7491768546334505,2.646530637402927,0.6889058165676092,0.8905930009937709,6.269853580806799,5.979301764431787,6.045941070633831,4.624674401593411,4.860804002663892,0.8813204117049798,1.9996228874869004,4.981818334482511,1.3547480730304235,5.922396368801008,3.034200224654391
0.6610000000000005,0.2232276866645797,-0.3285033620052865,6.008985011234663,3.2845879026519915,5.391759058389764,4.978163954397323,2.5923358697697,2.278198308708281,3.6073052056753596,6.178382053678812,0.14495848850693516,0.8545494736156498,0.6556202613892473,1.406545953929017,5.043884493246307,-0.31862023607336154,3.511810497874516,-0.35473160537439086,3.573543188369249,5.390772756214222,-0.3091404949824984,0.2180070480553851,5.5306246874578715,5.368011897069971,1.8601855624591794,0.8927058228362137,3.7530089961267206,1.2264025556683473,1.128945709514587,6.665815771140618,-0.0912725744315035,4.275559379937447,0.032979338417479034,5.539093950290122,5.460149275994248,0.4982831339256143,7.068051805472663,-1.1625109439077137,4.560305071329676,1.6306716418927216,0.5805379968640922,1.4028452989626647,4.192298715266971,2.5001169681691815,0.42422103818029544,5.7082520522465705,-0.12086094233224814,0.37945626086129547,4.617700739601365,3.105597005851236,4.487123365255849,-1.3766398994611895,2.0736885772580367,-0.18329811949998814,0.3105357138110567,3.333531566570902,2.0029212893089756,6.26932195306697,-0.5951693512745607,3.7497449317146545,2.8371620628950587,7.01899067744084,3.022400525584036,6.112197382953037,2.067630326235921,1.2576696210475862,4.353036886789948,6.139968569575863,2.9323529565684976,5.736521595890274,4.448110958487502,5.379126528370987,5.578766479148756,4.746675412806605,3.7341705504557887,5.2216729564273745,2.831503669424489,4.805255831871238,4.964750300590284,1.7526166769765466,6.164787031323655,1.2167983221285672,3.805285603796949,5.887263573564554,4.415839586799744,1.274255606519357,-0.8687115939580116,2.741218644109642,2.6669156101048506,0.6975577691086847,0.8820747272663118,6.282195859816946,5.983320245766631,6.067390900792371,4.612710270063748,4.856327690079816,0.8755551789902181,1.9724295188721408,4.989817670371681,1.3620461088219022,5.9245755682817425,3.031585412334772
0.6710000000000005,0.22633246044881872,-0.32339130979847674,6.020996224642766,3.2838995469764516,5.406789759499659,5.01070148187337,2.5897297326231143,2.27559249991718,3.6409663923333913,6.195807678609752,0.137645931136118,0.8674776048352515,0.6484288378808803,1.3993082892054942,5.0508006690255085,-0.3548089106186354,3.4793890715721356,-0.3639004256113286,3.5553634963104406,5.399134633214009,-0.32522404614504075,0.1918379043765612,5.5620145931841805,5.365573301408125,1.8636130569008207,0.8662877894598262,3.744198271984098,1.2306979378104261,1.1080027683140234,6.675406661855417,-0.10120841788199775,4.2718024352894615,0.02302213652077296,5.57821644432818,5.461956261847374,0.4792058456943781,7.086579634062613,-1.1848508865592529,4.566559273577651,1.593555169763007,0.5560512062340051,1.4088594540279284,4.209144977214758,2.5056212641408626,0.4239850028804123,5.704306908682667,-0.1483544517917148,0.36713630704128297,4.6105648945300475,3.1288163807234946,4.4960726613951,-1.409823772220562,2.082247186993815,-0.18892283476043253,0.2990742041528196,3.347842022695602,2.025618210106778,6.29002448579718,-0.6098767713911316,3.7456376145455126,2.8458642618710104,7.040578510331173,3.0148939711750113,6.11056113376764,2.047580557103681,1.235822418913855,4.371364333585717,6.16917030049516,2.9329896844847743,5.758669184195995,4.457420609336336,5.368301063626763,5.588071321606803,4.7795130744838055,3.7355309600214714,5.2550427598915395,2.781185697690578,4.823770812306621,4.968568172302925,1.7487134603151104,6.168699177202246,1.1791238741844312,3.8029690963880807,5.8964827553426735,4.447474398042453,1.2659671325017667,-0.8828045356679938,2.7332604335858335,2.687300582806774,0.7062097216497603,0.8735564535388526,6.294538138827093,5.987338727101475,6.088840730950911,4.6007461385340855,4.8518513774957395,0.8697899462754564,1.9452361502573812,4.997817006260852,1.369344144613381,5.926754767762477,3.028970600015153
0.6810000000000005,0.22937576459317957,-0.31837601309120467,6.033007438050869,3.2832111913009117,5.4218204606095535,5.043239009349416,2.5871235954765286,2.2729866911260794,3.674627578991423,6.213233303540692,0.13033337376530085,0.8804057360548532,0.6412374143725134,1.3920706244819714,5.05771684480471,-0.39099758516390926,3.4469676452697553,-0.3730692458482664,3.537183804251632,5.407496510213797,-0.3413075973075831,0.1656687606977373,5.593404498910489,5.363134705746278,1.867040551342462,0.8398697560834387,3.735387547841475,1.234993319952505,1.08705982711346,6.684997552570216,-0.111144261332492,4.268045490641476,0.01306493462406689,5.617338938366237,5.463763247700499,0.46012855746314185,7.105107462652562,-1.207190829210792,4.572813475825626,1.5564386976332925,0.5315644156039179,1.4148736090931922,4.225991239162545,2.5111255601125437,0.42374896758052916,5.700361765118763,-0.17584796125118146,0.3548163532212705,4.60342904945873,3.152035755595753,4.5050219575343515,-1.4430076449799345,2.090805796729593,-0.19454755002087692,0.2876126944945825,3.3621524788203017,2.04831513090458,6.31072701852739,-0.6245841915077025,3.7415302973763707,2.854566460846962,7.062166343221506,3.0073874167659866,6.108924884582243,2.027530787971441,1.2139752167801237,4.3896917803814866,6.198372031414457,2.933626412401051,5.780816772501716,4.46673026018517,5.357475598882539,5.597376164064849,4.812350736161006,3.736891369587154,5.288412563355704,2.730867725956667,4.842285792742003,4.9723860440155665,1.7448102436536743,6.172611323080837,1.1414494262402952,3.8006525889792124,5.905701937120793,4.479109209285162,1.2576786584841764,-0.896897477377976,2.725302223062025,2.7076855555086974,0.7148616741908358,0.8650381798113934,6.30688041783724,5.99135720843632,6.1102905611094505,4.588782007004423,4.847375064911663,0.8640247135606947,1.9180427816426215,5.005816342150022,1.3766421804048596,5.928933967243211,3.026355787695534
0.6910000000000005,0.23235457380693497,-0.31345862936258034,6.045018651458972,3.2825228356253717,5.436851161719448,5.075776536825463,2.584517458329943,2.2703808823349787,3.7082887656494545,6.230658928471632,0.1230208163944837,0.8933338672744549,0.6340459908641464,1.3848329597584486,5.064633020583911,-0.4271862597091831,3.414546218967375,-0.38223806608520416,3.5190041121928237,5.415858387213584,-0.35739114847012543,0.13949961701891342,5.624794404636798,5.360696110084431,1.8704680457841032,0.8134517227070512,3.7265768236988523,1.2392887020945837,1.0661168859128964,6.694588443285015,-0.12108010478298625,4.26428854599349,0.0031077327273608315,5.656461432404295,5.465570233553625,0.44105126923190563,7.123635291242511,-1.2295307718623312,4.579067678073601,1.5193222255035779,0.5070776249738307,1.4208877641584559,4.2428375011103325,2.516629856084225,0.423512932280646,5.696416621554859,-0.20334147071064812,0.342496399401258,4.596293204387412,3.175255130468012,4.513971253673603,-1.476191517739307,2.099364406465371,-0.20017226528132132,0.2761511848363454,3.3764629349450015,2.0710120517023825,6.3314295512576,-0.6392916116242734,3.7374229802072287,2.863268659822914,7.083754176111839,2.999880862356962,6.107288635396846,2.007481018839201,1.1921280146463924,4.408019227177256,6.227573762333754,2.9342631403173276,5.802964360807437,4.476039911034005,5.346650134138315,5.606681006522896,4.845188397838207,3.738251779152837,5.321782366819869,2.6805497542227563,4.8608007731773855,4.976203915728208,1.7409070269922382,6.176523468959427,1.1037749782961592,3.798336081570344,5.914921118898913,4.510744020527871,1.249390184466586,-0.9109904190879582,2.7173440125382164,2.728070528210621,0.7235136267319113,0.8565199060839342,6.319222696847387,5.995375689771164,6.13174039126799,4.57681787547476,4.842898752327587,0.858259480845933,1.890849413027862,5.013815678039193,1.3839402161963383,5.931113166723945,3.023740975375915
0.7010000000000005,0.23526585217073717,-0.30864022051776546,6.057029864867075,3.281834479949832,5.451881862829343,5.108314064301509,2.581911321183357,2.267775073543878,3.741949952307486,6.248084553402572,0.11570825902366655,0.9062619984940565,0.6268545673557794,1.3775952950349257,5.0715491963631125,-0.46337493425445697,3.3821247926649947,-0.39140688632214193,3.5008244201340153,5.424220264213371,-0.3734746996326678,0.11333047334008953,5.656184310363107,5.358257514422585,1.8738955402257444,0.7870336893306638,3.7177660995562296,1.2435840842366626,1.045173944712333,6.704179333999814,-0.1310159482334805,4.260531601345504,-0.006849469169345228,5.695583926442352,5.4673772194067505,0.4219739810006694,7.14216311983246,-1.2518707145138703,4.585321880321576,1.4822057533738633,0.48259083434374395,1.4269019192237196,4.25968376305812,2.522134152055906,0.4232768969807629,5.6924714779909555,-0.23083498017011478,0.3301764455812455,4.589157359316094,3.1984745053402706,4.522920549812854,-1.5093753904986795,2.1079230162011493,-0.2057969805417657,0.26468967517810826,3.3907733910697013,2.0937089725001847,6.352132083987811,-0.6539990317408443,3.733315663038087,2.8719708587988655,7.105342009002172,2.9923743079479372,6.105652386211449,1.9874312497069628,1.1702808125126611,4.4263466739730255,6.256775493253051,2.9348998682336043,5.8251119491131576,4.485349561882839,5.335824669394091,5.615985848980943,4.878026059515408,3.7396121887185196,5.355152170284034,2.6302317824888455,4.879315753612768,4.980021787440849,1.737003810330802,6.180435614838018,1.0661005303520232,3.796019574161476,5.924140300677032,4.54237883177058,1.2411017104489956,-0.9250833607979404,2.709385802014408,2.748455500912544,0.7321655792729869,0.8480016323564751,6.331564975857534,5.999394171106008,6.15319022142653,4.564853743945098,4.8384224397435105,0.8524942481311713,1.8636560444131023,5.0218150139283635,1.391238251987817,5.933292366204679,3.0211261630562958
0.7110000000000005,0.23810655774861364,-0.3039217560510596,6.069041078275178,3.281146124274292,5.466912563939238,5.1408515917775555,2.5793051840367713,2.2651692647527772,3.775611138965518,6.265510178333512,0.1083957016528494,0.9191901297136582,0.6196631438474124,1.370357630311403,5.078465372142314,-0.49956360879973083,3.3497033663626143,-0.4005757065590797,3.482644728075207,5.4325821412131585,-0.3895582507952101,0.08716132966126564,5.687574216089416,5.355818918760738,1.8773230346673857,0.7606156559542763,3.708955375413607,1.2478794663787414,1.0242310035117694,6.713770224714613,-0.14095179168397476,4.256774656697519,-0.01680667106605129,5.73470642048041,5.469184205259876,0.4028966927694332,7.16069094842241,-1.2742106571654095,4.591576082569551,1.4450892812441487,0.4581040437136573,1.4329160742889833,4.276530025005907,2.527638448027587,0.42304086168087973,5.688526334427052,-0.25832848962958155,0.317856491761233,4.582021514244777,3.2216938802125292,4.531869845952105,-1.542559263258052,2.1164816259369275,-0.2114216958022101,0.25322816551987115,3.405083847194401,2.116405893297987,6.372834616718021,-0.6687064518574152,3.729208345868945,2.880673057774817,7.126929841892505,2.9848677535389125,6.1040161370260515,1.9673814805747252,1.1484336103789299,4.444674120768795,6.285977224172348,2.935536596149881,5.8472595374188785,4.494659212731674,5.324999204649867,5.625290691438989,4.910863721192609,3.7409725982842024,5.388521973748199,2.5799138107549346,4.89783073404815,4.983839659153491,1.733100593669366,6.184347760716609,1.0284260824078872,3.7937030667526077,5.933359482455152,4.574013643013289,1.2328132364314053,-0.9391763025079226,2.7014275914905994,2.7688404736144676,0.7408175318140624,0.8394833586290159,6.3439072548676805,6.003412652440852,6.17464005158507,4.552889612415435,4.833946127159434,0.8467290154164095,1.8364626757983427,5.029814349817534,1.3985362877792957,5.935471565685413,3.0185113507366768
0.7210000000000005,0.2408736473531592,-0.29930411636219456,6.081052291683281,3.280457768598752,5.481943265049133,5.173389119253602,2.5766990468901856,2.2625634559616765,3.8092723256235494,6.2829358032644524,0.10108314428203224,0.9321182609332599,0.6124717203390454,1.36311996558788,5.085381547921515,-0.5357522833450052,3.317281940060234,-0.40974452679601747,3.4644650360163984,5.440944018212946,-0.40564180195775246,0.060992185982441736,5.718964121815725,5.353380323098891,1.880750529109027,0.7341976225778888,3.700144651270984,1.2521748485208202,1.003288062311206,6.723361115429412,-0.150887635134469,4.253017712049533,-0.026763872962757368,5.773828914518467,5.470991191113002,0.38381940453819696,7.179218777012359,-1.2965505998169486,4.597830284817526,1.4079728091144341,0.4336172530835707,1.438930229354247,4.293376286953694,2.533142743999268,0.4228048263809966,5.684581190863148,-0.2858219990890485,0.3055365379412205,4.574885669173459,3.244913255084788,4.540819142091356,-1.5757431360174246,2.1250402356727056,-0.2170464110626545,0.24176665586163382,3.419394303319101,2.1391028140957893,6.393537149448231,-0.6834138719739861,3.725101028699803,2.889375256750769,7.148517674782838,2.977361199129888,6.102379887840654,1.9473317114424875,1.1265864082451986,4.4630015675645645,6.315178955091645,2.9361733240661576,5.869407125724599,4.503968863580508,5.314173739905643,5.634595533897036,4.9437013828698095,3.742333007849885,5.421891777212364,2.529595839021024,4.9163457144835325,4.987657530866132,1.7291973770079299,6.188259906595199,0.9907516344637513,3.7913865593437395,5.942578664233271,4.605648454255998,1.224524762413815,-0.9532692442179048,2.693469380966791,2.789225446316391,0.7494694843551379,0.8309650849015567,6.356249533877827,6.007431133775697,6.196089881743609,4.540925480885773,4.829469814575358,0.8409637827016478,1.809269307183583,5.037813685706705,1.4058343235707744,5.937650765166147,3.0158965384170577
0.7310000000000005,0.2435640814505293,-0.2947880962120664,6.093063505091384,3.279769412923212,5.496973966159028,5.205926646729648,2.5740929097436,2.259957647170576,3.842933512281581,6.300361428195393,0.09377058691121509,0.9450463921528616,0.6052802968306784,1.3558823008643572,5.0922977237007165,-0.5719409578902797,3.2848605137578537,-0.41891334703295524,3.44628534395759,5.449305895212733,-0.4217253531202948,0.034823042303617775,5.750354027542034,5.3509417274370445,1.8841780235506682,0.7077795892015013,3.6913339271283614,1.256470230662899,0.9823451211106414,6.732952006144211,-0.16082347858496326,4.249260767401547,-0.03672107485946342,5.812951408556525,5.472798176966127,0.36474211630696074,7.197746605602308,-1.3188905424684878,4.604084487065501,1.3708563369847195,0.40913046245348406,1.4449443844195107,4.310222548901481,2.5386470399709493,0.42256879108111345,5.680636047299244,-0.3133155085485154,0.293216584121208,4.567749824102141,3.2681326299570466,4.549768438230608,-1.608927008776797,2.1335988454084838,-0.22267112632309888,0.23030514620339643,3.433704759443801,2.1617997348935916,6.414239682178441,-0.698121292090557,3.720993711530661,2.8980774557267206,7.170105507673171,2.969854644720863,6.100743638655257,1.9272819423102499,1.1047392061114674,4.481329014360334,6.344380686010942,2.9368100519824343,5.89155471403032,4.513278514429342,5.303348275161419,5.643900376355083,4.97653904454701,3.743693417415568,5.455261580676529,2.479277867287113,4.934860694918915,4.991475402578773,1.7252941603464937,6.19217205247379,0.9530771865196153,3.7890700519348712,5.951797846011391,4.637283265498707,1.2162362883962246,-0.967362185927887,2.6855111704429824,2.8096104190183144,0.7581214368962135,0.8224468111740976,6.368591812887974,6.011449615110541,6.217539711902149,4.52896134935611,4.8249935019912815,0.8351985499868861,1.7820759385688234,5.045813021595875,1.4131323593622531,5.939829964646881,3.0132817260974387
0.7410000000000005,0.2461748291914969,-0.2903744083048388,6.105074718499487,3.279081057247672,5.512004667268923,5.238464174205695,2.571486772597014,2.257351838379475,3.8765946989396127,6.317787053126333,0.08645802954039794,0.9579745233724632,0.5980888733223114,1.3486446361408344,5.099213899479918,-0.6081296324355541,3.2524390874554734,-0.428082167269893,3.4281056518987816,5.45766777221252,-0.43780890428283714,0.008653898624793814,5.781743933268343,5.348503131775198,1.8876055179923095,0.6813615558251138,3.6825232029857387,1.2607656128049778,0.9614021799100768,6.74254289685901,-0.17075932203545752,4.2455038227535615,-0.046678276756169465,5.852073902594582,5.474605162819253,0.3456648280757245,7.216274434192258,-1.341230485120027,4.610338689313476,1.333739864855005,0.3846436718233974,1.4509585394847744,4.327068810849268,2.5441513359426304,0.4223327557812303,5.676690903735341,-0.34080901800798236,0.2808966303011955,4.5606139790308236,3.2913520048293052,4.558717734369859,-1.6421108815361696,2.142157455144262,-0.22829584158354327,0.21884363654515904,3.4480152155685007,2.184496655691394,6.434942214908651,-0.7128287122071278,3.716886394361519,2.9067796547026723,7.1916933405635035,2.9623480903118384,6.09910738946986,1.9072321731780122,1.082892003977736,4.499656461156103,6.3735824169302395,2.937446779898711,5.913702302336041,4.522588165278177,5.292522810417195,5.653205218813129,5.009376706224211,3.7450538269812506,5.488631384140694,2.428959895553202,4.953375675354297,4.995293274291415,1.7213909436850576,6.196084198352381,0.9154027385754793,3.786753544526003,5.96101702778951,4.668918076741416,1.2079478143786342,-0.9814551276378692,2.677552959919174,2.829995391720238,0.766773389437289,0.8139285374466384,6.380934091898121,6.015468096445385,6.238989542060689,4.5169972178264475,4.820517189407205,0.8294333172721244,1.7548825699540638,5.053812357485046,1.4204303951537318,5.942009164127615,3.0106669137778197
0.7510000000000006,0.24870287355455697,-0.28606368698413415,6.11708593190759,3.278392701572132,5.527035368378818,5.271001701681741,2.5688806354504283,2.2547460295883743,3.9102558855976444,6.335212678057273,0.07914547216958079,0.9709026545920649,0.5908974498139444,1.3414069714173116,5.106130075259119,-0.6443183069808285,3.220017661153093,-0.4372509875068308,3.409925959839973,5.466029649212308,-0.4538924554453795,-0.01751524505403014,5.813133838994652,5.346064536113351,1.8910330124339507,0.6549435224487263,3.673712478843116,1.2650609949470566,0.9404592387095122,6.752133787573809,-0.18069516548595177,4.241746878105576,-0.05663547865287551,5.8911963966326395,5.476412148672378,0.3265875398444883,7.234802262782207,-1.3635704277715661,4.616592891561451,1.2966233927252904,0.3601568811933108,1.456972694550038,4.3439150727970555,2.5496556319143115,0.42209672048134717,5.672745760171437,-0.3683025274674493,0.268576676481183,4.553478133959506,3.314571379701564,4.56766703050911,-1.675294754295542,2.15071606488004,-0.23392055684398766,0.20738212688692165,3.4623256716932005,2.207193576489196,6.455644747638861,-0.7275361323236987,3.712779077192377,2.915481853678624,7.2132811734538365,2.9548415359028137,6.097471140284463,1.8871824040457745,1.0610448018440048,4.517983907951873,6.402784147849537,2.9380835078149876,5.935849890641762,4.531897816127011,5.281697345672971,5.662510061271176,5.042214367901412,3.7464142365469333,5.522001187604859,2.3786419238192913,4.97189065578968,4.999111146004056,1.7174877270236215,6.199996344230971,0.8777282906313433,3.7844370371171348,5.97023620956763,4.7005528879841245,1.1996593403610438,-0.9955480693478514,2.6695947493953653,2.8503803644221613,0.7754253419783645,0.8054102637191792,6.393276370908268,6.0194865777802296,6.260439372219229,4.505033086296785,4.816040876823129,0.8236680845573627,1.7276892013393041,5.061811693374216,1.4277284309452105,5.944188363608349,3.0080521014582007
0.7610000000000006,0.25114521658684175,-0.28185649203191293,6.129097145315693,3.277704345896592,5.542066069488713,5.303539229157788,2.5662744983038426,2.2521402207972736,3.943917072255676,6.352638302988213,0.07183291479876364,0.9838307858116666,0.5837060263055774,1.3341693066937887,5.1130462510383206,-0.6805069815261029,3.1875962348507128,-0.44641980774376855,3.3917462677811647,5.474391526212095,-0.4699760066079218,-0.0436843887328541,5.844523744720961,5.3436259404515045,1.894460506875592,0.6285254890723388,3.664901754700493,1.2693563770891354,0.9195162975089476,6.7617246782886085,-0.19063100893644602,4.23798993345759,-0.06659268054958155,5.930318890670697,5.478219134525504,0.3075102516132521,7.253330091372156,-1.3859103704231053,4.622847093809426,1.2595069205955758,0.33567009056322417,1.4629868496153018,4.360761334744843,2.5551599278859927,0.421860685181464,5.668800616607533,-0.39579603692691623,0.2562567226611705,4.546342288888188,3.3377907545738226,4.576616326648361,-1.7084786270549146,2.1592746746158182,-0.23954527210443205,0.19592061722868426,3.4766361278179003,2.2298904972869984,6.476347280369072,-0.7422435524402696,3.7086717600232353,2.9241840526545757,7.234869006344169,2.947334981493789,6.095834891099066,1.8671326349135369,1.0391975997102736,4.536311354747642,6.431985878768834,2.9387202357312643,5.957997478947483,4.5412074669758455,5.2708718809287465,5.6718149037292225,5.075052029578613,3.747774646112616,5.555370991069024,2.3283239520853805,4.990405636225062,5.002929017716697,1.7135845103621854,6.203908490109562,0.8400538426872073,3.7821205297082665,5.979455391345749,4.7321876992268335,1.1913708663434535,-1.0096410110578335,2.661636538871557,2.8707653371240847,0.7840772945194401,0.7968919899917201,6.405618649918415,6.023505059115074,6.281889202377768,4.493068954767122,4.8115645642390525,0.817902851842601,1.7004958327245445,5.069811029263387,1.4350264667366892,5.946367563089083,3.0054372891385817
0.7710000000000006,0.2534988847284362,-0.2777533125595877,6.141108358723796,3.2770159902210523,5.557096770598608,5.336076756633834,2.563668361157257,2.249534412006173,3.9775782589137076,6.370063927919153,0.06452035742794648,0.9967589170312683,0.5765146027972105,1.326931641970266,5.119962426817522,-0.7166956560713773,3.1551748085483324,-0.4555886279807063,3.3735665757223563,5.482753403211882,-0.48605955777046417,-0.06985353241167805,5.87591365044727,5.341187344789658,1.8978880013172332,0.6021074556959514,3.6560910305578704,1.2736517592312142,0.898573356308383,6.7713155690034075,-0.20056685238694028,4.234232988809604,-0.07654988244628759,5.969441384708754,5.480026120378629,0.28843296338201585,7.271857919962105,-1.4082503130746444,4.629101296057401,1.2223904484658612,0.31118329993313754,1.4690010046805655,4.37760759669263,2.560664223857674,0.4216246498815809,5.664855473043629,-0.42328954638638316,0.24393676884115814,4.53920644381687,3.3610101294460812,4.5855656227876125,-1.7416624998142871,2.1678332843515964,-0.24516998736487644,0.18445910757044687,3.4909465839426,2.2525874180848007,6.497049813099282,-0.7569509725568405,3.7045644428540934,2.9328862516305274,7.256456839234502,2.9398284270847643,6.0941986419136684,1.8470828657812992,1.0173503975765423,4.554638801543412,6.461187609688131,2.939356963647541,5.980145067253204,4.55051711782468,5.260046416184522,5.681119746187269,5.107889691255814,3.7491350556782987,5.588740794533189,2.2780059803514696,5.008920616660444,5.006746889429339,1.7096812937007493,6.207820635988153,0.8023793947430713,3.7798040222993983,5.988674573123869,4.763822510469542,1.183082392325863,-1.0237339527678158,2.6536783283477483,2.891150309826008,0.7927292470605156,0.7883737162642609,6.4179609289285615,6.027523540449918,6.303339032536308,4.48110482323746,4.807088251654976,0.8121376191278393,1.673302464109785,5.0778103651525575,1.442324502528168,5.948546762569817,3.0028224768189626
0.7810000000000006,0.2557609342055726,-0.2737545709819359,6.1531195721318985,3.2763276345455123,5.5721274717085025,5.3686142841098805,2.561062224010671,2.246928603215072,4.011239445571739,6.387489552850093,0.05720780005712933,1.009687048250869,0.5693231792888435,1.319693977246743,5.126878602596723,-0.7528843306166517,3.122753382245952,-0.4647574482176441,3.355386883663548,5.49111528021167,-0.5021431089330065,-0.09602267609050194,5.907303556173579,5.338748749127811,1.9013154957588745,0.5756894223195639,3.6472803064152477,1.277947141373293,0.8776304151078184,6.7809064597182065,-0.21050269583743453,4.230476044161619,-0.08650708434299363,6.008563878746812,5.481833106231755,0.2693556751507796,7.290385748552055,-1.4305902557261836,4.635355498305376,1.1852739763361466,0.2866965093030509,1.4750151597458292,4.394453858640417,2.566168519829355,0.42138861458169774,5.660910329479726,-0.4507830558458501,0.23161681502114592,4.532070598745553,3.38422950431834,4.594514918926864,-1.7748463725736596,2.1763918940873745,-0.25079470262532083,0.17299759791220948,3.5052570400673,2.275284338882603,6.517752345829492,-0.7716583926734114,3.7004571256849514,2.941588450606479,7.278044672124835,2.9323218726757396,6.092562392728271,1.8270330966490615,0.9955031954428111,4.572966248339181,6.490389340607428,2.9399936915638176,6.002292655558925,4.559826768673514,5.249220951440298,5.690424588645316,5.140727352933014,3.7504954652439815,5.622110597997354,2.227688008617559,5.027435597095827,5.01056476114198,1.7057780770393132,6.211732781866743,0.7647049467989353,3.77748751489053,5.997893754901988,4.795457321712251,1.1747939183082727,-1.037826894477798,2.64572011782394,2.9115352825279315,0.8013811996015912,0.7798554425368017,6.430303207938708,6.031542021784762,6.324788862694848,4.469140691707797,4.8026119390709,0.8063723864130776,1.6461090954950253,5.085809701041728,1.4496225383196466,5.9507259620505515,3.0002076644993436
0.7910000000000006,0.25792845647811014,-0.26986062706545666,6.1651307855400015,3.2756392788699724,5.587158172818397,5.401151811585927,2.5584560868640853,2.2443227944239714,4.044900632229771,6.404915177781033,0.04989524268631218,1.0226151794704696,0.5621317557804765,1.3124563125232203,5.133794778375925,-0.7890730051619261,3.090331955943572,-0.47392626845458186,3.3372071916047394,5.499477157211457,-0.5182266600955489,-0.12219181976932583,5.938693461899888,5.3363101534659645,1.9047429902005157,0.5492713889431764,3.638469582272625,1.2822425235153718,0.8566874739072537,6.7904973504330055,-0.22043853928792878,4.226719099513633,-0.09646428623969967,6.047686372784869,5.4836400920848805,0.2502783869195434,7.308913577142004,-1.4529301983777227,4.641609700553351,1.148157504206432,0.2622097186729643,1.481029314811093,4.411300120588204,2.571672815801036,0.4211525792818146,5.656965185915822,-0.47827656530531704,0.2192968612011337,4.524934753674235,3.4074488791905986,4.603464215066115,-1.8080302453330321,2.1849505038231527,-0.2564194178857652,0.1615360882539721,3.519567496192,2.2979812596804052,6.538454878559702,-0.7863658127899823,3.6963498085158095,2.950290649582431,7.299632505015168,2.924815318266715,6.090926143542874,1.806983327516824,0.9736559933090798,4.591293695134951,6.519591071526725,2.9406304194800943,6.024440243864646,4.569136419522349,5.238395486696074,5.699729431103362,5.173565014610215,3.751855874809664,5.655480401461519,2.177370036883648,5.045950577531209,5.0143826328546215,1.701874860377877,6.215644927745334,0.7270304988547993,3.775171007481662,6.007112936680108,4.82709213295496,1.1665054442906824,-1.0519198361877802,2.6377619073001313,2.931920255229855,0.8100331521426667,0.7713371688093426,6.442645486948855,6.035560503119607,6.346238692853388,4.457176560178135,4.798135626486824,0.8006071536983159,1.6189157268802656,5.093809036930899,1.4569205741111253,5.952905161531286,2.9975928521797246
0.8010000000000006,0.25999858372668583,-0.2660717820439503,6.1771419989481045,3.2749509231944325,5.602188873928292,5.433689339061973,2.5558499497174996,2.2417169856328707,4.078561818887803,6.4223408027119735,0.04258268531549503,1.0355433106900702,0.5549403322721095,1.3052186477996974,5.140710954155126,-0.8252616797072005,3.0579105296411915,-0.4830950886915196,3.319027499545931,5.507839034211244,-0.5343102112580912,-0.14836096344814972,5.970083367626197,5.333871557804118,1.908170484642157,0.5228533555667889,3.629658858130002,1.2865379056574506,0.8357445327066891,6.8000882411478045,-0.23037438273842303,4.222962154865647,-0.10642148813640571,6.086808866822927,5.485447077938006,0.23120109868830718,7.327441405731953,-1.475270141029262,4.647863902801326,1.1110410320767174,0.23772292804287765,1.4870434698763566,4.428146382535991,2.577177111772717,0.42091654398193146,5.653020042351918,-0.5057700747647839,0.20697690738112148,4.517798908602917,3.4306682540628572,4.612413511205366,-1.8412141180924047,2.193509113558931,-0.2620441331462096,0.1500745785957347,3.5338779523166997,2.3206781804782075,6.559157411289912,-0.8010732329065532,3.6922424913466676,2.9589928485583825,7.321220337905501,2.9173087638576902,6.089289894357477,1.7869335583845862,0.9518087911753486,4.60962114193072,6.548792802446022,2.941267147396371,6.046587832170367,4.578446070371183,5.22757002195185,5.709034273561409,5.206402676287416,3.753216284375347,5.688850204925684,2.127052065149737,5.064465557966591,5.018200504567263,1.697971643716441,6.219557073623925,0.6893560509106633,3.7728545000727935,6.0163321184582275,4.858726944197669,1.158216970273092,-1.0660127778977624,2.6298036967763228,2.9523052279317783,0.8186851046837422,0.7628188950818834,6.454987765959002,6.039578984454451,6.367688523011927,4.445212428648472,4.793659313902747,0.7948419209835542,1.591722358265506,5.101808372820069,1.464218609902604,5.95508436101202,2.9949780398601056
0.8110000000000006,0.2619684943649537,-0.2623882827952812,6.189153212356207,3.2742625675188926,5.617219575038187,5.46622686653802,2.553243812570914,2.23911117684177,4.112223005545834,6.439766427642914,0.035270127944677876,1.0484714419096708,0.5477489087637425,1.2979809830761746,5.147627129934327,-0.861450354252475,3.025489103338811,-0.4922639089284574,3.3008478074871226,5.5162009112110315,-0.5503937624206335,-0.17453010712697362,6.001473273352506,5.331432962142271,1.9115979790837982,0.49643532219040143,3.6208481339873795,1.2908332877995294,0.8148015915061245,6.8096791318626035,-0.2403102261889173,4.219205210217662,-0.11637869003311176,6.125931360860984,5.487254063791132,0.21212381045707096,7.3459692343219025,-1.497610083680801,4.654118105049301,1.0739245599470029,0.21323613741279102,1.4930576249416203,4.444992644483778,2.5826814077443982,0.4206805086820483,5.649074898788014,-0.5332635842242502,0.19465695356110926,4.5106630635316,3.453887628935116,4.621362807344617,-1.8743979908517772,2.202067723294709,-0.267668848406654,0.1386130689374973,3.5481884084413995,2.34337510127601,6.579859944020122,-0.8157806530231241,3.6881351741775257,2.967695047534334,7.342808170795834,2.9098022094486655,6.08765364517208,1.7668837892523486,0.9299615890416173,4.62794858872649,6.577994533365319,2.9419038753126476,6.068735420476088,4.5877557212200175,5.216744557207626,5.718339116019456,5.239240337964617,3.7545766939410297,5.722220008389849,2.0767340934158263,5.082980538401974,5.022018376279904,1.6940684270550048,6.223469219502515,0.6516816029665273,3.7705379926639253,6.025551300236347,4.890361755440378,1.1499284962555016,-1.0801057196077446,2.6218454862525142,2.9726902006337017,0.8273370572248178,0.7543006213544242,6.467330044969149,6.043597465789295,6.389138353170467,4.433248297118809,4.789183001318671,0.7890766882687925,1.5645289896507464,5.10980770870924,1.4715166456940827,5.957263560492754,2.9923632275404866
0.8210000000000006,0.2638354185623869,-0.25881032607451776,6.20116442576431,3.2735742118433526,5.632250276148082,5.498764394014066,2.550637675424328,2.2365053680506692,4.145884192203866,6.457192052573854,0.027957570573860724,1.0613995731292714,0.5405574852553755,1.2907433183526518,5.154543305713529,-0.8976390287977494,2.993067677036431,-0.5014327291653952,3.282668115428314,5.524562788210819,-0.5664773135831759,-0.2006992508057975,6.032863179078815,5.3289943664804245,1.9150254735254395,0.47001728881401394,3.6120374098447567,1.2951286699416082,0.7938586503055599,6.819270022577403,-0.25024606963941154,4.215448265569676,-0.1263358919298178,6.165053854899042,5.489061049644257,0.19304652222583474,7.364497062911852,-1.5199500263323402,4.660372307297276,1.0368080878172883,0.18874934678270439,1.499071780006884,4.4618389064315656,2.5881857037160794,0.4204444733821652,5.645129755224111,-0.5607570936837166,0.18233699974109704,4.503527218460282,3.4771070038073746,4.630312103483869,-1.9075818636111497,2.210626333030487,-0.2732935636670984,0.12715155927925992,3.5624988645660993,2.366072022073812,6.600562476750333,-0.830488073139695,3.6840278570083838,2.976397246510286,7.364396003686167,2.902295655039641,6.086017395986683,1.746834020120111,0.908114386907886,4.646276035522259,6.6071962642846165,2.9425406032289243,6.090883008781809,4.597065372068852,5.205919092463402,5.727643958477502,5.272077999641818,3.7559371035067124,5.755589811854014,2.0264161216819154,5.101495518837356,5.025836247992546,1.6901652103935687,6.227381365381106,0.6140071550223913,3.768221485255057,6.0347704820144665,4.921996566683087,1.1416400222379113,-1.0941986613177268,2.6138872757287057,2.993075173335625,0.8359890097658933,0.745782347626965,6.479672323979296,6.0476159471241395,6.410588183329007,4.421284165589147,4.784706688734595,0.7833114555540308,1.5373356210359868,5.11780704459841,1.4788146814855614,5.959442759973488,2.9897484152208675
0.8310000000000006,0.26559664376323416,-0.25533806279991383,6.213175639172413,3.2728858561678127,5.647280977257977,5.531301921490113,2.5480315382777423,2.2338995592595685,4.1795453788618975,6.474617677504794,0.020645013203043572,1.074327704348872,0.5333660617470085,1.283505653629129,5.16145948149273,-0.9338277033430238,2.9606462507340505,-0.5106015494023329,3.2644884233695057,5.532924665210606,-0.5825608647457182,-0.2268683944846214,6.064253084805124,5.326555770818578,1.9184529679670808,0.44359925543762646,3.603226685702134,1.299424052083687,0.7729157091049953,6.828860913292202,-0.2601819130899058,4.21169132092169,-0.136293093826524,6.204176348937099,5.490868035497383,0.17396923399459852,7.383024891501801,-1.5422899689838794,4.666626509545251,0.9996916156875738,0.16426255615261776,1.5050859350721477,4.478685168379353,2.5936899996877605,0.42020843808228203,5.641184611660207,-0.588250603143183,0.17001704592108483,4.496391373388964,3.5003263786796333,4.63926139962312,-1.9407657363705222,2.2191849427662653,-0.2789182789275428,0.11569004962102265,3.576809320690799,2.3887689428716143,6.621265009480543,-0.8451954932562659,3.679920539839242,2.9850994454862376,7.3859838365765,2.894789100630616,6.084381146801285,1.7267842509878732,0.8862671847741548,4.664603482318029,6.636397995203914,2.943177331145201,6.11303059708753,4.606375022917686,5.195093627719178,5.736948800935549,5.3049156613190185,3.757297513072395,5.788959615318179,1.9760981499480035,5.120010499272738,5.029654119705187,1.6862619937321326,6.231293511259697,0.5763327070782553,3.765904977846189,6.043989663792586,4.953631377925796,1.133351548220321,-1.108291603027709,2.605929065204897,3.0134601460375485,0.8446409623069688,0.7372640738995059,6.4920146029894426,6.051634428458984,6.432038013487547,4.409320034059484,4.780230376150518,0.7775462228392691,1.5101422524212271,5.125806380487581,1.48611271727704,5.961621959454222,2.9871336029012485
0.8410000000000006,0.26724952018736114,-0.2519716023895165,6.225186852580516,3.2721975004922728,5.662311678367872,5.563839448966159,2.5454254011311566,2.231293750468468,4.213206565519929,6.492043302435734,0.013332455832226413,1.0872558355684725,0.5261746382386415,1.276267988905606,5.168375657271931,-0.9700163778882982,2.92822482443167,-0.5197703696392707,3.2463087313106973,5.541286542210393,-0.5986444159082606,-0.2530375381634453,6.095642990531433,5.324117175156731,1.921880462408722,0.417181222061239,3.5944159615595113,1.3037194342257659,0.7519727679044307,6.838451804007001,-0.27011775654040004,4.2079343762737045,-0.14625029572323017,6.243298842975157,5.492675021350508,0.1548919457633623,7.40155272009175,-1.5646299116354185,4.672880711793226,0.9625751435578603,0.13977576552253113,1.5111000901374114,4.49553143032714,2.5991942956594416,0.4199724027823989,5.637239468096303,-0.6157441126026494,0.1576970921010726,4.4892555283176465,3.523545753551892,4.648210695762371,-1.9739496091298947,2.2277435525020435,-0.2845429941879872,0.1042285399627854,3.591119776815499,2.4114658636694166,6.641967542210753,-0.8599029133728368,3.6758132226701,2.9938016444621893,7.407571669466833,2.8872825462215914,6.082744897615888,1.7067344818556356,0.8644199826404235,4.682930929113798,6.665599726123211,2.9438140590614776,6.135178185393251,4.615684673766521,5.184268162974954,5.746253643393596,5.337753322996219,3.758657922638078,5.822329418782344,1.9257801782140904,5.138525479708121,5.033471991417828,1.6823587770706965,6.2352056571382874,0.5386582591341194,3.7635884704373206,6.053208845570706,4.985266189168505,1.1250630742027306,-1.1223845447376912,2.5979708546810887,3.033845118739472,0.8532929148480444,0.7287458001720467,6.504356881999589,6.055652909793828,6.453487843646086,4.397355902529822,4.775754063566442,0.7717809901245074,1.4829488838064675,5.133805716376751,1.4934107530685188,5.963801158934956,2.9845187905816295
0.8510000000000006,0.2687914662988923,-0.24871101714754143,6.237198065988619,3.271509144816733,5.677342379477767,5.5963769764422056,2.542819263984571,2.228687941677367,4.246867752177961,6.509468927366674,0.006019898461409243,1.100183966788073,0.5189832147302745,1.2690303241820833,5.175291833051133,-1.0062050524335726,2.89580339812929,-0.5289391898762085,3.228129039251889,5.549648419210181,-0.6147279670708029,-0.2792066818422695,6.127032896257742,5.321678579494884,1.9253079568503633,0.3907631886848515,3.5856052374168885,1.3080148163678447,0.7310298267038661,6.8480426947218,-0.2800535999908943,4.204177431625719,-0.15620749761993635,6.282421337013214,5.494482007203634,0.13581465753212607,7.4200805486817,-1.5869698542869577,4.679134914041201,0.9254586714281469,0.11528897489244444,1.5171142452026751,4.512377692274927,2.6046985916311227,0.41973636748251575,5.633294324532399,-0.6432376220621158,0.1453771382810604,4.482119683246329,3.5467651284241506,4.657159991901622,-2.007133481889267,2.2363021622378216,-0.29016770944843157,0.09276703030454815,3.605430232940199,2.434162784467219,6.662670074940963,-0.8746103334894076,3.671705905500958,3.002503843438141,7.429159502357166,2.8797759918125667,6.081108648430491,1.686684712723398,0.8425727805066923,4.701258375909568,6.694801457042508,2.9444507869777543,6.157325773698972,4.624994324615355,5.17344269823073,5.755558485851642,5.37059098467342,3.7600183322037606,5.855699222246509,1.8754622064801774,5.157040460143503,5.03728986313047,1.6784555604092604,6.239117803016878,0.5009838111899834,3.7612719630284523,6.062428027348825,5.016901000411214,1.1167746001851402,-1.1364774864476734,2.59001264415728,3.0542300914413953,0.8619448673891199,0.7202275264445875,6.516699161009736,6.059671391128672,6.474937673804626,4.385391771000159,4.771277750982366,0.7660157574097457,1.4557555151917079,5.141805052265922,1.5007087888599975,5.96598035841569,2.9819039782620105
0.8610000000000007,0.2702199742287841,-0.24555634670106605,6.249209279396722,3.270820789141193,5.692373080587662,5.628914503918252,2.540213126837985,2.2260821328862663,4.280528938835992,6.526894552297614,-0.0012926589094079226,1.1131120980076736,0.5117917912219075,1.2617926594585605,5.182208008830334,-1.042393726978847,2.8633819718269096,-0.5381080101131462,3.2099493471930804,5.558010296209968,-0.6308115182333452,-0.30537582552109366,6.158422801984051,5.319239983833038,1.9287354512920045,0.364345155308464,3.576794513274266,1.3123101985099235,0.7100868855033015,6.857633585436599,-0.28998944344138855,4.200420486977733,-0.16616469951664253,6.3215438310512715,5.496288993056759,0.11673736930088992,7.438608377271649,-1.6093097969384969,4.685389116289176,0.8883421992984334,0.09080218426235767,1.5231284002679388,4.529223954222714,2.610202887602804,0.4195003321826326,5.629349180968496,-0.6707311315215821,0.13305718446104817,4.474983838175011,3.5699845032964093,4.666109288040873,-2.0403173546486397,2.2448607719736,-0.29579242470887596,0.0813055206463109,3.6197406890648987,2.456859705265021,6.683372607671173,-0.8893177536059785,3.667598588331816,3.0112060424140927,7.450747335247499,2.872269437403542,6.079472399245094,1.6666349435911603,0.820725578372961,4.719585822705337,6.724003187961805,2.945087514894031,6.179473362004693,4.6343039754641895,5.162617233486506,5.764863328309689,5.403428646350621,3.7613787417694433,5.889069025710674,1.8251442347462643,5.1755554405788855,5.041107734843111,1.6745523437478242,6.243029948895469,0.46330936324584737,3.758955455619584,6.071647209126945,5.048535811653923,1.1084861261675498,-1.1505704281576556,2.5820544336334716,3.0746150641433188,0.8705968199301954,0.7117092527171284,6.529041440019883,6.063689872463517,6.496387503963166,4.3734276394704965,4.766801438398289,0.760250524694984,1.4285621465769482,5.149804388155093,1.5080068246514762,5.968159557896424,2.9792891659423915
0.8710000000000007,0.2715326151377052,-0.24250760248903874,6.261220492804825,3.270132433465653,5.707403781697557,5.661452031394298,2.5376069896913993,2.2234763240951656,4.314190125494024,6.544320177228554,-0.00860521628022509,1.1260402292272742,0.5046003677135406,1.2545549947350376,5.189124184609535,-1.0785824015241214,2.8309605455245292,-0.547276830350084,3.191769655134272,5.566372173209755,-0.6468950693958876,-0.3315449691999178,6.1898127077103595,5.316801388171191,1.9321629457336458,0.3379271219320765,3.567983789131643,1.3166055806520023,0.6891439443027368,6.867224476151398,-0.2999252868918828,4.196663542329747,-0.1761219014133487,6.360666325089329,5.498095978909885,0.09766008106965383,7.457136205861598,-1.631649739590036,4.691643318537151,0.8512257271687199,0.0663153936322709,1.5291425553332025,4.546070216170501,2.615707183574485,0.41926429688274947,5.625404037404592,-0.6982246409810485,0.12073723064103589,4.467847993103693,3.593203878168668,4.675058584180125,-2.0735012274080122,2.253419381709378,-0.30141713996932035,0.06984401098807365,3.6340511451895985,2.4795566260628235,6.704075140401383,-0.9040251737225494,3.663491271162674,3.0199082413900444,7.472335168137832,2.8647628829945173,6.077836150059697,1.6465851744589226,0.7988783762392297,4.737913269501107,6.753204918881102,2.9457242428103076,6.201620950310414,4.643613626313024,5.151791768742282,5.7741681707677355,5.436266308027822,3.762739151335126,5.922438829174839,1.7748262630123512,5.194070421014268,5.044925606555752,1.6706491270863881,6.2469420947740595,0.4256349153017114,3.756638948210716,6.080866390905064,5.080170622896632,1.1001976521499595,-1.1646633698676379,2.574096223109663,3.095000036845242,0.879248772471271,0.7031909789896692,6.54138371903003,6.067708353798361,6.5178373341217055,4.361463507940834,4.762325125814213,0.7544852919802223,1.4013687779621886,5.157803724044263,1.5153048604429549,5.970338757377158,2.9766743536227724
0.8810000000000007,0.2727270445058792,-0.23956477230711562,6.273231706212928,3.269444077790113,5.722434482807452,5.693989558870345,2.5350008525448136,2.220870515304065,4.347851312152056,6.5617458021594945,-0.015917773651042258,1.1389683604468748,0.49740894420517334,1.2473173300115148,5.196040360388737,-1.1147710760693958,2.798539119222149,-0.5564456505870218,3.1735899630754636,5.574734050209543,-0.6629786205584299,-0.357714112878742,6.2212026134366685,5.314362792509344,1.935590440175287,0.31150908855568904,3.5591730649890203,1.320900962794081,0.6682010031021722,6.876815366866197,-0.30986113034237706,4.192906597681762,-0.1860791033100549,6.399788819127386,5.49990296476301,0.07858279283841775,7.4756640344515475,-1.6539896822415752,4.697897520785126,0.8141092550390064,0.041828603002184134,1.5351567103984662,4.5629164781182885,2.621211479546166,0.4190282615828663,5.621458893840688,-0.7257181504405149,0.10841727682102353,4.460712148032376,3.6164232530409266,4.684007880319376,-2.1066851001673847,2.261977991445156,-0.30704185522976474,0.05838250132983637,3.6483616013142983,2.5022535468606257,6.724777673131594,-0.9187325938391203,3.6593839539935322,3.028610440365996,7.493923001028165,2.8572563285854926,6.0761999008742995,1.626535405326685,0.7770311741054985,4.756240716296876,6.782406649800399,2.9463609707265843,6.2237685386161345,4.652923277161858,5.1409663039980575,5.783473013225782,5.4691039697050225,3.7640995609008088,5.955808632639004,1.7245082912784382,5.21258540144965,5.048743478268394,1.666745910424952,6.25085424065265,0.3879604673575754,3.7543224408018476,6.090085572683184,5.111805434139341,1.091909178132369,-1.17875631157762,2.5661380125858546,3.1153850095471656,0.8879007250123465,0.69467270526221,6.553725998040177,6.071726835133205,6.539287164280245,4.349499376411171,4.757848813230137,0.7487200592654606,1.374175409347429,5.165803059933434,1.5226028962344336,5.972517956857892,2.9740595413031534
0.8910000000000007,0.2738010073368472,-0.23672782491339103,6.285242919621031,3.268755722114573,5.7374651839173465,5.726527086346391,2.532394715398228,2.218264706512964,4.381512498810087,6.579171427090435,-0.02323033102185941,1.1518964916664753,0.4902175206968058,1.240079665287992,5.202956536167938,-1.1509597506146703,2.7661176929197686,-0.5656144708239595,3.155410271016655,5.58309592720933,-0.6790621717209723,-0.38388325655756617,6.252592519162977,5.311924196847498,1.9390179346169283,0.28509105517930156,3.5503623408463976,1.32519634493616,0.6472580619016076,6.886406257580996,-0.3197969737928713,4.189149653033776,-0.19603630520676107,6.438911313165444,5.501709950616136,0.05950550460718165,7.494191863041497,-1.6763296248931143,4.704151723033101,0.776992782909293,0.017341812372097386,1.54117086546373,4.579762740066076,2.626715775517847,0.4187922262829832,5.6175137502767845,-0.7532116598999813,0.09609732300101118,4.453576302961058,3.6396426279131853,4.692957176458627,-2.1398689729267573,2.2705366011809343,-0.31266657049020913,0.04692099167159905,3.662672057438998,2.524950467658428,6.745480205861804,-0.9334400139556912,3.6552766368243903,3.037312639341948,7.515510833918498,2.849749774176468,6.074563651688902,1.6064856361944473,0.7551839719717672,4.7745681630926455,6.811608380719696,2.946997698642861,6.2459161269218555,4.662232928010693,5.1301408392538335,5.792777855683829,5.501941631382223,3.7654599704664915,5.989178436103169,1.6741903195445251,5.231100381885033,5.052561349981035,1.662842693763516,6.254766386531241,0.3502860194134394,3.7520059333929794,6.099304754461303,5.14344024538205,1.0836207041147787,-1.1928492532876023,2.558179802062046,3.135769982249089,0.896552677553422,0.6861544315347509,6.566068277050324,6.0757453164680495,6.560736994438785,4.337535244881509,4.75337250064606,0.7429548265506989,1.3469820407326694,5.173802395822604,1.5299009320259123,5.974697156338626,2.9714447289835344
0.9010000000000007,0.2747523432624433,-0.23399671470173716,6.297254133029134,3.268067366439033,5.752495885027241,5.759064613822438,2.529788578251642,2.2156588977218634,4.415173685468119,6.596597052021375,-0.030542888392676562,1.164824622886076,0.48302609718843825,1.2328420005644691,5.209872711947139,-1.1871484251599447,2.7336962666173883,-0.5747832910608973,3.1372305789578467,5.591457804209117,-0.6951457228835146,-0.41005240023639034,6.283982424889286,5.309485601185651,1.9424454290585695,0.25867302180291407,3.541551616703775,1.3294917270782387,0.626315120701043,6.895997148295795,-0.32973281724336556,4.18539270838579,-0.20599350710346725,6.478033807203501,5.5035169364692615,0.0404282163759455,7.512719691631446,-1.6986695675446535,4.710405925281076,0.7398763107795795,-0.007144978257989348,1.5471850205289936,4.596609002013863,2.6322200714895283,0.41855619098310004,5.613568606712881,-0.7807051693594477,0.08377736918099882,4.44644045788974,3.662862002785444,4.701906472597878,-2.1730528456861298,2.2790952109167124,-0.3182912857506535,0.03545948201336173,3.676982513563698,2.5476473884562303,6.766182738592014,-0.9481474340722621,3.6511693196552484,3.0460148383178995,7.537098666808831,2.842243219767443,6.072927402503505,1.5864358670622096,0.733336769838036,4.792895609888415,6.840810111638993,2.9476344265591377,6.268063715227576,4.671542578859527,5.119315374509609,5.802082698141875,5.534779293059424,3.7668203800321742,6.0225482395673335,1.623872347810612,5.249615362320415,5.0563792216936765,1.6589394771020798,6.2586785324098315,0.3126115714693034,3.749689425984111,6.108523936239423,5.175075056624759,1.0753322300971884,-1.2069421949975845,2.5502215915382376,3.1561549549510124,0.9052046300944976,0.6776361578072917,6.57841055606047,6.079763797802894,6.582186824597325,4.325571113351846,4.748896188061984,0.7371895938359372,1.3197886721179097,5.181801731711775,1.537198967817391,5.9768763558193605,2.9688299166639154
0.9110000000000007,0.27557899153662624,-0.2313713864511628,6.309265346437237,3.2673790107634932,5.767526586137136,5.791602141298484,2.5271824411050563,2.2130530889307627,4.448834872126151,6.614022676952315,-0.037855445763493714,1.1777527541056765,0.4758346736800707,1.2256043358409463,5.216788887726341,-1.223337099705219,2.701274840315008,-0.5839521112978351,3.1190508868990383,5.5998196812089045,-0.711229274046057,-0.4362215439152145,6.315372330615595,5.307047005523804,1.9458729235002108,0.23225498842652678,3.532740892561152,1.3337871092203175,0.6053721795004784,6.905588039010594,-0.3396686606938598,4.1816357637378045,-0.21595070900017344,6.517156301241559,5.505323922322387,0.021350928144709368,7.531247520221395,-1.7210095101961926,4.716660127529051,0.702759838649866,-0.03163176888807608,1.5531991755942574,4.61345526396165,2.6377243674612094,0.4183201556832169,5.609623463148977,-0.808198678818914,0.07145741536098646,4.439304612818423,3.6860813776577026,4.7108557687371295,-2.2062367184455023,2.2876538206524906,-0.3239160010110979,0.023997972355124433,3.691292969688398,2.5703443092540326,6.786885271322224,-0.962854854188833,3.6470620024861065,3.0547170372938512,7.558686499699164,2.8347366653584185,6.071291153318108,1.566386097929972,0.7114895677043047,4.8112230566841845,6.870011842558291,2.9482711544754143,6.290211303533297,4.6808522297083615,5.108489909765385,5.811387540599922,5.567616954736625,3.768180789597857,6.0559180430314985,1.573554376076699,5.268130342755797,5.060197093406318,1.6550362604406437,6.262590678288422,0.2749371235251674,3.747372918575243,6.117743118017542,5.206709867867468,1.067043756079598,-1.2210351367075667,2.542263381014429,3.176539927652936,0.9138565826355731,0.6691178840798325,6.590752835070617,6.083782279137738,6.6036366547558645,4.313606981822184,4.744419875477908,0.7314243611211755,1.29259530350315,5.189801067600945,1.5444970036088697,5.979055555300095,2.9662151043442964
0.9210000000000007,0.27627899590619587,-0.22885178016142227,6.32127655984534,3.2666906550879533,5.782557287247031,5.824139668774531,2.5245763039584705,2.210447280139662,4.482496058784182,6.631448301883255,-0.045168003134310866,1.190680885325277,0.46864325017170316,1.2183666711174235,5.223705063505542,-1.2595257742504935,2.6688534140126277,-0.5931209315347729,3.10087119484023,5.608181558208692,-0.7273128252085993,-0.4623906875940387,6.346762236341904,5.304608409861958,1.949300417941852,0.20583695505013958,3.5239301684185294,1.3380824913623963,0.5844292382999138,6.915178929725393,-0.34960450414435407,4.177878819089819,-0.22590791089687962,6.556278795279616,5.507130908175513,0.00227363991347324,7.549775348811345,-1.7433494528477318,4.722914329777026,0.6656433665201525,-0.056118559518162844,1.559213330659521,4.630301525909437,2.6432286634328905,0.41808412038333376,5.605678319585073,-0.8356921882783804,0.05913746154097412,4.432168767747105,3.7093007525299613,4.719805064876381,-2.239420591204875,2.2962124303882687,-0.3295407162715423,0.012536462696887142,3.7056034258130977,2.593041230051835,6.807587804052434,-0.9775622743054039,3.6429546853169645,3.063419236269803,7.580274332589497,2.827230110949394,6.069654904132711,1.5463363287977343,0.6896423655705735,4.829550503479954,6.899213573477588,2.948907882391691,6.312358891839018,4.690161880557196,5.097664445021161,5.820692383057969,5.600454616413826,3.7695411991635397,6.0892878464956635,1.523236404342786,5.28664532319118,5.064014965118959,1.6511330437792076,6.266502824167013,0.23726267558103142,3.7450564111663747,6.126962299795662,5.238344679110177,1.0587552820620076,-1.235128078417549,2.5343051704906205,3.196924900354859,0.9225085351766487,0.6605996103523734,6.603095114080764,6.087800760472582,6.625086484914404,4.301642850292521,4.739943562893831,0.7256591284064138,1.2654019348883905,5.197800403490116,1.5517950394003484,5.981234754780829,2.9636002920246773
0.9310000000000007,0.2768505093468179,-0.22643783598700132,6.333287773253443,3.2660022994124134,5.797587988356926,5.856677196250577,2.521970166811885,2.2078414713485612,4.516157245442214,6.648873926814195,-0.05248056050512802,1.2036090165448776,0.4614518266633356,1.2111290063939006,5.230621239284743,-1.295714448795768,2.6364319877102473,-0.6022897517717106,3.0826915027814215,5.616543435208479,-0.7433963763711416,-0.48855983127286284,6.378152142068213,5.302169814200111,1.9527279123834933,0.17941892167375237,3.5151194442759066,1.3423778735044751,0.5634862970993492,6.924769820440192,-0.3595403475948483,4.174121874441833,-0.2358651127935858,6.595401289317674,5.508937894028638,-0.01680364831776289,7.568303177401294,-1.765689395499271,4.729168532025001,0.6285268943904391,-0.08060535014824961,1.5652274857247848,4.647147787857224,2.6487329594045717,0.4178480850834506,5.6017331760211695,-0.8631856977378468,0.04681750772096183,4.425032922675787,3.73252012740222,4.728754361015632,-2.2726044639642473,2.304771040124047,-0.3351654315319867,0.0010749530386498399,3.7199138819377975,2.615738150849637,6.828290336782644,-0.9922696944219748,3.6388473681478226,3.0721214352457547,7.6018621654798295,2.819723556540369,6.068018654947314,1.5262865596654966,0.6677951634368422,4.847877950275723,6.928415304396885,2.9495446103079677,6.334506480144739,4.69947153140603,5.086838980276937,5.829997225516015,5.633292278091027,3.7709016087292224,6.122657649959828,1.472918432608873,5.305160303626562,5.067832836831601,1.6472298271177714,6.2704149700456036,0.19958822763689543,3.7427399037575064,6.136181481573781,5.269979490352886,1.0504668080444173,-1.2492210201275311,2.526346959966812,3.2173098730567826,0.9311604877177242,0.6520813366249142,6.615437393090911,6.091819241807427,6.646536315072944,4.2896787187628584,4.735467250309755,0.7198938956916521,1.2382085662736309,5.2057997393792865,1.559093075191827,5.983413954261563,2.9609854797050583
0.9410000000000007,0.27729179865320724,-0.22412949928365045,6.345298986661546,3.2653139437368734,5.812618689466821,5.8892147237266235,2.519364029665299,2.2052356625574605,4.5498184321002455,6.666299551745135,-0.05979311787594517,1.2165371477644782,0.4542604031549681,1.2038913416703778,5.237537415063945,-1.3319031233410423,2.604010561407867,-0.6114585720086484,3.064511810722613,5.624905312208266,-0.759479927533684,-0.5147289749516867,6.409542047794522,5.299731218538264,1.9561554068251346,0.15300088829736516,3.506308720133284,1.346673255646554,0.5425433558987846,6.934360711154991,-0.3694761910453426,4.170364929793847,-0.24582231469029198,6.634523783355731,5.510744879881764,-0.035880936548999015,7.586831005991243,-1.78802933815081,4.735422734272976,0.5914104222607256,-0.10509214077833638,1.5712416407900485,4.663994049805011,2.6542372553762528,0.4176120497835675,5.597788032457266,-0.8906792071973132,0.034497553900949544,4.4178970776044695,3.7557395022744786,4.737703657154883,-2.30578833672362,2.313329649859825,-0.3407901467924311,-0.010386556619587461,3.7342243380624973,2.6384350716474394,6.848992869512855,-1.0069771145385458,3.6347400509786807,3.0808236342217064,7.6234499983701625,2.8122170021313444,6.0663824057619165,1.506236790533259,0.6459479613031109,4.866205397071493,6.957617035316182,2.9501813382242443,6.35665406845046,4.708781182254865,5.076013515532713,5.839302067974062,5.666129939768227,3.772262018294905,6.156027453423993,1.4226004608749598,5.323675284061944,5.071650708544242,1.6433266104563353,6.274327115924194,0.16191377969275944,3.740423396348638,6.145400663351901,5.3016143015955945,1.042178334026827,-1.2633139618375133,2.5183887494430035,3.237694845758706,0.9398124402587997,0.643563062897455,6.627779672101058,6.095837723142271,6.667986145231484,4.277714587233196,4.730990937725679,0.7141286629768904,1.2110151976588712,5.213799075268457,1.5663911109833057,5.985593153742297,2.9583706673854393
0.9510000000000007,0.277601248872757,-0.22192672578380918,6.357310200069649,3.2646255880613335,5.827649390576716,5.92175225120267,2.5167578925187133,2.20262985376636,4.583479618758277,6.6837251766760755,-0.06710567524676232,1.2294652789840788,0.44706897964660053,1.196653676946855,5.244453590843146,-1.3680917978863167,2.5715891351054867,-0.6206273922455862,3.0463321186638046,5.633267189208054,-0.7755634786962263,-0.5408981186305103,6.440931953520831,5.297292622876418,1.9595829012667758,0.12658285492097796,3.497497995990661,1.3509686377886327,0.5216004146982199,6.94395160186979,-0.3794120344958368,4.166607985145862,-0.255779516586998,6.673646277393789,5.512551865734889,-0.05495822478023517,7.605358834581192,-1.8103692808023493,4.7416769365209515,0.5542939501310121,-0.12957893140842314,1.5772557958553122,4.680840311752799,2.659741551347934,0.41737601448368433,5.593842888893362,-0.9181727166567796,0.022177600080937256,4.410761232533152,3.7789588771467373,4.746652953294134,-2.3389722094829923,2.321888259595603,-0.34641486205287547,-0.021848066277824756,3.748534794187197,2.6611319924452417,6.869695402243065,-1.0216845346551167,3.6306327338095388,3.089525833197658,7.645037831260495,2.8047104477223197,6.064746156576519,1.4861870214010213,0.6241007591693797,4.884532843867262,6.986818766235479,2.950818066140521,6.378801656756181,4.718090833103699,5.065188050788489,5.848606910432109,5.698967601445428,3.773622427860588,6.189397256888158,1.3722824891410468,5.342190264497327,5.075468580256883,1.6394233937948992,6.278239261802785,0.12423933174862345,3.73810688893977,6.1546198451300205,5.3332491128383035,1.0338898600092365,-1.2774069035474955,2.510430538919195,3.2580798184606294,0.9484643927998753,0.6350447891699958,6.640121951111205,6.099856204477115,6.689435975390023,4.265750455703533,4.726514625141602,0.7083634302621287,1.1838218290441116,5.221798411157628,1.5736891467747844,5.987772353223031,2.9557558550658203
0.9610000000000007,0.2777773675723609,-0.21982948691961432,6.369321413477752,3.2639372323857936,5.842680091686611,5.954289778678716,2.5141517553721275,2.200024044975259,4.617140805416309,6.701150801607016,-0.07441823261757947,1.2423934102036793,0.439877556138233,1.1894160122233322,5.251369766622347,-1.4042804724315912,2.5391677088031064,-0.6297962124825239,3.028152426604996,5.641629066207841,-0.7916470298587687,-0.5670672623093339,6.47232185924714,5.294854027214571,1.963010395708417,0.10016482154459075,3.4886872718480384,1.3552640199307115,0.5006574734976553,6.953542492584589,-0.3893478779463311,4.162851040497876,-0.2657367184837039,6.712768771431846,5.514358851588015,-0.07403551301147128,7.623886663171142,-1.8327092234538884,4.7479311387689265,0.5171774780012987,-0.15406572203850977,1.5832699509205759,4.697686573700586,2.665245847319615,0.4171399791838012,5.589897745329458,-0.945666226116246,0.009857646260924967,4.403625387461834,3.802178252018996,4.755602249433386,-2.372156082242365,2.3304468693313813,-0.35203957731331986,-0.03330957593606205,3.762845250311897,2.683828913243044,6.890397934973275,-1.0363919547716876,3.626525416640397,3.0982280321736098,7.666625664150828,2.797203893313295,6.063109907391122,1.4661372522687837,0.6022535570356484,4.902860290663032,7.016020497154776,2.9514547940567977,6.400949245061902,4.727400483952533,5.054362586044265,5.857911752890155,5.731805263122629,3.7749828374262706,6.222767060352323,1.3219645174071337,5.360705244932709,5.079286451969525,1.635520177133463,6.282151407681376,0.08656488380448746,3.7357903815309017,6.16383902690814,5.3648839240810124,1.0256013859916462,-1.2914998452574777,2.5024723283953865,3.278464791162553,0.9571163453409508,0.6265265154425367,6.6524642301213515,6.1038746858119595,6.710885805548563,4.253786324173871,4.722038312557526,0.702598197547367,1.156628460429352,5.229797747046798,1.5809871825662631,5.989951552703765,2.9531410427462013
0.9710000000000008,0.2778187889286539,-0.21783777531472706,6.381332626885855,3.2632488767102537,5.857710792796506,5.986827306154763,2.511545618225542,2.1974182361841583,4.65080199207434,6.718576426537956,-0.08173078998839663,1.25532154142328,0.43268613262986544,1.1821783474998093,5.258285942401549,-1.4404691469768656,2.506746282500726,-0.6389650327194617,3.0099727345461877,5.649990943207628,-0.807730581021311,-0.5932364059881575,6.503711764973449,5.292415431552724,1.9664378901500583,0.07374678816820354,3.4798765477054157,1.3595594020727904,0.47971453229709127,6.963133383299388,-0.39928372139682533,4.15909409584989,-0.2756939203804098,6.7518912654699035,5.51616583744114,-0.09311280124270736,7.642414491761091,-1.8550491661054276,4.7541853410169015,0.4800610058715852,-0.1785525126685964,1.5892841059858396,4.714532835648373,2.670750143291296,0.41690394388391805,5.5859526017655545,-0.9731597355757123,-0.0024623075590873298,4.396489542390516,3.8253976268912546,4.764551545572637,-2.4053399550017374,2.3390054790671595,-0.35766429257376425,-0.04477108559429937,3.777155706436597,2.7065258340408462,6.911100467703485,-1.0510993748882584,3.622418099471255,3.1069302311495615,7.688213497041161,2.7896973389042703,6.061473658205725,1.446087483136546,0.5804063549019172,4.921187737458801,7.045222228074073,2.9520915219730743,6.423096833367623,4.736710134801368,5.043537121300041,5.867216595348202,5.76464292479983,3.7763432469919533,6.256136863816488,1.2716465456732207,5.379220225368091,5.083104323682166,1.631616960472027,6.286063553559966,0.04889043586035147,3.7334738741220335,6.1730582086862595,5.396518735323721,1.0173129119740558,-1.30559278696746,2.494514117871578,3.2988497638644763,0.9657682978820263,0.6180082417150775,6.664806509131498,6.107893167146804,6.732335635707103,4.241822192644208,4.71756199997345,0.6968329648326053,1.1294350918145923,5.237797082935969,1.5882852183577418,5.992130752184499,2.9505262304265822
0.9810000000000008,0.27772427763238683,-0.21595161046898578,6.393343840293958,3.2625605210347137,5.872741493906401,6.019364833630809,2.508939481078956,2.1948124273930576,4.684463178732372,6.736002051468896,-0.08904334735921378,1.2682496726428805,0.4254947091214979,1.1749406827762865,5.26520211818075,-1.47665782152214,2.4743248561983457,-0.6481338529563995,2.9917930424873793,5.658352820207416,-0.8238141321838534,-0.6194055496669811,6.535101670699758,5.289976835890878,1.9698653845916996,0.047328754791816294,3.471065823562793,1.3638547842148692,0.4587715910965272,6.972724274014187,-0.4092195648473196,4.155337151201905,-0.2856511222771157,6.791013759507961,5.517972823294266,-0.11219008947394345,7.66094232035104,-1.8773891087569667,4.7604395432648765,0.4429445337418717,-0.20303930329868303,1.5952982610511033,4.73137909759616,2.6762544392629772,0.4166679085840349,5.582007458201651,-1.0006532450351788,-0.014782261379099625,4.389353697319199,3.8486170017635133,4.773500841711888,-2.43852382776111,2.3475640888029377,-0.36328900783420864,-0.05623259525253669,3.7914661625612966,2.7292227548386485,6.931803000433695,-1.0658067950048293,3.618310782302113,3.115632430125513,7.709801329931494,2.7821907844952456,6.059837409020328,1.4260377140043083,0.5585591527681859,4.939515184254571,7.07442395899337,2.952728249889351,6.445244421673344,4.746019785650202,5.032711656555817,5.8765214378062485,5.797480586477031,3.777703656557636,6.289506667280653,1.2213285739393076,5.397735205803474,5.086922195394807,1.6277137438105909,6.289975699438557,0.011215987916215479,3.7311573667131652,6.182277390464379,5.42815354656643,1.0090244379564655,-1.3196857286774422,2.4865559073477694,3.3192347365663997,0.9744202504231019,0.6094899679876183,6.677148788141645,6.111911648481648,6.753785465865643,4.2298580611145455,4.713085687389373,0.6910677321178436,1.1022417231998327,5.245796418825139,1.5955832541492205,5.994309951665233,2.947911418106963
0.9910000000000008,0.27749273259815954,-0.2141710446629264,6.405355053702061,3.261872165359174,5.887772195016296,6.051902361106856,2.5063333439323703,2.192206618601957,4.718124365390404,6.753427676399836,-0.09635590473003093,1.281177803862481,0.41830328561313035,1.1677030180527637,5.272118293959951,-1.5128464960674144,2.4419034298959654,-0.6573026731933372,2.973613350428571,5.666714697207203,-0.8398976833463957,-0.6455746933458048,6.566491576426067,5.287538240229031,1.9732928790333408,0.020910721415429018,3.46225509942017,1.368150166356948,0.43782864989596315,6.982315164728986,-0.41915540829781384,4.151580206553919,-0.2956083241738216,6.830136253546018,5.5197798091473915,-0.13126737770517957,7.67947014894099,-1.899729051408506,4.7666937455128515,0.40582806161215823,-0.22752609392876966,1.601312416116367,4.748225359543947,2.6817587352346584,0.41643187328415177,5.578062314637747,-1.0281467544946452,-0.027102215199111913,4.382217852247881,3.871836376635772,4.782450137851139,-2.4717077005204824,2.356122698538716,-0.36891372309465303,-0.06769410491077398,3.8057766186859965,2.751919675636451,6.952505533163905,-1.0805142151214002,3.614203465132971,3.124334629101465,7.731389162821827,2.774684230086221,6.058201159834931,1.4059879448720707,0.5367119506344546,4.95784263105034,7.1036256899126675,2.9533649778056277,6.467392009979065,4.755329436499037,5.021886191811593,5.885826280264295,5.8303182481542315,3.779064066123319,6.322876470744818,1.1710106022053945,5.416250186238856,5.090740067107449,1.6238105271491547,6.293887845317148,-0.026458460027920502,3.728840859304297,6.191496572242499,5.459788357809139,1.000735963938875,-1.3337786703874244,2.478597696823961,3.339619709268323,0.9830722029641774,0.6009716942601592,6.689491067151792,6.115930129816492,6.775235296024182,4.217893929584883,4.708609374805297,0.6853024994030819,1.075048354585073,5.25379575471431,1.6028812899406992,5.996489151145967,2.945296605787344
1.0010000000000006,0.2771231904712631,-0.21249616911255786,6.417366267110164,3.261183809683634,5.9028028961261905,6.084439888582902,2.5037272067857845,2.189600809810856,4.751785552048435,6.770853301330776,-0.10366846210084808,1.2941059350820816,0.4111118621047628,1.1604653533292408,5.279034469739153,-1.5490351706126888,2.409482003593585,-0.666471493430275,2.9554336583697625,5.67507657420699,-0.855981234508938,-0.6717438370246284,6.597881482152376,5.285099644567184,1.976720373474982,-0.005507311960958244,3.4534443752775474,1.3724455484990268,0.4168857086953991,6.991906055443785,-0.4290912517483081,4.147823261905933,-0.3055655260705275,6.869258747584076,5.521586795000517,-0.1503446659364158,7.697997977530939,-1.922068994060045,4.7729479477608265,0.36871158948244476,-0.2520128845588563,1.6073265711816307,4.765071621491734,2.6872630312063395,0.4161958379842686,5.574117171073843,-1.0556402639541116,-0.0394221690191242,4.375082007176563,3.8950557515080306,4.7913994339903905,-2.504891573279855,2.364681308274494,-0.3745384383550974,-0.07915561456901123,3.8200870748106963,2.774616596434253,6.973208065894116,-1.0952216352379711,3.610096147963829,3.1330368280774166,7.75297699571216,2.767177675677196,6.056564910649533,1.385938175739833,0.5148647485007234,4.97617007784611,7.132827420831965,2.9540017057219043,6.489539598284786,4.764639087347871,5.011060727067369,5.895131122722342,5.863155909831432,3.7804244756890015,6.356246274208983,1.1206926304714815,5.4347651666742385,5.09455793882009,1.6199073104877186,6.297799991195738,-0.0641329079720565,3.7265243518954287,6.200715754020618,5.491423169051848,0.9924474899212836,-1.3478716120974066,2.4706394863001524,3.3600046819702465,0.991724155505253,0.5924534205327,6.701833346161939,6.119948611151337,6.796685126182722,4.20592979805522,4.704133062221221,0.6795372666883202,1.0478549859703135,5.2617950906034805,1.610179325732178,5.998668350626701,2.942681793467725
1.0109999999999995,0.27661482892391615,-0.21092712040847605,6.429377480518267,3.260495454008094,5.917833597236085,6.1169774160589485,2.501121069639199,2.1869950010197554,4.785446738706467,6.788278926261716,-0.11098101947166523,1.3070340663016822,0.40392043859639526,1.153227688605718,5.285950645518354,-1.5852238451579632,2.377060577291205,-0.6756403136672128,2.937253966310954,5.6834384512067775,-0.8720647856714804,-0.697912980703452,6.629271387878685,5.282661048905338,1.9801478679166233,-0.03192534533734551,3.4446336511349247,1.3767409306411056,0.39594276749483504,7.001496946158584,-0.43902709519880234,4.1440663172579475,-0.3155227279672334,6.908381241622133,5.523393780853643,-0.16942195416765202,7.716525806120888,-1.9444089367115842,4.7792021500088016,0.3315951173527313,-0.2764996751889429,1.6133407262468944,4.7819178834395215,2.6927673271780206,0.4159598026843855,5.57017202750994,-1.083133773413578,-0.05174212283913649,4.3679461621052456,3.9182751263802893,4.800348730129642,-2.5380754460392274,2.373239918010272,-0.3801631536155418,-0.09061712422724848,3.834397530935396,2.7973135172320553,6.993910598624326,-1.109929055354542,3.6059888307946872,3.1417390270533683,7.774564828602493,2.7596711212681715,6.054928661464136,1.3658884066075954,0.4930175463669919,4.994497524641879,7.162029151751262,2.954638433638181,6.511687186590507,4.773948738196705,5.0002352623231445,5.904435965180388,5.895993571508633,3.7817848852546843,6.389616077673148,1.0703746587375684,5.453280147109621,5.0983758105327315,1.6160040938262825,6.301712137074329,-0.10180735591619249,3.7242078444865605,6.209934935798738,5.523057980294557,0.9841590159036921,-1.3619645538073888,2.462681275776344,3.38038965467217,1.0003761080463285,0.5839351468052408,6.714175625172086,6.123967092486181,6.818134956341262,4.193965666525558,4.699656749637144,0.6737720339735584,1.0206616173555538,5.269794426492651,1.6174773615236566,6.000847550107435,2.940066981148106
1.0209999999999984,0.27596696973373697,-0.2094640872775194,6.44138869392637,3.259807098332554,5.93286429834598,6.149514943534995,2.498514932492613,2.1843891922286547,4.819107925364499,6.805704551192656,-0.11829357684248239,1.3199621975212827,0.3967290150880277,1.1459900238821952,5.292866821297555,-1.6214125197032376,2.3446391509888245,-0.6848091339041505,2.9190742742521456,5.691800328206565,-0.8881483368340227,-0.7240821243822756,6.660661293604994,5.280222453243491,1.9835753623582646,-0.05834337871373279,3.435822926992302,1.3810363127831844,0.374999826294271,7.011087836873383,-0.4489629386492966,4.140309372609962,-0.3254799298639393,6.947503735660191,5.525200766706768,-0.18849924239888824,7.735053634710837,-1.9667488793631234,4.785456352256777,0.2944786452230178,-0.30098646581902955,1.619354881312158,4.798764145387309,2.6982716231497017,0.41572376738450234,5.566226883946036,-1.1106272828730444,-0.06406207665914879,4.360810317033928,3.941494501252548,4.809298026268893,-2.5712593187986,2.3817985277460503,-0.3857878688759862,-0.10207863388548573,3.848707987060096,2.8200104380298576,7.014613131354536,-1.124636475471113,3.6018815136255453,3.15044122602932,7.796152661492826,2.752164566859147,6.053292412278739,1.3458386374753577,0.4711703442332601,5.012824971437649,7.191230882670559,2.9552751615544577,6.533834774896228,4.78325838904554,4.9894097975789204,5.913740807638435,5.928831233185834,3.783145294820367,6.422985881137313,1.0200566870036554,5.471795127545003,5.102193682245373,1.6121008771648464,6.30562428295292,-0.13948180386032846,3.7218913370776923,6.219154117576857,5.554692791537266,0.9758705418861007,-1.376057495517371,2.4547230652525354,3.4007746273740933,1.0090280605874051,0.5754168730777817,6.7265179041822325,6.127985573821025,6.839584786499802,4.182001534995895,4.695180437053068,0.6680068012587967,0.9934682487407939,5.277793762381822,1.6247753973151353,6.0030267495881695,2.937452168828487
1.0309999999999973,0.2751790816378569,-0.20810731770975013,6.4533999073344726,3.259118742657014,5.947894999455875,6.182052471011041,2.4959087953460273,2.181783383437554,4.85276911202253,6.8231301761235965,-0.12560613421329955,1.3328903287408833,0.38953759157966017,1.1387523591586723,5.299782997076757,-1.657601194248512,2.312217724686444,-0.6939779541410883,2.900894582193337,5.700162205206352,-0.9042318879965651,-0.7502512680610992,6.692051199331303,5.277783857581644,1.9870028567999058,-0.08476141209012,3.4270122028496792,1.3853316949252632,0.3540568850937069,7.020678727588182,-0.45889878209979085,4.136552427961976,-0.3354371317606452,6.986626229698248,5.527007752559894,-0.20757653063012446,7.753581463300787,-1.9890888220146625,4.791710554504752,0.25736217309330434,-0.3254732564491162,1.6253690363774218,4.815610407335096,2.703775919121383,0.4154877320846192,5.562281740382132,-1.1381207923325107,-0.07638203047916114,4.35367447196261,3.9647138761248066,4.818247322408144,-2.6044431915579724,2.3903571374818284,-0.3914125841364306,-0.11354014354372298,3.863018443184796,2.84270735882766,7.035315664084746,-1.1393438955876838,3.5977741964564034,3.1591434250052717,7.817740494383159,2.744658012450122,6.051656163093342,1.32578886834312,0.4493231420995283,5.031152418233418,7.220432613589856,2.9559118894707344,6.555982363201949,4.792568039894374,4.978584332834696,5.923045650096482,5.961668894863035,3.7845057043860497,6.456355684601478,0.9697387152697423,5.4903101079803855,5.106011553958014,1.6081976605034103,6.30953642883151,-0.17715625180446445,3.719574829668824,6.228373299354977,5.586327602779975,0.9675820678685092,-1.3901504372273532,2.446764854728727,3.4211596000760167,1.0176800131284818,0.5668985993503225,6.738860183192379,6.132004055155869,6.861034616658341,4.170037403466233,4.690704124468992,0.662241568544035,0.9662748801260331,5.285793098270992,1.632073433106614,6.005205949068904,2.934837356508868
1.0409999999999962,0.27425078295666416,-0.20685712649870458,6.4654111207425755,3.258430386981474,5.96292570056577,6.214589998487088,2.4933026581994415,2.1791775746464532,4.886430298680562,6.840555801054537,-0.1329186915841167,1.3458184599604839,0.3823461680712926,1.1315146944351495,5.306699172855958,-1.6937898687937865,2.279796298384064,-0.7031467743780261,2.8827148901345288,5.708524082206139,-0.9203154391591074,-0.7764204117399228,6.723441105057612,5.275345261919798,1.990430351241547,-0.11117944546650721,3.4182014787070565,1.389627077067342,0.33311394389314286,7.030269618302981,-0.4688346255502851,4.13279548331399,-0.3453943336573511,7.025748723736306,5.528814738413019,-0.22665381886136068,7.772109291890736,-2.0114287646662006,4.797964756752727,0.2202457009635906,-0.3499600470792028,1.6313831914426855,4.832456669282883,2.709280215093064,0.41525169678473606,5.558336596818228,-1.1656143017919771,-0.0887019842991735,4.3465386268912924,3.9879332509970653,4.827196618547395,-2.637627064317345,2.3989157472176066,-0.397037299396875,-0.12500165320196024,3.8773288993094956,2.865404279625462,7.056018196814956,-1.1540513157042547,3.5936668792872615,3.1678456239812234,7.839328327273492,2.7371514580410974,6.050019913907945,1.3057390992108824,0.42747593996579647,5.049479865029188,7.249634344509153,2.956548617387011,6.57812995150767,4.801877690743209,4.967758868090472,5.932350492554528,5.994506556540236,3.7858661139517324,6.489725488065643,0.9194207435358293,5.508825088415768,5.109829425670656,1.6042944438419742,6.313448574710101,-0.21483069974860045,3.717258322259956,6.237592481133096,5.617962414022684,0.9592935938509177,-1.4042433789373354,2.4388066442049183,3.44154457277794,1.0263319656695584,0.5583803256228633,6.751202462202526,6.136022536490714,6.882484446816881,4.15807327193657,4.686227811884915,0.6564763358292733,0.9390815115112724,5.293792434160163,1.6393714688980927,6.007385148549638,2.932222544189249
1.050999999999995,0.2731818439817604,-0.20571390324863242,6.4774223341506785,3.257742031305934,5.977956401675665,6.247127525963134,2.4906965210528558,2.1765717658553525,4.9200914853385935,6.857981425985477,-0.14023124895493386,1.3587465911800845,0.3751547445629251,1.1242770297116267,5.313615348635159,-1.7299785433390609,2.2473748720816835,-0.7123155946149639,2.8645351980757203,5.716885959205927,-0.9363989903216497,-0.8025895554187464,6.754831010783921,5.272906666257951,1.9938578456831884,-0.13759747884289442,3.4093907545644337,1.3939224592094208,0.3121710026925788,7.03986050901778,-0.47877046900077935,4.129038538666005,-0.355351535554057,7.064871217774363,5.530621724266145,-0.2457311070925969,7.790637120480685,-2.0337687073177375,4.804218959000702,0.18312922883387686,-0.37444683770928944,1.6373973465079492,4.84930293123067,2.714784511064745,0.4150156614848529,5.554391453254325,-1.1931078112514435,-0.10102193811918586,4.339402781819975,4.011152625869324,4.836145914686647,-2.6708109370767175,2.4074743569533847,-0.4026620146573194,-0.13646316286019763,3.8916393554341955,2.8881012004232645,7.076720729545166,-1.1687587358208256,3.5895595621181196,3.176547822957175,7.860916160163825,2.7296449036320727,6.0483836647225475,1.2856893300786447,0.40562873783206466,5.067807311824957,7.27883607542845,2.9571853453032877,6.600277539813391,4.811187341592043,4.956933403346248,5.941655335012575,6.027344218217436,3.787226523517415,6.523095291529808,0.8691027718019162,5.52734006885115,5.113647297383297,1.600391227180538,6.317360720588692,-0.2525051476927364,3.7149418148510875,6.246811662911216,5.649597225265393,0.9510051198333263,-1.4183363206473176,2.43084843368111,3.4619295454798635,1.034983918210635,0.5498620518954042,6.763544741212673,6.140041017825558,6.903934276975421,4.1461091404069075,4.681751499300839,0.6507111031145116,0.9118881428965117,5.301791770049333,1.6466695046895714,6.009564348030372,2.92960773186963
1.060999999999994,0.27197218912332594,-0.20467812090898613,6.489433547558781,3.2570536756303943,5.99298710278556,6.279665053439181,2.48809038390627,2.1739659570642518,4.953752671996625,6.875407050916417,-0.147543806325751,1.371674722399685,0.36796332105455754,1.1170393649881039,5.320531524414361,-1.7661672178843353,2.214953445779303,-0.7214844148519016,2.846355506016912,5.725247836205714,-0.9524825414841921,-0.82875869909757,6.78622091651023,5.270468070596104,1.9972853401248296,-0.16401551221928162,3.400580030421811,1.3982178413514996,0.29122806149201474,7.049451399732579,-0.4887063124512736,4.125281594018019,-0.3653087374507629,7.103993711812421,5.53242871011927,-0.2648083953238331,7.8091649490706345,-2.0561086499692744,4.810473161248677,0.1460127567041631,-0.39893362833937607,1.643411501573213,4.866149193178457,2.720288807036426,0.4147796261849698,5.550446309690421,-1.2206013207109099,-0.11334189193919822,4.332266936748657,4.034372000741583,4.845095210825898,-2.70399480983609,2.416032966689163,-0.40828672991776377,-0.14792467251843502,3.9059498115588953,2.9107981212210667,7.097423262275377,-1.1834661559373965,3.5854522449489776,3.185250021933127,7.882503993054158,2.722138349223048,6.04674741553715,1.265639560946407,0.38378153569833284,5.086134758620727,7.308037806347747,2.9578220732195644,6.6224251281191115,4.820496992440877,4.946107938602024,5.950960177470622,6.060181879894637,3.788586933083098,6.556465094993973,0.8187848000680031,5.545855049286533,5.117465169095938,1.596488010519102,6.321272866467282,-0.2901795956368724,3.7126253074422193,6.256030844689335,5.681232036508102,0.9427166458157348,-1.4324292623572998,2.4228902231573013,3.482314518181787,1.0436358707517117,0.541343778167945,6.77588702022282,6.144059499160402,6.925384107133961,4.134145008877245,4.677275186716763,0.6449458703997499,0.8846947742817509,5.309791105938504,1.65396754048105,6.011743547511106,2.926992919550011
1.0709999999999928,0.27062189881271276,-0.20375034490381808,6.501444760966884,3.2563653199548543,6.008017803895455,6.312202580915227,2.4854842467596843,2.171360148273151,4.987413858654657,6.892832675847357,-0.15485636369656816,1.3846028536192856,0.36077189754619,1.109801700264581,5.327447700193562,-1.8023558924296097,2.182532019476923,-0.7306532350888394,2.8281758139581035,5.733609713205501,-0.9685660926467344,-0.8549278427763937,6.817610822236539,5.2680294749342575,2.00071283456647,-0.19043354559566883,3.3917693062791883,1.4025132234935784,0.2702851202914507,7.059042290447378,-0.49864215590176786,4.121524649370033,-0.3752659393474688,7.143116205850478,5.534235695972396,-0.2838856835550693,7.827692777660584,-2.0784485926208114,4.816727363496652,0.10889628457444943,-0.4234204189694627,1.6494256566384766,4.882995455126244,2.7257931030081073,0.41454359088508663,5.546501166126517,-1.2480948301703763,-0.12566184575921058,4.325131091677339,4.057591375613842,4.854044506965149,-2.7371786825954625,2.424591576424941,-0.41391144517820816,-0.15938618217667241,3.920260267683595,2.933495042018869,7.118125795005587,-1.1981735760539673,3.5813449277798357,3.1939522209090785,7.904091825944491,2.7146317948140233,6.045111166351753,1.2455897918141694,0.36193433356460103,5.104462205416496,7.3372395372670445,2.958458801135841,6.6445727164248325,4.829806643289712,4.9352824738578,5.960265019928668,6.093019541571838,3.7899473426487806,6.589834898458138,0.7684668283340901,5.564370029721915,5.12128304080858,1.5925847938576658,6.325185012345873,-0.3278540435810084,3.710308800033351,6.265250026467455,5.712866847750811,0.9344281717981433,-1.446522204067282,2.4149320126334928,3.5026994908837104,1.0522878232927884,0.5328255044404858,6.788229299232967,6.148077980495247,6.9468339372925,4.122180877347582,4.6727988741326865,0.6391806376849882,0.8575014056669902,5.3177904418276745,1.6612655762725288,6.01392274699184,2.924378107230392
1.0809999999999917,0.2691312111567285,-0.2029312429321444,6.513455974374987,3.2556769642793144,6.02304850500535,6.344740108391274,2.4828781096130985,2.1687543394820503,5.0210750453126884,6.910258300778297,-0.1621689210673853,1.3975309848388862,0.35358047403782245,1.1025640355410582,5.334363875972763,-1.838544566974884,2.1501105931745426,-0.7398220553257772,2.809996121899295,5.741971590205289,-0.9846496438092768,-0.8810969864552173,6.8490007279628475,5.265590879272411,2.0041403290081092,-0.21685157897205604,3.3829585821365655,1.4068086056356572,0.24934217909088663,7.068633181162177,-0.5085779993522617,4.117767704722048,-0.3852231412441747,7.1822386998885355,5.5360426818255215,-0.30296297178630555,7.846220606250533,-2.1007885352723483,4.822981565744627,0.07177981244473582,-0.4479072095995493,1.6554398117037403,4.899841717074032,2.7312973989797884,0.4143075555852035,5.542556022562613,-1.2755883396298426,-0.1379817995792228,4.317995246606022,4.0808107504861,4.8629938031044,-2.770362555354835,2.433150186160719,-0.41953616043865255,-0.1708476918349098,3.934570723808295,2.9561919628166713,7.138828327735797,-1.2128809961705382,3.577237610610694,3.20265441988503,7.925679658834824,2.7071252404049986,6.043474917166356,1.2255400226819317,0.3400871314308692,5.122789652212266,7.366441268186342,2.9590955290521177,6.666720304730553,4.839116294138546,4.924457009113576,5.969569862386715,6.125857203249039,3.7913077522144634,6.623204701922303,0.718148856600177,5.582885010157297,5.125100912521221,1.5886815771962297,6.329097158224464,-0.3655284915251444,3.707992292624483,6.274469208245574,5.74450165899352,0.9261396977805518,-1.4606151457772643,2.4069738021096843,3.5230844635856338,1.060939775833865,0.5243072307130267,6.8005715782431135,6.152096461830091,6.96828376745104,4.11021674581792,4.66832256154861,0.6334154049702265,0.8303080370522294,5.325789777716845,1.6685636120640075,6.016101946472574,2.921763294910773
1.0909999999999906,0.26750052334073376,-0.2022215955249105,6.52546718778309,3.2549886086037745,6.038079206115245,6.37727763586732,2.4802719724665128,2.1661485306909496,5.05473623197072,6.927683925709237,-0.16948147843820247,1.4104591160584867,0.3463890505294549,1.0953263708175354,5.341280051751965,-1.8747332415201585,2.1176891668721622,-0.7489908755627149,2.7918164298404866,5.750333467205076,-1.000733194971819,-0.9072661301340409,6.8803906336891565,5.263152283610564,2.0075678234497483,-0.24326961234844324,3.374147857993943,1.411103987777736,0.22839923789032257,7.078224071876976,-0.5185138428027554,4.114010760074062,-0.39518034314088063,7.221361193926593,5.537849667678647,-0.32204026001754177,7.864748434840482,-2.1231284779238853,4.829235767992602,0.034663340315022204,-0.47239400022963596,1.661453966769004,4.916687979021819,2.7368016949514695,0.41407152028532035,5.53861087899871,-1.303081849089309,-0.15030175339923502,4.310859401534704,4.104030125358359,4.871943099243651,-2.8035464281142075,2.4417087958964974,-0.42516087569909694,-0.1823092014931472,3.948881179932995,2.9788888836144736,7.159530860466007,-1.2275884162871091,3.573130293441552,3.211356618860982,7.947267491725157,2.699618685995974,6.041838667980959,1.205490253549694,0.3182399292971374,5.141117099008035,7.395642999105639,2.9597322569683944,6.688867893036274,4.8484259449873806,4.913631544369352,5.9788747048447615,6.15869486492624,3.792668161780146,6.656574505386468,0.667830884866264,5.60139999059268,5.128918784233862,1.5847783605347936,6.333009304103054,-0.4032029394692804,3.7056757852156146,6.283688390023694,5.776136470236229,0.9178512237629604,-1.4747080874872465,2.3990155915858757,3.543469436287557,1.0695917283749417,0.5157889569855675,6.81291385725326,6.156114943164935,6.98973359760958,4.098252614288257,4.663846248964534,0.6276501722554648,0.8031146684374687,5.333789113606016,1.6758616478554862,6.018281145953308,2.919148482591154
1.1009999999999895,0.26573039277835603,-0.2016223074551233,6.537478401191193,3.2543002529282345,6.0531099072251395,6.409815163343366,2.477665835319927,2.163542721899849,5.088397418628752,6.945109550640177,-0.17679403580901962,1.4233872472780873,0.33919762702108736,1.0880887060940125,5.348196227531166,-1.910921916065433,2.085267740569782,-0.7581596957996527,2.773636737781678,5.758695344204863,-1.0168167461343613,-0.9334352738128645,6.911780539415465,5.2607136879487175,2.0109953178913873,-0.26968764572483067,3.36533713385132,1.4153993699198149,0.2074562966897585,7.087814962591775,-0.5284496862532491,4.110253815426076,-0.40513754503758653,7.26048368796465,5.539656653531773,-0.341117548248778,7.883276263430432,-2.145468420575422,4.835489970240577,-0.0024531318146914357,-0.4968807908597226,1.6674681218342677,4.933534240969606,2.7423059909231506,0.4138354849854372,5.534665735434806,-1.3305753585487754,-0.16262170721924724,4.303723556463386,4.127249500230618,4.880892395382903,-2.83673030087358,2.4502674056322755,-0.43078559095954133,-0.19377071115138458,3.9631916360576946,3.001585804412276,7.180233393196217,-1.24229583640368,3.56902297627241,3.2200588178369336,7.96885532461549,2.692112131586949,6.040202418795562,1.1854404844174564,0.2963927271634056,5.1594445458038045,7.424844730024936,2.960368984884671,6.711015481341995,4.857735595836215,4.902806079625128,5.988179547302808,6.1915325266034404,3.794028571345829,6.689944308850633,0.6175129131323509,5.619914971028062,5.132736655946504,1.5808751438733575,6.336921449981645,-0.44087738741341637,3.7033592778067463,6.2929075718018135,5.807771281478938,0.9095627497453689,-1.4888010291972287,2.391057381062067,3.5638544089894806,1.0782436809160183,0.5072706832581083,6.825256136263407,6.160133424499779,7.0111834277681195,4.086288482758595,4.6593699363804575,0.6218849395407031,0.775921299822708,5.341788449495186,1.6831596836469649,6.020460345434042,2.916533670271535
1.1109999999999884,0.2638215380063238,-0.20113442011023464,6.549489614599296,3.2536118972526946,6.068140608335034,6.442352690819413,2.4750596981733413,2.160936913108748,5.122058605286783,6.962535175571118,-0.18410659317983677,1.4363153784976879,0.3320062035127198,1.0808510413704897,5.355112403310367,-1.9471105906107073,2.0528463142674016,-0.7673285160365905,2.7554570457228698,5.7670572212046505,-1.0329002972969037,-0.9596044174916881,6.943170445141774,5.258275092286871,2.0144228123330263,-0.29610567910121816,3.3565264097086973,1.4196947520618937,0.18651335548919445,7.097405853306574,-0.5383855297037428,4.1064968707780904,-0.41509474693429244,7.299606182002708,5.541463639384898,-0.3601948364800142,7.901804092020381,-2.167808363226959,4.841744172488552,-0.03956960394440507,-0.5213675814898097,1.6734822768995314,4.950380502917393,2.7478102868948318,0.41359944968555407,5.530720591870902,-1.3580688680082418,-0.17494166103925946,4.2965877113920685,4.150468875102876,4.889841691522154,-2.8699141736329525,2.4588260153680537,-0.4364103062199857,-0.20523222080962197,3.9775020921823945,3.024282725210078,7.200935925926427,-1.257003256520251,3.564915659103268,3.2287610168128853,7.990443157505823,2.6846055771779245,6.0385661696101645,1.1653907152852188,0.2745455250296738,5.177771992599574,7.454046460944233,2.9610057128009477,6.733163069647716,4.867045246685049,4.891980614880904,5.997484389760855,6.224370188280641,3.7953889809115116,6.723314112314798,0.5671949413984378,5.638429951463444,5.136554527659145,1.5769719272119214,6.340833595860236,-0.47855183535755236,3.701042770397878,6.302126753579933,5.839406092721647,0.9012742757277774,-1.5028939709072109,2.3830991705382587,3.584239381691404,1.086895633457095,0.49875240953064914,6.837598415273554,6.164151905834624,7.032633257926659,4.074324351228932,4.654893623796381,0.6161197068259414,0.7487279312079472,5.349787785384357,1.6904577194384436,6.022639544914776,2.913918857951916
1.1209999999999873,0.2617748393236494,-0.20075912495023765,6.561500828007399,3.2529235415771547,6.083171309444929,6.474890218295459,2.4724535610267555,2.1583311043176474,5.155719791944815,6.979960800502058,-0.19141915055065392,1.4492435097172884,0.32481478000435227,1.0736133766469669,5.362028579089569,-1.9832992651559818,2.0204248879650213,-0.7764973362735282,2.7372773536640613,5.775419098204438,-1.048983848459446,-0.9857735611705117,6.974560350868083,5.255836496625024,2.0178503067746654,-0.32252371247760564,3.3477156855660746,1.4239901342039725,0.1655704142886304,7.106996744021373,-0.5483213731542365,4.102739926130105,-0.42505194883099834,7.338728676040765,5.543270625238024,-0.37927212471125044,7.92033192061033,-2.190148305878496,4.847998374736527,-0.07668607607411869,-0.5458543721198968,1.6794964319647951,4.96722676486518,2.753314582866513,0.4133634143856709,5.526775448306998,-1.3855623774677082,-0.18726161485927167,4.289451866320751,4.173688249975135,4.898790987661405,-2.903098046392325,2.467384625103832,-0.4420350214804301,-0.21669373046785936,3.9918125483070943,3.0469796460078804,7.221638458656638,-1.2717106766368218,3.560808341934126,3.237463215788837,8.012030990396156,2.6770990227688998,6.036929920424767,1.145340946152981,0.25269832289594196,5.1960994393953435,7.48324819186353,2.9616424407172244,6.755310657953437,4.876354897533884,4.88115515013668,6.006789232218901,6.257207849957842,3.7967493904771943,6.756683915778963,0.5168769696645248,5.656944931898827,5.1403723993717865,1.5730687105504852,6.344745741738826,-0.5162262833016883,3.69872626298901,6.3113459353580526,5.871040903964356,0.8929858017101859,-1.516986912617193,2.37514096001445,3.6046243543933274,1.0955475859981716,0.49023413580319,6.849940694283701,6.168170387169468,7.054083088085199,4.062360219699269,4.650417311212305,0.6103544741111797,0.7215345625931865,5.357787121273527,1.6977557552299223,6.02481874439551,2.911304045632297
1.1309999999999862,0.25959133917514376,-0.20049777819149034,6.573512041415502,3.2522351859016148,6.098202010554824,6.507427745771506,2.4698474238801698,2.1557252955265467,5.189380978602847,6.997386425432998,-0.19873170792147107,1.462171640936889,0.3176233564959847,1.066375711923444,5.36894475486877,-2.019487939701255,1.9880034616626419,-0.785666156510466,2.719097661605253,5.783780975204225,-1.0650673996219884,-1.011942704849336,7.005950256594392,5.2533979009631775,2.0212778012163044,-0.3489417458539931,3.338904961423452,1.4282855163460513,0.14462747308806634,7.116587634736172,-0.5582572166047302,4.098982981482119,-0.43500915072770424,7.377851170078823,5.545077611091149,-0.39834941294248666,7.9388597492002795,-2.212488248530033,4.854252576984502,-0.1138025482038323,-0.570341162749984,1.6855105870300588,4.984073026812967,2.758818878838194,0.4131273790857878,5.522830304743095,-1.4130558869271745,-0.1995815686792839,4.282316021249433,4.196907624847394,4.907740283800656,-2.9362819191516976,2.47594323483961,-0.4476597367408745,-0.22815524012609675,4.006123004431792,3.0696765668056827,7.242340991386848,-1.2864180967533927,3.556701024764984,3.2461654147647887,8.033618823286488,2.669592468359875,6.03529367123937,1.1252911770207434,0.2308511207622104,5.214426886191113,7.512449922782827,2.962279168633501,6.777458246259158,4.885664548382718,4.870329685392456,6.016094074676948,6.290045511635043,3.798109800042877,6.790053719243128,0.46655899793061173,5.675459912334209,5.144190271084428,1.5691654938890491,6.348657887617417,-0.5539007312458243,3.6964097555801416,6.320565117136172,5.902675715207065,0.8846973276925945,-1.5310798543271753,2.3671827494906417,3.625009327095251,1.1041995385392482,0.4817158620757308,6.862282973293848,6.172188868504312,7.075532918243739,4.050396088169607,4.6459409986282285,0.604589241396418,0.6943411939784258,5.365786457162698,1.705053791021401,6.026997943876244,2.908689233312678
1.1409999999999851,0.257272242280028,-0.20035191687536502,6.585523254823605,3.251546830226075,6.113232711664719,6.539965273247552,2.467241286733584,2.153119486735446,5.223042165260878,7.014812050363938,-0.20604426529228823,1.4750997721564896,0.3104319329876172,1.0591380471999212,5.375860930647971,-2.055676614246527,1.9555820353602638,-0.7948349767474038,2.7009179695464445,5.792142852204012,-1.0811509507845307,-1.0381118485281606,7.037340162320701,5.250959305301331,2.0247052956579434,-0.3753597792303806,3.330094237280829,1.43258089848813,0.12368453188750227,7.126178525450971,-0.5681930600552239,4.095226036834133,-0.44496635262441014,7.41697366411688,5.546884596944275,-0.4174267011737229,7.957387577790229,-2.23482819118157,4.860506779232477,-0.150919020333546,-0.5948279533800712,1.6915247420953226,5.0009192887607545,2.764323174809875,0.41289134378590464,5.518885161179191,-1.440549396386641,-0.2119015224992961,4.275180176178115,4.220126999719652,4.9166895799399075,-2.96946579191107,2.484501844575388,-0.4532844520013189,-0.23961674978433414,4.020433460556488,3.092373487603485,7.263043524117058,-1.3011255168699636,3.5525937075958423,3.2548676137407404,8.055206656176821,2.6620859139508504,6.033657422053973,1.1052414078885058,0.20900391862847886,5.232754332986882,7.541651653702124,2.9629158965497777,6.799605834564879,4.8949741992315525,4.8595042206482315,6.025398917134995,6.322883173312244,3.7994702096085597,6.823423522707293,0.41624102619669867,5.6939748927695915,5.148008142797069,1.565262277227613,6.352570033496008,-0.5915751791899603,3.6940932481712734,6.329784298914292,5.9343105264497735,0.876408853675003,-1.5451727960371575,2.359224538966833,3.645394299797174,1.1128514910803249,0.47319758834827164,6.874625252303995,6.1762073498391565,7.0969827484022785,4.038431956639944,4.641464686044152,0.5988240086816563,0.667147825363665,5.373785793051868,1.7123518268128797,6.0291771433569785,2.906074420993059
1.150999999999984,0.25481891550723157,-0.20032327650293222,6.597534468231708,3.250858474550535,6.128263412774614,6.572502800723599,2.4646351495869983,2.1505136779443452,5.25670335191891,7.032237675294878,-0.21335682266310538,1.4880279033760901,0.30324050947924963,1.0519003824763984,5.382777106427173,-2.0918652887917992,1.9231606090578857,-0.8040037969843415,2.682738277487636,5.8005047292038,-1.097234501947073,-1.0642809922069854,7.06873006804701,5.248520709639484,2.0281327900995825,-0.4017778126067681,3.3212835131382064,1.436876280630209,0.10274159068693807,7.13576941616577,-0.5781289035057176,4.091469092186148,-0.45492355452111605,7.456096158154938,5.5486915827974,-0.4365039894049591,7.975915406380178,-2.257168133833107,4.866760981480452,-0.18803549246325976,-0.6193147440101584,1.6975388971605863,5.017765550708542,2.7698274707815562,0.4126553084860215,5.514940017615287,-1.4680429058461073,-0.22422147631930833,4.268044331106798,4.243346374591911,4.925638876079159,-3.0026496646704426,2.4930604543111663,-0.4589091672617633,-0.2510782594425715,4.034743916681183,3.1150704084012872,7.283746056847268,-1.3158329369865345,3.5484863904267003,3.263569812716692,8.076794489067154,2.6545793595418257,6.032021172868576,1.0851916387562681,0.18715671649474733,5.251081779782652,7.570853384621421,2.9635526244660544,6.8217534228706,4.904283850080387,4.848678755904007,6.034703759593041,6.3557208349894445,3.8008306191742425,6.8567933261714575,0.3659230544627856,5.712489873204974,5.151826014509711,1.561359060566177,6.3564821793745985,-0.6292496271340963,3.691776740762405,6.339003480692411,5.9659453376924825,0.8681203796574115,-1.5592657377471397,2.3512663284430246,3.6657792724990976,1.1215034436214015,0.46467931462081247,6.886967531314141,6.180225831174001,7.118432578560818,4.026467825110282,4.636988373460076,0.5930587759668946,0.6399544567489043,5.381785128941039,1.7196498626043584,6.031356342837713,2.90345960867344
1.160999999999983,0.2522328874998292,-0.20041381044249454,6.609545681639811,3.250170118874995,6.143294113884509,6.605040328199645,2.4620290124404125,2.1479078691532445,5.2903645385769416,7.049663300225818,-0.22066938003392253,1.5009560345956907,0.2960490859708821,1.0446627177528756,5.389693282206374,-2.1280539633370714,1.8907391827555076,-0.8131726172212793,2.6645585854288276,5.808866606203587,-1.1133180531096154,-1.09045013588581,7.100119973773319,5.2460821139776375,2.0315602845412215,-0.4281958459831556,3.3124727889955836,1.4411716627722877,0.08179864948637387,7.145360306880569,-0.5880647469562112,4.087712147538162,-0.46488075641782195,7.495218652192995,5.550498568650526,-0.4555812776361953,7.994443234970127,-2.279508076484644,4.873015183728427,-0.2251519645929735,-0.6438015346402456,1.70355305222585,5.034611812656329,2.7753317667532373,0.41241927318613836,5.510994874051383,-1.4955364153055737,-0.23654143013932055,4.26090848603548,4.26656574946417,4.93458817221841,-3.035833537429815,2.5016190640469445,-0.4645338825222077,-0.2625397691008086,4.0490543728058785,3.1377673291990895,7.304448589577478,-1.3305403571031054,3.5443790732575584,3.272272011692644,8.098382321957487,2.647072805132801,6.030384923683179,1.0651418696240305,0.1653095143610158,5.269409226578421,7.6000551155407186,2.964189352382331,6.843901011176321,4.913593500929221,4.837853291159783,6.044008602051088,6.388558496666645,3.802191028739925,6.8901631296356225,0.31560508272887255,5.731004853640356,5.155643886222352,1.5574558439047408,6.360394325253189,-0.6669240750782323,3.689460233353537,6.348222662470531,5.997580148935191,0.85983190563982,-1.573358679457122,2.343308117919216,3.686164245201021,1.1301553961624782,0.4561610408933533,6.899309810324288,6.184244312508845,7.139882408719358,4.014503693580619,4.6325120608759995,0.5872935432521329,0.6127610881341435,5.38978446483021,1.726947898395837,6.033535542318447,2.900844796353821
1.1709999999999818,0.24951584805198357,-0.20062571134659815,6.621556895047914,3.249481763199455,6.158324814994404,6.6375778556756915,2.4594228752938267,2.1453020603621438,5.324025725234973,7.067088925156758,-0.22798193740473968,1.5138841658152913,0.28885766246251454,1.0374250530293527,5.3966094579855755,-2.1642426378823436,1.8583177564531295,-0.8223414374582171,2.646378893370019,5.817228483203374,-1.1294016042721577,-1.1166192795646348,7.131509879499628,5.243643518315791,2.0349877789828605,-0.45461387935954306,3.303662064852961,1.4454670449143665,0.060855708285809676,7.154951197595368,-0.598000590406705,4.083955202890176,-0.47483795831452785,7.5343411462310526,5.5523055545036515,-0.47465856586743155,8.012971063560077,-2.3018480191361808,4.879269385976402,-0.2622684367226872,-0.6682883252703328,1.7095672072911137,5.051458074604116,2.7808360627249185,0.4121832378862552,5.50704973048748,-1.52302992476504,-0.24886138395933277,4.253772640964162,4.2897851243364284,4.943537468357661,-3.0690174101891876,2.5101776737827226,-0.47015859778265207,-0.27400127875904573,4.063364828930574,3.160464249996892,7.325151122307688,-1.3452477772196763,3.5402717560884165,3.2809742106685955,8.11997015484782,2.6395662507237763,6.028748674497781,1.0450921004917928,0.14346231222728426,5.287736673374191,7.629256846460016,2.9648260802986077,6.866048599482042,4.922903151778056,4.827027826415559,6.0533134445091346,6.421396158343846,3.803551438305608,6.9235329330997875,0.2652871109949595,5.7495198340757385,5.159461757934993,1.5535526272433047,6.36430647113178,-0.7045985230223683,3.6871437259446687,6.35744184424865,6.0292149601779,0.8515434316222286,-1.5874516211671041,2.3353499073954076,3.7065492179029444,1.1388073487035548,0.44764276716589413,6.911652089334435,6.188262793843689,7.161332238877898,4.0025395620509565,4.628035748291923,0.5815283105373712,0.5855677195193828,5.39778380071938,1.7342459341873158,6.035714741799181,2.898229984034202
1.1809999999999807,0.24666964724273666,-0.2009614348498711,6.633568108456017,3.248793407523915,6.173355516104299,6.670115383151738,2.456816738147241,2.142696251571043,5.357686911893005,7.0845145500876985,-0.23529449477555683,1.5268122970348919,0.281666238954147,1.03018738830583,5.403525633764777,-2.200431312427616,1.8258963301507514,-0.8315102576951549,2.6281992013112108,5.825590360203162,-1.1454851554347,-1.1427884232434595,7.162899785225937,5.241204922653944,2.0384152734244996,-0.48103191273593054,3.294851340710338,1.4497624270564453,0.03991276708524548,7.164542088310167,-0.6079364338571986,4.0801982582421905,-0.48479516021123376,7.57346364026911,5.554112540356777,-0.49373585409866777,8.031498892150026,-2.3241879617877177,4.885523588224377,-0.29938490885240066,-0.69277511590042,1.7155813623563774,5.068304336551903,2.7863403586965996,0.4119472025863721,5.503104586923576,-1.5505234342245064,-0.26118133777934527,4.246636795892845,4.313004499208687,4.952486764496912,-3.10220128294856,2.5187362835185008,-0.47578331304309646,-0.28546278841728284,4.077675285055269,3.183161170794694,7.3458536550378986,-1.3599551973362471,3.5361644389192746,3.289676409644547,8.141557987738153,2.6320596963147516,6.027112425312384,1.0250423313595551,0.12161511009355272,5.30606412016996,7.658458577379313,2.9654628082148844,6.888196187787763,4.93221280262689,4.816202361671335,6.062618286967181,6.454233820021047,3.8049118478712907,6.956902736563952,0.21496913926104644,5.768034814511121,5.163279629647635,1.5496494105818686,6.3682186170103705,-0.7422729709665042,3.6848272185358004,6.36666102602677,6.060849771420609,0.8432549576046371,-1.6015445628770864,2.327391696871599,3.726934190604868,1.1474593012446315,0.43912449343843496,6.923994368344582,6.192281275178534,7.1827820690364375,3.9905754305212904,4.623559435707847,0.5757630778226095,0.5583743509046221,5.405783136608551,1.7415439699787945,6.037893941279915,2.895615171714583
1.1909999999999796,0.24369629433204024,-0.20142372585965315,6.64557932186412,3.248105051848375,6.188386217214194,6.702652910627784,2.4542106010006552,2.1400904427799423,5.3913480985510365,7.101940175018639,-0.24260705214637399,1.5397404282544924,0.27447481544577945,1.022949723582307,5.410441809543978,-2.236619986972888,1.7934749038483733,-0.8406790779320926,2.6100195092524023,5.833952237202949,-1.1615687065972424,-1.1689575669222843,7.194289690952246,5.238766326992097,2.0418427678661386,-0.507449946112318,3.2860406165677154,1.4540578091985241,0.018969825884681282,7.174132979024966,-0.6178722773076923,4.076441313594205,-0.49475236210793966,7.6125861343071675,5.555919526209903,-0.5128131423299039,8.050026720739975,-2.3465279044392546,4.891777790472352,-0.33650138098211413,-0.7172619065305071,1.721595517421641,5.08515059849969,2.7918446546682807,0.41171116728648893,5.499159443359672,-1.5780169436839728,-0.27350129159935777,4.239500950821527,4.336223874080946,4.961436060636164,-3.1353851557079326,2.527294893254279,-0.48140802830354085,-0.29692429807551995,4.091985741179965,3.2058580915924964,7.366556187768109,-1.374662617452818,3.5320571217501326,3.298378608620499,8.163145820628486,2.624553141905727,6.025476176126987,1.0049925622273175,0.09976790795982118,5.32439156696573,7.68766030829861,2.966099536131161,6.910343776093484,4.9415224534757245,4.805376896927111,6.071923129425228,6.487071481698248,3.8062722574369734,6.990272540028117,0.16465116752713338,5.786549794946503,5.167097501360276,1.5457461939204324,6.372130762888961,-0.7799474189106402,3.682510711126932,6.375880207804889,6.092484582663318,0.8349664835870456,-1.6156375045870686,2.3194334863477906,3.7473191633067913,1.1561112537857081,0.4306062197109758,6.936336647354729,6.196299756513378,7.204231899194977,3.9786112989916234,4.619083123123771,0.5699978451078478,0.5311809822898613,5.413782472497721,1.7488420057702732,6.040073140760649,2.893000359394964
1.2009999999999785,0.24059795642554477,-0.20201564779896042,6.657590535272223,3.2474166961728352,6.203416918324089,6.735190438103831,2.4516044638540695,2.1374846339888416,5.425009285209068,7.119365799949579,-0.24991960951719114,1.552668559474093,0.2672833919374119,1.0157120588587842,5.4173579853231795,-2.27280866151816,1.7610534775459952,-0.8498478981690304,2.591839817193594,5.842314114202736,-1.1776522577597848,-1.195126710601109,7.225679596678555,5.236327731330251,2.0452702623077776,-0.5338679794887055,3.2772298924250927,1.458353191340603,-0.001973115315882899,7.183723869739765,-0.627808120758186,4.072684368946219,-0.5047095640046458,7.651708628345225,5.557726512063028,-0.5318904305611402,8.068554549329924,-2.3688678470907916,4.898031992720327,-0.3736178531118276,-0.7417486971605943,1.7276096724869048,5.1019968604474775,2.797348950639962,0.4114751319866058,5.4952142997957685,-1.6055104531434392,-0.28582124541937026,4.232365105750209,4.3594432489532045,4.970385356775415,-3.168569028467305,2.535853502990057,-0.48703274356398524,-0.30838580773375707,4.10629619730466,3.2285550123902986,7.387258720498319,-1.389370037569389,3.5279498045809907,3.3070808075964506,8.184733653518819,2.617046587496702,6.02383992694159,0.9849427930950789,0.07792070582608965,5.342719013761499,7.716862039217907,2.9667362640474377,6.932491364399205,4.950832104324559,4.794551432182887,6.0812279718832745,6.519909143375449,3.807632667002656,7.023642343492282,0.11433319579322032,5.805064775381886,5.170915373072917,1.5418429772589963,6.376042908767552,-0.8176218668547762,3.680194203718064,6.385099389583009,6.124119393906027,0.8266780095694541,-1.6297304462970508,2.311475275823982,3.7677041360087147,1.1647632063267848,0.4220879459835166,6.948678926364876,6.200318237848222,7.225681729353517,3.9666471674619563,4.614606810539694,0.5642326123930861,0.5039876136751006,5.421781808386892,1.7561400415617519,6.042252340241383,2.890385547075345
1.2109999999999774,0.23737695691590646,-0.20274061521726391,6.669601748680326,3.2467283404972953,6.2184476194339835,6.767727965579877,2.4489983267074837,2.134878825197741,5.4586704718671,7.136791424880519,-0.2572321668880083,1.5655966906936936,0.26009196842904436,1.0084743941352614,5.424274161102381,-2.3089973360634324,1.728632051243617,-0.8590167184059682,2.5736601251347855,5.8506759912025235,-1.1937358089223271,-1.2212958542799337,7.257069502404864,5.233889135668404,2.0486977567494167,-0.5602860128650929,3.26841916828247,1.4626485734826817,-0.022916056516447084,7.193314760454564,-0.6377439642086797,4.068927424298233,-0.5146667659013523,7.690831122383282,5.559533497916154,-0.5509677187923764,8.087082377919874,-2.3912077897423285,4.904286194968302,-0.4107343252415411,-0.7662354877906815,1.7336238275521685,5.118843122395265,2.802853246611643,0.41123909668672265,5.491269156231865,-1.6330039626029056,-0.29814119923938276,4.2252292606788915,4.382662623825463,4.979334652914666,-3.2017529012266777,2.5444121127258352,-0.49265745882442963,-0.3198473173919942,4.1206066534293555,3.251251933188101,7.407961253228529,-1.4040774576859598,3.523842487411849,3.3157830065724023,8.206321486409152,2.6095400330876775,6.022203677756193,0.9648930239628402,0.05607350369235811,5.361046460557269,7.746063770137204,2.9673729919637144,6.954638952704926,4.960141755173393,4.783725967438663,6.090532814341321,6.552746805052649,3.808993076568339,7.057012146956447,0.06401522405930726,5.823579755817268,5.174733244785559,1.5379397605975602,6.3799550546461425,-0.8552963147989122,3.6778776963091957,6.394318571361128,6.155754205148736,0.8183895355518627,-1.643823388007033,2.3035170653001735,3.788089108710638,1.1734151588678614,0.41356967225605745,6.9610212053750224,6.2043367191830665,7.247131559512057,3.9546830359322893,4.610130497955618,0.5584673796783244,0.47679424506033985,5.429781144276062,1.7634380773532305,6.044431539722117,2.8877707347557258
1.2209999999999763,0.23403577370972323,-0.2036024302504806,6.681612962088429,3.2460399848217554,6.233478320543878,6.800265493055924,2.446392189560898,2.13227301640664,5.492331658525131,7.154217049811459,-0.26454472425882547,1.5785248219132941,0.2529005449206768,1.0012367294117386,5.431190336881582,-2.3451860106087046,1.696210624941239,-0.8681855386429059,2.555480433075977,5.859037868202311,-1.2098193600848695,-1.2474649979587584,7.288459408131173,5.231450540006557,2.0521252511910557,-0.5867040462414804,3.259608444139847,1.4669439556247605,-0.04385899771701128,7.202905651169363,-0.6476798076591734,4.065170479650248,-0.5246239677980588,7.72995361642134,5.561340483769279,-0.5700450070236126,8.105610206509823,-2.4135477323938654,4.910540397216277,-0.44785079737125455,-0.7907222784207687,1.7396379826174322,5.135689384343052,2.808357542583324,0.4110030613868395,5.487324012667961,-1.660497472062372,-0.31046115305939526,4.218093415607574,4.405881998697722,4.988283949053917,-3.23493677398605,2.5529707224616134,-0.498282174084874,-0.3313088270502313,4.134917109554051,3.273948853985903,7.428663785958739,-1.4187848778025307,3.519735170242707,3.324485205548354,8.227909319299485,2.6020334786786528,6.0205674285707955,0.9448432548306014,0.034226301558626576,5.379373907353038,7.775265501056501,2.968009719879991,6.976786541010647,4.969451406022228,4.772900502694439,6.099837656799368,6.58558446672985,3.8103534861340216,7.090381950420612,0.01369725232539426,5.84209473625265,5.1785511164982,1.534036543936124,6.383867200524733,-0.8929707627430482,3.6755611889003275,6.403537753139248,6.187389016391445,0.8101010615342712,-1.6579163297170152,2.295558854776365,3.8084740814125615,1.182067111408938,0.4050513985285983,6.973363484385169,6.208355200517911,7.268581389670596,3.9427189044026223,4.605654185371542,0.5527021469635627,0.4496008764455791,5.437780480165233,1.7707361131447092,6.046610739202851,2.8851559224361067
1.2309999999999752,0.2305770372507278,-0.20460532348950183,6.693624175496532,3.2453516291462154,6.248509021653773,6.83280302053197,2.4437860524143122,2.1296672076155394,5.525992845183163,7.171642674742399,-0.2718572816296426,1.5914529531328947,0.24570912141230944,0.9939990646882157,5.4381065126607835,-2.3813746851539768,1.6637891986388609,-0.8773543588798437,2.5373007410171686,5.867399745202098,-1.2259029112474118,-1.2736341416375832,7.319849313857482,5.229011944344711,2.0555527456326947,-0.6131220796178679,3.2507977199972244,1.4712393377668394,-0.06480193891757548,7.212496541884162,-0.6576156511096671,4.061413535002262,-0.5345811696947652,7.769076110459397,5.563147469622405,-0.5891222952548488,8.124138035099772,-2.4358876750454024,4.916794599464252,-0.484967269500968,-0.8152090690508559,1.745652137682696,5.152535646290839,2.813861838555005,0.41076702608695637,5.483378869104057,-1.6879909815218384,-0.32278110687940775,4.210957570536256,4.4291013735699805,4.9972332451931685,-3.2681206467454227,2.5615293321973915,-0.5039068893453188,-0.3427703367084684,4.149227565678746,3.2966457747837055,7.449366318688949,-1.4334922979191016,3.515627853073565,3.3331874045243057,8.249497152189818,2.594526924269628,6.018931179385398,0.9247934856983626,0.01237909942489504,5.397701354148808,7.804467231975798,2.9686464477962677,6.998934129316368,4.978761056871062,4.762075037950215,6.109142499257414,6.618422128407051,3.8117138956997043,7.123751753884777,-0.036620719408518757,5.860609716688033,5.1823689882108415,1.530133327274688,6.387779346403324,-0.9306452106871842,3.673244681491459,6.412756934917367,6.219023827634154,0.8018125875166797,-1.6720092714269974,2.2876006442525565,3.828859054114485,1.1907190639500147,0.3965331248011391,6.985705763395316,6.212373681852755,7.290031219829136,3.9307547728729553,4.601177872787465,0.546936914248801,0.4224075078308184,5.4457798160544035,1.778034148936188,6.048789938683585,2.8825411101164877
1.2409999999999741,0.22700352835154944,-0.2057539999089783,6.705635388904635,3.2446632734706755,6.263539722763668,6.8653405480080165,2.4411799152677265,2.1270613988244387,5.559654031841195,7.189068299673339,-0.2791698390004598,1.6043810843524953,0.23851769790394217,0.9867613999646929,5.445022688439985,-2.417563359699249,1.6313677723364828,-0.8865231791167815,2.51912104895836,5.875761622201885,-1.2419864624099541,-1.2998032853164079,7.351239219583791,5.226573348682864,2.058980240074334,-0.6395401129942554,3.2419869958546017,1.4755347199089182,-0.08574488011813967,7.222087432598961,-0.6675514945601608,4.057656590354276,-0.5445383715914717,7.808198604497455,5.56495445547553,-0.608199583486085,8.142665863689722,-2.4582276176969393,4.923048801712227,-0.5220837416306815,-0.8396958596809431,1.7516662927479596,5.169381908238626,2.8193661345266863,0.4105309907870732,5.4794337255401535,-1.7154844909813047,-0.33510106069942025,4.203821725464938,4.452320748442239,5.00618254133242,-3.301304519504795,2.5700879419331697,-0.5095316046057637,-0.3542318463667055,4.163538021803442,3.3193426955815077,7.4700688514191596,-1.4481997180356725,3.511520535904423,3.3418896035002574,8.27108498508015,2.5870203698606034,6.017294930200001,0.9047437165661238,-0.009468102708836497,5.416028800944577,7.8336689628950955,2.9692831757125444,7.0210817176220885,4.9880707077198965,4.751249573205991,6.118447341715461,6.651259790084252,3.813074305265387,7.157121557348942,-0.08693869114243177,5.879124697123415,5.186186859923483,1.5262301106132519,6.391691492281915,-0.9683196586313202,3.670928174082591,6.421976116695487,6.250658638876863,0.7935241134990882,-1.6861022131369796,2.279642433728748,3.8492440268164083,1.1993710164910913,0.38801485107367994,6.998048042405463,6.216392163187599,7.311481049987676,3.9187906413432883,4.596701560203389,0.5411716815340393,0.39521413921605764,5.453779151943574,1.7853321847276666,6.050969138164319,2.8799262977968687
1.250999999999973,0.22331817584827246,-0.20705369061797163,6.717646602312738,3.2439749177951356,6.278570423873563,6.897878075484063,2.4385737781211407,2.124455590033338,5.593315218499226,7.206493924604279,-0.2864823963712769,1.6173092155720958,0.2313262743955749,0.9795237352411701,5.451938864219186,-2.453752034244521,1.5989463460341047,-0.8956919993537192,2.5009413568995518,5.884123499201673,-1.2580700135724965,-1.3259724289952326,7.3826291253101,5.224134753021017,2.062407734515973,-0.6659581463706429,3.233176271711979,1.479830102050997,-0.10668782131870387,7.23167832331376,-0.6774873380106545,4.053899645706291,-0.5544955734881781,7.847321098535512,5.566761441328656,-0.6272768717173213,8.16119369227967,-2.4805675603484763,4.929303003960202,-0.559200213760395,-0.8641826503110303,1.7576804478132233,5.186228170186413,2.8248704304983674,0.4102949554871901,5.47548858197625,-1.7429780004407711,-0.34742101451943275,4.196685880393621,4.475540123314498,5.015131837471671,-3.3344883922641677,2.578646551668948,-0.5151563198662087,-0.36569335602494263,4.177848477928137,3.34203961637931,7.49077138414937,-1.4629071381522434,3.507413218735281,3.350591802476209,8.292672817970484,2.5795138154515787,6.015658681014604,0.8846939474338851,-0.03131530484256804,5.434356247740347,7.862870693814393,2.969919903628821,7.0432293059278095,4.997380358568731,4.740424108461767,6.127752184173508,6.684097451761453,3.8144347148310698,7.190491360813107,-0.13725666287634483,5.897639677558797,5.190004731636124,1.5223268939518158,6.395603638160505,-1.005994106575456,3.6686116666737227,6.4311952984736065,6.282293450119572,0.7852356394814968,-1.7001951548469618,2.2716842232049395,3.8696289995183317,1.208022969032168,0.3794965773462208,7.01039032141561,6.220410644522444,7.332930880146216,3.9068265098136212,4.592225247619313,0.5354064488192776,0.3680207706012969,5.461778487832745,1.7926302205191453,6.0531483376450534,2.8773114854772497
1.260999999999972,0.21952405409420322,-0.20851021132520792,6.729657815720841,3.2432865621195957,6.293601124983458,6.930415602960109,2.435967640974555,2.121849781242237,5.626976405157258,7.2239195495352195,-0.2937949537420941,1.6302373467916964,0.22413485088720764,0.9722860705176473,5.4588550399983875,-2.4899407087897933,1.5665249197317266,-0.904860819590657,2.4827616648407433,5.89248537620146,-1.2741535647350388,-1.3521415726740573,7.414019031036409,5.221696157359171,2.065835228957612,-0.6923761797470304,3.2243655475693562,1.4841254841930758,-0.12763076251926805,7.241269214028559,-0.6874231814611482,4.050142701058305,-0.5644527753848846,7.88644359257357,5.5685684271817815,-0.6463541599485575,8.17972152086962,-2.502907503000013,4.935557206208177,-0.5963166858901084,-0.8886694409411174,1.763694602878487,5.2030744321342,2.8303747264700485,0.41005892018730694,5.471543438412346,-1.7704715099002375,-0.35974096833944524,4.189550035322303,4.4987594981867565,5.024081133610922,-3.3676722650235402,2.587205161404726,-0.5207810351266536,-0.37715486568317974,4.1921589340528325,3.3647365371771123,7.51147391687958,-1.4776145582688143,3.503305901566139,3.359294001452161,8.314260650860817,2.572007261042554,6.014022431829207,0.8646441783016463,-0.053162506976299574,5.452683694536116,7.89207242473369,2.9705566315450977,7.06537689423353,5.006690009417565,4.729598643717543,6.137057026631554,6.7169351134386535,3.8157951243967525,7.223861164277272,-0.1875746346102579,5.91615465799418,5.1938226033487656,1.5184236772903796,6.399515784039096,-1.043668554519592,3.6662951592648545,6.440414480251726,6.313928261362281,0.7769471654639053,-1.714288096556944,2.263726012681131,3.890013972220255,1.2166749215732446,0.3709783036187616,7.022732600425757,6.224429125857288,7.354380710304755,3.894862378283954,4.587748935035236,0.5296412161045159,0.34082740198653616,5.469777823721915,1.799928256310624,6.0553275371257875,2.8746966731576307
1.2709999999999708,0.21562438031177183,-0.21013002856864735,6.741669029128944,3.2425982064440557,6.308631826093353,6.962953130436156,2.4333615038279692,2.1192439724511365,5.66063759181529,7.24134517446616,-0.30110751111291123,1.643165478011297,0.21694342737884037,0.9650484057941244,5.465771215777589,-2.5261293833350655,1.5341034934293485,-0.9140296398275948,2.464581972781935,5.900847253201247,-1.2902371158975812,-1.378310716352882,7.445408936762718,5.219257561697324,2.069262723399251,-0.7187942131234178,3.2155548234267335,1.4884208663351546,-0.1485737037198321,7.250860104743358,-0.6973590249116419,4.046385756410319,-0.574409977281591,7.925566086611627,5.570375413034907,-0.6654314481797937,8.19824934945957,-2.52524744565155,4.941811408456152,-0.6334331580198219,-0.9131562315712046,1.7697087579437507,5.2199206940819876,2.8358790224417296,0.4098228848874238,5.467598294848442,-1.7979650193597039,-0.37206092215945774,4.182414190250985,4.521978873059015,5.033030429750173,-3.4008561377829127,2.595763771140504,-0.5264057503870986,-0.38861637534141685,4.206469390177528,3.3874334579749146,7.53217644960979,-1.4923219783853852,3.4991985843969973,3.3679962004281125,8.33584848375115,2.5645007066335292,6.01238618264381,0.8445944091694075,-0.07500970911003112,5.471011141331886,7.921274155652987,2.9711933594613744,7.087524482539251,5.0159996602664,4.7187731789733185,6.146361869089601,6.749772775115854,3.8171555339624352,7.257230967741437,-0.23789260634417095,5.934669638429562,5.197640475061407,1.5145204606289435,6.403427929917687,-1.081343002463728,3.6639786518559863,6.449633662029846,6.34556307260499,0.7686586914463138,-1.7283810382669262,2.2557678021573224,3.9103989449221785,1.2253268741143213,0.36246002989130244,7.0350748794359035,6.228447607192132,7.375830540463295,3.882898246754287,4.58327262245116,0.5238759833897542,0.3136340333717754,5.477777159611086,1.8072262921021027,6.057506736606522,2.8720818608380116
1.2809999999999697,0.2116225118244232,-0.21192033494767365,6.753680242537047,3.241909850768516,6.323662527203248,6.995490657912202,2.4307553666813835,2.1166381636600358,5.694298778473321,7.2587707993971,-0.3084200684837284,1.6560936092308975,0.2097520038704731,0.9578107410706016,5.47268739155679,-2.5623180578803377,1.5016820671269704,-0.9231984600645325,2.4464022807231265,5.9092091302010346,-1.3063206670601235,-1.4044798600317068,7.476798842489027,5.216818966035477,2.07269021784089,-0.7452122464998053,3.2067440992841107,1.4927162484772334,-0.16951664492039617,7.260450995458157,-0.7072948683621356,4.0426288117623335,-0.5843671791782975,7.9646885806496845,5.572182398888033,-0.6845087364110299,8.216777178049519,-2.547587388303087,4.948065610704127,-0.6705496301495354,-0.9376430222012918,1.7757229130090144,5.236766956029775,2.8413833184134107,0.40958684958754066,5.4636531512845385,-1.8254585288191703,-0.38438087597947024,4.175278345179668,4.545198247931274,5.041979725889425,-3.4340400105422852,2.6043223808762823,-0.5320304656475435,-0.40007788499965397,4.220779846302223,3.410130378772717,7.55287898234,-1.507029398501956,3.4950912672278553,3.3766983994040642,8.357436316641483,2.5569941522245045,6.0107499334584125,0.8245446400371688,-0.09685691124376265,5.489338588127655,7.950475886572284,2.971830087377651,7.109672070844972,5.025309311115234,4.707947714229094,6.1556667115476476,6.782610436793055,3.818515943528118,7.290600771205602,-0.288210578078084,5.953184618864944,5.201458346774048,1.5106172439675074,6.407340075796277,-1.119017450407864,3.661662144447118,6.458852843807965,6.377197883847699,0.7603702174287224,-1.7424739799769084,2.247809591633514,3.930783917624102,1.233978826655398,0.35394175616384327,7.04741715844605,6.2324660885269765,7.397280370621835,3.87093411522462,4.578796309867084,0.5181107506749925,0.2864406647570147,5.485776495500256,1.8145243278935814,6.059685936087256,2.8694670485183926
1.2909999999999686,0.20752194319378336,-0.2138891348235671,6.7656914559451495,3.241221495092976,6.338693228313143,7.028028185388249,2.4281492295347977,2.114032354868935,5.727959965131353,7.27619642432804,-0.31573262585454553,1.6690217404504981,0.20256058036210584,0.9505730763470788,5.4796035673359915,-2.59850673242561,1.4692606408245923,-0.9323672803014703,2.428222588664318,5.917571007200822,-1.3224042182226659,-1.4306490037105315,7.5081887482153356,5.214380370373631,2.076117712282529,-0.7716302798761928,3.197933375141488,1.4970116306193122,-0.19045958612096023,7.270041886172956,-0.7172307118126293,4.038871867114348,-0.594324381075004,8.003811074687743,5.573989384741158,-0.7035860246422662,8.235305006639468,-2.569927330954624,4.954319812952102,-0.7076661022792489,-0.962129812831379,1.7817370680742781,5.253613217977562,2.846887614385092,0.4093508142876575,5.459708007720635,-1.8529520382786366,-0.39670082979948273,4.16814250010835,4.5684176228035325,5.050929022028676,-3.4672238833016578,2.6128809906120605,-0.5376551809079885,-0.4115393946578911,4.235090302426919,3.432827299570519,7.57358151507021,-1.521736818618527,3.4909839500587134,3.385400598380016,8.379024149531816,2.54948759781548,6.009113684273015,0.80449487090493,-0.11870411337749419,5.5076660349234245,7.979677617491581,2.9724668152939278,7.131819659150693,5.034618961964068,4.69712224948487,6.164971554005694,6.815448098470256,3.8198763530938007,7.323970574669767,-0.33852854981199704,5.971699599300327,5.20527621848669,1.5067140273060713,6.411252221674868,-1.156691898352,3.6593456370382498,6.468072025586085,6.408832695090408,0.7520817434111309,-1.7565669216868907,2.2398513811097054,3.9511688903260254,1.2426307791964746,0.3454234824363841,7.059759437456197,6.236484569861821,7.418730200780375,3.858969983694953,4.574319997283007,0.5123455179602308,0.25924729614225395,5.493775831389427,1.8218223636850601,6.06186513556799,2.8668522361987736
1.3009999999999675,0.20332630329144702,-0.21604534222906008,6.7777026693532525,3.240533139417436,6.353723929423038,7.060565712864295,2.425543092388212,2.1114265460778343,5.7616211517893845,7.29362204925898,-0.3230451832253627,1.6819498716700987,0.19536915685373857,0.9433354116235559,5.486519743115193,-2.634695406970882,1.4368392145222142,-0.9415361005384081,2.4100428966055096,5.925932884200609,-1.3384877693852082,-1.4568181473893562,7.5395786539416445,5.211941774711784,2.079545206724168,-0.7980483132525803,3.1891226509988653,1.501307012761391,-0.2114025273215243,7.279632776887755,-0.727166555263123,4.035114922466362,-0.6042815829717104,8.0429335687258,5.575796370594284,-0.7226633128735024,8.253832835229417,-2.592267273606161,4.960574015200077,-0.7447825744089623,-0.9866166034614662,1.7877512231395418,5.270459479925349,2.852391910356773,0.4091147789877744,5.455762864156731,-1.880445547738103,-0.40902078361949523,4.161006655037032,4.591636997675791,5.059878318167927,-3.5004077560610303,2.6214396003478386,-0.5432798961684334,-0.4230009043161282,4.249400758551614,3.4555242203683214,7.5942840478004205,-1.5364442387350978,3.4868766328895715,3.3941027973559676,8.400611982422149,2.541981043406455,6.007477435087618,0.7844451017726912,-0.14055131551122574,5.525993481719194,8.00887934841088,2.9731035432102044,7.153967247456414,5.043928612812903,4.686296784740646,6.174276396463741,6.848285760147457,3.8212367626594834,7.357340378133932,-0.3888465215459101,5.990214579735709,5.209094090199331,1.5028108106446352,6.415164367553459,-1.194366346296136,3.6570291296293815,6.477291207364204,6.440467506333117,0.7437932693935394,-1.7706598633968729,2.231893170585897,3.9715538630279488,1.2512827317375512,0.33690520870892493,7.072101716466344,6.240503051196665,7.440180030938914,3.847005852165286,4.569843684698931,0.506580285245469,0.2320539275274934,5.5017751672785975,1.8291203994765388,6.064044335048724,2.8642374238791546
1.3109999999999664,0.19903935233957296,-0.2183988930619897,6.7897138827613555,3.239844783741896,6.368754630532933,7.093103240340342,2.4229369552416262,2.1088207372867336,5.795282338447416,7.31104767418992,-0.33035774059617984,1.6948780028896993,0.1881777333453713,0.9360977469000331,5.493435918894394,-2.6708840815161543,1.404417788219836,-0.9507049207753459,2.391863204546701,5.9342947612003965,-1.3545713205477505,-1.482987291068181,7.5709685596679535,5.209503179049937,2.082972701165807,-0.8244663466289678,3.1803119268562425,1.5056023949034698,-0.23234546852208834,7.289223667602554,-0.7371023987136167,4.031357977818376,-0.6142387848684169,8.082056062763858,5.577603356447409,-0.7417406011047386,8.272360663819367,-2.614607216257698,4.966828217448052,-0.7818990465386758,-1.0111033940915533,1.7937653782048055,5.287305741873136,2.857896206328454,0.40887874368789123,5.451817720592827,-1.9079390571975694,-0.42134073743950773,4.1538708099657145,4.61485637254805,5.068827614307178,-3.533591628820403,2.629998210083617,-0.5489046114288784,-0.4344624139743653,4.263711214676309,3.4782211411661237,7.614986580530631,-1.5511516588516687,3.4827693157204296,3.4028049963319194,8.422199815312482,2.5344744889974304,6.005841185902221,0.7643953326404525,-0.16239851764495727,5.5443209285149635,8.038081079330176,2.973740271126481,7.176114835762135,5.053238263661737,4.675471319996422,6.1835812389217875,6.8811234218246575,3.822597172225166,7.390710181598097,-0.43916449327982315,6.0087295601710915,5.212911961911972,1.498907593983199,6.419076513432049,-1.232040794240272,3.6547126222205133,6.486510389142324,6.472102317575826,0.7355047953759479,-1.784752805106855,2.2239349600620884,3.991938835729872,1.2599346842786279,0.32838693498146576,7.084443995476491,6.244521532531509,7.461629861097454,3.835041720635619,4.565367372114855,0.5008150525307073,0.20486055891273294,5.509774503167768,1.8364184352680175,6.066223534529458,2.8616226115595356
1.3209999999999653,0.19466497896029572,-0.2209608740456543,6.801725096169458,3.239156428066356,6.3837853316428275,7.125640767816388,2.4203308180950405,2.106214928495633,5.828943525105448,7.32847329912086,-0.337670297966997,1.7078061341092998,0.18098630983700403,0.9288600821765103,5.5003520946735955,-2.7070727560614265,1.371996361917458,-0.9598737410122836,2.3736835124878928,5.942656638200184,-1.3706548717102929,-1.5091564347470057,7.602358465394262,5.207064583388091,2.086400195607446,-0.8508843800053553,3.17150120271362,1.5098977770455486,-0.25328840972265243,7.298814558317353,-0.7470382421641104,4.027601033170391,-0.6241959867651233,8.121178556801915,5.579410342300535,-0.7608178893359748,8.290888492409316,-2.636947158909235,4.973082419696027,-0.8190155186683893,-1.0355901847216404,1.7997795332700692,5.304152003820923,2.863400502300135,0.4086427083880081,5.447872577028924,-1.9354325666570358,-0.4336606912595202,4.146734964894397,4.6380757474203085,5.077776910446429,-3.5667755015797753,2.638556819819395,-0.5545293266893233,-0.4459239236326024,4.278021670801005,3.500918061963926,7.635689113260841,-1.5658590789682396,3.4786619985512877,3.411507195307871,8.443787648202814,2.5269679345884057,6.004204936716824,0.7443455635082137,-0.1842457197786888,5.562648375310733,8.067282810249473,2.9743769990427578,7.198262424067856,5.062547914510572,4.664645855252198,6.192886081379834,6.913961083501858,3.823957581790849,7.424079985062262,-0.4894824650137362,6.027244540606474,5.216729833624614,1.495004377321763,6.42298865931064,-1.269715242184408,3.652396114811645,6.495729570920443,6.503737128818535,0.7272163213583565,-1.7988457468168373,2.21597674953828,4.012323808431793,1.2685866368197045,0.3198686612540066,7.096786274486638,6.248540013866354,7.483079691255994,3.823077589105952,4.560891059530778,0.49504981981594615,0.17766719029797248,5.517773839056939,1.8437164710594962,6.068402734010192,2.8590077992399165
1.3309999999999642,0.19020719728100285,-0.22374367143763665,6.813736309577561,3.238468072390816,6.398816032752722,7.158178295292434,2.4177246809484547,2.103609119704532,5.862604711763479,7.3458989240518004,-0.34498285533781414,1.7207342653289004,0.17379488632863677,0.9216224174529875,5.507268270452797,-2.7432614306066987,1.33957493561508,-0.9690425612492214,2.3555038204290843,5.951018515199971,-1.3867384228728352,-1.5353255784258304,7.633748371120571,5.204625987726244,2.089827690049085,-0.8773024133817428,3.162690478570997,1.5141931591876274,-0.2742313509232165,7.308405449032152,-0.7569740856146041,4.023844088522405,-0.6341531886618298,8.160301050839973,5.58121732815366,-0.779895177567211,8.309416320999265,-2.6592871015607717,4.979336621944002,-0.8561319907981028,-1.0600769753517276,1.805793688335333,5.3209982657687105,2.8689047982718163,0.40840667308812495,5.44392743346502,-1.9629260761165022,-0.4459806450795327,4.139599119823079,4.661295122292567,5.086726206585681,-3.599959374339148,2.647115429555173,-0.5601540419497683,-0.4573854332908395,4.2923321269257,3.5236149827617282,7.656391645991051,-1.5805664990848105,3.4745546813821457,3.4202093942838228,8.465375481093147,2.519461380179381,6.002568687531427,0.7242957943759749,-0.20609292191242035,5.5809758221065024,8.09648454116877,2.9750137269590344,7.220410012373577,5.071857565359406,4.653820390507974,6.202190923837881,6.946798745179059,3.8253179913565316,7.457449788526427,-0.5398004367476492,6.045759521041856,5.220547705337255,1.4911011606603268,6.426900805189231,-1.307389690128544,3.650079607402777,6.504948752698563,6.535371940061244,0.718927847340765,-1.8129386885268195,2.2080185390144713,4.032708781133712,1.2772385893607812,0.3113503875265474,7.1091285534967845,6.252558495201198,7.5045295214145336,3.811113457576285,4.556414746946702,0.489284587101185,0.15047382168321202,5.525773174946109,1.851014506850975,6.070581933490926,2.8563929869202975
1.340999999999963,0.18567014415112454,-0.2267611430827141,6.825747522985664,3.237779716715276,6.413846733862617,7.190715822768481,2.415118543801869,2.1010033109134314,5.896265898421511,7.363324548982741,-0.3522954127086313,1.733662396548501,0.1666034628202695,0.9143847527294646,5.514184446231998,-2.779450105151971,1.3071535093127018,-0.9782113814861592,2.337324128370276,5.959380392199758,-1.4028219740353776,-1.5614947221046551,7.66513827684688,5.202187392064397,2.093255184490724,-0.9037204467581302,3.1538797544283743,1.5184885413297062,-0.29517429212378055,7.317996339746951,-0.7669099290650978,4.020087143874419,-0.6441103905585362,8.19942354487803,5.583024314006786,-0.7989724657984473,8.327944149589214,-2.6816270442123087,4.985590824191977,-0.8932484629278162,-1.0845637659818148,1.8118078434005966,5.337844527716498,2.8744090942434974,0.4081706377882418,5.439982289901116,-1.9904195855759685,-0.4583005988995452,4.132463274751761,4.684514497164826,5.095675502724932,-3.6331432470985203,2.6556740392909512,-0.5657787572102132,-0.46884694294907664,4.306642583050396,3.5463119035595305,7.677094178721261,-1.5952739192013814,3.470447364213004,3.4289115932597745,8.48696331398348,2.5119548257703563,6.000932438346029,0.7042460252437361,-0.22794012404615188,5.599303268902272,8.125686272088068,2.975650454875311,7.242557600679298,5.08116721620824,4.64299492576375,6.211495766295927,6.97963640685626,3.8266784009222143,7.490819591990592,-0.5901184084815623,6.064274501477239,5.2243655770498965,1.4871979439988907,6.430812951067821,-1.34506413807268,3.6477630999939086,6.514167934476682,6.5670067513039525,0.7106393733231735,-1.8270316302368017,2.200060328490663,4.053093753835631,1.2858905419018578,0.30283211379908825,7.121470832506931,6.256576976536042,7.525979351573073,3.799149326046618,4.551938434362626,0.48351935438642385,0.12328045306845156,5.53377251083528,1.8583125426424536,6.07276113297166,2.8537781746006785
1.350999999999962,0.1810580765366347,-0.23002881816379414,6.837758736393767,3.2370913610397363,6.428877434972512,7.223253350244527,2.412512406655283,2.0983975021223307,5.929927085079543,7.380750173913681,-0.35960797007944845,1.7465905277681015,0.15941203931190223,0.9071470880059418,5.5211006220111996,-2.815638779697243,1.2747320830103237,-0.9873802017230969,2.3191444363114675,5.967742269199546,-1.41890552519792,-1.5876638657834798,7.696528182573189,5.199748796402551,2.096682678932363,-0.9301384801345177,3.1450690302857516,1.522783923471785,-0.3161172333243446,7.32758723046175,-0.7768457725155915,4.0163301992264335,-0.6540675924552427,8.238546038916088,5.5848312998599114,-0.8180497540296835,8.346471978179164,-2.7039669868638456,4.991845026439952,-0.9303649350575297,-1.109050556611902,1.8178219984658603,5.354690789664285,2.8799133902151786,0.40793460248835867,5.436037146337212,-2.017913095035435,-0.4706205527195577,4.125327429680444,4.7077338720370845,5.104624798864183,-3.666327119857893,2.6642326490267294,-0.5714034724706581,-0.48030845260731375,4.320953039175091,3.569008824357333,7.697796711451471,-1.6099813393179523,3.466340047043862,3.437613792235726,8.508551146873813,2.5044482713613316,5.999296189160632,0.6841962561114974,-0.24978732617988342,5.617630715698041,8.154888003007365,2.9762871827915878,7.264705188985019,5.090476867057075,4.632169461019526,6.220800608753974,7.012474068533461,3.828038810487897,7.524189395454757,-0.6404363802154753,6.082789481912621,5.228183448762538,1.4832947273374546,6.434725096946412,-1.382738586016816,3.6454465925850403,6.523387116254802,6.5986415625466615,0.702350899305582,-1.841124571946784,2.1921021179668543,4.07347872653755,1.2945424944429345,0.2943138400716291,7.133813111517078,6.2605954578708864,7.547429181731613,3.787185194516951,4.547462121778549,0.4777541216716627,0.0960870844536911,5.54177184672445,1.8656105784339323,6.074940332452394,2.8511633622810595
1.360999999999961,0.17637536917151678,-0.23356412994582995,6.84976994980187,3.2364030053641963,6.443908136082407,7.255790877720574,2.4099062695086975,2.09579169333123,5.963588271737574,7.398175798844621,-0.3669205274502656,1.759518658987702,0.15222061580353496,0.899909423282419,5.528016797790401,-2.8518274542425153,1.2423106567079456,-0.9965490219600347,2.300964744252659,5.976104146199333,-1.4349890763604622,-1.6138330094623046,7.727918088299498,5.197310200740704,2.100110173374002,-0.9565565135109052,3.136258306143129,1.5270793056138638,-0.33706017452490866,7.337178121176549,-0.7867816159660852,4.012573254578448,-0.6640247943519492,8.277668532954145,5.586638285713037,-0.8371270422609197,8.364999806769113,-2.7263069295153826,4.998099228687927,-0.9674814071872432,-1.1335373472419892,1.823836153531124,5.371537051612072,2.8854176861868597,0.4076985671884755,5.432092002773309,-2.0454066044949015,-0.4829405065395702,4.118191584609126,4.730953246909343,5.113574095003434,-3.6995109926172653,2.6727912587625076,-0.5770281877311031,-0.49176996226555086,4.335263495299786,3.591705745155135,7.7184992441816815,-1.6246887594345232,3.46223272987472,3.446315991211678,8.530138979764146,2.496941716952307,5.997659939975235,0.6641464869792586,-0.27163452831361523,5.635958162493811,8.184089733926662,2.9769239107078644,7.28685277729074,5.099786517905909,4.621343996275302,6.230105451212021,7.045311730210662,3.82939922005358,7.557559198918922,-0.6907543519493884,6.101304462348003,5.232001320475179,1.4793915106760185,6.438637242825003,-1.420413033960952,3.643130085176172,6.532606298032921,6.63027637378937,0.6940624252879906,-1.8552175136567661,2.1841439074430458,4.093863699239469,1.303194446984011,0.2857955663441699,7.146155390527225,6.264613939205731,7.568879011890153,3.775221062987284,4.542985809194473,0.47198888895690155,0.06889371583893064,5.549771182613621,1.872908614225411,6.077119531933128,2.8485485499614405
1.3709999999999598,0.1716265125617012,-0.2373866879810147,6.861781163209973,3.2357146496886564,6.458938837192302,7.28832840519662,2.4073001323621117,2.093185884540129,5.997249458395606,7.415601423775561,-0.37423308482108275,1.7724467902073027,0.1450291922951677,0.8926717585588961,5.534932973569602,-2.8880161287877875,1.2098892304055675,-1.0057178421969724,2.2827850521938506,5.98446602319912,-1.4510726275230046,-1.6400021531411293,7.759307994025807,5.194871605078857,2.103537667815641,-0.9829745468872927,3.127447582000506,1.5313746877559427,-0.3580031157254727,7.3467690118913485,-0.7967174594165789,4.008816309930462,-0.6739819962486556,8.316791026992203,5.5884452715661626,-0.8562043304921559,8.383527635359062,-2.7486468721669195,5.004353430935902,-1.0045978793169568,-1.1580241378720764,1.8298503085963878,5.388383313559859,2.890921982158541,0.4074625318885924,5.428146859209405,-2.072900113954368,-0.4952604603595827,4.111055739537808,4.754172621781602,5.1225233911426855,-3.732694865376638,2.6813498684982857,-0.582652902991548,-0.503231471923788,4.349573951424482,3.6144026659529374,7.739201776911892,-1.639396179551094,3.458125412705578,3.4550181901876296,8.55172681265448,2.4894351625432822,5.996023690789838,0.6440967178470198,-0.29348173044734704,5.65428560928958,8.213291464845959,2.977560638624141,7.309000365596461,5.109096168754744,4.610518531531078,6.239410293670067,7.078149391887862,3.8307596296192625,7.590929002383087,-0.7410723236833014,6.119819442783386,5.2358191921878205,1.4754882940145824,6.442549388703593,-1.458087481905088,3.640813577767304,6.541825479811041,6.661911185032079,0.6857739512703991,-1.8693104553667483,2.1761856969192372,4.114248671941388,1.3118463995250877,0.27727729261671075,7.158497669537372,6.268632420540575,7.5903288420486925,3.763256931457617,4.538509496610397,0.4662236562421404,0.04170034722417018,5.5577705185027915,1.8802066500168897,6.0792987314138625,2.8459337376418214
1.3809999999999587,0.1668161114573502,-0.24151859771375433,6.873792376618076,3.2350262940131165,6.473969538302197,7.320865932672667,2.404693995215526,2.0905800757490285,6.030910645053638,7.433027048706501,-0.3815456421918999,1.7853749214269032,0.13783776878680043,0.8854340938353733,5.541849149348804,-2.9242048033330597,1.1774678041031894,-1.0148866624339101,2.264605360135042,5.9928279001989075,-1.467156178685547,-1.666171296819954,7.790697899752116,5.192433009417011,2.1069651622572803,-1.00939258026368,3.1186368578578834,1.5356700698980215,-0.3789460569260368,7.3563599026061475,-0.8066533028670726,4.005059365282476,-0.6839391981453621,8.35591352103026,5.590252257419288,-0.8752816187233922,8.402055463949011,-2.7709868148184564,5.010607633183877,-1.0417143514466713,-1.1825109285021635,1.8358644636616515,5.405229575507646,2.896426278130222,0.40722649658870924,5.424201715645501,-2.1003936234138343,-0.5075804141795952,4.1039198944664905,4.7773919966538605,5.131472687281937,-3.7658787381360104,2.689908478234064,-0.588277618251993,-0.5146929815820251,4.363884407549177,3.6370995867507396,7.759904309642102,-1.654103599667665,3.454018095536436,3.4637203891635813,8.573314645544812,2.4819286081342575,5.994387441604441,0.6240469487147811,-0.31532893258107886,5.67261305608535,8.242493195765256,2.978197366540418,7.331147953902182,5.118405819603578,4.599693066786854,6.248715136128114,7.110987053565063,3.8321200391849453,7.624298805847252,-0.7913902954172145,6.138334423218768,5.239637063900462,1.4715850773531463,6.446461534582184,-1.495761929849224,3.6384970703584356,6.55104466158916,6.693545996274788,0.6774854772528076,-1.8834033970767305,2.1682274863954287,4.134633644643307,1.3204983520661644,0.2687590188892516,7.170839948547519,6.272650901875419,7.611778672207232,3.75129279992795,4.53403318402632,0.46045842352737926,0.014506978609409697,5.565769854391962,1.8875046858083684,6.0814779308945965,2.8433189253222024
1.3909999999999576,0.16194888393507678,-0.24598483727546508,6.885803590026179,3.2343379383375765,6.489000239412092,7.353403460148713,2.40208785806894,2.0879742669579278,6.064571831711669,7.450452673637441,-0.38885819956271706,1.7983030526465038,0.13064634527843316,0.8781964291118505,5.548765325128005,-2.960393477878332,1.1450463778008113,-1.024055482670848,2.246425668076234,6.001189777198695,-1.4832397298480893,-1.6923404404987787,7.822087805478425,5.189994413755164,2.1103926566989193,-1.0358106136400675,3.1098261337152606,1.5399654520401003,-0.39988899812660084,7.3659507933209465,-0.8165891463175663,4.001302420634491,-0.6938964000420685,8.395036015068317,5.592059243272414,-0.8943589069546284,8.42058329253896,-2.7933267574699934,5.016861835431852,-1.078830823576386,-1.2069977191322507,1.8418786187269152,5.422075837455433,2.901930574101903,0.4069904612888261,5.420256572081597,-2.1278871328733007,-0.5199003679996077,4.096784049395173,4.800611371526119,5.140421983421188,-3.799062610895383,2.698467087969842,-0.5939023335124379,-0.5261544912402623,4.378194863673873,3.659796507548542,7.780606842372312,-1.6688110197842358,3.449910778367294,3.472422588139533,8.594902478435145,2.474422053725233,5.9927511924190435,0.6039971795825423,-0.33717613471481067,5.690940502881119,8.271694926684553,2.9788340944566944,7.353295542207903,5.127715470452412,4.58886760204263,6.2580199785861605,7.143824715242264,3.833480448750628,7.657668609311417,-0.8417082671511276,6.15684940365415,5.243454935613103,1.4676818606917101,6.450373680460775,-1.53343637779336,3.6361805629495674,6.56026384336728,6.725180807517497,0.6691970032352161,-1.8974963387867128,2.16026927587162,4.155018617345226,1.329150304607241,0.2602407451617924,7.1831822275576656,6.276669383210264,7.633228502365772,3.739328668398283,4.529556871442244,0.4546931908126181,-0.012686390005350798,5.573769190281133,1.894802721599847,6.083657130375331,2.8407041130025834
1.4009999999999565,0.15702966126433524,-0.25081370360337385,6.897814803434282,3.2336495826620366,6.504030940521987,7.3859409876247595,2.3994817209223545,2.085368458166827,6.098233018369701,7.467878298568381,-0.3961707569335342,1.8112311838661044,0.12345492177006585,0.8709587643883276,5.555681500907206,-2.996582152423604,1.1126249514984332,-1.0332243029077857,2.2282459760174254,6.009551654198482,-1.4993232810106316,-1.7185095841776035,7.853477711204734,5.187555818093317,2.1138201511405583,-1.062228647016455,3.101015409572638,1.544260834182179,-0.4208319393271649,7.3755416840357455,-0.82652498976806,3.997545475986505,-0.703853601938775,8.434158509106375,5.593866229125539,-0.9134361951858646,8.43911112112891,-2.8156667001215303,5.023116037679827,-1.1159472957061005,-1.231484509762338,1.8478927737921789,5.438922099403221,2.907434870073584,0.40675442598894296,5.416311428517694,-2.155380642332767,-0.5322203218196202,4.089648204323855,4.823830746398378,5.149371279560439,-3.8322464836547554,2.70702569770562,-0.5995270487728829,-0.5376160008984994,4.392505319798568,3.682493428346344,7.801309375102522,-1.6835184399008067,3.4458034611981523,3.4811247871154847,8.616490311325478,2.466915499316208,5.991114943233646,0.5839474104503035,-0.3590233368485425,5.709267949676889,8.30089665760385,2.979470822372971,7.375443130513624,5.137025121301247,4.5780421372984055,6.267324821044207,7.176662376919465,3.8348408583163107,7.6910384127755815,-0.8920262388850406,6.175364384089533,5.247272807325745,1.463778644030274,6.454285826339365,-1.571110825737496,3.633864055540699,6.5694830251453995,6.756815618760206,0.6609085292176247,-1.911589280496695,2.1523110653478117,4.175403590047145,1.3378022571483177,0.25172247143433324,7.195524506567812,6.280687864545108,7.654678332524312,3.727364536868616,4.525080558858168,0.44892795809785696,-0.03987975862011128,5.581768526170303,1.9021007573913258,6.085836329856065,2.8380893006829644
1.4109999999999554,0.15206338877399123,-0.2560373430013118,6.909826016842385,3.2329612269864967,6.519061641631882,7.418478515100806,2.3968755837757687,2.0827626493757263,6.1318942050277325,7.4853039234993215,-0.40348331430435136,1.824159315085705,0.11626349826169845,0.8637210996648048,5.562597676686408,-3.0327708269688762,1.0802035251960551,-1.0423931231447234,2.210066283958617,6.017913531198269,-1.515406832173174,-1.7446787278564282,7.884867616931043,5.1851172224314706,2.1172476455821974,-1.0886466803928425,3.092204685430015,1.5485562163242579,-0.44177488052772895,7.3851325747505445,-0.8364608332185537,3.9937885313385193,-0.7138108038354815,8.473281003144432,5.595673214978665,-0.9325134834171008,8.45763894971886,-2.8380066427730672,5.029370239927802,-1.153063767835815,-1.255971300392425,1.8539069288574426,5.455768361351008,2.9129391660452653,0.4065183906890598,5.41236628495379,-2.1828741517922334,-0.5445402756396327,4.082512359252537,4.8470501212706365,5.15832057569969,-3.865430356414128,2.7155843074413983,-0.6051517640333278,-0.5490775105567365,4.406815775923263,3.7051903491441465,7.822011907832732,-1.6982258600173776,3.4416961440290104,3.4898269860914364,8.638078144215811,2.4594089449071834,5.989478694048249,0.5638976413180647,-0.3808705389822743,5.727595396472658,8.330098388523147,2.980107550289248,7.397590718819345,5.146334772150081,4.567216672554181,6.276629663502254,7.209500038596666,3.8362012678819934,7.7244082162397465,-0.9423442106189537,6.193879364524915,5.251090679038386,1.459875427368838,6.458197972217956,-1.608785273681632,3.631547548131831,6.578702206923519,6.788450430002915,0.6526200552000332,-1.9256822222066772,2.144352854824003,4.195788562749064,1.3464542096893943,0.2432041977068743,7.207866785577959,6.284706345879952,7.6761281626828515,3.715400405338949,4.520604246274091,0.4431627253830958,-0.06707312723487174,5.589767862059474,1.9093987931828045,6.088015529336799,2.8354744883633454
1.4209999999999543,0.14705512798886813,-0.261692385079815,6.921837230250488,3.2322728713109568,6.5340923427417765,7.451016042576852,2.394269446629183,2.0801568405846256,6.165555391685764,7.502729548430262,-0.4107958716751685,1.8370874463053055,0.10907207475333104,0.856483434941282,5.569513852465609,-3.0689595015141484,1.047782098893677,-1.0515619433816612,2.1918865918998085,6.026275408198057,-1.5314903833357163,-1.770847871535253,7.916257522657352,5.182678626769624,2.1206751400238364,-1.11506471376923,3.0833939612873924,1.5528515984663367,-0.462717821728293,7.3947234654653435,-0.8463966766690474,3.9900315866905336,-0.7237680057321879,8.51240349718249,5.59748020083179,-0.951590771648337,8.476166778308809,-2.860346585424604,5.035624442175777,-1.1901802399655297,-1.2804580910225123,1.8599210839227063,5.472614623298795,2.9184434620169464,0.4062823553891767,5.408421141389886,-2.2103676612517,-0.5568602294596452,4.07537651418122,4.870269496142895,5.167269871838942,-3.8986142291735004,2.7241429171771765,-0.6107764792937728,-0.5605390202149736,4.421126232047959,3.7278872699419487,7.8427144405629425,-1.7129332801339485,3.4375888268598684,3.498529185067388,8.659665977106144,2.4519023904981587,5.987842444862852,0.543847872185826,-0.4027177411160061,5.745922843268428,8.359300119442445,2.9807442782055245,7.4197383071250655,5.155644422998916,4.556391207809957,6.2859345059603005,7.2423377002738665,3.837561677447676,7.7577780197039115,-0.9926621823528667,6.212394344960297,5.254908550751027,1.4559722107074018,6.462110118096547,-1.646459721625768,3.6292310407229627,6.587921388701639,6.820085241245624,0.6443315811824417,-1.9397751639166594,2.1363946443001947,4.216173535450983,1.355106162230471,0.2346859239794154,7.220209064588106,6.288724827214796,7.697577992841391,3.703436273809282,4.516127933690015,0.43739749266833466,-0.0942664958496322,5.597767197948644,1.9166968289742832,6.090194728817533,2.8328596760437263
1.4309999999999532,0.14201006037583488,-0.26782070392966384,6.933848443658591,3.231584515635417,6.549123043851671,7.483553570052899,2.391663309482597,2.077551031793525,6.199216578343796,7.520155173361202,-0.41810842904598566,1.850015577524906,0.10188065124496364,0.8492457702177592,5.57643002824481,-3.1051481760594206,1.015360672591299,-1.060730763618599,2.173706899841,6.034637285197844,-1.5475739344982586,-1.7970170152140776,7.947647428383661,5.180240031107777,2.1241026344654754,-1.1414827471456175,3.0745832371447697,1.5571469806084155,-0.48366076292885707,7.4043143561801426,-0.8563325201195411,3.986274642042548,-0.7337252076288944,8.551525991220547,5.599287186684916,-0.9706680598795733,8.494694606898758,-2.882686528076141,5.041878644423752,-1.2272967120952443,-1.3049448816525995,1.86593523898797,5.489460885246582,2.9239477579886275,0.40604632008929353,5.404475997825982,-2.237861170711166,-0.5691801832796577,4.068240669109902,4.893488871015154,5.176219167978193,-3.931798101932873,2.7327015269129546,-0.6164011945542177,-0.5720005298732107,4.435436688172654,3.750584190739751,7.863416973293153,-1.7276407002505194,3.4334815096907265,3.50723138404334,8.681253809996477,2.444395836089134,5.986206195677455,0.5237981030535872,-0.4245649432497379,5.764250290064197,8.388501850361742,2.981381006121801,7.4418858954307865,5.16495407384775,4.545565743065733,6.295239348418347,7.275175361951067,3.838922087013359,7.791147823168076,-1.0429801540867798,6.23090932539568,5.258726422463669,1.4520689940459657,6.4660222639751375,-1.684134169569904,3.6269145333140944,6.597140570479758,6.851720052488333,0.6360431071648502,-1.9538681056266416,2.128436433776386,4.236558508152902,1.3637581147715476,0.2261676502519565,7.232551343598253,6.292743308549641,7.719027822999931,3.691472142279615,4.511651621105939,0.4316322599535735,-0.12145986446439266,5.605766533837815,1.9239948647657619,6.092373928298267,2.8302448637241073
1.440999999999952,0.13693349313015055,-0.27447033674970794,6.945859657066694,3.230896159959877,6.564153744961566,7.516091097528945,2.3890571723360114,2.074945223002424,6.232877765001827,7.537580798292142,-0.4254209864168028,1.8629437087445067,0.09468922773659623,0.8420081054942363,5.583346204024012,-3.141336850604693,0.9829392462889202,-1.0698995838555367,2.1555272077821916,6.042999162197631,-1.563657485660801,-1.8231861588929024,7.97903733410997,5.1778014354459305,2.1275301289071145,-1.167900780522005,3.065772513002147,1.5614423627504943,-0.5046037041294212,7.413905246894942,-0.8662683635700348,3.982517697394562,-0.7436824095256008,8.590648485258605,5.601094172538041,-0.9897453481108095,8.513222435488707,-2.905026470727678,5.048132846671727,-1.2644131842249589,-1.3294316722826867,1.8719493940532337,5.506307147194369,2.9294520539603086,0.4058102847894104,5.400530854262079,-2.2653546801706326,-0.5815001370996702,4.061104824038584,4.9167082458874125,5.185168464117444,-3.9649819746922454,2.741260136648733,-0.6220259098146627,-0.5834620395314478,4.4497471442973495,3.7732811115375533,7.884119506023363,-1.7423481203670903,3.4293741925215846,3.5159335830192915,8.70284164288681,2.4368892816801093,5.984569946492058,0.5037483339213484,-0.44641214538346974,5.782577736859967,8.417703581281039,2.982017734038078,7.464033483736507,5.174263724696584,4.534740278321509,6.304544190876394,7.308013023628268,3.8402824965790416,7.824517626632241,-1.0932981258206929,6.249424305831062,5.26254429417631,1.4481657773845296,6.469934409853728,-1.72180861751404,3.624598025905226,6.606359752257878,6.883354863731042,0.6277546331472588,-1.9679610473366238,2.1204782232525776,4.2569434808548205,1.3724100673126243,0.21764937652449762,7.2448936226084,6.296761789884485,7.740477653158471,3.679508010749948,4.507175308521862,0.42586702723881237,-0.14865323307915312,5.613765869726985,1.9312929005572406,6.094553127779001,2.8276300514044883
1.450999999999951,0.13183086755275839,-0.28169659844304956,6.957870870474797,3.230207804284337,6.579184446071461,7.548628625004992,2.3864510351894257,2.0723394142113234,6.266538951659859,7.555006423223082,-0.43273354378761997,1.8758718399641072,0.08749780422822882,0.8347704407707135,5.590262379803213,-3.177525525149965,0.950517819986541,-1.0790684040924745,2.137347515723383,6.051361039197419,-1.5797410368233433,-1.849355302571727,8.010427239836282,5.175362839784084,2.1309576233487535,-1.1943188138983925,3.056961788859524,1.5657377448925731,-0.5255466453299859,7.423496137609741,-0.8762042070205285,3.9787607527465765,-0.7536396114223073,8.629770979296662,5.602901158391167,-1.0088226363420452,8.531750264078656,-2.927366413379215,5.054387048919702,-1.3015296563546734,-1.3539184629127738,1.8779635491184974,5.523153409142156,2.9349563499319897,0.40557424948952725,5.396585710698175,-2.292848189630099,-0.5938200909196827,4.053968978967267,4.939927620759671,5.194117760256695,-3.998165847451618,2.749818746384511,-0.6276506250751076,-0.5949235491896849,4.464057600422045,3.7959780323353556,7.904822038753573,-1.7570555404836612,3.4252668753524427,3.524635781995243,8.724429475777143,2.4293827272710846,5.9829336973066605,0.48369856478910966,-0.46825934751720155,5.800905183655736,8.446905312200336,2.9826544619543545,7.486181072042228,5.183573375545419,4.523914813577285,6.31384903333444,7.340850685305469,3.8416429061447244,7.857887430096406,-1.143616097554606,6.2679392862664445,5.2663621658889515,1.4442625607230934,6.473846555732319,-1.759483065458176,3.622281518496358,6.615578934035997,6.914989674973751,0.6194661591296673,-1.982053989046606,2.112520012728769,4.2773284535567395,1.381062019853701,0.20913110279703873,7.257235901618547,6.300780271219329,7.76192748331701,3.667543879220281,4.502698995937786,0.4201017945240512,-0.17584660169391358,5.621765205616156,1.9385909363487193,6.096732327259735,2.8250152390848693
1.46099999999995,0.12670777072836725,-0.2895634415630124,6.9698820838829,3.229519448608797,6.594215147181356,7.581166152481038,2.38384489804284,2.0697336054202227,6.300200138317891,7.572432048154022,-0.4400461011584371,1.8887999711837078,0.08030638071986142,0.8275327760471907,5.597178555582414,-3.213714199695237,0.9180963936841617,-1.0882372243294123,2.119167823664575,6.059722916197206,-1.5958245879858857,-1.8755244462505518,8.0418171455626,5.172924244122237,2.1343851177903925,-1.22073684727478,3.0481510647169014,1.570033127034652,-0.5464895865305505,7.43308702832454,-0.8861400504710222,3.9750038080985908,-0.7635968133190137,8.66889347333472,5.6047081442442925,-1.0278999245732803,8.550278092668606,-2.949706356030752,5.060641251167677,-1.338646128484388,-1.378405253542861,1.883977704183761,5.5399996710899435,2.940460645903671,0.4053382141896441,5.392640567134271,-2.3203416990895653,-0.6061400447396952,4.046833133895949,4.96314699563193,5.2030670563959465,-4.0313497202109945,2.758377356120289,-0.6332753403355526,-0.606385058847922,4.47836805654674,3.818674953133158,7.925524571483783,-1.771762960600232,3.4211595581833008,3.533337980971195,8.746017308667476,2.42187617286206,5.981297448121263,0.4636487956568709,-0.49010654965093337,5.819232630451506,8.476107043119633,2.983291189870631,7.508328660347949,5.192883026394253,4.513089348833061,6.323153875792487,7.37368834698267,3.843003315710407,7.891257233560571,-1.193934069288519,6.286454266701827,5.270180037601593,1.4403593440616573,6.4777587016109095,-1.797157513402312,3.6199650110874897,6.624798115814117,6.94662448621646,0.6111776851120758,-1.9961469307565882,2.1045618022049606,4.2977134262586585,1.3897139723947776,0.20061282906957983,7.269578180628693,6.3047987525541735,7.78337731347555,3.655579747690614,4.49822268335371,0.41433656180929007,-0.20303997030867404,5.629764541505327,1.945888972140198,6.098911526740469,2.8224004267652503
1.4709999999999488,0.12156995142694021,-0.2981451253156198,6.981893297291003,3.228831092933257,6.609245848291251,7.6137036799570845,2.381238760896254,2.067127796629122,6.333861324975922,7.589857673084962,-0.44735865852925427,1.9017281024033084,0.07311495721149401,0.8202951113236678,5.604094731361616,-3.2499028742405094,0.8856749673817825,-1.09740604456635,2.1009881316057664,6.068084793196993,-1.611908139148428,-1.9016935899293765,8.073207051288918,5.1704856484603905,2.1378126122320316,-1.2471548806511674,3.0393403405742787,1.5743285091767307,-0.5674325277311151,7.442677919039339,-0.8960758939215159,3.971246863450605,-0.7735540152157202,8.708015967372777,5.606515130097418,-1.0469772128045154,8.568805921258555,-2.972046298682289,5.066895453415652,-1.3757626006141026,-1.4028920441729482,1.8899918592490248,5.556845933037731,2.945964941875352,0.40510217888976097,5.3886954235703675,-2.3478352085490317,-0.6184599985597077,4.039697288824631,4.9863663705041885,5.212016352535198,-4.064533592970371,2.7669359658560673,-0.6389000555959975,-0.6178465685061592,4.492678512671436,3.84137187393096,7.946227104213993,-1.786470380716803,3.417052241014159,3.5420401799471466,8.767605141557809,2.414369618453035,5.979661198935866,0.4435990265246321,-0.5119537517846648,5.837560077247275,8.50530877403893,2.983927917786908,7.53047624865367,5.2021926772430875,4.502263884088837,6.332458718250534,7.4065260086598705,3.84436372527609,7.924627037024736,-1.244252041022432,6.304969247137209,5.273997909314234,1.4364561274002212,6.4816708474895,-1.8348319613464479,3.6176485036786215,6.634017297592236,6.978259297459169,0.6028892110944843,-2.0102398724665687,2.096603591681152,4.3180983989605775,1.3983659249358542,0.19209455534212094,7.28192045963884,6.308817233889018,7.80482714363409,3.6436156161609468,4.4937463707696335,0.4085713290945289,-0.2302333389234345,5.637763877394497,1.9531870079316767,6.101090726221203,2.8197856144456312
1.4809999999999477,0.1164233414380364,-0.3075282763188461,6.993904510699106,3.228142737257717,6.624276549401146,7.646241207433131,2.3786326237496684,2.064521987838021,6.367522511633954,7.607283298015902,-0.4546712159000714,1.914656233622909,0.0659235337031266,0.813057446600145,5.611010907140817,-3.2860915487857816,0.8532535410794033,-1.1065748648032878,2.082808439546958,6.0764466701967805,-1.6279916903109704,-1.9278627336082013,8.104596957015236,5.168047052798544,2.1412401066736706,-1.273572914027555,3.030529616431656,1.5786238913188095,-0.5883754689316797,7.452268809754138,-0.9060117373720096,3.9674899188026194,-0.7835112171124267,8.747138461410835,5.608322115950544,-1.0660545010357505,8.587333749848504,-2.994386241333826,5.073149655663627,-1.4128790727438172,-1.4273788348030354,1.8960060143142885,5.573692194985518,2.951469237847033,0.4048661435898778,5.384750280006464,-2.375328718008498,-0.6307799523797202,4.0325614437533135,5.009585745376447,5.220965648674449,-4.097717465729748,2.7754945755918454,-0.6445247708564424,-0.6293080781643963,4.506988968796131,3.8640687947287624,7.9669296369442035,-1.8011778008333739,3.412944923845017,3.5507423789230983,8.789192974448142,2.4068630640440105,5.978024949750469,0.42354925739239335,-0.5338009539183961,5.855887524043045,8.534510504958227,2.9845646457031845,7.552623836959391,5.211502328091922,4.491438419344613,6.34176356070858,7.439363670337071,3.8457241348417726,7.957996840488901,-1.294570012756345,6.3234842275725915,5.2778157810268755,1.432552910738785,6.485582993368091,-1.8725064092905839,3.615331996269753,6.643236479370356,7.009894108701878,0.5946007370768929,-2.0243328141765486,2.0886453811573436,4.338483371662496,1.4070178774769309,0.18357628161466205,7.294262738648987,6.312835715223862,7.82627697379263,3.6316514846312797,4.489270058185557,0.4028060963797678,-0.257426707538195,5.645763213283668,1.9604850437231554,6.103269925701937,2.8171708021260122
1.4909999999999466,0.11127408393735615,-0.3178144491413155,7.005915724107209,3.2274543815821772,6.639307250511041,7.678778734909177,2.3760264866030827,2.0619161790469205,6.401183698291986,7.6247089229468425,-0.4619837732708886,1.9275843648425095,0.05873211019475924,0.8058197818766222,5.617927082920018,-3.3222802233310538,0.8208321147770241,-1.1157436850402256,2.0646287474881495,6.084808547196568,-1.6440752414735127,-1.954031877287026,8.135986862741554,5.165608457136697,2.1446676011153096,-1.2999909474039424,3.0217188922890332,1.5829192734608883,-0.6093184101322443,7.461859700468937,-0.9159475808225033,3.9637329741546337,-0.7934684190091331,8.786260955448892,5.610129101803669,-1.0851317892669856,8.605861578438454,-3.0167261839853627,5.079403857911602,-1.4499955448735318,-1.4518656254331226,1.9020201693795522,5.590538456933305,2.956973533818714,0.4046301082899947,5.38080513644256,-2.4028222274679645,-0.6430999061997327,4.025425598681996,5.032805120248706,5.2299149448137,-4.130901338489125,2.7840531853276236,-0.6501494861168874,-0.6407695878226334,4.5212994249208265,3.8867657155265647,7.987632169674414,-1.8158852209499448,3.408837606675875,3.55944457789905,8.810780807338475,2.399356509634986,5.976388700565072,0.4034994882601546,-0.5556481560521274,5.874214970838814,8.563712235877524,2.985201373619461,7.574771425265112,5.220811978940756,4.480612954600389,6.351068403166627,7.472201332014272,3.8470845444074553,7.991366643953066,-1.3448879844902581,6.341999208007974,5.281633652739517,1.428649694077349,6.4894951392466815,-1.9101808572347199,3.613015488860885,6.652455661148475,7.041528919944587,0.5863122630593014,-2.0384257558865286,2.080687170633535,4.358868344364415,1.4156698300180075,0.17505800788720316,7.306605017659134,6.316854196558706,7.847726803951169,3.6196873531016127,4.484793745601481,0.3970408636650066,-0.28462007615295576,5.653762549172838,1.967783079514634,6.1054491251826715,2.814555989806393
1.5009999999999455,0.10612857101941425,-0.32912332857290694,7.017926937515312,3.2267660259066373,6.654337951620936,7.711316262385224,2.373420349456497,2.0593103702558198,6.434844884950017,7.642134547877783,-0.46929633064170573,1.94051249606211,0.051540686686391904,0.7985821171530993,5.62484325869922,-3.358468897876326,0.7884106884746449,-1.1249125052771634,2.046449055429341,6.093170424196355,-1.660158792636055,-1.9802010209658507,8.167376768467872,5.1631698614748505,2.1480950955569487,-1.3264089807803299,3.0129081681464105,1.5872146556029672,-0.6302613513328089,7.471450591183736,-0.925883424272997,3.959976029506648,-0.8034256209058396,8.82538344948695,5.611936087656795,-1.1042090774982207,8.624389407028403,-3.0390661266368997,5.085658060159577,-1.4871120170032464,-1.4763524160632098,1.908034324444816,5.607384718881092,2.9624778297903953,0.40439407299011154,5.376859992878656,-2.430315736927431,-0.6554198600197452,4.018289753610678,5.0560244951209645,5.238864240952951,-4.164085211248502,2.7926117950634017,-0.6557742013773323,-0.6522310974808705,4.535609881045522,3.909462636324367,8.00833470240462,-1.8305926410665156,3.404730289506733,3.5681467768750017,8.832368640228808,2.391849955225961,5.974752451379675,0.3834497191279158,-0.5774953581858586,5.8925424176345835,8.592913966796822,2.985838101535738,7.596919013570833,5.230121629789591,4.469787489856165,6.3603732456246735,7.505038993691473,3.848444953973138,8.024736447417231,-1.3952059562241712,6.360514188443356,5.285451524452158,1.4247464774159129,6.493407285125272,-1.9478553051788559,3.6106989814520167,6.661674842926595,7.073163731187296,0.5780237890417099,-2.0525186975965086,2.0727289601097265,4.379253317066334,1.4243217825590841,0.16653973415974427,7.318947296669281,6.320872677893551,7.869176634109709,3.6077232215719457,4.4803174330174045,0.3912756309502455,-0.3118134447677165,5.661761885062009,1.9750811153061127,6.1076283246634056,2.811941177486774
1.5109999999999444,0.10099349326958112,-0.341596761232372,7.029938150923415,3.2260776702310974,6.669368652730831,7.74385378986127,2.370814212309911,2.056704561464719,6.468506071608049,7.659560172808723,-0.4766088880125229,1.9534406272817106,0.04434926317802457,0.7913444524295765,5.631759434478421,-3.394657572421598,0.7559892621722657,-1.1340813255141011,2.0282693633705327,6.101532301196142,-1.6762423437985974,-2.006370164644675,8.19876667419419,5.160731265813004,2.1515225899985877,-1.3528270141567174,3.0040974440037878,1.591510037745046,-0.6512042925333735,7.481041481898535,-0.9358192677234907,3.9562190848586622,-0.813382822802546,8.864505943525007,5.61374307350992,-1.1232863657294558,8.642917235618352,-3.0614060692884366,5.091912262407552,-1.524228489132961,-1.500839206693297,1.9140484795100796,5.624230980828879,2.9679821257620764,0.4041580376902284,5.3729148493147525,-2.4578092463868972,-0.6677398138397577,4.01115390853936,5.079243869993223,5.2478135370922026,-4.197269084007879,2.80117040479918,-0.6613989166377773,-0.6636926071391076,4.549920337170217,3.9321595571221692,8.02903723513482,-1.8453000611830865,3.400622972337591,3.5768489758509534,8.85395647311914,2.3843434008169364,5.973116202194277,0.36339994999567704,-0.5993425603195899,5.910869864430353,8.622115697716119,2.9864748294520145,7.619066601876554,5.239431280638425,4.458962025111941,6.36967808808272,7.537876655368674,3.8498053635388207,8.058106250881396,-1.4455239279580843,6.379029168878739,5.2892693961648,1.4208432607544768,6.497319431003863,-1.9855297531229918,3.6083824740431485,6.670894024704714,7.104798542430005,0.5697353150241184,-2.0666116393064886,2.064770749585918,4.399638289768253,1.4329737351001608,0.15802146043228538,7.331289575679428,6.324891159228395,7.890626464268249,3.5957590900422787,4.475841120433328,0.38551039823548433,-0.33900681338247723,5.669761220951179,1.9823791510975914,6.10980752414414,2.809326365167155
1.5209999999999433,0.09587590528009694,-0.35540386571585486,7.041949364331518,3.2253893145555574,6.684399353840726,7.776391317337317,2.3682080751633254,2.0540987526736183,6.5021672582660806,7.676985797739663,-0.48392144538334003,1.9663687585013112,0.03715783966965723,0.7841067877060537,5.638675610257622,-3.4308462469668703,0.7235678358698865,-1.143250145751039,2.0100896713117242,6.10989417819593,-1.6923258949611397,-2.0325393083235,8.230156579920507,5.158292670151157,2.1549500844402267,-1.3792450475331048,2.995286719861165,1.5958054198871248,-0.6721472337339381,7.490632372613334,-0.9457551111739844,3.9524621402106765,-0.8233400246992525,8.903628437563064,5.615550059363046,-1.142363653960691,8.661445064208301,-3.0837460119399736,5.098166464655527,-1.5613449612626755,-1.5253259973233841,1.9200626345753433,5.6410772427766664,2.9734864217337575,0.40392200239034526,5.368969705750849,-2.4853027558463636,-0.6800597676597702,4.004018063468043,5.102463244865482,5.256762833231454,-4.230452956767256,2.809729014534958,-0.6670236318982222,-0.6751541167973447,4.564230793294913,3.9548564779199715,8.049739767865022,-1.8600074812996574,3.396515655168449,3.585551174826905,8.875544306009473,2.3768368464079117,5.97147995300888,0.34335018086343827,-0.6211897624533211,5.9291973112261225,8.651317428635416,2.987111557368291,7.641214190182275,5.2487409314872595,4.4481365603677165,6.378982930540767,7.570714317045875,3.8511657731045035,8.091476054345561,-1.4958418996919973,6.397544149314121,5.293087267877441,1.4169400440930406,6.501231576882454,-2.0232042010671276,3.6060659666342803,6.680113206482834,7.136433353672714,0.561446841006527,-2.0807045810164686,2.0568125390621095,4.420023262470172,1.4416256876412374,0.14950318670482649,7.3436318546895745,6.328909640563239,7.912076294426789,3.5837949585126117,4.471364807849252,0.3797451655207232,-0.366200181997238,5.67776055684035,1.9896771868890701,6.111986723624874,2.806711552847536
1.5309999999999422,0.0907833124656797,-0.3707475536595279,7.053960577739621,3.2247009588800175,6.6994300549506205,7.808928844813363,2.3656019380167397,2.0514929438825176,6.535828444924112,7.694411422670603,-0.4912340027541572,1.9792968897209118,0.029966416161289887,0.7768691229825309,5.645591786036824,-3.4670349215121425,0.6911464095675073,-1.1524189659879767,1.991909979252917,6.118256055195717,-1.708409446123682,-2.0587084520023247,8.261546485646825,5.15585407448931,2.1583775788818658,-1.4056630809094923,2.9864759957185423,1.6001008020292036,-0.6930901749345028,7.500223263328133,-0.9556909546244781,3.948705195562691,-0.833297226595959,8.942750931601122,5.617357045216171,-1.161440942191926,8.67997289279825,-3.1060859545915105,5.104420666903502,-1.59846143339239,-1.5498127879534713,1.926076789640607,5.657923504724454,2.9789907177054387,0.4036859670904621,5.365024562186945,-2.51279626530583,-0.6923797214797827,3.996882218396727,5.1256826197377405,5.265712129370705,-4.263636829526633,2.818287624270736,-0.6726483471586672,-0.6866156264555818,4.578541249419608,3.977553398717774,8.070442300595223,-1.8747149014162283,3.3924083379993073,3.594253373802857,8.897132138899806,2.369330291998887,5.969843703823483,0.3233004117311995,-0.6430369645870524,5.947524758021892,8.680519159554713,2.987748285284568,7.663361778487996,5.258050582336094,4.4373110956234925,6.3882877729988135,7.603551978723075,3.852526182670186,8.124845857809726,-1.5461598714259104,6.416059129749503,5.296905139590082,1.4130368274316045,6.505143722761044,-2.0608786490112636,3.603749459225412,6.689332388260953,7.1680681649154225,0.5531583669889355,-2.0947975227264486,2.048854328538301,4.440408235172091,1.450277640182314,0.1409849129773676,7.355974133699721,6.3329281218980835,7.933526124585328,3.5718308269829446,4.4668884952651755,0.37397993280596203,-0.3933935506119987,5.6857598927295205,1.9969752226805488,6.114165923105608,2.804096740527917
1.540999999999941,0.08572378659214677,-0.38787290606830266,7.065971791147724,3.2240126032044776,6.714460756060515,7.84146637228941,2.362995800870154,2.048887135091417,6.569489631582144,7.711837047601543,-0.49854656012497434,1.9922250209405123,0.022774992652922516,0.769631458259008,5.652507961816025,-3.5032235960574147,0.6587249832651281,-1.1615877862249144,1.9737302871941107,6.126617932195504,-1.7244929972862244,-2.0848775956811494,8.292936391373143,5.153415478827464,2.161805073323505,-1.4320811142858798,2.9776652715759195,1.6043961841712824,-0.7140331161350674,7.509814154042932,-0.9656267980749718,3.944948250914705,-0.8432544284926654,8.98187342563918,5.619164031069297,-1.1805182304231612,8.6985007213882,-3.1284258972430474,5.110674869151477,-1.6355779055221047,-1.5742995785835585,1.9320909447058707,5.674769766672241,2.98449501367712,0.403449931790579,5.361079418623041,-2.5402897747652964,-0.7046996752997952,3.989746373325414,5.148901994609999,5.274661425509956,-4.29682070228601,2.8268462340065144,-0.6782730624191121,-0.6980771361138189,4.592851705544303,4.000250319515576,8.091144833325425,-1.8894223215327992,3.3883010208301654,3.6029555727788085,8.91871997179014,2.3618237375898623,5.968207454638086,0.30325064259896073,-0.6648841667207837,5.965852204817661,8.70972089047401,2.9883850132008445,7.685509366793717,5.267360233184928,4.426485630879268,6.39759261545686,7.636389640400276,3.853886592235869,8.158215661273891,-1.5964778431598234,6.434574110184886,5.300723011302724,1.4091336107701684,6.509055868639635,-2.0985530969553996,3.6014329518165438,6.698551570039073,7.1997029761581315,0.544869892971344,-2.1088904644364286,2.0408961180144924,4.46079320787401,1.4589295927233907,0.1324666392499087,7.368316412709868,6.336946603232928,7.954975954743868,3.5598666954532776,4.462412182681099,0.3682147000912009,-0.42058691922675945,5.693759228618691,2.0042732584720278,6.116345122586342,2.801481928208298
1.55099999999994,0.08070612037046548,-0.40707799875241546,7.0779830045558265,3.2233242475289376,6.72949145717041,7.874003899765456,2.360389663723568,2.046281326300316,6.6031508182401755,7.729262672532483,-0.5058591174957919,2.005153152160114,0.015583569144555144,0.7623937935354852,5.659424137595226,-3.539412270602687,0.6263035569627489,-1.1707566064618522,1.9555505951353045,6.134979809195292,-1.7405765484487667,-2.111046739359974,8.32432629709946,5.150976883165617,2.165232567765144,-1.4584991476622673,2.968854547433297,1.6086915663133612,-0.734976057335632,7.519405044757731,-0.9755626415254655,3.9411913062667194,-0.8532116303893719,9.020995919677237,5.6209710169224225,-1.1995955186543963,8.71702854997815,-3.1507658398945844,5.116929071399452,-1.6726943776518193,-1.5987863692136457,1.9381050997711344,5.691616028620028,2.989999309648801,0.40321389649069583,5.3571342750591375,-2.5677832842247628,-0.7170196291198077,3.9826105282541007,5.172121369482258,5.283610721649207,-4.330004575045387,2.8354048437422925,-0.6838977776795571,-0.709538645772056,4.607162161668999,4.022947240313378,8.111847366055626,-1.90412974164937,3.3841937036610235,3.61165777175476,8.940307804680472,2.3543171831808376,5.966571205452689,0.28320087346672196,-0.6867313688545149,5.984179651613431,8.738922621393307,2.989021741117121,7.707656955099438,5.276669884033763,4.415660166135044,6.406897457914907,7.669227302077477,3.8552470018015517,8.191585464738056,-1.6467958148937365,6.453089090620268,5.304540883015365,1.4052303941087323,6.512968014518226,-2.1362275448995356,3.5991164444076755,6.7077707518171925,7.23133778740084,0.5365814189537526,-2.1229834061464086,2.032937907490684,4.481178180575929,1.4675815452644674,0.12394836552244981,7.380658691720015,6.340965084567772,7.976425784902408,3.5479025639236106,4.457935870097023,0.36244946737643974,-0.4477802878415202,5.701758564507862,2.0115712942635064,6.118524322067076,2.798867115888679
1.5609999999999389,0.07574003568897976,-0.428727966645436,7.0899942179639295,3.2226358918533977,6.744522158280305,7.906541427241502,2.3577835265769824,2.0436755175092154,6.636812004898207,7.7466882974634235,-0.5131716748666096,2.0180812833797166,0.008392145636187773,0.7551561288119624,5.666340313374428,-3.575600945147959,0.5938821306603697,-1.17992542669879,1.9373709030764983,6.143341686195079,-1.756660099611309,-2.137215883038799,8.355716202825779,5.14853828750377,2.168660062206783,-1.4849171810386548,2.960043823290674,1.61298694845544,-0.7559189985361966,7.52899593547253,-0.9854984849759592,3.9374343616187337,-0.8631688322860783,9.060118413715294,5.622778002775548,-1.2186728068856314,8.735556378568099,-3.1731057825461213,5.123183273647427,-1.7098108497815339,-1.6232731598437329,1.9441192548363981,5.708462290567815,2.995503605620482,0.4029778611908127,5.353189131495234,-2.595276793684229,-0.7293395829398202,3.9754746831827874,5.1953407443545165,5.292560017788459,-4.363188447804764,2.8439634534780707,-0.689522492940002,-0.7210001554302932,4.621472617793694,4.045644161111181,8.132549898785827,-1.918837161765941,3.3800863864918815,3.620359970730712,8.961895637570805,2.346810628771813,5.9649349562672915,0.2631511043344832,-0.7085785709882462,6.0025070984092,8.768124352312604,2.989658469033398,7.729804543405159,5.285979534882597,4.40483470139082,6.416202300372953,7.702064963754678,3.8566074113672344,8.224955268202221,-1.6971137866276496,6.47160407105565,5.3083587547280064,1.4013271774472962,6.516880160396816,-2.1739019928436716,3.5967999369988073,6.716989933595312,7.262972598643549,0.5282929449361611,-2.1370763478563886,2.0249796969668754,4.501563153277848,1.476233497805544,0.11543009179499092,7.393000970730162,6.344983565902616,7.997875615060948,3.5359384323939436,4.4534595575129465,0.3566842346616786,-0.4749736564562809,5.709757900397032,2.018869330054985,6.12070352154781,2.79625230356906
1.5709999999999378,0.07083646613259884,-0.45327334428548893,7.102005431372032,3.221947536177858,6.7595528593902,7.939078954717549,2.3551773894303967,2.0410697087181147,6.670473191556239,7.764113922394364,-0.5204842322374273,2.0310094145993194,0.0012007221278204031,0.7479184640884395,5.673256489153629,-3.6117896196932313,0.5614607043579904,-1.1890942469357277,1.919191211017692,6.151703563194866,-1.7727436507738514,-2.1633850267176236,8.387106108552096,5.146099691841924,2.172087556648422,-1.5113352144150423,2.9512330991480513,1.6172823305975188,-0.7768619397367612,7.538586826187329,-0.9954343284264529,3.933677416970748,-0.8731260341827848,9.099240907753352,5.624584988628674,-1.2377500951168665,8.754084207158048,-3.1954457251976582,5.129437475895402,-1.7469273219112484,-1.64775995047382,1.9501334099016618,5.725308552515602,3.001007901592163,0.40274182589092955,5.34924398793133,-2.6227703031436955,-0.7416595367598326,3.968338838111474,5.218560119226775,5.30150931392771,-4.396372320564141,2.852522063213849,-0.695147208200447,-0.7324616650885303,4.63578307391839,4.068341081908983,8.153252431516028,-1.9335445818825119,3.3759790693227396,3.6290621697066636,8.983483470461138,2.339304074362788,5.963298707081894,0.24310133520224442,-0.7304257731219774,6.02083454520497,8.797326083231901,2.9902951969496745,7.75195213171088,5.2952891857314315,4.394009236646596,6.425507142831,7.734902625431879,3.857967820932917,8.258325071666386,-1.7474317583615626,6.490119051491033,5.312176626440648,1.39742396078586,6.520792306275407,-2.2115764407878076,3.594483429589939,6.726209115373432,7.294607409886258,0.5200044709185696,-2.1511692895663685,2.017021486443067,4.521948125979767,1.4848854503466207,0.10691181806753203,7.405343249740309,6.349002047237461,8.01932544521948,3.5239743008642765,4.44898324492887,0.35091900194691744,-0.5021670250710416,5.717757236286203,2.026167365846464,6.122882721028544,2.793637491249441
1.5809999999999367,0.06600794316604063,-0.48127400938088727,7.114016644780135,3.221259180502318,6.774583560500095,7.971616482193595,2.352571252283811,2.038463899927014,6.70413437821427,7.781539547325304,-0.527796789608245,2.043937545818922,-0.005990701380546966,0.7406807993649167,5.68017266493283,-3.6479782942385035,0.5290392780556112,-1.1982630671726655,1.9010115189588859,6.1600654401946535,-1.7888272019363938,-2.1895541703964483,8.418496014278414,5.143661096180077,2.175515051090061,-1.5377532477914297,2.9424223750054286,1.6215777127395976,-0.7978048809373258,7.548177716902128,-1.0053701718769472,3.9299204723227623,-0.8830832360794912,9.138363401791409,5.626391974481799,-1.2568273833481016,8.772612035747997,-3.217785667849195,5.1356916781433775,-1.784043794040963,-1.6722467411039073,1.9561475649669255,5.742154814463389,3.0065121975638442,0.4025057905910464,5.345298844367426,-2.650263812603162,-0.7539794905798451,3.961202993040161,5.241779494099034,5.310458610066961,-4.429556193323518,2.861080672949627,-0.7007719234608919,-0.7439231747467674,4.650093530043085,4.091038002706785,8.17395496424623,-1.9482520019990828,3.3718717521535977,3.6377643686826153,9.005071303351471,2.3317975199537635,5.961662457896497,0.22305156607000565,-0.7522729752557087,6.039161992000739,8.826527814151198,2.990931924865951,7.774099720016601,5.304598836580266,4.383183771902372,6.434811985289047,7.7677402871090795,3.8593282304986,8.29169487513055,-1.7977497300954757,6.508634031926415,5.315994498153289,1.393520744124424,6.524704452153998,-2.2492508887319436,3.592166922181071,6.735428297151551,7.326242221128967,0.5117159969009781,-2.1652622312763485,2.0090632759192584,4.542333098681686,1.4935374028876973,0.09839354434007314,7.4176855287504555,6.353020528572305,8.04077527537801,3.5120101693346095,4.444506932344794,0.3451537692321563,-0.5293603936858023,5.725756572175373,2.0334654016379425,6.125061920509278,2.791022678929822
1.5909999999999356,0.061269127763701685,-0.5134303375987432,7.126027858188238,3.220570824826778,6.78961426160999,8.00415400966964,2.349965115137225,2.035858091135913,6.737795564872302,7.798965172256244,-0.5351093469790628,2.056865677038525,-0.013182124888914336,0.7334431346413939,5.687088840712032,-3.6841669687837757,0.49661785175323214,-1.2074318874096033,1.8828318269000797,6.168427317194441,-1.8049107530989361,-2.215723314075273,8.449885920004732,5.14122250051823,2.1789425455317,-1.5641712811678172,2.933611650862806,1.6258730948816764,-0.8187478221378904,7.557768607616927,-1.015306015327442,3.9261635276747766,-0.8930404379761977,9.177485895829467,5.628198960334925,-1.2759046715793367,8.791139864337946,-3.240125610500732,5.1419458803913525,-1.8211602661706776,-1.6967335317339944,1.9621617200321892,5.7590010764111765,3.0120164935355254,0.40226975529116327,5.341353700803523,-2.6777573220626283,-0.7662994443998576,3.9540671479688476,5.2649988689712925,5.319407906206212,-4.462740066082895,2.869639282685405,-0.7063966387213368,-0.7553846844050045,4.66440398616778,4.1137349235045875,8.194657496976431,-1.9629594221156537,3.3677644349844558,3.646466567658567,9.026659136241804,2.324290965544739,5.9600262087111,0.20300179693776688,-0.77412017738944,6.057489438796509,8.855729545070496,2.991568652782228,7.796247308322322,5.3139084874291,4.372358307158148,6.444116827747093,7.80057794878628,3.8606886400642826,8.325064678594716,-1.8480677018293887,6.5271490123617975,5.3198123698659305,1.3896175274629878,6.528616598032588,-2.2869253366760796,3.5898504147722026,6.744647478929671,7.357877032371676,0.5034275228833867,-2.1793551729863285,2.00110506539545,4.562718071383605,1.502189355428774,0.08987527061261424,7.430027807760602,6.357039009907149,8.062225105536541,3.5000460378049425,4.440030619760718,0.33938853651739515,-0.5565537623005631,5.733755908064544,2.0407634374294212,6.127241119990012,2.788407866610203
1.6009999999999345,0.056637546443990223,-0.5506232957353826,7.138039071596341,3.219882469151238,6.804644962719885,8.036691537145678,2.3473589779906394,2.0332522823448125,6.771456751530334,7.816390797187184,-0.5424219043498805,2.0697938082581278,-0.020373548397281706,0.726205469917871,5.694005016491233,-3.720355643329048,0.4641964254508535,-1.216600707646541,1.8646521348412735,6.176789194194228,-1.8209943042614785,-2.2418924577540977,8.48127582573105,5.138783904856384,2.182370039973339,-1.5905893145442047,2.924800926720183,1.6301684770237552,-0.839690763338455,7.567359498331726,-1.0252418587779368,3.922406583026791,-0.9029976398729042,9.216608389867524,5.63000594618805,-1.2949819598105718,8.809667692927896,-3.262465553152269,5.1482000826393275,-1.8582767383003922,-1.7212203223640816,1.968175875097453,5.775847338358964,3.0175207895072065,0.4020337199912801,5.337408557239619,-2.7052508315220947,-0.7786193982198701,3.9469313028975344,5.288218243843551,5.3283572023454635,-4.495923938842272,2.8781978924211833,-0.7120213539817818,-0.7668461940632416,4.678714442292476,4.13643184430239,8.215360029706632,-1.9776668422322246,3.363657117815314,3.6551687666345187,9.048246969132137,2.316784411135714,5.958389959525703,0.1829520278055281,-0.7959673795231712,6.075816885592278,8.884931275989793,2.9922053806985045,7.8183948966280425,5.323218138277935,4.361532842413924,6.45342167020514,7.833415610463481,3.8620490496299653,8.35843448205888,-1.8983856735633018,6.54566399279718,5.323630241578572,1.3857143108015517,6.532528743911179,-2.3245997846202155,3.5875339073633343,6.75386666070779,7.389511843614385,0.4951390488657955,-2.1934481146963085,1.9931468548716413,4.583103044085524,1.5108413079698506,0.08135699688515535,7.442370086770749,6.3610574912419935,8.083674935695072,3.4880819062752755,4.435554307176641,0.333623303802634,-0.5837471309153238,5.7417552439537145,2.0480614732209,6.129420319470746,2.785793054290584
1.6109999999999334,0.052134613101327575,-0.5939647604562224,7.150050285004444,3.219194113475698,6.81967566382978,8.069229064621716,2.3447528408440537,2.0306464735537118,6.805117938188365,7.833816422118124,-0.5497344617206982,2.0827219394777305,-0.027564971905649077,0.7189678051943482,5.700921192270434,-3.75654431787432,0.43177499914847484,-1.2257695278834788,1.8464724427824672,6.185151071194015,-1.8370778554240208,-2.2680616014329225,8.512665731457368,5.136345309194537,2.185797534414978,-1.6170073479205922,2.9159902025775604,1.634463859165834,-0.8606337045390197,7.576950389046525,-1.0351777022284316,3.918649638378805,-0.9129548417696106,9.255730883905581,5.631812932041176,-1.314059248041807,8.828195521517845,-3.284805495803806,5.1544542848873025,-1.8953932104301068,-1.7457071129941688,1.9741900301627167,5.792693600306751,3.0230250854788876,0.401797684691397,5.333463413675715,-2.732744340981561,-0.7909393520398826,3.939795457826221,5.31143761871581,5.337306498484715,-4.529107811601649,2.8867565021569614,-0.7176460692422267,-0.7783077037214787,4.693024898417171,4.159128765100192,8.236062562436834,-1.9923742623487954,3.359549800646172,3.6638709656104704,9.06983480202247,2.3092778567266894,5.956753710340306,0.16290225867328934,-0.8178145816569025,6.094144332388048,8.91413300690909,2.992842108614781,7.8405424849337635,5.332527789126769,4.3507073776697,6.4627265126631865,7.866253272140682,3.863409459195648,8.391804285523046,-1.9487036452972148,6.564178973232562,5.327448113291213,1.3818110941401156,6.53644088978977,-2.3622742325643515,3.585217399954466,6.76308584248591,7.421146654857094,0.4868505748482046,-2.2075410564062885,1.9851886443478328,4.603488016787443,1.5194932605109273,0.07283872315769646,7.454712365780896,6.365075972576838,8.105124765853603,3.4761177747456085,4.431077994592565,0.32785807108787285,-0.6109404995300846,5.749754579842885,2.0553595090123786,6.1315995189514805,2.783178241970965
1.6209999999999323,0.04778704355701374,-0.6448574108460638,7.162061498412547,3.218505757800158,6.834706364939675,8.101766592097754,2.342146703697468,2.028040664762611,6.838779124846397,7.851242047049064,-0.5570470190915159,2.0956500706973333,-0.034756395414016435,0.7117301404708254,5.707837368049636,-3.7927329924195923,0.3993535728460962,-1.2349383481204166,1.828292750723661,6.193512948193803,-1.8531614065865631,-2.294230745111747,8.544055637183686,5.13390671353269,2.189225028856617,-1.6434253812969797,2.9071794784349376,1.6387592413079128,-0.8815766457395843,7.586541279761324,-1.0451135456789264,3.9148926937308195,-0.9229120436663171,9.294853377943639,5.633619917894301,-1.333136536273042,8.846723350107794,-3.307145438455343,5.1607084871352775,-1.9325096825598214,-1.770193903624256,1.9802041852279804,5.809539862254538,3.0285293814505687,0.40156164939151384,5.329518270111811,-2.7602378504410274,-0.8032593058598951,3.932659612754908,5.3346569935880686,5.346255794623966,-4.562291684361026,2.8953151118927396,-0.7232707845026717,-0.7897692133797158,4.707335354541867,4.181825685897994,8.256765095167035,-2.0070816824653672,3.35544248347703,3.672573164586422,9.091422634912803,2.3017713023176647,5.9551174611549085,0.14285248954105056,-0.8396617837906337,6.112471779183817,8.943334737828387,2.993478836531058,7.862690073239484,5.3418374399756035,4.339881912925476,6.472031355121233,7.899090933817883,3.8647698687613308,8.42517408898721,-1.999021617031128,6.5826939536679445,5.331265985003855,1.3779078774786795,6.54035303566836,-2.3999486805084875,3.582900892545598,6.772305024264029,7.452781466099803,0.4785621008306137,-2.2216339981162685,1.9772304338240243,4.623872989489362,1.528145213052004,0.06432044943023757,7.467054644791043,6.369094453911682,8.126574596012134,3.4641536432159414,4.426601682008489,0.3220928383731117,-0.6381338681448453,5.757753915732056,2.0626575448038573,6.133778718432215,2.780563429651346
1.6309999999999312,0.04362878802063019,-0.7050580256142392,7.17407271182065,3.217817402124618,6.84973706604957,8.134304119573791,2.339540566550882,2.0254348559715103,6.872440311504429,7.868667671980004,-0.5643595764623336,2.108578201916936,-0.04194781892238377,0.7044924757473026,5.714753543828837,-3.8289216669648645,0.36693214654371753,-1.2441071683573544,1.8101130586648548,6.20187482519359,-1.8692449577491055,-2.320399888790572,8.575445542910003,5.131468117870844,2.192652523298256,-1.6698434146733672,2.898368754292315,1.6430546234499916,-0.9025195869401489,7.596132170476123,-1.0550493891294213,3.911135749082834,-0.9328692455630235,9.333975871981696,5.635426903747427,-1.3522138245042772,8.865251178697743,-3.32948538110688,5.1669626893832525,-1.969626154689536,-1.7946806942543432,1.986218340293244,5.826386124202325,3.03403367742225,0.4013256140916307,5.325573126547908,-2.787731359900494,-0.8155792596799076,3.9255237676835946,5.357876368460327,5.355205090763217,-4.595475557120403,2.9038737216285178,-0.7288954997631166,-0.801230723037953,4.721645810666562,4.204522606695797,8.277467627897236,-2.0217891025819403,3.351335166307888,3.681275363562374,9.113010467803136,2.29426474790864,5.953481211969511,0.12280272040881182,-0.861508985924365,6.130799225979587,8.972536468747684,2.9941155644473345,7.884837661545205,5.351147090824438,4.329056448181252,6.48133619757928,7.931928595495084,3.8661302783270135,8.458543892451376,-2.0493395887650387,6.601208934103327,5.335083856716496,1.3740046608172434,6.544265181546951,-2.4376231284526235,3.5805843851367296,6.781524206042149,7.484416277342512,0.47027362681302276,-2.2357269398262485,1.9692722233002158,4.644257962191281,1.5367971655930805,0.05580217570277868,7.47939692380119,6.373112935246526,8.148024426170664,3.4521895116862744,4.422125369424412,0.31632760565835055,-0.665327236759606,5.765753251621226,2.069955580595336,6.135957917912949,2.777948617331727
1.64099999999993,0.03970358572824562,-0.7767246970192802,7.186083925228753,3.2171290464490783,6.8647677671594645,8.166841647049829,2.3369344294042964,2.0228290471804096,6.90610149816246,7.8860932969109445,-0.5716721338331513,2.121506333136539,-0.04913924243075111,0.6972548110237797,5.721669719608038,-3.8651103415101367,0.3345107202413389,-1.2532759885942921,1.7919333666060486,6.210236702193377,-1.8853285089116478,-2.3465690324693966,8.606835448636321,5.129029522208997,2.196080017739895,-1.6962614480497546,2.889558030149692,1.6473500055920705,-0.9234625281407135,7.605723061190922,-1.064985232579916,3.907378804434848,-0.94282644745973,9.373098366019754,5.6372338896005525,-1.3712911127355123,8.883779007287693,-3.351825323758417,5.1732168916312276,-2.0067426268192503,-1.8191674848844304,1.9922324953585078,5.843232386150112,3.039537973393931,0.40108957879174756,5.321627982984004,-2.81522486935996,-0.8278992134999201,3.9183879226122813,5.381095743332586,5.364154386902468,-4.62865942987978,2.912432331364296,-0.7345202150235616,-0.8126922326961901,4.735956266791257,4.227219527493599,8.298170160627437,-2.0364965226985134,3.347227849138746,3.6899775625383255,9.134598300693469,2.2867581934996153,5.951844962784114,0.10275295127657319,-0.8833561880580962,6.149126672775356,9.001738199666981,2.994752292363611,7.906985249850926,5.360456741673272,4.318230983437028,6.4906410400373264,7.964766257172284,3.8674906878926962,8.49191369591554,-2.0996575604989496,6.619723914538709,5.338901728429137,1.3701014441558073,6.548177327425542,-2.4752975763967595,3.5782678777278614,6.790743387820268,7.516051088585221,0.46198515279543184,-2.2498198815362285,1.9613140127764073,4.6646429348932,1.5454491181341572,0.047283901975319786,7.4917392028113365,6.377131416581371,8.169474256329195,3.4402253801566074,4.417649056840336,0.3105623729435894,-0.6925206053743668,5.773752587510397,2.0772536163868147,6.138137117393683,2.775333805012108
1.650999999999929,0.036068103956368135,-0.86240000108106,7.198095138636856,3.2164406907735383,6.879798468269359,8.199379174525866,2.3343282922577107,2.020223238389309,6.939762684820492,7.903518921841885,-0.578984691203969,2.1344344643561417,-0.056330665939118445,0.6900171463002569,5.72858589538724,-3.901299016055409,0.3020892939389602,-1.26244480883123,1.7737536745472424,6.218598579193165,-1.9014120600741902,-2.3727381761482214,8.638225354362639,5.12659092654715,2.199507512181534,-1.7226794814261421,2.8807473060070694,1.6516453877341493,-0.9444054693412781,7.615313951905721,-1.0749210760304109,3.9036218597868624,-0.9527836493564364,9.412220860057811,5.639040875453678,-1.3903684009667474,8.902306835877642,-3.3741652664099537,5.179471093879203,-2.0438590989489627,-1.8436542755145175,1.9982466504237715,5.8600786480978995,3.045042269365612,0.4008535434918644,5.3176828394201,-2.8427183788194266,-0.8402191673199326,3.911252077540968,5.404315118204845,5.37310368304172,-4.661843302639157,2.920990941100074,-0.7401449302840065,-0.8241537423544272,4.750266722915953,4.249916448291401,8.318872693357639,-2.0512039428150866,3.3431205319696042,3.6986797615142772,9.156186133583802,2.2792516390905906,5.950208713598717,0.08270318214433456,-0.9052033901918275,6.167454119571126,9.030939930586278,2.995389020279888,7.929132838156647,5.369766392522107,4.3074055186928035,6.499945882495373,7.997603918849485,3.868851097458379,8.525283499379706,-2.1499755322328604,6.638238894974092,5.342719600141779,1.3661982274943711,6.552089473304132,-2.5129720243408955,3.575951370318993,6.799962569598388,7.54768589982793,0.4536966787778409,-2.2639128232462085,1.9533558022525987,4.685027907595119,1.5541010706752338,0.038765628247860895,7.504081481821483,6.381149897916215,8.190924086487726,3.4282612486269404,4.41317274425626,0.30479714022882826,-0.7197139739891275,5.781751923399567,2.0845516521782934,6.140316316874417,2.772718992692489
1.6609999999999279,0.032795182905211884,-0.9648300301159993,7.210106352044959,3.2157523350979984,6.894829169379254,8.231916702001904,2.331722155111125,2.017617429598208,6.9734238714785235,7.920944546772825,-0.5862972485747867,2.1473625955757445,-0.06352208944748579,0.6827794815767341,5.735502071166441,-3.937487690600681,0.26966786763658157,-1.2716136290681677,1.7555739824884362,6.226960456192952,-1.9174956112367325,-2.398907319827046,8.669615260088957,5.124152330885304,2.202935006623173,-1.7490975148025296,2.8719365818644467,1.655940769876228,-0.9653484105418427,7.62490484262052,-1.0848569194809057,3.8998649151388767,-0.9627408512531429,9.451343354095869,5.640847861306804,-1.4094456891979825,8.920834664467591,-3.3965052090614907,5.185725296127178,-2.080975571078675,-1.8681410661446047,2.0042608054890367,5.876924910045687,3.050546565337293,0.4006175081919813,5.313737695856196,-2.870211888278893,-0.8525391211399451,3.904116232469655,5.427534493077103,5.382052979180971,-4.6950271753985335,2.9295495508358522,-0.7457696455444515,-0.8356152520126643,4.764577179040648,4.272613369089203,8.33957522608784,-2.0659113629316597,3.3390132148004623,3.707381960490229,9.177773966474135,2.271745084681566,5.94857246441332,0.06265341301209593,-0.9270505923255588,6.185781566366895,9.060141661505575,2.9960257481961645,7.951280426462368,5.379076043370941,4.2965800539485794,6.50925072495342,8.030441580526695,3.8702115070240617,8.55865330284387,-2.2002935039667713,6.656753875409474,5.34653747185442,1.362295010832935,6.556001619182723,-2.5506464722850315,3.573634862910125,6.809181751376507,7.579320711070639,0.44540820476025,-2.2780057649561885,1.9453975917287902,4.705412880297038,1.5627530232163105,0.030247354520402003,7.51642376083163,6.385168379251059,8.212373916646257,3.4162971170972734,4.408696431672183,0.2990319075140671,-0.7469073426038882,5.789751259288738,2.091849687969772,6.142495516355151,2.77010418037287
1.6709999999999268,0.0299756787606839,-1.0864490707906698,7.222117565453062,3.2150639794224585,6.909859870489149,8.264454229477941,2.329116017964539,2.0150116208071074,7.007085058136555,7.938370171703765,-0.5936098059456044,2.1602907267953473,-0.0707135129558532,0.6755418168532112,5.742418246945642,-3.9736763651459532,0.23724644133420292,-1.2807824493051054,1.73739429042963,6.235322333192739,-1.9335791623992749,-2.425076463505871,8.701005165815275,5.121713735223457,2.2063625010648122,-1.775515548178917,2.863125857721824,1.6602361520183069,-0.9862913517424073,7.634495733335319,-1.0947927629314005,3.896107970490891,-0.9726980531498494,9.490465848133926,5.642654847159929,-1.4285229774292176,8.93936249305754,-3.4188451517130276,5.191979498375153,-2.1180920432083874,-1.892627856774692,2.0102749605543027,5.893771171993474,3.0560508613089743,0.40038147289209813,5.309792552292293,-2.8977053977383593,-0.8648590749599576,3.8969803873983415,5.450753867949362,5.391002275320222,-4.7282110481579105,2.9381081605716304,-0.7513943608048964,-0.8470767616709014,4.7788876351653435,4.295310289887006,8.360277758818041,-2.080618783048233,3.3349058976313204,3.7160841594661806,9.199361799364468,2.264238530272541,5.946936215227923,0.042603643879857225,-0.94889779445929,6.204109013162665,9.089343392424873,2.996662476112441,7.973428014768089,5.388385694219775,4.285754589204355,6.518555567411466,8.063279242203905,3.8715719165897444,8.592023106308035,-2.250611475700682,6.675268855844856,5.350355343567061,1.358391794171499,6.559913765061314,-2.5883209202291675,3.5713183555012566,6.818400933154627,7.610955522313348,0.4371197307426591,-2.2920987066661684,1.9374393812049817,4.725797852998957,1.5714049757573871,0.021729080792943112,7.528766039841777,6.3891868605859035,8.233823746804788,3.4043329855676063,4.404220119088107,0.29326667479930596,-0.774100711218649,5.7977505951779085,2.099147723761251,6.144674715835885,2.767489368053251
1.6809999999999257,0.027715609558022474,-1.2283403303355873,7.234128778861165,3.2143756237469185,6.924890571599044,8.296991756953979,2.3265098808179534,2.0124058120160067,7.040746244794587,7.955795796634705,-0.6009223633164221,2.17321885801495,-0.0779049364642206,0.6683041521296884,5.749334422724844,-4.009865039691226,0.20482501503182426,-1.2899512695420432,1.7192145983708238,6.2436842101925265,-1.9496627135618172,-2.4512456071846955,8.732395071541593,5.11927513956161,2.2097899955064513,-1.8019335815553046,2.854315133579201,1.6645315341603857,-1.0072342929429716,7.644086624050118,-1.1047286063818953,3.8923510258429053,-0.9826552550465558,9.529588342171984,5.644461833013055,-1.4476002656604527,8.95789032164749,-3.4411850943645645,5.198233700623128,-2.1552085153380998,-1.917114647404779,2.0162891156195686,5.910617433941261,3.0615551572806554,0.400145437592215,5.305847408728389,-2.9251989071978257,-0.8771790287799701,3.8898445423270283,5.473973242821621,5.399951571459473,-4.761394920917287,2.9466667703074085,-0.7570190760653414,-0.8585382713291385,4.793198091290039,4.318007210684808,8.380980291548243,-2.095326203164806,3.3307985804621785,3.7247863584421324,9.2209496322548,2.2567319758635165,5.945299966042525,0.022553874747618524,-0.9707449965930213,6.222436459958434,9.11854512334417,2.997299204028718,7.99557560307381,5.39769534506861,4.274929124460131,6.527860409869513,8.096116903881114,3.872932326155427,8.6253929097722,-2.300929447434593,6.693783836280239,5.354173215279703,1.3544885775100628,6.563825910939904,-2.6259953681733035,3.5690018480923884,6.8276201149327465,7.642590333556057,0.42883125672506817,-2.3061916483761484,1.9294811706811732,4.746182825700876,1.5800569282984638,0.01321080706548422,7.541108318851924,6.393205341920748,8.255273576963319,3.3923688540379393,4.399743806504031,0.2875014420845448,-0.8012940798334097,5.805749931067079,2.1064457595527295,6.146853915316619,2.764874555733632
1.6909999999999246,0.026123676436455724,-1.3887148173199204,7.246139992269268,3.2136872680713786,6.939921272708939,8.329529284430016,2.3239037436713676,2.009800003224906,7.074407431452618,7.973221421565645,-0.6082349206872398,2.186146989234553,-0.085096359972588,0.6610664874061656,5.756250598504045,-4.046053714236498,0.1724035887294456,-1.299120089778981,1.7010349063120176,6.252046087192314,-1.9657462647243595,-2.4774147508635203,8.76378497726791,5.116836543899764,2.2132174899480903,-1.828351614931692,2.8455044094365785,1.6688269163024645,-1.0281772341435351,7.653677514764917,-1.11466444983239,3.8885940811949196,-0.9926124569432623,9.568710836210041,5.64626881886618,-1.4666775538916879,8.97641815023744,-3.4635250370161015,5.204487902871103,-2.192324987467812,-1.9416014380348663,2.0223032706848345,5.927463695889048,3.0670594532523365,0.39990940229233185,5.301902265164485,-2.952692416657292,-0.8894989825999826,3.882708697255715,5.497192617693879,5.4089008675987245,-4.794578793676664,2.9552253800431867,-0.7626437913257863,-0.8699997809873756,4.807508547414734,4.34070413148261,8.401682824278444,-2.110033623281379,3.3266912632930365,3.733488557418084,9.242537465145134,2.249225421454492,5.943663716857128,0.0025041056153798347,-0.9925921987267525,6.240763906754204,9.147746854263467,2.9979359319449945,8.017723191379531,5.407004995917444,4.264103659715907,6.53716525232756,8.128954565558324,3.87429273572111,8.658762713236365,-2.3512474191685038,6.712298816715621,5.357991086992344,1.3505853608486267,6.567738056818495,-2.6636698161174395,3.56668534068352,6.836839296710866,7.674225144798766,0.42054278270747725,-2.3202845900861284,1.9215229601573647,4.766567798402795,1.5887088808395404,0.004692533338025325,7.553450597862071,6.397223823255592,8.27672340712185,3.3804047225082723,4.395267493919954,0.28173620936978366,-0.8284874484481705,5.81374926695625,2.113743795344208,6.149033114797353,2.762259743414013
1.7009999999999235,0.02528624109868542,-1.5616409924283554,7.258151205677371,3.2129989123958387,6.954951973818834,8.362066811906054,2.321297606524782,2.007194194433805,7.10806861811065,7.990647046496585,-0.6155474780580575,2.1990751204541557,-0.09228778348095541,0.6538288226826428,5.763166774283246,-4.08224238878177,0.13998216242706696,-1.3082889100159187,1.6828552142532114,6.260407964192101,-1.9818298158869019,-2.503583894542345,8.795174882994228,5.114397948237917,2.2166449843897293,-1.8547696483080796,2.8366936852939557,1.6731222984445433,-1.0491201753440986,7.663268405479716,-1.124600293282885,3.884837136546934,-1.0025696588399686,9.607833330248098,5.648075804719306,-1.485754842122923,8.994945978827388,-3.4858649796676384,5.210742105119078,-2.2294414595975245,-1.9660882286649535,2.0283174257501004,5.944309957836835,3.0725637492240176,0.3996733669924487,5.297957121600581,-2.9801859261167585,-0.9018189364199951,3.8755728521844017,5.520411992566138,5.417850163737976,-4.827762666436041,2.963783989778965,-0.7682685065862312,-0.8814612906456127,4.82181900353943,4.3634010522804125,8.422385357008645,-2.124741043397952,3.3225839461238946,3.7421907563940358,9.264125298035466,2.241718867045467,5.942027467671731,-0.01754566351685885,-1.0144394008604838,6.259091353549973,9.176948585182764,2.998572659861271,8.039870779685252,5.416314646766279,4.253278194971683,6.546470094785606,8.161792227235534,3.8756531452867926,8.69213251670053,-2.4015653909024146,6.730813797151003,5.3618089587049855,1.3466821441871906,6.571650202697086,-2.7013442640615755,3.564368833274652,6.8460584784889855,7.705859956041475,0.41225430868988633,-2.3343775317961084,1.9135647496335562,4.786952771104714,1.597360833380617,-0.0038257403894335746,7.565792876872218,6.401242304590436,8.29817323728038,3.3684405909786053,4.390791181335878,0.2759709766550225,-0.8556808170629312,5.82174860284542,2.121041831135687,6.151212314278087,2.759644931094394
1.7109999999999224,0.025236554039693,-1.73745071970535,7.270162419085474,3.2123105567202987,6.969982674928729,8.394604339382091,2.318691469378196,2.0045883856427045,7.141729804768682,8.008072671427525,-0.6228600354288752,2.2120032516737584,-0.09947920698932282,0.6465911579591199,5.770082950062448,-4.1184310633270425,0.10756073612468822,-1.3174577302528565,1.6646755221944052,6.268769841191888,-1.9979133670494442,-2.5297530382211697,8.826564788720546,5.11195935257607,2.2200724788313684,-1.881187681684467,2.827882961151333,1.677417680586622,-1.0700631165446621,7.672859296194515,-1.1345361367333797,3.881080191898948,-1.012526860736675,9.646955824286156,5.649882790572431,-1.504832130354158,9.013473807417338,-3.5082049223191754,5.216996307367053,-2.266557931727237,-1.9905750192950407,2.0343315808153664,5.961156219784622,3.0780680451956988,0.39943733169256557,5.294011978036678,-3.007679435576225,-0.9141388902400076,3.8684370071130885,5.543631367438397,5.426799459877227,-4.860946539195418,2.972342599514743,-0.7738932218466762,-0.8929228003038499,4.836129459664125,4.386097973078215,8.443087889738846,-2.1394484635145252,3.3184766289547527,3.7508929553699875,9.2857131309258,2.2342123126364424,5.940391218486334,-0.03759543264909755,-1.036286602994215,6.2774188003457425,9.206150316102061,2.999209387777548,8.062018367990973,5.425624297615113,4.242452730227459,6.555774937243653,8.194629888912743,3.8770135548524753,8.725502320164695,-2.4518833626363254,6.749328777586386,5.365626830417627,1.3427789275257545,6.5755623485756765,-2.7390187120057115,3.5620523258657837,6.855277660267105,7.737494767284184,0.4039658346722954,-2.3484704735060884,1.9056065391097476,4.807337743806633,1.6060127859216937,-0.01234401411689247,7.578135155882364,6.405260785925281,8.319623067438911,3.3564764594489382,4.386314868751802,0.27020574394026137,-0.8828741856776919,5.829747938734591,2.1283398669271656,6.153391513758821,2.7570301187747748
1.7209999999999213,0.02593685472357935,-1.90549461119809,7.282173632493577,3.211622201044759,6.985013376038624,8.427141866858129,2.3160853322316104,2.0019825768516037,7.175390991426713,8.025498296358466,-0.630172592799693,2.2249313828933612,-0.10667063049769022,0.6393534932355971,5.776999125841649,-4.154619737872315,0.07513930982230943,-1.3266265504897943,1.646495830135599,6.277131718191676,-2.0139969182119866,-2.5559221818999944,8.857954694446864,5.109520756914224,2.2234999732730074,-1.9076057150608545,2.8190722370087102,1.681713062728701,-1.0910060577452256,7.682450186909314,-1.1444719801838745,3.8773232472509624,-1.0224840626333815,9.686078318324213,5.651689776425557,-1.5239094185853932,9.032001636007287,-3.5305448649707123,5.223250509615028,-2.303674403856949,-2.0150618099251276,2.0403457358806323,5.97800248173241,3.08357234116738,0.3992012963926824,5.290066834472774,-3.0351729450356912,-0.9264588440600201,3.861301162041775,5.566850742310655,5.435748756016478,-4.894130411954795,2.980901209250521,-0.7795179371071211,-0.904384309962087,4.8504399157888205,4.408794893876017,8.463790422469048,-2.1541558836310983,3.314369311785611,3.759595154345939,9.307300963816132,2.2267057582274177,5.938754969300937,-0.05764520178133625,-1.0581338051279463,6.295746247141512,9.235352047021358,2.9998461156938245,8.084165956296694,5.434933948463947,4.231627265483235,6.5650797797016995,8.227467550589953,3.878373964418158,8.75887212362886,-2.5022013343702363,6.767843758021768,5.369444702130268,1.3388757108643183,6.579474494454267,-2.7766931599498474,3.5597358184569154,6.864496842045225,7.769129578526893,0.3956773606547045,-2.3625634152160684,1.8976483285859391,4.827722716508552,1.6146647384627704,-0.020862287844351363,7.590477434892511,6.409279267260125,8.341072897597442,3.344512327919271,4.381838556167725,0.2644405112255002,-0.9100675542924527,5.837747274623761,2.1356379027186443,6.155570713239555,2.7544153064551558
1.7309999999999202,0.02728808048644689,-2.057617310574325,7.29418484590168,3.210933845369219,7.000044077148519,8.459679394334167,2.3134791950850246,1.999376768060503,7.209052178084745,8.042923921289406,-0.6374851501705107,2.237859514112964,-0.11386205400605763,0.6321158285120743,5.78391530162085,-4.190808412417587,0.04271788351993064,-1.335795370726732,1.6283161380767928,6.285493595191463,-2.030080469374529,-2.582091325578819,8.889344600173182,5.107082161252377,2.2269274677146464,-1.934023748437242,2.8102615128660875,1.6860084448707797,-1.1119489989457891,7.692041077624113,-1.1544078236343693,3.8735663026029767,-1.032441264530088,9.72520081236227,5.6534967622786825,-1.5429867068166283,9.050529464597236,-3.5528848076222492,5.229504711863003,-2.3407908759866616,-2.039548600555215,2.046359890945898,5.994848743680197,3.089076637139061,0.3989652610927993,5.28612169090887,-3.0626664544951576,-0.9387787978800326,3.854165316970462,5.590070117182914,5.444698052155729,-4.927314284714172,2.9894598189862993,-0.7851426523675661,-0.9158458196203241,4.864750371913516,4.431491814673819,8.484492955199249,-2.1688633037476714,3.310261994616469,3.768297353321891,9.328888796706465,2.219199203818393,5.9371187201155395,-0.0776949709135749,-1.0799810072616776,6.3140736939372815,9.264553777940655,3.000482843610101,8.106313544602415,5.444243599312782,4.220801800739011,6.574384622159746,8.260305212267163,3.879734373983841,8.792241927093025,-2.552519306104147,6.78635873845715,5.37326257384291,1.3349724942028822,6.583386640332858,-2.8143676078939834,3.557419311048047,6.873716023823344,7.8007643897696015,0.38738888663711357,-2.3766563569260484,1.8896901180621306,4.848107689210471,1.623316691003847,-0.029380561571810255,7.602819713902658,6.413297748594969,8.362522727755973,3.332548196389604,4.377362243583649,0.25867527851073907,-0.9372609229072134,5.845746610512932,2.142935938510123,6.1577499127202895,2.7518004941355367
1.740999999999919,0.029160191936615894,-2.1898825060344445,7.306196059309783,3.210245489693679,7.0150747782584135,8.492216921810204,2.310873057938439,1.9967709592694023,7.242713364742777,8.060349546220346,-0.6447977075413284,2.250787645332567,-0.12105347751442504,0.6248781637885514,5.790831477400052,-4.226997086962859,0.01029645721755185,-1.3449641909636698,1.6101364460179866,6.29385547219125,-2.0461640205370712,-2.608260469257644,8.9207345058995,5.10464356559053,2.2303549621562855,-1.9604417818136295,2.8014507887234648,1.6903038270128585,-1.1328919401463526,7.701631968338912,-1.1643436670848641,3.869809357954991,-1.0423984664267945,9.764323306400328,5.655303748131808,-1.5620639950478634,9.069057293187186,-3.575224750273786,5.235758914110978,-2.377907348116374,-2.064035391185302,2.052374046011164,6.011695005627984,3.094580933110742,0.39872922579291614,5.282176547344966,-3.090159963954624,-0.9510987517000451,3.8470294718991487,5.613289492055173,5.4536473482949805,-4.960498157473549,2.9980184287220775,-0.790767367628011,-0.9273073292785612,4.879060828038211,4.454188735471622,8.50519548792945,-2.1835707238642446,3.306154677447327,3.7769995522978426,9.350476629596798,2.2116926494093683,5.935482470930142,-0.09774474004581353,-1.1018282093954088,6.332401140733051,9.293755508859952,3.001119571526378,8.128461132908136,5.453553250161616,4.209976335994787,6.583689464617793,8.293142873944372,3.8810947835495235,8.82561173055719,-2.602837277838058,6.804873718892533,5.377080445555551,1.331069277541446,6.5872987862114485,-2.8520420558381194,3.555102803639179,6.882935205601464,7.8323992010123105,0.37910041261952265,-2.3907492986360284,1.881731907538322,4.86849266191239,1.6319686435449237,-0.03789883529926915,7.615161992912805,6.417316229929813,8.383972557914504,3.320584064859937,4.372885930999573,0.2529100457959779,-0.9644542915219741,5.853745946402102,2.1502339743016017,6.159929112201024,2.7491856818159177
1.750999999999918,0.0314226347585432,-2.3020258068104145,7.318207272717886,3.209557134018139,7.030105479368308,8.524754449286242,2.308266920791853,1.9941651504783016,7.276374551400808,8.077775171151286,-0.6521102649121461,2.2637157765521696,-0.12824490102279237,0.6176404990650286,5.797747653179253,-4.263185761508131,-0.02212496908482693,-1.3541330112006076,1.5919567539591803,6.302217349191038,-2.0622475716996136,-2.6344296129364686,8.952124411625817,5.1022049699286836,2.2337824565979245,-1.986859815190017,2.792640064580842,1.6945992091549373,-1.1538348813469161,7.711222859053711,-1.174279510535359,3.8660524133070053,-1.052355668323501,9.803445800438386,5.657110733984934,-1.5811412832790985,9.087585121777135,-3.597564692925323,5.242013116358953,-2.4150238202460863,-2.088522181815389,2.05838820107643,6.028541267575771,3.1000852290824232,0.398493190493033,5.278231403781063,-3.1176534734140904,-0.9634187055200576,3.8398936268278354,5.636508866927431,5.462596644434232,-4.993682030232926,3.0065770384578556,-0.796392082888456,-0.9387688389367983,4.893371284162907,4.476885656269424,8.525898020659652,-2.1982781439808177,3.302047360278185,3.7857017512737943,9.372064462487131,2.2041860950003436,5.933846221744745,-0.11779450917805216,-1.12367541152914,6.35072858752882,9.32295723977925,3.0017562994426545,8.150608721213857,5.462862901010451,4.199150871250563,6.5929943070758394,8.325980535621582,3.8824551931152063,8.858981534021355,-2.653155249571969,6.823388699327915,5.380898317268192,1.32716606088001,6.591210932090039,-2.8897165037822554,3.5527862962303107,6.892154387379583,7.864034012255019,0.37081193860193173,-2.4048422403460084,1.8737736970145136,4.888877634614309,1.6406205960860003,-0.04641710902672804,7.627504271922952,6.421334711264658,8.405422388073035,3.30861993333027,4.368409618415496,0.24714481308121677,-0.9916476601367349,5.861745282291273,2.1575320100930804,6.162108311681758,2.7465708694962987
1.7609999999999169,0.03396215734745962,-2.39591934856443,7.330218486125989,3.208868778342599,7.045136180478203,8.55729197676228,2.3056607836452674,1.9915593416872008,7.31003573805884,8.095200796082226,-0.6594228222829638,2.2766439077717724,-0.13543632453115964,0.6104028343415058,5.8046638289584545,-4.299374436053403,-0.05454639538720572,-1.3633018314375454,1.5737770619003741,6.310579226190825,-2.078331122862156,-2.6605987566152933,8.983514317352135,5.099766374266837,2.2372099510395635,-2.0132778485664042,2.7838293404382193,1.6988945912970161,-1.1747778225474796,7.72081374976851,-1.1842153539858538,3.8622954686590196,-1.0623128702202074,9.842568294476443,5.658917719838059,-1.6002185715103336,9.106112950367084,-3.61990463557686,5.248267318606928,-2.4521402923757987,-2.1130089724454764,2.064402356141696,6.045387529523558,3.1055895250541043,0.39825715519314986,5.274286260217159,-3.1451469828735568,-0.9757386593400701,3.832757781756522,5.65972824179969,5.471545940573483,-5.026865902992303,3.0151356481936338,-0.8020167981489009,-0.9502303485950354,4.907681740287602,4.499582577067226,8.546600553389853,-2.212985564097391,3.297940043109043,3.794403950249746,9.393652295377464,2.196679540591319,5.932209972559348,-0.1378442783102909,-1.1455226136628713,6.36905603432459,9.352158970698547,3.002393027358931,8.172756309519578,5.472172551859285,4.188325406506339,6.602299149533886,8.358818197298792,3.883815602680889,8.89235133748552,-2.7034732213058796,6.8419036797632975,5.384716188980834,1.3232628442185739,6.59512307796863,-2.9273909517263914,3.5504697888214425,6.901373569157703,7.895668823497728,0.3625234645843408,-2.4189351820559883,1.865815486490705,4.9092626073162275,1.649272548627077,-0.05493538275418693,7.639846550933099,6.425353192599502,8.426872218231566,3.296655801800603,4.36393330583142,0.24137958036645563,-1.0188410287514948,5.869744618180444,2.164830045884559,6.164287511162492,2.7439560571766797
1.7709999999999158,0.03668819767368464,-2.4742344670860823,7.342229699534092,3.208180422667059,7.060166881588098,8.589829504238317,2.3030546464986816,1.9889535328961,7.3436969247168715,8.112626421013166,-0.6667353796537815,2.289572038991375,-0.1426277480395269,0.6031651696179829,5.811580004737656,-4.335563110598676,-0.08696782168958452,-1.3724706516744831,1.555597369841568,6.318941103190612,-2.0944146740246983,-2.686767900294118,9.014904223078453,5.09732777860499,2.2406374454812026,-2.0396958819427917,2.7750186162955965,1.703189973439095,-1.1957207637480431,7.730404640483309,-1.1941511974363486,3.858538524011034,-1.0722700721169138,9.8816907885145,5.660724705691185,-1.6192958597415688,9.124640778957033,-3.642244578228397,5.254521520854903,-2.489256764505511,-2.1374957630755635,2.070416511206962,6.062233791471345,3.1110938210257855,0.3980211198932667,5.270341116653255,-3.172640492333023,-0.9880586131600826,3.825621936685209,5.682947616671949,5.480495236712734,-5.06004977575168,3.023694257929412,-0.8076415134093459,-0.9616918582532725,4.9219921964122975,4.5222794978650285,8.567303086120054,-2.227692984213964,3.293832725939901,3.8031061492256977,9.415240128267797,2.189172986182294,5.930573723373951,-0.15789404744252966,-1.1673698157966026,6.387383481120359,9.381360701617844,3.003029755275208,8.194903897825299,5.481482202708119,4.177499941762115,6.611603991991933,8.391655858976002,3.8851760122465717,8.925721140949685,-2.7537911930397905,6.86041866019868,5.388534060693475,1.3193596275571378,6.5990352238472205,-2.9650653996705274,3.5481532814125742,6.910592750935822,7.927303634740437,0.3542349905667499,-2.4330281237659683,1.8578572759668965,4.9296475800181465,1.6579245011681536,-0.06345365648164583,7.6521888299432455,6.429371673934346,8.448322048390096,3.284691670270936,4.359456993247344,0.23561434765169448,-1.0460343973662545,5.877743954069614,2.1721280816760378,6.166466710643226,2.7413412448570607
1.7809999999999147,0.039531306142171804,-2.539661913265992,7.354240912942195,3.2074920669915192,7.075197582697993,8.622367031714354,2.300448509352096,1.9863477241049994,7.377358111374903,8.130052045944106,-0.6740479370245992,2.302500170210978,-0.14981917154789418,0.5959275048944601,5.818496180516857,-4.371751785143948,-0.11938924799196331,-1.381639471911421,1.5374176777827617,6.3273029801903995,-2.1104982251872406,-2.7129370439729428,9.046294128804771,5.0948891829431435,2.2440649399228416,-2.066113915319179,2.766207892152974,1.7074853555811738,-1.2166637049486067,7.739995531198108,-1.2040870408868434,3.854781579363048,-1.0822272740136203,9.920813282552558,5.66253169154431,-1.6383731479728039,9.143168607546983,-3.664584520879934,5.260775723102878,-2.5263732366352234,-2.1619825537056507,2.076430666272228,6.0790800534191325,3.1165981169974666,0.3977850845933836,5.2663959730893515,-3.2001340017924895,-1.000378566980095,3.8184860916138956,5.706166991544207,5.489444532851985,-5.093233648511057,3.03225286766519,-0.8132662286697908,-0.9731533679115096,4.936302652536993,4.544976418662831,8.588005618850255,-2.242400404330537,3.2897254087707593,3.8118083482016494,9.43682796115813,2.1816664317732695,5.928937474188554,-0.17794381657476843,-1.1892170179303339,6.405710927916129,9.41056243253714,3.0036664831914845,8.21705148613102,5.490791853556954,4.1666744770178905,6.620908834449979,8.424493520653211,3.8865364218122544,8.95909094441385,-2.8041091647737013,6.878933640634062,5.392351932406116,1.3154564108957016,6.602947369725811,-3.0027398476146634,3.545836774003706,6.919811932713942,7.958938445983146,0.345946516549159,-2.4471210654759483,1.849899065443088,4.9500325527200655,1.6665764537092302,-0.07197193020910472,7.664531108953392,6.433390155269191,8.469771878548627,3.272727538741269,4.354980680663267,0.22984911493693333,-1.073227765981014,5.885743289958785,2.1794261174675165,6.16864591012396,2.7387264325374416
1.7909999999999136,0.04243915064512167,-2.594575811800721,7.366252126350298,3.2068037113159793,7.090228283807888,8.654904559190392,2.29784237220551,1.9837419153138987,7.411019298032935,8.147477670875046,-0.6813604943954169,2.3154283014305808,-0.15701059505626144,0.5886898401709373,5.8254123562960585,-4.40794045968922,-0.15181067429434197,-1.3908082921483587,1.5192379857239555,6.335664857190187,-2.126581776349783,-2.7391061876517675,9.077684034531089,5.092450587281297,2.2474924343644807,-2.0925319486955667,2.757397168010351,1.7117807377232526,-1.2376066461491702,7.749586421912907,-1.2140228843373382,3.8510246347150625,-1.0921844759103267,9.959935776590616,5.664338677397436,-1.657450436204039,9.161696436136932,-3.686924463531471,5.267029925350853,-2.5634897087649358,-2.186469344335738,2.0824448213374938,6.09592631536692,3.1221024129691477,0.39754904929350043,5.262450829525448,-3.227627511251956,-1.0126985208001076,3.8113502465425824,5.729386366416466,5.498393828991237,-5.126417521270434,3.0408114774009682,-0.8188909439302358,-0.9846148775697467,4.950613108661688,4.567673339460633,8.608708151580457,-2.25710782444711,3.2856180916016173,3.820510547177601,9.458415794048463,2.1741598773642448,5.9273012250031565,-0.1979935857070072,-1.2110642200640651,6.424038374711898,9.439764163456438,3.004303211107761,8.23919907443674,5.500101504405788,4.155849012273666,6.630213676908026,8.457331182330421,3.887896831377937,8.992460747878015,-2.854427136507612,6.897448621069445,5.396169804118758,1.3115531942342655,6.606859515604402,-3.0404142955587994,3.5435202665948378,6.929031114492061,7.990573257225855,0.33765804253156806,-2.4612140071859283,1.8419408549192795,4.9704175254219845,1.675228406250307,-0.08049020393656361,7.676873387963539,6.437408636604035,8.491221708707158,3.260763407211602,4.350504368079191,0.22408388222217218,-1.1004211345957737,5.893742625847955,2.186724153258995,6.170825109604694,2.7361116202178226
1.8009999999999124,0.04537241867753996,-2.6409451524029253,7.3782633397584005,3.2061153556404394,7.105258984917783,8.68744208666643,2.2952362350589244,1.981136106522798,7.444680484690966,8.164903295805987,-0.6886730517662346,2.3283564326501835,-0.1642020185646287,0.5814521754474145,5.83232853207526,-4.444129134234492,-0.18423210059672063,-1.3999771123852964,1.5010582936651493,6.344026734189974,-2.1426653275123253,-2.7652753313305922,9.109073940257407,5.09001199161945,2.2509199288061197,-2.118949982071954,2.7485864438677283,1.7160761198653314,-1.2585495873497337,7.759177312627706,-1.223958727787833,3.847267690067077,-1.1021416778070332,9.999058270628673,5.666145663250561,-1.676527724435274,9.180224264726881,-3.709264406183008,5.273284127598828,-2.600606180894648,-2.210956134965825,2.0884589764027597,6.112772577314707,3.127606708940829,0.3973130139936173,5.258505685961544,-3.2551210207114223,-1.02501847462012,3.804214401471269,5.752605741288725,5.507343125130488,-5.159601394029811,3.0493700871367464,-0.8245156591906807,-0.9960763872279839,4.964923564786384,4.590370260258435,8.629410684310658,-2.2718152445636832,3.2815107744324754,3.829212746153553,9.480003626938796,2.16665332295522,5.925664975817759,-0.21804335483924597,-1.2329114221977964,6.442365821507668,9.468965894375735,3.004939939024038,8.261346662742461,5.5094111552546225,4.145023547529442,6.639518519366073,8.49016884400763,3.88925724094362,9.02583055134218,-2.904745108241523,6.915963601504827,5.399987675831399,1.3076499775728294,6.610771661482993,-3.0780887435029354,3.5412037591859695,6.938250296270181,8.02220806846857,0.32936956851397714,-2.4753069488959083,1.833982644395471,4.990802498123903,1.6838803587913835,-0.0890084776640225,7.689215666973686,6.441427117938879,8.512671538865689,3.248799275681935,4.346028055495115,0.21831864950741103,-1.1276145032105334,5.901741961737126,2.194022189050474,6.173004309085428,2.7334968078982036
1.8109999999999113,0.04830142594865293,-2.6803551348491084,7.3902745531665035,3.2054269999648994,7.120289686027678,8.719979614142467,2.2926300979123386,1.9785302977316972,7.478341671348998,8.182328920736927,-0.6959856091370523,2.3412845638697863,-0.17139344207299598,0.5742145107238916,5.839244707854461,-4.480317808779764,-0.21665352689909928,-1.4091459326222342,1.482878601606343,6.352388611189761,-2.1587488786748676,-2.791444475009417,9.140463845983724,5.0875733959576035,2.2543474232477587,-2.1453680154483417,2.7397757197251056,1.7203715020074102,-1.2794925285502972,7.768768203342505,-1.2338945712383278,3.843510745419091,-1.1120988797037397,10.03818076466673,5.667952649103687,-1.6956050126665092,9.19875209331683,-3.7316043488345447,5.279538329846803,-2.6377226530243605,-2.2354429255959123,2.0944731314680256,6.129618839262494,3.13311100491251,0.39707697869373415,5.25456054239764,-3.2826145301708887,-1.0373384284401326,3.797078556399956,5.775825116160983,5.516292421269739,-5.192785266789188,3.0579286968725246,-0.8301403744511257,-1.007537896886221,4.979234020911079,4.613067181056238,8.65011321704086,-2.2865226646802563,3.2774034572633335,3.8379149451295045,9.501591459829129,2.1591467685461954,5.924028726632362,-0.23809312397148474,-1.2547586243315276,6.460693268303437,9.498167625295032,3.0055766669403146,8.283494251048182,5.518720806103457,4.134198082785218,6.648823361824119,8.52300650568484,3.8906176505093026,9.059200354806345,-2.955063079975434,6.934478581940209,5.4038055475440405,1.3037467609113933,6.614683807361583,-3.1157631914470714,3.5388872517771013,6.9474694780483,8.053842879711288,0.3210810944963862,-2.4893998906058883,1.8260244338716625,5.011187470825822,1.6925323113324602,-0.0975267513914814,7.701557945983833,6.445445599273723,8.53412136902422,3.236835144152268,4.341551742911038,0.21255341679264989,-1.154807871825293,5.909741297626296,2.2013202248419526,6.175183508566162,2.7308819955785846
1.8209999999999102,0.051203546083398256,-2.7140655702241507,7.4022857665746065,3.2047386442893595,7.135320387137573,8.752517141618505,2.290023960765753,1.9759244889405965,7.51200285800703,8.199754545667867,-0.70329816650787,2.354212695089389,-0.17858486558136324,0.5669768460003688,5.8461608836336625,-4.516506483325037,-0.24907495320147793,-1.418314752859172,1.464698909547537,6.360750488189549,-2.17483242983741,-2.8176136186882417,9.171853751710042,5.085134800295757,2.2577749176893978,-2.171786048824729,2.730964995582483,1.724666884149489,-1.3004354697508607,7.778359094057304,-1.2438304146888226,3.8397538007711054,-1.1220560816004461,10.077303258704788,5.6697596349568125,-1.7146823008977443,9.21727992190678,-3.7539442914860817,5.285792532094778,-2.674839125154073,-2.2599297162259995,2.1004872865332915,6.146465101210281,3.138615300884191,0.396840943393851,5.2506153988337365,-3.310108039630355,-1.049658382260145,3.7899427113286426,5.799044491033242,5.52524171740899,-5.225969139548565,3.0664873066083027,-0.8357650897115706,-1.018999406544458,4.993544477035774,4.63576410185404,8.67081574977106,-2.3012300847968294,3.2732961400941916,3.846617144105456,9.523179292719462,2.1516402141371707,5.922392477446965,-0.2581428931037235,-1.2766058264652589,6.479020715099207,9.52736935621433,3.0062133948565912,8.305641839353903,5.528030456952291,4.123372618040994,6.658128204282166,8.55584416736205,3.8919780600749854,9.09257015827051,-3.0053810517093447,6.952993562375592,5.407623419256682,1.2998435442499572,6.618595953240174,-3.1534376393912074,3.536570744368233,6.95668865982642,8.085477690954006,0.3127926204787953,-2.5034928323158683,1.818066223347854,5.031572443527741,1.7011842638735368,-0.10604502511894029,7.71390022499398,6.449464080608568,8.55557119918275,3.224871012622601,4.337075430326962,0.20678818407788874,-1.1820012404400526,5.917740633515467,2.2086182606334313,6.177362708046896,2.7282671832589656
1.8309999999999091,0.054061337728665365,-2.743073973304063,7.414296979982709,3.2040502886138196,7.150351088247468,8.785054669094542,2.287417823619167,1.9733186801494957,7.545664044665061,8.217180170598807,-0.7106107238786877,2.367140826308992,-0.1857762890897305,0.559739181276846,5.853077059412864,-4.552695157870309,-0.2814963795038566,-1.4274835730961097,1.4465192174887307,6.369112365189336,-2.1909159809999523,-2.8437827623670664,9.20324365743636,5.08269620463391,2.261202412131037,-2.1982040822011166,2.72215427143986,1.7289622662915678,-1.3213784109514242,7.787949984772103,-1.2537662581393174,3.8359968561231197,-1.1320132834971526,10.116425752742845,5.671566620809938,-1.7337595891289794,9.235807750496729,-3.7762842341376186,5.292046734342753,-2.711955597283785,-2.2844165068560867,2.1065014415985575,6.163311363158068,3.144119596855872,0.39660490809396787,5.246670255269833,-3.3376015490898214,-1.0619783360801576,3.7828068662573293,5.822263865905501,5.5341910135482415,-5.259153012307942,3.075045916344081,-0.8413898049720155,-1.0304609162026952,5.00785493316047,4.658461022651842,8.691518282501262,-2.3159375049134026,3.2691888229250496,3.855319343081408,9.544767125609795,2.144133659728146,5.920756228261568,-0.2781926622359623,-1.2984530285989901,6.497348161894976,9.556571087133626,3.006850122772868,8.327789427659624,5.537340107801126,4.11254715329677,6.6674330467402125,8.58868182903926,3.893338469640668,9.125939961734675,-3.0556990234432555,6.971508542810974,5.411441290969323,1.295940327588521,6.622508099118765,-3.1911120873353434,3.534254236959365,6.9659078416045395,8.117112502196724,0.3045041464612044,-2.5175857740258483,1.8101080128240454,5.05195741622966,1.7098362164146135,-0.11456329884639918,7.7262425040041265,6.453482561943412,8.577021029341282,3.212906881092934,4.332599117742886,0.2010229513631276,-1.2091946090548122,5.9257399694046375,2.21591629642491,6.17954190752763,2.7256523709393465
1.840999999999908,0.056861201391152194,-2.768171356742669,7.426308193390812,3.2033619329382796,7.165381789357363,8.81759219657058,2.2848116864725814,1.970712871358395,7.579325231323093,8.234605795529747,-0.7179232812495054,2.3800689575285947,-0.19296771259809778,0.5525015165533231,5.859993235192065,-4.588883832415581,-0.31391780580623524,-1.4366523933330475,1.4283395254299245,6.377474242189123,-2.2069995321624947,-2.869951906045891,9.234633563162678,5.0802576089720635,2.264629906572676,-2.224622115577504,2.7133435472972374,1.7332576484336466,-1.3423213521519877,7.797540875486902,-1.2637021015898122,3.832239911475134,-1.141970485393859,10.155548246780903,5.673373606663064,-1.7528368773602145,9.254335579086678,-3.7986241767891555,5.298300936590728,-2.7490720694134976,-2.308903297486174,2.1125155966638234,6.180157625105855,3.1496238928275533,0.3963688727940847,5.242725111705929,-3.365095058549288,-1.07429828990017,3.775671021186016,5.845483240777759,5.543140309687493,-5.292336885067319,3.083604526079859,-0.8470145202324605,-1.0419224258609323,5.022165389285165,4.681157943449644,8.712220815231463,-2.3306449250299757,3.2650815057559077,3.8640215420573596,9.566354958500128,2.1366271053191213,5.919119979076171,-0.29824243136820106,-1.3203002307327214,6.515675608690746,9.585772818052924,3.0074868506891446,8.349937015965345,5.54664975864996,4.101721688552546,6.676737889198259,8.62151949071647,3.894698879206351,9.15930976519884,-3.1060169951771663,6.990023523246356,5.415259162681965,1.292037110927085,6.626420244997355,-3.2287865352794793,3.5319377295504966,6.975127023382659,8.148747313439442,0.29621567244361346,-2.5316787157358283,1.802149802300237,5.072342388931579,1.7184881689556901,-0.12308157257385807,7.738584783014273,6.457501043278256,8.598470859499812,3.200942749563267,4.328122805158809,0.19525771864836644,-1.2363879776695719,5.933739305293808,2.2232143322163886,6.181721107008364,2.7230375586197275
1.850999999999907,0.059592419571875666,-2.789987750193506,7.438319406798915,3.2026735772627397,7.1804124904672575,8.850129724046617,2.2822055493259956,1.9681070625672943,7.612986417981125,8.252031420460687,-0.7252358386203231,2.3929970887481975,-0.20015913610646505,0.5452638518298003,5.8669094109712665,-4.625072506960853,-0.3463392321086139,-1.4458212135699853,1.4101598333711183,6.385836119188911,-2.223083083325037,-2.896121049724716,9.266023468888996,5.077819013310217,2.268057401014315,-2.2510401489538916,2.7045328231546146,1.7375530305757254,-1.3632642933525512,7.807131766201701,-1.273637945040307,3.8284829668271483,-1.1519276872905655,10.19467074081896,5.675180592516189,-1.7719141655914497,9.272863407676628,-3.8209641194406925,5.304555138838703,-2.78618854154321,-2.333390088116261,2.1185297517290893,6.197003887053643,3.1551281887992344,0.3961328374942016,5.238779968142025,-3.392588568008754,-1.0866182437201826,3.768535176114703,5.868702615650018,5.552089605826744,-5.325520757826696,3.092163135815637,-0.8526392354929054,-1.0533839355191694,5.036475845409861,4.703854864247447,8.732923347961664,-2.345352345146549,3.260974188586766,3.8727237410333113,9.58794279139046,2.1291205509100966,5.917483729890773,-0.3182922005004398,-1.3421474328664527,6.534003055486515,9.61497454897222,3.0081235786054212,8.372084604271066,5.5559594094987945,4.090896223808322,6.686042731656306,8.654357152393679,3.8960592887720336,9.192679568663005,-3.156334966911077,7.008538503681739,5.419077034394606,1.2881338942656488,6.630332390875946,-3.2664609832236153,3.5296212221416283,6.9843462051607785,8.18038212468216,0.28792719842602255,-2.5457716574458082,1.7941915917764284,5.092727361633498,1.7271401214967668,-0.13159984630131696,7.75092706202442,6.4615195246131005,8.619920689658343,3.1889786180336,4.323646492574733,0.1894924859336053,-1.2635813462843315,5.941738641182979,2.2305123680078673,6.1839003064890985,2.7204227463001085
1.8609999999999058,0.062246468537105845,-2.809027968677168,7.450330620207018,3.2019852215872,7.195443191577152,8.882667251522655,2.27959941217941,1.9655012537761936,7.646647604639156,8.269457045391627,-0.7325483959911409,2.4059252199678003,-0.2073505596148323,0.5380261871062775,5.873825586750468,-4.661261181506125,-0.37876065841099255,-1.454990033806923,1.391980141312312,6.394197996188698,-2.2391666344875794,-2.9222901934035406,9.297413374615314,5.07538041764837,2.271484895455954,-2.277458182330279,2.695722099011992,1.7418484127178042,-1.3842072345531147,7.8167226569165,-1.2835737884908018,3.8247260221791626,-1.161884889187272,10.233793234857018,5.676987578369315,-1.7909914538226848,9.291391236266577,-3.8433040620922294,5.310809341086678,-2.8233050136729223,-2.357876878746348,2.1245439067943552,6.21385014900143,3.1606324847709155,0.39589680219431844,5.2348348245781215,-3.4200820774682206,-1.098938197540195,3.7613993310433895,5.891921990522277,5.561038901965995,-5.358704630586073,3.1007217455514153,-0.8582639507533504,-1.0648454451774065,5.050786301534556,4.726551785045249,8.753625880691866,-2.360059765263122,3.256866871417624,3.881425940009263,9.609530624280794,2.121613996501072,5.915847480705376,-0.3383419696326786,-1.363994635000184,6.552330502282285,9.644176279891518,3.008760306521698,8.394232192576787,5.565269060347629,4.080070759064098,6.695347574114352,8.687194814070889,3.8974196983377163,9.22604937212717,-3.206652938644988,7.027053484117121,5.422894906107247,1.2842306776042127,6.634244536754537,-3.3041354311677513,3.52730471473276,6.993565386938898,8.212016935924877,0.2796387244084316,-2.5598645991557882,1.7862333812526199,5.113112334335417,1.7357920740378434,-0.14011812002877586,7.763269341034567,6.465538005947945,8.641370519816874,3.177014486503933,4.319170179990657,0.18372725321884414,-1.2907747148990911,5.949737977072149,2.237810403799346,6.186079505969833,2.7178079339804895
1.8709999999999047,0.06481652131224012,-2.8256992316931457,7.462341833615121,3.20129686591166,7.210473892687047,8.915204778998692,2.276993275032824,1.9628954449850928,7.680308791297188,8.286882670322568,-0.7398609533619586,2.418853351187403,-0.21454198312319958,0.5307885223827546,5.880741762529669,-4.6974498560513975,-0.4111820847133712,-1.4641588540438608,1.3738004492535059,6.402559873188485,-2.2552501856501217,-2.9484593370823653,9.328803280341631,5.072941821986523,2.274912389897593,-2.3038762157066666,2.686911374869369,1.746143794859883,-1.4051501757536782,7.826313547631299,-1.2935096319412966,3.820969077531177,-1.1718420910839784,10.272915728895075,5.67879456422244,-1.8100687420539199,9.309919064856526,-3.8656440047437663,5.317063543334653,-2.8604214858026347,-2.3823636693764354,2.130558061859621,6.230696410949217,3.1661367807425966,0.3956607668944353,5.230889681014218,-3.447575586927687,-1.1112581513602076,3.7542634859720763,5.915141365394535,5.569988198105246,-5.39188850334545,3.1092803552871935,-0.8638886660137953,-1.0763069548356436,5.065096757659251,4.749248705843051,8.774328413422067,-2.374767185379695,3.252759554248482,3.8901281389852147,9.631118457171127,2.114107442092047,5.914211231519979,-0.35839173876491737,-1.3858418371339152,6.570657949078054,9.673378010810815,3.0093970344379746,8.416379780882508,5.574578711196463,4.069245294319874,6.704652416572399,8.720032475748098,3.898780107903399,9.259419175591335,-3.256970910378899,7.045568464552503,5.426712777819889,1.2803274609427766,6.638156682633127,-3.3418098791118873,3.524988207323892,7.002784568717018,8.243651747167595,0.2713502503908407,-2.5739575408657682,1.7782751707288114,5.133497307037336,1.74444402657892,-0.14863639375623475,7.775611620044714,6.469556487282789,8.662820349975405,3.165050354974266,4.3146938674065805,0.177962020504083,-1.3179680835138508,5.95773731296132,2.2451084395908247,6.188258705450567,2.7151931216608705
1.8809999999999036,0.06729708542110677,-2.840332342707178,7.474353047023224,3.20060851023612,7.225504593796942,8.94774230647473,2.2743871378862384,1.960289636193992,7.7139699779552195,8.304308295253508,-0.7471735107327763,2.431781482407006,-0.22173340663156685,0.5235508576592318,5.8876579383088705,-4.73363853059667,-0.44360351101574985,-1.4733276742807986,1.3556207571946997,6.4109217501882725,-2.271333736812664,-2.97462848076119,9.36019318606795,5.070503226324677,2.278339884339232,-2.330294249083054,2.6781006507267464,1.7504391770019618,-1.4260931169542417,7.835904438346098,-1.3034454753917915,3.817212132883191,-1.1817992929806849,10.312038222933133,5.680601550075566,-1.829146030285155,9.328446893446475,-3.8879839473953033,5.323317745582628,-2.897537957932347,-2.4068504600065226,2.136572216924887,6.247542672897004,3.1716410767142778,0.39542473159455216,5.226944537450314,-3.4750690963871533,-1.12357810518022,3.747127640900763,5.938360740266794,5.578937494244498,-5.4250723761048265,3.1178389650229716,-0.8695133812742403,-1.0877684644938808,5.079407213783947,4.7719456266408535,8.795030946152268,-2.389474605496268,3.24865223707934,3.8988303379611664,9.65270629006146,2.1066008876830224,5.912574982334582,-0.37844150789715614,-1.4076890392676464,6.588985395873824,9.702579741730112,3.0100337623542512,8.438527369188229,5.583888362045298,4.05841982957565,6.713957259030446,8.752870137425308,3.9001405174690817,9.2927889790555,-3.3072888821128097,7.064083444987886,5.43053064953253,1.2764242442813405,6.642068828511718,-3.3794843270560233,3.5226716999150236,7.012003750495137,8.275286558410313,0.2630617763732498,-2.588050482575748,1.7703169602050028,5.153882279739255,1.7530959791199967,-0.15715466748369364,7.787953899054861,6.473574968617633,8.684270180133936,3.153086223444599,4.310217554822504,0.17219678778932185,-1.3451614521286104,5.96573664885049,2.2524064753823034,6.190437904931301,2.7125783093412514
1.8909999999999025,0.06968373607034006,-2.853197914899321,7.486364260431327,3.19992015456058,7.240535294906837,8.980279833950767,2.2717810007396526,1.9576838274028914,7.747631164613251,8.321733920184448,-0.754486068103594,2.4447096136266087,-0.22892483013993412,0.516313192935709,5.894574114088072,-4.769827205141942,-0.4760249373181285,-1.4824964945177364,1.3374410651358934,6.41928362718806,-2.2874172879752064,-3.0007976244400147,9.391583091794267,5.06806463066283,2.281767378780871,-2.3567122824594415,2.6692899265841237,1.7547345591440406,-1.4470360581548052,7.845495329060897,-1.3133813188422863,3.8134551882352055,-1.1917564948773913,10.35116071697119,5.682408535928691,-1.84822331851639,9.346974722036425,-3.9103238900468402,5.329571947830603,-2.9346544300620594,-2.4313372506366098,2.142586371990153,6.264388934844791,3.177145372685959,0.395188696294669,5.22299939388641,-3.5025626058466197,-1.1358980590002326,3.7399917958294497,5.961580115139053,5.587886790383749,-5.4582562488642035,3.12639757475875,-0.8751380965346852,-1.0992299741521179,5.093717669908642,4.794642547438656,8.81573347888247,-2.4041820256128412,3.244544919910198,3.907532536937118,9.674294122951792,2.0990943332739977,5.910938733149185,-0.3984912770293949,-1.4295362414013777,6.607312842669593,9.73178147264941,3.010670490270528,8.46067495749395,5.593198012894132,4.047594364831426,6.723262101488492,8.785707799102518,3.9015009270347645,9.326158782519665,-3.3576068538467205,7.082598425423268,5.434348521245171,1.2725210276199044,6.645980974390309,-3.4171587750001593,3.5203551925061554,7.021222932273257,8.30692136965303,0.25477330235565887,-2.602143424285728,1.7623587496811943,5.174267252441174,1.7617479316610734,-0.16567294121115253,7.8002961780650075,6.477593449952478,8.705720010292467,3.141122091914932,4.305741242238428,0.1664315550745607,-1.37235482074337,5.973735984739661,2.259704511173782,6.192617104412035,2.7099634970216324
1.9009999999999014,0.07197291745196494,-2.8645188331869385,7.49837547383943,3.19923179888504,7.255565996016732,9.012817361426805,2.269174863593067,1.9550780186117906,7.781292351271283,8.339159545115388,-0.7617986254744117,2.4576377448462114,-0.23611625364830138,0.5090755282121862,5.901490289867273,-4.806015879687214,-0.5084463636205073,-1.4916653147546741,1.3192613730770872,6.427645504187847,-2.3035008391377487,-3.0269667681188395,9.422972997520585,5.065626035000983,2.28519487322251,-2.383130315835829,2.660479202441501,1.7590299412861194,-1.4679789993553687,7.855086219775696,-1.323317162292781,3.8096982435872198,-1.2017136967740978,10.390283211009248,5.684215521781817,-1.8673006067476252,9.365502550626374,-3.932663832698377,5.335826150078578,-2.9717709021917718,-2.455824041266697,2.148600527055419,6.281235196792578,3.18264966865764,0.3949526609947859,5.219054250322507,-3.530056115306086,-1.148218012820245,3.7328559507581365,5.984799490011311,5.596836086523,-5.49144012162358,3.134956184494528,-0.8807628117951302,-1.110691483810355,5.108028126033338,4.817339468236458,8.83643601161267,-2.4188894457294143,3.240437602741056,3.91623473591307,9.695881955842125,2.091587778864973,5.9093024839637875,-0.4185410461616337,-1.451383443535109,6.6256402894653625,9.760983203568706,3.0113072181868046,8.48282254579967,5.6025076637429665,4.036768900087202,6.732566943946539,8.818545460779728,3.902861336600447,9.35952858598383,-3.4079248255806314,7.1011134058586505,5.438166392957813,1.2686178109584683,6.649893120268899,-3.4548332229442953,3.518038685097287,7.030442114051376,8.338556180895749,0.2464848283380678,-2.616236365995708,1.7544005391573858,5.194652225143093,1.77039988420215,-0.17419121493861142,7.812638457075154,6.481611931287322,8.727169840450998,3.129157960385265,4.3012649296543515,0.16066632235979955,-1.3995481893581296,5.9817353206288315,2.267002546965261,6.194796303892769,2.7073486847020134
1.9109999999999003,0.07416179308587054,-2.8744798694295772,7.510386687247533,3.1985434432095,7.270596697126627,9.045354888902843,2.266568726446481,1.95247220982069,7.8149535379293145,8.356585170046328,-0.7691111828452294,2.4705658760658142,-0.24330767715666865,0.5018378634886633,5.9084064656464745,-4.842204554232486,-0.5408677899228865,-1.500834134991612,1.301081681018281,6.436007381187634,-2.319584390300291,-3.053135911797664,9.454362903246903,5.063187439339137,2.288622367664149,-2.4095483492122165,2.651668478298878,1.7633253234281983,-1.4889219405559322,7.864677110490495,-1.3332530057432759,3.805941298939234,-1.2116708986708042,10.429405705047305,5.686022507634942,-1.8863778949788603,9.384030379216323,-3.955003775349914,5.342080352326553,-3.008887374321484,-2.480310831896784,2.154614682120685,6.2980814587403655,3.188153964629321,0.39471662569490273,5.215109106758603,-3.5575496247655525,-1.1605379666402575,3.725720105686823,6.00801886488357,5.605785382662251,-5.524623994382957,3.143514794230306,-0.8863875270555751,-1.122152993468592,5.122338582158033,4.84003638903426,8.857138544342872,-2.4335968658459874,3.2363302855719143,3.9249369348890215,9.717469788732458,2.0840812244559483,5.90766623477839,-0.43859081529387245,-1.4732306456688402,6.643967736261132,9.790184934488003,3.0119439461030812,8.504970134105392,5.611817314591801,4.0259434353429775,6.741871786404586,8.851383122456937,3.90422174616613,9.392898389447994,-3.458242797314542,7.119628386294033,5.441984264670454,1.2647145942970321,6.65380526614749,-3.4925076708884313,3.515722177688419,7.039661295829496,8.370190992138467,0.23819635432047662,-2.630329307705688,1.7464423286335773,5.215037197845012,1.7790518367432266,-0.1827094886660703,7.824980736085301,6.485630412622166,8.748619670609528,3.117193828855598,4.296788617070275,0.1549010896450384,-1.4267415579728893,5.989734656518002,2.2743005827567395,6.196975503373503,2.7047338723823944
1.9209999999998992,0.07624813179191972,-2.8832351440744968,7.522397900655636,3.19785508753396,7.285627398236522,9.07789241637888,2.2639625892998954,1.9498664010295892,7.848614724587346,8.374010794977268,-0.7764237402160471,2.483494007285417,-0.25049910066503595,0.49460019876514005,5.915322641425676,-4.8783932287777585,-0.5732892162252657,-1.5100029552285497,1.2829019889594748,6.444369258187422,-2.3356679414628334,-3.079305055476489,9.48575280897322,5.06074884367729,2.292049862105788,-2.435966382588604,2.6428577541562555,1.767620705570277,-1.5098648817564957,7.874268001205294,-1.3431888491937707,3.8021843542912483,-1.2216281005675107,10.468528199085362,5.687829493488068,-1.9054551832100954,9.402558207806273,-3.977343718001451,5.348334554574528,-3.0460038464511965,-2.5047976225268713,2.160628837185951,6.314927720688153,3.193658260601002,0.3944805903950196,5.211163963194699,-3.585043134225019,-1.17285792046027,3.71858426061551,6.031238239755829,5.6147346788015025,-5.557807867142334,3.1520734039660843,-0.89201224231602,-1.1336145031268292,5.136649038282728,4.862733309832063,8.877841077073073,-2.4483042859625606,3.2322229684027723,3.933639133864973,9.739057621622791,2.0765746700469236,5.906029985592993,-0.4586405844261112,-1.4950778478025715,6.6622951830569015,9.8193866654073,3.012580674019358,8.527117722411113,5.621126965440635,4.015117970598753,6.751176628862632,8.884220784134147,3.9055821557318127,9.42626819291216,-3.508560769048453,7.138143366729415,5.4458021363830955,1.260811377635596,6.657717412026081,-3.5301821188325673,3.5134056702795506,7.048880477607615,8.401825803381184,0.22990788030288542,-2.644422249415668,1.7384841181097688,5.235422170546931,1.7877037892843033,-0.1912277623935292,7.837323015095448,6.4896488939570105,8.77006950076806,3.105229697325931,4.292312304486199,0.14913585693027726,-1.453934926587649,5.997733992407173,2.281598618548218,6.199154702854237,2.7021190600627754
1.9309999999998981,0.07823021978684246,-2.890913953993325,7.534409114063739,3.1971667318584203,7.300658099346417,9.110429943854918,2.2613564521533096,1.9472605922384885,7.882275911245378,8.391436419908208,-0.7837362975868648,2.49642213850502,-0.2576905241734035,0.48736253404161667,5.922238817204877,-4.914581903323031,-0.605710642527645,-1.5191717754654874,1.2647222969006686,6.452731135187209,-2.3517514926253758,-3.1054741991553136,9.517142714699538,5.058310248015443,2.295477356547427,-2.4623844159649915,2.6340470300136327,1.7719160877123559,-1.5308078229570592,7.883858891920093,-1.3531246926442655,3.7984274096432626,-1.2315853024642172,10.50765069312342,5.6896364793411935,-1.9245324714413306,9.421086036396222,-3.999683660652988,5.354588756822503,-3.083120318580909,-2.5292844131569585,2.1666429922512167,6.33177398263594,3.1991625565726833,0.39424455509513645,5.207218819630795,-3.6125366436844852,-1.1851778742802825,3.7114484155441967,6.054457614628087,5.623683974940754,-5.590991739901711,3.1606320137018624,-0.897636957576465,-1.1450760127850663,5.150959494407424,4.885430230629865,8.898543609803275,-2.4630117060791337,3.2281156512336304,3.942341332840925,9.760645454513124,2.069068115637899,5.904393736407596,-0.47869035355835,-1.5169250499363027,6.680622629852671,9.848588396326598,3.0132174019356346,8.549265310716834,5.63043661628947,4.004292505854529,6.760481471320679,8.917058445811357,3.9069425652974954,9.459637996376324,-3.558878740782364,7.1566583471647975,5.449620008095737,1.25690816097416,6.661629557904671,-3.5678565667767033,3.5110891628706824,7.058099659385735,8.433460614623902,0.22161940628529422,-2.658515191125648,1.7305259075859603,5.25580714324885,1.79635574182538,-0.1997460361209881,7.849665294105595,6.493667375291855,8.79151933092659,3.0932655657962638,4.2878359919021225,0.1433706242155161,-1.4811282952024085,6.005733328296343,2.288896654339697,6.201333902334971,2.6995042477431563
1.940999999999897,0.0801067921074219,-2.8976253552098457,7.546420327471842,3.1964783761828803,7.315688800456312,9.142967471330955,2.258750315006724,1.9446547834473877,7.915937097903409,8.408862044839148,-0.7910488549576825,2.5093502697246226,-0.26488194768177103,0.4801248693180933,5.9291549929840786,-4.950770577868303,-0.6381320688300242,-1.5283405957024252,1.2465426048418624,6.461093012186996,-2.367835043787918,-3.1316433428341384,9.548532620425856,5.055871652353597,2.298904850989066,-2.488802449341379,2.62523630587101,1.7762114698544347,-1.5517507641576227,7.893449782634892,-1.3630605360947603,3.794670464995277,-1.2415425043609236,10.546773187161477,5.691443465194319,-1.9436097596725657,9.439613864986171,-4.022023603304529,5.360842959070478,-3.120236790710621,-2.5537712037870457,2.1726571473164826,6.348620244583727,3.2046668525443645,0.3940085197952533,5.203273676066892,-3.6400301531439516,-1.197497828100295,3.7043125704728834,6.077676989500346,5.632633271080005,-5.624175612661088,3.1691906234376406,-0.90326167283691,-1.1565375224433034,5.165269950532119,4.908127151427667,8.919246142533476,-2.477719126195707,3.2240083340644885,3.9510435318168766,9.782233287403457,2.0615615612288742,5.902757487222199,-0.49874012269058876,-1.538772252070034,6.69895007664844,9.877790127245895,3.0138541298519113,8.571412899022555,5.639746267138304,3.9934670411103084,6.7697863137787255,8.949896107488566,3.908302974863178,9.49300779984049,-3.6091967125162747,7.17517332760018,5.453437879808378,1.2530049443127238,6.665541703783262,-3.6055310147208393,3.508772655461814,7.067318841163854,8.46509542586662,0.21333093226770303,-2.672608132835628,1.7225676970621517,5.276192115950769,1.8050076943664566,-0.208264309848447,7.862007573115742,6.497685856626699,8.812969161085121,3.0813014342665968,4.283359679318046,0.13760539150075496,-1.5083216638171681,6.013732664185514,2.2961946901311756,6.203513101815705,2.6968894354235373
1.950999999999896,0.0818769784510384,-2.903461791527677,7.558431540879945,3.1957900205073404,7.3307195015662066,9.175504998806993,2.256144177860138,1.942048974656287,7.949598284561441,8.426287669770089,-0.7983614123285002,2.5222784009442254,-0.2720733711901386,0.4728872045945699,5.93607116876328,-4.986959252413575,-0.6705534951324034,-1.537509415939363,1.2283629127830562,6.469454889186784,-2.3839185949504604,-3.157812486512963,9.579922526152174,5.05343305669175,2.302332345430705,-2.5152204827177664,2.6164255817283872,1.7805068519965135,-1.5726937053581862,7.903040673349691,-1.372996379545255,3.7909135203472912,-1.25149970625763,10.585895681199535,5.693250451047445,-1.9626870479038008,9.45814169357612,-4.04436354595607,5.367097161318453,-3.1573532628403336,-2.578257994417133,2.1786713023817486,6.365466506531514,3.2101711485160456,0.39377248449537017,5.199328532502988,-3.667523662603418,-1.2098177819203075,3.69717672540157,6.100896364372605,5.641582567219256,-5.657359485420465,3.1777492331734187,-0.9088863880973549,-1.1679990321015405,5.1795804066568145,4.9308240722254695,8.939948675263677,-2.49242654631228,3.2199010168953466,3.9597457307928283,9.80382112029379,2.0540550068198495,5.901121238036802,-0.5187898918228275,-1.5606194542037652,6.71727752344421,9.906991858165192,3.014490857768188,8.593560487328276,5.6490559179871385,3.9826415763660887,6.779091156236772,8.982733769165776,3.909663384428861,9.526377603304654,-3.6595146842501856,7.193688308035562,5.45725575152102,1.2491017276512877,6.669453849661853,-3.6432054626649752,3.506456148052946,7.076538022941974,8.496730237109338,0.20504245825011183,-2.686701074545608,1.7146094865383432,5.296577088652688,1.8136596469075332,-0.21678258357590588,7.874349852125889,6.501704337961543,8.834418991243652,3.0693373027369297,4.27888336673397,0.1318401587859938,-1.5355150324319278,6.021732000074684,2.3034927259226543,6.205692301296439,2.6942746231039183
1.9609999999998948,0.08354025985511312,-2.908501987643863,7.570442754288048,3.1951016648318005,7.3457502026761015,9.20804252628303,2.2535380407135523,1.9394431658651863,7.983259471219473,8.443713294701029,-0.8056739696993179,2.535206532163828,-0.2792647946985061,0.4656495398710465,5.942987344542481,-5.023147926958847,-0.7029749214347826,-1.5466782361763007,1.21018322072425,6.477816766186571,-2.4000021461130028,-3.183981630191788,9.611312431878492,5.050994461029903,2.3057598398723442,-2.541638516094154,2.6076148575857645,1.7848022341385923,-1.5936366465587497,7.91263156406449,-1.38293222299575,3.7871565756993055,-1.2614569081543365,10.625018175237592,5.69505743690057,-1.9817643361350359,9.47666952216607,-4.066703488607612,5.373351363566428,-3.194469734970046,-2.60274478504722,2.1846854574470145,6.382312768479301,3.2156754444877267,0.393536449195487,5.195383388939084,-3.6950171720628844,-1.22213773574032,3.690040880330257,6.124115739244863,5.650531863358507,-5.690543358179842,3.186307842909197,-0.9145111033577998,-1.1794605417597777,5.19389086278151,4.953520993023272,8.960651207993878,-2.507133966428853,3.2157936997262047,3.96844792976878,9.825408953184123,2.046548452410825,5.8994849888514045,-0.5388396609550663,-1.5824666563374965,6.735604970239979,9.936193589084489,3.0151275856844646,8.615708075633997,5.658365568835973,3.971816111621869,6.788395998694819,9.015571430842986,3.9110237939945436,9.55974740676882,-3.7098326559840964,7.212203288470945,5.461073623233661,1.2451985109898516,6.673365995540443,-3.6808799106091112,3.5041396406440777,7.085757204720093,8.528365048352056,0.19675398423252063,-2.700794016255588,1.7066512760145347,5.316962061354607,1.8223115994486099,-0.22530085730336477,7.886692131136035,6.505722819296388,8.855868821402183,3.0573731712072627,4.2744070541498935,0.12607492607123266,-1.5627084010466874,6.029731335963855,2.310790761714133,6.207871500777173,2.6916598107842993
1.9709999999998937,0.0850964335822476,-2.9128132716986133,7.582453967696151,3.1944133091562605,7.360780903785996,9.240580053759068,2.2509319035669666,1.9368373570740856,8.016920657877499,8.461138919631969,-0.8129865270701356,2.548134663383431,-0.28645621820687367,0.45841187514752313,5.949903520321683,-5.0593366015041195,-0.7353963477371618,-1.5558470564132385,1.1920035286654438,6.486178643186358,-2.416085697275545,-3.2101507738706125,9.64270233760481,5.048555865368057,2.3091873343139833,-2.5680565494705414,2.5988041334431418,1.789097616280671,-1.6145795877593132,7.922222454779289,-1.3928680664462447,3.78339963105132,-1.271414110051043,10.66414066927565,5.696864422753696,-2.000841624366271,9.495197350756019,-4.089043431259153,5.379605565814403,-3.2315862070997583,-2.6272315756773073,2.1906996125122804,6.3991590304270884,3.221179740459408,0.3933004138956039,5.19143824537518,-3.7225106815223508,-1.2344576895603325,3.6829050352589436,6.147335114117122,5.6594811594977585,-5.723727230939219,3.194866452644975,-0.9201358186182448,-1.1909220514180148,5.208201318906205,4.976217913821074,8.98135374072408,-2.521841386545426,3.2116863825570627,3.9771501287447317,9.846996786074456,2.0390418980018,5.897848739666007,-0.5588894300873051,-1.6043138584712278,6.753932417035749,9.965395320003786,3.0157643136007413,8.637855663939717,5.667675219684807,3.9609906468776495,6.797700841152865,9.048409092520195,3.9123842035602263,9.593117210232984,-3.7601506277180072,7.230718268906327,5.464891494946302,1.2412952943284155,6.677278141419034,-3.7185543585532472,3.5018231332352094,7.094976386498213,8.559999859594773,0.18846551021492944,-2.714886957965568,1.6986930654907262,5.337347034056526,1.8309635519896865,-0.23381913103082366,7.899034410146182,6.509741300631232,8.877318651560714,3.0454090396775957,4.269930741565817,0.12030969335647139,-1.589901769661447,6.0377306718530255,2.3180887975056117,6.2100507002579075,2.6890449984646803
1.9809999999998926,0.08654558425558627,-2.9164534524190873,7.594465181104254,3.1937249534807206,7.375811604895891,9.273117581235105,2.248325766420381,1.9342315482829848,8.050581844535522,8.478564544562909,-0.8202990844409533,2.5610627946030338,-0.2936476417152412,0.45117421042399974,5.956819696100884,-5.095525276049392,-0.767817774039541,-1.5650158766501763,1.1738238366066376,6.4945405201861455,-2.4321692484380875,-3.2363199175494373,9.674092243331128,5.04611726970621,2.3126148287556223,-2.594474582846929,2.589993409300519,1.79339299842275,-1.6355225289598767,7.9318133454940885,-1.4028039098967395,3.779642686403334,-1.2813713119477494,10.703263163313707,5.698671408606821,-2.0199189125975083,9.513725179345968,-4.111383373910694,5.385859768062378,-3.2687026792294707,-2.6517183663073944,2.1967137675775463,6.416005292374876,3.226684036431089,0.39306437859572074,5.187493101811277,-3.750004190981817,-1.246777643380345,3.6757691901876304,6.170554488989381,5.66843045563701,-5.756911103698596,3.203425062380753,-0.9257605338786897,-1.2023835610762519,5.222511775030901,4.998914834618876,9.002056273454281,-2.5365488066619992,3.207579065387921,3.9858523277206834,9.868584618964789,2.0315353435927754,5.89621249048061,-0.5789391992195438,-1.626161060604959,6.772259863831518,9.994597050923083,3.016401041517018,8.660003252245438,5.676984870533642,3.95016518213343,6.807005683610912,9.081246754197405,3.913744613125909,9.62648701369715,-3.810468599451918,7.249233249341709,5.468709366658944,1.2373920776669793,6.681190287297625,-3.756228806497383,3.499506625826341,7.1041955682763325,8.591634670837491,0.18017703619733824,-2.728979899675548,1.6907348549669177,5.357732006758445,1.8396155045307632,-0.24233740475828255,7.911376689156329,6.513759781966076,8.898768481719245,3.0334449081479287,4.265454428981741,0.1145444606417101,-1.6170951382762067,6.045730007742196,2.3253868332970904,6.212229899738642,2.6864301861450612
1.9909999999998915,0.08788805977931101,-2.9194723463897976,7.606476394512357,3.1930365978051807,7.390842306005786,9.305655108711143,2.245719629273795,1.931625739491884,8.084243031193544,8.495990169493849,-0.827611641811771,2.5739909258226366,-0.30083906522360876,0.44393654570047636,5.963735871880085,-5.131713950594664,-0.8002392003419202,-1.574184696887114,1.1556441445478314,6.502902397185933,-2.44825279960063,-3.262489061228262,9.705482149057445,5.043678674044363,2.3160423231972613,-2.6208926162233164,2.5811826851578963,1.7976883805648287,-1.6564654701604402,7.9414042362088875,-1.4127397533472343,3.7758857417553484,-1.291328513844456,10.742385657351765,5.700478394459947,-2.0389962008287457,9.532253007935918,-4.133723316562236,5.392113970310353,-3.305819151359183,-2.6762051569374816,2.2027279226428123,6.432851554322663,3.23218833240277,0.3928283432958376,5.183547958247373,-3.7774977004412835,-1.2590975972003575,3.668633345116317,6.193773863861639,5.677379751776261,-5.790094976457973,3.2119836721165314,-0.9313852491391347,-1.213845070734489,5.236822231155596,5.021611755416679,9.022758806184482,-2.5512562267785723,3.203471748218779,3.994554526696635,9.890172451855122,2.0240287891837507,5.894576241295213,-0.5989889683517826,-1.6480082627386903,6.790587310627288,10.02379878184238,3.0170377694332946,8.68215084055116,5.686294521382476,3.93933971738921,6.816310526068959,9.114084415874615,3.9151050226915918,9.659856817161314,-3.860786571185829,7.267748229777092,5.472527238371585,1.2334888610055432,6.685102433176215,-3.793903254441519,3.497190118417473,7.113414750054452,8.62326948208021,0.17188856217974705,-2.743072841385528,1.6827766444431091,5.378116979460364,1.8482674570718398,-0.2508556784857415,7.923718968166476,6.5177782633009205,8.920218311877775,3.0214807766182616,4.2609781163976646,0.10877922792694882,-1.6442885068909663,6.053729343631367,2.332684869088569,6.214409099219376,2.683815373825442
2.0009999999998906,0.08912445093720678,-2.921913028824834,7.61848760792046,3.1923482421296407,7.405873007115681,9.33819263618718,2.2431134921272093,1.9290199307007834,8.117904217851567,8.51341579442479,-0.8349241991825888,2.5869190570422393,-0.3080304887319763,0.436698880976953,5.970652047659287,-5.167902625139936,-0.8326606266442994,-1.5833535171240518,1.1374644524890252,6.51126427418572,-2.464336350763172,-3.2886582049070867,9.736872054783763,5.041240078382517,2.3194698176389004,-2.647310649599704,2.5723719610152735,1.8019837627069075,-1.6774084113610037,7.9509951269236865,-1.4226755967977291,3.7721287971073627,-1.3012857157411624,10.781508151389822,5.702285380313072,-2.058073489059983,9.550780836525867,-4.156063259213777,5.398368172558328,-3.3429356234888954,-2.700691947567569,2.208742077708078,6.44969781627045,3.237692628374451,0.39259230799595446,5.179602814683469,-3.80499120990075,-1.27141755102037,3.661497500045004,6.216993238733898,5.686329047915512,-5.82327884921735,3.2205422818523095,-0.9370099643995796,-1.225306580392726,5.2511326872802915,5.044308676214481,9.043461338914684,-2.5659636468951454,3.199364431049637,4.003256725672587,9.911760284745455,2.016522234774726,5.892939992109816,-0.6190387374840214,-1.6698554648724215,6.808914757423057,10.053000512761677,3.0176744973495713,8.70429842885688,5.69560417223131,3.9285142526449905,6.825615368527005,9.146922077551825,3.9164654322572745,9.69322662062548,-3.9111045429197397,7.286263210212474,5.476345110084226,1.229585644344107,6.689014579054806,-3.831577702385655,3.4948736110086047,7.1226339318325715,8.654904293322927,0.16360008816215585,-2.757165783095508,1.6748184339193006,5.398501952162283,1.8569194096129165,-0.25937395221320064,7.936061247176623,6.521796744635765,8.941668142036306,3.0095166450885946,4.256501803813588,0.10301399521218753,-1.671481875505726,6.061728679520537,2.339982904880048,6.21658829870011,2.681200561505823
2.0109999999998895,0.09025557382594901,-2.923812864557886,7.630498821328563,3.191659886454101,7.420903708225576,9.370730163663218,2.2405073549806236,1.9264141219096826,8.15156540450959,8.53084141935573,-0.8422367565534065,2.599847188261842,-0.31522191224034385,0.4294612162534296,5.977568223438488,-5.204091299685208,-0.8650820529466786,-1.5925223373609896,1.119284760430219,6.519626151185507,-2.4804199019257145,-3.3148273485859114,9.768261960510081,5.03880148272067,2.3228973120805394,-2.6737286829760913,2.563561236872651,1.8062791448489863,-1.6983513525615672,7.9605860176384855,-1.432611440248224,3.768371852459377,-1.3112429176378688,10.82063064542788,5.704092366166198,-2.0771507772912203,9.569308665115816,-4.1784032018653186,5.404622374806303,-3.3800520956186078,-2.725178738197656,2.214756232773344,6.466544078218237,3.2431969243461323,0.3923562726960713,5.175657671119565,-3.8324847193602163,-1.2837375048403825,3.6543616549736906,6.240212613606157,5.695278344054763,-5.856462721976727,3.2291008915880877,-0.9426346796600246,-1.2367680900509632,5.265443143404987,5.067005597012283,9.064163871644885,-2.5806710670117186,3.195257113880495,4.011958924648539,9.933348117635788,2.0090156803657013,5.891303742924419,-0.6390885066162602,-1.6917026670061528,6.827242204218827,10.082202243680975,3.018311225265848,8.726446017162601,5.704913823080145,3.917688787900771,6.834920210985052,9.179759739229034,3.9178258418229572,9.726596424089644,-3.9614225146536506,7.304778190647856,5.480162981796868,1.225682427682671,6.692926724933397,-3.869252150329791,3.4925571035997365,7.131853113610691,8.686539104565645,0.15531161414456465,-2.771258724805488,1.6668602233954921,5.418886924864202,1.865571362153993,-0.2678922259406598,7.94840352618677,6.525815225970609,8.963117972194837,2.9975525135589276,4.252025491229512,0.09724876249742624,-1.6986752441204855,6.069728015409708,2.3472809406715265,6.218767498180844,2.678585749186204
2.0209999999998884,0.0912824544756687,-2.9252043633697267,7.642510034736666,3.190971530778561,7.435934409335471,9.403267691139256,2.237901217834038,1.923808313118582,8.185226591167613,8.54826704428667,-0.8495493139242242,2.612775319481445,-0.3224133357487114,0.4222235515299062,5.984484399217689,-5.24027997423048,-0.8975034792490578,-1.6016911575979274,1.1011050683714128,6.527988028185295,-2.496503453088257,-3.340996492264736,9.799651866236399,5.036362887058823,2.3263248065221784,-2.700146716352479,2.554750512730028,1.8105745269910651,-1.7192942937621307,7.9701769083532845,-1.4425472836987188,3.7646149078113913,-1.3212001195345753,10.859753139465937,5.7058993520193235,-2.0962280655224577,9.587836493705765,-4.20074314451686,5.410876577054278,-3.41716856774832,-2.749665528827743,2.22077038783861,6.483390340166024,3.2487012203178134,0.3921202373961882,5.171712527555662,-3.8599782288196827,-1.296057458660395,3.6472258099023773,6.263431988478415,5.704227640194015,-5.889646594736104,3.237659501323866,-0.9482593949204695,-1.2482295997092003,5.279753599529682,5.089702517810085,9.084866404375086,-2.5953784871282917,3.191149796711353,4.020661123624491,9.95493595052612,2.0015091259566766,5.889667493739021,-0.6591382757484989,-1.713549869139884,6.845569651014596,10.111403974600272,3.0189479531821246,8.748593605468322,5.714223473928979,3.9068633231565513,6.844225053443099,9.212597400906244,3.91918625138864,9.759966227553809,-4.011740486387562,7.323293171083239,5.483980853509509,1.2217792110212349,6.6968388708119875,-3.906926598273927,3.4902405961908682,7.141072295388811,8.718173915808363,0.14702314012697346,-2.785351666515468,1.6589020128716836,5.439271897566121,1.8742233146950698,-0.276410499668119,7.960745805196916,6.529833707305453,8.984567802353368,2.9855883820292606,4.247549178645436,0.09148352978266495,-1.7258686127352452,6.077727351298878,2.354578976463005,6.220946697661578,2.675970936866585
2.0309999999998873,0.09220631515710294,-2.926115894192671,7.654521248144769,3.190283175103021,7.450965110445366,9.435805218615293,2.235295080687452,1.9212025043274812,8.218887777825636,8.56569266921761,-0.8568618712950419,2.6257034507010477,-0.32960475925707894,0.4149858868063828,5.991400574996891,-5.276468648775753,-0.929924905551437,-1.6108599778348651,1.0829253763126065,6.536349905185082,-2.512587004250799,-3.367165635943561,9.831041771962717,5.033924291396977,2.3297523009638175,-2.7265647497288663,2.5459397885874053,1.814869909133144,-1.7402372349626942,7.9797677990680835,-1.4524831271492136,3.7608579631634056,-1.3311573214312817,10.898875633503994,5.707706337872449,-2.115305353753695,9.606364322295715,-4.223083087168401,5.417130779302253,-3.4542850398780325,-2.7741523194578304,2.226784542903876,6.500236602113811,3.2542055162894945,0.39188420209630503,5.167767383991758,-3.887471738279149,-1.3083774124804075,3.640089964831064,6.286651363350674,5.713176936333266,-5.922830467495481,3.246218111059644,-0.9538841101809145,-1.2596911093674374,5.294064055654378,5.112399438607888,9.105568937105287,-2.610085907244865,3.187042479542211,4.029363322600442,9.976523783416454,1.994002571547652,5.888031244553624,-0.6791880448807377,-1.7353970712736153,6.863897097810366,10.140605705519569,3.0195846810984013,8.770741193774043,5.723533124777814,3.8960378584123316,6.853529895901145,9.245435062583454,3.9205466609543227,9.793336031017974,-4.062058458121473,7.341808151518621,5.4877987252221505,1.2178759943597988,6.700751016690578,-3.944601046218063,3.487924088782,7.15029147716693,8.74980872705108,0.13873466610938226,-2.799444608225448,1.650943802347875,5.45965687026804,1.8828752672361464,-0.28492877339557815,7.973088084207063,6.533852188640298,9.006017632511899,2.9736242504995936,4.243072866061359,0.08571829706790367,-1.7530619813500048,6.085726687188049,2.361877012254484,6.223125897142312,2.673356124546966
2.0409999999998862,0.09302856198545811,-2.926572285401955,7.666532461552872,3.189594819427481,7.465995811555261,9.46834274609133,2.2326889435408663,1.9185966955363805,8.252548964483658,8.58311829414855,-0.8641744286658596,2.6386315819206505,-0.3367961827654465,0.40774822208285944,5.998316750776092,-5.312657323321025,-0.9623463318538162,-1.620028798071803,1.0647456842538003,6.544711782184869,-2.5286705554133415,-3.3933347796223856,9.862431677689035,5.03148569573513,2.3331797954054565,-2.752982783105254,2.5371290644447826,1.8191652912752228,-1.7611801761632577,7.9893586897828825,-1.4624189705997084,3.75710101851542,-1.3411145233279882,10.937998127542052,5.709513323725575,-2.1343826419849323,9.624892150885664,-4.245423029819943,5.423384981550228,-3.491401512007745,-2.7986391100879175,2.232798697969142,6.5170828640615985,3.2597098122611756,0.3916481667964219,5.163822240427854,-3.9149652477386154,-1.32069736630042,3.632954119759751,6.309870738222933,5.722126232472517,-5.956014340254858,3.254776720795422,-0.9595088254413594,-1.2711526190256746,5.308374511779073,5.13509635940569,9.126271469835489,-2.624793327361438,3.1829351623730693,4.038065521576394,9.998111616306787,1.9864960171386272,5.886394995368227,-0.6992378140129765,-1.7572442734073466,6.882224544606135,10.169807436438866,3.020221409014678,8.792888782079764,5.732842775626648,3.885212393668112,6.862834738359192,9.278272724260663,3.9219070705200054,9.826705834482139,-4.1123764298553835,7.3603231319540035,5.491616596934792,1.2139727776983626,6.704663162569169,-3.982275494162199,3.4856075813731318,7.15951065894505,8.781443538293798,0.13044619209179106,-2.813537549935428,1.6429855918240666,5.480041842969959,1.891527219777223,-0.2934470471230373,7.98543036321721,6.537870669975142,9.02746746267043,2.9616601189699265,4.238596553477283,0.07995306435314238,-1.7802553499647644,6.0937260230772194,2.3691750480459626,6.225305096623046,2.670741312227347
2.050999999999885,0.09375077351546085,-2.926595332762949,7.678543674960975,3.188906463751941,7.481026512665156,9.500880273567368,2.2300828063942806,1.9159908867452797,8.286210151141681,8.60054391907949,-0.8714869860366773,2.6515597131402533,-0.34398760627381403,0.40051055735933605,6.005232926555293,-5.348845997866297,-0.9947677581561954,-1.6291976183087407,1.0465659921949941,6.553073659184657,-2.544754106575884,-3.4195039233012103,9.893821583415352,5.029047100073283,2.3366072898470955,-2.7794008164816413,2.52831834030216,1.8234606734173016,-1.7821231173638212,7.998949580497682,-1.4723548140502032,3.753344073867434,-1.3510717252246947,10.97712062158011,5.7113203095787,-2.1534599302161697,9.643419979475613,-4.267762972471484,5.429639183798203,-3.528517984137457,-2.8231259007180047,2.238812853034408,6.533929126009386,3.2652141082328567,0.39141213149653875,5.1598770968639505,-3.942458757198082,-1.3330173201204325,3.6258182746884375,6.333090113095191,5.731075528611768,-5.989198213014235,3.2633353305312003,-0.9651335407018043,-1.2826141286839117,5.322684967903768,5.157793280203492,9.14697400256569,-2.639500747478011,3.1788278452039274,4.046767720552346,10.01969944919712,1.9789894627296025,5.88475874618283,-0.7192875831452152,-1.7790914755410778,6.900551991401905,10.199009167358163,3.0208581369309546,8.815036370385485,5.742152426475482,3.8743869289238924,6.8721395808172385,9.311110385937873,3.923267480085688,9.860075637946304,-4.162694401589294,7.378838112389386,5.495434468647433,1.2100695610369265,6.7085753084477595,-4.019949942106335,3.4832910739642635,7.168729840723169,8.813078349536516,0.12215771807419992,-2.827630491645408,1.635027381300258,5.500426815671878,1.9001791723182997,-0.3019653208504965,7.997772642227357,6.541889151309986,9.04891729282896,2.9496959874402595,4.234120240893207,0.0741878316383811,-1.807448718579524,6.10172535896639,2.3764730838374413,6.22748429610378,2.668126499907728
2.060999999999884,0.0943746900867698,-2.9262042322359987,7.6905548883690775,3.188218108076401,7.4960572137750505,9.533417801043406,2.227476669247695,1.913385077954179,8.319871337799704,8.61796954401043,-0.878799543407495,2.664487844359856,-0.3511790297821816,0.39327289263581267,6.012149102334495,-5.385034672411569,-1.0271891844585737,-1.6383664385456784,1.028386300136188,6.561435536184444,-2.560837657738426,-3.445673066980035,9.92521148914167,5.026608504411437,2.3400347842887346,-2.8058188498580288,2.519507616159537,1.8277560555593804,-1.8030660585643847,8.008540471212473,-1.482290657500698,3.7495871292194485,-1.361028927121401,11.016243115618167,5.713127295431826,-2.172537218447407,9.661947808065563,-4.290102915123025,5.435893386046178,-3.5656344562671696,-2.847612691348092,2.2448270080996737,6.550775387957173,3.270718404204538,0.3911760961966556,5.155931953300047,-3.969952266657548,-1.345337273940445,3.6186824296171243,6.35630948796745,5.7400248247510195,-6.022382085773612,3.2718939402669784,-0.9707582559622493,-1.2940756383421488,5.336995424028464,5.1804902010012945,9.167676535295891,-2.654208167594584,3.1747205280347854,4.0554699195282975,10.041287282087453,1.9714829083205778,5.883122496997433,-0.739337352277454,-1.800938677674809,6.918879438197674,10.22821089827746,3.0214948648472313,8.837183958691206,5.751462077324317,3.8635614641796727,6.881444423275285,9.343948047615083,3.924627889651371,9.893445441410469,-4.213012373323205,7.397353092824768,5.499252340360075,1.2061663443754904,6.71248745432635,-4.057624390050471,3.4809745665553953,7.177949022501289,8.844713160779234,0.11386924405660886,-2.841723433355388,1.6270691707764495,5.520811788373797,1.9088311248593763,-0.31048359457795566,8.010114921237511,6.54590763264483,9.070367122987491,2.9377318559105925,4.22964392830913,0.0684225989236198,-1.8346420871942837,6.109724694855561,2.38377111962892,6.229663495584514,2.665511687588109
2.070999999999883,0.09490220372893297,-2.925415951440116,7.7025661017771805,3.1875297524008612,7.511087914884945,9.565955328519443,2.224870532101109,1.9107792691630783,8.353532524457727,8.63539516894137,-0.8861121007783127,2.677415975579459,-0.3583704532905491,0.3860352279122893,6.019065278113696,-5.421223346956841,-1.0596106107609518,-1.6475352587826162,1.0102066080773817,6.569797413184231,-2.5769212089009685,-3.47184221065886,9.956601394867988,5.02416990874959,2.3434622787303736,-2.8322368832344162,2.5106968920169144,1.8320514377014592,-1.8240089997649482,8.018131361927264,-1.4922265009511928,3.7458301845714628,-1.3709861290181076,11.055365609656224,5.714934281284951,-2.1916145066786443,9.680475636655512,-4.312442857774567,5.442147588294153,-3.602750928396882,-2.872099481978179,2.2508411631649397,6.56762164990496,3.276222700176219,0.39094006089677247,5.151986809736143,-3.9974457761170146,-1.3576572277604575,3.611546584545811,6.379528862839709,5.748974120890271,-6.055565958532989,3.2804525500027566,-0.9763829712226942,-1.305537148000386,5.351305880153159,5.203187121799097,9.188379068026093,-2.6689155877111572,3.1706132108656435,4.064172118504249,10.062875114977786,1.9639763539115531,5.8814862478120356,-0.7593871214096928,-1.8227858798085403,6.937206884993444,10.257412629196757,3.022131592763508,8.859331546996927,5.760771728173151,3.852735999435453,6.890749265733332,9.376785709292292,3.9259882992170536,9.926815244874634,-4.263330345057116,7.4158680732601505,5.503070212072716,1.2022631277140543,6.716399600204941,-4.095298837994607,3.478658059146527,7.187168204279408,8.876347972021952,0.10558077003901781,-2.855816375065368,1.619110960252641,5.541196761075716,1.917483077400453,-0.3190018683054148,8.022457200247667,6.549926113979675,9.091816953146022,2.9257677243809255,4.225167615725054,0.06265736620885852,-1.8618354558090433,6.117724030744731,2.3910691554203987,6.231842695065248,2.66289687526849
2.080999999999882,0.09533534847403535,-2.9242455509135965,7.7145773151852834,3.1868413967253213,7.52611861599484,9.598492855995481,2.2222643949545233,1.9081734603719775,8.38719371111575,8.65282079387231,-0.8934246581491304,2.6903441067990617,-0.36556187679891666,0.3787975631887659,6.025981453892897,-5.457412021502114,-1.0920320370633299,-1.656704079019554,0.9920269160185755,6.5781592901840185,-2.593004760063511,-3.4980113543376845,9.987991300594306,5.021731313087743,2.3468897731720126,-2.8586549166108037,2.5018861678742916,1.836346819843538,-1.8449519409655117,8.027722252642054,-1.5021623444016876,3.742073239923477,-1.380943330914814,11.094488103694282,5.716741267138077,-2.2106917949098817,9.699003465245461,-4.334782800426108,5.448401790542128,-3.6398674005265943,-2.8965862726082663,2.2568553182302056,6.584467911852747,3.2817269961479,0.3907040255968893,5.148041666172239,-4.024939285576481,-1.36997718158047,3.6044107394744977,6.402748237711967,5.757923417029522,-6.088749831292366,3.2890111597385348,-0.9820076864831392,-1.316998657658623,5.365616336277855,5.225884042596899,9.209081600756294,-2.6836230078277303,3.1665058936965016,4.072874317480201,10.084462947868118,1.9564697995025284,5.879849998626638,-0.7794368905419315,-1.8446330819422716,6.955534331789213,10.286614360116054,3.0227683206797846,8.881479135302648,5.770081379021986,3.8419105346912334,6.900054108191378,9.409623370969502,3.9273487087827363,9.960185048338799,-4.313648316791027,7.434383053695533,5.506888083785357,1.1983599110526182,6.7203117460835315,-4.132973285938743,3.476341551737659,7.196387386057528,8.90798278326467,0.09729229602142675,-2.869909316775348,1.6111527497288325,5.5615817337776345,1.9261350299415296,-0.327520142032874,8.034799479257822,6.553944595314519,9.113266783304553,2.9138035928512585,4.220691303140978,0.05689213349409723,-1.889028824423803,6.125723366633902,2.3983671912118774,6.234021894545982,2.660282062948871
2.0909999999998807,0.09567629095578332,-2.922706464212114,7.726588528593386,3.1861530410497814,7.541149317104735,9.631030383471519,2.2196582578079376,1.9055676515808768,8.420854897773772,8.67024641880325,-0.9007372155199481,2.7032722380186645,-0.3727533003072842,0.3715598984652425,6.032897629672099,-5.493600696047386,-1.124453463365708,-1.6658728992564917,0.9738472239597693,6.586521167183806,-2.6090883112260532,-3.5241804980165092,10.019381206320624,5.0192927174258966,2.3503172676136517,-2.885072949987191,2.493075443731669,1.8406422019856168,-1.8658948821660752,8.037313143356844,-1.5120981878521824,3.7383162952754914,-1.3909005328115205,11.13361059773234,5.718548252991202,-2.229769083141119,9.71753129383541,-4.35712274307765,5.454655992790103,-3.6769838726563067,-2.9210730632383535,2.2628694732954715,6.601314173800534,3.287231292119581,0.3904679902970062,5.1440965226083355,-4.052432795035948,-1.3822971354004825,3.5972748944031845,6.425967612584226,5.766872713168773,-6.1219337040517425,3.297569769474313,-0.9876324017435841,-1.3284601673168601,5.37992679240255,5.248580963394701,9.229784133486495,-2.6983304279443034,3.1623985765273597,4.081576516456153,10.106050780758451,1.9489632450935037,5.878213749441241,-0.7994866596741703,-1.8664802840760029,6.973861778584983,10.315816091035352,3.0234050485960613,8.903626723608369,5.77939102987082,3.831085069947014,6.909358950649425,9.442461032646712,3.928709118348419,9.993554851802964,-4.363966288524938,7.452898034130915,5.510705955497999,1.194456694391182,6.724223891962122,-4.170647733882879,3.4740250443287906,7.205606567835647,8.939617594507387,0.08900382200383569,-2.884002258485328,1.603194539205024,5.5819667064795535,1.9347869824826063,-0.33603841576033316,8.047141758267978,6.557963076649363,9.134716613463084,2.9018394613215914,4.216214990556901,0.051126900779335946,-1.9162221930385626,6.133722702523072,2.405665227003356,6.2362010940267165,2.657667250629252
2.1009999999998796,0.09592732119801566,-2.9208107442234836,7.738599742001489,3.1854646853742414,7.55618001821463,9.663567910947556,2.217052120661352,1.902961842789776,8.454516084431795,8.68767204373419,-0.9080497728907658,2.7162003692382672,-0.37994472381565175,0.3643222337417191,6.0398138054513,-5.529789370592658,-1.156874889668086,-1.6750417194934295,0.9556675319009631,6.594883044183593,-2.6251718623885956,-3.550349641695334,10.050771112046942,5.01685412176405,2.3537447620552907,-2.9114909833635787,2.484264719589046,1.8449375841276956,-1.8868378233666387,8.046904034071634,-1.5220340313026772,3.7345593506275057,-1.400857734708227,11.172733091770397,5.720355238844328,-2.2488463713723563,9.73605912242536,-4.379462685729191,5.460910195038078,-3.714100344786019,-2.9455598538684407,2.2688836283607374,6.6181604357483215,3.2927355880912623,0.39023195499712304,5.140151379044432,-4.079926304495414,-1.394617089220495,3.5901390493318712,6.449186987456485,5.775822009308024,-6.1551175768111195,3.306128379210091,-0.9932571170040291,-1.3399216769750972,5.394237248527245,5.271277884192504,9.250486666216696,-2.7130378480608766,3.1582912593582178,4.090278715432104,10.127638613648784,1.941456690684479,5.876577500255844,-0.8195364288064091,-1.8883274862097341,6.992189225380752,10.345017821954649,3.024041776512338,8.92577431191409,5.788700680719654,3.820259605202794,6.918663793107472,9.475298694323921,3.930069527914102,10.026924655267129,-4.414284260258849,7.471413014566298,5.51452382721064,1.190553477729746,6.728136037840713,-4.208322181827015,3.4717085369199223,7.214825749613767,8.971252405750105,0.08071534798624463,-2.898095200195308,1.5952363286812155,5.6023516791814725,1.943438935023683,-0.34455668948779233,8.059484037278134,6.561981557984208,9.156166443621615,2.8898753297919244,4.211738677972825,0.04536166806457466,-1.9434155616533222,6.141722038412243,2.4129632627948348,6.238380293507451,2.655052438309633
2.1109999999998785,0.09609084351502696,-2.918569281754848,7.750610955409592,3.1847763296987015,7.571210719324525,9.696105438423594,2.214445983514766,1.9003560339986754,8.488177271089818,8.70509766866513,-0.9153623302615835,2.72912850045787,-0.3871361473240193,0.35708456901819574,6.046729981230501,-5.56597804513793,-1.1892963159704641,-1.6842105397303673,0.9374878398421569,6.60324492118338,-2.641255413551138,-3.5765187853741587,10.08216101777326,5.014415526102203,2.3571722564969297,-2.937909016739966,2.4754539954464234,1.8492329662697744,-1.9077807645672022,8.056494924786424,-1.531969874753172,3.73080240597952,-1.4108149366049334,11.211855585808454,5.7221622246974535,-2.2679236596035937,9.754586951015309,-4.401802628380732,5.467164397286053,-3.7512168169157314,-2.970046644498528,2.2748977834260034,6.635006697696109,3.2982398840629434,0.3899959196972399,5.136206235480528,-4.1074198139548805,-1.4069370430405075,3.583003204260558,6.472406362328743,5.784771305447276,-6.188301449570496,3.314686988945869,-0.998881832264474,-1.3513831866333343,5.408547704651941,5.293974804990306,9.271189198946898,-2.7277452681774497,3.154183942189076,4.098980914408056,10.149226446539117,1.9339501362754543,5.874941251070447,-0.8395861979386479,-1.9101746883434654,7.0105166721765215,10.374219552873946,3.0246785044286146,8.94792190021981,5.798010331568489,3.8094341404585745,6.927968635565518,9.508136356001131,3.9314299374797845,10.060294458731294,-4.464602231992759,7.48992799500168,5.518341698923281,1.1866502610683098,6.732048183719304,-4.245996629771151,3.469392029511054,7.224044931391886,9.002887216992823,0.07242687396865358,-2.912188141905288,1.587278118157407,5.6227366518833914,1.9520908875647596,-0.3530749632152515,8.07182631628829,6.566000039319052,9.177616273780146,2.8779111982622574,4.207262365388749,0.03959643534981337,-1.9706089302680818,6.149721374301413,2.4202612985863134,6.240559492988185,2.652437625990014
2.1209999999998774,0.09616936746177232,-2.9159920013876155,7.762622168817695,3.1840879740231616,7.58624142043442,9.728642965899631,2.2118398463681803,1.8977502252075746,8.52183845774784,8.72252329359607,-0.9226748876324012,2.742056631677473,-0.39432757083238684,0.34984690429467236,6.053646157009703,-5.602166719683202,-1.2217177422728422,-1.693379359967305,0.9193081477833507,6.611606798183168,-2.6573389647136803,-3.6026879290529834,10.113550923499577,5.0119769304403565,2.3605997509385688,-2.9643270501163537,2.4666432713038007,1.8535283484118532,-1.9287237057677658,8.066085815501214,-1.5419057182036668,3.7270454613315342,-1.4207721385016399,11.250978079846512,5.723969210550579,-2.287000947834831,9.773114779605258,-4.424142571032274,5.473418599534028,-3.7883332890454438,-2.994533435128615,2.2809119384912693,6.651852959643896,3.3037441800346246,0.38975988439735676,5.132261091916624,-4.134913323414347,-1.41925699686052,3.5758673591892447,6.495625737201002,5.793720601586527,-6.221485322329873,3.3232455986816474,-1.004506547524918,-1.3628446962915715,5.422858160776636,5.316671725788108,9.291891731677099,-2.7424526882940228,3.150076625019934,4.107683113384008,10.17081427942945,1.9264435818664296,5.87330500188505,-0.8596359670708866,-1.9320218904771966,7.028844118972291,10.403421283793243,3.0253152323448913,8.970069488525532,5.807319982417323,3.798608675714355,6.937273478023565,9.54097401767834,3.9327903470454673,10.093664262195459,-4.51492020372667,7.508442975437062,5.522159570635923,1.1827470444068737,6.735960329597894,-4.283671077715287,3.467075522102186,7.233264113170006,9.034522028235541,0.06413839995106252,-2.926281083615268,1.5793199076335984,5.64312162458531,1.9607428401058362,-0.36159323694271067,8.084168595298445,6.570018520653896,9.199066103938677,2.8659470667325904,4.202786052804672,0.033831202635052085,-1.9978022988828414,6.157720710190584,2.427559334377792,6.242738692468919,2.649822813670395
2.1309999999998763,0.09616549878487289,-2.913088038740627,7.774633382225798,3.1833996183476216,7.601272121544315,9.761180493375669,2.2092337092215946,1.895144416416474,8.555499644405863,8.739948918527011,-0.929987445003219,2.7549847628970756,-0.4015189943407544,0.34260923957114897,6.060562332788904,-5.6383553942284745,-1.2541391685752203,-1.7025481802042428,0.9011284557245445,6.619968675182955,-2.6734225158762226,-3.628857072731808,10.144940829225895,5.00953833477851,2.364027245380208,-2.990745083492741,2.457832547161178,1.857823730553932,-1.9496666469683293,8.075676706216004,-1.5518415616541616,3.7232885166835485,-1.4307293403983463,11.290100573884569,5.725776196403705,-2.3060782360660683,9.791642608195207,-4.446482513683815,5.479672801782003,-3.825449761175156,-3.019020225758702,2.286926093556535,6.668699221591683,3.3092484760063057,0.3895238490974736,5.1283159483527205,-4.162406832873813,-1.4315769506805325,3.5687315141179314,6.518845112073261,5.802669897725778,-6.25466919508925,3.3318042084174255,-1.0101312627853618,-1.3743062059498086,5.437168616901332,5.3393686465859105,9.3125942644073,-2.757160108410596,3.145969307850792,4.116385312359959,10.192402112319783,1.918937027457405,5.8716687526996525,-0.8796857362031254,-1.953869092610928,7.0471715657680605,10.43262301471254,3.025951960261168,8.992217076831253,5.816629633266158,3.7877832109701353,6.946578320481612,9.57381167935555,3.93415075661115,10.127034065659624,-4.565238175460581,7.526957955872445,5.525977442348564,1.1788438277454376,6.739872475476485,-4.321345525659423,3.4647590146933176,7.2424832949481255,9.066156839478259,0.05584992593347146,-2.940374025325248,1.57136169710979,5.663506597287229,1.9693947926469129,-0.37011151067016984,8.096510874308601,6.57403700198874,9.220515934097207,2.8539829352029233,4.198309740220596,0.028065969920290798,-2.0249956674976013,6.1657200460797545,2.434857370169271,6.244917891949653,2.647208001350776
2.1409999999998752,0.09608193033602656,-2.9098659025883484,7.786644595633901,3.1827112626720817,7.61630282265421,9.793718020851706,2.206627572075009,1.8925386076253732,8.589160831063886,8.757374543457951,-0.9373000023740367,2.7679128941166784,-0.40871041784912193,0.3353715748476256,6.067478508568105,-5.674544068773747,-1.2865605948775984,-1.7117170004411806,0.8829487636657383,6.628330552182742,-2.689506067038765,-3.655026216410633,10.176330734952213,5.007099739116663,2.367454739821847,-3.0171631168691286,2.449021823018555,1.8621191126960108,-1.9706095881688928,8.085267596930795,-1.5617774051046565,3.719531572035563,-1.4406865422950528,11.329223067922626,5.72758318225683,-2.3251555242973057,9.810170436785157,-4.4688224563353565,5.485927004029978,-3.8625662333048685,-3.0435070163887894,2.292940248621801,6.68554548353947,3.314752771977987,0.3892878137975905,5.124370804788817,-4.18990034233328,-1.443896904500545,3.561595669046618,6.542064486945519,5.811619193865029,-6.287853067848627,3.3403628181532037,-1.0157559780458056,-1.3857677156080457,5.451479073026027,5.362065567383713,9.333296797137502,-2.771867528527169,3.14186199068165,4.125087511335911,10.213989945210116,1.9114304730483802,5.870032503514255,-0.8997355053353642,-1.9757162947446592,7.06549901256383,10.461824745631837,3.0265886881774446,9.014364665136974,5.825939284114992,3.7769577462259156,6.955883162939658,9.60664934103276,3.9355111661768327,10.160403869123789,-4.615556147194492,7.545472936307827,5.5297953140612055,1.1749406110840015,6.743784621355076,-4.359019973603559,3.4624425072844494,7.251702476726245,9.097791650720977,0.047561451915880404,-2.954466967035228,1.5634034865859814,5.683891569989148,1.9780467451879895,-0.378629784397629,8.108853153318757,6.578055483323585,9.241965764255738,2.8420188036732563,4.19383342763652,0.02230073720552951,-2.052189036112361,6.173719381968925,2.4421554059607495,6.247097091430387,2.644593189031157
2.150999999999874,0.09592143291847462,-2.906333624714004,7.798655809042004,3.1820229069965418,7.631333523764105,9.826255548327744,2.204021434928423,1.8899327988342725,8.622822017721909,8.774800168388891,-0.9446125597448544,2.780841025336281,-0.4159018413574895,0.3281339101241022,6.074394684347307,-5.710732743319019,-1.3189820211799765,-1.7208858206781183,0.8647690716069321,6.6366924291825296,-2.7055896182013073,-3.6811953600894576,10.20772064067853,5.0046611434548165,2.370882234263486,-3.043581150245516,2.4402110988759325,1.8664144948380896,-1.9915525293694563,8.094858487645585,-1.5717132485551513,3.715774627387577,-1.4506437441917592,11.368345561960684,5.729390168109956,-2.344232812528543,9.828698265375106,-4.491162398986898,5.492181206277953,-3.899682705434581,-3.0679938070188766,2.298954403687067,6.702391745487257,3.320257067949668,0.38905177849770733,5.120425661224913,-4.217393851792746,-1.4562168583205575,3.554459823975305,6.565283861817778,5.8205684900042804,-6.321036940608004,3.348921427888982,-1.0213806933062495,-1.3972292252662828,5.465789529150722,5.384762488181515,9.353999329867703,-2.786574948643742,3.137754673512508,4.133789710311863,10.235577778100449,1.9039239186393555,5.868396254328858,-0.9197852744676029,-1.9975634968783904,7.083826459359599,10.491026476551134,3.0272254160937213,9.036512253442694,5.835248934963826,3.766132281481696,6.965188005397705,9.63948700270997,3.9368715757425155,10.193773672587954,-4.665874118928403,7.563987916743209,5.533613185773847,1.1710373944225654,6.747696767233666,-4.396694421547695,3.460125999875581,7.2609216585043646,9.129426461963694,0.039272977898289346,-2.968559908745208,1.5554452760621729,5.704276542691067,1.9866986977290662,-0.3871480581250882,8.121195432328912,6.582073964658429,9.263415594414269,2.8300546721435893,4.189357115052443,0.016535504490768224,-2.0793824047271205,6.181718717858096,2.4494534417522282,6.249276290911121,2.641978376711538
2.160999999999873,0.09568684604499575,-2.902498899910615,7.810667022450107,3.181334551321002,7.646364224874,9.858793075803781,2.2014152977818373,1.8873269900431717,8.656483204379931,8.792225793319831,-0.9519251171156721,2.793769156555884,-0.423093264865857,0.3208962454005788,6.081310860126508,-5.746921417864291,-1.3514034474823546,-1.7300546409150561,0.8465893795481259,6.645054306182317,-2.7216731693638496,-3.7073645037682823,10.239110546404849,5.00222254779297,2.374309728705125,-3.0699991836219036,2.4314003747333097,1.8707098769801684,-2.0124954705700198,8.104449378360375,-1.581649092005646,3.7120176827395914,-1.4606009460884657,11.407468055998741,5.731197153963081,-2.3633101007597803,9.847226093965055,-4.513502341638439,5.498435408525928,-3.936799177564293,-3.0924805976489638,2.304968558752333,6.719238007435044,3.325761363921349,0.3888157431978242,5.116480517661009,-4.244887361252212,-1.46853681214057,3.5473239789039916,6.588503236690037,5.829517786143532,-6.354220813367381,3.35748003762476,-1.0270054085666933,-1.40869073492452,5.480099985275418,5.407459408979317,9.374701862597904,-2.8012823687603152,3.133647356343366,4.1424919092878145,10.257165610990782,1.8964173642303308,5.866760005143461,-0.9398350435998417,-2.0194106990121217,7.102153906155369,10.520228207470431,3.027862144009998,9.058659841748415,5.844558585812661,3.7553068167374763,6.9744928478557515,9.67232466438718,3.938231985308198,10.227143476052118,-4.716192090662314,7.582502897178592,5.537431057486488,1.1671341777611293,6.751608913112257,-4.434368869491831,3.457809492466713,7.270140840282484,9.161061273206412,0.03098450388069829,-2.982652850455188,1.5474870655383643,5.724661515392986,1.9953506502701428,-0.39566633185254735,8.133537711339068,6.586092445993273,9.2848654245728,2.8180905406139223,4.184880802468367,0.010770271776006953,-2.10657577334188,6.189718053747266,2.456751477543707,6.251455490391855,2.639363564391919
2.170999999999872,0.09538106859282018,-2.8983692181548117,7.82267823585821,3.180646195645462,7.6613949259838945,9.891330603279819,2.1988091606352516,1.884721181252071,8.690144391037954,8.809651418250771,-0.9592376744864898,2.8066972877754868,-0.43028468837422457,0.31365858067705543,6.088227035905709,-5.783110092409563,-1.3838248737847327,-1.7392234611519939,0.8284096874893196,6.653416183182104,-2.737756720526392,-3.733533647447107,10.270500452131166,4.999783952131123,2.377737223146764,-3.096417216998291,2.422589650590687,1.8750052591222472,-2.0334384117705833,8.114040269075165,-1.5915849354561409,3.7082607380916057,-1.4705581479851721,11.446590550036799,5.733004139816207,-2.3823873889910177,9.865753922555005,-4.535842284289981,5.504689610773903,-3.9739156496940056,-3.116967388279051,2.310982713817599,6.736084269382832,3.33126565989303,0.38857970789794105,5.112535374097106,-4.272380870711679,-1.4808567659605825,3.5401881338326784,6.611722611562295,5.838467082282783,-6.387404686126758,3.366038647360538,-1.0326301238271371,-1.420152244582757,5.494410441400113,5.43015632977712,9.395404395328105,-2.8159897888768883,3.1295400391742243,4.151194108263766,10.278753443881115,1.888910809821306,5.865123755958064,-0.9598848127320805,-2.041257901145853,7.120481352951138,10.549429938389729,3.0284988719262746,9.080807430054136,5.853868236661495,3.7444813519932567,6.983797690313798,9.70516232606439,3.939592394873881,10.260513279516283,-4.766510062396224,7.601017877613974,5.54124892919913,1.1632309610996932,6.755521058990848,-4.472043317435967,3.4554929850578446,7.279360022060604,9.19269608444913,0.02269602986310723,-2.996745792165168,1.5395288550145558,5.745046488094905,2.0040026028112194,-0.4041846055800065,8.145879990349224,6.5901109273281175,9.30631525473133,2.8061264090842553,4.180404489884291,0.005005039061245679,-2.13376914195664,6.197717389636437,2.4640495133351856,6.253634689872589,2.6367487520723
2.180999999999871,0.09500704934714246,-2.8939519906525364,7.834689449266313,3.179957839969922,7.676425627093789,9.923868130755856,2.196203023488666,1.8821153724609703,8.723805577695977,8.827077043181712,-0.9665502318573075,2.8196254189950896,-0.4374761118825921,0.30642091595353205,6.095143211684911,-5.8192987669548355,-1.4162463000871108,-1.7483922813889317,0.8102299954305134,6.6617780601818914,-2.7538402716889343,-3.7597027911259318,10.301890357857484,4.9973453564692765,2.381164717588403,-3.1228352503746786,2.4137789264480642,1.879300641264326,-2.0543813529711468,8.123631159789955,-1.6015207789066357,3.70450379344362,-1.4805153498818786,11.485713044074856,5.734811125669332,-2.401464677222255,9.884281751144954,-4.558182226941522,5.510943813021878,-4.011032121823718,-3.141454178909138,2.316996868882865,6.752930531330619,3.3367699558647113,0.3883436725980579,5.108590230533202,-4.299874380171145,-1.493176719780595,3.533052288761365,6.634941986434554,5.847416378422034,-6.420588558886135,3.3745972570963163,-1.038254839087581,-1.4316137542409941,5.5087208975248085,5.452853250574922,9.416106928058307,-2.8306972089934614,3.1254327220050824,4.159896307239718,10.300341276771448,1.8814042554122814,5.863487506772667,-0.9799345818643193,-2.063105103279584,7.138808799746908,10.578631669309026,3.0291355998425513,9.102955018359857,5.8631778875103295,3.733655887249037,6.993102532771845,9.737999987741599,3.9409528044395636,10.293883082980448,-4.816828034130135,7.619532858049356,5.545066800911771,1.159327744438257,6.759433204869438,-4.509717765380103,3.4531764776489764,7.288579203838723,9.224330895691848,0.01440755584551617,-3.010838733875148,1.5315706444907473,5.765431460796824,2.012654555352296,-0.4127028793074657,8.15822226935938,6.594129408662962,9.327765084889862,2.7941622775545882,4.175928177300214,-0.0007601936535155983,-2.1609625105713994,6.205716725525607,2.4713475491266643,6.255813889353323,2.634133939752681
2.1909999999998697,0.09456777743077423,-2.8892546711791427,7.846700662674416,3.179269484294382,7.691456328203684,9.956405658231894,2.19359688634208,1.8795095636698695,8.757466764354,8.844502668112652,-0.9738627892281252,2.8325535502146924,-0.44466753539095966,0.29918325123000866,6.102059387464112,-5.855487441500108,-1.448667726389489,-1.7575611016258694,0.7920503033717072,6.670139937181679,-2.7699238228514766,-3.7858719348047565,10.333280263583802,4.99490676080743,2.384592212030042,-3.149253283751066,2.4049682023054415,1.8835960234064049,-2.0753242941717103,8.133222050504745,-1.6114566223571305,3.7007468487956343,-1.490472551778585,11.524835538112914,5.736618111522458,-2.4205419654534923,9.902809579734903,-4.580522169593063,5.517198015269853,-4.048148593953431,-3.1659409695392253,2.3230110239481307,6.769776793278406,3.3422742518363924,0.38810763729817477,5.104645086969298,-4.327367889630612,-1.5054966736006075,3.525916443690052,6.658161361306813,5.856365674561285,-6.453772431645512,3.3831558668320945,-1.0438795543480248,-1.4430752638992312,5.523031353649504,5.475550171372724,9.436809460788508,-2.8454046291100346,3.1213254048359405,4.16859850621567,10.321929109661781,1.8738977010032567,5.861851257587269,-0.999984350996558,-2.0849523054133154,7.157136246542677,10.607833400228323,3.029772327758828,9.125102606665578,5.872487538359164,3.7228304225048174,7.002407375229891,9.770837649418809,3.9423132140052464,10.327252886444613,-4.867146005864046,7.638047838484739,5.548884672624412,1.155424527776821,6.763345350748029,-4.547392213324239,3.450859970240108,7.297798385616843,9.255965706934566,0.006119081827925095,-3.024931675585128,1.5236124339669388,5.785816433498743,2.0213065078933727,-0.42122115303492486,8.170564548369535,6.598147889997806,9.349214915048393,2.782198146024921,4.171451864716138,-0.006525426368276876,-2.188155879186159,6.213716061414778,2.478645584918143,6.257993088834057,2.631519127433062
2.2009999999998686,0.09406627262309025,-2.884284873898719,7.858711876082519,3.178581128618842,7.706487029313579,9.988943185707932,2.1909907491954943,1.8769037548787688,8.791127951012022,8.861928293043592,-0.9811753465989429,2.845481681434295,-0.4518589588993272,0.2919455865064853,6.108975563243313,-5.89167611604538,-1.481089152691867,-1.7667299218628072,0.773870611312901,6.678501814181466,-2.786007374014019,-3.812041078483581,10.36467016931012,4.992468165145583,2.388019706471681,-3.1756713171274535,2.3961574781628188,1.8878914055484837,-2.0962672353722738,8.142812941219535,-1.6213924658076253,3.6969899041476486,-1.5004297536752915,11.563958032150971,5.7384250973755835,-2.4396192536847296,9.921337408324852,-4.602862112244605,5.5234522175178284,-4.085265066083143,-3.1904277601693125,2.3290251790133967,6.786623055226193,3.3477785478080735,0.3878716019982916,5.100699943405394,-4.354861399090078,-1.51781662742062,3.5187805986187386,6.681380736179071,5.8653149707005365,-6.486956304404889,3.3917144765678726,-1.0495042696084687,-1.4545367735574684,5.537341809774199,5.498247092170526,9.45751199351871,-2.8601120492266077,3.1172180876667985,4.177300705191621,10.343516942552114,1.866391146594232,5.860215008401872,-1.0200341201287957,-2.1067995075470467,7.175463693338447,10.63703513114762,3.0304090556751047,9.1472501949713,5.881797189207998,3.712004957760598,7.011712217687938,9.803675311096018,3.943673623570929,10.360622689908778,-4.917463977597957,7.656562818920121,5.552702544337054,1.1515213111153848,6.76725749662662,-4.585066661268375,3.44854346283124,7.307017567394962,9.287600518177284,-0.0021693921896659765,-3.039024617295108,1.5156542234431303,5.806201406200662,2.0299584604344494,-0.429739426762384,8.182906827379691,6.60216637133265,9.370664745206923,2.770234014495254,4.166975552132062,-0.012290659083038148,-2.2153492478009187,6.2217153973039485,2.4859436207096217,6.2601722883147914,2.628904315113443
2.2109999999998675,0.09350557557692478,-2.879050488640443,7.870723089490622,3.177892772943302,7.721517730423474,10.02148071318397,2.1883846120489086,1.874297946087668,8.824789137670045,8.879353917974532,-0.9884879039697606,2.858409812653898,-0.45905038240769475,0.2847079217829619,6.115891739022515,-5.927864790590652,-1.5135105789942451,-1.775898742099745,0.7556909192540948,6.686863691181253,-2.8020909251765613,-3.838210222162406,10.396060075036438,4.990029569483736,2.39144720091332,-3.202089350503841,2.387346754020196,1.8921867876905625,-2.1172101765728373,8.152403831934325,-1.6313283092581201,3.693232959499663,-1.510386955571998,11.603080526189029,5.740232083228709,-2.458696541915967,9.939865236914802,-4.625202054896146,5.5297064197658035,-4.1223815382128555,-3.2149145507993997,2.3350393340786626,6.80346931717398,3.3532828437797546,0.3876355666984085,5.096754799841491,-4.382354908549544,-1.5301365812406325,3.5116447535474253,6.70460011105133,5.874264266839788,-6.520140177164266,3.4002730863036508,-1.0551289848689125,-1.4659982832157055,5.551652265898895,5.520944012968329,9.47821452624891,-2.8748194693431808,3.1131107704976566,4.186002904167573,10.365104775442447,1.8588845921852073,5.858578759216475,-1.0400838892610333,-2.128646709680778,7.193791140134216,10.666236862066917,3.0310457835913813,9.16939778327702,5.891106840056833,3.701179493016378,7.021017060145985,9.836512972773228,3.945034033136612,10.393992493372943,-4.967781949331868,7.6750777993555035,5.556520416049695,1.1476180944539487,6.77116964250521,-4.622741109212511,3.4462269554223717,7.316236749173082,9.319235329420001,-0.01045786620725705,-3.053117559005088,1.5076960129193218,5.826586378902581,2.038610412975526,-0.4382577004898432,8.195249106389847,6.606184852667495,9.392114575365454,2.758269882965587,4.162499239547985,-0.018055891797799425,-2.2425426164156783,6.229714733193119,2.4932416565011004,6.2623514877955255,2.626289502793824
2.2209999999998664,0.09288873794758097,-2.8735597944271216,7.882734302898725,3.1772044172677623,7.736548431533369,10.054018240660007,2.185778474902323,1.8716921372965674,8.858450324328068,8.896779542905472,-0.9958004613405783,2.8713379438735007,-0.4662418059160623,0.2774702570594385,6.122807914801716,-5.964053465135924,-1.5459320052966232,-1.7850675623366827,0.7375112271952886,6.695225568181041,-2.8181744763391037,-3.8643793658412307,10.427449980762756,4.98759097382189,2.394874695354959,-3.2285073838802285,2.3785360298775733,1.8964821698326413,-2.138153117773401,8.161994722649116,-1.641264152708615,3.689476014851677,-1.5203441574687044,11.642203020227086,5.742039069081835,-2.4777738301472043,9.958393065504751,-4.6475419975476875,5.5359606220137785,-4.159498010342568,-3.239401341429487,2.3410534891439285,6.820315579121767,3.3587871397514357,0.38739953139852534,5.092809656277587,-4.409848418009011,-1.542456535060645,3.504508908476112,6.727819485923589,5.883213562979039,-6.553324049923643,3.408831696039429,-1.0607537001293563,-1.4774597928739426,5.56596272202359,5.543640933766131,9.498917058979112,-2.889526889459754,3.1090034533285147,4.194705103143525,10.38669260833278,1.8513780377761826,5.856942510031078,-1.060133658393271,-2.150493911814509,7.212118586929986,10.695438592986214,3.031682511507658,9.191545371582741,5.900416490905667,3.6903540282721585,7.030321902604031,9.869350634450438,3.9463944427022946,10.427362296837108,-5.018099921065779,7.693592779790886,5.560338287762336,1.1437148777925126,6.775081788383801,-4.660415557156647,3.4439104480135034,7.325455930951201,9.35087014066272,-0.01874634022484812,-3.067210500715068,1.4997378023955132,5.8469713516045,2.0472623655166027,-0.44677597421730236,8.207591385400002,6.610203334002339,9.413564405523985,2.74630575143592,4.158022926963909,-0.02382112451256071,-2.269735985030438,6.23771406908229,2.500539692292579,6.26453068727626,2.6236746904742048
2.2309999999998653,0.09221881245371953,-2.8678215718878084,7.894745516306828,3.1765160615922223,7.751579132643264,10.086555768136044,2.183172337755737,1.8690863285054666,8.89211151098609,8.914205167836412,-1.003113018711396,2.8842660750931035,-0.47343322942442984,0.2702325923359151,6.129724090580917,-6.0002421396811965,-1.5783534315990013,-1.7942363825736205,0.7193315351364824,6.703587445180828,-2.834258027501646,-3.8905485095200554,10.458839886489073,4.985152378160043,2.398302189796598,-3.254925417256616,2.3697253057349505,1.90077755197472,-2.1590960589739643,8.171585613363906,-1.6511999961591097,3.6857190702036915,-1.530301359365411,11.681325514265144,5.74384605493496,-2.4968511183784416,9.9769208940947,-4.669881940199229,5.5422148242617535,-4.19661448247228,-3.263888132059574,2.3470676442091944,6.8371618410695545,3.364291435723117,0.3871634960986422,5.088864512713683,-4.437341927468477,-1.5547764888806574,3.497373063404799,6.751038860795847,5.89216285911829,-6.58650792268302,3.417390305775207,-1.0663784153898002,-1.4889213025321797,5.5802731781482855,5.566337854563933,9.519619591709313,-2.904234309576327,3.1048961361593728,4.203407302119476,10.408280441223113,1.843871483367158,5.855306260845681,-1.0801834275255087,-2.1723411139482405,7.230446033725755,10.724640323905511,3.0323192394239347,9.213692959888462,5.9097261417545015,3.679528563527939,7.039626745062078,9.902188296127648,3.9477548522679773,10.460732100301273,-5.0684178927996895,7.712107760226268,5.564156159474978,1.1398116611310765,6.778993934262392,-4.698090005100783,3.441593940604635,7.334675112729321,9.382504951905437,-0.027034814242439177,-3.081303442425048,1.4917795918717047,5.867356324306419,2.0559143180576793,-0.45529424794476153,8.219933664410158,6.614221815337183,9.435014235682516,2.734341619906253,4.153546614379833,-0.029586357227322,-2.2969293536451976,6.24571340497146,2.507837728084058,6.266709886756994,2.6210598781545857
2.240999999999864,0.09149884289565609,-2.861845215038917,7.906756729714931,3.1758277059166824,7.766609833753159,10.119093295612082,2.1805662006091513,1.866480519714366,8.925772697644113,8.931630792767352,-1.0104255760822136,2.8971942063127063,-0.4806246529327974,0.26299492761239174,6.136640266360119,-6.036430814226469,-1.6107748579013794,-1.8034052028105583,0.7011518430776762,6.711949322180615,-2.8503415786641884,-3.91671765319888,10.490229792215391,4.982713782498196,2.401729684238237,-3.2813434506330035,2.360914581592328,1.905072934116799,-2.180039000174528,8.181176504078696,-1.6611358396096045,3.681962125555706,-1.5402585612621174,11.720448008303201,5.745653040788086,-2.515928406609679,9.99544872268465,-4.69222188285077,5.5484690265097285,-4.233730954601993,-3.2883749226896613,2.3530817992744604,6.854008103017342,3.369795731694798,0.38692746079875906,5.084919369149779,-4.4648354369279435,-1.56709644270067,3.4902372183334855,6.774258235668106,5.901112155257541,-6.619691795442397,3.4259489155109852,-1.072003130650244,-1.5003828121904168,5.594583634272981,5.5890347753617355,9.540322124439514,-2.9189417296929,3.100788818990231,4.212109501095428,10.429868274113446,1.8363649289581332,5.853670011660284,-1.1002331966577463,-2.1941883160819717,7.248773480521525,10.753842054824808,3.0329559673402113,9.235840548194183,5.919035792603336,3.6687030987837193,7.048931587520125,9.935025957804857,3.94911526183366,10.494101903765438,-5.1187358645336,7.730622740661651,5.567974031187619,1.1359084444696403,6.782906080140982,-4.7357644530449186,3.439277433195767,7.34389429450744,9.414139763148155,-0.035323288260030235,-3.095396384135028,1.4838213813478962,5.887741297008338,2.064566270598756,-0.4638125216722207,8.232275943420314,6.6182402966720275,9.456464065841047,2.722377488376586,4.149070301795756,-0.03535158994208328,-2.324122722259957,6.253712740860631,2.5151357638755365,6.268889086237728,2.6184450658349667
2.250999999999863,0.09073185416257554,-2.855640842783899,7.918767943123034,3.1751393502411425,7.781640534863054,10.15163082308812,2.1779600634625655,1.8638747109232652,8.959433884302136,8.949056417698293,-1.0177381334530313,2.910122337532309,-0.4878160764411649,0.25575726288886835,6.14355644213932,-6.072619488771741,-1.6431962842037575,-1.812574023047496,0.68297215101887,6.7203111991804025,-2.8664251298267307,-3.942886796877705,10.52161969794171,4.98027518683635,2.405157178679876,-3.307761484009391,2.352103857449705,1.9093683162588777,-2.2009819413750913,8.190767394793486,-1.6710716830600993,3.67820518090772,-1.5502157631588238,11.759570502341258,5.747460026641211,-2.5350056948409163,10.013976551274599,-4.714561825502312,5.5547232287577035,-4.270847426731705,-3.3128617133197484,2.3590959543397263,6.870854364965129,3.375300027666479,0.3866914254988759,5.080974225585876,-4.49232894638741,-1.5794163965206824,3.4831013732621723,6.797477610540365,5.910061451396793,-6.652875668201774,3.4345075252467634,-1.0776278459106878,-1.511844321848654,5.608894090397676,5.611731696159538,9.561024657169716,-2.9336491498094732,3.096681501821089,4.22081170007138,10.451456107003779,1.8288583745491085,5.852033762474886,-1.120282965789984,-2.216035518215703,7.267100927317294,10.783043785744105,3.033592695256488,9.257988136499904,5.92834544345217,3.6578776340394996,7.058236429978171,9.967863619482067,3.9504756713993427,10.527471707229603,-5.169053836267511,7.749137721097033,5.5717919029002605,1.1320052278082042,6.786818226019573,-4.7734389009890545,3.4369609257868987,7.35311347628556,9.445774574390873,-0.04361176227762129,-3.109489325845008,1.4758631708240877,5.908126269710257,2.0732182231398326,-0.47233079539967987,8.24461822243047,6.622258778006872,9.477913895999578,2.710413356846919,4.14459398921168,-0.04111682265684457,-2.351316090874717,6.261712076749801,2.522433799667015,6.271068285718462,2.6158302535153477
2.260999999999862,0.08992084226638927,-2.84921941035875,7.930779156531137,3.1744509945656025,7.796671235972949,10.184168350564157,2.17535392631598,1.8612689021321644,8.993095070960159,8.966482042629233,-1.025050690823849,2.923050468751912,-0.49500749994953247,0.24851959816534497,6.150472617918521,-6.108808163317013,-1.6756177105061356,-1.8217428432844338,0.6647924589600638,6.72867307618019,-2.882508680989273,-3.9690559405565295,10.553009603668027,4.977836591174503,2.4085846731215153,-3.3341795173857784,2.3432931333070823,1.9136636984009565,-2.221924882575655,8.200358285508276,-1.6810075265105942,3.6744482362597344,-1.5601729650555303,11.798692996379316,5.749267012494337,-2.5540829830721536,10.032504379864548,-4.736901768153853,5.5609774310056785,-4.307963898861417,-3.3373485039498356,2.3651101094049922,6.887700626912916,3.38080432363816,0.3864553901989928,5.077029082021972,-4.519822455846876,-1.591736350340695,3.475965528190859,6.820696985412623,5.919010747536044,-6.686059540961151,3.4430661349825415,-1.0832525611711317,-1.523305831506891,5.623204546522372,5.63442861695734,9.581727189899917,-2.9483565699260463,3.092574184651947,4.2295138990473315,10.473043939894112,1.8213518201400838,5.850397513289489,-1.1403327349222216,-2.2378827203494343,7.285428374113064,10.812245516663403,3.0342294231727647,9.280135724805625,5.937655094301005,3.64705216929528,7.067541272436218,10.000701281159277,3.9518360809650255,10.560841510693768,-5.219371808001422,7.767652701532415,5.575609774612902,1.1281020111467681,6.790730371898164,-4.8111133489331905,3.4346444183780305,7.362332658063679,9.47740938563359,-0.05190023629521235,-3.123582267554988,1.4679049603002792,5.928511242412176,2.0818701756809093,-0.48084906912713904,8.256960501440625,6.626277259341716,9.499363726158109,2.698449225317252,4.140117676627604,-0.046882055371605856,-2.3785094594894765,6.269711412638972,2.529731835458494,6.273247485199196,2.6132154411957287
2.270999999999861,0.08906876444642678,-2.842592820838497,7.94279036993924,3.1737626388900626,7.8117019370828435,10.216705878040194,2.172747789169394,1.8586630933410637,9.026756257618182,8.983907667560173,-1.0323632481946667,2.9359785999715147,-0.5021989234578998,0.24128193344182158,6.157388793697723,-6.144996837862285,-1.7080391368085137,-1.8309116635213716,0.6466127669012576,6.737034953179977,-2.8985922321518154,-3.9952250842353543,10.584399509394345,4.975397995512656,2.4120121675631543,-3.360597550762166,2.3344824091644596,1.9179590805430353,-2.2428678237762183,8.209949176223066,-1.690943369961089,3.6706912916117487,-1.5701301669522367,11.837815490417373,5.751073998347462,-2.573160271303391,10.051032208454497,-4.759241710805394,5.5672316332536536,-4.34508037099113,-3.361835294579923,2.371124264470258,6.904546888860703,3.3863086196098413,0.38621935489910963,5.073083938458068,-4.547315965306343,-1.6040563041607074,3.4688296831195458,6.843916360284882,5.927960043675295,-6.719243413720528,3.4516247447183197,-1.0888772764315755,-1.5347673411651281,5.637515002647067,5.657125537755142,9.602429722630118,-2.9630639900426194,3.088466867482805,4.238216098023283,10.494631772784444,1.813845265731059,5.848761264104092,-1.1603825040544593,-2.2597299224831655,7.303755820908833,10.8414472475827,3.0348661510890413,9.302283313111346,5.946964745149839,3.6362267045510603,7.0768461148942645,10.033538942836486,3.953196490530708,10.594211314157933,-5.269689779735333,7.786167681967798,5.579427646325543,1.124198794485332,6.794642517776754,-4.8487877968773265,3.4323279109691622,7.371551839841799,9.509044196876308,-0.06018871031280341,-3.137675209264968,1.4599467497764707,5.948896215114095,2.090522128221986,-0.4893673428545982,8.269302780450781,6.63029574067656,9.52081355631664,2.686485093787585,4.1356413640435274,-0.05264728808636714,-2.405702828104236,6.2777107485281425,2.5370298712499726,6.27542668467993,2.6106006288761097
2.28099999999986,0.08817852939585887,-2.835774036718483,7.954801583347343,3.1730742832145227,7.8267326381927385,10.249243405516232,2.1701416520228083,1.856057284549963,9.060417444276204,9.001333292491113,-1.0396758055654844,2.9489067311911175,-0.5093903469662668,0.2340442687182982,6.164304969476924,-6.181185512407557,-1.7404605631108918,-1.8400804837583093,0.6284330748424514,6.745396830179764,-2.9146757833143577,-4.021394227914179,10.615789415120663,4.97295939985081,2.4154396620047933,-3.3870155841385534,2.325671685021837,1.9222544626851141,-2.263810764976782,8.219540066937856,-1.7008792134115838,3.666934346963763,-1.5800873688489432,11.87693798445543,5.752880984200588,-2.5922375595346283,10.069560037044447,-4.781581653456936,5.573485835501629,-4.382196843120842,-3.38632208521001,2.377138419535524,6.92139315080849,3.3918129155815224,0.3859833195992265,5.069138794894164,-4.574809474765809,-1.61637625798072,3.4616938380482325,6.867135735157141,5.936909339814546,-6.752427286479905,3.460183354454098,-1.0945019916920193,-1.5462288508233653,5.6518254587717625,5.679822458552945,9.62313225536032,-2.9777714101591926,3.084359550313663,4.246918296999235,10.516219605674777,1.8063387113220344,5.847125014918695,-1.180432273186697,-2.2815771246168968,7.322083267704603,10.870648978501997,3.035502879005318,9.324430901417067,5.9562743959986735,3.6254012398068407,7.086150957352311,10.066376604513696,3.954556900096391,10.627581117622098,-5.320007751469244,7.80468266240318,5.583245518038185,1.1202955778238959,6.798554663655345,-4.8864622448214625,3.430011403560294,7.3807710216199185,9.540679008119026,-0.06847718433039447,-3.151768150974948,1.4519885392526621,5.969281187816014,2.0991740807630626,-0.4978856165820574,8.281645059460937,6.634314222011405,9.54226338647517,2.674520962257918,4.131165051459451,-0.05841252080112843,-2.4328961967189957,6.285710084417313,2.5443279070414513,6.277605884160664,2.6079858165564906
2.2909999999998587,0.08725298766765015,-2.8287771914943254,7.966812796755446,3.1723859275389827,7.841763339302633,10.28178093299227,2.1675355148762225,1.8534514757588623,9.094078630934227,9.018758917422053,-1.0469883629363022,2.9618348624107202,-0.5165817704746338,0.2268066039947748,6.171221145256125,-6.21737418695283,-1.77288198941327,-1.8492493039952471,0.6102533827836452,6.753758707179552,-2.9307593344769,-4.047563371593004,10.64717932084698,4.970520804188963,2.4188671564464324,-3.413433617514941,2.316860960879214,1.926549844827193,-2.2847537061773453,8.229130957652647,-1.7108150568620786,3.6631774023157773,-1.5900445707456496,11.916060478493488,5.7546879700537135,-2.6113148477658656,10.088087865634396,-4.803921596108477,5.579740037749604,-4.419313315250554,-3.410808875840097,2.38315257460079,6.938239412756277,3.3973172115532035,0.38574728429934335,5.065193651330261,-4.602302984225275,-1.6286962118007324,3.4545579929769192,6.890355110029399,5.9458586359537975,-6.785611159239282,3.468741964189876,-1.1001267069524632,-1.5576903604816024,5.666135914896458,5.702519379350747,9.64383478809052,-2.9924788302757657,3.0802522331445212,4.255620495975187,10.53780743856511,1.7988321569130097,5.845488765733298,-1.2004820423189346,-2.303424326750628,7.340410714500372,10.899850709421294,3.0361396069215947,9.346578489722788,5.965584046847508,3.614575775062621,7.095455799810358,10.099214266190906,3.9559173096620737,10.660950921086263,-5.3703257232031545,7.823197642838562,5.587063389750826,1.1163923611624598,6.802466809533936,-4.9241366927655985,3.4276948961514258,7.389990203398038,9.572313819361744,-0.07676565834798553,-3.1658610926849278,1.4440303287288536,5.989666160517933,2.107826033304139,-0.5064038903095165,8.293987338471092,6.638332703346249,9.563713216633701,2.662556830728251,4.126688738875375,-0.06417775351588971,-2.4600895653337553,6.293709420306484,2.55162594283293,6.279785083641398,2.6053710042368716
2.3009999999998576,0.08629492232489086,-2.8216177010873293,7.978824010163549,3.171697571863443,7.856794040412528,10.314318460468307,2.164929377729637,1.8508456669677615,9.12773981759225,9.036184542352993,-1.0543009203071199,2.974762993630323,-0.5237731939830008,0.21956893927125143,6.178137321035327,-6.253562861498102,-1.805303415715648,-1.8584181242321849,0.592073690724839,6.762120584179339,-2.9468428856394424,-4.0737325152718284,10.678569226573298,4.968082208527116,2.4222946508880714,-3.4398516508913284,2.3080502367365914,1.9308452269692717,-2.305696647377909,8.238721848367437,-1.7207509003125734,3.6594204576677916,-1.600001772642356,11.955182972531546,5.756494955906839,-2.630392135997103,10.106615694224345,-4.8262615387600185,5.585994239997579,-4.456429787380267,-3.4352956664701844,2.389166729666056,6.955085674704065,3.4028215075248847,0.3855112489994602,5.061248507766357,-4.629796493684742,-1.641016165620745,3.447422147905606,6.913574484901658,5.954807932093049,-6.8187950319986586,3.477300573925654,-1.105751422212907,-1.5691518701398395,5.680446371021153,5.725216300148549,9.664537320820722,-3.0071862503923388,3.0761449159753793,4.264322694951138,10.559395271455443,1.791325602503985,5.8438525165479005,-1.2205318114511723,-2.3252715288843593,7.3587381612961416,10.929052440340591,3.0367763348378713,9.368726078028509,5.974893697696342,3.6037503103184014,7.104760642268404,10.132051927868115,3.9572777192277564,10.694320724550428,-5.420643694937065,7.841712623273945,5.590881261463467,1.1124891445010237,6.8063789554125265,-4.9618111407097345,3.4253783887425575,7.399209385176158,9.603948630604462,-0.08505413236557659,-3.1799540343949078,1.436072118205045,6.010051133219852,2.116477985845216,-0.5149221640369757,8.306329617481248,6.642351184681093,9.585163046792232,2.650592699198584,4.1222124262912985,-0.069942986230651,-2.487282933948515,6.301708756195654,2.5589239786244087,6.281964283122132,2.6027561919172526
2.3109999999998565,0.08530703990747093,-2.814312374899824,7.9908352235716515,3.171009216187903,7.871824741522423,10.346855987944345,2.162323240583051,1.8482398581766608,9.161401004250273,9.053610167283933,-1.0616134776779376,2.987691124849926,-0.5309646174913678,0.21233127454772804,6.185053496814528,-6.289751536043374,-1.837724842018026,-1.8675869444691227,0.5738939986660327,6.770482461179126,-2.9629264368019848,-4.099901658950653,10.709959132299616,4.96564361286527,2.4257221453297104,-3.466269684267716,2.2992395125939686,1.9351406091113506,-2.3266395885784723,8.248312739082227,-1.7306867437630682,3.655663513019806,-1.6099589745390626,11.994305466569603,5.758301941759965,-2.6494694242283403,10.125143522814295,-4.84860148141156,5.592248442245554,-4.493546259509979,-3.4597824571002715,2.395180884731322,6.971931936651852,3.4083258034965658,0.38527521369957707,5.057303364202453,-4.657290003144208,-1.6533361194407574,3.4402863028342927,6.936793859773917,5.9637572282323,-6.8519789047580355,3.4858591836614323,-1.1113761374733508,-1.5806133797980766,5.694756827145849,5.7479132209463515,9.685239853550923,-3.021893670508912,3.0720375988062374,4.27302489392709,10.580983104345776,1.7838190480949603,5.842216267362503,-1.24058158058341,-2.3471187310180905,7.377065608091911,10.958254171259888,3.037413062754148,9.39087366633423,5.984203348545177,3.592924845574182,7.114065484726451,10.164889589545325,3.958638128793439,10.727690528014593,-5.470961666670976,7.860227603709327,5.594699133176109,1.1085859278395875,6.810291101291117,-4.9994855886538705,3.4230618813336893,7.408428566954277,9.63558344184718,-0.09334260638316765,-3.1940469761048877,1.4281139076812366,6.030436105921771,2.1251299383862925,-0.5234404377644348,8.318671896491404,6.6463696660159375,9.606612876950763,2.638628567668917,4.117736113707222,-0.07570821894541228,-2.5144763025632746,6.309708092084825,2.5662220144158874,6.284143482602866,2.6001413795976336
2.3209999999998554,0.08429196179414042,-2.80687952623973,8.002846436979757,3.170320860512363,7.886855442632318,10.379393515420382,2.1597171034364653,1.84563404938556,9.195062190908295,9.071035792214873,-1.0689260350487553,3.0006192560695286,-0.5381560409997348,0.20509360982420466,6.191969672593729,-6.325940210588646,-1.8701462683204042,-1.8767557647060604,0.5557143066072265,6.778844338178914,-2.979009987964527,-4.126070802629478,10.741349038025934,4.963205017203423,2.4291496397713495,-3.4926877176441034,2.290428788451346,1.9394359912534294,-2.347582529779036,8.257903629797017,-1.740622587213563,3.65190656837182,-1.619916176435769,12.03342796060766,5.76010892761309,-2.6685467124595776,10.143671351404244,-4.870941424063101,5.598502644493529,-4.5306627316396915,-3.4842692477303587,2.4011950397965878,6.988778198599639,3.413830099468247,0.3850391783996939,5.0533582206385494,-4.6847835126036745,-1.66565607326077,3.4331504577629794,6.960013234646175,5.972706524371551,-6.8851627775174125,3.4944177933972105,-1.1170008527337947,-1.5920748894563137,5.709067283270544,5.770610141744154,9.705942386281125,-3.036601090625485,3.0679302816370955,4.281727092903042,10.60257093723611,1.7763124936859356,5.840580018177106,-1.2606313497156476,-2.368965933151822,7.3953930548876805,10.987455902179185,3.0380497906704247,9.41302125463995,5.993512999394011,3.582099380829962,7.123370327184498,10.197727251222535,3.959998538359122,10.761060331478758,-5.521279638404887,7.878742584144709,5.59851700488875,1.1046827111781514,6.814203247169708,-5.0371600365980065,3.420745373924821,7.417647748732397,9.667218253089898,-0.1016310804007587,-3.2081399178148677,1.420155697157428,6.05082107862369,2.133781890927369,-0.531958711491894,8.33101417550156,6.650388147350782,9.628062707109294,2.62666443613925,4.113259801123146,-0.08147345166017357,-2.541669671178034,6.317707427973995,2.573520050207366,6.2863226820836005,2.5975265672780146
2.3309999999998543,0.08325221604592431,-2.799339081828539,8.014857650387869,3.169632504836823,7.901886143742213,10.41193104289642,2.1571109662898795,1.8430282405944594,9.228723377566318,9.088461417145814,-1.076238592419573,3.0135473872891314,-0.5453474645081018,0.19785594510068127,6.198885848372931,-6.362128885133918,-1.9025676946227823,-1.8859245849429982,0.5375346145484203,6.787206215178701,-2.9950935391270694,-4.152239946308303,10.772738943752252,4.960766421541576,2.4325771342129885,-3.519105751020491,2.281618064308723,1.9437313733955082,-2.3685254709795993,8.267494520511807,-1.7505584306640578,3.6481496237238344,-1.6298733783324755,12.072550454645718,5.761915913466216,-2.687624000690815,10.162199179994193,-4.893281366714643,5.604756846741504,-4.567779203769404,-3.508756038360446,2.4072091948618537,7.005624460547426,3.419334395439928,0.3848031430998108,5.049413077074646,-4.712277022063141,-1.6779760270807824,3.426014612691666,6.983232609518434,5.981655820510802,-6.918346650276789,3.5029764031329886,-1.1226255679942385,-1.6035363991145508,5.723377739395239,5.793307062541956,9.726644919011326,-3.051308510742058,3.0638229644679535,4.2904292918789935,10.624158770126442,1.7688059392769109,5.838943768991709,-1.2806811188478853,-2.390813135285553,7.41372050168345,11.016657633098482,3.0386865185867014,9.435168842945671,6.0028226502428454,3.5712739160857425,7.132675169642544,10.230564912899744,3.9613589479248046,10.794430134942923,-5.571597610138798,7.897257564580092,5.602334876601391,1.1007794945167153,6.8181153930482985,-5.0748344845421425,3.418428866515953,7.426866930510516,9.698853064332615,-0.10991955441834976,-3.2222328595248477,1.4121974866336195,6.071206051325609,2.142433843468446,-0.5404769852193532,8.343356454511715,6.654406628685626,9.649512537267825,2.614700304609583,4.1087834885390695,-0.08723868437493486,-2.568863039792794,6.325706763863166,2.5808180859988448,6.2885018815643345,2.5949117549583955
2.340999999999853,0.08219022982349201,-2.791712690104783,8.02686886379598,3.168944149161283,7.916916844852108,10.444468570372457,2.1545048291432938,1.8404224318033586,9.262384564224341,9.105887042076754,-1.0835511497903907,3.026475518508734,-0.5525388880164688,0.1906182803771579,6.205802024152132,-6.398317559679191,-1.9349891209251604,-1.895093405179936,0.5193549224896141,6.795568092178488,-3.011177090289612,-4.178409089987127,10.80412884947857,4.95832782587973,2.4360046286546275,-3.5455237843968783,2.2728073401661004,1.948026755537587,-2.389468412180163,8.277085411226597,-1.7604942741145526,3.6443926790758487,-1.639830580229182,12.111672948683776,5.763722899319341,-2.7067012889220523,10.180727008584142,-4.915621309366184,5.611011048989479,-4.604895675899116,-3.533242828990533,2.4132233499271196,7.022470722495213,3.424838691411609,0.38456710779992764,5.045467933510742,-4.739770531522607,-1.690295980900795,3.418878767620353,7.006451984390693,5.990605116650054,-6.951530523036166,3.511535012868767,-1.1282502832546824,-1.614997908772788,5.737688195519935,5.816003983339758,9.747347451741527,-3.0660159308586312,3.0597156472988116,4.299131490854945,10.645746603016775,1.7612993848678862,5.837307519806312,-1.300730887980123,-2.4126603374192843,7.4320479484792195,11.04585936401778,3.039323246502978,9.457316431251392,6.01213230109168,3.560448451341523,7.141980012100591,10.263402574576954,3.9627193574904873,10.827799938407088,-5.621915581872709,7.915772545015474,5.606152748314033,1.0968762778552792,6.822027538926889,-5.1125089324862785,3.4161123591070846,7.436086112288636,9.730487875575333,-0.11820802843594082,-3.2363258012348277,1.404239276109811,6.091591024027528,2.1510857960095224,-0.5489952589468123,8.355698733521871,6.65842511002047,9.670962367426355,2.602736173079916,4.104307175954993,-0.09300391708969614,-2.5960564084075535,6.3337060997523364,2.5881161217903235,6.290681081045069,2.5922969426387765
2.350999999999852,0.08110832247726744,-2.7840238280589604,8.038880077204093,3.168255793485743,7.931947545962003,10.477006097848495,2.151898691996708,1.837816623012258,9.296045750882364,9.123312667007694,-1.0908637071612084,3.039403649728337,-0.5597303115248358,0.1833806156536345,6.2127181999313335,-6.434506234224463,-1.9674105472275385,-1.9042622254168737,0.5011752304308079,6.8039299691782755,-3.027260641452154,-4.204578233665952,10.835518755204887,4.955889230217883,2.4394321230962666,-3.571941817773266,2.2639966160234777,1.9523221376796658,-2.4104113533807263,8.286676301941387,-1.7704301175650474,3.640635734427863,-1.6497877821258884,12.150795442721833,5.765529885172467,-2.7257785771532896,10.199254837174092,-4.937961252017725,5.617265251237454,-4.6420121480288286,-3.5577296196206203,2.4192375049923855,7.039316984443,3.4303429873832902,0.3843310725000445,5.041522789946838,-4.767264040982074,-1.7026159347208074,3.4117429225490397,7.029671359262951,5.999554412789305,-6.984714395795543,3.520093622604545,-1.1338749985151262,-1.626459418431025,5.75199865164463,5.838700904137561,9.768049984471729,-3.0807233509752043,3.0556083301296697,4.307833689830897,10.667334435907108,1.7537928304588615,5.835671270620915,-1.3207806571123606,-2.4345075395530156,7.450375395274989,11.075061094937077,3.0399599744192547,9.479464019557113,6.021441951940514,3.5496229865973032,7.151284854558638,10.296240236254164,3.96407976705617,10.861169741871253,-5.6722335536066195,7.9342875254508565,5.609970620026674,1.092973061193843,6.82593968480548,-5.1501833804304145,3.4137958516982163,7.445305294066755,9.762122686818051,-0.1264965024535319,-3.2504187429448077,1.3962810655860025,6.111975996729447,2.159737748550599,-0.5575135326742715,8.368041012532027,6.662443591355315,9.692412197584886,2.590772041550249,4.099830863370917,-0.09876914980445743,-2.623249777022313,6.341705435641507,2.595414157581802,6.292860280525803,2.5896821303191575
2.360999999999851,0.08000869941464733,-2.776297906388762,8.050891290612205,3.1675674378102032,7.946978247071898,10.509543625324532,2.1492925548501223,1.8352108142211572,9.329706937540386,9.140738291938634,-1.098176264532026,3.0523317809479398,-0.5669217350332028,0.17614295093011112,6.219634375710535,-6.470694908769735,-1.9998319735299166,-1.9134310456538115,0.48299553837200115,6.812291846178063,-3.0433441926146965,-4.230747377344777,10.866908660931205,4.953450634556036,2.4428596175379056,-3.5983598511496533,2.255185891880855,1.9566175198217446,-2.43135429458129,8.296267192656178,-1.7803659610155422,3.6368787897798773,-1.6597449840225948,12.18991793675989,5.767336871025592,-2.744855865384527,10.217782665764041,-4.960301194669267,5.623519453485429,-4.679128620158541,-3.5822164102507075,2.4252516600576515,7.0561632463907875,3.4358472833549714,0.38409503720016136,5.0375776463829345,-4.79475755044154,-1.71493588854082,3.4046070774777264,7.05289073413521,6.008503708928556,-7.01789826855492,3.528652232340323,-1.13949971377557,-1.6379209280892622,5.766309107769326,5.861397824935363,9.78875251720193,-3.0954307710917774,3.051501012960528,4.316535888806849,10.688922268797441,1.7462862760498368,5.834035021435517,-1.3408304262445983,-2.456354741686747,7.468702842070758,11.104262825856374,3.0405967023355314,9.501611607862834,6.030751602789349,3.5387975218530836,7.160589697016684,10.329077897931374,3.9654401766218528,10.894539545335418,-5.72255152534053,7.952802505886239,5.6137884917393155,1.089069844532407,6.8298518306840705,-5.1878578283745505,3.411479344289348,7.454524475844875,9.793757498060769,-0.13478497647112309,-3.2645116846547877,1.388322855062194,6.132360969431366,2.1683897010916757,-0.5660318064017307,8.380383291542183,6.666462072690159,9.713862027743417,2.578807910020582,4.0953545507868405,-0.10453438251921872,-2.6504431456370727,6.349704771530678,2.602712193373281,6.295039480006537,2.5870673179995385
2.37099999999985,0.07889344685351683,-2.7685623728475854,8.062902504020316,3.1668790821346633,7.962008948181793,10.54208115280057,2.1466864177035365,1.8326050054300564,9.36336812419841,9.158163916869574,-1.1054888219028438,3.0652599121675426,-0.5741131585415697,0.16890528620658773,6.226550551489736,-6.506883583315007,-2.032253399832297,-1.9225998658907493,0.4648158463131944,6.82065372317785,-3.059427743777239,-4.2569165210236015,10.898298566657523,4.95101203889419,2.4462871119795446,-3.6247778845260408,2.246375167738232,1.9609129019638234,-2.4522972357818533,8.305858083370968,-1.790301804466037,3.6331218451318916,-1.6697021859193013,12.229040430797948,5.769143856878718,-2.7639331536157643,10.23631049435399,-4.982641137320808,5.629773655733404,-4.716245092288253,-3.6067032008807947,2.4312658151229174,7.073009508338575,3.4413515793266525,0.3838590019002782,5.033632502819031,-4.822251059901006,-1.7272558423608324,3.397471232406413,7.076110109007469,6.017453005067807,-7.051082141314297,3.5372108420761013,-1.1451244290360139,-1.6493824377474993,5.780619563894021,5.884094745733165,9.809455049932131,-3.1101381912083506,3.047393695791386,4.3252380877828,10.710510101687774,1.738779721640812,5.83239877225012,-1.360880195376836,-2.478201943820478,7.487030288866528,11.133464556775671,3.041233430251808,9.523759196168555,6.040061253638183,3.527972057108864,7.169894539474731,10.361915559608583,3.9668005861875355,10.927909348799583,-5.772869497074441,7.971317486321621,5.617606363451957,1.0851666278709708,6.833763976562661,-5.225532276318686,3.40916283688048,7.463743657622994,9.825392309303487,-0.14307345048871428,-3.2786046263647677,1.3803646445383855,6.152745942133285,2.1770416536327524,-0.5745500801291898,8.392725570552338,6.670480554025003,9.735311857901948,2.566843778490915,4.090878238202764,-0.11029961523398,-2.6776365142518324,6.357704107419848,2.6100102291647596,6.297218679487271,2.5844525056799195
2.380999999999849,0.07776452757515198,-2.7608468137764737,8.074913717428428,3.1661907264591234,7.9770396492916875,10.574618680276608,2.1440802805569508,1.8299991966389557,9.397029310856432,9.175589541800514,-1.1128013792736615,3.0781880433871454,-0.5813045820499367,0.16166762148306435,6.2334667272689375,-6.543072257860279,-2.0646748261346772,-1.931768686127687,0.44663615425438763,6.829015600177637,-3.075511294939781,-4.283085664702426,10.929688472383841,4.948573443232343,2.4497146064211837,-3.6511959179024283,2.2375644435956095,1.9652082841059022,-2.473240176982417,8.315448974085758,-1.8002376479165318,3.629364900483906,-1.6796593878160078,12.268162924836005,5.7709508427318434,-2.7830104418470016,10.25483832294394,-5.0049810799723495,5.636027857981379,-4.753361564417966,-3.631189991510882,2.4372799701881833,7.089855770286362,3.4468558752983336,0.3836229666003951,5.029687359255127,-4.849744569360473,-1.739575796180845,3.3903353873351,7.099329483879727,6.026402301207058,-7.084266014073674,3.5457694518118794,-1.1507491442964577,-1.6608439474057364,5.794930020018716,5.906791666530967,9.830157582662332,-3.1248456113249237,3.043286378622244,4.333940286758752,10.732097934578107,1.7312731672317874,5.830762523064723,-1.3809299645090736,-2.5000491459542094,7.505357735662297,11.162666287694968,3.0418701581680847,9.545906784474276,6.049370904487017,3.5171465923646443,7.1791993819327775,10.394753221285793,3.9681609957532182,10.961279152263748,-5.823187468808352,7.9898324667570035,5.621424235164598,1.0812634112095347,6.837676122441252,-5.263206724262822,3.4068463294716116,7.472962839401114,9.857027120546205,-0.15136192450630548,-3.2926975680747477,1.372406434014577,6.173130914835204,2.185693606173829,-0.583068353856649,8.405067849562494,6.6744990353598475,9.756761688060479,2.554879646961248,4.086401925618688,-0.11606484794874129,-2.704829882866592,6.365703443309019,2.6173082649562383,6.299397878968005,2.5818376933603004
2.3909999999998477,0.07662377779245934,-2.7531830539603277,8.08692493083654,3.1655023707835834,7.992070350401582,10.607156207752645,2.141474143410365,1.827393387847855,9.430690497514455,9.193015166731454,-1.1201139366444792,3.091116174606748,-0.5884960055583037,0.15442995675954097,6.240382903048139,-6.5792609324055515,-2.0970962524370576,-1.9409375063646248,0.42845646219558087,6.837377477177425,-3.0915948461023235,-4.309254808381251,10.961078378110159,4.946134847570496,2.4531421008628227,-3.6776139512788157,2.2287537194529867,1.969503666247981,-2.4941831181829803,8.325039864800548,-1.8101734913670267,3.62560795583592,-1.6896165897127142,12.307285418874063,5.772757828584969,-2.802087730078239,10.273366151533889,-5.027321022623891,5.642282060229354,-4.790478036547678,-3.655676782140969,2.4432941252534492,7.106702032234149,3.4523601712700147,0.38338693130051194,5.025742215691223,-4.877238078819939,-1.7518957500008574,3.3831995422637866,7.122548858751986,6.03535159734631,-7.117449886833051,3.5543280615476576,-1.1563738595569015,-1.6723054570639735,5.809240476143412,5.92948858732877,9.850860115392534,-3.1395530314414968,3.039179061453102,4.342642485734704,10.75368576746844,1.7237666128227627,5.829126273879326,-1.4009797336413112,-2.5218963480879406,7.523685182458067,11.191868018614265,3.0425068860843614,9.568054372779997,6.058680555335852,3.5063211276204247,7.188504224390824,10.427590882963003,3.969521405318901,10.994648955727913,-5.873505440542263,8.00834744719239,5.62524210687724,1.0773601945480986,6.841588268319843,-5.300881172206958,3.4045298220627433,7.482182021179233,9.888661931788922,-0.15965039852389667,-3.3067905097847277,1.3644482234907684,6.193515887537123,2.1943455587149057,-0.5915866275841082,8.41741012857265,6.678517516694692,9.77821151821901,2.542915515431581,4.0819256130346115,-0.12183008066350258,-2.7320232514813516,6.373702779198189,2.624606300747717,6.301577078448739,2.5792228810406814
2.4009999999998466,0.07547290525120526,-2.74560525513271,8.098936144244652,3.1648140151080435,8.007101051511482,10.639693735228683,2.1388680062637793,1.8247875790567543,9.464351684172478,9.210440791662394,-1.127426494015297,3.104044305826351,-0.5956874290666707,0.14719229203601758,6.24729907882734,-6.615449606950824,-2.129517678739438,-1.9501063266015626,0.4102767701367741,6.845739354177212,-3.107678397264866,-4.335423952060076,10.992468283836477,4.94369625190865,2.4565695953044617,-3.7040319846552032,2.219942995310364,1.9737990483900598,-2.515126059383544,8.334630755515338,-1.8201093348175215,3.6218510111879345,-1.6995737916094207,12.34640791291212,5.7745648144380946,-2.8211650183094763,10.291893980123838,-5.049660965275432,5.648536262477329,-4.82759450867739,-3.680163572771056,2.449308280318715,7.123548294181936,3.457864467241696,0.3831508960006288,5.0217970721273195,-4.904731588279406,-1.76421570382087,3.3760636971924733,7.145768233624245,6.044300893485561,-7.150633759592428,3.5628866712834357,-1.1619985748173454,-1.6837669667222106,5.823550932268107,5.952185508126572,9.871562648122735,-3.15426045155807,3.03507174428396,4.351344684710655,10.775273600358773,1.716260058413738,5.827490024693929,-1.421029502773549,-2.543743550221672,7.542012629253836,11.221069749533562,3.043143614000638,9.590201961085718,6.067990206184686,3.495495662876205,7.197809066848871,10.460428544640212,3.9708818148845837,11.028018759192078,-5.923823412276174,8.026862427627782,5.629059978589881,1.0734569778866625,6.845500414198433,-5.338555620151094,3.402213314653875,7.491401202957353,9.92029674303164,-0.16793887254148787,-3.3208834514947076,1.35649001296696,6.2139008602390415,2.2029975112559823,-0.6001049013115674,8.429752407582805,6.682535998029536,9.79966134837754,2.5309513839019138,4.077449300450535,-0.1275953133782638,-2.7592166200961112,6.38170211508736,2.6319043365391956,6.303756277929473,2.5766080687210624
2.4109999999998455,0.07431348868238051,-2.738150013667089,8.110947357652764,3.1641256594325036,8.022131752621386,10.67223126270472,2.1362618691171935,1.8221817702656535,9.4980128708305,9.227866416593335,-1.1347390513861146,3.1169724370459537,-0.6028788525750377,0.1399546273124942,6.2542152546065415,-6.651638281496096,-2.161939105041818,-1.9592751468385003,0.39209707807796734,6.854101231176999,-3.123761948427408,-4.3615930957389,11.023858189562795,4.941257656246803,2.4599970897461008,-3.7304500180315907,2.2111322711677412,1.9780944305321386,-2.5360690005841073,8.344221646230128,-1.8300451782680163,3.618094066539949,-1.7095309935061271,12.385530406950178,5.77637180029122,-2.8402423065407136,10.310421808713787,-5.072000907926974,5.654790464725304,-4.864710980807103,-3.7046503634011434,2.455322435383981,7.140394556129723,3.463368763213377,0.38291486070074565,5.017851928563416,-4.932225097738872,-1.7765356576408824,3.36892785212116,7.168987608496503,6.053250189624812,-7.183817632351805,3.571445281019214,-1.1676232900777892,-1.6952284763804477,5.8378613883928026,5.974882428924374,9.892265180852936,-3.168967871674643,3.030964427114818,4.360046883686607,10.796861433249106,1.7087535040047133,5.825853775508532,-1.4410792719057866,-2.565590752355403,7.560340076049606,11.25027148045286,3.0437803419169147,9.612349549391439,6.077299857033521,3.4846701981319854,7.207113909306917,10.493266206317422,3.9722422244502664,11.061388562656242,-5.9741413840100845,8.045377408063173,5.632877850302522,1.0695537612252264,6.849412560077024,-5.37623006809523,3.399896807245007,7.500620384735472,9.951931554274358,-0.17622734655907907,-3.3349763932046876,1.3485318024431514,6.2342858329409605,2.211649463797059,-0.6086231750390265,8.442094686592961,6.68655447936438,9.821111178536071,2.5189872523722467,4.072972987866459,-0.13336054609302495,-2.786409988710871,6.38970145097653,2.6392023723306743,6.305935477410207,2.5739932564014434
2.4209999999998444,0.0731469787231118,-2.7308564582311456,8.122958571060876,3.1634373037569636,8.03716245373129,10.704768790180758,2.1336557319706078,1.8195759614745528,9.531674057488523,9.245292041524275,-1.1420516087569323,3.1299005682655565,-0.6100702760834047,0.1327169625889708,6.261131430385743,-6.687826956041368,-2.1943605313441985,-1.9684439670754381,0.3739173860191606,6.862463108176787,-3.1398454995899505,-4.387762239417725,11.055248095289112,4.938819060584956,2.46342458418774,-3.756868051407978,2.2023215470251185,1.9823898126742174,-2.557011941784671,8.353812536944918,-1.839981021718511,3.614337121891963,-1.7194881954028336,12.424652900988235,5.778178786144346,-2.859319594771951,10.328949637303737,-5.094340850578515,5.661044666973279,-4.901827452936815,-3.7291371540312306,2.461336590449247,7.1572408180775104,3.468873059185058,0.3826788254008625,5.013906784999512,-4.959718607198338,-1.788855611460895,3.361792007049847,7.192206983368762,6.062199485764063,-7.217001505111182,3.580003890754992,-1.173248005338233,-1.7066899860386848,5.852171844517498,5.9975793497221765,9.912967713583138,-3.183675291791216,3.0268571099456762,4.368749082662559,10.818449266139439,1.7012469495956886,5.824217526323134,-1.4611290410380242,-2.5874379544891344,7.578667522845375,11.279473211372157,3.0444170698331914,9.63449713769716,6.086609507882355,3.473844733387766,7.216418751764964,10.526103867994632,3.973602634015949,11.094758366120407,-6.024459355743995,8.063892388498564,5.636695722015164,1.0656505445637903,6.853324705955615,-5.413904516039366,3.3975802998361386,7.509839566513592,9.983566365517076,-0.18451582057667026,-3.3490693349146676,1.3405735919193429,6.2546708056428795,2.2203014163381356,-0.6171414487664857,8.454436965603117,6.690572960699225,9.842561008694602,2.5070231208425797,4.068496675282383,-0.1391257788077861,-2.8136033573256305,6.397700786865701,2.646500408122153,6.308114676890941,2.5713784440818244
2.4309999999998433,0.07197470042162009,-2.7237663484372456,8.134969784468987,3.1627489480814237,8.052193154841193,10.737306317656795,2.131049594824022,1.816970152683452,9.565335244146546,9.262717666455215,-1.14936416612775,3.1428286994851593,-0.6172616995917717,0.12547929786544743,6.268047606164944,-6.72401563058664,-2.226781957646579,-1.9776127873123759,0.3557376939603538,6.870824985176574,-3.155929050752493,-4.41393138309655,11.08663800101543,4.93638046492311,2.466852078629379,-3.7832860847843657,2.1935108228824958,1.9866851948162962,-2.5779548829852343,8.363403427659708,-1.8499168651690059,3.6105801772439774,-1.72944539729954,12.463775395026293,5.779985771997471,-2.8783968830031883,10.347477465893686,-5.116680793230056,5.667298869221254,-4.9389439250665275,-3.7536239446613178,2.467350745514513,7.174087080025298,3.474377355156739,0.38244279010097937,5.009961641435608,-4.987212116657805,-1.8011755652809074,3.3546561619785336,7.215426358241021,6.0711487819033145,-7.250185377870559,3.58856250049077,-1.1788727205986769,-1.718151495696922,5.866482300642193,6.020276270519979,9.933670246313339,-3.198382711907789,3.0227497927765343,4.3774512816385105,10.840037099029772,1.6937403951866639,5.822581277137737,-1.4811788101702619,-2.6092851566228656,7.596994969641145,11.308674942291454,3.045053797749468,9.656644726002881,6.095919158731189,3.463019268643546,7.225723594223011,10.558941529671841,3.974963043581632,11.128128169584572,-6.074777327477906,8.082407368933955,5.640513593727805,1.0617473279023542,6.857236851834205,-5.451578963983502,3.3952637924272704,7.5190587482917115,10.015201176759794,-0.19280429459426146,-3.3631622766246476,1.3326153813955344,6.275055778344798,2.2289533688792122,-0.6256597224939449,8.466779244613273,6.694591442034069,9.864010838853133,2.4950589893129127,4.064020362698306,-0.14489101152254724,-2.84079672594039,6.4057001227548716,2.6537984439136317,6.310293876371675,2.5687636317622053
2.440999999999842,0.07079785743875998,-2.716924175785744,8.1469809978771,3.1620605924058838,8.067223855951097,10.769843845132833,2.1284434576774363,1.8143643438923514,9.598996430804569,9.280143291386155,-1.1566767234985678,3.155756830704762,-0.6244531231001387,0.11824163314192418,6.2749637819441455,-6.7602043051319125,-2.259203383948959,-1.9867816075493137,0.33755800190154706,6.879186862176361,-3.172012601915035,-4.440100526775375,11.118027906741748,4.933941869261263,2.470279573071018,-3.809704118160753,2.184700098739873,1.990980576958375,-2.598897824185798,8.372994318374499,-1.8598527086195007,3.6068232325959917,-1.7394025991962465,12.50289788906435,5.781792757850597,-2.8974741712344256,10.366005294483635,-5.139020735881598,5.673553071469229,-4.97606039719624,-3.778110735291405,2.473364900579779,7.190933341973085,3.4798816511284203,0.3822067548010962,5.0060164978717046,-5.014705626117271,-1.8134955191009199,3.3475203169072203,7.238645733113279,6.080098078042566,-7.283369250629936,3.5971211102265483,-1.1844974358591207,-1.729613005355159,5.880792756766889,6.042973191317781,9.95437277904354,-3.2130901320243623,3.0186424756073924,4.386153480614462,10.861624931920105,1.6862338407776392,5.82094502795234,-1.5012285793024995,-2.631132358756597,7.615322416436914,11.33787667321075,3.0456905256657447,9.678792314308602,6.105228809580024,3.4521938038993265,7.235028436681057,10.591779191349051,3.9763234531473146,11.161497973048737,-6.125095299211817,8.100922349369347,5.644331465440446,1.057844111240918,6.861148997712796,-5.489253411927638,3.392947285018402,7.528277930069831,10.046835988002512,-0.20109276861185266,-3.3772552183346276,1.3246571708717259,6.295440751046717,2.237605321420289,-0.634177996221404,8.479121523623428,6.698609923368913,9.885460669011664,2.4830948577832457,4.05954405011423,-0.1506562442373084,-2.8679900945551497,6.413699458644042,2.6610964797051104,6.3124730758524095,2.5661488194425863
2.450999999999841,0.06961753805483864,-2.71037726845417,8.158992211285211,3.161372236730344,8.082254557061,10.80238137260887,2.1258373205308505,1.8117585351012506,9.632657617462591,9.297568916317095,-1.1639892808693855,3.168684961924365,-0.6316445466085057,0.11100396841840093,6.281879957723347,-6.796392979677185,-2.2916248102513395,-1.9959504277862514,0.3193783098427403,6.8875487391761485,-3.1880961530775775,-4.466269670454199,11.149417812468066,4.931503273599416,2.473707067512657,-3.8361221515371406,2.1758893745972503,1.9952759591004539,-2.6198407653863613,8.382585209089289,-1.8697885520699955,3.603066287948006,-1.749359801092953,12.542020383102408,5.783599743703722,-2.916551459465663,10.384533123073584,-5.161360678533139,5.679807273717204,-5.013176869325952,-3.802597525921492,2.479379055645045,7.207779603920872,3.4853859471001014,0.3819707195012131,5.002071354307801,-5.0421991355767375,-1.8258154729209324,3.340384471835907,7.261865107985538,6.089047374181817,-7.316553123389313,3.6056797199623265,-1.1901221511195645,-1.7410745150133962,5.895103212891584,6.065670112115583,9.975075311773741,-3.2277975521409354,3.0145351584382505,4.394855679590414,10.883212764810438,1.6787272863686145,5.819308778766943,-1.5212783484347372,-2.652979560890328,7.633649863232684,11.367078404130048,3.0463272535820214,9.700939902614323,6.114538460428858,3.441368339155107,7.244333279139104,10.62461685302626,3.9776838627129973,11.194867776512902,-6.175413270945728,8.119437329804738,5.648149337153088,1.053940894579482,6.865061143591387,-5.526927859871774,3.390630777609534,7.537497111847951,10.07847079924523,-0.20938124262944385,-3.3913481600446076,1.3166989603479173,6.315825723748636,2.2462572739613655,-0.6426962699488632,8.491463802633584,6.702628404703757,9.906910499170195,2.4711307262535787,4.055067737530154,-0.15642147695206954,-2.8951834631699094,6.421698794533213,2.668394515496589,6.3146522753331435,2.5635340071229673
2.46099999999984,0.06843472308597238,-2.704175901715995,8.171003424693323,3.160683881054804,8.097285258170904,10.834918900084908,2.1232311833842648,1.80915272631015,9.666318804120614,9.314994541248035,-1.1713018382402032,3.1816130931439677,-0.6388359701168727,0.10376630369487769,6.288796133502548,-6.832581654222457,-2.32404623655372,-2.005119248023189,0.30119861778393353,6.895910616175936,-3.20417970424012,-4.492438814133024,11.180807718194384,4.9290646779375695,2.477134561954296,-3.862540184913528,2.1670786504546276,1.9995713412425327,-2.640783706586925,8.392176099804079,-1.8797243955204903,3.5993093433000203,-1.7593170029896594,12.581142877140465,5.785406729556848,-2.9356287476969003,10.403060951663534,-5.183700621184681,5.686061475965179,-5.0502933414556646,-3.8270843165515793,2.4853932107103107,7.224625865868659,3.4908902430717825,0.38173468420132994,4.998126210743897,-5.069692645036204,-1.8381354267409449,3.3332486267645938,7.285084482857797,6.097996670321068,-7.34973699614869,3.6142383296981047,-1.1957468663800084,-1.7525360246716333,5.9094136690162795,6.088367032913386,9.995777844503943,-3.2425049722575086,3.0104278412691086,4.403557878566366,10.90480059770077,1.6712207319595898,5.817672529581546,-1.5413281175669749,-2.6748267630240594,7.651977310028453,11.396280135049345,3.046963981498298,9.723087490920044,6.123848111277693,3.4305428744108872,7.253638121597151,10.65745451470347,3.97904427227868,11.228237579977067,-6.225731242679639,8.137952310240129,5.651967208865729,1.0500376779180458,6.868973289469977,-5.56460230781591,3.3883142702006657,7.54671629362607,10.110105610487947,-0.21766971664703505,-3.4054411017545876,1.3087407498241088,6.336210696450555,2.254909226502442,-0.6512145436763224,8.50380608164374,6.706646886038602,9.928360329328726,2.4591665947239116,4.050591424946077,-0.1621867096668307,-2.922376831784669,6.429698130422383,2.675692551288068,6.316831474813878,2.5609191948033483
2.470999999999839,0.06725029580951405,-2.6983734159540407,8.183014638101435,3.159995525379264,8.112315959280808,10.867456427560946,2.120625046237679,1.8065469175190492,9.699979990778637,9.332420166178975,-1.1786143956110209,3.1945412243635705,-0.6460273936252396,0.09652863897135444,6.2957123092817495,-6.868770328767729,-2.3564676628561,-2.014288068260127,0.28301892572512677,6.904272493175723,-3.2202632554026622,-4.518607957811849,11.212197623920702,4.926626082275723,2.480562056395935,-3.8889582182899156,2.158267926312005,2.0038667233846117,-2.6617266477874884,8.401766990518869,-1.8896602389709851,3.5955523986520346,-1.7692742048863659,12.620265371178522,5.787213715409973,-2.9547060359281376,10.421588780253483,-5.206040563836222,5.692315678213154,-5.087409813585377,-3.8515711071816665,2.4914073657755766,7.241472127816446,3.4963945390434636,0.3814986489014468,4.994181067179993,-5.09718615449567,-1.8504553805609574,3.3261127816932805,7.308303857730055,6.106945966460319,-7.382920868908067,3.622796939433883,-1.2013715816404522,-1.7639975343298704,5.923724125140975,6.111063953711188,10.016480377234144,-3.2572123923740817,3.0063205240999666,4.412260077542317,10.926388430591103,1.663714177550565,5.8160362803961485,-1.5613778866992125,-2.6966739651577907,7.670304756824223,11.425481865968642,3.0476007094145747,9.745235079225765,6.133157762126527,3.4197174096666676,7.262942964055197,10.69029217638068,3.980404681844363,11.261607383441232,-6.27604921441355,8.15646729067552,5.6557850805783705,1.0461344612566097,6.872885435348568,-5.602276755760046,3.3859977627917974,7.55593547540419,10.141740421730665,-0.22595819066462625,-3.4195340434645676,1.3007825393003003,6.356595669152474,2.263561179043519,-0.6597328174037815,8.516148360653895,6.710665367373446,9.949810159487257,2.4472024631942446,4.046115112362001,-0.16795194238159183,-2.9495702003994286,6.437697466311554,2.6829905870795465,6.319010674294612,2.5583043824837293
2.480999999999838,0.06606505399344421,-2.6930263443359763,8.195025851509547,3.159307169703724,8.127346660390712,10.899993955036983,2.1180189090910932,1.8039411087279484,9.73364117743666,9.349845791109916,-1.1859269529818386,3.2074693555831733,-0.6532188171336066,0.0892909742478312,6.302628485060951,-6.904959003313001,-2.3888890891584804,-2.0234568884970647,0.26483923366632,6.91263437017551,-3.2363468065652046,-4.5447771014906735,11.24358752964702,4.924187486613876,2.483989550837574,-3.915376251666303,2.149457202169382,2.0081621055266905,-2.682669588988052,8.41135788123366,-1.89959608242148,3.591795454004049,-1.7792314067830723,12.65938786521658,5.789020701263099,-2.973783324159375,10.440116608843432,-5.228380506487763,5.698569880461129,-5.124526285715089,-3.8760578978117537,2.4974215208408426,7.258318389764233,3.5018988350151448,0.38126261360156366,4.99023592361609,-5.124679663955137,-1.8627753343809699,3.3189769366219672,7.331523232602314,6.115895262599571,-7.416104741667444,3.631355549169661,-1.206996296900896,-1.7754590439881075,5.93803458126567,6.13376087450899,10.037182909964345,-3.2719198124906548,3.0022132069308247,4.420962276518269,10.947976263481436,1.6562076231415404,5.814400031210751,-1.5814276558314502,-2.718521167291522,7.688632203619992,11.45468359688794,3.0482374373308514,9.767382667531486,6.142467412975361,3.408891944922448,7.272247806513244,10.72312983805789,3.9817650914100455,11.294977186905397,-6.32636718614746,8.174982271110911,5.659602952291012,1.0422312445951736,6.876797581227159,-5.639951203704182,3.383681255382929,7.565154657182309,10.173375232973383,-0.23424666468221744,-3.4336269851745476,1.2928243287764918,6.376980641854393,2.2722131315845955,-0.6682510911312407,8.528490639664051,6.71468384870829,9.971259989645787,2.4352383316645776,4.041638799777925,-0.17371717509635298,-2.9767635690141883,6.445696802200724,2.690288622871025,6.321189873775346,2.5556895701641102
2.4909999999998367,0.06487972412045265,-2.6881945522058337,8.207037064917658,3.158618814028184,8.142377361500616,10.93253148251302,2.1154127719445075,1.8013352999368477,9.767302364094682,9.367271416040856,-1.1932395103526563,3.220397486802776,-0.6604102406419736,0.08205330952430795,6.309544660840152,-6.9411476778582735,-2.4213105154608607,-2.0326257087340025,0.2466595416075133,6.920996247175298,-3.252430357727747,-4.570946245169498,11.274977435373337,4.9217488909520295,2.487417045279213,-3.9417942850426906,2.1406464780267593,2.0124574876687693,-2.7036125301886154,8.42094877194845,-1.9095319258719747,3.588038509356063,-1.7891886086797788,12.698510359254637,5.7908276871162245,-2.9928606123906123,10.458644437433382,-5.250720449139305,5.704824082709104,-5.161642757844802,-3.900544688441841,2.5034356759061085,7.2751646517120205,3.507403130986826,0.3810265783016805,4.986290780052186,-5.152173173414603,-1.8750952882009824,3.311841091550654,7.354742607474573,6.124844558738822,-7.449288614426821,3.639914158905439,-1.2126210121613399,-1.7869205536463446,5.952345037390366,6.1564577953067925,10.057885442694547,-3.286627232607228,2.998105889761683,4.429664475494221,10.96956409637177,1.6487010687325157,5.812763782025354,-1.6014774249636878,-2.740368369425253,7.706959650415762,11.483885327807236,3.048874165247128,9.789530255837207,6.151777063824196,3.3980664801782283,7.2815526489712905,10.7559674997351,3.9831255009757283,11.328346990369562,-6.376685157881371,8.193497251546303,5.663420824003653,1.0383280279337375,6.880709727105749,-5.677625651648318,3.381364747974061,7.574373838960429,10.2050100442161,-0.24253513869980864,-3.4477199268845276,1.2848661182526833,6.397365614556312,2.280865084125672,-0.6767693648586999,8.540832918674207,6.7187023300431346,9.992709819804318,2.4232742001349106,4.037162487193848,-0.17948240781111413,-3.003956937628948,6.453696138089895,2.697586658662504,6.32336907325608,2.5530747578444912
2.5009999999998356,0.06369497789410745,-2.683941390069749,8.21904827832577,3.157930458352644,8.15740806261052,10.965069009989058,2.1128066347979217,1.798729491145747,9.800963550752705,9.384697040971796,-1.200552067723474,3.233325618022379,-0.6676016641503406,0.0748156448007847,6.3164608366193535,-6.977336352403546,-2.453731941763241,-2.0417945289709403,0.22847984954870681,6.929358124175085,-3.2685139088902893,-4.597115388848323,11.306367341099655,4.919310295290183,2.490844539720852,-3.968212318419078,2.1318357538841366,2.016752869810848,-2.724555471389179,8.43053966266324,-1.9194677693224695,3.5842815647080775,-1.7991458105764853,12.737632853292695,5.79263467296935,-3.0119379006218496,10.47717226602333,-5.273060391790846,5.711078284957079,-5.198759229974514,-3.925031479071928,2.5094498309713744,7.292010913659808,3.512907426958507,0.3807905430017974,4.982345636488282,-5.179666682874069,-1.8874152420209949,3.3047052464793407,7.377961982346831,6.133793854878073,-7.482472487186198,3.6484727686412173,-1.2182457274217837,-1.7983820633045817,5.966655493515061,6.179154716104595,10.078587975424748,-3.301334652723801,2.993998572592541,4.438366674470172,10.991151929262102,1.641194514323491,5.811127532839957,-1.6215271940959255,-2.7622155715589845,7.725287097211531,11.513087058726533,3.0495108931634047,9.811677844142928,6.16108671467303,3.3872410154340087,7.290857491429337,10.78880516141231,3.984485910541411,11.361716793833727,-6.427003129615282,8.212012231981694,5.667238695716295,1.0344248112723013,6.88462187298434,-5.715300099592454,3.3790482405651927,7.583593020738548,10.236644855458819,-0.25082361271739984,-3.4618128685945075,1.2769079077288747,6.417750587258231,2.2895170366667488,-0.685287638586159,8.553175197684363,6.722720811377979,10.01415964996285,2.4113100686052436,4.032686174609772,-0.18524764052587528,-3.0311503062437075,6.4616954739790655,2.7048846944539826,6.325548272736814,2.550459945524872
2.5109999999998345,0.06251145111231267,-2.680333861658685,8.231059491733882,3.1572421026771043,8.172438763720423,10.997606537465096,2.110200497651336,1.7961236823546463,9.834624737410728,9.402122665902736,-1.2078646250942917,3.2462537492419816,-0.6747930876587076,0.06757798007726146,6.323377012398555,-7.013525026948818,-2.4861533680656214,-2.050963349207878,0.21030015748990033,6.937720001174872,-3.2845974600528316,-4.623284532527148,11.337757246825973,4.916871699628336,2.494272034162491,-3.9946303517954656,2.123025029741514,2.021048251952927,-2.7454984125897424,8.44013055337803,-1.9294036127729643,3.5805246200600918,-1.8091030124731917,12.776755347330752,5.794441658822476,-3.031015188853087,10.49570009461328,-5.2954003344423874,5.717332487205054,-5.235875702104226,-3.9495182697020152,2.5154639860366403,7.308857175607595,3.518411722930188,0.38055450770191424,4.978400492924378,-5.207160192333536,-1.8997351958410074,3.2975694014080275,7.40118135721909,6.142743151017324,-7.515656359945575,3.6570313783769954,-1.2238704426822276,-1.8098435729628188,5.9809659496397565,6.201851636902397,10.099290508154949,-3.316042072840374,2.989891255423399,4.447068873446124,11.012739762152435,1.6336879599144662,5.80949128365456,-1.6415769632281632,-2.7840627736927157,7.7436145440073005,11.54228878964583,3.0501476210796814,9.833825432448648,6.1703963655218645,3.376415550689789,7.300162333887384,10.821642823089519,3.9858463201070937,11.395086597297892,-6.477321101349193,8.230527212417085,5.671056567428936,1.0305215946108652,6.888534018862931,-5.75297454753659,3.3767317331563245,7.592812202516668,10.268279666701536,-0.25911208673499075,-3.4759058103044875,1.2689496972050662,6.43813555996015,2.2981689892078254,-0.6938059123136182,8.565517476694518,6.726739292712823,10.03560948012138,2.3993459370755765,4.028209862025696,-0.19101287324063643,-3.058343674858467,6.469694809868236,2.7121827302454613,6.327727472217548,2.547845133205253
2.5209999999998334,0.06132976499233377,-2.6774428078633097,8.243070705141994,3.1565537470015643,8.187469464830327,11.030144064941133,2.1075943605047502,1.7935178735635455,9.86828592406875,9.419548290833676,-1.2151771824651094,3.2591818804615844,-0.6819845111670746,0.06034031535373821,6.330293188177756,-7.04971370149409,-2.5185747943680017,-2.060132169444816,0.19212046543109385,6.94608187817466,-3.300681011215374,-4.649453676205972,11.36914715255229,4.9144331039664895,2.49769952860413,-4.021048385171853,2.114214305598891,2.0253436340950057,-2.766441353790306,8.44972144409282,-1.9393394562234592,3.576767675412106,-1.8190602143698982,12.81587784136881,5.796248644675601,-3.0500924770843243,10.51422792320323,-5.317740277093929,5.723586689453029,-5.272992174233939,-3.9740050603321024,2.5214781411019063,7.325703437555382,3.5239160189018692,0.3803184724020311,4.974455349360475,-5.234653701793002,-1.9120551496610199,3.290433556336714,7.424400732091349,6.1516924471565755,-7.5488402327049515,3.6655899881127736,-1.2294951579426714,-1.821305082621056,5.995276405764452,6.224548557700199,10.11999304088515,-3.330749492956947,2.985783938254257,4.455771072422076,11.034327595042768,1.6261814055054415,5.807855034469163,-1.6616267323604008,-2.805909975826447,7.76194199080307,11.571490520565128,3.050784348995958,9.85597302075437,6.179706016370699,3.3655900859455694,7.30946717634543,10.854480484766729,3.9872067296727765,11.428456400762057,-6.527639073083104,8.249042192852476,5.674874439141577,1.0266183779494291,6.892446164741521,-5.790648995480726,3.3744152257474562,7.602031384294787,10.299914477944254,-0.2674005607525817,-3.4899987520144675,1.2609914866812577,6.458520532662069,2.306820941748902,-0.7023241860410774,8.577859755704674,6.730757774047667,10.05705931027991,2.3873818055459095,4.023733549441619,-0.19677810595539758,-3.0855370434732268,6.477694145757407,2.71948076603694,6.329906671698282,2.545230320885634
2.5309999999998323,0.06015055003192188,-2.675343106265984,8.255081918550106,3.1558653913260244,8.202500165940231,11.06268159241717,2.1049882233581645,1.7909120647724448,9.901947110726773,9.436973915764616,-1.2224897398359271,3.272110011681187,-0.6891759346754416,0.053102650630214965,6.3372093639569576,-7.085902376039362,-2.550996220670382,-2.0693009896817536,0.17394077337228736,6.954443755174447,-3.3167645623779163,-4.675622819884797,11.400537058278609,4.911994508304643,2.501127023045769,-4.0474664185482405,2.1054035814562684,2.0296390162370845,-2.7873842949908694,8.45931233480761,-1.949275299673954,3.5730107307641203,-1.8290174162666046,12.855000335406867,5.798055630528727,-3.0691697653155616,10.532755751793179,-5.34008021974547,5.729840891701004,-5.310108646363651,-3.9984918509621896,2.527492296167172,7.342549699503169,3.5294203148735503,0.38008243710214795,4.970510205796571,-5.2621472112524685,-1.9243751034810324,3.283297711265401,7.447620106963607,6.160641743295827,-7.5820241054643285,3.6741485978485517,-1.2351198732031152,-1.832766592279293,6.009586861889147,6.247245478498002,10.140695573615352,-3.3454569130735203,2.981676621085115,4.4644732713980275,11.055915427933101,1.6186748510964168,5.8062187852837654,-1.6816765014926385,-2.8277571779601782,7.7802694375988395,11.600692251484425,3.0514210769122347,9.87812060906009,6.189015667219533,3.3547646212013498,7.318772018803477,10.887318146443938,3.988567139238459,11.461826204226222,-6.577957044817015,8.267557173287868,5.678692310854219,1.022715161287993,6.896358310620112,-5.828323443424862,3.372098718338588,7.611250566072907,10.331549289186972,-0.2756890347701726,-3.5040916937244475,1.2530332761574492,6.478905505363988,2.3154728942899787,-0.7108424597685365,8.59020203471483,6.734776255382512,10.078509140438442,2.3754176740162425,4.019257236857543,-0.20254333867015872,-3.1127304120879864,6.485693481646577,2.7267788018284187,6.332085871179016,2.542615508566015
2.540999999999831,0.0589744724920209,-2.674113884428071,8.267093131958218,3.1551770356504845,8.217530867050135,11.095219119893208,2.1023820862115787,1.788306255981344,9.935608297384796,9.454399540695556,-1.2298022972067448,3.28503814290079,-0.6963673581838086,0.04586498590669172,6.344125539736159,-7.122091050584634,-2.5834176469727623,-2.0784698099186913,0.15576108131348088,6.962805632174234,-3.3328481135404586,-4.701791963563622,11.431926964004926,4.909555912642796,2.504554517487408,-4.073884451924628,2.0965928573136456,2.0339343983791633,-2.808327236191433,8.4689032255224,-1.9592111431244488,3.5692537861161346,-1.838974618163311,12.894122829444925,5.799862616381852,-3.088247053546799,10.551283580383128,-5.362420162397012,5.736095093948979,-5.3472251184933635,-4.022978641592276,2.533506451232438,7.359395961450956,3.5349246108452315,0.3798464018022648,4.966565062232667,-5.289640720711935,-1.9366950573010449,3.2761618661940877,7.470839481835866,6.169591039435078,-7.615207978223705,3.68270720758433,-1.240744588463559,-1.8442281019375302,6.023897318013843,6.269942399295804,10.161398106345553,-3.3601643331900934,2.977569303915973,4.473175470373979,11.077503260823434,1.6111682966873921,5.804582536098368,-1.7017262706248761,-2.8496043800939095,7.798596884394609,11.629893982403722,3.0520578048285114,9.900268197365811,6.198325318068368,3.34393915645713,7.328076861261524,10.920155808121148,3.989927548804142,11.495196007690387,-6.628275016550925,8.286072153723259,5.68251018256686,1.0188119446265569,6.900270456498703,-5.865997891368998,3.3697822109297197,7.620469747851026,10.36318410042969,-0.2839775087877635,-3.5181846354344275,1.2450750656336407,6.499290478065907,2.3241248468310554,-0.7193607334959957,8.602544313724986,6.738794736717356,10.099958970596973,2.3634535424865755,4.014780924273467,-0.20830857138491987,-3.139923780702746,6.493692817535748,2.7340768376198974,6.33426507065975,2.540000696246396
2.55099999999983,0.05780226358718567,-2.6738387428854127,8.27910434536633,3.1544886799749445,8.232561568160039,11.127756647369246,2.099775949064993,1.7857004471902433,9.969269484042819,9.471825165626496,-1.2371148545775625,3.297966274120393,-0.7035587816921756,0.03862732118316847,6.35104171551536,-7.158279725129907,-2.6158390732751426,-2.087638630155629,0.1375813892546744,6.9711675091740215,-3.348931664703001,-4.727961107242447,11.463316869731244,4.907117316980949,2.5079820119290472,-4.1003024853010155,2.087782133171023,2.038229780521242,-2.8292701773919964,8.47849411623719,-1.9691469865749436,3.565496841468149,-1.8489318200600176,12.933245323482982,5.801669602234978,-3.1073243417780363,10.569811408973077,-5.384760105048553,5.742349296196954,-5.384341590623076,-4.0474654322223635,2.539520606297704,7.3762422233987435,3.5404289068169126,0.37961036650238167,4.962619918668763,-5.317134230171401,-1.9490150111210574,3.2690260211227744,7.494058856708125,6.178540335574329,-7.648391850983082,3.691265817320108,-1.246369303724003,-1.8556896115957673,6.038207774138538,6.292639320093606,10.182100639075754,-3.3748717533066666,2.9734619867468313,4.481877669349931,11.099091093713767,1.6036617422783674,5.802946286912971,-1.7217760397571138,-2.8714515822276407,7.816924331190378,11.659095713323019,3.052694532744788,9.922415785671532,6.207634968917202,3.3331136917129105,7.33738170371957,10.952993469798358,3.9912879583698246,11.528565811154552,-6.678592988284836,8.30458713415865,5.686328054279501,1.0149087279651208,6.904182602377293,-5.903672339313134,3.3674657035208515,7.629688929629146,10.394818911672408,-0.29226598280535443,-3.5322775771444075,1.2371168551098322,6.519675450767826,2.332776799372132,-0.7278790072234549,8.614886592735141,6.7428132180522,10.121408800755503,2.3514894109569084,4.01030461168939,-0.21407380409968102,-3.1671171493175057,6.501692153424918,2.741374873411376,6.336444270140484,2.537385883926777
2.560999999999829,0.05663475146841616,-2.6746059807842975,8.291115558774441,3.1538003242994046,8.247592269269942,11.160294174845284,2.0971698119184072,1.7830946383991426,10.002930670700842,9.489250790557437,-1.2444274119483802,3.3108944053399956,-0.7107502052005426,0.03138965645964523,6.357957891294562,-7.194468399675179,-2.648260499577523,-2.096807450392567,0.11940169719586785,6.979529386173809,-3.3650152158655433,-4.754130250921271,11.494706775457562,4.904678721319103,2.5114095063706863,-4.126720518677403,2.0789714090284,2.042525162663321,-2.85021311859256,8.48808500695198,-1.9790828300254384,3.5617398968201632,-1.858889021956724,12.97236781752104,5.803476588088103,-3.1264016300092736,10.588339237563027,-5.407100047700094,5.748603498444929,-5.421458062752788,-4.071952222852451,2.54553476136297,7.393088485346531,3.5459332027885937,0.3793743312024985,4.95867477510486,-5.344627739630868,-1.9613349649410698,3.261890176051461,7.517278231580383,6.18748963171358,-7.681575723742459,3.699824427055886,-1.2519940189844467,-1.8671511212540044,6.052518230263233,6.315336240891408,10.202803171805956,-3.3895791734232397,2.9693546695776893,4.490579868325883,11.1206789266041,1.5961551878693427,5.801310037727574,-1.7418258088893515,-2.893298784361372,7.835251777986148,11.688297444242316,3.0533312606610647,9.944563373977253,6.2169446197660365,3.322288226968691,7.346686546177617,10.985831131475567,3.9926483679355074,11.561935614618717,-6.728910960018747,8.323102114594041,5.690145925992143,1.0110055113036847,6.908094748255884,-5.94134678725727,3.3651491961119833,7.6389081114072654,10.426453722915126,-0.30055445682294535,-3.5463705188543875,1.2291586445860236,6.540060423469745,2.3414287519132087,-0.7363972809509141,8.627228871745297,6.7468316993870445,10.142858630914034,2.3395252794272414,4.005828299105314,-0.21983903681444217,-3.1943105179322653,6.509691489314089,2.748672909202855,6.3386234696212185,2.534771071607158
2.570999999999828,0.05547289607684532,-2.6765088130391668,8.303126772182553,3.1531119686238647,8.262622970379846,11.192831702321321,2.0945636747718215,1.780488829608042,10.036591857358864,9.506676415488377,-1.251739969319198,3.3238225365595984,-0.7179416287089095,0.02415199173612198,6.364874067073763,-7.230657074220451,-2.6806819258799033,-2.1059762706295047,0.10122200513706123,6.987891263173596,-3.3810987670280856,-4.780299394600096,11.52609668118388,4.902240125657256,2.5148370008123253,-4.1531385520537905,2.0701606848857774,2.0468205448053998,-2.8711560597931234,8.49767589766677,-1.9890186734759332,3.5579829521721775,-1.8688462238534305,13.011490311559097,5.805283573941229,-3.145478918240511,10.606867066152976,-5.429439990351636,5.754857700692904,-5.4585745348825006,-4.096439013482538,2.551548916428236,7.409934747294318,3.551437498760275,0.3791382959026154,4.954729631540956,-5.372121249090334,-1.9736549187610823,3.254754330980148,7.540497606452642,6.196438927852832,-7.714759596501836,3.7083830367916644,-1.2576187342448906,-1.8786126309122415,6.066828686387929,6.338033161689211,10.223505704536157,-3.4042865935398128,2.9652473524085474,4.499282067301834,11.142266759494433,1.588648633460318,5.799673788542177,-1.7618755780215891,-2.9151459864951033,7.853579224781917,11.717499175161613,3.0539679885773414,9.966710962282974,6.226254270614871,3.3114627622244712,7.355991388635664,11.018668793152777,3.99400877750119,11.595305418082882,-6.779228931752658,8.341617095029433,5.693963797704784,1.0071022946422485,6.912006894134475,-5.979021235201406,3.362832688703115,7.648127293185385,10.458088534157843,-0.30884293084053627,-3.5604634605643675,1.2212004340622151,6.560445396171664,2.3500807044542853,-0.7449155546783732,8.639571150755453,6.750850180721889,10.164308461072565,2.3275611478975744,4.001351986521238,-0.22560426952920332,-3.221503886547025,6.5176908252032595,2.7559709449943335,6.340802669101953,2.532156259287539
2.5809999999998268,0.054317826931467694,-2.6796455625539197,8.315137985590665,3.1524236129483247,8.27765367148975,11.225369229797359,2.0919575376252357,1.7778830208169412,10.070253044016887,9.524102040419317,-1.2590525266900157,3.336750667779201,-0.7251330522172765,0.016914327012598734,6.371790242852964,-7.266845748765723,-2.7131033521822836,-2.1151450908664424,0.0830423130782546,6.996253140173383,-3.397182318190628,-4.806468538278921,11.557486586910198,4.899801529995409,2.5182644952539643,-4.179556585430178,2.0613499607431547,2.0511159269474786,-2.892099000993687,8.50726678838156,-1.998954516926428,3.554226007524192,-1.878803425750137,13.050612805597154,5.8070905597943545,-3.1645562064717483,10.625394894742925,-5.451779933003177,5.761111902940879,-5.495691007012213,-4.120925804112625,2.557563071493502,7.426781009242105,3.556941794731956,0.37890226060273224,4.950784487977052,-5.3996147585498,-1.9859748725810948,3.2476184859088346,7.563716981324901,6.205388223992083,-7.747943469261213,3.7169416465274425,-1.2632434495053344,-1.8900741405704786,6.081139142512624,6.360730082487013,10.244208237266358,-3.418994013656386,2.9611400352394055,4.507984266277786,11.163854592384766,1.5811420790512933,5.79803753935678,-1.7819253471538268,-2.9369931886288345,7.871906671577687,11.74670090608091,3.054604716493618,9.988858550588695,6.235563921463705,3.3006372974802516,7.36529623109371,11.051506454829987,3.995369187066873,11.628675221547047,-6.829546903486569,8.360132075464824,5.6977816694174255,1.0031990779808124,6.9159190400130655,-6.016695683145542,3.360516181294247,7.6573464749635045,10.489723345400561,-0.3171314048581272,-3.5745564022743475,1.2132422235384066,6.580830368873583,2.358732656995362,-0.7534338284058324,8.651913429765608,6.754868662056733,10.185758291231096,2.3155970163679074,3.9968756739371645,-0.23136950224396446,-3.2486972551617845,6.52569016109243,2.763268980785812,6.342981868582687,2.52954144696792
2.5909999999998257,0.05317088388393575,-2.6841198041241117,8.327149198998777,3.151735257272785,8.292684372599654,11.257906757273396,2.08935140047865,1.7752772120258404,10.10391423067491,9.541527665350257,-1.2663650840608334,3.349678798998804,-0.7323244757256435,0.009676662289075473,6.378706418632166,-7.303034423310995,-2.745524778484664,-2.12431391110338,0.06486262101944798,7.004615017173171,-3.4132658693531703,-4.8326376819577455,11.588876492636516,4.897362934333563,2.5216919896956034,-4.205974618806565,2.052539236600532,2.0554113090895574,-2.9130419421942504,8.51685767909635,-2.0088903603769226,3.550469062876206,-1.8887606276468434,13.089735299635212,5.80889754564748,-3.1836334947029856,10.643922723332874,-5.4741198756547185,5.767366105188854,-5.532807479141925,-4.145412594742712,2.5635772265587677,7.443627271189892,3.562446090703637,0.3786662253028491,4.946839344413148,-5.427108268009267,-1.9982948264011073,3.2404826408375214,7.5869363561971594,6.214337520131334,-7.78112734202059,3.7255002562632207,-1.2688681647657782,-1.9015356502287157,6.09544959863732,6.383427003284815,10.26491076999656,-3.433701433772959,2.9570327180702636,4.516686465253738,11.185442425275099,1.5736355246422686,5.796401290171382,-1.8019751162860644,-2.9588403907625658,7.890234118373456,11.775902637000208,3.0552414444098948,10.011006138894416,6.24487357231254,3.289811832736032,7.374601073551757,11.084344116507197,3.9967295966325556,11.662045025011212,-6.87986487522048,8.378647055900215,5.701599541130067,0.9992958613193765,6.919831185891656,-6.054370131089678,3.3581996738853785,7.666565656741624,10.521358156643279,-0.3254198788757181,-3.5886493439843274,1.205284013014598,6.601215341575502,2.3673846095364386,-0.7619521021332916,8.664255708775764,6.758887143391577,10.207208121389627,2.3036328848382404,3.9923993613530926,-0.2371347349587256,-3.275890623776544,6.533689496981601,2.770567016577291,6.345161068063421,2.526926634648301
2.6009999999998246,0.052033660820188246,-2.6900404278034835,8.339160412406889,3.151046901597245,8.307715073709558,11.290444284749434,2.0867452633320642,1.7726714032347397,10.137575417332933,9.558953290281197,-1.273677641431651,3.3626069302184067,-0.7395158992340105,0.0024389975655522106,6.385622594411367,-7.339223097856268,-2.7779462047870442,-2.133482731340318,0.04668292896064136,7.012976894172958,-3.4293494205157127,-4.85880682563657,11.620266398362833,4.894924338671716,2.5251194841372424,-4.232392652182953,2.043728512457909,2.059706691231636,-2.933984883394814,8.52644856981114,-2.0188262038274174,3.5467121182282204,-1.8987178295435498,13.12885779367327,5.810704531500606,-3.202710782934223,10.662450551922824,-5.49645981830626,5.773620307436829,-5.569923951271638,-4.1698993853727995,2.5695913816240337,7.460473533137679,3.567950386675318,0.37843019000296596,4.942894200849245,-5.454601777468733,-2.010614780221118,3.233346795766208,7.610155731069418,6.223286816270585,-7.814311214779967,3.734058865998999,-1.274492880026222,-1.9129971598869528,6.109760054762015,6.4061239240826175,10.28561330272676,-3.448408853889532,2.9529254009011217,4.525388664229689,11.207030258165432,1.566128970233244,5.794765040985985,-1.822024885418302,-2.980687592896297,7.908561565169226,11.805104367919505,3.0558781723261714,10.033153727200137,6.254183223161374,3.2789863679918123,7.3839059160098035,11.117181778184406,3.9980900061982383,11.695414828475377,-6.9301828469543905,8.397162036335606,5.705417412842708,0.9953926446579415,6.923743331770247,-6.092044579033814,3.3558831664765103,7.675784838519744,10.552992967885997,-0.333708352893309,-3.6027422856943074,1.1973258024907896,6.621600314277421,2.3760365620775152,-0.7704703758607507,8.67659798778592,6.762905624726422,10.228657951548158,2.2916687533085733,3.9879230487690207,-0.24289996767348676,-3.303083992391304,6.541688832870771,2.7778650523687696,6.347340267544155,2.524311822328682
2.6109999999998235,0.05090805220126937,-2.6975215784544004,8.351171625815,3.150358545921705,8.322745774819461,11.322981812225471,2.0841391261854785,1.770065594443639,10.171236603990955,9.576378915212137,-1.2809901988024688,3.3755350614380095,-0.7467073227423775,-0.00479866715797105,6.392538770190568,-7.37541177240154,-2.8103676310894246,-2.1426515515772557,0.02850323690183474,7.021338771172745,-3.445432971678255,-4.884975969315395,11.651656304089151,4.892485743009869,2.5285469785788814,-4.25881068555934,2.0349177883152865,2.064002073373715,-2.9549278245953774,8.53603946052593,-2.028762047277912,3.5429551735802347,-1.9086750314402563,13.167980287711327,5.812511517353731,-3.2217880711654603,10.680978380512773,-5.518799760957801,5.779874509684804,-5.60704042340135,-4.194386176002887,2.5756055366892996,7.477319795085466,3.5734546826469993,0.3781941547030828,4.938949057285341,-5.4820952869282,-2.022934734041128,3.226210950694895,7.633375105941677,6.232236112409836,-7.847495087539344,3.742617475734777,-1.280117595286666,-1.92445866954519,6.12407051088671,6.42882084488042,10.306315835456962,-3.463116274006105,2.9488180837319797,4.534090863205641,11.228618091055765,1.5586224158242192,5.793128791800588,-1.8420746545505398,-3.0025347950300283,7.926889011964995,11.834306098838802,3.056514900242448,10.055301315505858,6.2634928740102085,3.2681609032475927,7.39321075846785,11.150019439861616,3.999450415763921,11.728784631939542,-6.980500818688301,8.415677016770998,5.70923528455535,0.9914894279965065,6.9276554776488375,-6.12971902697795,3.353566659067642,7.685004020297863,10.584627779128715,-0.34199682691089994,-3.6168352274042874,1.189367591966981,6.64198528697934,2.384688514618592,-0.7789886495882099,8.688940266796076,6.766924106061266,10.250107781706689,2.2797046217789063,3.983446736184949,-0.2486652003882479,-3.3302773610060634,6.549688168759942,2.7851630881602483,6.349519467024889,2.521697010009063
2.6209999999998224,0.04979630219975694,-2.7066824146492894,8.363182839223112,3.149670190246165,8.337776475929365,11.355519339701509,2.0815329890388927,1.7674597856525383,10.204897790648978,9.593804540143077,-1.2883027561732865,3.3884631926576123,-0.7538987462507445,-0.012036331881494312,6.39945494596977,-7.411600446946812,-2.842789057391805,-2.1518203718141935,0.010323544843028151,7.029700648172533,-3.4615165228407974,-4.91114511299422,11.683046209815469,4.890047147348023,2.5319744730205205,-4.285228718935728,2.0261070641726637,2.068297455515794,-2.975870765795941,8.545630351240721,-2.038697890728407,3.539198228932249,-1.9186322333369628,13.207102781749384,5.814318503206857,-3.2408653593966976,10.699506209102722,-5.541139703609343,5.786128711932779,-5.644156895531062,-4.218872966632974,2.5816196917545655,7.494166057033254,3.5789589786186804,0.3779581194031997,4.935003913721437,-5.509588796387666,-2.0352546878611384,3.2190751056235816,7.6565944808139355,6.241185408549088,-7.880678960298721,3.751176085470555,-1.2857423105471097,-1.935920179203427,6.138380967011406,6.451517765678222,10.327018368187163,-3.4778236941226783,2.944710766562838,4.542793062181593,11.250205923946098,1.5511158614151945,5.791492542615191,-1.8621244236827774,-3.0243819971637596,7.945216458760765,11.863507829758099,3.0571516281587248,10.077448903811579,6.272802524859043,3.257335438503373,7.402515600925897,11.182857101538826,4.000810825329604,11.762154435403707,-7.030818790422212,8.434191997206389,5.713053156267991,0.9875862113350715,6.931567623527428,-6.167393474922086,3.351250151658774,7.694223202075983,10.616262590371432,-0.35028530092849086,-3.6309281691142674,1.1814093814431725,6.662370259681259,2.3933404671596685,-0.7875069233156691,8.701282545806231,6.77094258739611,10.27155761186522,2.2677404902492393,3.978970423600877,-0.25443043310300906,-3.357470729620823,6.557687504649112,2.792461123951727,6.351698666505623,2.519082197689444
2.6309999999998213,0.048701055985574025,-2.717646613956025,8.375194052631224,3.148981834570625,8.352807177039269,11.388056867177546,2.078926851892307,1.7648539768614375,10.238558977307001,9.611230165074018,-1.2956153135441042,3.401391323877215,-0.7610901697591115,-0.019273996605017565,6.406371121748971,-7.447789121492084,-2.875210483694185,-2.1609891920511313,-0.007856147215778445,7.03806252517232,-3.4776000740033397,-4.937314256673044,11.714436115541787,4.887608551686176,2.5354019674621595,-4.311646752312115,2.017296340030041,2.0725928376578726,-2.9968137069965044,8.555221241955511,-2.048633734178902,3.5354412842842633,-1.9285894352336692,13.246225275787442,5.816125489059982,-3.259942647627935,10.718034037692671,-5.563479646260884,5.792382914180754,-5.681273367660775,-4.243359757263061,2.5876338468198314,7.511012318981041,3.5844632745903615,0.37772208410331654,4.9310587701575335,-5.537082305847132,-2.0475746416811487,3.2119392605522683,7.679813855686194,6.250134704688339,-7.913862833058098,3.7597346952063333,-1.2913670258075536,-1.9473816888616642,6.152691423136101,6.474214686476024,10.347720900917365,-3.4925311142392514,2.940603449393696,4.5514952611575445,11.27179375683643,1.5436093070061698,5.789856293429794,-1.882174192815015,-3.046229199297491,7.963543905556534,11.892709560677396,3.0577883560750014,10.0995964921173,6.282112175707877,3.2465099737591534,7.411820443383943,11.215694763216035,4.002171234895287,11.795524238867872,-7.081136762156123,8.45270697764178,5.716871027980632,0.9836829946736365,6.935479769406019,-6.205067922866222,3.3489336442499056,7.703442383854102,10.64789740161415,-0.3585737749460818,-3.6450211108242474,1.173451170919364,6.682755232383178,2.401992419700745,-0.7960251970431282,8.713624824816387,6.7749610687309545,10.29300744202375,2.2557763587195723,3.974494111016805,-0.2601956658177702,-3.3846640982355827,6.565686840538283,2.7997591597432057,6.353877865986357,2.516467385369825
2.64099999999982,0.047625412423688125,-2.730541533165428,8.387205266039336,3.148293478895085,8.367837878149173,11.420594394653584,2.076320714745721,1.7622481680703368,10.272220163965024,9.628655790004958,-1.302927870914922,3.414319455096818,-0.7682815932674785,-0.02651166132854081,6.413287297528172,-7.483977796037356,-2.9076319099965655,-2.170158012288069,-0.026035839274585033,7.046424402172107,-3.493683625165882,-4.963483400351869,11.745826021268105,4.885169956024329,2.5388294619037985,-4.338064785688503,2.0084856158874183,2.0768882197999514,-3.017756648197068,8.564812132670301,-2.0585695776293966,3.5316843396362776,-1.9385466371303757,13.2853477698255,5.817932474913108,-3.2790199358591723,10.73656186628262,-5.585819588912425,5.798637116428729,-5.718389839790487,-4.267846547893148,2.5936480018850974,7.527858580928828,3.5899675705620426,0.3774860488034334,4.92711362659363,-5.564575815306599,-2.059894595501159,3.204803415480955,7.703033230558453,6.25908400082759,-7.947046705817475,3.7682933049421115,-1.2969917410679974,-1.9588431985199013,6.167001879260797,6.496911607273827,10.368423433647566,-3.5072385343558246,2.936496132224554,4.560197460133496,11.293381589726764,1.5361027525971451,5.7882200442443965,-1.9022239619472527,-3.068076401431222,7.981871352352304,11.921911291596693,3.058425083991278,10.12174408042302,6.291421826556712,3.2356845090149338,7.42112528584199,11.248532424893245,4.00353164446097,11.828894042332037,-7.131454733890034,8.471221958077171,5.720688899693274,0.9797797780122015,6.9393919152846095,-6.242742370810358,3.3466171368410373,7.712661565632222,10.679532212856868,-0.3668622489636727,-3.6591140525342274,1.1654929603955555,6.703140205085097,2.410644372241822,-0.8045434707705874,8.725967103826543,6.778979550065799,10.314457272182281,2.2438122271899053,3.970017798432733,-0.26596089853253135,-3.4118574668503423,6.5736861764274535,2.8070571955346844,6.356057065467091,2.513852573050206
2.650999999999819,0.04657297704143012,-2.745496912034017,8.399216479447448,3.147605123219545,8.382868579259076,11.453131922129622,2.0737145775991355,1.759642359279236,10.305881350623046,9.646081414935898,-1.3102404282857396,3.4272475863164207,-0.7754730167758455,-0.03374932605206406,6.420203473307374,-7.5201664705826285,-2.940053336298946,-2.179326832525007,-0.04421553133339165,7.0547862791718945,-3.5097671763284244,-4.989652544030694,11.777215926994423,4.882731360362483,2.5422569563454376,-4.36448281906489,1.9996748917447955,2.0811836019420302,-3.0386995893976314,8.574403023385091,-2.0685054210798914,3.527927394988292,-1.9485038390270821,13.324470263863557,5.819739460766233,-3.2980972240904096,10.75508969487257,-5.608159531563967,5.804891318676704,-5.7555063119201995,-4.292333338523235,2.5996621569503633,7.544704842876615,3.5954718665337237,0.37725001350355025,4.923168483029726,-5.592069324766065,-2.072214549321169,3.197667570409642,7.7262526054307115,6.268033296966841,-7.980230578576852,3.7768519146778896,-1.3026164563284413,-1.9703047081781384,6.181312335385492,6.519608528071629,10.389125966377767,-3.5219459544723977,2.932388815055412,4.568899659109448,11.314969422617096,1.5285961981881204,5.786583795058999,-1.9222737310794904,-3.0899236035649533,8.000198799148073,11.95111302251599,3.0590618119075548,10.143891668728742,6.300731477405546,3.224859044270714,7.430430128300037,11.281370086570455,4.004892054026652,11.862263845796202,-7.181772705623945,8.489736938512563,5.724506771405915,0.9758765613507665,6.9433040611632,-6.280416818754494,3.344300629432169,7.721880747410341,10.711167024099586,-0.3751507229812636,-3.6732069942442074,1.157534749871747,6.723525177787016,2.4192963247828985,-0.8130617444980466,8.738309382836698,6.782998031400643,10.335907102340812,2.2318480956602382,3.9655414858486613,-0.2717261312472925,-3.439050835465102,6.581685512316624,2.814355231326163,6.358236264947825,2.511237760730587
2.660999999999818,0.04554791357935395,-2.7626429894033597,8.41122769285556,3.1469167675440053,8.39789928036898,11.485669449605659,2.0711084404525497,1.7570365504881353,10.33954253728107,9.663507039866838,-1.3175529856565573,3.4401757175360235,-0.7826644402842124,-0.040986990775587304,6.427119649086575,-7.556355145127901,-2.972474762601326,-2.1884956527619446,-0.062395223392198274,7.063148156171682,-3.5258507274909667,-5.0158216877095185,11.80860583272074,4.880292764700636,2.5456844507870766,-4.390900852441278,1.9908641676021728,2.085478984084109,-3.059642530598195,8.583993914099882,-2.0784412645303862,3.524170450340306,-1.9584610409237886,13.363592757901614,5.821546446619359,-3.317174512321647,10.77361752346252,-5.630499474215508,5.811145520924679,-5.792622784049912,-4.316820129153323,2.605676312015629,7.561551104824402,3.600976162505405,0.3770139782036671,4.919223339465822,-5.6195628342255315,-2.0845345031411795,3.1905317253383285,7.74947198030297,6.2769825931060925,-8.013414451336228,3.7854105244136678,-1.308241171588885,-1.9817662178363755,6.195622791510187,6.542305448869431,10.409828499107968,-3.5366533745889708,2.92828149788627,4.5776018580854,11.33655725550743,1.5210896437790957,5.784947545873602,-1.942323500211728,-3.1117708056986846,8.018526245943843,11.980314753435287,3.0596985398238314,10.166039257034463,6.3100411282543805,3.2140335795264945,7.439734970758083,11.314207748247664,4.006252463592335,11.895633649260366,-7.2320906773578555,8.508251918947954,5.728324643118556,0.9719733446893315,6.947216207041791,-6.31809126669863,3.341984122023301,7.731099929188461,10.742801835342304,-0.38343919699885454,-3.6872999359541874,1.1495765393479385,6.743910150488935,2.427948277323975,-0.8215800182255057,8.750651661846854,6.787016512735487,10.357356932499343,2.219883964130571,3.9610651732645894,-0.27749136396205365,-3.4662442040798616,6.589684848205795,2.8216532671176418,6.360415464428559,2.508622948410968
2.670999999999817,0.04455499173516672,-2.7821078843275666,8.423238906263672,3.1462284118684654,8.412929981478884,11.518206977081697,2.068502303305964,1.7544307416970346,10.373203723939092,9.680932664797778,-1.324865543027375,3.4531038487556263,-0.7898558637925794,-0.04822465549911055,6.434035824865776,-7.592543819673173,-3.0048961889037065,-2.1976644729988823,-0.0805749154510049,7.071510033171469,-3.541934278653509,-5.041990831388343,11.839995738447058,4.877854169038789,2.5491119452287156,-4.417318885817665,1.98205344345955,2.089774366226188,-3.0805854717987584,8.593584804814672,-2.088377107980881,3.5204135056923205,-1.968418242820495,13.402715251939672,5.8233534324724845,-3.3362518005528843,10.792145352052469,-5.6528394168670495,5.817399723172654,-5.829739256179624,-4.34130691978341,2.611690467080895,7.578397366772189,3.606480458477086,0.37677794290378397,4.9152781959019185,-5.647056343684998,-2.0968544569611898,3.1833958802670153,7.772691355175229,6.285931889245344,-8.046598324095605,3.793969134149446,-1.313865886849329,-1.9932277274946126,6.209933247634883,6.5650023696672335,10.43053103183817,-3.551360794705544,2.924174180717128,4.586304057061351,11.358145088397762,1.513583089370071,5.783311296688205,-1.9623732693439657,-3.133618007832416,8.036853692739612,12.009516484354585,3.060335267740108,10.188186845340184,6.319350779103215,3.203208114782275,7.44903981321613,11.347045409924874,4.007612873158018,11.929003452724531,-7.282408649091766,8.526766899383345,5.732142514831198,0.9680701280278965,6.951128352920382,-6.355765714642766,3.3396676146144326,7.74031911096658,10.774436646585022,-0.39172767101644546,-3.7013928776641674,1.14161832882413,6.764295123190854,2.4366002298650518,-0.8300982919529649,8.76299394085701,6.791034994070332,10.378806762657874,2.207919832600904,3.9565888606805175,-0.2832565966768148,-3.493437572694621,6.597684184094965,2.8289513029091204,6.362594663909293,2.506008136091349
2.6809999999998158,0.04359962783597552,-2.804014087270559,8.435250119671784,3.1455400561929254,8.427960682588788,11.550744504557734,2.065896166159378,1.7518249329059339,10.406864910597115,9.698358289728718,-1.3321781003981927,3.466031979975229,-0.7970472873009464,-0.055462320222633796,6.440952000644978,-7.628732494218445,-3.037317615206087,-2.20683329323582,-0.09875460750981152,7.079871910171256,-3.5580178298160514,-5.068159975067168,11.871385644173376,4.875415573376943,2.5525394396703547,-4.443736919194053,1.9732427193169273,2.0940697483682666,-3.101528412999322,8.603175695529462,-2.098312951431376,3.5166565610443348,-1.9783754447172015,13.441837745977729,5.82516041832561,-3.3553290887841216,10.810673180642418,-5.675179359518591,5.823653925420629,-5.8668557283093365,-4.365793710413497,2.617704622146161,7.5952436287199765,3.611984754448767,0.3765419076039008,4.911333052338015,-5.674549853144464,-2.1091744107812,3.176260035195702,7.7959107300474875,6.294881185384595,-8.079782196854982,3.802527743885224,-1.3194906021097728,-2.0046892371528497,6.224243703759578,6.587699290465036,10.451233564568371,-3.566068214822117,2.9200668635479863,4.595006256037303,11.379732921288095,1.5060765349610463,5.781675047502808,-1.9824230384762034,-3.155465209966147,8.055181139535382,12.038718215273882,3.060971995656385,10.210334433645905,6.328660429952049,3.192382650038055,7.458344655674177,11.379883071602084,4.008973282723701,11.962373256188696,-7.332726620825677,8.545281879818736,5.735960386543839,0.9641669113664615,6.955040498798972,-6.393440162586902,3.3373511072055644,7.7495382927447,10.80607145782774,-0.4000161450340364,-3.7154858193741473,1.1336601183003214,6.784680095892773,2.4452521824061284,-0.8386165656804241,8.775336219867166,6.795053475405176,10.400256592816405,2.195955701071237,3.9521125480964456,-0.28902182939157595,-3.520630941309381,6.605683519984136,2.836249338700599,6.3647738633900275,2.50339332377173
2.6909999999998147,0.042687914145793864,-2.828473915162138,8.447261333079895,3.1448517005173855,8.442991383698692,11.583282032033772,2.0632900290127925,1.7492191241148332,10.440526097255137,9.715783914659658,-1.3394906577690104,3.478960111194832,-0.8042387108093134,-0.06269998494615704,6.447868176424179,-7.664921168763717,-3.069739041508467,-2.216002113472758,-0.11693429956861814,7.088233787171044,-3.5741013809785938,-5.094329118745993,11.902775549899694,4.872976977715096,2.5559669341119937,-4.47015495257044,1.9644319951743046,2.0983651305103455,-3.1224713541998854,8.612766586244252,-2.1082487948818707,3.512899616396349,-1.988332646613908,13.480960240015786,5.826967404178736,-3.374406377015359,10.829201009232367,-5.697519302170132,5.829908127668604,-5.903972200439049,-4.390280501043584,2.623718777211427,7.612089890667764,3.617489050420448,0.3763058723040177,4.907387908774111,-5.702043362603931,-2.1214943646012103,3.1691241901243887,7.819130104919746,6.303830481523846,-8.112966069614359,3.8110863536210022,-1.3251153173702166,-2.016150746811087,6.2385541598842735,6.610396211262838,10.471936097298572,-3.58077563493869,2.9159595463788444,4.603708455013255,11.401320754178428,1.4985699805520216,5.780038798317411,-2.0024728076084415,-3.1773124120998784,8.073508586331151,12.067919946193179,3.0616087235726615,10.232482021951625,6.337970080800884,3.1815571852938356,7.467649498132223,11.412720733279293,4.010333692289383,11.995743059652861,-7.383044592559588,8.563796860254127,5.7397782582564805,0.9602636947050265,6.958952644677563,-6.431114610531038,3.335034599796696,7.758757474522819,10.837706269070457,-0.4083046190516273,-3.7295787610841273,1.125701907776513,6.805065068594692,2.453904134947205,-0.8471348394078833,8.787678498877321,6.79907195674002,10.421706422974935,2.18399156954157,3.9476362355123737,-0.2947870621063371,-3.5478243099241404,6.613682855873306,2.843547374492078,6.366953062870762,2.500778511452111
2.7009999999998136,0.04182663139232606,-2.855583819403481,8.459272546488007,3.1441633448418456,8.458022084808595,11.61581955950981,2.0606838918662067,1.7466133153237324,10.47418728391316,9.733209539590598,-1.3468032151398281,3.4918882424144346,-0.8114301343176804,-0.06993764966968029,6.45478435220338,-7.7011098433089895,-3.1021604678108474,-2.2251709337096957,-0.13511399162742468,7.096595664170831,-3.590184932141136,-5.120498262424817,11.934165455626012,4.870538382053249,2.5593944285536327,-4.496572985946828,1.9556212710316818,2.1026605126524243,-3.143414295400449,8.622357476959042,-2.1181846383323655,3.5091426717483634,-1.9982898485106144,13.520082734053844,5.828774390031861,-3.3934836652465963,10.847728837822316,-5.719859244821674,5.836162329916579,-5.941088672568761,-4.414767291673671,2.629732932276693,7.628936152615551,3.6229933463921293,0.37606983700413454,4.903442765210207,-5.729536872063397,-2.1338143184212206,3.1619883450530755,7.842349479792005,6.312779777663097,-8.146149942373736,3.8196449633567804,-1.3307400326306604,-2.027612256469324,6.252864616008969,6.63309313206064,10.492638630028774,-3.595483055055263,2.9118522292097024,4.6124106539892065,11.422908587068761,1.491063426142997,5.7784025491320135,-2.0225225767406814,-3.1991596142336096,8.09183603312692,12.097121677112476,3.062245451488938,10.254629610257346,6.347279731649718,3.170731720549616,7.47695434059027,11.445558394956503,4.011694101855066,12.029112863117026,-7.433362564293499,8.582311840689519,5.743596129969122,0.9563604780435915,6.962864790556154,-6.468789058475174,3.332718092387828,7.767976656300939,10.869341080313175,-0.4165930930692182,-3.7436717027941073,1.1177436972527044,6.825450041296611,2.4625560874882817,-0.8556531131353424,8.800020777887477,6.8030904380748645,10.443156253133466,2.172027438011903,3.943159922928302,-0.30055229482109824,-3.5750176785389,6.621682191762477,2.8508454102835565,6.369132262351496,2.498163699132492
2.7109999999998124,0.04102323800524368,-2.885417510124862,8.471283759896119,3.1434749891663056,8.4730527859185,11.648357086985847,2.058077754719621,1.7440075065326317,10.507848470571183,9.750635164521539,-1.3541157725106459,3.5048163736340374,-0.8186215578260474,-0.07717531439320353,6.461700527982582,-7.737298517854262,-3.1345818941132277,-2.2343397539466334,-0.15329368368623117,7.104957541170618,-3.6062684833036784,-5.146667406103642,11.96555536135233,4.868099786391403,2.562821922995272,-4.522991019323215,1.946810546889059,2.106955894794503,-3.1643572366010124,8.631948367673832,-2.1281204817828603,3.5053857271003777,-2.008247050407321,13.559205228091901,5.830581375884987,-3.4125609534778336,10.866256666412266,-5.742199187473215,5.842416532164554,-5.978205144698474,-4.4392540823037585,2.635747087341959,7.645782414563338,3.6284976423638104,0.3758338017042514,4.8994976216463035,-5.757030381522863,-2.146134272241231,3.154852499981762,7.8655688546642635,6.321729073802349,-8.179333815133113,3.8282035730925585,-1.3363647478911043,-2.039073766127561,6.267175072133664,6.655790052858443,10.513341162758975,-3.6101904751718363,2.9077449120405605,4.621112852965158,11.444496419959094,1.4835568717339722,5.776766299946616,-2.0425723458729212,-3.221006816367341,8.11016347992269,12.126323408031773,3.062882179405215,10.276777198563067,6.356589382498552,3.1599062558053963,7.4862591830483165,11.478396056633713,4.013054511420749,12.062482666581191,-7.48368053602741,8.60082682112491,5.747414001681763,0.9524572613821565,6.966776936434744,-6.50646350641931,3.3304015849789597,7.7771958380790585,10.900975891555893,-0.42488156708680913,-3.7577646445040873,1.1097854867288959,6.84583501399853,2.4712080400293583,-0.8641713868628016,8.812363056897633,6.807108919409709,10.464606083291997,2.160063306482236,3.93868361034423,-0.3063175275358594,-3.6022110471536597,6.629681527651647,2.8581434460750352,6.37131146183223,2.495548886812873
2.7209999999998113,0.04028582871256393,-2.9180179855417854,8.48329497330423,3.1427866334907657,8.488083487028403,11.680894614461884,2.055471617573035,1.741401697741531,10.541509657229206,9.768060789452479,-1.3614283298814636,3.51774450485364,-0.8258129813344144,-0.08441297911672678,6.468616703761783,-7.773487192399534,-3.167003320415608,-2.243508574183571,-0.17147337574503765,7.113319418170406,-3.622352034466221,-5.172836549782467,11.996945267078647,4.865661190729556,2.566249417436911,-4.549409052699603,1.9379998227464363,2.111251276936582,-3.185300177801576,8.641539258388622,-2.138056325233355,3.501628782452392,-2.0182042523040273,13.598327722129959,5.832388361738112,-3.431638241709071,10.884784495002215,-5.764539130124756,5.848670734412529,-6.015321616828186,-4.463740872933846,2.6417612424072248,7.662628676511125,3.6340019383354916,0.37559776640436826,4.8955524780824,-5.78452389098233,-2.158454226061241,3.147716654910449,7.888788229536522,6.3306783699416,-8.21251768789249,3.8367621828283367,-1.341989463151548,-2.050535275785798,6.28148552825836,6.678486973656245,10.534043695489176,-3.6248978952884094,2.9036375948714186,4.62981505194111,11.466084252849427,1.4760503173249475,5.775130050761219,-2.062622115005161,-3.242854018501072,8.12849092671846,12.15552513895107,3.0635189073214915,10.298924786868788,6.365899033347387,3.1490807910611767,7.495564025506363,11.511233718310923,4.0144149209864315,12.095852470045356,-7.5339985077613205,8.619341801560301,5.751231873394405,0.9485540447207215,6.970689082313335,-6.544137954363446,3.3280850775700914,7.786415019857178,10.93261070279861,-0.43317004110440005,-3.7718575862140673,1.1018272762050874,6.8662199867004485,2.479859992570435,-0.8726896605902608,8.824705335907788,6.811127400744553,10.486055913450528,2.148099174952569,3.934207297760158,-0.31208276025062054,-3.6294044157684193,6.637680863540818,2.865441481866514,6.373490661312964,2.4929340744932538
2.7309999999998102,0.039623054860467,-2.953388740570095,8.495306186712343,3.1420982778152258,8.503114188138307,11.713432141937922,2.0528654804264495,1.7387958889504302,10.575170843887229,9.785486414383419,-1.3687408872522813,3.530672636073243,-0.8330044048427814,-0.09165064384025003,6.475532879540984,-7.809675866944806,-3.1994247467179884,-2.252677394420509,-0.18965306780384414,7.121681295170193,-3.638435585628763,-5.199005693461292,12.028335172804965,4.863222595067709,2.56967691187855,-4.57582708607599,1.9291890986038136,2.1155466590786607,-3.2062431190021394,8.651130149103412,-2.14799216868385,3.4978718378044062,-2.028161454200734,13.637450216168016,5.834195347591238,-3.4507155299403083,10.903312323592164,-5.786879072776298,5.854924936660504,-6.052438088957898,-4.488227663563933,2.6477753974724907,7.679474938458912,3.6395062343071727,0.3753617311044851,4.891607334518496,-5.812017400441796,-2.1707741798812514,3.1405808098391357,7.912007604408781,6.339627666080851,-8.245701560651867,3.845320792564115,-1.347614178411992,-2.0619967854440353,6.295795984383055,6.701183894454047,10.554746228219377,-3.6396053154049826,2.8995302777022767,4.638517250917062,11.48767208573976,1.4685437629159228,5.773493801575822,-2.082671884137401,-3.2647012206348034,8.146818373514229,12.184726869870367,3.064155635237768,10.32107237517451,6.375208684196221,3.138255326316957,7.50486886796441,11.544071379988132,4.015775330552114,12.129222273509521,-7.584316479495231,8.637856781995692,5.755049745107046,0.9446508280592865,6.974601228191926,-6.581812402307582,3.325768570161223,7.7956342016352975,10.964245514041329,-0.44145851512199097,-3.7859505279240473,1.0938690656812788,6.8866049594023675,2.4885119451115116,-0.8812079343177199,8.837047614917944,6.815145882079397,10.507505743609059,2.136135043422902,3.929730985176086,-0.3178479929653817,-3.656597784383179,6.6456801994299886,2.8727395176579926,6.375669860793698,2.4903192621736348
2.740999999999809,0.03904399951433929,-2.9914846718837733,8.507317400120455,3.141409922139686,8.51814488924821,11.74596966941396,2.0502593432798637,1.7361900801593295,10.608832030545251,9.802912039314359,-1.376053444623099,3.543600767292846,-0.8401958283511484,-0.09888830856377327,6.482449055320186,-7.845864541490078,-3.2318461730203687,-2.2618462146574467,-0.20783275986265062,7.13004317216998,-3.6545191367913055,-5.225174837140116,12.059725078531283,4.860783999405863,2.573104406320189,-4.602245119452378,1.9203783744611909,2.1198420412207395,-3.227186060202703,8.660721039818203,-2.1579280121343447,3.4941148931564205,-2.0381186560974403,13.676572710206074,5.836002333444363,-3.4697928181715456,10.921840152182114,-5.809219015427839,5.861179138908479,-6.089554561087611,-4.51271445419402,2.6537895525377566,7.696321200406699,3.645010530278854,0.375125695804602,4.887662190954592,-5.8395109099012625,-2.1830941337012617,3.1334449647678224,7.9352269792810395,6.348576962220102,-8.278885433411244,3.853879402299893,-1.3532388936724358,-2.0734582951022724,6.3101064405077505,6.723880815251849,10.575448760949579,-3.6543127355215557,2.8954229605331347,4.647219449893013,11.509259918630093,1.461037208506898,5.771857552390425,-2.102721653269641,-3.2865484227685346,8.165145820309998,12.213928600789664,3.064792363154045,10.34321996348023,6.384518335045056,3.1274298615727374,7.514173710422456,11.576909041665342,4.017135740117797,12.162592076973686,-7.634634451229142,8.656371762431084,5.758867616819687,0.9407476113978515,6.978513374070516,-6.619486850251718,3.323452062752355,7.804853383413417,10.995880325284046,-0.4497469891395819,-3.8000434696340273,1.0859108551574703,6.9069899321042865,2.4971638976525883,-0.8897262080451791,8.8493898939281,6.819164363414242,10.52895557376759,2.124170911893235,3.9252546725920143,-0.32361322568014284,-3.6837911529979386,6.653679535319159,2.8800375534494713,6.377849060274432,2.4877044498540157
2.750999999999808,0.03855800250732852,-3.032203476454451,8.519328613528566,3.140721566464146,8.533175590358114,11.778507196889997,2.047653206133278,1.7335842713682288,10.642493217203274,9.820337664245299,-1.3833660019939167,3.5565288985124486,-0.8473872518595154,-0.10612597328729652,6.489365231099387,-7.8820532160353505,-3.264267599322749,-2.2710150348943845,-0.2260124519214571,7.1384050491697675,-3.670602687953848,-5.251343980818941,12.091114984257601,4.858345403744016,2.576531900761828,-4.628663152828765,1.9115676503185681,2.1241374233628183,-3.2481290014032664,8.670311930532993,-2.1678638555848395,3.490357948508435,-2.0480758579941467,13.715695204244131,5.837809319297489,-3.488870106402783,10.940367980772063,-5.8315589580793805,5.867433341156454,-6.126671033217323,-4.537201244824107,2.6598037076030225,7.713167462354487,3.650514826250535,0.37488966050471884,4.883717047390689,-5.867004419360729,-2.195414087521272,3.126309119696509,7.958446354153298,6.3575262583593535,-8.31206930617062,3.862438012035671,-1.3588636089328796,-2.0849198047605095,6.324416896632446,6.746577736049652,10.59615129367978,-3.6690201556381288,2.891315643363993,4.655921648868965,11.530847751520426,1.4535306540978734,5.770221303205028,-2.1227714224018808,-3.308395624902266,8.183473267105768,12.243130331708961,3.0654290910703215,10.365367551785951,6.39382798589389,3.1166043968285178,7.523478552880503,11.609746703342552,4.01849614968348,12.195961880437851,-7.684952422963053,8.674886742866475,5.762685488532329,0.9368443947364165,6.982425519949107,-6.657161298195854,3.3211355553434867,7.814072565191537,11.027515136526764,-0.4580354631571728,-3.8141364113440073,1.0779526446336618,6.927374904806205,2.505815850193665,-0.8982444817726383,8.861732172938256,6.823182844749086,10.55040540392612,2.112206780363568,3.9207783600079424,-0.329378458394904,-3.710984521612698,6.66167887120833,2.88733558924095,6.380028259755166,2.4850896375343967
2.760999999999807,0.03817443447926412,-3.0753786100887046,8.531339826936678,3.140033210788606,8.548206291468018,11.811044724366035,2.045047068986692,1.730978462577128,10.676154403861297,9.83776328917624,-1.3906785593647344,3.5694570297320514,-0.8545786753678823,-0.11336363801081976,6.496281406878588,-7.918241890580623,-3.2966890256251293,-2.2801838551313223,-0.2441921439802636,7.146766926169555,-3.68668623911639,-5.277513124497766,12.122504889983919,4.855906808082169,2.579959395203467,-4.655081186205153,1.9027569261759454,2.128432805504897,-3.26907194260383,8.679902821247783,-2.1777996990353343,3.486601003860449,-2.058033059890853,13.754817698282189,5.8396163051506145,-3.5079473946340203,10.958895809362012,-5.853898900730922,5.873687543404429,-6.1637875053470355,-4.561688035454194,2.6658178626682885,7.730013724302274,3.656019122222216,0.3746536252048357,4.879771903826785,-5.894497928820195,-2.2077340413412823,3.119173274625196,7.981665729025557,6.366475554498605,-8.345253178929998,3.8709966217714493,-1.3644883241933234,-2.0963813144187466,6.338727352757141,6.769274656847454,10.616853826409981,-3.683727575754702,2.887208326194851,4.664623847844917,11.552435584410759,1.4460240996888487,5.76858505401963,-2.1428211915341207,-3.330242827035997,8.201800713901537,12.272332062628259,3.066065818986598,10.387515140091672,6.403137636742724,3.105778932084298,7.53278339533855,11.642584365019761,4.019856559249162,12.229331683902016,-7.735270394696964,8.693401723301866,5.76650336024497,0.9329411780749814,6.986337665827698,-6.69483574613999,3.3188190479346185,7.823291746969656,11.059149947769482,-0.4663239371747637,-3.8282293530539873,1.0699944341098533,6.947759877508124,2.5144678027347416,-0.9067627555000974,8.874074451948411,6.82720132608393,10.571855234084651,2.100242648833901,3.9163020474238706,-0.33514369110966513,-3.738177890227458,6.6696782070975,2.8946336250324287,6.3822074592359,2.4824748252147777
2.770999999999806,0.037902424667502446,-3.1207750562939354,8.54335104034479,3.139344855113066,8.563236992577922,11.843582251842072,2.0424409318401064,1.7283726537860273,10.70981559051932,9.85518891410718,-1.397991116735552,3.582385160951654,-0.8617700988762493,-0.12060130273434301,6.50319758265779,-7.954430565125895,-3.3291104519275097,-2.28935267536826,-0.26237183603907027,7.155128803169342,-3.7027697902789325,-5.3036822681765905,12.153894795710237,4.853468212420323,2.583386889645106,-4.68149921958154,1.8939462020333226,2.132728187646976,-3.2900148838043934,8.689493711962573,-2.187735542485829,3.4828440592124634,-2.0679902617875596,13.793940192320246,5.84142329100374,-3.5270246828652576,10.977423637951961,-5.876238843382463,5.879941745652404,-6.200903977476748,-4.586174826084282,2.6718320177335544,7.746859986250061,3.661523418193897,0.37441758990495255,4.875826760262881,-5.921991438279662,-2.2200539951612925,3.1120374295538826,8.004885103897816,6.375424850637856,-8.378437051689374,3.8795552315072275,-1.3701130394537673,-2.1078428240769838,6.353037808881837,6.791971577645256,10.637556359140182,-3.698434995871275,2.883101009025709,4.673326046820868,11.574023417301092,1.438517545279824,5.766948804834233,-2.1628709606663605,-3.3520900291697284,8.220128160697307,12.301533793547556,3.066702546902875,10.409662728397393,6.412447287591559,3.0949534673400785,7.542088237796596,11.675422026696971,4.021216968814845,12.262701487366181,-7.785588366430875,8.711916703737257,5.770321231957611,0.9290379614135464,6.990249811706288,-6.732510194084126,3.31650254052575,7.832510928747776,11.0907847590122,-0.47461241119235464,-3.8423222947639672,1.0620362235860448,6.968144850210043,2.523119755275818,-0.9152810292275566,8.886416730958567,6.831219807418774,10.593305064243182,2.088278517304234,3.9118257348397987,-0.3409089238244263,-3.7653712588422175,6.677677542986671,2.9019316608239074,6.384386658716634,2.4798600128951587
2.7809999999998047,0.037750554356176184,3.115096146136474,8.555362253752902,3.138656499437526,8.578267693687826,11.87611977931811,2.0398347946935207,1.7257668449949266,10.743476777177342,9.87261453903812,-1.4053036741063698,3.595313292171257,-0.8689615223846163,-0.1278389674578663,6.510113758436991,-7.990619239671167,-3.36153187822989,-2.298521495605198,-0.28055152809787703,7.163490680169129,-3.718853341441475,-5.329851411855415,12.185284701436554,4.851029616758476,2.586814384086745,-4.707917252957928,1.8851354778907,2.1370235697890547,-3.310957825004957,8.699084602677363,-2.197671385936324,3.4790871145644777,-2.077947463684266,13.833062686358303,5.843230276856866,-3.546101971096495,10.99595146654191,-5.898578786034005,5.886195947900379,-6.23802044960646,-4.610661616714369,2.6778461727988203,7.763706248197848,3.6670277141655783,0.3741815546050694,4.871881616698977,-5.949484947739128,-2.232373948981303,3.1049015844825694,8.028104478770075,6.384374146777107,-8.411620924448751,3.8881138412430056,-1.3757377547142111,-2.119304333735221,6.367348265006532,6.8146684984430586,10.658258891870384,-3.713142415987848,2.878993691856567,4.68202824579682,11.595611250191425,1.4310109908707993,5.765312555648836,-2.1829207297986004,-3.3739372313034597,8.238455607493076,12.330735524466853,3.0673392748191515,10.431810316703114,6.421756938440393,3.084128002595859,7.551393080254643,11.70825968837418,4.022577378380528,12.296071290830346,-7.8359063381647855,8.730431684172649,5.774139103670253,0.9251347447521114,6.994161957584879,-6.770184642028262,3.314186033116882,7.841730110525895,11.122419570254918,-0.48290088520994556,-3.8564152364739472,1.0540780130622363,6.988529822911962,2.531771707816895,-0.9237993029550158,8.898759009968723,6.835238288753619,10.614754894401713,2.076314385774567,3.907349422255727,-0.34667415653918743,-3.792564627456977,6.685676878875841,2.909229696615386,6.386565858197368,2.4772452005755397
2.7909999999998036,0.03772653541160964,3.0662317750762043,8.567373467161014,3.137968143761986,8.59329839479773,11.908657306794147,2.037228657546935,1.7231610362038259,10.777137963835365,9.89004016396906,-1.4126162314771875,3.6082414233908597,-0.8761529458929833,-0.13507663218138968,6.517029934216192,-8.02680791421644,-3.3939533045322703,-2.3076903158421356,-0.2987312201566838,7.171852557168917,-3.734936892604017,-5.35602055553424,12.216674607162872,4.848591021096629,2.590241878528384,-4.734335286334315,1.8763247537480772,2.1413189519311335,-3.3319007662055204,8.708675493392153,-2.2076072293868187,3.475330169916492,-2.0879046655809725,13.872185180396361,5.845037262709991,-3.5651792593277323,11.01447929513186,-5.920918728685546,5.892450150148354,-6.2751369217361725,-4.635148407344456,2.6838603278640862,7.780552510145635,3.6725320101372594,0.37394551930518627,4.867936473135074,-5.976978457198594,-2.244693902801313,3.097765739411256,8.051323853642334,6.393323442916358,-8.444804797208128,3.896672450978784,-1.381362469974655,-2.130765843393458,6.3816587211312275,6.837365419240861,10.678961424600585,-3.727849836104421,2.874886374687425,4.690730444772772,11.617199083081758,1.4235044364617746,5.763676306463439,-2.2029704989308403,-3.395784433437191,8.256783054288846,12.35993725538615,3.067976002735428,10.453957905008835,6.431066589289228,3.073302537851639,7.56069792271269,11.74109735005139,4.023937787946211,12.329441094294511,-7.886224309898696,8.74894666460804,5.777956975382894,0.9212315280906764,6.99807410346347,-6.807859089972398,3.3118695257080137,7.850949292304015,11.154054381497636,-0.4911893592275365,-3.8705081781839272,1.0461198025384277,7.008914795613881,2.5404236603579715,-0.932317576682475,8.911101288978879,6.839256770088463,10.636204724560244,2.0643502542449,3.902873109671655,-0.3524393892539486,-3.8197579960717367,6.693676214765012,2.916527732406865,6.388745057678102,2.4746303882559206
2.8009999999998025,0.03783689959679588,3.0162378586068024,8.579384680569126,3.1372797880864463,8.608329095907633,11.941194834270185,2.034622520400349,1.7205552274127252,10.810799150493388,9.9074657889,-1.4199287888480052,3.6211695546104625,-0.8833443694013503,-0.14231429690491307,6.523946109995394,-8.062996588761711,-3.4263747308346506,-2.3168591360790733,-0.31691091221549056,7.180214434168704,-3.7510204437665595,-5.382189699213065,12.24806451288919,4.8461524254347825,2.593669372970023,-4.760753319710703,1.8675140296054544,2.1456143340732123,-3.352843707406084,8.718266384106943,-2.2175430728373136,3.4715732252685063,-2.097861867477679,13.911307674434418,5.846844248563117,-3.5842565475589696,11.03300712372181,-5.943258671337087,5.898704352396329,-6.312253393865885,-4.659635197974543,2.689874482929352,7.797398772093422,3.6780363061089405,0.3737094840053031,4.86399132957117,-6.004471966658061,-2.2570138566213234,3.090629894339943,8.074543228514592,6.40227273905561,-8.477988669967505,3.905231060714562,-1.3869871852350988,-2.142227353051695,6.395969177255923,6.860062340038663,10.699663957330786,-3.7425572562209943,2.870779057518283,4.6994326437487235,11.63878691597209,1.41599788205275,5.762040057278042,-2.22302026806308,-3.417631635570922,8.275110501084615,12.389138986305447,3.068612730651705,10.476105493314556,6.440376240138062,3.0624770731074196,7.570002765170736,11.7739350117286,4.025298197511893,12.362810897758676,-7.936542281632607,8.767461645043431,5.7817748470955355,0.9173283114292414,7.00198624934206,-6.845533537916534,3.3095530182991455,7.860168474082134,11.185689192740353,-0.4994778332451274,-3.884601119893907,1.0381615920146192,7.0292997683158,2.549075612899048,-0.9408358504099341,8.923443567989034,6.843275251423307,10.657654554718775,2.052386122715233,3.898396797087583,-0.3582046219687097,-3.8469513646864963,6.7016755506541825,2.9238257681983435,6.3909242571588365,2.4720155759363016
2.8109999999998014,0.038086727495686534,2.965572875892073,8.591395893977237,3.1365914324109063,8.623359797017537,11.973732361746222,2.0320163832537634,1.7179494186216244,10.84446033715141,9.92489141383094,-1.427241346218823,3.6340976858300653,-0.8905357929097173,-0.14955196162843645,6.530862285774595,-8.099185263306984,-3.458796157137031,-2.326027956316011,-0.3350906042742973,7.188576311168491,-3.767103994929102,-5.408358842891889,12.279454418615508,4.843713829772936,2.597096867411662,-4.78717135308709,1.8587033054628317,2.149909716215291,-3.3737866486066475,8.727857274821734,-2.2274789162878084,3.4678162806205206,-2.1078190693743855,13.950430168472476,5.848651234416242,-3.603333835790207,11.051534952311759,-5.965598613988629,5.904958554644304,-6.349369865995597,-4.68412198860463,2.695888637994618,7.8142450340412095,3.6835406020806216,0.37347344870542,4.860046186007266,-6.031965476117527,-2.2693338104413336,3.0834940492686296,8.097762603386851,6.411222035194861,-8.511172542726882,3.91378967045034,-1.3926119004955426,-2.153688862709932,6.410279633380618,6.882759260836465,10.720366490060988,-3.7572646763375674,2.8666717403491413,4.708134842724675,11.660374748862424,1.4084913276437252,5.7604038080926445,-2.24307003719532,-3.4394788377046535,8.293437947880385,12.418340717224744,3.0692494585679815,10.498253081620277,6.449685890986896,3.0516516083632,7.579307607628783,11.80677267340581,4.026658607077576,12.39618070122284,-7.986860253366518,8.785976625478822,5.785592718808177,0.9134250947678064,7.005898395220651,-6.88320798586067,3.3072365108902773,7.869387655860254,11.217324003983071,-0.5077663072627189,-3.898694061603887,1.0302033814908107,7.049684741017719,2.557727565440125,-0.9493541241373933,8.93578584699919,6.847293732758152,10.679104384877306,2.040421991185566,3.893920484503511,-0.3639698546834709,-3.874144733301256,6.709674886543353,2.931123803989822,6.393103456639571,2.4694007636166826
2.8209999999998003,0.03847944438958497,2.9147135641967017,8.60340710738535,3.1359030767353664,8.63839049812744,12.00626988922226,2.0294102461071777,1.7153436098305237,10.878121523809433,9.94231703876188,-1.4345539035896406,3.647025817049668,-0.8977272164180843,-0.15678962635195984,6.537778461553796,-8.135373937852256,-3.4912175834394112,-2.335196776552949,-0.3532702963331041,7.196938188168279,-3.783187546091644,-5.434527986570714,12.310844324341826,4.841275234111089,2.600524361853301,-4.813589386463478,1.849892581320209,2.15420509835737,-3.394729589807211,8.737448165536524,-2.237414759738303,3.464059335972535,-2.117776271271092,13.989552662510533,5.850458220269368,-3.6224111240214443,11.070062780901708,-5.98793855664017,5.911212756892279,-6.38648633812531,-4.7086087792347175,2.701902793059884,7.831091295988997,3.6890448980523027,0.37323741340553684,4.856101042443362,-6.059458985576994,-2.281653764261344,3.0763582041973163,8.12098197825911,6.420171331334112,-8.54435641548626,3.9223482801861183,-1.3982366157559865,-2.1651503723681693,6.424590089505314,6.905456181634268,10.741069022791189,-3.7719720964541406,2.8625644231799994,4.716837041700627,11.681962581752757,1.4009847732347005,5.758767558907247,-2.26311980632756,-3.4613260398383847,8.311765394676154,12.447542448144041,3.069886186484258,10.520400669925998,6.458995541835731,3.0408261436189803,7.5886124500868295,11.83961033508302,4.028019016643259,12.429550504687006,-8.03717822510043,8.804491605914214,5.789410590520818,0.9095218781063714,7.009810541099242,-6.920882433804806,3.304920003481409,7.878606837638373,11.248958815225789,-0.5160547812803103,-3.912787003313867,1.0222451709670022,7.070069713719638,2.5663795179812015,-0.9578723978648525,8.948128126009346,6.851312214092996,10.700554215035837,2.028457859655899,3.8894441719194393,-0.369735087398232,-3.9013381019160156,6.717674222432524,2.938421839781301,6.395282656120305,2.4667859512970636
2.8309999999997992,0.039016703855020485,2.8641334649688317,8.615418320793461,3.1352147210598265,8.653421199237345,12.038807416698297,2.026804108960592,1.712737801039423,10.911782710467456,9.95974266369282,-1.4418664609604583,3.659953948269271,-0.9049186399264513,-0.16402729107548322,6.544694637332998,-8.171562612397528,-3.5236390097417916,-2.3443655967898867,-0.37144998839191085,7.205300065168066,-3.7992710972541865,-5.460697130249539,12.342234230068144,4.8388366384492425,2.60395185629494,-4.840007419839865,1.8410818571775862,2.1585004804994488,-3.4156725310077745,8.747039056251314,-2.247350603188798,3.460302391324549,-2.1277334731677984,14.02867515654859,5.852265206122493,-3.6414884122526816,11.088590609491657,-6.0102784992917115,5.9174669591402544,-6.423602810255022,-4.733095569864805,2.70791694812515,7.847937557936784,3.694549194023984,0.3730013781056537,4.852155898879459,-6.08695249503646,-2.293973718081354,3.069222359126003,8.144201353131368,6.429120627473363,-8.577540288245636,3.9309068899218964,-1.4038613310164303,-2.1766118820264064,6.438900545630009,6.92815310243207,10.76177155552139,-3.7866795165707137,2.8584571060108575,4.725539240676579,11.70355041464309,1.3934782188256758,5.75713130972185,-2.2831695754598,-3.483173241972116,8.330092841471924,12.476744179063338,3.070522914400535,10.542548258231719,6.468305192684565,3.0300006788747607,7.597917292544876,11.87244799676023,4.0293794262089415,12.46292030815117,-8.08749619683434,8.823006586349605,5.7932284622334596,0.9056186614449364,7.013722686977832,-6.958556881748942,3.302603496072541,7.887826019416493,11.280593626468507,-0.5243432552979018,-3.926879945023847,1.0142869604431937,7.090454686421557,2.575031470522278,-0.9663906715923116,8.960470405019501,6.85533069542784,10.722004045194367,2.016493728126232,3.8849678593353674,-0.37550032011299317,-3.9285314705307752,6.725673558321694,2.9457198755727796,6.397461855601039,2.4641711389774446
2.840999999999798,0.03969836917060393,2.8142818836431243,8.627429534201573,3.1345263653842865,8.668451900347248,12.071344944174335,2.024197971814006,1.7101319922483222,10.945443897125479,9.97716828862376,-1.449179018331276,3.6728820794888737,-0.9121100634348183,-0.1712649557990066,6.551610813112199,-8.2077512869428,-3.556060436044172,-2.3535344170268244,-0.3896296804507176,7.213661942167853,-3.815354648416729,-5.486866273928364,12.373624135794461,4.836398042787396,2.6073793507365792,-4.8664254532162525,1.8322711330349635,2.1627958626415276,-3.436615472208338,8.756629946966104,-2.257286446639293,3.4565454466765635,-2.137690675064505,14.067797650586648,5.854072191975619,-3.660565700483919,11.107118438081606,-6.032618441943253,5.9237211613882295,-6.460719282384734,-4.757582360494892,2.713931103190416,7.864783819884571,3.700053489995665,0.37276534280577056,4.848210755315555,-6.114446004495926,-2.3062936719013645,3.06208651405469,8.167420728003627,6.438069923612614,-8.610724161005013,3.9394654996576746,-1.4094860462768741,-2.1880733916846435,6.453211001754704,6.950850023229872,10.782474088251591,-3.8013869366872868,2.8543497888417155,4.73424143965253,11.725138247533422,1.385971664416651,5.755495060536453,-2.3032193445920397,-3.5050204441058472,8.348420288267693,12.505945909982636,3.0711596423168115,10.56469584653744,6.4776148435334,3.019175214130541,7.607222135002923,11.905285658437439,4.030739835774624,12.496290111615336,-8.137814168568251,8.841521566784996,5.797046333946101,0.9017154447835014,7.017634832856423,-6.996231329693078,3.3002869886636725,7.897045201194612,11.312228437711225,-0.5326317293154933,-3.940972886733827,1.0063287499193851,7.110839659123476,2.5836834230633547,-0.9749089453197708,8.972812684029657,6.859349176762684,10.743453875352898,2.004529596596565,3.8804915467512955,-0.3812655528277543,-3.955724839145535,6.733672894210865,2.9530179113642583,6.399641055081773,2.4615563266578255
2.850999999999797,0.04052259008187316,2.765565547012081,8.639440747609685,3.1338380097087466,8.683482601457152,12.103882471650373,2.0215918346674204,1.7075261834572215,10.979105083783502,9.9945939135547,-1.4564915757020938,3.6858102107084765,-0.9193014869431853,-0.17850262052253,6.5585269888914,-8.243939961488072,-3.588481862346552,-2.362703237263762,-0.40780937250952437,7.2220238191676405,-3.8314381995792712,-5.513035417607188,12.40501404152078,4.833959447125549,2.6108068451782183,-4.89284348659264,1.8234604088923407,2.1670912447836064,-3.4575584134089015,8.766220837680894,-2.2672222900897876,3.452788502028578,-2.1476478769612113,14.106920144624706,5.8558791778287445,-3.6796429887151563,11.125646266671556,-6.054958384594794,5.9299753636362045,-6.497835754514447,-4.782069151124979,2.719945258255682,7.881630081832358,3.705557785967346,0.3725293075058874,4.844265611751651,-6.141939513955393,-2.3186136257213747,3.0549506689833765,8.190640102875886,6.447019219751866,-8.64390803376439,3.9480241093934527,-1.415110761537318,-2.1995349013428807,6.4675214578794,6.9735469440276745,10.803176620981793,-3.81609435680386,2.8502424716725736,4.742943638628482,11.746726080423755,1.3784651100076264,5.753858811351056,-2.3232691137242796,-3.5268676462395785,8.366747735063463,12.535147640901933,3.071796370233088,10.58684343484316,6.486924494382234,3.0083497493863214,7.616526977460969,11.938123320114649,4.032100245340307,12.5296599150795,-8.188132140302162,8.860036547220387,5.800864205658742,0.8978122281220664,7.021546978735014,-7.033905777637214,3.2979704812548043,7.906264382972732,11.343863248953943,-0.5409202033330848,-3.955065828443807,0.9983705393955766,7.131224631825395,2.5923353756044314,-0.98342721904723,8.985154963039813,6.863367658097529,10.76490370551143,1.9925654650668994,3.8760152341672236,-0.38703078554251547,-3.9829182077602945,6.741672230100035,2.960315947155737,6.401820254562507,2.4589415143382065
2.860999999999796,0.041485960893408655,2.7183347096643824,8.651451961017797,3.1331496540332067,8.698513302567056,12.13641999912641,2.0189856975208347,1.7049203746661208,11.012766270441524,10.01201953848564,-1.4638041330729115,3.6987383419280793,-0.9264929104515522,-0.18574028524605338,6.565443164670602,-8.280128636033345,-3.6209032886489325,-2.3718720575007,-0.42598906456833113,7.230385696167428,-3.8475217507418136,-5.539204561286013,12.436403947247097,4.8315208514637025,2.6142343396198573,-4.9192615199690275,1.814649684749718,2.171386626925685,-3.478501354609465,8.775811728395684,-2.2771581335402824,3.449031557380592,-2.1576050788579177,14.146042638662763,5.85768616368187,-3.6987202769463936,11.144174095261505,-6.077298327246336,5.9362295658841795,-6.534952226644159,-4.806555941755066,2.7259594133209477,7.898476343780145,3.711062081939027,0.3722932722060043,4.840320468187747,-6.169433023414859,-2.330933579541385,3.0478148239120633,8.213859477748144,6.455968515891117,-8.677091906523767,3.956582719129231,-1.4207354767977618,-2.2109964110011178,6.481831914004095,6.996243864825477,10.823879153711994,-3.830801776920433,2.8461351545034317,4.751645837604434,11.768313913314088,1.3709585555986017,5.752222562165659,-2.3433188828565195,-3.5487148483733097,8.385075181859232,12.56434937182123,3.072433098149365,10.608991023148882,6.496234145231068,2.9975242846421017,7.625831819919016,11.970960981791858,4.03346065490599,12.563029718543666,-8.238450112036073,8.878551527655778,5.804682077371384,0.8939090114606314,7.0254591246136044,-7.07158022558135,3.295653973845936,7.9154835647508515,11.37549806019666,-0.5492086773506762,-3.969158770153787,0.9904123288717681,7.151609604527314,2.600987328145508,-0.9919454927746891,8.997497242049969,6.867386139432373,10.78635353566996,1.9806013335372346,3.8715389215831517,-0.3927960182572766,-4.010111576375055,6.749671565989206,2.9676139829472157,6.403999454043241,2.4563267020185875
2.870999999999795,0.04258373765472457,2.67287464264024,8.663463174425909,3.1324612983576667,8.71354400367696,12.168957526602448,2.016379560374249,1.70231456587502,11.046427457099547,10.02944516341658,-1.4711166904437292,3.711666473147682,-0.9336843339599192,-0.19297794996957676,6.572359340449803,-8.316317310578617,-3.653324714951313,-2.3810408777376377,-0.4441687566271379,7.238747573167215,-3.863605301904356,-5.565373704964838,12.467793852973415,4.829082255801856,2.6176618340614963,-4.945679553345415,1.8058389606070953,2.175682009067764,-3.4994442958100285,8.785402619110474,-2.287093976990777,3.4452746127326064,-2.167562280754624,14.18516513270082,5.859493149534996,-3.717797565177631,11.162701923851454,-6.099638269897877,5.9424837681321545,-6.5720686987738715,-4.8310427323851535,2.7319735683862136,7.9153226057279324,3.7165663779107083,0.37205723690612114,4.836375324623844,-6.1969265328743255,-2.3432535333613953,3.04067897884075,8.237078852620403,6.464917812030368,-8.710275779283144,3.965141328865009,-1.4263601920582056,-2.222457920659355,6.496142370128791,7.018940785623279,10.844581686442195,-3.845509197037006,2.8420278373342898,4.760348036580385,11.789901746204421,1.363452001189577,5.7505863129802615,-2.3633686519887593,-3.570562050507041,8.403402628655002,12.593551102740527,3.0730698260656415,10.631138611454602,6.505543796079903,2.986698819897882,7.635136662377063,12.003798643469068,4.034821064471672,12.59639952200783,-8.288768083769984,8.89706650809117,5.808499949084025,0.8900057947991964,7.029371270492195,-7.109254673525486,3.293337466437068,7.924702746528971,11.407132871439378,-0.5574971513682677,-3.983251711863767,0.9824541183479596,7.171994577229233,2.6096392806865847,-1.0004637665021483,9.009839521060124,6.871404620767217,10.80780336582849,1.9686372020075698,3.86706260899908,-0.39856125097203776,-4.0373049449898195,6.7576709018783765,2.9749120187386944,6.406178653523975,2.4537118896989685
2.8809999999997937,0.04381008864941259,2.629402562249516,8.67547438783402,3.131772942682127,8.728574704786864,12.201495054078485,2.013773423227663,1.6997087570839193,11.08008864375757,10.04687078834752,-1.4784292478145469,3.724594604367285,-0.9408757574682862,-0.20021561469310015,6.579275516229004,-8.352505985123889,-3.685746141253693,-2.3902096979745755,-0.46234844868594466,7.247109450167002,-3.8796888530668983,-5.5915428486436625,12.499183758699733,4.826643660140009,2.6210893285031354,-4.9720975867218025,1.7970282364644725,2.179977391209843,-3.520387237010592,8.794993509825265,-2.297029820441272,3.4415176680846207,-2.1775194826513307,14.224287626738878,5.861300135388121,-3.7368748534088683,11.181229752441403,-6.121978212549418,5.9487379703801295,-6.609185170903584,-4.855529523015241,2.7379877234514796,7.93216886767572,3.7220706738823894,0.371821201606238,4.83243018105994,-6.224420042333792,-2.3555734871814056,3.0335431337694367,8.260298227492662,6.473867108169619,-8.743459652042521,3.973699938600787,-1.4319849073186495,-2.233919430317592,6.510452826253486,7.041637706421081,10.865284219172397,-3.860216617153579,2.837920520165148,4.769050235556337,11.811489579094754,1.3559454467805523,5.748950063794864,-2.383418421120999,-3.5924092526407723,8.421730075450771,12.622752833659824,3.073706553981918,10.653286199760323,6.514853446928737,2.9758733551536625,7.644441504835109,12.036636305146278,4.036181474037355,12.629769325471996,-8.339086055503895,8.915581488526561,5.812317820796666,0.8861025781377614,7.033283416370786,-7.146929121469622,3.2910209590281996,7.9339219283070905,11.438767682682096,-0.5657856253858592,-3.997344653573747,0.9744959078241511,7.192379549931152,2.6182912332276613,-1.0089820402296064,9.02218180007028,6.8754231021020615,10.829253195987022,1.956673070477905,3.862586296415008,-0.4043264836867989,-4.064498313604584,6.765670237767547,2.982210054530173,6.408357853004709,2.4510970773793495
2.8909999999997926,0.04515835337888981,2.588069331959284,8.687485601242132,3.131084587006587,8.743605405896767,12.234032581554523,2.0111672860810774,1.6971029482928186,11.113749830415593,10.064296413278461,-1.4857418051853646,3.7375227355868876,-0.9480671809766532,-0.20745327941662353,6.586191692008206,-8.388694659669161,-3.7181675675560735,-2.3993785182115133,-0.4805281407447514,7.25547132716679,-3.8957724042294406,-5.617711992322487,12.53057366442605,4.824205064478162,2.6245168229447744,-4.99851562009819,1.7882175123218498,2.1842727733519216,-3.5413301782111555,8.804584400540055,-2.306965663891767,3.437760723436635,-2.187476684548037,14.263410120776935,5.863107121241247,-3.7559521416401056,11.199757581031353,-6.14431815520096,5.9549921726281045,-6.646301643033296,-4.880016313645328,2.7440018785167455,7.949015129623507,3.7275749698540706,0.37158516630635485,4.828485037496036,-6.251913551793258,-2.367893441001416,3.0264072886981235,8.28351760236492,6.4828164043088705,-8.776643524801898,3.9822585483365653,-1.4376096225790933,-2.245380939975829,6.524763282378181,7.064334627218884,10.885986751902598,-3.8749240372701523,2.833813202996006,4.777752434532289,11.833077411985087,1.3484388923715276,5.747313814609467,-2.403468190253239,-3.6142564547745035,8.44005752224654,12.651954564579121,3.074343281898195,10.675433788066044,6.5241630977775715,2.965047890409443,7.653746347293156,12.069473966823487,4.037541883603038,12.66313912893616,-8.389404027237806,8.934096468961952,5.816135692509308,0.8821993614763264,7.0371955622493765,-7.184603569413758,3.2887044516193313,7.94314111008521,11.470402493924814,-0.5740740994034507,-4.011437595283731,0.9665376973003426,7.212764522633071,2.626943185768738,-1.0175003139570644,9.034524079080436,6.879441583436906,10.850703026145553,1.9447089389482402,3.858109983830936,-0.41009171640156006,-4.091691682219348,6.773669573656718,2.9895080903216518,6.410537052485443,2.4484822650597304
2.9009999999997915,0.04662128958045448,2.548964817195806,8.699496814650244,3.130396231331047,8.758636107006671,12.26657010903056,2.0085611489344917,1.6944971395017179,11.147411017073615,10.081722038209401,-1.4930543625561823,3.7504508668064904,-0.9552586044850202,-0.21469094414014692,6.593107867787407,-8.424883334214433,-3.750588993858454,-2.408547338448451,-0.4987078328035582,7.263833204166577,-3.911855955391983,-5.643881136001312,12.561963570152368,4.821766468816316,2.6279443173864134,-5.024933653474577,1.779406788179227,2.1885681554940004,-3.562273119411719,8.814175291254845,-2.3169015073422616,3.4340037787886493,-2.1974338864447436,14.302532614814993,5.864914107094372,-3.775029429871343,11.218285409621302,-6.166658097852501,5.96124637487608,-6.6834181151630085,-4.904503104275415,2.7500160335820114,7.965861391571294,3.7330792658257517,0.3713491310064717,4.8245398939321325,-6.279407061252725,-2.380213394821426,3.01927144362681,8.306736977237179,6.491765700448122,-8.809827397561275,3.9908171580723435,-1.4432343378395371,-2.256842449634066,6.539073738502877,7.087031548016686,10.9066892846328,-3.8896314573867254,2.829705885826864,4.7864546335082405,11.85466524487542,1.3409323379625029,5.74567756542407,-2.423517959385479,-3.636103656908235,8.45838496904231,12.681156295498418,3.0749800098144715,10.697581376371765,6.533472748626406,2.954222425665223,7.663051189751203,12.102311628500697,4.038902293168721,12.696508932400326,-8.439721998971716,8.952611449397343,5.819953564221949,0.8782961448148914,7.041107708127967,-7.222278017357894,3.286387944210463,7.95236029186333,11.502037305167532,-0.5823625734210421,-4.025530536993715,0.958579486776534,7.23314949533499,2.6355951383098146,-1.0260185876845225,9.046866358090591,6.88346006477175,10.872152856304083,1.9327448074185754,3.853633671246864,-0.4158569491163212,-4.118885050834112,6.781668909545888,2.9968061261131305,6.412716251966177,2.4458674527401114
2.9109999999997904,0.048191293894794304,2.5121256126239064,8.711508028058356,3.129707875655507,8.773666808116575,12.299107636506598,2.005955011787906,1.6918913307106171,11.181072203731638,10.099147663140341,-1.500366919927,3.763378998026093,-0.9624500279933872,-0.2219286088636703,6.600024043566608,-8.461072008759706,-3.783010420160834,-2.417716158685389,-0.5168875248623644,7.272195081166364,-3.9279395065545253,-5.670050279680137,12.593353475878686,4.819327873154469,2.6313718118280525,-5.051351686850965,1.7705960640366043,2.192863537636079,-3.5832160606122825,8.823766181969635,-2.3268373507927564,3.4302468341406636,-2.20739108834145,14.34165510885305,5.866721092947498,-3.7941067181025803,11.236813238211251,-6.188998040504043,5.967500577124055,-6.720534587292721,-4.928989894905502,2.7560301886472773,7.982707653519081,3.738583561797433,0.37111309570658857,4.820594750368229,-6.306900570712191,-2.3925333486414364,3.012135598555497,8.329956352109438,6.500714996587373,-8.843011270320652,3.9993757678081217,-1.448859053099981,-2.2683039592923033,6.553384194627572,7.109728468814488,10.927391817363,-3.9043388775032986,2.825598568657722,4.795156832484192,11.876253077765753,1.3334257835534782,5.744041316238673,-2.443567728517719,-3.657950859041966,8.47671241583808,12.710358026417715,3.075616737730748,10.719728964677486,6.54278239947524,2.9433969609210036,7.672356032209249,12.135149290177907,4.040262702734403,12.72987873586449,-8.490039970705627,8.971126429832735,5.8237714359345905,0.8743929281534564,7.045019854006558,-7.25995246530203,3.284071436801595,7.961579473641449,11.53367211641025,-0.5906510474386336,-4.0396234787036995,0.9506212762527255,7.253534468036909,2.6442470908508913,-1.0345368614119805,9.059208637100747,6.887478546106594,10.893602686462614,1.9207806758889105,3.8491573586627923,-0.42162218183108235,-4.146078419448876,6.789668245435059,3.004104161904609,6.414895451446911,2.4432526404204924
2.9209999999997893,0.049860588069641054,2.477543938197131,8.723519241466468,3.129019519979967,8.788697509226479,12.331645163982635,2.00334887464132,1.6892855219195164,11.21473339038966,10.116573288071281,-1.5076794772978177,3.776307129245696,-0.9696414515017542,-0.2291662735871937,6.60694021934581,-8.497260683304978,-3.8154318464632144,-2.4268849789223266,-0.5350672169211707,7.280556958166152,-3.9440230577170676,-5.696219423358961,12.624743381605004,4.816889277492622,2.6347993062696915,-5.077769720227352,1.7617853398939816,2.197158919778158,-3.604159001812846,8.833357072684425,-2.3367731942432513,3.426489889492678,-2.2173482902381565,14.380777602891108,5.868528078800623,-3.8131840063338176,11.2553410668012,-6.211337983155584,5.97375477937203,-6.757651059422433,-4.953476685535589,2.7620443437125433,7.999553915466868,3.744087857769114,0.3708770604067054,4.816649606804325,-6.334394080171657,-2.4048533024614467,3.0049997534841837,8.353175726981696,6.509664292726624,-8.876195143080029,4.007934377543895,-1.4544837683604248,-2.2797654689505404,6.5676946507522675,7.1324253896122904,10.948094350093202,-3.9190462976198717,2.82149125148858,4.803859031460144,11.897840910656086,1.3259192291444535,5.742405067053276,-2.4636174976499587,-3.6797980611756973,8.495039862633849,12.739559757337013,3.076253465647025,10.741876552983207,6.552092050324075,2.932571496176784,7.681660874667296,12.167986951855116,4.041623112300086,12.763248539328655,-8.540357942439538,8.989641410268126,5.827589307647232,0.8704897114920214,7.0489319998851485,-7.297626913246166,3.2817549293927266,7.970798655419569,11.565306927652967,-0.5989395214562251,-4.053716420413684,0.942663065728917,7.273919440738828,2.652899043391968,-1.0430551351394386,9.071550916110903,6.891497027441439,10.915052516621145,1.9088165443592457,3.8446810460787204,-0.4273874145458435,-4.17327178806364,6.797667581324229,3.011402197696088,6.4170746509276455,2.4406378281008734
2.930999999999788,0.05162136798170758,2.4451767232096593,8.73553045487458,3.128331164304427,8.803728210336383,12.364182691458673,2.0007427374947344,1.6866797131284157,11.248394577047684,10.133998913002221,-1.5149920346686354,3.789235260465299,-0.9768328750101212,-0.23640393831071707,6.613856395125011,-8.53344935785025,-3.8478532727655947,-2.4360537991592643,-0.5532469089799769,7.288918835165939,-3.96010660887961,-5.722388567037786,12.656133287331322,4.814450681830776,2.6382268007113305,-5.10418775360374,1.7529746157513588,2.201454301920237,-3.6251019430134095,8.842947963399215,-2.346709037693746,3.422732944844692,-2.227305492134863,14.419900096929165,5.870335064653749,-3.832261294565055,11.27386889539115,-6.233677925807125,5.980008981620005,-6.794767531552146,-4.977963476165677,2.768058498777809,8.016400177414656,3.749592153740795,0.3706410251068223,4.812704463240421,-6.361887589631124,-2.417173256281457,2.9978639084128704,8.376395101853955,6.518613588865875,-8.909379015839406,4.016492987279669,-1.4601084836208686,-2.2912269786087776,6.582005106876963,7.155122310410093,10.968796882823403,-3.9337537177364448,2.8173839343194382,4.812561230436096,11.919428743546419,1.3184126747354288,5.740768817867878,-2.4836672667821986,-3.7016452633094286,8.513367309429619,12.76876148825631,3.0768901935633015,10.764024141288928,6.561401701172909,2.9217460314325643,7.6909657171253425,12.200824613532326,4.042983521865769,12.79661834279282,-8.590675914173449,9.008156390703517,5.831407179359873,0.8665864948305864,7.052844145763739,-7.335301361190302,3.2794384219838584,7.980017837197688,11.596941738895685,-0.6072279954738166,-4.067809362123668,0.9347048552051085,7.294304413440747,2.6615509959330446,-1.0515734088668967,9.083893195121059,6.895515508776283,10.936502346779676,1.896852412829581,3.8402047334946485,-0.43315264726060465,-4.200465156678404,6.8056669172134,3.0187002334875666,6.41925385040838,2.4380230157812544
2.940999999999787,0.05346591675350808,2.414954177665163,8.747541668282691,3.127642808628887,8.818758911446286,12.39672021893471,1.9981366003481487,1.684073904337315,11.282055763705706,10.151424537933162,-1.5223045920394531,3.8021633916849016,-0.9840242985184882,-0.24364160303424046,6.6207725709042125,-8.569638032395522,-3.880274699067975,-2.445222619396202,-0.5714266010387831,7.297280712165726,-3.9761901600421523,-5.748557710716611,12.68752319305764,4.812012086168929,2.6416542951529696,-5.130605786980127,1.744163891608736,2.2057496840623156,-3.646044884213973,8.852538854114005,-2.356644881144241,3.4189760001967064,-2.2372626940315694,14.459022590967223,5.872142050506874,-3.8513385827962923,11.2923967239811,-6.256017868458667,5.98626318386798,-6.831884003681858,-5.002450266795764,2.774072653843075,8.033246439362443,3.755096449712476,0.37040498980693914,4.8087593196765175,-6.38938109909059,-2.4294932101014672,2.990728063341557,8.399614476726214,6.527562885005127,-8.942562888598783,4.025051597015443,-1.4657331988813125,-2.3026884882670147,6.596315563001658,7.177819231207895,10.989499415553604,-3.948461137853018,2.8132766171502963,4.821263429412047,11.941016576436752,1.310906120326404,5.739132568682481,-2.5037170359144385,-3.72349246544316,8.531694756225388,12.797963219175607,3.077526921479578,10.786171729594649,6.5707113520217435,2.9109205666883446,7.700270559583389,12.233662275209536,4.0443439314314515,12.829988146256985,-8.64099388590736,9.026671371138908,5.8352250510725145,0.8626832781691514,7.05675629164233,-7.372975809134438,3.27712191457499,7.989237018975808,11.628576550138403,-0.615516469491408,-4.081902303833653,0.9267466446813,7.314689386142666,2.670202948474121,-1.0600916825943547,9.096235474131214,6.899533990111127,10.957952176938207,1.8848882812999161,3.8357284209105766,-0.4389178799753658,-4.227658525293168,6.8136662531025705,3.0259982692790452,6.421433049889114,2.4354082034616353
2.950999999999786,0.05538668576190612,2.386787421382123,8.759552881690803,3.1269544529533473,8.83378961255619,12.429257746410748,1.995530463201563,1.6814680955462142,11.31571695036373,10.168850162864102,-1.5296171494102708,3.8150915229045044,-0.9912157220268552,-0.2508792677577638,6.627688746683414,-8.605826706940794,-3.9126961253703554,-2.45439143963314,-0.5896062930975893,7.3056425891655135,-3.9922737112046947,-5.7747268543954355,12.718913098783958,4.809573490507082,2.6450817895946086,-5.157023820356515,1.7353531674661133,2.2100450662043944,-3.6669878254145365,8.862129744828795,-2.3665807245947357,3.4152190555487207,-2.247219895928276,14.49814508500528,5.87394903636,-3.8704158710275296,11.310924552571048,-6.278357811110208,5.992517386115955,-6.86900047581157,-5.026937057425851,2.780086808908341,8.05009270131023,3.7606007456841573,0.370168954507056,4.804814176112614,-6.4168746085500565,-2.4418131639214775,2.983592218270244,8.422833851598472,6.536512181144378,-8.97574676135816,4.0336102067512165,-1.4713579141417563,-2.314149997925252,6.610626019126354,7.200516152005697,11.010201948283806,-3.963168557969591,2.8091692999811544,4.829965628387999,11.962604409327085,1.3033995659173794,5.737496319497084,-2.5237668050466784,-3.745339667576891,8.550022203021157,12.827164950094904,3.078163649395855,10.80831931790037,6.580021002870578,2.900095101944125,7.709575402041436,12.266499936886746,4.045704340997134,12.86335794972115,-8.69131185764127,9.0451863515743,5.839042922785156,0.8587800615077164,7.0606684375209205,-7.410650257078574,3.274805407166122,7.998456200753927,11.660211361381121,-0.6238049435089995,-4.095995245543637,0.9187884341574915,7.335074358844585,2.678854901015198,-1.0686099563218128,9.10857775314137,6.9035524714459715,10.979402007096738,1.8729241497702513,3.8312521083265048,-0.44468311269012695,-4.254851893907932,6.821665588991741,3.033296305070524,6.423612249369848,2.4327933911420163
2.960999999999785,0.057376348589150826,2.3605749657780244,8.771564095098915,3.1262660972778074,8.848820313666094,12.461795273886786,1.9929243260549772,1.6788622867551135,11.349378137021752,10.186275787795042,-1.5369297067810885,3.828019654124107,-0.9984071455352221,-0.2581169324812872,6.634604922462615,-8.642015381486067,-3.9451175516727357,-2.4635602598700777,-0.6077859851563955,7.314004466165301,-4.008357262367236,-5.80089599807426,12.750303004510275,4.807134894845236,2.6485092840362476,-5.183441853732902,1.7265424433234906,2.2143404483464733,-3.6879307666151,8.871720635543586,-2.3765165680452305,3.411462110900735,-2.2571770978249823,14.537267579043338,5.8757560222131255,-3.889493159258767,11.329452381160998,-6.3006977537617495,5.99877158836393,-6.906116947941283,-5.051423848055938,2.786100963973607,8.066938963258018,3.7661050416558384,0.36993291920717286,4.80086903254871,-6.444368118009523,-2.454133117741488,2.9764563731989306,8.446053226470731,6.545461477283629,-9.008930634117537,4.04216881648699,-1.4769826294022002,-2.325611507583489,6.624936475251049,7.2232130728035,11.030904481014007,-3.977875978086164,2.8050619828120125,4.838667827363951,11.984192242217418,1.2958930115083547,5.735860070311687,-2.5438165741789183,-3.7671868697106223,8.568349649816927,12.856366681014201,3.0788003773121315,10.830466906206091,6.589330653719412,2.8892696371999054,7.718880244499482,12.299337598563955,4.047064750562817,12.896727753185315,-8.741629829375182,9.06370133200969,5.842860794497797,0.8548768448462813,7.064580583399511,-7.44832470502271,3.2724888997572537,8.007675382532039,11.691846172623839,-0.632093417526591,-4.110088187253622,0.9108302236336829,7.355459331546504,2.6875068535562745,-1.0771282300492708,9.120920032151526,6.907570952780816,11.000851837255269,1.8609600182405865,3.826775795742433,-0.4504483454048881,-4.282045262522696,6.829664924880912,3.0405943408620026,6.425791448850582,2.4301785788223973
2.970999999999784,0.05942783328162861,2.3362080077314995,8.783575308507027,3.1255777416022674,8.863851014775998,12.494332801362823,1.9903181889083914,1.6762564779640128,11.383039323679775,10.203701412725982,-1.5442422641519062,3.84094778534371,-1.00559856904359,-0.2653545972048106,6.6415210982418165,-8.678204056031339,-3.977538977975116,-2.4727290801070154,-0.6259656772152017,7.322366343165088,-4.024440813529774,-5.827065141753085,12.781692910236593,4.804696299183389,2.6519367784778867,-5.20985988710929,1.7177317191808679,2.218635830488552,-3.7088737078156635,8.881311526258376,-2.3864524114957253,3.4077051662527493,-2.267134299721689,14.576390073081395,5.877563008066251,-3.9085704474900043,11.347980209750947,-6.323037696413291,6.005025790611905,-6.943233420070995,-5.075910638686025,2.792115119038873,8.083785225205805,3.7716093376275195,0.3696968839072897,4.796923888984806,-6.471861627468989,-2.466453071561498,2.9693205281276174,8.46927260134299,6.55441077342288,-9.042114506876914,4.050727426222764,-1.482607344662644,-2.337073017241726,6.6392469313757445,7.245909993601302,11.051607013744208,-3.992583398202737,2.8009546656428705,4.847370026339902,12.00578007510775,1.28838645709933,5.73422382112629,-2.563866343311158,-3.7890340718443536,8.586677096612696,12.885568411933498,3.079437105228408,10.852614494511812,6.598640304568247,2.8784441724556857,7.728185086957529,12.332175260241165,4.0484251601285,12.93009755664948,-8.791947801109092,9.082216312445082,5.846678666210439,0.8509736281848463,7.068492729278102,-7.485999152966846,3.2701723923483854,8.01689456431015,11.723480983866557,-0.6403818915441825,-4.124181128963606,0.9028720131098744,7.375844304248423,2.696158806097351,-1.0856465037767289,9.133262311161682,6.91158943411566,11.0223016674138,1.8489958867109217,3.822299483158361,-0.45621357811964924,-4.30923863113746,6.837664260770082,3.0478923766534813,6.427970648331316,2.4275637665027783
2.9809999999997827,0.06153433798847324,2.313574601713692,8.795586521915139,3.1248893859267275,8.878881715885901,12.52687032883886,1.9877120517618057,1.673650669172912,11.416700510337797,10.221127037656922,-1.551554821522724,3.8538759165633127,-1.0127899925519581,-0.27259226192833397,6.648437274021018,-8.714392730576611,-4.009960404277495,-2.481897900343953,-0.6441453692740079,7.330728220164875,-4.0405243646923115,-5.85323428543191,12.813082815962911,4.802257703521542,2.6553642729195257,-5.236277920485677,1.7089209950382451,2.222931212630631,-3.729816649016227,8.890902416973166,-2.39638825494622,3.4039482216047636,-2.2770915016183952,14.615512567119453,5.879369993919377,-3.9276477357212416,11.366508038340896,-6.345377639064832,6.01127999285988,-6.9803498922007075,-5.1003974293161125,2.798129274104139,8.100631487153592,3.7771136335992006,0.3694608486074066,4.7929787454209025,-6.499355136928456,-2.4787730253815083,2.962184683056304,8.492491976215248,6.5633600695621315,-9.07529837963629,4.059286035958538,-1.4882320599230878,-2.348534526899963,6.65355738750044,7.268606914399104,11.07230954647441,-4.007290818319309,2.7968473484737286,4.856072225315854,12.027367907998084,1.2808799026903053,5.7325875719408925,-2.583916112443398,-3.810881273978085,8.605004543408466,12.914770142852795,3.080073833144685,10.874762082817533,6.607949955417081,2.867618707711466,7.737489929415576,12.365012921918375,4.0497855696941825,12.963467360113645,-8.842265772843003,9.100731292880473,5.85049653792308,0.8470704115234113,7.072404875156693,-7.523673600910982,3.267855884939517,8.02611374608826,11.755115795109274,-0.6486703655617739,-4.1382740706735905,0.8949138025860659,7.396229276950342,2.704810758638428,-1.094164777504187,9.145604590171837,6.915607915450504,11.04375149757233,1.837031755181257,3.817823170574289,-0.4619788108344104,-4.336431999752224,6.845663596659253,3.05519041244496,6.43014984781205,2.4249489541831593
2.9909999999997816,0.06368933442772416,2.292562835918294,8.80759773532325,3.1242010302511876,8.893912416995805,12.559407856314898,1.98510591461522,1.6710448603818113,11.45036169699582,10.238552662587862,-1.5588673788935417,3.8668040477829155,-1.0199814160603262,-0.27982992665185735,6.655353449800219,-8.750581405121883,-4.04238183057987,-2.491066720580891,-0.6623250613328141,7.339090097164663,-4.056607915854849,-5.879403429110734,12.844472721689229,4.799819107859696,2.6587917673611647,-5.262695953862065,1.7001102708956224,2.2272265947727097,-3.7507595902167905,8.900493307687956,-2.406324098396715,3.400191276956778,-2.2870487035151017,14.65463506115751,5.881176979772502,-3.946725023952479,11.385035866930846,-6.367717581716374,6.017534195107855,-7.01746636433042,-5.1248842199462,2.8041434291694047,8.11747774910138,3.7826179295708817,0.36922481330752344,4.789033601856999,-6.526848646387922,-2.4910929792015186,2.955048837984991,8.515711351087507,6.572309365701383,-9.108482252395667,4.067844645694311,-1.4938567751835317,-2.3599960365582002,6.667867843625135,7.291303835196906,11.09301207920461,-4.021998238435877,2.7927400313045867,4.864774424291806,12.048955740888417,1.2733733482812806,5.730951322755495,-2.603965881575638,-3.832728476111816,8.623331990204235,12.943971873772092,3.0807105610609615,10.896909671123254,6.6172596062659155,2.8567932429672465,7.746794771873622,12.397850583595584,4.051145979259865,12.99683716357781,-8.892583744576914,9.119246273315865,5.854314409635721,0.8431671948619763,7.076317021035283,-7.561348048855118,3.265539377530649,8.03533292786637,11.786750606351992,-0.6569588395793654,-4.152367012383575,0.8869555920622574,7.416614249652261,2.7134627111795044,-1.102683051231645,9.157946869181993,6.919626396785349,11.065201327730861,1.8250676236515921,3.813346857990217,-0.46774404354917154,-4.363625368366988,6.853662932548423,3.0624884482364387,6.432329047292784,2.4223341418635402
3.0009999999997805,0.06588656287234021,2.2730631631358507,8.819608948731362,3.1235126745756476,8.908943118105709,12.591945383790936,1.9824997774686342,1.6684390515907106,11.484022883653843,10.255978287518802,-1.5661799362643594,3.8797321790025183,-1.0271728395686943,-0.28706759137538074,6.6622696255794205,-8.786770079667155,-4.074803256882246,-2.5002355408178287,-0.6805047533916203,7.34745197416445,-4.072691467017387,-5.905572572789559,12.875862627415547,4.797380512197849,2.6622192618028038,-5.289113987238452,1.6912995467529996,2.2315219769147885,-3.771702531417354,8.910084198402746,-2.4162599418472097,3.396434332308792,-2.297005905411808,14.693757555195567,5.882983965625628,-3.9658023121837163,11.403563695520795,-6.390057524367915,6.02378839735583,-7.054582836460132,-5.149371010576287,2.8101575842346707,8.134324011049166,3.788122225542563,0.3689887780076403,4.785088458293095,-6.554342155847388,-2.503412933021529,2.9479129929136776,8.538930725959766,6.581258661840634,-9.141666125155044,4.076403255430085,-1.4994814904439755,-2.3714575462164373,6.682178299749831,7.314000755994709,11.113714611934812,-4.036705658552446,2.788632714135445,4.8734766232677575,12.07054357377875,1.2658667938722559,5.729315073570098,-2.624015650707878,-3.8545756782455474,8.641659437000005,12.97317360469139,3.081347288977238,10.919057259428975,6.62656925711475,2.845967778223027,7.756099614331669,12.430688245272794,4.052506388825548,13.030206967041975,-8.942901716310825,9.137761253751256,5.858132281348363,0.8392639782005413,7.080229166913874,-7.599022496799254,3.2632228701217807,8.044552109644481,11.81838541759471,-0.6652473135969569,-4.166459954093559,0.8789973815384489,7.43699922235418,2.722114663720581,-1.111201324959103,9.170289148192149,6.923644878120193,11.086651157889392,1.8131034921219273,3.8088705454061453,-0.4735092762639327,-4.390818736981752,6.861662268437594,3.0697864840279174,6.434508246773518,2.419719329543921
3.0109999999997794,0.06812002159096425,2.254970039382401,8.831620162139474,3.1228243189001077,8.923973819215613,12.624482911266973,1.9798936403220484,1.6658332427996099,11.517684070311866,10.273403912449742,-1.573492493635177,3.892660310222121,-1.0343642630770624,-0.2943052560989041,6.669185801358622,-8.822958754212427,-4.107224683184622,-2.5094043610547665,-0.6986844454504265,7.355813851164237,-4.088775018179925,-5.931741716468384,12.907252533141865,4.794941916536002,2.665646756244443,-5.31553202061484,1.682488822610377,2.2358173590568673,-3.7926454726179175,8.919675089117536,-2.4261957852977045,3.3926773876608065,-2.3069631073085146,14.732880049233625,5.884790951478753,-3.9848796004149536,11.422091524110744,-6.412397467019456,6.030042599603805,-7.0916993085898445,-5.173857801206374,2.8161717392999366,8.151170272996954,3.793626521514244,0.36875274270775715,4.781143314729191,-6.581835665306855,-2.515732886841539,2.9407771478423643,8.562150100832024,6.590207957979885,-9.174849997914421,4.084961865165859,-1.5051062057044193,-2.3829190558746745,6.696488755874526,7.336697676792511,11.134417144665013,-4.051413078669015,2.784525396966303,4.882178822243709,12.092131406669083,1.2583602394632312,5.727678824384701,-2.6440654198401177,-3.8764228803792786,8.659986883795774,13.002375335610687,3.081984016893515,10.941204847734696,6.635878907963584,2.835142313478807,7.765404456789716,12.463525906950004,4.053866798391231,13.06357677050614,-8.993219688044736,9.156276234186647,5.861950153061004,0.8353607615391063,7.084141312792465,-7.63669694474339,3.2609063627129125,8.053771291422592,11.850020228837428,-0.6735357876145484,-4.180552895803544,0.8710391710146403,7.457384195056099,2.7307666162616577,-1.1197195986865611,9.182631427202304,6.927663359455037,11.108100988047923,1.8011393605922625,3.8043942328220735,-0.47927450897869384,-4.4180121055965165,6.869661604326764,3.077084519819396,6.436687446254252,2.417104517224302
3.0209999999997783,0.07038395299106028,2.23818301219582,8.843631375547586,3.1221359632245678,8.939004520325517,12.657020438743011,1.9772875031754626,1.6632274340085091,11.551345256969888,10.290829537380683,-1.5808050510059948,3.905588441441724,-1.0415556865854305,-0.3015429208224275,6.676101977137823,-8.8591474287577,-4.139646109486998,-2.5185731812917043,-0.7168641375092327,7.3641757281640245,-4.104858569342463,-5.957910860147209,12.938642438868182,4.792503320874156,2.669074250686082,-5.341950053991227,1.6736780984677542,2.240112741198946,-3.813588413818481,8.929265979832326,-2.4361316287481993,3.388920443012821,-2.316920309205221,14.772002543271682,5.886597937331879,-4.003956888646191,11.440619352700693,-6.434737409670998,6.03629680185178,-7.128815780719557,-5.198344591836461,2.8221858943652025,8.16801653494474,3.799130817485925,0.368516707407874,4.7771981711652876,-6.609329174766321,-2.5280528406615494,2.933641302771051,8.585369475704283,6.599157254119136,-9.208033870673798,4.0935204749016325,-1.5107309209648632,-2.3943805655329116,6.7107992119992215,7.359394597590313,11.155119677395215,-4.066120498785583,2.780418079797161,4.890881021219661,12.113719239559416,1.2508536850542065,5.726042575199304,-2.6641151889723576,-3.89827008251301,8.678314330591544,13.031577066529984,3.0826207448097915,10.963352436040417,6.645188558812419,2.8243168487345875,7.774709299247762,12.496363568627213,4.055227207956913,13.096946573970305,-9.043537659778647,9.174791214622038,5.8657680247736455,0.8314575448776713,7.088053458671055,-7.674371392687526,3.258589855304044,8.062990473200703,11.881655040080146,-0.6818242616321398,-4.194645837513528,0.8630809604908318,7.477769167758018,2.7394185688027344,-1.1282378724140192,9.19497370621246,6.9316818407898815,11.129550818206454,1.7891752290625977,3.7999179202380016,-0.485039741693455,-4.4452054742112805,6.877660940215935,3.084382555610875,6.438866645734986,2.414489704904683
3.030999999999777,0.07267282812724507,2.2226073828076394,8.855642588955698,3.121447607549028,8.95403522143542,12.689557966219049,1.974681366028877,1.6606216252174084,11.585006443627911,10.308255162311623,-1.5881176083768125,3.9185165726613267,-1.0487471100937986,-0.3087805855459509,6.6830181529170245,-8.895336103302972,-4.172067535789374,-2.527742001528642,-0.7350438295680389,7.372537605163812,-4.120942120505001,-5.984080003826033,12.9700323445945,4.790064725212309,2.672501745127721,-5.368368087367615,1.6648673743251314,2.244408123341025,-3.8345313550190445,8.938856870547117,-2.446067472198694,3.385163498364835,-2.3268775111019275,14.81112503730974,5.888404923185004,-4.023034176877428,11.459147181290643,-6.457077352322539,6.042551004099755,-7.165932252849269,-5.222831382466548,2.8282000494304684,8.184862796892528,3.804635113457606,0.36828067210799087,4.773253027601384,-6.636822684225788,-2.5403727944815597,2.926505457699738,8.608588850576542,6.608106550258388,-9.241217743433175,4.102079084637406,-1.516355636225307,-2.4058420751911487,6.725109668123917,7.3820915183881155,11.175822210125416,-4.080827918902152,2.776310762628019,4.899583220195613,12.135307072449748,1.2433471306451818,5.724406326013907,-2.6841649581045974,-3.920117284646741,8.696641777387313,13.06077879744928,3.083257472726068,10.985500024346138,6.654498209661253,2.813491383990368,7.784014141705809,12.529201230304423,4.056587617522596,13.13031637743447,-9.093855631512557,9.19330619505743,5.869585896486287,0.8275543282162363,7.091965604549646,-7.712045840631662,3.256273347895176,8.072209654978813,11.913289851322864,-0.6901127356497313,-4.208738779223513,0.8551227499670233,7.498154140459937,2.748070521343811,-1.1367561461414772,9.207315985222616,6.935700322124726,11.151000648364985,1.777211097532933,3.7954416076539297,-0.49080497440821613,-4.472398842826045,6.885660276105106,3.0916805914023535,6.44104584521572,2.411874892585064
3.040999999999776,0.07498133076247539,2.208154546524221,8.86765380236381,3.120759251873488,8.969065922545324,12.722095493695086,1.9720752288822911,1.6580158164263077,11.618667630285934,10.325680787242563,-1.5954301657476302,3.9314447038809295,-1.0559385336021667,-0.3160182502694743,6.689934328696226,-8.931524777848244,-4.20448896209175,-2.53691082176558,-0.7532235216268451,7.380899482163599,-4.137025671667539,-6.010249147504858,13.001422250320818,4.787626129550462,2.67592923956936,-5.394786120744002,1.6560566501825087,2.2487035054831037,-3.855474296219608,8.948447761261907,-2.456003315649189,3.3814065537168494,-2.336834712998634,14.850247531347797,5.89021190903813,-4.042111465108666,11.477675009880592,-6.4794172949740805,6.04880520634773,-7.203048724978982,-5.247318173096636,2.8342142044957344,8.201709058840315,3.8101394094292873,0.36804463680810773,4.76930788403748,-6.664316193685254,-2.55269274830157,2.9193696126284245,8.6318082254488,6.617055846397639,-9.274401616192552,4.11063769437318,-1.5219803514857508,-2.417303584849386,6.739420124248612,7.404788439185918,11.196524742855617,-4.095535339018721,2.772203445458877,4.908285419171564,12.156894905340081,1.235840576236157,5.7227700768285095,-2.7042147272368373,-3.9419644867804724,8.714969224183083,13.089980528368578,3.083894200642345,11.007647612651859,6.663807860510087,2.8026659192461483,7.7933189841638555,12.562038891981633,4.057948027088279,13.163686180898635,-9.144173603246468,9.21182117549282,5.873403768198928,0.8236511115548013,7.095877750428237,-7.749720288575798,3.2539568404863077,8.081428836756924,11.944924662565581,-0.6984012096673228,-4.222831720933497,0.8471645394432148,7.5185391131618555,2.7567224738848877,-1.1452744198689353,9.219658264232772,6.93971880345957,11.172450478523515,1.7652469660032681,3.790965295069858,-0.4965702071229773,-4.499592211440809,6.893659611994276,3.098978627193832,6.4432250446964545,2.409260080265445
3.050999999999775,0.07730434179728421,2.194742096267234,8.879665015771922,3.120070896197948,8.984096623655228,12.754633021171124,1.9694690917357054,1.655410007635207,11.652328816943957,10.343106412173503,-1.602742723118448,3.9443728351005323,-1.0631299571105348,-0.32325591499299766,6.696850504475427,-8.967713452393516,-4.236910388394126,-2.5460796420025176,-0.7714032136856513,7.3892613591633864,-4.153109222830077,-6.036418291183683,13.032812156047136,4.785187533888616,2.679356734010999,-5.42120415412039,1.647245926039886,2.2529988876251825,-3.8764172374201715,8.958038651976697,-2.4659391590996838,3.3776496090688637,-2.3467919148953404,14.889370025385855,5.8920188948912555,-4.061188753339903,11.496202838470541,-6.501757237625622,6.055059408595705,-7.240165197108694,-5.271804963726723,2.8402283595610003,8.218555320788102,3.8156437054009684,0.3678086015082246,4.765362740473576,-6.69180970314472,-2.5650127021215803,2.9122337675571113,8.655027600321059,6.62600514253689,-9.30758548895193,4.119196304108954,-1.5276050667461947,-2.428765094507623,6.753730580373308,7.42748535998372,11.217227275585818,-4.110242759135289,2.768096128289735,4.916987618147516,12.178482738230414,1.2283340218271324,5.721133827643112,-2.724264496369077,-3.9638116889142037,8.733296670978852,13.119182259287875,3.0845309285586215,11.02979520095758,6.673117511358922,2.7918404545019286,7.802623826621902,12.594876553658843,4.059308436653962,13.1970559843628,-9.194491574980379,9.230336155928212,5.8772216399115695,0.8197478948933663,7.099789896306827,-7.787394736519934,3.2516403330774395,8.090648018535035,11.9765594738083,-0.7066896836849142,-4.2369246626434816,0.8392063289194063,7.5389240858637745,2.7653744264259643,-1.1537926935963934,9.232000543242927,6.943737284794414,11.193900308682046,1.7532828344736033,3.786488982485786,-0.5023354398377387,-4.526785580055573,6.901658947883447,3.106276662985311,6.445404244177189,2.406645267945826
3.060999999999774,0.07963692459887894,2.1822937567333747,8.891676229180034,3.119382540522408,8.999127324765132,12.787170548647161,1.9668629545891196,1.6528041988441062,11.68599000360198,10.360532037104443,-1.6100552804892656,3.957300966320135,-1.070321380618903,-0.33049357971652105,6.7037666802546285,-9.003902126938788,-4.269331814696502,-2.5552484622394553,-0.7895829057444576,7.397623236163174,-4.169192773992615,-6.0625874348625075,13.064202061773454,4.782748938226769,2.682784228452638,-5.447622187496777,1.6384352018972632,2.2572942697672613,-3.897360178620735,8.967629542691487,-2.4758750025501786,3.373892664420878,-2.356749116792047,14.928492519423912,5.893825880744381,-4.08026604157114,11.51473066706049,-6.524097180277163,6.06131361084368,-7.277281669238406,-5.29629175435681,2.846242514626266,8.23540158273589,3.8211480013726495,0.36757256620834144,4.761417596909673,-6.719303212604187,-2.5773326559415906,2.905097922485798,8.678246975193318,6.634954438676141,-9.340769361711306,4.127754913844727,-1.5332297820066385,-2.44022660416586,6.768041036498003,7.450182280781522,11.23792980831602,-4.124950179251858,2.7639888111205932,4.925689817123468,12.200070571120747,1.2208274674181077,5.719497578457715,-2.744314265501317,-3.985658891047935,8.751624117774622,13.148383990207172,3.085167656474898,11.0519427892633,6.682427162207756,2.781014989757709,7.811928669079949,12.627714215336052,4.060668846219644,13.230425787826965,-9.24480954671429,9.248851136363603,5.881039511624211,0.8158446782319313,7.103702042185418,-7.82506918446407,3.2493238256685713,8.099867200313145,12.008194285051017,-0.7149781577025057,-4.251017604353466,0.8312481183955978,7.5593090585656935,2.774026378967041,-1.1623109673238514,9.244342822253083,6.947755766129259,11.215350138840577,1.7413187029439385,3.782012669901714,-0.5081006725525004,-4.553978948670337,6.909658283772617,3.1135746987767896,6.447583443657923,2.404030455626207
3.070999999999773,0.08197431155199815,2.170739201624126,8.903687442588145,3.118694184846868,9.014158025875036,12.819708076123199,1.9642568174425339,1.6501983900530055,11.719651190260002,10.377957662035383,-1.6173678378600833,3.970229097539738,-1.077512804127271,-0.33773124444004443,6.71068285603383,-9.04009080148406,-4.3017532409988775,-2.564417282476393,-0.8077625978032638,7.405985113162961,-4.185276325155153,-6.088756578541332,13.095591967499772,4.780310342564922,2.686211722894277,-5.474040220873165,1.6296244777546405,2.26158965190934,-3.9183031198212985,8.977220433406277,-2.4858108460006734,3.3701357197728923,-2.3667063186887534,14.96761501346197,5.895632866597507,-4.099343329802378,11.53325849565044,-6.546437122928705,6.067567813091655,-7.314398141368119,-5.320778544986897,2.852256669691532,8.252247844683676,3.8266522973443307,0.3673365309084583,4.757472453345769,-6.746796722063653,-2.589652609761601,2.8979620774144847,8.701466350065576,6.643903734815392,-9.373953234470683,4.136313523580501,-1.5388544972670823,-2.451688113824097,6.782351492622698,7.472879201579325,11.258632341046221,-4.139657599368427,2.7598814939514513,4.9343920160994195,12.22165840401108,1.213320913009083,5.717861329272318,-2.764364034633557,-4.007506093181666,8.769951564570391,13.17758572112647,3.085804384391175,11.074090377569021,6.691736813056591,2.7701895250134894,7.821233511537995,12.660551877013262,4.062029255785327,13.26379559129113,-9.2951275184482,9.267366116798994,5.884857383336852,0.8119414615704963,7.107614188064009,-7.862743632408206,3.247007318259703,8.109086382091256,12.039829096293735,-0.7232666317200972,-4.26511054606345,0.8232899078717892,7.579694031267612,2.7826783315081176,-1.1708292410513095,9.256685101263239,6.951774247464103,11.236799968999108,1.7293545714142737,3.777536357317642,-0.5138659052672621,-4.581172317285101,6.917657619661788,3.1208727345682683,6.449762643138657,2.401415643306588
3.0809999999997717,0.08431189200188975,2.1600137939629604,8.915698655996257,3.118005829171328,9.02918872698494,12.852245603599236,1.9616506802959481,1.6475925812619048,11.753312376918025,10.395383286966323,-1.624680395230901,3.9831572287593406,-1.0847042276356391,-0.3449689091635678,6.717599031813031,-9.076279476029333,-4.334174667301253,-2.573586102713331,-0.82594228986207,7.414346990162748,-4.2013598763176905,-6.114925722220157,13.12698187322609,4.777871746903076,2.689639217335916,-5.500458254249552,1.6208137536120177,2.265885034051419,-3.939246061021862,8.986811324121067,-2.495746689451168,3.3663787751249066,-2.37666352058546,15.006737507500027,5.897439852450632,-4.118420618033615,11.551786324240389,-6.568777065580246,6.07382201533963,-7.351514613497831,-5.345265335616984,2.858270824756798,8.269094106631464,3.8321565933160118,0.36710049560857516,4.753527309781865,-6.7742902315231195,-2.601972563581611,2.8908262323431715,8.724685724937835,6.652853030954644,-9.40713710723006,4.144872133316275,-1.5444792125275262,-2.4631496234823342,6.796661948747394,7.495576122377127,11.279334873776422,-4.154365019484995,2.7557741767823094,4.943094215075371,12.243246236901413,1.2058143586000583,5.716225080086921,-2.784413803765797,-4.029353295315397,8.78827901136616,13.206787452045766,3.0864411123074516,11.096237965874742,6.701046463905425,2.7593640602692697,7.830538353996042,12.693389538690472,4.06338966535101,13.297165394755295,-9.345445490182112,9.285881097234386,5.888675255049494,0.8080382449090613,7.111526333942599,-7.900418080352342,3.2446908108508348,8.118305563869367,12.071463907536453,-0.7315551057376887,-4.279203487773435,0.8153316973479807,7.600079003969531,2.7913302840491943,-1.1793475147787675,9.269027380273394,6.955792728798947,11.258249799157639,1.717390439884609,3.7730600447335703,-0.5196311379820238,-4.608365685899865,6.925656955550958,3.128170770359747,6.451941842619391,2.398800830986969
3.0909999999997706,0.08664520165332686,2.1500582794864194,8.927709869404369,3.1173174734957882,9.044219428094843,12.884783131075274,1.9590445431493624,1.644986772470804,11.786973563576048,10.412808911897264,-1.6319929526017187,3.9960853599789434,-1.0918956511440072,-0.3522065738870912,6.7245152075922325,-9.112468150574605,-4.366596093603629,-2.5827549229502687,-0.8441219819208762,7.422708867162536,-4.217443427480228,-6.141094865898982,13.158371778952407,4.775433151241229,2.693066711777555,-5.52687628762594,1.612003029469395,2.2701804161934978,-3.9601890022224255,8.996402214835857,-2.505682532901663,3.362621830476921,-2.3866207224821663,15.045860001538085,5.899246838303758,-4.137497906264852,11.570314152830338,-6.591117008231787,6.080076217587605,-7.3886310856275434,-5.3697521262470715,2.864284979822064,8.28594036857925,3.837660889287693,0.366864460308692,4.749582166217961,-6.801783740982586,-2.6142925174016214,2.8836903872718582,8.747905099810094,6.661802327093895,-9.440320979989437,4.1534307430520485,-1.55010392778797,-2.4746111331405714,6.810972404872089,7.518273043174929,11.300037406506624,-4.169072439601564,2.7516668596131675,4.951796414051323,12.264834069791746,1.1983078041910336,5.714588830901524,-2.8044635728980367,-4.051200497449129,8.80660645816193,13.235989182965064,3.087077840223728,11.118385554180463,6.710356114754259,2.74853859552505,7.839843196454089,12.726227200367681,4.0647500749166925,13.33053519821946,-9.395763461916022,9.304396077669777,5.892493126762135,0.8041350282476263,7.11543847982119,-7.938092528296478,3.2423743034419665,8.127524745647477,12.10309871877917,-0.7398435797552801,-4.293296429483419,0.8073734868241722,7.62046397667145,2.799982236590271,-1.1878657885062256,9.28136965928355,6.9598112101337914,11.27969962931617,1.7054263083549441,3.7685837321494984,-0.5253963706967855,-4.635559054514629,6.933656291440129,3.1354688061512257,6.454121042100125,2.39618601866735
3.1009999999997695,0.08896991341713657,2.140818455169463,8.939721082812481,3.1166291178202483,9.059250129204747,12.917320658551311,1.9564384060027766,1.6423809636797033,11.82063475023407,10.430234536828204,-1.6393055099725364,4.009013491198546,-1.0990870746523753,-0.3594442386106146,6.731431383371434,-9.148656825119877,-4.399017519906005,-2.5919237431872064,-0.8623016739796824,7.431070744162323,-4.233526978642766,-6.167264009577806,13.189761684678725,4.772994555579382,2.696494206219194,-5.553294321002327,1.6031923053267723,2.2744757983355766,-3.981131943422989,9.005993105550647,-2.515618376352158,3.358864885828935,-2.3965779243788727,15.084982495576142,5.901053824156883,-4.15657519449609,11.588841981420288,-6.613456950883329,6.08633041983558,-7.425747557757256,-5.394238916877159,2.87029913488733,8.302786630527038,3.843165185259374,0.3666284250088089,4.745637022654058,-6.829277250442052,-2.6266124712216317,2.876554542200545,8.771124474682352,6.670751623233146,-9.473504852748814,4.161989352787822,-1.5557286430484139,-2.4860726427988085,6.825282860996785,7.5409699639727314,11.320739939236825,-4.183779859718133,2.7475595424440256,4.960498613027275,12.28642190268208,1.1908012497820089,5.712952581716126,-2.8245133420302766,-4.07304769958286,8.8249339049577,13.26519091388436,3.087714568140005,11.140533142486184,6.719665765603094,2.7377131307808305,7.849148038912135,12.759064862044891,4.066110484482375,13.363905001683625,-9.446081433649933,9.322911058105168,5.896310998474776,0.8002318115861913,7.119350625699781,-7.975766976240614,3.2400577960330983,8.136743927425588,12.134733530021888,-0.7481320537728716,-4.307389371193404,0.7994152763003637,7.640848949373369,2.8086341891313475,-1.1963840622336837,9.293711938293706,6.963829691468636,11.3011494594747,1.6934621768252793,3.7641074195654265,-0.5311616034115472,-4.662752423129393,6.9416556273292995,3.1427668419427044,6.456300241580859,2.393571206347731
3.1109999999997684,0.09128182964839185,2.1322448287891684,8.951732296220593,3.1159407621447084,9.07428083031465,12.949858186027349,1.9538322688561909,1.6397751548886026,11.854295936892093,10.447660161759144,-1.6466180673433541,4.021941622418149,-1.1062784981607434,-0.36668190333413797,6.738347559150635,-9.18484549966515,-4.431438946208381,-2.601092563424144,-0.8804813660384886,7.43943262116211,-4.249610529805304,-6.193433153256631,13.221151590405043,4.770555959917536,2.699921700660833,-5.579712354378715,1.5943815811841495,2.2787711804776554,-4.0020748846235525,9.015583996265438,-2.5255542198026526,3.3551079411809495,-2.406535126275579,15.1241049896142,5.902860810010009,-4.175652482727327,11.607369810010237,-6.63579689353487,6.092584622083555,-7.462864029886968,-5.418725707507246,2.876313289952596,8.319632892474825,3.848669481231055,0.36639238970892574,4.741691879090154,-6.856770759901519,-2.638932425041642,2.8694186971292317,8.794343849554611,6.679700919372397,-9.50668872550819,4.170547962523596,-1.5613533583088577,-2.4975341524570456,6.83959331712148,7.563666884770534,11.341442471967026,-4.198487279834701,2.7434522252748836,4.969200812003226,12.308009735572412,1.1832946953729842,5.711316332530729,-2.8445631111625165,-4.094894901716591,8.843261351753469,13.294392644803658,3.0883512960562816,11.162680730791905,6.728975416451928,2.726887666036611,7.858452881370182,12.7919025237221,4.067470894048058,13.39727480514779,-9.496399405383844,9.34142603854056,5.900128870187418,0.7963285949247563,7.123262771578371,-8.013441424184746,3.23774128862423,8.145963109203699,12.166368341264606,-0.7564205277904631,-4.321482312903388,0.7914570657765552,7.661233922075288,2.817286141672424,-1.2049023359611417,9.306054217303862,6.96784817280348,11.322599289633231,1.6814980452956145,3.7596311069813546,-0.5369268361263089,-4.689945791744157,6.94965496321847,3.150064877734183,6.458479441061593,2.390956394028112
3.1209999999997673,0.09357687569128245,2.1242922807196893,8.963743509628705,3.1152524064691685,9.089311531424555,12.982395713503387,1.9512261317096051,1.6371693460975019,11.887957123550116,10.465085786690084,-1.6539306247141718,4.034869753637752,-1.1134699216691115,-0.37391956805766136,6.7452637349298366,-9.221034174210422,-4.463860372510757,-2.610261383661082,-0.8986610580972948,7.4477944981618975,-4.265694080967842,-6.219602296935456,13.25254149613136,4.768117364255689,2.703349195102472,-5.606130387755102,1.5855708570415268,2.283066562619734,-4.0230178258241205,9.025174886980228,-2.5354900632531474,3.3513509965329638,-2.4164923281722857,15.163227483652257,5.904667795863134,-4.194729770958564,11.625897638600186,-6.6581368361864115,6.09883882433153,-7.4999805020166805,-5.443212498137333,2.8823274450178618,8.336479154422612,3.8541737772027362,0.3661563544090426,4.73774673552625,-6.884264269360985,-2.651252378861652,2.8622828520579184,8.81756322442687,6.6886502155116485,-9.539872598267568,4.17910657225937,-1.5669780735693015,-2.5089956621152827,6.853903773246175,7.586363805568336,11.362145004697227,-4.21319469995127,2.7393449081057417,4.977903010979178,12.329597568462745,1.1757881409639594,5.709680083345332,-2.8646128802947564,-4.1167421038503225,8.861588798549239,13.323594375722955,3.0889880239725582,11.184828319097626,6.738285067300763,2.716062201292391,7.867757723828229,12.82474018539931,4.068831303613741,13.430644608611955,-9.546717377117755,9.35994101897595,5.903946741900059,0.7924253782633213,7.127174917456962,-8.051115872128873,3.235424781215362,8.15518229098181,12.198003152507324,-0.7647090018080546,-4.335575254613373,0.7834988552527467,7.681618894777207,2.825938094213501,-1.2134206096885998,9.318396496314017,6.971866654138324,11.344049119791762,1.6695339137659497,3.7551547943972827,-0.5426920688410706,-4.717139160358921,6.957654299107641,3.157362913525662,6.460658640542327,2.388341581708493
3.130999999999766,0.09585109462946204,2.1169197355947555,8.975754723036816,3.1145640507936285,9.104342232534458,13.014933240979424,1.9486199945630194,1.6345635373064011,11.921618310208139,10.482511411621024,-1.6612431820849896,4.047797884857355,-1.1206613451774796,-0.38115723278118474,6.752179910709038,-9.257222848755694,-4.496281798813133,-2.6194302038980197,-0.916840750156101,7.456156375161685,-4.28177763213038,-6.245771440614281,13.283931401857679,4.765678768593842,2.706776689544111,-5.63254842113149,1.576760132898904,2.287361944761813,-4.043960767024688,9.034765777695018,-2.545425906703642,3.347594051884978,-2.426449530068992,15.202349977690314,5.90647478171626,-4.213807059189802,11.644425467190135,-6.680476778837953,6.105093026579505,-7.537096974146393,-5.46769928876742,2.8883416000831277,8.3533254163704,3.8596780731744174,0.36592031910915945,4.733801591962346,-6.911757778820451,-2.6635723326816625,2.855147006986605,8.840782599299128,6.6975995116509,-9.573056471026945,4.187665181995143,-1.5726027888297454,-2.52045717177352,6.868214229370871,7.609060726366138,11.382847537427429,-4.227902120067839,2.7352375909366,4.98660520995513,12.351185401353078,1.1682815865549347,5.708043834159935,-2.8846626494269962,-4.138589305984054,8.879916245345008,13.352796106642252,3.089624751888835,11.206975907403347,6.747594718149597,2.7052367365481715,7.877062566286275,12.85757784707652,4.070191713179423,13.46401441207612,-9.597035348851666,9.378455999411342,5.9077646136127,0.7885221616018863,7.131087063335553,-8.088790320073,3.2331082738064936,8.16440147275992,12.229637963750042,-0.772997475825646,-4.349668196323357,0.7755406447289381,7.702003867479126,2.8345900467545775,-1.2219388834160578,9.330738775324173,6.975885135473169,11.365498949950293,1.657569782236285,3.750678481813211,-0.5484573015558323,-4.744332528973685,6.965653634996811,3.1646609493171405,6.462837840023061,2.385726769388874
3.140999999999765,0.09810064313341531,2.110089848824028,8.987765936444928,3.1138756951180886,9.119372933644362,13.047470768455462,1.9460138574164336,1.6319577285153004,11.955279496866162,10.499937036551964,-1.6685557394558073,4.060726016076957,-1.1278527686858477,-0.3883948975047081,6.759096086488239,-9.293411523300966,-4.528703225115509,-2.6285990241349575,-0.9350204422149072,7.464518252161472,-4.297861183292918,-6.271940584293105,13.315321307583996,4.7632401729319955,2.7102041839857502,-5.658966454507877,1.5679494087562813,2.291657326903892,-4.064903708225256,9.044356668409808,-2.555361750154137,3.3438371072369923,-2.4364067319656986,15.241472471728372,5.9082817675693855,-4.232884347421039,11.662953295780085,-6.702816721489494,6.11134722882748,-7.574213446276105,-5.4921860793975075,2.8943557551483936,8.370171678318187,3.8651823691460985,0.3656842838092763,4.729856448398443,-6.939251288279918,-2.6758922865016728,2.848011161915292,8.864001974171387,6.706548807790151,-9.606240343786322,4.196223791730917,-1.5782275040901892,-2.531918681431757,6.882524685495566,7.631757647163941,11.40355007015763,-4.242609540184407,2.731130273767458,4.995307408931081,12.372773234243411,1.16077503214591,5.706407584974538,-2.904712418559236,-4.160436508117785,8.898243692140777,13.38199783756155,3.0902614798051116,11.229123495709068,6.756904368998431,2.694411271803952,7.886367408744322,12.89041550875373,4.071552122745106,13.497384215540285,-9.647353320585577,9.396970979846733,5.911582485325342,0.7846189449404513,7.134999209214143,-8.126464768017128,3.2307917663976253,8.17362065453803,12.26127277499276,-0.7812859498432375,-4.363761138033341,0.7675824342051296,7.722388840181045,2.843241999295654,-1.230457157143516,9.343081054334329,6.979903616808013,11.386948780108824,1.6456056507066201,3.746202169229139,-0.554222534270594,-4.771525897588449,6.973652970885982,3.171958985108619,6.465017039503795,2.383111957069255
3.150999999999764,0.10032178829520345,2.1037687110019685,8.99977714985304,3.1131873394425487,9.134403634754266,13.0800082959315,1.9434077202698479,1.6293519197241997,11.988940683524184,10.517362661482904,-1.675868296826625,4.07365414729656,-1.1350441921942158,-0.3956325622282315,6.766012262267441,-9.329600197846238,-4.5611246514178845,-2.6377678443718953,-0.9532001342737134,7.472880129161259,-4.313944734455456,-6.29810972797193,13.346711213310314,4.760801577270149,2.7136316784273893,-5.6853844878842645,1.5591386846136586,2.2959527090459706,-4.085846649425824,9.053947559124598,-2.565297593604632,3.3400801625890066,-2.446363933862405,15.28059496576643,5.910088753422511,-4.251961635652276,11.681481124370034,-6.725156664141036,6.117601431075455,-7.611329918405818,-5.516672870027595,2.9003699102136595,8.387017940265974,3.8706866651177796,0.36544824850939317,4.725911304834539,-6.966744797739384,-2.688212240321683,2.8408753168439786,8.887221349043646,6.715498103929402,-9.639424216545699,4.204782401466691,-1.583852219350633,-2.543380191089994,6.896835141620262,7.654454567961743,11.424252602887831,-4.257316960300976,2.727022956598316,5.004009607907033,12.394361067133744,1.1532684777368853,5.7047713357891405,-2.924762187691476,-4.182283710251516,8.916571138936547,13.411199568480846,3.0908982077213882,11.251271084014789,6.766214019847266,2.6835858070597323,7.8956722512023685,12.92325317043094,4.072912532310789,13.53075401900445,-9.697671292319487,9.415485960282124,5.915400357037983,0.7807157282790163,7.138911355092734,-8.164139215961255,3.228475258988757,8.182839836316141,12.292907586235478,-0.789574423860829,-4.377854079743326,0.7596242236813211,7.742773812882964,2.851893951836731,-1.238975430870974,9.355423333344485,6.983922098142857,11.408398610267355,1.6336415191769553,3.741725856645067,-0.5599877669853557,-4.798719266203213,6.981652306775152,3.179257020900098,6.467196238984529,2.380497144749636
3.160999999999763,0.10251090534371853,2.097925571837676,9.011788363261152,3.1124989837670087,9.14943433586417,13.112545823407537,1.9408015831232621,1.626746110933099,12.022601870182207,10.534788286413844,-1.6831808541974427,4.086582278516163,-1.142235615702584,-0.4028702269517549,6.772928438046642,-9.36578887239151,-4.59354607772026,-2.646936664608833,-0.9713798263325196,7.481242006161047,-4.330028285617994,-6.324278871650755,13.378101119036632,4.758362981608302,2.7170591728690283,-5.711802521260652,1.5503279604710358,2.3002480911880494,-4.106789590626392,9.063538449839388,-2.5752334370551266,3.336323217941021,-2.4563211357591115,15.319717459804487,5.911895739275637,-4.271038923883514,11.700008952959983,-6.747496606792577,6.12385563332343,-7.64844639053553,-5.541159660657682,2.9063840652789255,8.40386420221376,3.8761909610894607,0.36521221320951003,4.721966161270635,-6.9942383071988505,-2.7005321941416933,2.8337394717726654,8.910440723915904,6.724447400068653,-9.672608089305076,4.2133410112024645,-1.5894769346110769,-2.554841700748231,6.911145597744957,7.677151488759545,11.444955135618033,-4.272024380417545,2.722915639429174,5.012711806882985,12.415948900024077,1.1457619233278606,5.703135086603743,-2.944811956823716,-4.2041309123852475,8.934898585732316,13.440401299400143,3.091534935637665,11.27341867232051,6.7755236706961,2.6727603423155126,7.904977093660415,12.95609083210815,4.074272941876472,13.564123822468614,-9.747989264053398,9.434000940717516,5.9192182287506245,0.7768125116175812,7.142823500971325,-8.201813663905382,3.226158751579889,8.192059018094252,12.324542397478195,-0.7978628978784205,-4.39194702145331,0.7516660131575126,7.763158785584883,2.8605459043778074,-1.247493704598432,9.36776561235464,6.987940579477701,11.429848440425886,1.6216773876472905,3.737249544060995,-0.5657529997001174,-4.8259126348179775,6.989651642664323,3.1865550566915766,6.4693754384652635,2.377882332430017
3.170999999999762,0.10466447613881562,2.0925325842311087,9.023799576669264,3.111810628091469,9.164465036974073,13.145083350883574,1.9381954459766764,1.6241403021419982,12.05626305684023,10.552213911344785,-1.6904934115682604,4.099510409735766,-1.149427039210952,-0.4101078916752783,6.779844613825843,-9.401977546936783,-4.625967504022636,-2.656105484845771,-0.9895595183913258,7.489603883160834,-4.346111836780532,-6.3504480153295795,13.40949102476295,4.7559243859464555,2.7204866673106674,-5.7382205546370395,1.541517236328413,2.304543473330128,-4.12773253182696,9.073129340554178,-2.5851692805056214,3.3325662732930352,-2.466278337655818,15.358839953842544,5.913702725128762,-4.290116212114751,11.718536781549933,-6.769836549444118,6.130109835571405,-7.685562862665242,-5.565646451287769,2.9123982203441914,8.420710464161548,3.881695257061142,0.3649761779096269,4.718021017706731,-7.021731816658317,-2.7128521479617036,2.826603626701352,8.933660098788163,6.733396696207905,-9.705791962064453,4.221899620938238,-1.5951016498715207,-2.5663032104064682,6.925456053869652,7.699848409557347,11.465657668348234,-4.286731800534113,2.718808322260032,5.0214140058589365,12.43753673291441,1.138255368918836,5.701498837418346,-2.9648617259559558,-4.225978114518979,8.953226032528086,13.46960303031944,3.0921716635539416,11.29556626062623,6.784833321544935,2.661934877571293,7.914281936118462,12.988928493785359,4.075633351442154,13.59749362593278,-9.798307235787309,9.452515921152907,5.923036100463266,0.7729092949561462,7.1467356468499155,-8.239488111849509,3.2238422441710206,8.201278199872363,12.356177208720913,-0.8061513718960119,-4.406039963163295,0.7437078026337041,7.783543758286802,2.869197856918884,-1.25601197832589,9.380107891364796,6.991959060812546,11.451298270584417,1.6097132561176257,3.7327732314769233,-0.5715182324148791,-4.853106003432742,6.9976509785534935,3.1938530924830553,6.471554637945998,2.375267520110398
3.1809999999997607,0.10677908834933296,2.0875645684233755,9.035810790077376,3.111122272415929,9.179495738083977,13.177620878359612,1.9355893088300906,1.6215344933508975,12.089924243498253,10.569639536275725,-1.697805968939078,4.1124385409553685,-1.1566184627193201,-0.41734555639880166,6.786760789605045,-9.438166221482055,-4.658388930325012,-2.6652743050827086,-1.0077392104501322,7.497965760160621,-4.3621953879430695,-6.376617159008404,13.440880930489268,4.753485790284609,2.7239141617523064,-5.764638588013427,1.5327065121857903,2.308838855472207,-4.148675473027528,9.082720231268969,-2.5951051239561163,3.3288093286450495,-2.4762355395525244,15.397962447880602,5.915509710981888,-4.309193500345988,11.737064610139882,-6.79217649209566,6.13636403781938,-7.722679334794955,-5.590133241917856,2.9184123754094573,8.437556726109335,3.887199553032823,0.36474014260974374,4.714075874142828,-7.049225326117783,-2.725172101781714,2.819467781630039,8.956879473660422,6.742345992347156,-9.73897583482383,4.230458230674012,-1.6007263651319645,-2.5777647200647054,6.939766509994348,7.72254533035515,11.486360201078435,-4.301439220650682,2.71470100509089,5.030116204834888,12.459124565804743,1.1307488145098112,5.699862588232949,-2.9849114950881956,-4.24782531665271,8.971553479323855,13.498804761238738,3.0928083914702182,11.317713848931952,6.794142972393769,2.6511094128270734,7.923586778576508,13.021766155462569,4.076993761007837,13.630863429396944,-9.84862520752122,9.471030901588298,5.926853972175907,0.7690060782947112,7.150647792728506,-8.277162559793636,3.2215257367621524,8.210497381650473,12.387812019963631,-0.8144398459136034,-4.420132904873279,0.7357495921098955,7.803928730988721,2.8778498094599607,-1.2645302520533481,9.392450170374952,6.99597754214739,11.472748100742947,1.597749124587961,3.7282969188928514,-0.5772834651296408,-4.880299372047506,7.005650314442664,3.201151128274534,6.473733837426732,2.372652707790779
3.1909999999997596,0.10885143522733885,2.0829987956778795,9.047822003485487,3.110433916740389,9.194526439193881,13.21015840583565,1.9329831716835049,1.6189286845597968,12.123585430156275,10.587065161206665,-1.7051185263098958,4.125366672174971,-1.1638098862276882,-0.42458322112232505,6.793676965384246,-9.474354896027327,-4.690810356627388,-2.6744431253196463,-1.0259189025089384,7.506327637160409,-4.378278939105607,-6.402786302687229,13.472270836215586,4.751047194622762,2.7273416561939454,-5.7910566213898145,1.5238957880431676,2.313134237614286,-4.169618414228096,9.092311121983759,-2.605040967406611,3.325052383997064,-2.486192741449231,15.437084941918659,5.917316696835013,-4.328270788577226,11.755592438729831,-6.814516434747201,6.142618240067355,-7.759795806924667,-5.614620032547943,2.9244265304747232,8.454402988057122,3.892703849004504,0.3645041073098606,4.710130730578924,-7.07671883557725,-2.737492055601724,2.8123319365587256,8.98009884853268,6.751295288486407,-9.772159707583207,4.239016840409786,-1.6063510803924084,-2.5892262297229425,6.954076966119043,7.745242251152952,11.507062733808636,-4.316146640767251,2.7105936879217483,5.03881840381084,12.480712398695076,1.1232422601007865,5.698226339047552,-3.0049612642204355,-4.269672518786441,8.989880926119625,13.528006492158035,3.093445119386495,11.339861437237673,6.803452623242603,2.6402839480828537,7.932891621034555,13.054603817139778,4.07835417057352,13.66423323286111,-9.89894317925513,9.48954588202369,5.930671843888549,0.7651028616332762,7.154559938607097,-8.314837007737763,3.219209229353284,8.219716563428584,12.419446831206349,-0.8227283199311949,-4.434225846583264,0.727791381586087,7.82431370369064,2.8865017620010374,-1.2730485257808062,9.404792449385107,6.999996023482234,11.494197930901478,1.5857849930582961,3.7238206063087795,-0.5830486978444025,-4.90749274066227,7.013649650331835,3.2084491640660127,6.475913036907466,2.37003789547116
3.2009999999997585,0.11087831589846661,2.0788147906448837,9.0598332168936,3.109745561064849,9.209557140303785,13.242695933311687,1.9303770345369191,1.616322875768696,12.157246616814298,10.604490786137605,-1.7124310836807135,4.138294803394574,-1.1710013097360563,-0.43182088584584843,6.800593141163447,-9.5105435705726,-4.723231782929764,-2.683611945556584,-1.0440985945677446,7.514689514160196,-4.394362490268145,-6.428955446366054,13.503660741941903,4.7486085989609155,2.7307691506355845,-5.817474654766202,1.5150850639005449,2.3174296197563646,-4.190561355428664,9.101902012698549,-2.614976810857106,3.321295439349078,-2.4961499433459373,15.476207435956717,5.919123682688139,-4.347348076808463,11.77412026731978,-6.8368563773987425,6.14887244231533,-7.7969122790543794,-5.639106823178031,2.930440685539989,8.47124925000491,3.898208144976185,0.36426807200997746,4.70618558701502,-7.104212345036716,-2.7498120094217344,2.8051960914874123,9.00331822340494,6.760244584625658,-9.805343580342583,4.247575450145559,-1.6119757956528522,-2.6006877393811796,6.9683874222437385,7.767939171950754,11.527765266538838,-4.330854060883819,2.7064863707526063,5.047520602786792,12.502300231585409,1.1157357056917618,5.696590089862155,-3.0250110333526754,-4.2915197209201725,9.008208372915394,13.557208223077332,3.0940818473027716,11.362009025543394,6.812762274091438,2.629458483338634,7.942196463492602,13.087441478816988,4.0797145801392025,13.697603036325274,-9.949261150989042,9.50806086245908,5.93448971560119,0.7611996449718412,7.1584720844856875,-8.35251145568189,3.216892721944416,8.228935745206694,12.451081642449067,-0.8310167939487864,-4.448318788293248,0.7198331710622785,7.844698676392559,2.895153714542114,-1.2815667995082642,9.417134728395263,7.0040145048170785,11.51564776106001,1.5738208615286313,3.7193442937247077,-0.5888139305591642,-4.934686109277034,7.021648986221005,3.2157471998574914,6.4780922363882,2.367423083151541
3.2109999999997574,0.1128566360955999,2.074994151379123,9.071844430301711,3.109057205389309,9.224587841413689,13.275233460787724,1.9277708973903334,1.6137170669775953,12.19090780347232,10.621916411068545,-1.7197436410515312,4.151222934614177,-1.1781927332444244,-0.4390585505693718,6.807509316942649,-9.546732245117871,-4.75565320923214,-2.692780765793522,-1.0622782866265508,7.523051391159983,-4.410446041430683,-6.455124590044878,13.535050647668221,4.746170003299069,2.7341966450772235,-5.843892688142589,1.5062743397579221,2.3217250018984434,-4.211504296629232,9.111492903413339,-2.6249126543076007,3.3175384947010924,-2.5061071452426438,15.515329929994774,5.920930668541264,-4.3664253650397,11.79264809590973,-6.859196320050284,6.155126644563305,-7.834028751184092,-5.663593613808118,2.936454840605255,8.488095511952697,3.9037124409478663,0.3640320367100943,4.7022404434511165,-7.131705854496182,-2.7621319632417447,2.798060246416099,9.026537598277198,6.7691938807649095,-9.83852745310196,4.256134059881333,-1.617600510913296,-2.6121492490394167,6.982697878368434,7.7906360927485565,11.548467799269039,-4.345561481000388,2.7023790535834644,5.056222801762743,12.523888064475742,1.1082291512827371,5.6949538406767575,-3.0450608024849153,-4.313366923053904,9.026535819711164,13.586409953996629,3.0947185752190483,11.384156613849115,6.822071924940272,2.6186330185944144,7.951501305950648,13.120279140494198,4.081074989704885,13.73097283978944,-9.999579122722952,9.526575842894472,5.938307587313831,0.7572964283104062,7.162384230364278,-8.390185903626017,3.2145762145355476,8.238154926984805,12.482716453691785,-0.8393052679663778,-4.462411730003232,0.71187496053847,7.865083649094478,2.9038056670831907,-1.2900850732357223,9.429477007405419,7.008032986151923,11.53709759121854,1.5618567299989665,3.7148679811406358,-0.5945791632739259,-4.961879477891798,7.029648322110176,3.22304523564897,6.480271435868934,2.364808270831922
3.2209999999997563,0.11478340927025404,2.0715203858839892,9.083855643709823,3.108368849713769,9.239618542523592,13.307770988263762,1.9251647602437476,1.6111112581864946,12.224568990130344,10.639342035999485,-1.727056198422349,4.16415106583378,-1.1853841567527925,-0.4462962152928952,6.81442549272185,-9.582920919663144,-4.788074635534516,-2.7019495860304596,-1.080457978685357,7.5314132681597705,-4.426529592593221,-6.481293733723703,13.56644055339454,4.743731407637222,2.7376241395188625,-5.870310721518977,1.4974636156152994,2.3260203840405222,-4.2324472378298,9.121083794128129,-2.6348484977580955,3.3137815500531067,-2.5160643471393502,15.554452424032831,5.92273765439439,-4.385502653270938,11.811175924499679,-6.881536262701825,6.16138084681128,-7.871145223313804,-5.688080404438205,2.942468995670521,8.504941773900484,3.9092167369195474,0.3637960014102112,4.698295299887213,-7.159199363955649,-2.774451917061755,2.790924401344786,9.049756973149456,6.778143176904161,-9.871711325861337,4.264692669617107,-1.6232252261737399,-2.623610758697654,6.997008334493129,7.813333013546359,11.56917033199924,-4.360268901116957,2.6982717364143225,5.064925000738695,12.545475897366074,1.1007225968737124,5.69331759149136,-3.065110571617155,-4.335214125187635,9.044863266506933,13.615611684915926,3.095355303135325,11.406304202154836,6.8313815757891065,2.607807553850195,7.960806148408695,13.153116802171407,4.082435399270568,13.764342643253604,-10.049897094456863,9.545090823329863,5.942125459026473,0.7533932116489712,7.166296376242869,-8.427860351570144,3.2122597071266794,8.247374108762916,12.514351264934502,-0.8475937419839693,-4.476504671713217,0.7039167500146615,7.885468621796397,2.9124576196242673,-1.2986033469631804,9.441819286415575,7.012051467486767,11.558547421377071,1.5498925984693017,3.710391668556564,-0.6003443959886876,-4.989072846506562,7.037647657999346,3.2303432714404487,6.482450635349668,2.362193458512303
3.230999999999755,0.11665575802264859,2.0683787640211095,9.095866857117935,3.107680494038229,9.254649243633496,13.3403085157398,1.9225586230971619,1.6085054493953939,12.258230176788366,10.656767660930425,-1.7343687557931666,4.1770791970533825,-1.1925755802611606,-0.4535338800164186,6.821341668501051,-9.619109594208416,-4.8204960618368915,-2.7111184062673974,-1.0986376707441632,7.539775145159558,-4.442613143755759,-6.507462877402528,13.597830459120857,4.741292811975375,2.7410516339605016,-5.896728754895364,1.4886528914726767,2.330315766182601,-4.253390179030368,9.13067468484292,-2.6447843412085903,3.310024605405121,-2.5260215490360567,15.593574918070889,5.9245446402475155,-4.404579941502175,11.829703753089628,-6.903876205353367,6.167635049059255,-7.9082616954435165,-5.712567195068292,2.948483150735787,8.521788035848271,3.9147210328912285,0.36355996611032804,4.694350156323309,-7.186692873415115,-2.7867718708817653,2.7837885562734725,9.072976348021715,6.787092473043412,-9.904895198620714,4.2732512793528805,-1.6288499414341837,-2.635072268355891,7.011318790617825,7.836029934344161,11.589872864729442,-4.374976321233525,2.6941644192451806,5.073627199714647,12.567063730256407,1.0932160424646877,5.691681342305963,-3.085160340749395,-4.357061327321366,9.063190713302703,13.644813415835223,3.0959920310516016,11.428451790460556,6.840691226637941,2.596982089105975,7.970110990866742,13.185954463848617,4.083795808836251,13.79771244671777,-10.100215066190774,9.563605803765254,5.945943330739114,0.7494899949875362,7.1702085221214595,-8.465534799514272,3.209943199717811,8.256593290541026,12.54598607617722,-0.8558822160015608,-4.490597613423201,0.695958539490853,7.905853594498316,2.921109572165344,-1.3071216206906384,9.45416156542573,7.016069948821611,11.579997251535602,1.537928466939637,3.705915355972492,-0.6061096287034493,-5.016266215121326,7.045646993888517,3.2376413072319274,6.484629834830402,2.3595786461926838
3.240999999999754,0.11847091579762992,2.0655561836317156,9.107878070526047,3.1069921383626893,9.2696799447434,13.372846043215837,1.919952485950576,1.6058996406042931,12.291891363446389,10.674193285861366,-1.7416813131639843,4.190007328272985,-1.1997670037695287,-0.460771544739942,6.828257844280253,-9.655298268753688,-4.852917488139267,-2.720287226504335,-1.1168173628029694,7.548137022159345,-4.458696694918297,-6.5336320210813525,13.629220364847175,4.738854216313529,2.7444791284021406,-5.923146788271752,1.479842167330054,2.33461114832468,-4.274333120230936,9.14026557555771,-2.654720184659085,3.3062676607571353,-2.535978750932763,15.632697412108946,5.926351626100641,-4.423657229733412,11.848231581679578,-6.926216148004908,6.17388925130723,-7.945378167573229,-5.737053985698379,2.954497305801053,8.538634297796058,3.9202253288629096,0.3633239308104449,4.690405012759405,-7.214186382874582,-2.7990918247017755,2.7766527112021593,9.096195722893974,6.796041769182663,-9.938079071380091,4.281809889088654,-1.6344746566946275,-2.646533778014128,7.02562924674252,7.858726855141963,11.610575397459643,-4.389683741350094,2.6900571020760387,5.082329398690598,12.58865156314674,1.085709488055663,5.690045093120566,-3.105210109881635,-4.378908529455098,9.081518160098472,13.67401514675452,3.0966287589678783,11.450599378766277,6.850000877486775,2.5861566243617555,7.979415833324788,13.218792125525827,4.085156218401933,13.831082250181934,-10.150533037924685,9.582120784200646,5.949761202451755,0.7455867783261012,7.17412066800005,-8.503209247458399,3.207626692308943,8.265812472319137,12.577620887419938,-0.8641706900191523,-4.504690555133186,0.6880003289670444,7.926238567200235,2.9297615247064206,-1.3156398944180965,9.466503844435886,7.020088430156456,11.601447081694133,1.5259643354099721,3.70143904338842,-0.611874861418211,-5.04345958373609,7.0536463297776875,3.244939343023406,6.486809034311136,2.3569638338730647
3.250999999999753,0.12022622879925761,2.0630410497521416,9.119889283934159,3.1063037826871494,9.284710645853304,13.405383570691875,1.9173463488039904,1.6032938318131924,12.325552550104412,10.691618910792306,-1.748993870534802,4.202935459492588,-1.2069584272778968,-0.46800920946346536,6.835174020059454,-9.69148694329896,-4.885338914441643,-2.729456046741273,-1.1349970548617756,7.556498899159132,-4.474780246080835,-6.559801164760177,13.660610270573493,4.736415620651682,2.7479066228437796,-5.949564821648139,1.4710314431874312,2.3389065304667587,-4.295276061431504,9.1498564662725,-2.66465602810958,3.3025107161091496,-2.5459359528294696,15.671819906147004,5.928158611953767,-4.44273451796465,11.866759410269527,-6.948556090656449,6.180143453555205,-7.982494639702941,-5.7615407763284665,2.960511460866319,8.555480559743845,3.9257296248345908,0.36308789551056175,4.6864598691955015,-7.241679892334048,-2.811411778521786,2.769516866130846,9.119415097766232,6.804991065321914,-9.971262944139468,4.290368498824428,-1.6400993719550714,-2.657995287672365,7.0399397028672155,7.881423775939766,11.631277930189844,-4.404391161466663,2.6859497849068967,5.09103159766655,12.610239396037073,1.0782029336466383,5.688408843935169,-3.125259879013875,-4.400755731588829,9.099845606894242,13.703216877673817,3.097265486884155,11.472746967071998,6.85931052833561,2.575331159617536,7.988720675782835,13.251629787203036,4.086516627967616,13.8644520536461,-10.200851009658596,9.600635764636037,5.953579074164397,0.7416835616646662,7.178032813878641,-8.540883695402526,3.2053101849000747,8.275031654097248,12.609255698662656,-0.8724591640367437,-4.51878349684317,0.6800421184432359,7.946623539902154,2.9384134772474972,-1.3241581681455545,9.478846123446042,7.0241069114913,11.622896911852663,1.5140002038803073,3.6969627308043482,-0.6176400941329727,-5.070652952350854,7.061645665666858,3.252237378814885,6.48898823379187,2.3543490215534457
3.260999999999752,0.12191915808202701,2.060823165859867,9.13190049734227,3.1056154270116094,9.299741346963208,13.437921098167912,1.9147402116574046,1.6006880230220917,12.359213736762435,10.709044535723246,-1.7563064279056197,4.215863590712191,-1.214149850786265,-0.47524687418698874,6.842090195838655,-9.727675617844232,-4.917760340744019,-2.7386248669782107,-1.1531767469205818,7.56486077615892,-4.490863797243373,-6.585970308439002,13.69200017629981,4.733977024989835,2.7513341172854187,-5.975982855024527,1.4622207190448084,2.3432019126088375,-4.316219002632072,9.15944735698729,-2.6745918715600747,3.298753771461164,-2.555893154726176,15.710942400185061,5.929965597806892,-4.461811806195887,11.885287238859476,-6.970896033307991,6.18639765580318,-8.019611111832658,-5.786027566958554,2.9665256159315847,8.572326821691632,3.931233920806272,0.3628518602106786,4.682514725631598,-7.269173401793514,-2.823731732341796,2.7623810210595328,9.142634472638491,6.8139403614611656,-10.004446816898845,4.298927108560202,-1.6457240872155152,-2.6694567973306023,7.054250158991911,7.904120696737568,11.651980462920045,-4.419098581583231,2.681842467737755,5.099733796642502,12.631827228927406,1.0706963792376136,5.686772594749772,-3.1453096481461147,-4.42260293372256,9.118173053690011,13.732418608593115,3.0979022148004316,11.49489455537772,6.868620179184444,2.5645056948733163,7.9980255182408815,13.284467448880246,4.087877037533299,13.897821857110264,-10.251168981392507,9.619150745071428,5.957396945877038,0.7377803450032312,7.181944959757232,-8.578558143346653,3.2029936774912064,8.284250835875358,12.640890509905374,-0.8807476380543352,-4.532876438553155,0.6720839079194274,7.967008512604073,2.947065429788574,-1.3326764418730126,9.491188402456197,7.028125392826144,11.644346742011194,1.5020360723506425,3.6924864182202763,-0.6234053268477344,-5.097846320965618,7.069645001556029,3.2595354146063635,6.491167433272604,2.3517342092338267
3.2709999999997508,0.12354728178138179,2.0588936361513763,9.143911710750382,3.1049270713360695,9.314772048073111,13.47045862564395,1.9121340745108188,1.598082214230991,12.392874923420457,10.726470160654186,-1.7636189852764375,4.228791721931794,-1.221341274294633,-0.48248453891051213,6.849006371617857,-9.763864292389504,-4.950181767046395,-2.7477936872151485,-1.171356438979388,7.573222653158707,-4.506947348405911,-6.612139452117827,13.723390082026128,4.731538429327989,2.7547616117270577,-6.002400888400914,1.4534099949021857,2.3474972947509163,-4.33716194383264,9.16903824770208,-2.6845277150105695,3.294996826813178,-2.5658503566228825,15.750064894223119,5.931772583660018,-4.480889094427124,11.903815067449425,-6.993235975959532,6.192651858051155,-8.05672758396238,-5.810514357588641,2.9725397709968506,8.58917308363942,3.936738216777953,0.36261582491079547,4.678569582067694,-7.296666911252981,-2.8360516861618064,2.7552451759882195,9.16585384751075,6.822889657600417,-10.037630689658222,4.307485718295975,-1.651348802475959,-2.6809183069888394,7.068560615116606,7.92681761753537,11.672682995650247,-4.4338060016998,2.677735150568613,5.1084359956184535,12.65341506181774,1.063189824828589,5.685136345564374,-3.1653594172783546,-4.444450135856291,9.13650050048578,13.761620339512412,3.0985389427167083,11.51704214368344,6.8779298300332785,2.5536802301290966,8.007330360698928,13.317305110557456,4.089237447098982,13.931191660574429,-10.301486953126417,9.63766572550682,5.9612148175896795,0.7338771283417962,7.185857105635822,-8.61623259129078,3.200677170082338,8.293470017653469,12.672525321148091,-0.8890361120719267,-4.546969380263139,0.6641256973956189,7.987393485305992,2.9557173823296505,-1.3411947156004707,9.503530681466353,7.0321438741609885,11.665796572169725,1.4900719408209777,3.6880101056362045,-0.6291705595624961,-5.125039689580382,7.077644337445199,3.2668334503978422,6.4933466327533385,2.3491193969142077
3.2809999999997497,0.1251082974504077,2.0572447779234904,9.155922924158494,3.1042387156605296,9.329802749183015,13.502996153119987,1.909527937364233,1.5954764054398902,12.42653611007848,10.743895785585126,-1.7709315426472552,4.241719853151396,-1.2285326978030011,-0.4897222036340355,6.855922547397058,-9.800052966934777,-4.982603193348771,-2.7569625074520863,-1.1895361310381942,7.581584530158494,-4.5230308995684485,-6.6383085957966514,13.754779987752446,4.729099833666142,2.7581891061686967,-6.028818921777302,1.444599270759563,2.351792676892995,-4.358104885033208,9.17862913841687,-2.6944635584610643,3.2912398821651925,-2.575807558519589,15.789187388261176,5.933579569513143,-4.499966382658362,11.922342896039375,-7.0155759186110735,6.19890606029913,-8.0938440560921,-5.835001148218728,2.9785539260621166,8.606019345587207,3.942242512749634,0.36237978961091233,4.67462443850379,-7.324160420712447,-2.8483716399818166,2.7481093309169062,9.189073222383008,6.831838953739668,-10.070814562417599,4.316044328031749,-1.656973517736403,-2.6923798166470765,7.082871071241302,7.9495145383331725,11.693385528380448,-4.448513421816369,2.673627833399471,5.117138194594405,12.675002894708072,1.0556832704195642,5.683500096378977,-3.1854091864105945,-4.466297337990023,9.15482794728155,13.790822070431709,3.099175670632985,11.539189731989161,6.887239480882113,2.542854765384877,8.016635203156975,13.350142772234666,4.090597856664664,13.964561464038594,-10.351804924860328,9.65618070594221,5.965032689302321,0.7299739116803612,7.189769251514413,-8.653907039234907,3.19836066267347,8.30268919943158,12.70416013239081,-0.8973245860895182,-4.5610623219731234,0.6561674868718104,8.00777845800791,2.964369334870727,-1.3497129893279287,9.515872960476509,7.036162355495833,11.687246402328256,1.478107809291313,3.6835337930521326,-0.6349357922772578,-5.152233058195146,7.08564367333437,3.274131486189321,6.4955258322340725,2.3465045845945887
3.2909999999997486,0.12660002447342886,2.0558700432019834,9.167934137566606,3.1035503599849896,9.344833450292919,13.535533680596025,1.9069218002176473,1.5928705966487895,12.460197296736503,10.761321410516066,-1.7782441000180729,4.254647984370999,-1.2357241213113692,-0.4969598683575589,6.862838723176259,-9.836241641480049,-5.015024619651147,-2.766131327689024,-1.2077158230970004,7.589946407158282,-4.539114450730986,-6.664477739475476,13.786169893478764,4.726661238004295,2.7616166006103358,-6.055236955153689,1.4357885466169402,2.356088059035074,-4.3790478262337755,9.18822002913166,-2.704399401911559,3.2874829375172068,-2.5857647604162954,15.828309882299234,5.935386555366269,-4.519043670889599,11.940870724629324,-7.037915861262615,6.205160262547105,-8.130960528221822,-5.859487938848815,2.9845680811273825,8.622865607534994,3.9477468087213152,0.3621437543110292,4.6706792949398865,-7.3516539301719135,-2.860691593801827,2.740973485845593,9.212292597255267,6.840788249878919,-10.103998435176976,4.324602937767523,-1.6625982329968467,-2.7038413263053136,7.097181527365997,7.972211459130975,11.71408806111065,-4.463220841932937,2.669520516230329,5.125840393570357,12.696590727598405,1.0481767160105395,5.68186384719358,-3.2054589555428343,-4.488144540123754,9.17315539407732,13.820023801351006,3.0998123985492616,11.561337320294882,6.896549131730947,2.5320293006406573,8.025940045615021,13.382980433911875,4.091958266230347,13.997931267502759,-10.40212289659424,9.674695686377602,5.968850561014962,0.7260706950189262,7.193681397393004,-8.691581487179034,3.1960441552646017,8.31190838120969,12.735794943633527,-0.9056130601071096,-4.575155263683108,0.6482092763480019,8.02816343070983,2.973021287411804,-1.3582312630553868,9.528215239486665,7.040180836830677,11.708696232486787,1.4661436777616481,3.6790574804680607,-0.6407010249920195,-5.17942642680991,7.09364300922354,3.2814295219807996,6.497705031714807,2.3438897722749696
3.3009999999997475,0.128020406530687,2.054763948832809,9.179945350974718,3.1028620043094497,9.359864151402823,13.568071208072062,1.9043156630710616,1.5902647878576888,12.493858483394526,10.778747035447006,-1.7855566573888906,4.267576115590602,-1.2429155448197373,-0.504197533081082,6.869754898955461,-9.872430316025321,-5.047446045953523,-2.775300147925962,-1.2258955151558066,7.598308284158069,-4.555198001893524,-6.690646883154301,13.817559799205082,4.724222642342449,2.765044095051975,-6.081654988530077,1.4269778224743175,2.3603834411771527,-4.3999907674343435,9.19781091984645,-2.714335245362054,3.283725992869221,-2.595721962313002,15.867432376337291,5.937193541219394,-4.538120959120836,11.959398553219273,-7.060255803914156,6.21141446479508,-8.168077000351543,-5.883974729478902,2.9905822361926484,8.639711869482781,3.9532511046929963,0.36190771901114605,4.666734151375983,-7.37914743963138,-2.873011547621837,2.7338376407742797,9.235511972127526,6.84973754601817,-10.137182307936353,4.3331615475032965,-1.6682229482572906,-2.7153028359635507,7.1114919834906924,7.994908379928777,11.73479059384085,-4.477928262049506,2.665413199061187,5.134542592546309,12.718178560488738,1.0406701616015148,5.680227598008183,-3.225508724675074,-4.509991742257485,9.191482840873089,13.849225532270303,3.1004491264655383,11.583484908600603,6.905858782579782,2.5212038358964377,8.035244888073068,13.415818095589085,4.09331867579603,14.031301070966924,-10.45244086832815,9.693210666812993,5.972668432727604,0.7221674783574912,7.197593543271594,-8.729255935123161,3.1937276478557335,8.321127562987801,12.767429754876245,-0.9139015341247011,-4.589248205393092,0.6402510658241933,8.048548403411749,2.9816732399528805,-1.3667495367828448,9.54055751849682,7.044199318165521,11.730146062645318,1.4541795462319833,3.674581167883989,-0.6464662577067812,-5.2066197954246745,7.101642345112711,3.2887275577722783,6.499884231195541,2.3412749599553506
3.3109999999997464,0.12936751409141056,2.0539220143202592,9.19195656438283,3.1021736486339098,9.374894852512726,13.6006087355481,1.9017095259244758,1.587658979066588,12.527519670052548,10.796172660377946,-1.7928692147597083,4.280504246810205,-1.2501069683281054,-0.5114351978046048,6.876671074734662,-9.908618990570593,-5.0798674722558985,-2.7844689681628996,-1.2440752072146128,7.606670161157856,-4.571281553056062,-6.716816026833126,13.8489497049314,4.721784046680602,2.768471589493614,-6.108073021906464,1.4181670983316947,2.3646788233192315,-4.420933708634911,9.20740181056124,-2.7242710888125488,3.2799690482212354,-2.6056791642097084,15.906554870375349,5.93900052707252,-4.557198247352074,11.977926381809223,-7.082595746565698,6.217668667043055,-8.205193472481264,-5.90846152010899,2.9965963912579143,8.656558131430568,3.9587554006646775,0.3616716837112629,4.662789007812079,-7.406640949090846,-2.8853315014418475,2.7267017957029664,9.258731346999785,6.858686842157422,-10.17036618069573,4.34172015723907,-1.6738476635177344,-2.726764345621788,7.125802439615388,8.01760530072658,11.755493126571052,-4.492635682166075,2.661305881892045,5.14324479152226,12.739766393379071,1.0331636071924901,5.678591348822786,-3.245558493807314,-4.531838944391216,9.209810287668859,13.8784272631896,3.101085854381815,11.605632496906324,6.915168433428616,2.510378371152218,8.044549730531115,13.448655757266295,4.0946790853617125,14.064670874431089,-10.50275884006206,9.711725647248384,5.976486304440245,0.7182642616960562,7.201505689150185,-8.766930383067288,3.1914111404468652,8.330346744765912,12.799064566118963,-0.9221900081422926,-4.603341147103077,0.6322928553003848,8.068933376113668,2.990325192493957,-1.375267810510303,9.552899797506976,7.048217799500366,11.751595892803849,1.4422154147023185,3.670104855299917,-0.6522314904215429,-5.2338131640394385,7.109641681001881,3.296025593563757,6.502063430676275,2.3386601476357316
3.3209999999997453,0.13063954691540988,2.053340706761904,9.203967777790941,3.10148529295837,9.38992555362263,13.633146263024138,1.89910338877789,1.5850531702754873,12.561180856710571,10.813598285308887,-1.800181772130526,4.293432378029808,-1.2572983918364735,-0.5186728625281276,6.883587250513863,-9.944807665115865,-5.112288898558274,-2.7936377883998373,-1.262254899273419,7.6150320381576435,-4.5873651042186,-6.74298517051195,13.880339610657717,4.719345451018755,2.771899083935253,-6.134491055282852,1.409356374189072,2.3689742054613103,-4.441876649835479,9.21699270127603,-2.7342069322630436,3.2762121035732497,-2.615636366106415,15.945677364413406,5.9408075129256455,-4.576275535583311,11.996454210399172,-7.104935689217239,6.22392286929103,-8.242309944610986,-5.932948310739077,3.0026105463231803,8.673404393378355,3.9642596966363586,0.36143564841137976,4.658843864248175,-7.434134458550313,-2.8976514552618577,2.719565950631653,9.281950721872043,6.867636138296673,-10.203550053455107,4.350278766974844,-1.6794723787781782,-2.738225855280025,7.140112895740083,8.040302221524382,11.776195659301253,-4.507343102282643,2.6571985647229033,5.151946990498212,12.761354226269404,1.0256570527834654,5.6769550996373885,-3.265608262939554,-4.553686146524948,9.228137734464628,13.907628994108897,3.1017225822980916,11.627780085212045,6.9244780842774505,2.4995529064079984,8.053854572989161,13.481493418943504,4.096039494927395,14.098040677895254,-10.553076811795972,9.730240627683775,5.980304176152886,0.7143610450346212,7.205417835028776,-8.804604831011416,3.189094633037997,8.339565926544022,12.83069937736168,-0.930478482159884,-4.617434088813061,0.6243346447765763,8.089318348815587,2.9989771450350338,-1.383786084237761,9.565242076517132,7.05223628083521,11.77304572296238,1.4302512831726537,3.665628542715845,-0.6579967231363046,-5.261006532654203,7.117641016891052,3.3033236293552357,6.504242630157009,2.3360453353161126
3.330999999999744,0.13183483654589798,2.0530173922914825,9.215978991199053,3.10079693728283,9.404956254732534,13.665683790500175,1.8964972516313043,1.5824473614843866,12.594842043368594,10.831023910239827,-1.8074943295013437,4.30636050924941,-1.2644898153448416,-0.5259105272516504,6.890503426293065,-9.980996339661138,-5.14471032486065,-2.802806608636775,-1.2804345913322253,7.623393915157431,-4.603448655381138,-6.769154314190775,13.911729516384035,4.716906855356909,2.775326578376892,-6.160909088659239,1.4005456500464493,2.373269587603389,-4.462819591036047,9.22658359199082,-2.7441427757135384,3.272455158925264,-2.6255935680031213,15.984799858451463,5.942614498778771,-4.595352823814548,12.014982038989121,-7.12727563186878,6.230177071539005,-8.279426416740707,-5.957435101369164,3.008624701388446,8.690250655326142,3.9697639926080397,0.3611996131114966,4.654898720684272,-7.461627968009779,-2.909971409081868,2.71243010556034,9.305170096744302,6.876585434435924,-10.236733926214484,4.358837376710618,-1.685097094038622,-2.749687364938262,7.154423351864779,8.062999142322184,11.796898192031454,-4.522050522399212,2.6530912475537614,5.160649189474164,12.782942059159737,1.0181504983744407,5.675318850451991,-3.285658032071794,-4.575533348658679,9.246465181260398,13.936830725028194,3.1023593102143683,11.649927673517766,6.933787735126285,2.488727441663779,8.063159415447208,13.514331080620714,4.097399904493078,14.131410481359419,-10.603394783529883,9.748755608119167,5.984122047865528,0.7104578283731862,7.209329980907366,-8.842279278955543,3.1867781256291288,8.348785108322133,12.862334188604398,-0.9387669561774755,-4.631527030523046,0.6163764342527678,8.109703321517506,3.0076290975761104,-1.392304357965219,9.577584355527287,7.056254762170054,11.79449555312091,1.418287151642989,3.661152230131773,-0.6637619558510663,-5.288199901268967,7.125640352780223,3.3106216651467144,6.506421829637743,2.3334305229964936
3.340999999999743,0.13295184877856775,2.0529502934976525,9.227990204607165,3.10010858160729,9.419986955842438,13.698221317976213,1.8938911144847186,1.5798415526932859,12.628503230026617,10.848449535170767,-1.8148068868721614,4.319288640469013,-1.2716812388532097,-0.5331481919751733,6.897419602072266,-10.01718501420641,-5.177131751163026,-2.811975428873713,-1.2986142833910315,7.631755792157218,-4.619532206543676,-6.7953234578696,13.943119422110353,4.714468259695062,2.778754072818531,-6.187327122035627,1.3917349259038265,2.377564969745468,-4.483762532236615,9.23617448270561,-2.754078619164033,3.2686982142772782,-2.6355507698998277,16.02392235248953,5.944421484631897,-4.614430112045786,12.03350986757907,-7.149615574520322,6.23643127378698,-8.316542888870428,-5.981921891999251,3.014638856453712,8.70709691727393,3.975268288579721,0.3609635778116135,4.650953577120368,-7.489121477469245,-2.9222913629018783,2.7052942604890267,9.32838947161656,6.885534730575175,-10.26991779897386,4.367395986446391,-1.690721809299066,-2.761148874596499,7.168733807989474,8.085696063119986,11.817600724761656,-4.536757942515781,2.6489839303846194,5.169351388450115,12.80452989205007,1.010643943965416,5.673682601266594,-3.3057078012040337,-4.59738055079241,9.264792628056167,13.966032455947492,3.102996038130645,11.672075261823487,6.943097385975119,2.477901976919559,8.072464257905255,13.547168742297924,4.098760314058761,14.164780284823584,-10.653712755263793,9.767270588554558,5.987939919578169,0.7065546117117512,7.213242126785957,-8.87995372689967,3.1844616182202605,8.358004290100244,12.893968999847116,-0.947055430195067,-4.64561997223303,0.6084182237289593,8.130088294219425,3.016281050117187,-1.400822631692677,9.589926634537443,7.0602732435048985,11.815945383279441,1.406323020113324,3.6566759175477013,-0.669527188565828,-5.315393269883731,7.133639688669393,3.317919700938193,6.508601029118477,2.3308157106768745
3.350999999999742,0.1339891860940785,2.053138452338584,9.240001418015277,3.09942022593175,9.435017656952342,13.73075884545225,1.8912849773381328,1.5772357439021851,12.66216441668464,10.865875160101707,-1.8221194442429791,4.332216771688616,-1.2788726623615778,-0.5403858566986961,6.904335777851467,-10.053373688751682,-5.209553177465402,-2.8211442491106506,-1.3167939754498377,7.640117669157005,-4.635615757706214,-6.8214926015484245,13.974509327836671,4.712029664033215,2.78218156726017,-6.213745155412014,1.3829242017612038,2.3818603518875467,-4.504705473437183,9.2457653734204,-2.764014462614528,3.2649412696292925,-2.645507971796534,16.063044846527607,5.946228470485022,-4.633507400277023,12.05203769616902,-7.171955517171863,6.242685476034955,-8.35365936100015,-6.006408682629338,3.020653011518978,8.723943179221717,3.980772584551402,0.36072754251173034,4.647008433556464,-7.516614986928712,-2.9346113167218886,2.6981584154177134,9.35160884648882,6.8944840267144265,-10.303101671733238,4.375954596182165,-1.6963465245595097,-2.7726103842547363,7.183044264114169,8.108392983917788,11.838303257491857,-4.551465362632349,2.6448766132154775,5.178053587426067,12.826117724940403,1.0031373895563913,5.672046352081197,-3.3257575703362736,-4.619227752926141,9.283120074851936,13.995234186866789,3.1036327660469216,11.694222850129208,6.952407036823954,2.4670765121753395,8.081769100363301,13.580006403975133,4.1001207236244435,14.198150088287749,-10.704030726997704,9.78578556898995,5.99175779129081,0.7026513950503162,7.217154272664548,-8.917628174843797,3.1821451108113923,8.367223471878354,12.925603811089834,-0.9553439042126585,-4.6597129139430145,0.6004600132051507,8.150473266921344,3.0249330026582637,-1.4093409054201351,9.602268913547599,7.064291724839743,11.837395213437972,1.3943588885836593,3.6521996049636294,-0.6752924212805897,-5.342586638498495,7.141639024558564,3.325217736729672,6.510780228599211,2.3282008983572555
3.360999999999741,0.1349455900430429,2.0535816981196793,9.252012631423389,3.09873187025621,9.450048358062245,13.763296372928288,1.888678840191547,1.5746299351110844,12.695825603342662,10.883300785032647,-1.8294320016137968,4.345144902908219,-1.286064085869946,-0.5476235214222189,6.911251953630669,-10.089562363296954,-5.241974603767778,-2.8303130693475884,-1.3349736675086439,7.648479546156793,-4.651699308868752,-6.847661745227249,14.005899233562989,4.709591068371369,2.785609061701809,-6.240163188788402,1.374113477618581,2.3861557340296256,-4.525648414637751,9.255356264135191,-2.773950306065023,3.261184324981307,-2.6554651736932406,16.102167340565682,5.948035456338148,-4.65258468850826,12.070565524758969,-7.194295459823405,6.24893967828293,-8.39077583312987,-6.0308954732594255,3.026667166584244,8.740789441169504,3.986276880523083,0.3604915072118472,4.64306328999256,-7.544108496388178,-2.946931270541899,2.6910225703464,9.374828221361078,6.903433322853678,-10.336285544492615,4.384513205917939,-1.7019712398199536,-2.7840718939129734,7.197354720238865,8.13108990471559,11.859005790222058,-4.566172782748918,2.6407692960463356,5.186755786402019,12.847705557830736,0.9956308351473673,5.6704101028958,-3.3458073394685135,-4.641074955059873,9.301447521647706,14.024435917786086,3.1042694939631983,11.716370438434929,6.961716687672788,2.45625104743112,8.091073942821348,13.612844065652343,4.101481133190126,14.231519891751914,-10.754348698731615,9.80430054942534,5.995575663003452,0.6987481783888811,7.221066418543138,-8.955302622787924,3.179828603402524,8.376442653656465,12.957238622332552,-0.9636323782302499,-4.673805855652999,0.5925018026813422,8.170858239623263,3.0335849551993403,-1.4178591791475932,9.614611192557755,7.068310206174587,11.858845043596503,1.3823947570539945,3.6477232923795575,-0.6810576539953515,-5.369780007113259,7.149638360447734,3.3325157725211505,6.512959428079945,2.3255860860376365
3.3709999999997398,0.1358199435743847,2.054280620144379,9.2640238448315,3.09804351458067,9.46507905917215,13.795833900404325,1.8860727030449613,1.5720241263199837,12.729486790000685,10.900726409963587,-1.8367445589846145,4.3580730341278215,-1.293255509378314,-0.5548611861457418,6.91816812940987,-10.125751037842226,-5.274396030070154,-2.839481889584526,-1.35315335956745,7.65684142315658,-4.66778286003129,-6.873830888906074,14.037289139289307,4.707152472709522,2.789036556143448,-6.266581222164789,1.3653027534759583,2.3904511161717044,-4.546591355838319,9.264947154849981,-2.7838861495155176,3.257427380333321,-2.665422375589947,16.141289834603757,5.949842442191273,-4.671661976739498,12.089093353348918,-7.216635402474946,6.255193880530905,-8.427892305259592,-6.055382263889513,3.03268132164951,8.757635703117291,3.991781176494764,0.36025547191196405,4.639118146428657,-7.5716020058476445,-2.959251224361909,2.683886725275087,9.398047596233337,6.912382618992929,-10.369469417251992,4.3930718156537125,-1.7075959550803974,-2.7955334035712105,7.21166517636356,8.153786825513393,11.87970832295226,-4.580880202865487,2.6366619788771937,5.1954579853779705,12.869293390721069,0.9881242807383437,5.668773853710403,-3.3658571086007534,-4.662922157193604,9.319774968443475,14.053637648705383,3.104906221879475,11.73851802674065,6.9710263385216225,2.4454255826869002,8.100378785279394,13.645681727329553,4.102841542755809,14.264889695216079,-10.804666670465526,9.822815529860732,5.999393534716093,0.6948449617274461,7.224978564421729,-8.992977070732051,3.177512095993656,8.385661835434576,12.98887343357527,-0.9719208522478414,-4.687898797362983,0.5845435921575337,8.191243212325181,3.042236907740417,-1.4263774528750512,9.62695347156791,7.072328687509431,11.880294873755034,1.3704306255243297,3.6432469797954856,-0.6868228867101132,-5.396973375728023,7.157637696336905,3.339813808312629,6.515138627560679,2.3229712737180175
3.3809999999997387,0.13661127329957012,2.0552365446860916,9.276035058239612,3.0973551589051302,9.480109760282053,13.828371427880363,1.8834665658983756,1.569418317528883,12.763147976658708,10.918152034894527,-1.8440571163554322,4.371001165347424,-1.3004469328866821,-0.5620988508692646,6.925084305189071,-10.161939712387499,-5.30681745637253,-2.848650709821464,-1.3713330516262563,7.665203300156367,-4.6838664111938275,-6.900000032584899,14.068679045015624,4.704713877047675,2.792464050585087,-6.292999255541177,1.3564920293333356,2.394746498313783,-4.567534297038887,9.274538045564771,-2.7938219929660124,3.2536704356853354,-2.6753795774866536,16.180412328641832,5.951649428044399,-4.690739264970735,12.107621181938867,-7.238975345126487,6.26144808277888,-8.465008777389313,-6.0798690545196,3.038695476714776,8.774481965065078,3.9972854724664453,0.3600194366120809,4.635173002864753,-7.599095515307111,-2.9715711781819194,2.6767508802037736,9.421266971105595,6.92133191513218,-10.402653290011369,4.401630425389486,-1.7132206703408412,-2.8069949132294476,7.225975632488256,8.176483746311195,11.90041085568246,-4.595587622982055,2.6325546617080517,5.204160184353922,12.890881223611402,0.9806177263293201,5.6671376045250055,-3.3859068777329933,-4.684769359327335,9.338102415239245,14.08283937962468,3.1055429497957516,11.76066561504637,6.980335989370457,2.4346001179426806,8.109683627737441,13.678519389006762,4.104201952321492,14.298259498680244,-10.854984642199437,9.841330510296123,6.0032114064287345,0.6909417450660111,7.22889071030032,-9.030651518676178,3.1751955885847876,8.394881017212686,13.020508244817988,-0.9802093262654329,-4.701991739072968,0.5765853816337252,8.2116281850271,3.0508888602814936,-1.4348957266025093,9.639295750578066,7.076347168844276,11.901744703913565,1.358466493994665,3.6387706672114137,-0.6925881194248749,-5.424166744342787,7.165637032226075,3.347111844104108,6.517317827041413,2.3203564613983985
3.3909999999997376,0.13731875168671848,2.0564515159629715,9.288046271647724,3.0966668032295903,9.495140461391957,13.8609089553564,1.8808604287517898,1.5668125087377822,12.79680916331673,10.935577659825467,-1.85136967372625,4.383929296567027,-1.3076383563950502,-0.5693365155927874,6.932000480968273,-10.19812838693277,-5.3392388826749055,-2.8578195300584017,-1.3895127436850625,7.673565177156155,-4.699949962356365,-6.926169176263723,14.100068950741942,4.702275281385829,2.795891545026726,-6.319417288917564,1.3476813051907128,2.399041880455862,-4.588477238239455,9.284128936279561,-2.803757836416507,3.2499134910373497,-2.68533677938336,16.219534822679908,5.953456413897524,-4.709816553201972,12.126149010528817,-7.261315287778029,6.267702285026855,-8.502125249519034,-6.104355845149687,3.0447096317800417,8.791328227012865,4.002789768438126,0.35978340131219777,4.631227859300849,-7.626589024766577,-2.9838911320019297,2.6696150351324603,9.444486345977854,6.930281211271431,-10.435837162770746,4.41018903512526,-1.718845385601285,-2.8184564228876847,7.240286088612951,8.199180667108998,11.921113388412662,-4.610295043098624,2.62844734453891,5.212862383329874,12.912469056501735,0.9731111719202965,5.665501355339608,-3.405956646865233,-4.706616561461066,9.356429862035014,14.112041110543977,3.1061796777120283,11.782813203352092,6.989645640219291,2.423774653198461,8.118988470195488,13.711357050683972,4.105562361887174,14.331629302144409,-10.905302613933348,9.859845490731514,6.007029278141376,0.6870385284045761,7.23280285617891,-9.068325966620305,3.1728790811759193,8.404100198990797,13.052143056060705,-0.9884978002830244,-4.716084680782952,0.5686271711099167,8.23201315772902,3.0595408128225703,-1.4434140003299674,9.651638029588222,7.08036565017912,11.923194534072096,1.346502362465,3.634294354627342,-0.6983533521396366,-5.451360112957551,7.173636368115246,3.3544098798955866,6.5194970265221475,2.3177416490787794
3.4009999999997365,0.13794169917998797,2.0579282808265784,9.300057485055836,3.0959784475540504,9.51017116250186,13.893446482832438,1.878254291605204,1.5642066999466815,12.830470349974753,10.953003284756408,-1.8586822310970676,4.39685742778663,-1.3148297799034183,-0.5765741803163102,6.938916656747474,-10.234317061478043,-5.371660308977281,-2.8669883502953395,-1.4076924357438687,7.681927054155942,-4.716033513518903,-6.952338319942548,14.13145885646826,4.699836685723982,2.799319039468365,-6.345835322293952,1.33887058104809,2.403337262597941,-4.609420179440023,9.293719826994352,-2.813693679867002,3.246156546389364,-2.6952939812800665,16.258657316717983,5.95526339975065,-4.72889384143321,12.144676839118766,-7.28365523042957,6.27395648727483,-8.539241721648756,-6.128842635779774,3.0507237868453077,8.808174488960653,4.0082940644098075,0.35954736601231463,4.627282715736945,-7.654082534226044,-2.99621108582194,2.662479190061147,9.467705720850113,6.939230507410683,-10.469021035530123,4.418747644861034,-1.724470100861729,-2.829917932545922,7.254596544737646,8.2218775879068,11.941815921142863,-4.625002463215193,2.624340027369768,5.221564582305826,12.934056889392068,0.9656046175112729,5.663865106154211,-3.426006415997473,-4.728463763594798,9.374757308830784,14.141242841463274,3.106816405628305,11.804960791657813,6.998955291068126,2.4129491884542413,8.128293312653534,13.744194712361182,4.106922771452857,14.364999105608574,-10.955620585667258,9.878360471166905,6.010847149854017,0.6831353117431411,7.236715002057501,-9.106000414564432,3.170562573767051,8.413319380768908,13.083777867303423,-0.9967862743006158,-4.730177622492937,0.5606689605861082,8.252398130430938,3.068192765363647,-1.4519322740574254,9.663980308598378,7.084384131513964,11.944644364230626,1.3345382309353353,3.62981804204327,-0.7041185848543983,-5.478553481572315,7.1816357040044165,3.3617079156870653,6.5216762260028815,2.3151268367591604
3.4109999999997354,0.13847958624091114,2.0596702769005972,9.312068698463948,3.0952900918785105,9.525201863611764,13.925984010308476,1.8756481544586183,1.5616008911555808,12.864131536632776,10.970428909687348,-1.8659947884678854,4.409785559006233,-1.3220212034117864,-0.5838118450398331,6.945832832526675,-10.270505736023315,-5.404081735279657,-2.8761571705322773,-1.425872127802675,7.690288931155729,-4.732117064681441,-6.978507463621373,14.162848762194578,4.697398090062135,2.802746533910004,-6.372253355670339,1.3300598569054674,2.4076326447400196,-4.630363120640591,9.303310717709142,-2.823629523317497,3.2423996017413783,-2.705251183176773,16.297779810756058,5.957070385603775,-4.747971129664447,12.163204667708715,-7.3059951730811115,6.280210689522805,-8.576358193778477,-6.1533294264098615,3.0567379419105736,8.82502075090844,4.013798360381489,0.3593113307124315,4.623337572173042,-7.68157604368551,-3.0085310396419502,2.655343344989834,9.490925095722371,6.948179803549934,-10.5022049082895,4.427306254596807,-1.7300948161221728,-2.841379442204159,7.268907000862342,8.244574508704602,11.962518453873065,-4.639709883331761,2.620232710200626,5.230266781281777,12.9556447222824,0.9580980631022493,5.662228856968814,-3.446056185129713,-4.750310965728529,9.393084755626553,14.170444572382571,3.1074531335445816,11.827108379963533,7.00826494191696,2.4021237237100217,8.137598155111581,13.777032374038392,4.10828318101854,14.398368909072738,-11.00593855740117,9.896875451602297,6.014665021566659,0.6792320950817061,7.240627147936092,-9.14367486250856,3.168246066358183,8.422538562547018,13.115412678546141,-1.0050747483182065,-4.744270564202921,0.5527107500622996,8.272783103132857,3.0768447179047236,-1.4604505477848835,9.676322587608533,7.0884026128488085,11.966094194389157,1.3225740994056705,3.625341729459198,-0.70988381756916,-5.505746850187079,7.189635039893587,3.369005951478544,6.523855425483616,2.3125120244395414
3.4209999999997343,0.13893203530953907,2.061681623926686,9.32407991187206,3.0946017362029705,9.540232564721668,13.958521537784513,1.8730420173120326,1.55899508236448,12.897792723290799,10.987854534618288,-1.873307345838703,4.4227136902258355,-1.3292126269201545,-0.5910495097633559,6.952749008305877,-10.306694410568587,-5.436503161582033,-2.885325990769215,-1.4440518198614811,7.6986508081555165,-4.748200615843979,-7.004676607300198,14.194238667920896,4.694959494400289,2.806174028351643,-6.398671389046727,1.3212491327628446,2.4119280268820984,-4.651306061841159,9.312901608423932,-2.8335653667679916,3.2386426570933926,-2.7152083850734794,16.336902304794133,5.958877371456901,-4.767048417895684,12.181732496298665,-7.328335115732653,6.28646489177078,-8.613474665908198,-6.177816217039949,3.0627520969758395,8.841867012856227,4.01930265635317,0.35907529541254835,4.619392428609138,-7.709069553144976,-3.0208509934619605,2.6482074999185206,9.51414447059463,6.957129099689185,-10.535388781048876,4.435864864332581,-1.7357195313826166,-2.852840951862396,7.283217456987037,8.267271429502404,11.983220986603266,-4.65441730344833,2.616125393031484,5.238968980257729,12.977232555172733,0.9505915086932257,5.660592607783417,-3.466105954261953,-4.77215816786226,9.411412202422323,14.199646303301868,3.1080898614608583,11.849255968269254,7.017574592765794,2.391298258965802,8.146902997569628,13.809870035715601,4.109643590584223,14.431738712536903,-11.05625652913508,9.915390432037688,6.0184828932793,0.6753288784202711,7.244539293814682,-9.181349310452687,3.1659295589493146,8.431757744325129,13.147047489788859,-1.013363222335797,-4.7583635059129055,0.5447525395384911,8.293168075834776,3.0854966704458002,-1.4689688215123415,9.688664866618689,7.092421094183653,11.987544024547688,1.3106099678760057,3.620865416875126,-0.7156490502839217,-5.532940218801843,7.197634375782758,3.3763039872700227,6.52603462496435,2.3098972121199224
3.430999999999733,0.13929882268433655,2.0639671180913015,9.336091125280172,3.0939133805274306,9.555263265831572,13.99105906526055,1.8704358801654468,1.5563892735733793,12.931453909948821,11.005280159549228,-1.8806199032095208,4.435641821445438,-1.3364040504285226,-0.5982871744868787,6.959665184085078,-10.34288308511386,-5.468924587884409,-2.894494811006153,-1.4622315119202873,7.707012685155304,-4.764284167006517,-7.030845750979022,14.225628573647214,4.692520898738442,2.8096015227932822,-6.425089422423114,1.3124384086202219,2.416223409024177,-4.672249003041727,9.322492499138722,-2.8435012102184865,3.234885712445407,-2.725165586970186,16.37602479883221,5.9606843573100265,-4.786125706126922,12.200260324888614,-7.350675058384194,6.292719094018755,-8.65059113803792,-6.202303007670036,3.0687662520411054,8.858713274804014,4.024806952324851,0.3588392601126652,4.615447285045234,-7.736563062604443,-3.033170947281971,2.6410716548472073,9.537363845466889,6.966078395828436,-10.568572653808253,4.444423474068355,-1.7413442466430604,-2.864302461520633,7.2975279131117325,8.289968350300207,12.003923519333467,-4.669124723564899,2.612018075862342,5.247671179233681,12.998820388063066,0.9430849542842021,5.65895635859802,-3.4861557233941927,-4.7940053699959915,9.429739649218092,14.228848034221166,3.108726589377135,11.871403556574975,7.026884243614629,2.3804727942215824,8.156207840027674,13.842707697392811,4.111004000149905,14.465108516001068,-11.106574500868991,9.933905412473079,6.022300764991941,0.6714256617588361,7.248451439693273,-9.219023758396814,3.1636130515404464,8.44097692610324,13.178682301031577,-1.0216516963533873,-4.77245644762289,0.5367943290146826,8.313553048536695,3.094148622986877,-1.4774870952397996,9.701007145628845,7.096439575518497,12.008993854706219,1.298645836346341,3.6163891042910543,-0.7214142829986834,-5.560133587416607,7.205633711671928,3.3836020230615014,6.528213824445084,2.3072823998003034
3.440999999999732,0.1395798803207666,2.06653222911984,9.348102338688284,3.0932250248518907,9.570293966941476,14.023596592736588,1.867829743018861,1.5537834647822786,12.965115096606844,11.022705784480168,-1.8879324605803385,4.448569952665041,-1.3435954739368907,-0.6055248392104016,6.966581359864279,-10.379071759659132,-5.501346014186785,-2.9036636312430906,-1.4804112039790935,7.715374562155091,-4.780367718169055,-7.057014894657847,14.257018479373532,4.690082303076595,2.8130290172349213,-6.451507455799502,1.3036276844775991,2.420518791166256,-4.693191944242295,9.332083389853512,-2.8534370536689813,3.231128767797421,-2.7351227888668923,16.415147292870284,5.962491343163152,-4.805202994358159,12.218788153478563,-7.373015001035736,6.29897329626673,-8.68770761016764,-6.226789798300123,3.0747804071063713,8.875559536751801,4.030311248296532,0.35860322481278206,4.61150214148133,-7.764056572063909,-3.045490901101981,2.633935809775894,9.560583220339147,6.9750276919676875,-10.60175652656763,4.4529820838041285,-1.7469689619035043,-2.8757639711788703,7.311838369236428,8.312665271098009,12.024626052063669,-4.683832143681467,2.6079107586932,5.2563733782096325,13.0204082209534,0.9355783998751785,5.657320109412622,-3.5062054925264325,-4.815852572129723,9.448067096013862,14.258049765140463,3.1093633172934116,11.893551144880696,7.036193894463463,2.369647329477363,8.165512682485721,13.87554535907002,4.112364409715588,14.498478319465233,-11.156892472602902,9.95242039290847,6.026118636704583,0.6675224450974011,7.252363585571864,-9.25669820634094,3.161296544131578,8.45019610788135,13.210317112274295,-1.0299401703709776,-4.786549389332874,0.5288361184908741,8.333938021238614,3.1028005755279535,-1.4860053689672577,9.713349424639,7.100458056853341,12.03044368486475,1.286681704816676,3.6119127917069824,-0.7271795157134451,-5.587326956031371,7.213633047561099,3.39090005885298,6.530393023925818,2.3046675874806843
3.450999999999731,0.13977529754939816,2.069383099932608,9.360113552096395,3.0925366691763507,9.58532466805138,14.056134120212626,1.8652236058722753,1.5511776559911779,12.998776283264867,11.040131409411108,-1.8952450179511562,4.461498083884644,-1.3507868974452588,-0.6127625039339244,6.973497535643481,-10.415260434204404,-5.533767440489161,-2.9128324514800283,-1.4985908960378997,7.723736439154878,-4.796451269331593,-7.083184038336672,14.28840838509985,4.687643707414749,2.8164565116765603,-6.477925489175889,1.2948169603349764,2.424814173308335,-4.714134885442863,9.341674280568302,-2.863372897119476,3.2273718231494355,-2.7450799907635988,16.45426978690836,5.964298329016278,-4.824280282589396,12.237315982068512,-7.395354943687277,6.305227498514705,-8.724824082297362,-6.25127658893021,3.0807945621716373,8.892405798699588,4.035815544268213,0.3583671895128989,4.607556997917427,-7.791550081523376,-3.0578108549219913,2.6267999647045808,9.583802595211406,6.983976988106939,-10.634940399327007,4.461540693539902,-1.752593677163948,-2.8872254808371074,7.326148825361123,8.335362191895811,12.04532858479387,-4.698539563798036,2.6038034415240583,5.265075577185584,13.041996053843732,0.928071845466155,5.655683860227225,-3.5262552616586724,-4.837699774263454,9.466394542809631,14.28725149605976,3.1100000452096883,11.915698733186417,7.045503545312298,2.358821864733143,8.174817524943768,13.90838302074723,4.113724819281271,14.531848122929398,-11.207210444336813,9.970935373343861,6.029936508417224,0.6636192284359661,7.2562757314504545,-9.294372654285068,3.15898003672271,8.45941528965946,13.241951923517012,-1.038228644388568,-4.800642331042859,0.5208779079670656,8.354322993940533,3.11145252806903,-1.4945236426947157,9.725691703649156,7.104476538188186,12.05189351502328,1.2747175732870113,3.6074364791229105,-0.7329447484282068,-5.6145203246461355,7.221632383450269,3.3981980946444588,6.532572223406552,2.3020527751610653
3.46099999999973,0.1398853227151701,2.072526548660747,9.372124765504507,3.091848313500811,9.600355369161283,14.088671647688663,1.8626174687256896,1.5485718472000771,13.03243746992289,11.057557034342048,-1.902557575321974,4.474426215104247,-1.357978320953627,-0.6200001686574472,6.980413711422682,-10.451449108749676,-5.566188866791537,-2.922001271716966,-1.516770588096706,7.732098316154666,-4.812534820494131,-7.1093531820154965,14.319798290826167,4.685205111752902,2.8198840061181993,-6.5043435225522765,1.2860062361923537,2.4291095554504136,-4.735077826643431,9.351265171283092,-2.873308740569971,3.22361487850145,-2.7550371926603052,16.493392280946434,5.966105314869403,-4.843357570820634,12.255843810658462,-7.417694886338818,6.3114817007626804,-8.761940554427083,-6.275763379560297,3.086808717236903,8.909252060647376,4.041319840239894,0.3581311542130158,4.603611854353523,-7.819043590982842,-3.0701308087420016,2.6196641196332675,9.607021970083665,6.99292628424619,-10.668124272086384,4.470099303275676,-1.758218392424392,-2.8986869904953445,7.340459281485819,8.358059112693613,12.066031117524071,-4.713246983914605,2.5996961243549164,5.273777776161536,13.063583886734065,0.9205652910571314,5.654047611041828,-3.5463050307909123,-4.859546976397185,9.4847219896054,14.316453226979057,3.110636773125965,11.937846321492138,7.054813196161132,2.3479963999889235,8.184122367401814,13.94122068242444,4.1150852288469535,14.565217926393563,-11.257528416070723,9.989450353779253,6.033754380129865,0.6597160117745311,7.260187877329045,-9.332047102229195,3.1566635293138416,8.468634471437571,13.27358673475973,-1.0465171184061584,-4.814735272752843,0.512919697443257,8.374707966642452,3.120104480610107,-1.5030419164221738,9.738033982659312,7.10849501952303,12.073343345181812,1.2627534417573465,3.6029601665388387,-0.7387099811429685,-5.6417136932608996,7.22963171933944,3.4054961304359375,6.534751422887286,2.2994379628414463
3.4709999999997287,0.13991036474013477,2.075970072819015,9.384135978912619,3.091159957825271,9.615386070271187,14.1212091751647,1.8600113315791038,1.5459660384089764,13.066098656580913,11.074982659272989,-1.9098701326927916,4.487354346323849,-1.365169744461995,-0.6272378333809701,6.987329887201883,-10.487637783294948,-5.598610293093913,-2.931170091953904,-1.5349502801555122,7.740460193154453,-4.828618371656669,-7.135522325694321,14.351188196552485,4.682766516091055,2.8233115005598384,-6.530761555928664,1.277195512049731,2.4334049375924924,-4.7560207678439985,9.360856061997882,-2.8832445840204657,3.219857933853464,-2.7649943945570117,16.53251477498451,5.967912300722529,-4.862434859051871,12.274371639248411,-7.44003482899036,6.3177359030106555,-8.799057026556804,-6.300250170190385,3.092822872302169,8.926098322595163,4.046824136211575,0.35789511891313264,4.599666710789619,-7.846537100442308,-3.082450762562012,2.6125282745619542,9.630241344955923,7.001875580385441,-10.701308144845761,4.47865791301145,-1.7638431076848358,-2.9101485001535816,7.354769737610514,8.380756033491416,12.086733650254272,-4.727954404031173,2.5955888071857744,5.282479975137488,13.085171719624398,0.9130587366481078,5.652411361856431,-3.566354799923152,-4.8813941785309165,9.50304943640117,14.345654957898354,3.1112735010422417,11.95999390979786,7.064122847009966,2.337170935244704,8.19342720985986,13.97405834410165,4.116445638412636,14.598587729857728,-11.307846387804634,10.007965334214644,6.037572251842507,0.6558127951130961,7.264100023207636,-9.369721550173322,3.1543470219049734,8.477853653215682,13.305221546002448,-1.0548055924237487,-4.828828214462828,0.5049614869194485,8.395092939344371,3.1287564331511835,-1.5115601901496318,9.750376261669468,7.112513500857874,12.094793175340342,1.2507893102276817,3.5984838539547668,-0.7444752138577302,-5.668907061875664,7.2376310552286105,3.412794166227416,6.53693062236802,2.2968231505218273
3.4809999999997276,0.13985099461257533,2.079721855425917,9.396147192320731,3.090471602149731,9.63041677138109,14.153746702640738,1.857405194432518,1.5433602296178757,13.099759843238935,11.092408284203929,-1.9171826900636093,4.500282477543452,-1.3723611679703631,-0.6344754981044929,6.994246062981085,-10.52382645784022,-5.631031719396288,-2.9403389121908416,-1.5531299722143184,7.74882207015424,-4.8447019228192065,-7.161691469373146,14.382578102278803,4.6803279204292085,2.8267389950014774,-6.5571795893050515,1.2683847879071082,2.4377003197345712,-4.7769637090445665,9.370446952712673,-2.8931804274709605,3.2161009892054784,-2.774951596453718,16.571637269022585,5.969719286575654,-4.881512147283108,12.29289946783836,-7.462374771641901,6.3239901052586305,-8.836173498686525,-6.324736960820472,3.098837027367435,8.94294458454295,4.0523284321832564,0.3576590836132495,4.5957215672257155,-7.874030609901775,-3.094770716382022,2.605392429490641,9.653460719828182,7.010824876524692,-10.734492017605138,4.487216522747223,-1.7694678229452796,-2.9216100098118187,7.3690801937352095,8.403452954289218,12.107436182984474,-4.742661824147742,2.5914814900166325,5.291182174113439,13.106759552514731,0.9055521822390842,5.650775112671034,-3.586404569055392,-4.903241380664648,9.52137688319694,14.374856688817651,3.1119102289585183,11.98214149810358,7.073432497858801,2.3263454705004842,8.202732052317907,14.00689600577886,4.117806047978319,14.631957533321893,-11.358164359538545,10.026480314650035,6.041390123555148,0.6519095784516611,7.2680121690862265,-9.40739599811745,3.152030514496105,8.487072834993793,13.336856357245166,-1.063094066441339,-4.842921156172812,0.4970032763956398,8.41547791204629,3.13740838569226,-1.52007846387709,9.762718540679623,7.116531982192718,12.116243005498873,1.238825178698017,3.594007541370695,-0.7502404465724919,-5.696100430490428,7.245630391117781,3.420092202018895,6.539109821848754,2.2942083382022083
3.4909999999997265,0.13970794680582596,2.0837907728496066,9.408158405728843,3.089783246474191,9.645447472490995,14.186284230116776,1.8547990572859323,1.540754420826775,13.133421029896958,11.109833909134869,-1.924495247434427,4.513210608763055,-1.3795525914787312,-0.6417131628280157,7.001162238760286,-10.560015132385493,-5.663453145698664,-2.9495077324277794,-1.5713096642731246,7.757183947154028,-4.860785473981744,-7.187860613051971,14.41396800800512,4.677889324767362,2.8301664894431164,-6.583597622681439,1.2595740637644854,2.44199570187665,-4.797906650245134,9.380037843427463,-2.9031162709214553,3.2123440445574927,-2.7849087983504246,16.61075976306066,5.97152627242878,-4.900589435514346,12.31142729642831,-7.4847147142934425,6.3302443075066055,-8.873289970816247,-6.349223751450559,3.104851182432701,8.959790846490737,4.057832728154938,0.35742304831336635,4.591776423661812,-7.901524119361241,-3.1070906702020324,2.5982565844193277,9.67668009470044,7.0197741726639435,-10.767675890364515,4.495775132482997,-1.7750925382057234,-2.933071519470056,7.383390649859905,8.42614987508702,12.128138715714675,-4.757369244264311,2.5873741728474906,5.299884373089391,13.128347385405064,0.8980456278300606,5.6491388634856365,-3.606454338187632,-4.925088582798379,9.53970432999271,14.404058419736948,3.112546956874795,12.004289086409301,7.082742148707635,2.3155200057562646,8.212036894775954,14.039733667456069,4.119166457544002,14.665327336786058,-11.408482331272456,10.044995295085426,6.0452079952677895,0.6480063617902261,7.271924314964817,-9.445070446061576,3.149714007087237,8.496292016771903,13.368491168487884,-1.0713825404589294,-4.8570140978827965,0.4890450658718307,8.435862884748209,3.1460603382333368,-1.528596737604548,9.775060819689779,7.120550463527563,12.137692835657404,1.226861047168352,3.589531228786623,-0.7560056792872536,-5.723293799105192,7.253629727006952,3.4273902378103736,6.541289021329488,2.2915935258825892
3.5009999999997254,0.13948212063040036,2.0881864041396625,9.420169619136955,3.089094890798651,9.660478173600898,14.218821757592814,1.8521929201393466,1.5381486120356742,13.16708221655498,11.127259534065809,-1.9318078048052447,4.526138739982658,-1.3867440149870993,-0.6489508275515385,7.008078414539487,-10.596203806930765,-5.69587457200104,-2.958676552664717,-1.5894893563319308,7.765545824153815,-4.876869025144282,-7.214029756730795,14.445357913731439,4.675450729105515,2.8335939838847555,-6.6100156560578265,1.2507633396218627,2.446291084018729,-4.818849591445702,9.389628734142253,-2.91305211437195,3.208587099909507,-2.794866000247131,16.649882257098735,5.973333258281905,-4.919666723745583,12.329955125018259,-7.507054656944984,6.3364985097545805,-8.910406442945968,-6.373710542080646,3.110865337497967,8.976637108438524,4.063337024126619,0.3571870130134832,4.587831280097908,-7.9290176288207075,-3.1194106240220427,2.5911207393480145,9.6998994695727,7.028723468803195,-10.800859763123892,4.504333742218771,-1.7807172534661673,-2.944533029128293,7.3977011059846,8.448846795884823,12.148841248444876,-4.772076664380879,2.5832668556783487,5.308586572065343,13.149935218295397,0.890539073421037,5.647502614300239,-3.626504107319872,-4.94693578493211,9.558031776788479,14.433260150656245,3.1131836847910717,12.026436674715022,7.09205179955647,2.304694541012045,8.221341737234,14.072571329133279,4.120526867109684,14.698697140250223,-11.458800303006367,10.063510275520818,6.049025866980431,0.6441031451287911,7.275836460843408,-9.482744894005704,3.1473974996783687,8.505511198550014,13.400125979730602,-1.0796710144765198,-4.871107039592781,0.48108685534802165,8.456247857450128,3.1547122907744134,-1.537115011332006,9.787403098699935,7.124568944862407,12.159142665815935,1.2148969156386873,3.585054916202551,-0.7617709120020153,-5.750487167719956,7.261629062896122,3.4346882736018522,6.543468220810222,2.2889787135629702
3.5109999999997243,0.13917458152312892,2.092919041579623,9.432180832545066,3.088406535123111,9.675508874710802,14.251359285068851,1.8495867829927608,1.5355428032445735,13.200743403213004,11.144685158996749,-1.9391203621760624,4.539066871202261,-1.3939354384954674,-0.6561884922750614,7.014994590318689,-10.632392481476037,-5.728295998303416,-2.967845372901655,-1.607669048390737,7.773907701153602,-4.89295257630682,-7.24019890040962,14.476747819457756,4.6730121334436685,2.8370214783263945,-6.636433689434214,1.24195261547924,2.4505864661608077,-4.83979253264627,9.399219624857043,-2.922987957822445,3.2048301552615213,-2.8048232021438375,16.68900475113681,5.975140244135031,-4.93874401197682,12.348482953608208,-7.529394599596525,6.3427527120025555,-8.94752291507569,-6.398197332710733,3.116879492563233,8.993483370386311,4.0688413200983,0.35695097771360007,4.583886136534004,-7.956511138280174,-3.131730577842053,2.583984894276701,9.723118844444958,7.037672764942446,-10.834043635883269,4.5128923519545445,-1.786341968726611,-2.95599453878653,7.412011562109296,8.471543716682625,12.169543781175078,-4.786784084497448,2.5791595385092068,5.317288771041294,13.17152305118573,0.8830325190120134,5.645866365114842,-3.6465538764521117,-4.9687829870658415,9.576359223584248,14.462461881575543,3.1138204127073483,12.048584263020743,7.101361450405304,2.2938690762678253,8.230646579692047,14.105408990810488,4.121887276675367,14.732066943714388,-11.509118274740278,10.082025255956209,6.052843738693072,0.6401999284673561,7.2797486067219985,-9.52041934194983,3.1450809922695004,8.514730380328125,13.43176079097332,-1.0879594884941102,-4.885199981302765,0.4731286448242126,8.476632830152047,3.16336424331549,-1.545633285059464,9.79974537771009,7.128587426197251,12.180592495974466,1.2029327841090225,3.5805786036184792,-0.767536144716777,-5.77768053633472,7.269628398785293,3.441986309393331,6.5456474202909565,2.286363901243351
3.5209999999997232,0.1387865622768788,2.097999702162196,9.444192045953178,3.087718179447571,9.690539575820706,14.283896812544889,1.846980645846175,1.5329369944534728,13.234404589871026,11.16211078392769,-1.9464329195468801,4.551995002421863,-1.4011268620038355,-0.6634261569985842,7.02191076609789,-10.66858115602131,-5.760717424605792,-2.9770141931385927,-1.6258487404495432,7.7822695781533895,-4.909036127469358,-7.266368044088445,14.508137725184074,4.670573537781822,2.8404489727680335,-6.6628517228106015,1.2331418913366172,2.4548818483028865,-4.860735473846838,9.408810515571833,-2.9329238012729397,3.2010732106135356,-2.814780404040544,16.728127245174885,5.9769472299881565,-4.957821300208058,12.367010782198157,-7.551734542248067,6.3490069142505305,-8.98463938720541,-6.4226841233408205,3.1228936476284987,9.010329632334098,4.074345616069981,0.35671494241371693,4.5799409929701005,-7.98400464773964,-3.1440505316620633,2.576849049205388,9.746338219317217,7.046622061081697,-10.867227508642646,4.521450961690318,-1.791966683987055,-2.967456048444767,7.426322018233991,8.494240637480427,12.190246313905279,-4.801491504614017,2.575052221340065,5.325990970017246,13.193110884076063,0.8755259646029898,5.644230115929445,-3.6666036455843516,-4.990630189199573,9.594686670380018,14.49166361249484,3.114457140623625,12.070731851326464,7.110671101254138,2.2830436115236057,8.239951422150094,14.138246652487698,4.12324768624105,14.765436747178553,-11.559436246474188,10.1005402363916,6.056661610405714,0.6362967118059211,7.283660752600589,-9.558093789893958,3.142764484860632,8.523949562106235,13.463395602216037,-1.0962479625117005,-4.89929292301275,0.4651704343004035,8.497017802853966,3.1720161958565667,-1.5541515587869221,9.812087656720246,7.132605907532096,12.202042326132997,1.1909686525793577,3.5761022910344074,-0.7733013774315387,-5.804873904949484,7.277627734674463,3.4492843451848096,6.547826619771691,2.283749088923732
3.530999999999722,0.13831946421404864,2.1034401396474443,9.45620325936129,3.0870298237720313,9.70557027693061,14.316434340020926,1.8443745086995893,1.530331185662372,13.268065776529049,11.17953640885863,-1.9537454769176978,4.564923133641466,-1.4083182855122036,-0.670663821722107,7.0288269418770914,-10.704769830566581,-5.793138850908168,-2.9861830133755305,-1.6440284325083494,7.790631455153177,-4.925119678631896,-7.29253718776727,14.539527630910392,4.668134942119975,2.8438764672096726,-6.689269756186989,1.2243311671939945,2.4591772304449653,-4.881678415047406,9.418401406286623,-2.9428596447234345,3.19731626596555,-2.8247376059372504,16.76724973921296,5.978754215841282,-4.976898588439295,12.385538610788107,-7.574074484899608,6.355261116498506,-9.021755859335132,-6.447170913970908,3.1289078026937647,9.027175894281886,4.079849912041662,0.3564789071138338,4.575995849406197,-8.01149815719911,-3.1563704854820736,2.5697132041340747,9.769557594189475,7.055571357220948,-10.900411381402023,4.530009571426092,-1.7975913992474988,-2.9789175581030043,7.4406324743586865,8.51693755827823,12.21094884663548,-4.816198924730585,2.570944904170923,5.334693168993198,13.214698716966396,0.8680194101939662,5.642593866744048,-3.6866534147165915,-5.012477391333304,9.613014117175787,14.520865343414137,3.1150938685399017,12.092879439632185,7.119980752102973,2.272218146779386,8.24925626460814,14.171084314164908,4.124608095806733,14.798806550642718,-11.6097542182081,10.119055216826991,6.060479482118355,0.6323934951444861,7.28757289847918,-9.595768237838085,3.140447977451764,8.533168743884346,13.495030413458755,-1.104536436529291,-4.913385864722734,0.45721222377659443,8.517402775555885,3.1806681483976433,-1.5626698325143802,9.824429935730402,7.13662438886694,12.223492156291528,1.1790045210496929,3.5716259784503355,-0.7790666101463004,-5.832067273564248,7.285627070563634,3.4565823809762883,6.550005819252425,2.281134276604113
3.540999999999721,0.1377748583063384,2.109252856812907,9.468214472769402,3.0863414680964913,9.720600978040514,14.348971867496964,1.8417683715530035,1.5277253768712713,13.301726963187072,11.19696203378957,-1.9610580342885156,4.577851264861069,-1.4155097090205717,-0.6779014864456299,7.035743117656293,-10.740958505111854,-5.825560277210544,-2.9953518336124683,-1.6622081245671556,7.798993332152964,-4.941203229794434,-7.318706331446094,14.57091753663671,4.6656963464581285,2.8473039616513116,-6.715687789563376,1.2155204430513717,2.463472612587044,-4.902621356247974,9.427992297001413,-2.9527954881739293,3.193559321317564,-2.834694807833957,16.806372233251036,5.980561201694408,-4.995975876670532,12.404066439378056,-7.596414427551149,6.361515318746481,-9.058872331464853,-6.471657704600995,3.1349219577590306,9.044022156229673,4.085354208013343,0.35624287181395065,4.572050705842293,-8.038991666658585,-3.168690439302084,2.5625773590627614,9.792776969061734,7.0645206533602,-10.9335952541614,4.538568181161866,-1.8032161145079426,-2.9903790677612414,7.454942930483382,8.539634479076032,12.231651379365681,-4.830906344847154,2.566837587001781,5.3433953679691495,13.236286549856729,0.8605128557849426,5.640957617558651,-3.7067031838488314,-5.034324593467035,9.631341563971556,14.550067074333434,3.1157305964561783,12.115027027937906,7.129290402951807,2.2613926820351664,8.258561107066187,14.203921975842118,4.125968505372415,14.832176354106883,-11.66007218994201,10.137570197262383,6.064297353830996,0.6284902784830511,7.291485044357771,-9.633442685782212,3.1381314700428957,8.542387925662457,13.526665224701473,-1.1128249105468813,-4.927478806432719,0.44925401325278536,8.537787748257804,3.18932010093872,-1.5711881062418382,9.836772214740558,7.140642870201784,12.244941986450058,1.167040389520028,3.5671496658662636,-0.7848318428610621,-5.859260642179012,7.2936264064528045,3.463880416767767,6.552185018733159,2.278519464284494
3.55099999999972,0.13715448624223617,2.115451117442381,9.480225686177514,3.0856531124209514,9.735631679150417,14.381509394973001,1.8391622344064178,1.5251195680801706,13.335388149845095,11.21438765872051,-1.9683705916593333,4.590779396080672,-1.4227011325289398,-0.6851391511691527,7.042659293435494,-10.777147179657126,-5.85798170351292,-3.004520653849406,-1.6803878166259618,7.807355209152751,-4.957286780956972,-7.344875475124919,14.602307442363028,4.663257750796282,2.8507314560929506,-6.742105822939764,1.206709718908749,2.467767994729123,-4.923564297448542,9.437583187716204,-2.962731331624424,3.1898023766695784,-2.8446520097306633,16.84549472728911,5.982368187547533,-5.0150531649017696,12.422594267968005,-7.618754370202691,6.367769520994456,-9.095988803594574,-6.496144495231082,3.1409361128242965,9.06086841817746,4.090858503985024,0.3560068365140675,4.568105562278389,-8.06648517611806,-3.181010393122094,2.555441513991448,9.815996343933993,7.073469949499451,-10.966779126920777,4.547126790897639,-1.8088408297683864,-3.0018405774194785,7.469253386608077,8.562331399873834,12.252353912095883,-4.845613764963723,2.562730269832639,5.352097566945101,13.257874382747062,0.853006301375919,5.6393213683732535,-3.7267529529810712,-5.056171795600767,9.649669010767326,14.579268805252731,3.116367324372455,12.137174616243627,7.1386000538006416,2.2505672172909468,8.267865949524234,14.236759637519327,4.127328914938098,14.865546157571048,-11.710390161675921,10.156085177697774,6.068115225543638,0.624587061821616,7.295397190236361,-9.671117133726339,3.1358149626340275,8.551607107440567,13.55830003594419,-1.1211133845644716,-4.941571748142703,0.4412958027289763,8.558172720959723,3.1979720534797966,-1.5797063799692963,9.849114493750713,7.144661351536628,12.26639181660859,1.1550762579903633,3.5626733532821917,-0.7905970755758238,-5.886454010793776,7.301625742341975,3.4711784525592457,6.554364218213893,2.275904651964875
3.560999999999719,0.13646026144217083,2.122048957525623,9.492236899585626,3.0849647567454115,9.750662380260321,14.414046922449039,1.836556097259832,1.5225137592890698,13.369049336503117,11.23181328365145,-1.975683149030151,4.6037075273002745,-1.429892556037308,-0.6923768158926755,7.0495754692146955,-10.813335854202398,-5.8904031298152955,-3.013689474086344,-1.698567508684768,7.815717086152539,-4.97337033211951,-7.371044618803744,14.633697348089346,4.660819155134435,2.8541589505345897,-6.768523856316151,1.1978989947661263,2.4720633768712017,-4.94450723864911,9.447174078430994,-2.972667175074919,3.1860454320215927,-2.85460921162737,16.884617221327186,5.984175173400659,-5.034130453133007,12.441122096557955,-7.641094312854232,6.374023723242431,-9.133105275724295,-6.520631285861169,3.1469502678895624,9.077714680125247,4.096362799956705,0.35577080121418436,4.5641604187144855,-8.093978685577536,-3.1933303469421044,2.548305668920135,9.839215718806251,7.082419245638702,-10.999962999680154,4.555685400633413,-1.8144655450288303,-3.0133020870777156,7.483563842732773,8.585028320671636,12.273056444826084,-4.860321185080291,2.558622952663497,5.360799765921053,13.279462215637395,0.8454997469668954,5.637685119187856,-3.746802722113311,-5.078018997734498,9.667996457563095,14.608470536172028,3.1170040522887317,12.159322204549348,7.147909704649476,2.239741752546727,8.27717079198228,14.269597299196537,4.128689324503781,14.898915961035213,-11.760708133409832,10.174600158133165,6.071933097256279,0.620683845160181,7.299309336114952,-9.708791581670466,3.1334984552251592,8.560826289218678,13.589934847186909,-1.129401858582062,-4.9556646898526875,0.4333375922051672,8.578557693661642,3.2066240060208733,-1.5882246536967544,9.861456772760869,7.148679832871473,12.28784164676712,1.1431121264606985,3.55819704069812,-0.7963623082905855,-5.91364737940854,7.309625078231146,3.4784764883507244,6.556543417694627,2.273289839645256
3.5709999999997177,0.13569427001926262,2.1290611950532146,9.504248112993738,3.0842764010698716,9.765693081370225,14.446584449925076,1.8339499601132463,1.5199079504979691,13.40271052316114,11.24923890858239,-1.9829957064009687,4.616635658519877,-1.437083979545676,-0.6996144806161984,7.056491644993897,-10.84952452874767,-5.922824556117671,-3.0228582943232816,-1.7167472007435742,7.824078963152326,-4.989453883282048,-7.3972137624825685,14.665087253815663,4.6583805594725884,2.8575864449762287,-6.794941889692539,1.1890882706235035,2.4763587590132805,-4.965450179849678,9.456764969145784,-2.9826030185254138,3.182288487373607,-2.8645664135240763,16.92373971536526,5.985982159253784,-5.053207741364244,12.459649925147904,-7.6634342555057735,6.380277925490406,-9.170221747854017,-6.545118076491256,3.1529644229548284,9.094560942073034,4.1018670959283865,0.3555347659143012,4.560215275150582,-8.121472195037011,-3.2056503007621147,2.5411698238488216,9.86243509367851,7.091368541777953,-11.03314687243953,4.564244010369187,-1.8200902602892741,-3.0247635967359527,7.497874298857468,8.607725241469439,12.293758977556285,-4.87502860519686,2.5545156354943552,5.369501964897005,13.301050048527728,0.8379931925578719,5.636048870002459,-3.766852491245551,-5.099866199868229,9.686323904358865,14.637672267091325,3.1176407802050083,12.181469792855069,7.15721935549831,2.2289162878025075,8.286475634440327,14.302434960873747,4.1300497340694635,14.932285764499378,-11.811026105143743,10.193115138568556,6.07575096896892,0.616780628498746,7.303221481993543,-9.746466029614593,3.131181947816291,8.570045470996789,13.621569658429626,-1.1376903325996524,-4.969757631562672,0.42537938168135814,8.59894266636356,3.21527595856195,-1.5967429274242124,9.873799051771025,7.152698314206317,12.309291476925651,1.1311479949310337,3.553720728114048,-0.8021275410053472,-5.940840748023304,7.317624414120316,3.485774524142203,6.558722617175361,2.270675027325637
3.5809999999997166,0.13485877168097818,2.136503437687698,9.51625932640185,3.0835880453943316,9.780723782480129,14.479121977401114,1.8313438229666605,1.5173021417068684,13.436371709819163,11.26666453351333,-1.9903082637717864,4.62956378973948,-1.4442754030540441,-0.7068521453397212,7.063407820773098,-10.885713203292942,-5.955245982420047,-3.0320271145602193,-1.7349268928023804,7.832440840152113,-5.0055374344445855,-7.423382906161393,14.696477159541981,4.655941963810742,2.8610139394178677,-6.821359923068926,1.1802775464808808,2.4806541411553593,-4.986393121050246,9.466355859860574,-2.9925388619759086,3.1785315427256213,-2.8745236154207827,16.962862209403337,5.98778914510691,-5.0722850295954816,12.478177753737853,-7.685774198157315,6.386532127738381,-9.207338219983738,-6.569604867121344,3.1589785780200943,9.111407204020821,4.107371391900068,0.3552987306144181,4.556270131586678,-8.148965704496486,-3.217970254582125,2.5340339787775084,9.885654468550769,7.1003178379172045,-11.066330745198908,4.5728026201049605,-1.825714975549718,-3.03622510639419,7.512184754982163,8.63042216226724,12.314461510286487,-4.889736025313429,2.5504083183252133,5.378204163872956,13.32263788141806,0.8304866381488483,5.634412620817062,-3.786902260377791,-5.12171340200196,9.704651351154634,14.666873998010622,3.118277508121285,12.20361738116079,7.166529006347145,2.218090823058288,8.295780476898374,14.335272622550956,4.131410143635146,14.965655567963543,-11.861344076877653,10.211630119003948,6.079568840681562,0.612877411837311,7.307133627872133,-9.78414047755872,3.1288654404074228,8.5792646527749,13.653204469672344,-1.1459788066172427,-4.983850573272656,0.41742117115754906,8.61932763906548,3.2239279111030266,-1.6052612011516705,9.88614133078118,7.156716795541161,12.330741307084182,1.1191838634013689,3.549244415529976,-0.8078927737201089,-5.968034116638068,7.325623750009487,3.493072559933682,6.560901816656095,2.268060215006018
3.5909999999997155,0.1339562005636418,2.144392087472492,9.528270539809961,3.0828996897187917,9.795754483590033,14.511659504877152,1.8287376858200748,1.5146963329157677,13.470032896477186,11.28409015844427,-1.997620821142604,4.642491920959083,-1.4514668265624122,-0.714089810063244,7.0703239965522995,-10.921901877838215,-5.987667408722423,-3.041195934797157,-1.7531065848611866,7.840802717151901,-5.021620985607123,-7.449552049840218,14.727867065268299,4.653503368148895,2.864441433859507,-6.847777956445314,1.171466822338258,2.484949523297438,-5.007336062250814,9.475946750575364,-3.0024747054264034,3.1747745980776356,-2.884480817317489,17.001984703441412,5.989596130960035,-5.091362317826719,12.496705582327802,-7.708114140808856,6.392786329986356,-9.24445469211346,-6.594091657751431,3.16499273308536,9.128253465968609,4.112875687871749,0.35506269531453494,4.552324988022774,-8.176459213955962,-3.230290208402135,2.526898133706195,9.908873843423027,7.109267134056456,-11.099514617958285,4.581361229840734,-1.8313396908101618,-3.047686616052427,7.526495211106859,8.653119083065043,12.335164043016688,-4.904443445429997,2.5463010011560714,5.386906362848908,13.344225714308394,0.8229800837398247,5.632776371631665,-3.8069520295100308,-5.143560604135692,9.722978797950404,14.69607572892992,3.1189142360375617,12.22576496946651,7.175838657195979,2.2072653583140682,8.30508531935642,14.368110284228166,4.132770553200829,14.999025371427708,-11.911662048611564,10.230145099439339,6.083386712394203,0.608974195175876,7.311045773750724,-9.821814925502848,3.1265489329985545,8.58848383455301,13.684839280915062,-1.154267280634833,-4.997943514982641,0.40946296063374,8.639712611767399,3.232579863644103,-1.6137794748791285,9.898483609791336,7.1607352768760055,12.352191137242713,1.107219731871704,3.544768102945904,-0.8136580064348706,-5.9952274852528324,7.333623085898657,3.5003705957251605,6.563081016136829,2.265445402686399
3.6009999999997144,0.1329891659875526,2.152744341602507,9.540281753218073,3.0822113340432518,9.810785184699936,14.544197032353189,1.826131548673489,1.512090524124667,13.503694083135208,11.30151578337521,-2.004933378513422,4.655420052178686,-1.4586582500707803,-0.7213274747867668,7.077240172331501,-10.958090552383487,-6.020088835024799,-3.050364755034095,-1.7712862769199929,7.849164594151688,-5.037704536769661,-7.475721193519043,14.759256970994617,4.651064772487048,2.867868928301146,-6.874195989821701,1.1626560981956353,2.489244905439517,-5.028279003451382,9.485537641290154,-3.012410548876898,3.17101765342965,-2.8944380192141956,17.041107197479487,5.991403116813161,-5.110439606057956,12.515233410917752,-7.730454083460398,6.399040532234331,-9.28157116424318,-6.618578448381518,3.171006888150626,9.145099727916396,4.11837998384343,0.3548266600146518,4.548379844458871,-8.203952723415437,-3.2426101622221455,2.519762288634882,9.932093218295286,7.118216430195707,-11.132698490717662,4.589919839576508,-1.8369644060706056,-3.059148125710664,7.540805667231554,8.675816003862845,12.355866575746889,-4.919150865546566,2.5421936839869295,5.39560856182486,13.365813547198726,0.8154735293308011,5.631140122446268,-3.8270017986422706,-5.165407806269423,9.741306244746173,14.725277459849217,3.1195509639538384,12.247912557772231,7.1851483080448135,2.1964398935698486,8.314390161814467,14.400947945905376,4.134130962766512,15.032395174891873,-11.961980020345475,10.24866007987473,6.0872045841068445,0.605070978514441,7.314957919629315,-9.859489373446975,3.1242324255896863,8.59770301633112,13.71647409215778,-1.1625557546524234,-5.012036456692625,0.4015047501099309,8.660097584469318,3.24123181618518,-1.6222977486065866,9.910825888801492,7.16475375821085,12.373640967401244,1.0952556003420393,3.5402917903618323,-0.8194232391496323,-6.0224208538675965,7.341622421787828,3.507668631516639,6.565260215617563,2.26283059036678
3.6109999999997133,0.13196045311525958,2.161578188123647,9.552292966626185,3.081522978367712,9.82581588580984,14.576734559829227,1.8235254115269033,1.5094847153335662,13.537355269793231,11.31894140830615,-2.0122459358842395,4.6683481833982885,-1.4658496735791484,-0.7285651395102897,7.084156348110702,-10.994279226928759,-6.052510261327175,-3.0595335752710326,-1.789465968978799,7.857526471151475,-5.053788087932199,-7.501890337197867,14.790646876720935,4.648626176825202,2.871296422742785,-6.900614023198089,1.1538453740530126,2.4935402875815957,-5.04922194465195,9.495128532004944,-3.022346392327393,3.167260708781664,-2.904395221110902,17.080229691517562,5.9932101026662865,-5.1295168942891936,12.533761239507701,-7.752794026111939,6.405294734482306,-9.318687636372902,-6.643065239011605,3.177021043215892,9.161945989864183,4.123884279815111,0.35459062471476865,4.544434700894967,-8.231446232874912,-3.2549301160421558,2.5126264435635686,9.955312593167545,7.127165726334958,-11.165882363477039,4.598478449312282,-1.8425891213310495,-3.070609635368901,7.55511612335625,8.698512924660648,12.37656910847709,-4.933858285663135,2.5380863668177875,5.404310760800811,13.38740138008906,0.8079669749217775,5.62950387326087,-3.8470515677745105,-5.187255008403154,9.759633691541943,14.754479190768514,3.120187691870115,12.270060146077952,7.194457958893648,2.185614428825629,8.323695004272514,14.433785607582585,4.135491372332194,15.065764978356038,-12.012297992079386,10.267175060310121,6.091022455819486,0.601167761853006,7.318870065507905,-9.897163821391102,3.121915918180818,8.606922198109231,13.748108903400498,-1.1708442286700138,-5.02612939840261,0.39354653958612185,8.680482557171237,3.2498837687262565,-1.6308160223340447,9.923168167811648,7.168772239545694,12.395090797559774,1.0832914688123745,3.5358154777777604,-0.825188471864394,-6.049614222482361,7.349621757676998,3.514966667308118,6.567439415098297,2.260215778047161
3.6209999999997122,0.13087302348920193,2.1709123952515696,9.564304180034297,3.080834622692172,9.840846586919744,14.609272087305264,1.8209192743803175,1.5068789065424655,13.571016456451254,11.33636703323709,-2.019558493255057,4.681276314617891,-1.4730410970875165,-0.7358028042338125,7.0910725238899035,-11.030467901474031,-6.084931687629551,-3.0687023955079704,-1.8076456610376053,7.8658883481512625,-5.069871639094737,-7.528059480876692,14.822036782447253,4.646187581163355,2.874723917184424,-6.927032056574476,1.1450346499103898,2.4978356697236745,-5.070164885852518,9.504719422719734,-3.032282235777888,3.1635037641336785,-2.9143524230076086,17.119352185555638,5.995017088519412,-5.148594182520431,12.55228906809765,-7.77513396876348,6.411548936730281,-9.355804108502623,-6.667552029641692,3.183035198281158,9.17879225181197,4.129388575786792,0.3543545894148855,4.540489557331063,-8.258939742334388,-3.267250069862166,2.5054905984922553,9.978531968039803,7.136115022474209,-11.199066236236416,4.607037059048055,-1.8482138365914933,-3.0820711450271383,7.569426579480945,8.72120984545845,12.397271641207292,-4.9485657057797034,2.5339790496486456,5.413012959776763,13.408989212979392,0.8004604205127539,5.627867624075473,-3.8671013369067504,-5.209102210536885,9.777961138337712,14.783680921687811,3.1208244197863917,12.292207734383673,7.203767609742482,2.1747889640814093,8.33299984673056,14.466623269259795,4.136851781897877,15.099134781820203,-12.062615963813297,10.285690040745513,6.094840327532127,0.597264545191571,7.322782211386496,-9.934838269335229,3.11959941077195,8.616141379887342,13.779743714643216,-1.1791327026876042,-5.040222340112594,0.3855883290623128,8.700867529873156,3.258535721267333,-1.6393342960615027,9.935510446821803,7.172790720880538,12.416540627718305,1.0713273372827097,3.5313391651936885,-0.8309537045791557,-6.076807591097125,7.357621093566169,3.5222647030995966,6.569618614579031,2.257600965727542
3.630999999999711,0.12973001541725068,2.1807664928027317,9.576315393442409,3.080146267016632,9.855877288029648,14.641809614781302,1.8183131372337318,1.5042730977513648,13.604677643109277,11.35379265816803,-2.026871050625875,4.694204445837494,-1.4802325205958846,-0.7430404689573353,7.097988699669105,-11.066656576019303,-6.117353113931927,-3.077871215744908,-1.8258253530964115,7.87425022515105,-5.085955190257275,-7.554228624555517,14.85342668817357,4.643748985501508,2.878151411626063,-6.953450089950864,1.136223925767767,2.5021310518657534,-5.091107827053086,9.514310313434525,-3.0422180792283826,3.159746819485693,-2.924309624904315,17.158474679593713,5.996824074372538,-5.167671470751668,12.5708168966876,-7.797473911415022,6.417803138978256,-9.392920580632344,-6.6920388202717795,3.189049353346424,9.195638513759757,4.134892871758473,0.35411855411500237,4.536544413767159,-8.286433251793863,-3.2795700236821763,2.498354753420942,10.001751342912062,7.145064318613461,-11.232250108995792,4.615595668783829,-1.8538385518519371,-3.0935326546853754,7.58373703560564,8.743906766256252,12.417974173937493,-4.963273125896272,2.5298717324795037,5.421715158752715,13.430577045869725,0.7929538661037303,5.626231374890076,-3.8871511060389903,-5.230949412670617,9.796288585133482,14.812882652607108,3.1214611477026684,12.314355322689394,7.213077260591317,2.1639634993371897,8.342304689188607,14.499460930937005,4.13821219146356,15.132504585284368,-12.112933935547208,10.304205021180904,6.098658199244769,0.593361328530136,7.326694357265087,-9.972512717279356,3.1172829033630816,8.625360561665453,13.811378525885933,-1.1874211767051945,-5.0543152818225785,0.3776301185385037,8.721252502575075,3.26718767380841,-1.6478525697889608,9.94785272583196,7.176809202215383,12.437990457876836,1.0593632057530449,3.5268628526096166,-0.8367189372939174,-6.104000959711889,7.36562042945534,3.5295627388910753,6.5717978140597655,2.254986153407923
3.64099999999971,0.12853474416551308,2.1911607440133447,9.58832660685052,3.079457911341092,9.870907989139551,14.67434714225734,1.815707000087146,1.501667288960264,13.6383388297673,11.37121828309897,-2.0341836079966926,4.707132577057097,-1.4874239441042527,-0.7502781336808582,7.104904875448306,-11.102845250564576,-6.1497745402343025,-3.087040035981846,-1.8440050451552177,7.882612102150837,-5.102038741419813,-7.5803977682343415,14.884816593899888,4.641310389839662,2.881578906067702,-6.979868123327251,1.1274132016251444,2.506426434007832,-5.112050768253654,9.523901204149315,-3.0521539226788774,3.155989874837707,-2.9342668268010215,17.197597173631788,5.998631060225663,-5.1867487589829055,12.589344725277549,-7.819813854066563,6.424057341226231,-9.430037052762065,-6.716525610901867,3.19506350841169,9.212484775707544,4.140397167730154,0.35388251881511923,4.532599270203256,-8.313926761253338,-3.2918899775021866,2.491218908349629,10.02497071778432,7.154013614752712,-11.26543398175517,4.624154278519603,-1.859463267112381,-3.1049941643436125,7.598047491730336,8.766603687054054,12.438676706667694,-4.977980546012841,2.5257644153103618,5.4304173577286665,13.452164878760058,0.7854473116947067,5.624595125704679,-3.90720087517123,-5.252796614804348,9.814616031929251,14.842084383526405,3.122097875618945,12.336502910995115,7.222386911440151,2.15313803459297,8.351609531646654,14.532298592614215,4.139572601029243,15.165874388748533,-12.163251907281118,10.322720001616295,6.10247607095741,0.589458111868701,7.330606503143677,-10.010187165223483,3.1149663959542133,8.634579743443563,13.843013337128651,-1.195709650722785,-5.068408223532563,0.36967190801469463,8.741637475276994,3.2758396263494864,-1.6563708435164188,9.960195004842115,7.180827683550227,12.459440288035367,1.04739907422338,3.5223865400255447,-0.8424841700086791,-6.131194328326653,7.37361976534451,3.536860774682554,6.5739770135405,2.252371341088304
3.650999999999709,0.12729070190688418,2.2021161057858385,9.600337820258632,3.078769555665552,9.885938690249455,14.706884669733377,1.8131008629405603,1.4990614801691633,13.672000016425322,11.388643908029911,-2.0414961653675103,4.7200607082767,-1.4946153676126208,-0.757515798404381,7.1118210512275075,-11.139033925109848,-6.182195966536678,-3.0962088562187837,-1.8621847372140239,7.890973979150624,-5.118122292582351,-7.606566911913166,14.916206499626206,4.638871794177815,2.885006400509341,-7.006286156703639,1.1186024774825216,2.510721816149911,-5.1329937094542215,9.533492094864105,-3.0620897661293722,3.1522329301897214,-2.944224028697728,17.236719667669863,6.000438046078789,-5.205826047214143,12.607872553867498,-7.8421537967181045,6.430311543474206,-9.467153524891787,-6.741012401531954,3.2010776634769558,9.229331037655331,4.145901463701835,0.3536464835152361,4.528654126639352,-8.341420270712813,-3.304209931322197,2.4840830632783155,10.04819009265658,7.162962910891963,-11.298617854514546,4.6327128882553765,-1.8650879823728248,-3.1164556740018496,7.612357947855031,8.789300607851857,12.459379239397895,-4.9926879661294095,2.52165709814122,5.439119556704618,13.473752711650391,0.7779407572856831,5.622958876519282,-3.92725064430347,-5.274643816938079,9.83294347872502,14.871286114445702,3.1227346035352217,12.358650499300836,7.2316965622889855,2.1423125698487504,8.3609143741047,14.565136254291424,4.140933010594925,15.199244192212698,-12.21356987901503,10.341234982051686,6.106293942670051,0.585554895207266,7.334518649022268,-10.04786161316761,3.112649888545345,8.643798925221674,13.874648148371369,-1.2039981247403753,-5.082501165242547,0.36171369749088556,8.762022447978913,3.284491578890563,-1.664889117243877,9.97253728385227,7.184846164885071,12.480890118193898,1.0354349426937153,3.517910227441473,-0.8482494027234408,-6.158387696941417,7.381619101233681,3.5441588104740327,6.576156213021234,2.249756528768685
3.660999999999708,0.12600155736106508,2.2136541751508583,9.612349033666744,3.078081199990012,9.900969391359359,14.739422197209414,1.8104947257939745,1.4964556713780626,13.705661203083345,11.406069532960851,-2.048808722738328,4.7329888394963024,-1.501806791120989,-0.7647534631279038,7.118737227006709,-11.17522259965512,-6.214617392839054,-3.1053776764557215,-1.88036442927283,7.899335856150412,-5.134205843744889,-7.632736055591991,14.947596405352524,4.636433198515968,2.88843389495098,-7.032704190080026,1.1097917533398989,2.5150171982919898,-5.1539366506547895,9.543082985578895,-3.072025609579867,3.1484759855417357,-2.9541812305944344,17.27584216170794,6.002245031931914,-5.22490333544538,12.626400382457447,-7.864493739369646,6.436565745722181,-9.504269997021508,-6.765499192162041,3.2070918185422217,9.246177299603119,4.1514057596735165,0.35341044821535295,4.524708983075448,-8.368913780172289,-3.316529885142207,2.4769472182070023,10.071409467528838,7.171912207031214,-11.331801727273923,4.64127149799115,-1.8707126976332686,-3.1279171836600868,7.626668403979727,8.811997528649659,12.480081772128097,-5.007395386245978,2.517549780972078,5.44782175568057,13.495340544540724,0.7704342028766595,5.6213226273338845,-3.94730041343571,-5.29649101907181,9.85127092552079,14.900487845365,3.1233713314514984,12.380798087606557,7.24100621313782,2.1314871051045308,8.370219216562747,14.597973915968634,4.142293420160608,15.232613995676862,-12.26388785074894,10.359749962487077,6.110111814382693,0.581651678545831,7.338430794900859,-10.085536061111737,3.110333381136477,8.653018106999784,13.906282959614087,-1.2122865987579656,-5.096594106952532,0.3537554869670765,8.782407420680832,3.2931435314316397,-1.673407390971335,9.984879562862426,7.1888646462199155,12.502339948352429,1.0234708111640505,3.513433914857401,-0.8540146354382026,-6.185581065556181,7.389618437122851,3.5514568462655114,6.578335412501968,2.247141716449066
3.6709999999997067,0.12467115504693416,2.225797119470855,9.624360247074856,3.0773928443144722,9.916000092469263,14.771959724685452,1.8078885886473888,1.4938498625869618,13.739322389741368,11.423495157891791,-2.0561212801091457,4.745916970715905,-1.508998214629357,-0.7719911278514267,7.12565340278591,-11.211411274200392,-6.24703881914143,-3.1145464966926593,-1.8985441213316363,7.907697733150199,-5.150289394907427,-7.658905199270816,14.978986311078842,4.633994602854122,2.891861389392619,-7.059122223456414,1.1009810291972761,2.5193125804340686,-5.174879591855357,9.552673876293685,-3.081961453030362,3.14471904089375,-2.964138432491141,17.314964655746014,6.00405201778504,-5.2439806236766175,12.644928211047397,-7.886833682021187,6.442819947970156,-9.54138646915123,-6.789985982792128,3.2131059736074876,9.263023561550906,4.156910055645198,0.3531744129154698,4.520763839511544,-8.396407289631764,-3.3288498389622174,2.469811373135689,10.094628842401097,7.1808615031704655,-11.3649856000333,4.649830107726924,-1.8763374128937125,-3.139378693318324,7.640978860104422,8.834694449447461,12.500784304858298,-5.022102806362547,2.513442463802936,5.456523954656522,13.516928377431057,0.7629276484676359,5.619686378148487,-3.96735018256795,-5.318338221205542,9.86959837231656,14.929689576284296,3.124008059367775,12.402945675912278,7.250315863986654,2.120661640360311,8.379524059020794,14.630811577645844,4.143653829726291,15.265983799141027,-12.314205822482851,10.378264942922469,6.113929686095334,0.577748461884396,7.342342940779449,-10.123210509055864,3.1080168737276086,8.662237288777895,13.937917770856805,-1.220575072775556,-5.110687048662516,0.3457972764432674,8.80279239338275,3.3017954839727164,-1.681925664698793,9.997221841872582,7.19288312755476,12.52378977851096,1.0115066796343857,3.508957602273329,-0.8597798681529643,-6.212774434170945,7.397617773012022,3.55875488205699,6.580514611982702,2.244526904129447
3.6809999999997056,0.12330351405110596,2.238567587646778,9.636371460482968,3.0767044886389323,9.931030793579167,14.80449725216149,1.805282451500803,1.4912440537958611,13.77298357639939,11.440920782822731,-2.0634338374799635,4.758845101935508,-1.5161896381377251,-0.7792287925749495,7.1325695785651115,-11.247599948745664,-6.279460245443806,-3.123715316929597,-1.9167238133904425,7.916059610149986,-5.1663729460699646,-7.68507434294964,15.01037621680516,4.631556007192275,2.895288883834258,-7.085540256832801,1.0921703050546534,2.5236079625761474,-5.195822533055925,9.562264767008475,-3.0918972964808566,3.1409620962457643,-2.9740956343878473,17.35408714978409,6.005859003638165,-5.263057911907855,12.663456039637346,-7.909173624672729,6.449074150218131,-9.57850294128095,-6.8144727734222155,3.2191201286727535,9.279869823498693,4.162414351616879,0.35293837761558666,4.516818695947641,-8.42390079909124,-3.3411697927822277,2.4626755280643757,10.117848217273355,7.189810799309717,-11.398169472792677,4.658388717462698,-1.8819621281541563,-3.150840202976561,7.655289316229117,8.857391370245264,12.5214868375885,-5.0368102264791155,2.509335146633794,5.465226153632473,13.53851621032139,0.7554210940586124,5.61805012896309,-3.9873999517001897,-5.340185423339273,9.88792581911233,14.958891307203594,3.1246447872840517,12.425093264217999,7.259625514835489,2.1098361756160915,8.38882890147884,14.663649239323053,4.1450142392919735,15.299353602605192,-12.364523794216762,10.39677992335786,6.117747557807975,0.573845245222961,7.34625508665804,-10.160884956999992,3.1057003663187404,8.671456470556006,13.969552582099523,-1.2288635467931464,-5.124779990372501,0.33783906591945834,8.82317736608467,3.310447436513793,-1.690443938426251,10.009564120882738,7.196901608889604,12.54523960866949,0.9995425481047209,3.504481289689257,-0.865545100867726,-6.239967802785709,7.405617108901192,3.566052917848469,6.582693811463436,2.241912091809828
3.6909999999997045,0.1219028261971413,2.251988599333582,9.64838267389108,3.0760161329633924,9.94606149468907,14.837034779637527,1.8026763143542173,1.4886382450047604,13.806644763057413,11.458346407753671,-2.070746394850781,4.771773233155111,-1.5233810616460932,-0.7864664572984723,7.139485754344313,-11.283788623290937,-6.311881671746182,-3.132884137166535,-1.9349035054492487,7.924421487149774,-5.1824564972325025,-7.711243486628465,15.041766122531477,4.629117411530428,2.898716378275897,-7.111958290209189,1.0833595809120307,2.527903344718226,-5.216765474256493,9.571855657723265,-3.1018331399313515,3.1372051515977786,-2.9840528362845538,17.393209643822164,6.007665989491291,-5.282135200139092,12.681983868227295,-7.93151356732427,6.455328352466106,-9.615619413410672,-6.838959564052303,3.2251342837380195,9.29671608544648,4.16791864758856,0.3527023423157035,4.512873552383737,-8.451394308550714,-3.353489746602238,2.4555396829930625,10.141067592145614,7.198760095448968,-11.431353345552054,4.666947327198471,-1.8875868434146001,-3.162301712634798,7.669599772353813,8.880088291043066,12.5421893703187,-5.051517646595684,2.505227829464652,5.473928352608425,13.560104043211723,0.7479145396495888,5.616413879777693,-4.007449720832428,-5.362032625473004,9.906253265908099,14.98809303812289,3.1252815152003284,12.44724085252372,7.268935165684323,2.099010710871872,8.398133743936887,14.696486901000263,4.146374648857656,15.332723406069357,-12.414841765950673,10.415294903793251,6.121565429520617,0.569942028561526,7.350167232536631,-10.198559404944119,3.103383858909872,8.680675652334116,14.00118739334224,-1.2371520208107367,-5.138872932082485,0.32988085539564926,8.843562338786588,3.3190993890548697,-1.6989622121537091,10.021906399892893,7.200920090224448,12.566689438828021,0.9875784165750561,3.5000049771051853,-0.8713103335824877,-6.267161171400473,7.413616444790363,3.5733509536399475,6.58487301094417,2.239297279490209
3.7009999999997034,0.12047345347816725,2.266083408938742,9.660393887299191,3.0753277772878524,9.961092195798974,14.869572307113565,1.8000701772076315,1.4860324362136597,13.840305949715436,11.475772032684612,-2.078058952221599,4.784701364374714,-1.5305724851544613,-0.7937041220219951,7.146401930123514,-11.319977297836209,-6.344303098048558,-3.1420529574034726,-1.953083197508055,7.932783364149561,-5.19854004839504,-7.73741263030729,15.073156028257795,4.626678815868582,2.902143872717536,-7.138376323585576,1.074548856769408,2.532198726860305,-5.237708415457061,9.581446548438056,-3.1117689833818463,3.133448206949793,-2.99401003818126,17.43233213786024,6.0094729753444165,-5.3012124883703295,12.700511696817244,-7.953853509975811,6.461582554714081,-9.652735885540393,-6.86344635468239,3.2311484388032854,9.313562347394267,4.173422943560241,0.3524663070158204,4.508928408819833,-8.47888781801019,-3.3658097004222483,2.448403837921749,10.164286967017873,7.207709391588219,-11.464537218311431,4.675505936934245,-1.893211558675044,-3.173763222293035,7.683910228478508,8.902785211840868,12.562891903048902,-5.066225066712253,2.5011205122955102,5.482630551584377,13.581691876102056,0.7404079852405652,5.614777630592296,-4.027499489964663,-5.3838798276067354,9.924580712703868,15.017294769042188,3.125918243116605,12.46938844082944,7.2782448165331575,2.088185246127652,8.407438586394933,14.729324562677473,4.147735058423339,15.366093209533522,-12.465159737684584,10.433809884228642,6.125383301233258,0.566038811900091,7.354079378415221,-10.236233852888246,3.101067351501004,8.689894834112227,14.032822204584958,-1.245440494828327,-5.1529658737924695,0.3219226448718402,8.863947311488507,3.3277513415959463,-1.7074804858811672,10.03424867890305,7.204938571559293,12.588139268986552,0.9756142850453913,3.4955286645211134,-0.8770755662972494,-6.294354540015237,7.4216157806795335,3.580648989431426,6.587052210424904,2.23668246717059
3.7109999999997023,0.11901992459172128,2.2808753409914906,9.672405100707303,3.0746394216123125,9.976122896908878,14.902109834589602,1.7974640400610458,1.483426627422559,13.873967136373459,11.493197657615552,-2.0853715095924166,4.797629495594316,-1.5377639086628294,-0.800941786745518,7.1533181059027156,-11.356165972381481,-6.376724524350934,-3.1512217776404103,-1.9712628895668611,7.941145241149348,-5.214623599557578,-7.763581773986115,15.104545933984113,4.624240220206735,2.905571367159175,-7.164794356961964,1.0657381326267852,2.536494109002384,-5.258651356657629,9.591037439152846,-3.121704826832341,3.129691262301807,-3.0039672400779667,17.471454631898315,6.011279961197542,-5.320289776601567,12.719039525407194,-7.976193452627353,6.467836756962056,-9.689852357670114,-6.887933145312477,3.2371625938685513,9.330408609342054,4.178927239531922,0.35223027171593724,4.504983265255929,-8.506381327469665,-3.3781296542422585,2.441267992850436,10.187506341890131,7.21665868772747,-11.497721091070808,4.684064546670019,-1.8988362739354878,-3.1852247319512723,7.6982206846032035,8.92548213263867,12.583594435779103,-5.0809324868288215,2.4970131951263683,5.491332750560328,13.603279708992389,0.7329014308315416,5.613141381406899,-4.047549259096899,-5.405727029740467,9.942908159499638,15.046496499961485,3.1265549710328817,12.491536029135162,7.287554467381992,2.0773597813834326,8.41674342885298,14.762162224354682,4.149095467989022,15.399463012997687,-12.515477709418494,10.452324864664034,6.1292011729458995,0.562135595238656,7.357991524293812,-10.273908300832373,3.0987508440921356,8.699114015890338,14.064457015827676,-1.2537289688459174,-5.167058815502454,0.3139644343480311,8.884332284190426,3.336403294137023,-1.7159987596086252,10.046590957913205,7.208957052894137,12.609589099145083,0.9636501535157265,3.4910523519370416,-0.8828407990120111,-6.321547908630001,7.429615116568704,3.587947025222905,6.589231409905638,2.234067654850971
3.720999999999701,0.11754693038972006,2.296387593355822,9.684416314115415,3.0739510659367726,9.991153598018782,14.93464736206564,1.79485790291446,1.4808208186314582,13.907628323031481,11.510623282546492,-2.0926840669632343,4.810557626813919,-1.5449553321711975,-0.8081794514690408,7.160234281681917,-11.392354646926753,-6.4091459506533095,-3.160390597877348,-1.9894425816256673,7.9495071181491355,-5.230707150720116,-7.789750917664939,15.13593583971043,4.621801624544888,2.9089988616008142,-7.191212390338351,1.0569274084841624,2.5407894911444626,-5.279594297858197,9.600628329867636,-3.131640670282836,3.1259343176538215,-3.013924441974673,17.51057712593639,6.013086947050668,-5.339367064832804,12.737567353997143,-7.998533395278894,6.474090959210031,-9.726968829799835,-6.912419935942564,3.2431767489338172,9.347254871289842,4.184431535503603,0.3519942364160541,4.501038121692026,-8.53387483692914,-3.390449608062269,2.4341321477791227,10.21072571676239,7.2256079838667215,-11.530904963830185,4.6926231564057925,-1.9044609891959317,-3.1966862416095094,7.712531140727899,8.948179053436473,12.604296968509304,-5.09563990694539,2.4929058779572264,5.50003494953628,13.624867541882722,0.725394876422518,5.6115051322215015,-4.067599028229134,-5.427574231874198,9.961235606295407,15.075698230880782,3.1271916989491584,12.513683617440883,7.296864118230826,2.066534316639213,8.426048271311027,14.794999886031892,4.1504558775547045,15.432832816461852,-12.565795681152405,10.470839845099425,6.133019044658541,0.558232378577221,7.361903670172403,-10.3115827487765,3.0964343366832674,8.708333197668448,14.096091827070394,-1.2620174428635078,-5.181151757212438,0.30600622382422205,8.904717256892345,3.3450552466780996,-1.7245170333360833,10.05893323692336,7.212975534228981,12.631038929303614,0.9516860219860617,3.4865760393529697,-0.8886060317267728,-6.348741277244765,7.437614452457875,3.5952450610143836,6.591410609386372,2.231452842531352
3.7309999999997,0.11605931802905783,2.3126430047509294,9.696427527523527,3.0732627102612327,10.006184299128686,14.967184889541677,1.7922517657678743,1.4782150098403575,13.941289509689504,11.528048907477432,-2.099996624334052,4.823485758033522,-1.5521467556795656,-0.8154171161925636,7.167150457461118,-11.428543321472025,-6.441567376955685,-3.169559418114286,-2.0076222736844747,7.957868995148923,-5.246790701882654,-7.815920061343764,15.167325745436749,4.619363028883042,2.9124263560424533,-7.217630423714739,1.0481166843415397,2.5450848732865414,-5.300537239058765,9.610219220582426,-3.1415765137333307,3.1221773730058358,-3.0238816438713796,17.549699619974465,6.014893932903793,-5.3584443530640415,12.756095182587092,-8.020873337930436,6.480345161458006,-9.764085301929557,-6.936906726572651,3.249190903999083,9.364101133237629,4.189935831475284,0.35175820111617095,4.497092978128122,-8.561368346388615,-3.402769561882279,2.4269963027078094,10.233945091634649,7.234557280005973,-11.564088836589562,4.701181766141566,-1.9100857044563755,-3.2081477512677465,7.726841596852594,8.970875974234275,12.624999501239506,-5.110347327061959,2.4887985607880845,5.508737148512232,13.646455374773055,0.7178883220134944,5.609868883036104,-4.0876487973613695,-5.449421434007929,9.979563053091177,15.10489996180008,3.127828426865435,12.535831205746604,7.306173769079661,2.0557088518949933,8.435353113769073,14.827837547709102,4.151816287120387,15.466202619926017,-12.616113652886316,10.489354825534816,6.136836916371182,0.554329161915786,7.3658158160509934,-10.349257196720627,3.094117829274399,8.717552379446559,14.127726638313112,-1.2703059168810982,-5.195244698922423,0.298048013300413,8.925102229594264,3.3537071992191763,-1.7330353070635414,10.071275515933516,7.2169940155638255,12.652488759462145,0.9397218904563969,3.482099726768898,-0.8943712644415345,-6.375934645859529,7.445613788347045,3.6025430968058623,6.593589808867106,2.2288380302117328
3.740999999999699,0.11456208358024135,2.329663783179504,9.708438740931639,3.0725743545856927,10.02121500023859,14.999722417017715,1.7896456286212885,1.4756092010492567,13.974950696347527,11.545474532408372,-2.1073091817048697,4.836413889253125,-1.5593381791879337,-0.8226547809160865,7.17406663324032,-11.464731996017298,-6.473988803258061,-3.1787282383512236,-2.025801965743283,7.96623087214871,-5.262874253045192,-7.842089205022589,15.198715651163067,4.616924433221195,2.9158538504840923,-7.244048457091126,1.039305960198917,2.5493802554286202,-5.321480180259333,9.619810111297216,-3.1515123571838255,3.11842042835785,-3.033838845768086,17.58882211401254,6.016700918756919,-5.377521641295279,12.774623011177042,-8.043213280581977,6.486599363705981,-9.801201774059278,-6.961393517202739,3.255205059064349,9.380947395185416,4.1954401274469655,0.3515221658162878,4.493147834564218,-8.58886185584809,-3.4150895157022894,2.419860457636496,10.257164466506907,7.243506576145224,-11.597272709348939,4.70974037587734,-1.9157104197168193,-3.2196092609259837,7.74115205297729,8.993572895032077,12.645702033969707,-5.1250547471785275,2.4846912436189426,5.5174393474881835,13.668043207663388,0.7103817676044708,5.608232633850707,-4.107698566493605,-5.4712686361416605,9.997890499886946,15.134101692719376,3.1284651547817117,12.557978794052325,7.315483419928495,2.0448833871507737,8.44465795622712,14.860675209386311,4.15317669668607,15.499572423390182,-12.666431624620227,10.507869805970207,6.140654788083824,0.550425945254351,7.369727961929584,-10.386931644664754,3.091801321865531,8.72677156122467,14.15936144955583,-1.2785943908986885,-5.209337640632407,0.2900898027766039,8.945487202296183,3.362359151760253,-1.7415535807909994,10.083617794943672,7.22101249689867,12.673938589620676,0.9277577589267321,3.477623414184826,-0.9001364971562962,-6.4031280144742935,7.453613124236216,3.609841132597341,6.59576900834784,2.2262232178921137
3.750999999999698,0.11306036282381646,2.3474711921952096,9.72044995433975,3.071885998910153,10.036245701348493,15.032259944493752,1.7870394914747028,1.473003392258156,14.00861188300555,11.562900157339312,-2.1146217390756874,4.8493420204727276,-1.5665296026963018,-0.8298924456396093,7.180982809019521,-11.50092067056257,-6.506410229560437,-3.1878970585881614,-2.0439816578020915,7.974592749148497,-5.27895780420773,-7.8682583487014135,15.230105556889384,4.614485837559348,2.9192813449257313,-7.270466490467514,1.0304952360562942,2.553675637570699,-5.342423121459901,9.629401002012006,-3.1614482006343203,3.1146634837098643,-3.0437960476647925,17.627944608050615,6.018507904610044,-5.396598929526516,12.79315083976699,-8.065553223233518,6.492853565953956,-9.838318246188999,-6.985880307832826,3.261219214129615,9.397793657133203,4.200944423418647,0.35128613051640467,4.489202691000314,-8.616355365307566,-3.4274094695222996,2.412724612565183,10.280383841379166,7.252455872284475,-11.630456582108316,4.718298985613114,-1.9213351349772632,-3.2310707705842208,7.755462509101985,9.01626981582988,12.666404566699908,-5.139762167295096,2.4805839264498006,5.526141546464135,13.68963104055372,0.7028752131954472,5.60659638466531,-4.12774833562584,-5.493115838275392,10.016217946682715,15.163303423638673,3.1291018826979884,12.580126382358046,7.324793070777329,2.034057922406554,8.453962798685167,14.893512871063521,4.154537106251753,15.532942226854347,-12.716749596354138,10.526384786405599,6.144472659796465,0.546522728592916,7.373640107808175,-10.424606092608881,3.0894848144566627,8.73599074300278,14.190996260798547,-1.286882864916279,-5.223430582342392,0.2821315922527948,8.965872174998102,3.3710111043013296,-1.7500718545184575,10.095960073953828,7.225030978233514,12.695388419779206,0.9157936273970673,3.473147101600754,-0.9059017298710579,-6.4303213830890575,7.461612460125386,3.6171391683888197,6.5979482078285745,2.2236084055724947
3.760999999999697,0.11155941993871282,2.36608519252006,9.732461167747863,3.071197643234613,10.051276402458397,15.06479747196979,1.784433354328117,1.4703975834670553,14.042273069663572,11.580325782270252,-2.121934296446505,4.86227015169233,-1.57372102620467,-0.8371301103631321,7.187898984798722,-11.537109345107842,-6.538831655862813,-3.197065878825099,-2.0621613498609,7.982954626148285,-5.295041355370268,-7.894427492380238,15.261495462615702,4.612047241897502,2.9227088393673704,-7.296884523843901,1.0216845119136715,2.557971019712778,-5.363366062660469,9.638991892726796,-3.171384044084815,3.1109065390618786,-3.053753249561499,17.66706710208869,6.02031489046317,-5.4156762177577535,12.81167866835694,-8.08789316588506,6.499107768201931,-9.87543471831872,-7.010367098462913,3.267233369194881,9.41463991908099,4.206448719390328,0.35105009521652153,4.485257547436411,-8.643848874767041,-3.43972942334231,2.4055887674938696,10.303603216251425,7.261405168423726,-11.663640454867693,4.726857595348887,-1.926959850237707,-3.242532280242458,7.7697729652266805,9.038966736627682,12.68710709943011,-5.154469587411665,2.4764766092806587,5.534843745440087,13.711218873444054,0.6953686587864236,5.604960135479913,-4.147798104758076,-5.514963040409123,10.034545393478485,15.19250515455797,3.129738610614265,12.602273970663767,7.334102721626164,2.0232324576623344,8.463267641143213,14.92635053274073,4.155897515817435,15.566312030318512,-12.767067568088049,10.54489976684099,6.148290531509106,0.542619511931481,7.3775522536867655,-10.462280540553008,3.0871683070477944,8.745209924780891,14.222631072041265,-1.2951713389338693,-5.237523524052376,0.27417338172898575,8.986257147700021,3.379663056842406,-1.7585901282459155,10.108302352963983,7.229049459568358,12.716838249937737,0.9038294958674025,3.468670789016682,-0.9116669625858196,-6.457514751703822,7.469611796014557,3.6244372041802984,6.600127407309309,2.2209935932528757
3.7709999999996957,0.11006463376513365,2.385524037409269,9.744472381155974,3.070509287559073,10.0663071035683,15.097334999445827,1.7818272171815313,1.4677917746759546,14.075934256321595,11.597751407201192,-2.129246853817323,4.875198282911933,-1.580912449713038,-0.844367775086655,7.194815160577924,-11.573298019653114,-6.571253082165189,-3.206234699062037,-2.0803410419197084,7.991316503148072,-5.311124906532806,-7.920596636059063,15.29288536834202,4.609608646235655,2.9261363338090094,-7.3233025572202886,1.0128737877710488,2.5622664018548567,-5.384309003861037,9.648582783441586,-3.18131988753531,3.107149594413893,-3.0637104514582054,17.706189596126766,6.022121876316295,-5.434753505988991,12.83020649694689,-8.110233108536601,6.505361970449906,-9.912551190448442,-7.034853889093,3.273247524260147,9.431486181028777,4.211953015362009,0.3508140599166384,4.481312403872507,-8.671342384226516,-3.45204937716232,2.3984529224225564,10.326822591123683,7.270354464562978,-11.69682432762707,4.735416205084661,-1.9325845654981508,-3.253993789900695,7.784083421351376,9.061663657425484,12.707809632160311,-5.1691770075282335,2.472369292111517,5.543545944416039,13.732806706334387,0.6878621043774,5.603323886294516,-4.167847873890311,-5.536810242542854,10.052872840274254,15.221706885477268,3.1303753385305417,12.624421558969487,7.343412372474998,2.0124069929181148,8.47257248360126,14.95918819441794,4.157257925383118,15.599681833782677,-12.81738553982196,10.563414747276381,6.152108403221748,0.5387162952700459,7.381464399565356,-10.499954988497135,3.084851799638926,8.754429106559002,14.254265883283983,-1.3034598129514596,-5.2516164657623605,0.2662151712051767,9.00664212040194,3.388315009383483,-1.7671084019733736,10.12064463197414,7.233067940903203,12.738288080096268,0.8918653643377377,3.4641944764326102,-0.9174321953005813,-6.484708120318586,7.4776111319037275,3.631735239971777,6.602306606790043,2.2183787809332567
3.7809999999996946,0.10858148130990111,2.405803821415142,9.756483594564086,3.069820931883533,10.081337804678205,15.129872526921865,1.7792210800349455,1.4651859658848538,14.109595442979618,11.615177032132133,-2.1365594111881405,4.888126414131536,-1.5881038732214061,-0.8516054398101778,7.201731336357125,-11.609486694198386,-6.603674508467565,-3.2154035192989747,-2.098520733978517,7.999678380147859,-5.327208457695344,-7.946765779737888,15.324275274068338,4.607170050573808,2.9295638282506484,-7.349720590596676,1.004063063628426,2.5665617839969355,-5.405251945061605,9.658173674156377,-3.1912557309858047,3.1033926497659072,-3.073667653354912,17.74531209016484,6.023928862169421,-5.453830794220228,12.848734325536839,-8.132573051188142,6.511616172697881,-9.949667662578163,-7.059340679723087,3.279261679325413,9.448332442976564,4.21745731133369,0.35057802461675525,4.477367260308603,-8.698835893685992,-3.4643693309823305,2.391317077351243,10.350041965995942,7.279303760702229,-11.730008200386447,4.743974814820435,-1.9382092807585947,-3.265455299558932,7.798393877476071,9.084360578223286,12.728512164890512,-5.183884427644802,2.468261974942375,5.55224814339199,13.75439453922472,0.6803555499683764,5.601687637109118,-4.187897643022547,-5.5586574446765855,10.071200287070024,15.250908616396565,3.1310120664468184,12.646569147275208,7.352722023323833,2.001581528173895,8.481877326059307,14.99202585609515,4.158618334948801,15.633051637246842,-12.86770351155587,10.581929727711772,6.155926274934389,0.5348130786086109,7.385376545443947,-10.537629436441263,3.082535292230058,8.763648288337112,14.2859006945267,-1.31174828696905,-5.265709407472345,0.2582569606813676,9.02702709310386,3.3969669619245595,-1.7756266757008317,10.132986910984295,7.237086422238047,12.759737910254799,0.8799012328080729,3.4597181638485384,-0.923197428015343,-6.51190148893335,7.485610467792898,3.6390332757632557,6.604485806270777,2.2157639686136377
3.7909999999996935,0.10711551815749162,2.426937983877954,9.768494807972198,3.069132576207993,10.096368505788108,15.162410054397903,1.7766149428883597,1.462580157093753,14.14325662963764,11.632602657063073,-2.1438719685589582,4.901054545351139,-1.5952952967297742,-0.8588431045337006,7.208647512136326,-11.645675368743658,-6.636095934769941,-3.2245723395359125,-2.1167004260373252,8.008040257147655,-5.3432920088578815,-7.972934923416712,15.355665179794656,4.604731454911962,2.9329913226922875,-7.3761386239730635,0.9952523394858039,2.5708571661390143,-5.426194886262173,9.667764564871167,-3.2011915744362995,3.0996357051179215,-3.0836248552516183,17.784434584202916,6.0257358480225465,-5.4729080824514655,12.867262154126788,-8.154912993839684,6.517870374945856,-9.986784134707884,-7.0838274703531745,3.2852758343906787,9.465178704924352,4.222961607305371,0.3503419893168721,4.4734221167446995,-8.726329403145467,-3.4766892848023407,2.38418123227993,10.3732613408682,7.28825305684148,-11.763192073145824,4.7525334245562085,-1.9438339960190385,-3.276916809217169,7.812704333600767,9.107057499021089,12.749214697620713,-5.198591847761371,2.464154657773233,5.560950342367942,13.775982372115052,0.6728489955593528,5.600051387923721,-4.207947412154782,-5.580504646810317,10.089527733865793,15.280110347315862,3.131648794363095,12.66871673558093,7.362031674172667,1.9907560634296755,8.491182168517353,15.02486351777236,4.159978744514484,15.666421440711007,-12.918021483289781,10.600444708147164,6.15974414664703,0.5309098619471759,7.3892886913225375,-10.57530388438539,3.0802187848211897,8.772867470115223,14.317535505769419,-1.3200367609866404,-5.279802349182329,0.25029875015755854,9.047412065805778,3.405618914465636,-1.7841449494282897,10.14532918999445,7.241104903572891,12.78118774041333,0.8679371012784081,3.4552418512644665,-0.9289626607301047,-6.539094857548114,7.493609803682069,3.6463313115547344,6.606665005751511,2.2131491562940186
3.8009999999996924,0.10567235545915912,2.448936770613335,9.78050602138031,3.068444220532453,10.111399206898012,15.19494758187394,1.774008805741774,1.4599743483026524,14.176917816295663,11.650028281994013,-2.151184525929776,4.9139826765707415,-1.6024867202381423,-0.8660807692572234,7.215563687915528,-11.68186404328893,-6.6685173610723165,-3.2337411597728503,-2.1348801180961336,8.016402134147452,-5.359375560020419,-7.999104067095537,15.387055085520974,4.602292859250115,2.9364188171339265,-7.402556657349451,0.9864416153431823,2.575152548281093,-5.447137827462741,9.677355455585957,-3.2111274178867943,3.095878760469936,-3.093582057148325,17.82355707824099,6.027542833875672,-5.491985370682703,12.885789982716737,-8.177252936491225,6.524124577193831,-10.023900606837605,-7.108314260983262,3.2912899894559446,9.482024966872139,4.228465903277052,0.35010595401698896,4.469476973180796,-8.753822912604942,-3.489009238622351,2.3770453872086166,10.39648071574046,7.297202352980731,-11.7963759459052,4.761092034291982,-1.9494587112794823,-3.2883783188754063,7.827014789725462,9.129754419818891,12.769917230350915,-5.2132992678779395,2.460047340604091,5.569652541343894,13.797570205005385,0.6653424411503293,5.598415138738324,-4.227997181287018,-5.602351848944048,10.107855180661563,15.309312078235159,3.1322855222793717,12.69086432388665,7.371341325021501,1.9799305986854558,8.5004870109754,15.05770117944957,4.161339154080166,15.699791244175172,-12.968339455023692,10.618959688582555,6.163562018359672,0.5270066452857409,7.393200837201128,-10.612978332329517,3.0779022774123215,8.782086651893334,14.349170317012137,-1.3283252350042307,-5.293895290892314,0.24234053963374974,9.067797038507697,3.414270867006713,-1.7926632231557478,10.157671469004606,7.245123384907735,12.80263757057186,0.8559729697487433,3.4507655386803946,-0.9347278934448664,-6.566288226162878,7.501609139571239,3.653629347346213,6.608844205232245,2.2105343439743996
3.8109999999996913,0.10425763319979599,2.471806659892512,9.792517234788422,3.067755864856913,10.126429908007916,15.227485109349978,1.7714026685951882,1.4573685395115517,14.210579002953686,11.667453906924953,-2.1584970833005936,4.926910807790344,-1.6096781437465104,-0.8733184339807463,7.222479863694729,-11.718052717834203,-6.700938787374692,-3.242909980009788,-2.153059810154942,8.024764011147248,-5.375459111182957,-8.025273210774362,15.418444991247291,4.599854263588268,2.9398463115755655,-7.4289746907258385,0.9776308912005607,2.579447930423172,-5.468080768663309,9.686946346300747,-3.221063261337289,3.09212181582195,-3.1035392590450313,17.862679572279067,6.029349819728798,-5.51106265891394,12.904317811306687,-8.199592879142767,6.530378779441806,-10.061017078967327,-7.132801051613349,3.2973041445212106,9.498871228819926,4.233970199248733,0.3498699187171058,4.465531829616892,-8.781316422064418,-3.5013291924423613,2.3699095421373033,10.419700090612718,7.3061516491199825,-11.829559818664578,4.769650644027756,-1.9550834265399262,-3.2998398285336434,7.841325245850157,9.152451340616693,12.790619763081116,-5.228006687994508,2.455940023434949,5.5783547403198455,13.819158037895718,0.6578358867413057,5.596778889552927,-4.248046950419253,-5.624199051077779,10.126182627457332,15.338513809154456,3.1329222501956484,12.713011912192371,7.380650975870336,1.9691051339412362,8.509791853433446,15.09053884112678,4.162699563645849,15.733161047639337,-13.018657426757603,10.637474669017946,6.167379890072313,0.5231034286243059,7.397112983079719,-10.650652780273644,3.0755857700034532,8.791305833671444,14.380805128254854,-1.336613709021821,-5.307988232602298,0.23438232910994095,9.088182011209616,3.4229228195477894,-1.8011814968832058,10.170013748014762,7.24914186624258,12.824087400730392,0.8440088382190785,3.4462892260963227,-0.9404931261596281,-6.593481594777642,7.50960847546041,3.660927383137692,6.611023404712979,2.2079195316547806
3.82099999999969,0.10287698949198637,2.495549761908876,9.804528448196534,3.0670675091813733,10.14146060911782,15.260022636826015,1.7687965314486025,1.454762730720451,14.244240189611709,11.684879531855893,-2.1658096406714114,4.939838939009947,-1.6168695672548785,-0.8805560987042691,7.22939603947393,-11.754241392379475,-6.733360213677068,-3.252078800246726,-2.1712395022137505,8.033125888147044,-5.391542662345495,-8.051442354453187,15.44983489697361,4.5974156679264215,2.9432738060172046,-7.455392724102226,0.968820167057939,2.5837433125652507,-5.4890237098638766,9.696537237015537,-3.230999104787784,3.0883648711739644,-3.1134964609417377,17.901802066317142,6.031156805581923,-5.5301399471451775,12.922845639896636,-8.221932821794308,6.536632981689781,-10.098133551097048,-7.157287842243436,3.3033182995864765,9.515717490767713,4.239474495220414,0.3496338834172227,4.461586686052988,-8.808809931523893,-3.5136491462623716,2.36277369706599,10.442919465484977,7.315100945259234,-11.862743691423955,4.77820925376353,-1.96070814180037,-3.3113013381918805,7.855635701974853,9.175148261414495,12.811322295811317,-5.242714108111077,2.451832706265807,5.587056939295797,13.840745870786051,0.6503293323322821,5.59514264036753,-4.2680967195514885,-5.6460462532115105,10.144510074253102,15.367715540073753,3.133558978111925,12.735159500498092,7.38996062671917,1.9582796691970166,8.519096695891493,15.123376502803989,4.164059973211532,15.766530851103502,-13.068975398491514,10.655989649453337,6.1711977617849545,0.5192002119628709,7.4010251289583096,-10.688327228217771,3.073269262594585,8.800525015449555,14.412439939497572,-1.3449021830394114,-5.322081174312283,0.22642411858613215,9.108566983911535,3.431574772088866,-1.809699770610664,10.182356027024918,7.253160347577424,12.845537230888922,0.8320447066894137,3.441812913512251,-0.9462583588743898,-6.620674963392406,7.51760781134958,3.6682254189291705,6.613202604193713,2.2053047193351616
3.830999999999689,0.10153602572339997,2.520163204427285,9.816539661604645,3.0663791535058333,10.156491310227723,15.292560164302053,1.7661903943020167,1.4521569219293502,14.277901376269732,11.702305156786833,-2.173122198042229,4.95276707022955,-1.6240609907632466,-0.8877937634277919,7.236312215253132,-11.790430066924747,-6.765781639979444,-3.2612476204836636,-2.189419194272559,8.04148776514684,-5.407626213508033,-8.077611498132011,15.481224802699927,4.594977072264575,2.9467013004588436,-7.4818107574786135,0.9600094429153174,2.5880386947073295,-5.5099666510644445,9.706128127730327,-3.2409349482382788,3.0846079265259787,-3.123453662838444,17.940924560355217,6.032963791435049,-5.549217235376415,12.941373468486585,-8.24427276444585,6.542887183937756,-10.135250023226769,-7.181774632873523,3.3093324546517424,9.5325637527155,4.2449787911920955,0.34939784811733954,4.4576415424890845,-8.836303440983368,-3.525969100082382,2.355637851994677,10.466138840357235,7.324050241398485,-11.895927564183332,4.786767863499303,-1.9663328570608138,-3.3227628478501177,7.869946158099548,9.197845182212298,12.832024828541519,-5.2574215282276455,2.4477253890966653,5.595759138271749,13.862333703676384,0.6428227779232585,5.5935063911821326,-4.288146488683724,-5.667893455345242,10.162837521048871,15.39691727099305,3.1341957060282017,12.757307088803813,7.399270277568005,1.947454204452797,8.52840153834954,15.156214164481199,4.1654203827772145,15.799900654567667,-13.119293370225424,10.674504629888729,6.175015633497596,0.5152969953014359,7.4049372748369,-10.726001676161898,3.0709527551857168,8.809744197227666,14.44407475074029,-1.3531906570570018,-5.336174116022267,0.21846590806232336,9.128951956613454,3.4402267246299427,-1.818218044338122,10.194698306035074,7.257178828912268,12.866987061047453,0.8200805751597489,3.437336600928179,-0.9520235915891515,-6.64786833200717,7.525607147238751,3.6755234547206492,6.615381803674447,2.2026899070155426
3.840999999999688,0.10024026749095762,2.545638521093557,9.828550875012757,3.0656907978302934,10.171522011337627,15.32509769177809,1.763584257155431,1.4495511131382495,14.311562562927755,11.719730781717773,-2.1804347554130468,4.965695201449153,-1.6312524142716147,-0.8950314281513148,7.243228391032333,-11.82661874147002,-6.79820306628182,-3.2704164407206013,-2.2075988863313674,8.049849642146636,-5.423709764670571,-8.103780641810836,15.512614708426245,4.592538476602728,2.9501287949004826,-7.508228790855001,0.9511987187726958,2.5923340768494083,-5.530909592265012,9.715719018445117,-3.2508707916887736,3.080850981877993,-3.1334108647351506,17.980047054393292,6.034770777288174,-5.568294523607652,12.959901297076534,-8.26661270709739,6.549141386185731,-10.17236649535649,-7.20626142350361,3.3153466097170083,9.549410014663287,4.250483087163777,0.3491618128174564,4.453696398925181,-8.863796950442843,-3.538289053902392,2.3485020069233635,10.489358215229494,7.332999537537736,-11.929111436942708,4.795326473235077,-1.9719575723212577,-3.3342243575083548,7.884256614224244,9.2205421030101,12.85272736127172,-5.272128948344214,2.4436180719275233,5.604461337247701,13.883921536566717,0.6353162235142349,5.591870141996735,-4.308196257815959,-5.689740657478973,10.18116496784464,15.426119001912348,3.1348324339444784,12.779454677109534,7.408579928416839,1.9366287397085773,8.537706380807586,15.189051826158408,4.166780792342897,15.833270458031832,-13.169611341959335,10.69301961032412,6.178833505210237,0.5113937786400009,7.408849420715491,-10.763676124106025,3.0686362477768485,8.818963379005776,14.475709561983008,-1.3614791310745922,-5.3502670577322515,0.21050769753851456,9.149336929315373,3.4488786771710194,-1.82673631806558,10.20704058504523,7.261197310247113,12.888436891205984,0.8081164436300841,3.432860288344107,-0.9577888243039132,-6.675061700621934,7.5336064831279215,3.682821490512128,6.617561003155181,2.2000750946959235
3.850999999999687,0.09899512139548969,2.5719610627376954,9.840562088420869,3.0650024421547535,10.186552712447531,15.357635219254128,1.7609781200088452,1.4469453043471487,14.345223749585777,11.737156406648714,-2.1877473127838645,4.9786233326687555,-1.6384438377799828,-0.9022690928748376,7.250144566811534,-11.862807416015292,-6.830624492584196,-3.279585260957539,-2.225778578390176,8.058211519146433,-5.439793315833109,-8.12994978548966,15.544004614152563,4.5900998809408815,2.9535562893421217,-7.534646824231388,0.9423879946300742,2.596629458991487,-5.55185253346558,9.725309909159908,-3.2608066351392684,3.0770940372300073,-3.143368066631857,18.019169548431368,6.0365777631413,-5.5873718118388895,12.978429125666484,-8.288952649748932,6.555395588433706,-10.209482967486212,-7.230748214133698,3.3213607647822743,9.566256276611075,4.255987383135458,0.34892577751757325,4.449751255361277,-8.891290459902319,-3.5506090077224024,2.3413661618520503,10.512577590101753,7.341948833676987,-11.962295309702085,4.803885082970851,-1.9775822875817015,-3.345685867166592,7.898567070348939,9.243239023807902,12.873429894001921,-5.286836368460783,2.4395107547583814,5.613163536223652,13.90550936945705,0.6278096691052113,5.590233892811338,-4.328246026948195,-5.711587859612704,10.19949241464041,15.455320732831645,3.135469161860755,12.801602265415255,7.417889579265673,1.9258032749643577,8.547011223265633,15.221889487835618,4.16814120190858,15.866640261495997,-13.219929313693246,10.711534590759511,6.182651376922879,0.5074905619785659,7.412761566594082,-10.801350572050152,3.0663197403679803,8.828182560783887,14.507344373225726,-1.3697676050921825,-5.364359999442236,0.20254948701470576,9.169721902017292,3.457530629712096,-1.835254591793038,10.219382864055385,7.265215791581957,12.909886721364515,0.7961523121004193,3.428383975760035,-0.9635540570186749,-6.702255069236698,7.541605819017092,3.6901195263036066,6.619740202635915,2.1974602823763045
3.860999999999686,0.0978058279442677,2.5991094556510626,9.852573301828981,3.0643140864792136,10.201583413557435,15.390172746730165,1.7583719828622595,1.444339495556048,14.3788849362438,11.754582031579654,-2.195059870154682,4.991551463888358,-1.645635261288351,-0.9095067575983604,7.257060742590736,-11.898996090560564,-6.863045918886572,-3.288754081194477,-2.243958270448984,8.066573396146229,-5.455876866995647,-8.156118929168485,15.57539451987888,4.587661285279035,2.9569837837837607,-7.561064857607776,0.9335772704874525,2.600924841133566,-5.572795474666148,9.734900799874698,-3.270742478589763,3.0733370925820216,-3.1533252685285635,18.058292042469443,6.038384748994425,-5.606449100070127,12.996956954256433,-8.311292592400473,6.561649790681681,-10.246599439615933,-7.255235004763785,3.32737491984754,9.583102538558862,4.261491679107139,0.3486897422176901,4.445806111797373,-8.918783969361794,-3.5629289615424127,2.334230316780737,10.535796964974011,7.350898129816239,-11.995479182461462,4.8124436927066245,-1.9832070028421454,-3.357147376824829,7.912877526473634,9.265935944605705,12.894132426732122,-5.3015437885773515,2.4354034375892395,5.621865735199604,13.927097202347383,0.6203031146961877,5.588597643625941,-4.34829579608043,-5.733435061746436,10.21781986143618,15.484522463750942,3.1361058897770318,12.823749853720976,7.427199230114508,1.914977810220138,8.55631606572368,15.254727149512828,4.169501611474263,15.900010064960162,-13.270247285427157,10.730049571194902,6.18646924863552,0.5035873453171309,7.416673712472672,-10.83902501999428,3.064003232959112,8.837401742561998,14.538979184468444,-1.378056079109773,-5.37845294115222,0.19459127649089697,9.190106874719211,3.4661825822531727,-1.8437728655204961,10.23172514306554,7.269234272916801,12.931336551523046,0.7841881805707545,3.4239076631759633,-0.9693192897334366,-6.729448437851462,7.549605154906263,3.6974175620950853,6.621919402116649,2.1948454700566855
3.8709999999996847,0.09667741101330386,2.6270551338920445,9.864584515237093,3.0636257308036736,10.216614114667339,15.422710274206203,1.7557658457156737,1.4417336867649473,14.412546122901823,11.772007656510594,-2.2023724275255,5.004479595107961,-1.652826684796719,-0.9167444223218832,7.263976918369937,-11.935184765105836,-6.895467345188948,-3.2979229014314146,-2.2621379625077926,8.074935273146025,-5.471960418158185,-8.18228807284731,15.606784425605198,4.585222689617188,2.9604112782253997,-7.587482890984163,0.9247665463448309,2.6052202232756447,-5.593738415866716,9.744491690589488,-3.280678322040258,3.069580147934036,-3.16328247042527,18.097414536507518,6.040191734847551,-5.625526388301364,13.015484782846382,-8.333632535052015,6.567903992929656,-10.283715911745654,-7.279721795393872,3.333389074912806,9.599948800506649,4.26699597507882,0.34845370691780697,4.4418609682334695,-8.94627747882127,-3.575248915362423,2.3270944717094237,10.55901633984627,7.35984742595549,-12.02866305522084,4.821002302442398,-1.9888317181025892,-3.368608886483066,7.92718798259833,9.288632865403507,12.914834959462324,-5.31625120869392,2.4312961204200976,5.630567934175556,13.948685035237716,0.6127965602871641,5.586961394440544,-4.368345565212666,-5.755282263880167,10.23614730823195,15.513724194670239,3.1367426176933084,12.845897442026697,7.436508880963342,1.9041523454759184,8.565620908181726,15.287564811190038,4.170862021039945,15.933379868424327,-13.320565257161068,10.748564551630293,6.190287120348161,0.49968412865569584,7.420585858351263,-10.876699467938407,3.061686725550244,8.846620924340108,14.570613995711161,-1.3863445531273633,-5.392545882862205,0.18663306596708817,9.21049184742113,3.4748345347942493,-1.8522911392479542,10.244067422075696,7.273252754251645,12.952786381681577,0.7722240490410897,3.4194313505918914,-0.9750845224481983,-6.756641806466226,7.557604490795433,3.704715597886564,6.6240986015973835,2.1922306577370665
3.8809999999996836,0.09561462455052377,2.6557619747521475,9.876595728645205,3.0629373751281337,10.231644815777242,15.45524780168224,1.753159708569088,1.4391278779738466,14.446207309559846,11.789433281441534,-2.2096849848963176,5.017407726327564,-1.6600181083050871,-0.9239820870454061,7.270893094149138,-11.971373439651108,-6.9278887714913235,-3.3070917216683524,-2.280317654566601,8.083297150145821,-5.488043969320723,-8.208457216526135,15.638174331331516,4.5827840939553415,2.9638387726670388,-7.613900924360551,0.9159558222022093,2.6095156054177235,-5.614681357067284,9.754082581304278,-3.290614165490753,3.06582320328605,-3.1732396723219765,18.136537030545593,6.0419987207006765,-5.6446036765326015,13.034012611436331,-8.355972477703556,6.574158195177631,-10.320832383875375,-7.304208586023959,3.339403229978072,9.616795062454436,4.272500271050501,0.34821767161792383,4.437915824669566,-8.973770988280744,-3.5875688691824332,2.3199586266381105,10.582235714718529,7.368796722094741,-12.061846927980216,4.829560912178172,-1.994456433363033,-3.3800703961413032,7.941498438723025,9.31132978620131,12.935537492192525,-5.330958628810489,2.4271888032509557,5.639270133151507,13.970272868128049,0.6052900058781405,5.585325145255147,-4.388395334344901,-5.777129466013898,10.254474755027719,15.542925925589536,3.137379345609585,12.868045030332418,7.445818531812177,1.8933268807316987,8.574925750639773,15.320402472867247,4.172222430605628,15.966749671888492,-13.370883228894979,10.767079532065685,6.194104992060803,0.4957809119942603,7.424498004229854,-10.914373915882534,3.0593702181413756,8.855840106118219,14.60224880695388,-1.3946330271449536,-5.406638824572189,0.17867485544327938,9.230876820123049,3.483486487335326,-1.8608094129754122,10.256409701085852,7.27727123558649,12.974236211840108,0.7602599175114249,3.4149550380078195,-0.98084975516296,-6.78383517508099,7.565603826684604,3.7120136336780427,6.626277801078118,2.1896158454174475
3.8909999999996825,0.09462189744446668,2.685186067141607,9.888606942053316,3.0622490194525938,10.246675516887146,15.487785329158278,1.7505535714225022,1.4365220691827458,14.479868496217868,11.806858906372474,-2.2169975422671353,5.030335857547167,-1.6672095318134552,-0.9312197517689289,7.27780926992834,-12.00756211419638,-6.960310197793699,-3.31626054190529,-2.2984973466254095,8.091659027145617,-5.5041275204832605,-8.23462636020496,15.669564237057834,4.580345498293495,2.967266267108678,-7.640318957736938,0.9071450980595877,2.6138109875598023,-5.635624298267852,9.763673472019068,-3.3005500089412476,3.0620662586380645,-3.183196874218683,18.17565952458367,6.043805706553802,-5.663680964763839,13.05254044002628,-8.378312420355098,6.580412397425606,-10.357948856005097,-7.328695376654046,3.345417385043338,9.633641324402223,4.278004567022182,0.3479816363180407,4.433970681105662,-9.00126449774022,-3.5998888230024435,2.312822781566797,10.605455089590787,7.377746018233992,-12.095030800739593,4.838119521913946,-2.000081148623477,-3.3915319057995403,7.955808894847721,9.334026706999111,12.956240024922726,-5.3456660489270575,2.4230814860818137,5.647972332127459,13.991860701018382,0.5977834514691169,5.5836888960697495,-4.408445103477137,-5.798976668147629,10.272802201823488,15.572127656508833,3.1380160735258618,12.890192618638139,7.455128182661011,1.882501415987479,8.58423059309782,15.353240134544457,4.173582840171311,16.000119475352655,-13.42120120062889,10.785594512501076,6.197922863773444,0.4918776953328247,7.428410150108444,-10.95204836382666,3.0570537107325073,8.86505928789633,14.633883618196597,-1.402921501162544,-5.420731766282174,0.17071664491947058,9.251261792824968,3.4921384398764026,-1.8693276867028703,10.268751980096008,7.281289716921334,12.995686041998638,0.74829578598176,3.4104787254237476,-0.9866149878777217,-6.8110285436957545,7.573603162573774,3.7193116694695214,6.628457000558852,2.1870010330978285
3.9009999999996814,0.09370327772634447,2.7152756413989234,9.900618155461428,3.061560663777054,10.26170621799705,15.520322856634316,1.7479474342759165,1.433916260391645,14.513529682875891,11.824284531303414,-2.224310099637953,5.043263988766769,-1.6744009553218233,-0.9384574164924517,7.284725445707541,-12.043750788741653,-6.992731624096075,-3.325429362142228,-2.316677038684218,8.100020904145413,-5.520211071645798,-8.260795503883784,15.700954142784152,4.577906902631648,2.970693761550317,-7.666736991113326,0.898334373916966,2.618106369701881,-5.65656723946842,9.773264362733858,-3.3104858523917424,3.0583093139900788,-3.1931540761153894,18.214782018621744,6.045612692406928,-5.682758252995076,13.07106826861623,-8.400652363006639,6.586666599673581,-10.395065328134818,-7.3531821672841335,3.351431540108604,9.65048758635001,4.283508862993863,0.34774560101815755,4.430025537541758,-9.028758007199695,-3.612208776822454,2.305686936495484,10.628674464463046,7.3866953143732434,-12.12821467349897,4.846678131649719,-2.0057058638839207,-3.4029934154577774,7.970119350972416,9.356723627796914,12.976942557652928,-5.360373469043626,2.418974168912672,5.656674531103411,14.013448533908715,0.5902768970600933,5.582052646884352,-4.428494872609372,-5.820823870281361,10.291129648619258,15.60132938742813,3.1386528014421384,12.91234020694386,7.464437833509845,1.8716759512432595,8.593535435555866,15.386077796221667,4.174943249736994,16.033489278816802,-13.4715191723628,10.804109492936467,6.201740735486085,0.48797447867138916,7.432322295987035,-10.989722811770788,3.054737203323639,8.87427846967444,14.665518429439315,-1.4112099751801344,-5.434824707992158,0.1627584343956618,9.271646765526887,3.5007903924174792,-1.8778459604303284,10.281094259106164,7.285308198256178,13.01713587215717,0.7363316544520953,3.4060024128396758,-0.9923802205924834,-6.838221912310519,7.581602498462945,3.726609705261,6.630636200039586,2.1843862207782094
3.9109999999996803,0.0928623774974538,2.745971185548249,9.91262936886954,3.060872308101514,10.276736919106954,15.552860384110353,1.7453412971293307,1.4313104516005444,14.547190869533914,11.841710156234354,-2.2316226570087707,5.056192119986372,-1.6815923788301914,-0.9456950812159746,7.291641621486742,-12.079939463286925,-7.025153050398451,-3.3345981823791657,-2.3348567307430264,8.10838278114521,-5.536294622808336,-8.286964647562609,15.73234404851047,4.5754683069698014,2.974121255991956,-7.693155024489713,0.8895236497743444,2.62240175184396,-5.677510180668988,9.782855253448648,-3.3204216958422372,3.054552369342093,-3.203111278012096,18.25390451265982,6.047419678260053,-5.7018355412263135,13.08959609720618,-8.42299230565818,6.592920801921556,-10.432181800264539,-7.377668957914221,3.35744569517387,9.667333848297798,4.2890131589655445,0.3475095657182744,4.426080393977855,-9.05625151665917,-3.624528730642464,2.2985510914241707,10.651893839335305,7.395644610512495,-12.161398546258347,4.855236741385493,-2.0113305791443645,-3.4144549251160146,7.984429807097111,9.379420548594716,12.997645090383129,-5.375080889160195,2.41486685174353,5.6653767300793625,14.035036366799048,0.5827703426510698,5.580416397698955,-4.4485446417416075,-5.842671072415092,10.309457095415027,15.630531118347427,3.139289529358415,12.93448779524958,7.47374748435868,1.8608504864990398,8.602840278013913,15.418915457898876,4.176303659302676,16.06685908228095,-13.521837144096711,10.822624473371858,6.205558607198727,0.4840712620099536,7.436234441865626,-11.027397259714915,3.052420695914771,8.88349765145255,14.697153240682033,-1.4194984491977247,-5.4489176497021425,0.154800223871853,9.292031738228806,3.509442344958556,-1.8863642341577864,10.29343653811632,7.2893266795910225,13.0385857023157,0.7243675229224305,3.401526100255604,-0.9981454533072451,-6.865415280925283,7.589601834352115,3.733907741052479,6.63281539952032,2.1817714084585904
3.920999999999679,0.09210232015765343,2.777205767138946,9.924640582277652,3.060183952425974,10.291767620216858,15.58539791158639,1.742735159982745,1.4287046428094436,14.580852056191937,11.859135781165294,-2.2389352143795884,5.069120251205975,-1.6887838023385595,-0.9529327459394974,7.298557797265944,-12.116128137832197,-7.057574476700827,-3.3437670026161035,-2.353036422801835,8.116744658145006,-5.552378173970874,-8.313133791241434,15.763733954236788,4.573029711307955,2.977548750433595,-7.719573057866101,0.8807129256317228,2.6266971339860388,-5.698453121869556,9.792446144163439,-3.330357539292732,3.0507954246941074,-3.2130684799088023,18.293027006697894,6.049226664113179,-5.720912829457551,13.108123925796129,-8.445332248309722,6.599175004169531,-10.46929827239426,-7.402155748544308,3.3634598502391357,9.684180110245585,4.294517454937226,0.34727353041839126,4.422135250413951,-9.083745026118645,-3.6368486844624743,2.2914152463528574,10.675113214207563,7.404593906651746,-12.194582419017724,4.863795351121267,-2.0169552944048084,-3.4259164347742517,7.998740263221807,9.402117469392518,13.01834762311333,-5.389788309276764,2.410759534574388,5.674078929055314,14.05662419968938,0.5752637882420462,5.578780148513558,-4.468594410873843,-5.864518274548823,10.327784542210797,15.659732849266724,3.1399262572746918,12.956635383555302,7.483057135207514,1.8500250217548202,8.61214512047196,15.451753119576086,4.177664068868359,16.100228885745096,-13.572155115830622,10.84113945380725,6.209376478911368,0.48016804534851804,7.440146587744216,-11.065071707659042,3.0501041885059026,8.892716833230661,14.72878805192475,-1.427786923215315,-5.463010591412127,0.1468420133480442,9.312416710930725,3.5180942974996325,-1.8948825078852445,10.305778817126475,7.293345160925867,13.060035532474231,0.7124033913927657,3.397049787671532,-1.0039106860220062,-6.892608649540047,7.597601170241286,3.7412057768439575,6.634994599001054,2.1791565961389714
3.930999999999678,0.09142569163160158,2.8089055715507683,9.936651795685764,3.059495596750434,10.306798321326761,15.617935439062428,1.7401290228361592,1.426098834018343,14.61451324284996,11.876561406096235,-2.246247771750406,5.082048382425578,-1.6959752258469276,-0.9601704106630202,7.305473973045145,-12.15231681237747,-7.089995903003203,-3.3529358228530413,-2.371216114860643,8.125106535144802,-5.568461725133412,-8.339302934920259,15.795123859963105,4.570591115646108,2.980976244875234,-7.745991091242488,0.8719022014891011,2.6309925161281176,-5.719396063070124,9.802037034878229,-3.340293382743227,3.0470384800461217,-3.2230256818055087,18.33214950073597,6.051033649966304,-5.739990117688788,13.126651754386078,-8.467672190961263,6.605429206417506,-10.506414744523981,-7.426642539174395,3.3694740053044017,9.701026372193372,4.300021750908907,0.3470374951185081,4.418190106850047,-9.11123853557812,-3.6491686382824846,2.284279401281544,10.698332589079822,7.413543202790997,-12.227766291777101,4.8723539608570405,-2.022580009665252,-3.437377944432489,8.013050719346511,9.42481439019032,13.039050155843531,-5.404495729393332,2.406652217405246,5.682781128031266,14.078212032579714,0.5677572338330226,5.577143899328161,-4.488644180006078,-5.886365476682554,10.346111989006566,15.688934580186022,3.1405629851909684,12.978782971861023,7.4923667860563485,1.8391995570106006,8.621449962930006,15.484590781253296,4.179024478434042,16.133598689209244,-13.622473087564533,10.85965443424264,6.2131943506240095,0.4762648286870825,7.444058733622807,-11.10274615560317,3.0477876810970344,8.901936015008772,14.760422863167468,-1.4360753972329054,-5.477103533122111,0.1388838028242354,9.332801683632644,3.526746250040709,-1.9034007816127025,10.31812109613663,7.297363642260711,13.081485362632762,0.7004392598631008,3.39257347508746,-1.0096759187367668,-6.919802018154811,7.605600506130457,3.748503812635436,6.637173798481788,2.1765417838193524
3.940999999999677,0.09083449732710434,2.840990657365474,9.948663009093876,3.058807241074894,10.321829022436665,15.650472966538466,1.7375228856895735,1.4234930252272422,14.648174429507982,11.893987031027175,-2.253560329121224,5.094976513645181,-1.7031666493552957,-0.967408075386543,7.312390148824346,-12.188505486922741,-7.122417329305579,-3.362104643089979,-2.3893958069194516,8.133468412144598,-5.58454527629595,-8.365472078599083,15.826513765689423,4.568152519984261,2.984403739316873,-7.772409124618876,0.8630914773464795,2.6352878982701964,-5.740339004270692,9.811627925593019,-3.3502292261937217,3.043281535398136,-3.232982883702215,18.371271994774045,6.05284063581943,-5.7590674059200255,13.145179582976027,-8.490012133612804,6.611683408665481,-10.543531216653703,-7.451129329804482,3.3754881603696676,9.717872634141159,4.305526046880588,0.346801459818625,4.414244963286143,-9.138732045037596,-3.661488592102495,2.277143556210231,10.72155196395208,7.422492498930248,-12.260950164536478,4.880912570592814,-2.028204724925696,-3.448839454090726,8.027361175471215,9.447511310988123,13.059752688573733,-5.419203149509901,2.402544900236104,5.691483327007218,14.099799865470047,0.560250679423999,5.575507650142764,-4.508693949138314,-5.908212678816286,10.364439435802336,15.718136311105319,3.141199713107245,13.000930560166744,7.501676436905183,1.828374092266381,8.630754805388053,15.517428442930505,4.1803848879997245,16.16696849267339,-13.672791059298444,10.878169414678032,6.217012222336651,0.4723616120256469,7.447970879501398,-11.140420603547296,3.045471173688166,8.911155196786883,14.792057674410186,-1.4443638712504958,-5.491196474832096,0.1309255923004266,9.353186656334563,3.535398202581786,-1.9119190553401606,10.330463375146786,7.301382123595555,13.102935192791293,0.688475128333436,3.388097162503388,-1.0154411514515274,-6.946995386769575,7.613599842019627,3.755801848426915,6.639352997962522,2.1739269714997334
3.950999999999676,0.0903301264983495,2.8733759177195584,9.960674222501988,3.058118885399354,10.336859723546569,15.683010494014503,1.7349167485429877,1.4208872164361415,14.681835616166005,11.911412655958115,-2.2608728864920415,5.107904644864783,-1.7103580728636638,-0.9746457401100659,7.319306324603548,-12.224694161468014,-7.154838755607955,-3.371273463326917,-2.40757549897826,8.141830289144394,-5.600628827458488,-8.391641222277908,15.857903671415741,4.565713924322415,2.987831233758512,-7.798827157995263,0.8542807532038579,2.639583280412275,-5.76128194547126,9.821218816307809,-3.3601650696442165,3.0395245907501502,-3.2429400855989217,18.41039448881212,6.054647621672555,-5.778144694151263,13.163707411565976,-8.512352076264346,6.617937610913456,-10.580647688783424,-7.4756161204345695,3.3815023154349335,9.734718896088946,4.311030342852269,0.34656542451874184,4.41029981972224,-9.166225554497071,-3.673808545922505,2.2700077111389176,10.74477133882434,7.4314417950694995,-12.294134037295855,4.889471180328588,-2.03382944018614,-3.460300963748963,8.04167163159592,9.470208231785925,13.080455221303934,-5.43391056962647,2.398437583066962,5.700185525983169,14.12138769836038,0.5527441250149754,5.573871400957366,-4.528743718270549,-5.930059880950017,10.382766882598105,15.747338042024616,3.1418364410235218,13.023078148472464,7.510986087754017,1.8175486275221613,8.6400596478461,15.550266104607715,4.181745297565407,16.200338296137538,-13.723109031032354,10.896684395113423,6.220830094049292,0.46845839536421136,7.451883025379988,-11.178095051491423,3.043154666279298,8.920374378564993,14.823692485652904,-1.4526523452680862,-5.50528941654208,0.12296738177661781,9.373571629036482,3.5440501551228625,-1.9204373290676187,10.342805654156942,7.3054006049304,13.124385022949824,0.6765109968037712,3.3836208499193163,-1.021206384166288,-6.974188755384339,7.621599177908798,3.7630998842183936,6.641532197443256,2.1713121591801143
3.960999999999675,0.08991332551764443,2.9059722243590995,9.9726854359101,3.0574305297238142,10.351890424656473,15.715548021490541,1.732310611396402,1.4182814076450407,14.715496802824028,11.928838280889055,-2.2681854438628593,5.120832776084386,-1.717549496372032,-0.9818834048335887,7.326222500382749,-12.260882836013286,-7.187260181910331,-3.3804422835638546,-2.4257551910370685,8.15019216614419,-5.616712378621026,-8.417810365956733,15.889293577142059,4.563275328660568,2.991258728200151,-7.825245191371651,0.8454700290612363,2.643878662554354,-5.782224886671828,9.830809707022599,-3.3701009130947113,3.0357676461021645,-3.252897287495628,18.449516982850195,6.056454607525681,-5.7972219823825,13.182235240155926,-8.534692018915887,6.624191813161431,-10.617764160913145,-7.500102911064657,3.3875164705001994,9.751565158036733,4.31653463882395,0.3463293892188587,4.406354676158336,-9.193719063956546,-3.6861284997425154,2.2628718660676044,10.767990713696598,7.440391091208751,-12.327317910055232,4.898029790064362,-2.0394541554465837,-3.4717624734072,8.055982087720624,9.492905152583727,13.101157754034135,-5.448617989743038,2.3943302658978203,5.708887724959121,14.142975531250713,0.5452375706059518,5.572235151771969,-4.548793487402785,-5.951907083083748,10.401094329393874,15.776539772943913,3.1424731689397984,13.045225736778185,7.520295738602852,1.8067231627779416,8.649364490304146,15.583103766284925,4.18310570713109,16.233708099601685,-13.773427002766265,10.915199375548815,6.224647965761934,0.4645551787027758,7.455795171258579,-11.21576949943555,3.0408381588704296,8.929593560343104,14.855327296895622,-1.4609408192856765,-5.519382358252065,0.11500917125280902,9.3939566017384,3.552702107663939,-1.9289556027950767,10.355147933167098,7.309419086265244,13.145834853108354,0.6645468652741064,3.3791445373352444,-1.0269716168810485,-7.001382123999103,7.629598513797968,3.7703979200098723,6.64371139692399,2.1686973468604953
3.9709999999996737,0.08958418128408,2.9386877194975596,9.984696649318211,3.0567421740482743,10.366921125766376,15.748085548966579,1.7297044742498162,1.41567559885394,14.74915798948205,11.946263905819995,-2.275498001233677,5.133760907303989,-1.7247409198804,-0.9891210695571115,7.33313867616195,-12.297071510558558,-7.219681608212706,-3.3896111038007923,-2.443934883095877,8.158554043143987,-5.632795929783564,-8.443979509635557,15.920683482868377,4.560836732998721,2.99468622264179,-7.851663224748038,0.8366593049186146,2.648174044696433,-5.803167827872396,9.84040059773739,-3.380036756545206,3.032010701454179,-3.2628544893923346,18.48863947688827,6.058261593378806,-5.8162992706137375,13.200763068745875,-8.557031961567429,6.630446015409406,-10.654880633042866,-7.524589701694744,3.3935306255654654,9.76841141998452,4.322038934795631,0.34609335391897555,4.402409532594432,-9.221212573416022,-3.6984484535625257,2.255736020996291,10.791210088568857,7.449340387348002,-12.360501782814609,4.906588399800135,-2.0450788707070275,-3.4832239830654372,8.070292543845328,9.51560207338153,13.121860286764337,-5.463325409859607,2.3902229487286784,5.717589923935073,14.164563364141046,0.5377310161969282,5.570598902586572,-4.56884325653502,-5.973754285217479,10.419421776189644,15.80574150386321,3.143109896856075,13.067373325083906,7.529605389451686,1.795897698033722,8.658669332762193,15.615941427962134,4.184466116696773,16.267077903065832,-13.823744974500176,10.933714355984206,6.228465837474575,0.46065196204134023,7.45970731713717,-11.253443947379678,3.0385216514615614,8.938812742121215,14.88696210813834,-1.469229293303267,-5.533475299962049,0.10705096072900022,9.41434157444032,3.5613540602050158,-1.9374738765225348,10.367490212177254,7.313437567600088,13.167284683266885,0.6525827337444416,3.3746682247511726,-1.0327368495958091,-7.028575492613867,7.637597849687139,3.777695955801351,6.645890596404724,2.1660825345408763
3.9809999999996726,0.08934211562884863,2.971429210668728,9.996707862726323,3.0560538183727344,10.38195182687628,15.780623076442616,1.7270983371032305,1.4130697900628393,14.782819176140073,11.963689530750935,-2.2828105586044947,5.146689038523592,-1.7319323433887681,-0.9963587342806344,7.340054851941152,-12.33326018510383,-7.252103034515082,-3.39877992403773,-2.4621145751546853,8.166915920143783,-5.648879480946102,-8.470148653314382,15.952073388594695,4.558398137336875,2.998113717083429,-7.878081258124426,0.827848580775993,2.6524694268385116,-5.824110769072964,9.84999148845218,-3.389972599995701,3.028253756806193,-3.272811691289041,18.527761970926345,6.060068579231932,-5.835376558844975,13.219290897335824,-8.57937190421897,6.636700217657381,-10.691997105172588,-7.549076492324831,3.3995447806307313,9.785257681932308,4.327543230767312,0.3458573186190924,4.398464389030528,-9.248706082875497,-3.710768407382536,2.248600175924978,10.814429463441115,7.458289683487253,-12.393685655573986,4.915147009535909,-2.0507035859674714,-3.4946854927236743,8.084602999970032,9.538298994179332,13.142562819494538,-5.478032829976176,2.3861156315595364,5.726292122911024,14.186151197031379,0.5302244617879046,5.568962653401175,-4.5888930256672555,-5.995601487351211,10.437749222985413,15.834943234782507,3.143746624772352,13.089520913389627,7.5389150403005205,1.7850722332895024,8.66797417522024,15.648779089639344,4.185826526262455,16.30044770652998,-13.874062946234087,10.952229336419597,6.232283709187216,0.4567487453799047,7.46361946301576,-11.291118395323805,3.036205144052693,8.948031923899325,14.918596919381057,-1.4775177673208573,-5.5475682416720336,0.09909275020519143,9.434726547142239,3.5700060127460924,-1.9459921502499928,10.37983249118741,7.3174560489349325,13.188734513425416,0.6406186022147768,3.3701919121671007,-1.0385020823105697,-7.055768861228631,7.645597185576309,3.7849939915928297,6.648069795885458,2.1634677222212573
3.9909999999996715,0.08918589113791366,3.0041036166090613,10.008719076134435,3.0553654626971944,10.396982527986184,15.813160603918654,1.7244921999566447,1.4104639812717386,14.816480362798096,11.981115155681875,-2.2901231159753124,5.1596171697431945,-1.7391237668971362,-1.0035963990041572,7.346971027720353,-12.369448859649102,-7.284524460817458,-3.407948744274668,-2.4802942672134938,8.175277797143579,-5.6649630321086395,-8.496317796993207,15.983463294321012,4.555959541675028,3.001541211525068,-7.904499291500813,0.8190378566333714,2.6567648089805904,-5.845053710273532,9.85958237916697,-3.3999084434461957,3.0244968121582074,-3.2827688931857475,18.56688446496442,6.0618755650850575,-5.854453847076212,13.237818725925774,-8.601711846870511,6.642954419905356,-10.729113577302309,-7.573563282954918,3.405558935695997,9.802103943880095,4.333047526738993,0.34562128331920927,4.394519245466625,-9.276199592334972,-3.7230883612025463,2.2414643308536646,10.837648838313374,7.467238979626504,-12.426869528333363,4.923705619271683,-2.056328301227915,-3.5061470023819115,8.098913456094737,9.560995914977134,13.16326535222474,-5.492740250092744,2.3820083143903945,5.734994321886976,14.207739029921711,0.522717907378881,5.567326404215778,-4.608942794799491,-6.017448689484942,10.456076669781183,15.864144965701804,3.1443833526886285,13.111668501695348,7.548224691149355,1.7742467685452827,8.677279017678286,15.681616751316554,4.187186935828138,16.333817509994127,-13.924380917967998,10.970744316854988,6.236101580899858,0.4528455287184691,7.467531608894351,-11.328792843267932,3.033888636643825,8.957251105677436,14.950231730623775,-1.4858062413384476,-5.561661183382018,0.09113453968138263,9.455111519844158,3.578657965287169,-1.954510423977451,10.392174770197565,7.321474530269777,13.210184343583947,0.628654470685112,3.365715599583029,-1.0442673150253303,-7.082962229843395,7.65359652146548,3.7922920273843084,6.6502489953661925,2.1608529099016383
4.000999999999671,0.0891136283350756,3.0366194085819154,10.020730289542547,3.0546771070216545,10.412013229096088,15.845698131394691,1.721886062810059,1.4078581724806378,14.850141549456119,11.998540780612815,-2.29743567334613,5.172545300962797,-1.7463151904055043,-1.01083406372768,7.353887203499554,-12.405637534194375,-7.316945887119834,-3.4171175645116056,-2.498473959272302,8.183639674143375,-5.681046583271177,-8.522486940672032,16.014853200047323,4.553520946013181,3.004968705966707,-7.930917324877201,0.8102271324907497,2.6610601911226692,-5.8659966514740995,9.86917326988176,-3.4098442868966905,3.0207398675102217,-3.292726095082454,18.606006959002496,6.063682550938183,-5.8735311353074495,13.256346554515723,-8.624051789522053,6.649208622153331,-10.76623004943203,-7.598050073585005,3.411573090761263,9.818950205827882,4.3385518227106745,0.34538524801932613,4.390574101902721,-9.303693101794448,-3.7354083150225565,2.2343284857823513,10.860868213185633,7.476188275765756,-12.46005340109274,4.9322642290074565,-2.061953016488359,-3.5176085120401486,8.113223912219441,9.583692835774936,13.18396788495494,-5.507447670209313,2.3779009972212526,5.743696520862928,14.229326862812044,0.5152113529698574,5.565690155030381,-4.628992563931726,-6.039295891618673,10.474404116576952,15.893346696621101,3.145020080604905,13.13381609000107,7.557534341998189,1.763421303801063,8.686583860136333,15.714454412993764,4.188547345393821,16.367187313458274,-13.974698889701909,10.98925929729038,6.239919452612499,0.44894231205703355,7.471443754772942,-11.366467291212059,3.0315721292349567,8.966470287455547,14.981866541866493,-1.494094715356038,-5.575754125092002,0.08317632915757384,9.475496492546077,3.5873099178282457,-1.963028697704909,10.40451704920772,7.325493011604621,13.231634173742478,0.6166903391554472,3.361239286998957,-1.050032547740091,-7.110155598458159,7.6615958573546505,3.799590063175787,6.652428194846927,2.1582380975820192
4.010999999999674,0.089122833688968,3.068887991878025,10.032741502950659,3.0539887513461146,10.427043930205992,15.878235658870729,1.7192799256634732,1.405252363689537,14.883802736114141,12.015966405543756,-2.304748230716948,5.1854734321824,-1.7535066139138724,-1.0180717284512029,7.360803379278756,-12.441826208739647,-7.34936731342221,-3.4262863847485434,-2.5166536513311106,8.192001551143171,-5.697130134433715,-8.548656084350856,16.046243105773623,4.551082350351335,3.008396200408346,-7.957335358253588,0.8014164083481281,2.665355573264748,-5.8869395926746675,9.87876416059655,-3.4197801303471853,3.016982922862236,-3.3026832969791604,18.64512945304057,6.065489536791309,-5.892608423538687,13.274874383105672,-8.646391732173594,6.655462824401306,-10.803346521561751,-7.622536864215093,3.417587245826529,9.835796467775669,4.344056118682356,0.345149212719443,4.386628958338817,-9.331186611253923,-3.747728268842567,2.227192640711038,10.884087588057891,7.485137571905007,-12.493237273852117,4.94082283874323,-2.067577731748803,-3.5290700216983857,8.127534368344145,9.606389756572739,13.204670417685142,-5.522155090325882,2.3737936800521107,5.7523987198388795,14.250914695702377,0.5077047985608338,5.564053905844983,-4.649042333063962,-6.0611430937524045,10.492731563372722,15.922548427540399,3.145656808521182,13.15596367830679,7.566843992847024,1.7525958390568435,8.69588870259438,15.747292074670973,4.189907754959504,16.40055711692242,-14.02501686143582,11.00777427772577,6.24373732432514,0.445039095395598,7.475355900651532,-11.404141739156186,3.0292556218260884,8.975689469233657,15.013501353109211,-1.5023831893736284,-5.589847066801987,0.07521811863376504,9.495881465247995,3.5959618703693224,-1.971546971432367,10.416859328217877,7.329511492939465,13.253084003901009,0.6047262076257824,3.356762974414885,-1.0557977804548515,-7.137348967072923,7.669595193243821,3.8068880989672658,6.654607394327661,2.1556232852624
4.0209999999996775,0.0892104374635133,3.1008249764556517,10.04475271635877,3.0533003956705747,10.442074631315895,15.910773186346766,1.7166737885168875,1.4026465548984364,14.917463922772164,12.033392030474696,-2.3120607880877655,5.198401563402003,-1.7606980374222405,-1.0253093931747257,7.367719555057957,-12.478014883284919,-7.381788739724586,-3.435455204985481,-2.534833343389919,8.200363428142968,-5.713213685596253,-8.574825228029681,16.077633011499923,4.548643754689488,3.0118236948499852,-7.983753391629976,0.7926056842055065,2.669650955406827,-5.907882533875235,9.88835505131134,-3.42971597379768,3.0132259782142503,-3.312640498875867,18.684251947078646,6.067296522644434,-5.911685711769924,13.293402211695621,-8.668731674825136,6.661717026649281,-10.840462993691473,-7.64702365484518,3.423601400891795,9.852642729723456,4.349560414654037,0.34491317741955985,4.382683814774913,-9.358680120713398,-3.760048222662577,2.220056795639725,10.90730696293015,7.494086868044258,-12.526421146611494,4.949381448479004,-2.0732024470092467,-3.540531531356623,8.14184482446885,9.629086677370541,13.225372950415343,-5.53686251044245,2.3696863628829687,5.761100918814831,14.27250252859271,0.5001982441518102,5.562417656659586,-4.669092102196197,-6.082990295886136,10.511059010168491,15.951750158459696,3.1462935364374585,13.178111266612511,7.576153643695858,1.7417703743126238,8.705193545052426,15.780129736348183,4.191268164525186,16.43392692038657,-14.07533483316973,11.026289258161162,6.247555196037782,0.44113587873416243,7.479268046530123,-11.441816187100313,3.02693911441722,8.984908651011768,15.045136164351929,-1.5106716633912187,-5.603940008511971,0.06725990810995625,9.516266437949914,3.604613822910399,-1.980065245159825,10.429201607228032,7.33352997427431,13.27453383405954,0.5927620760961176,3.352286661830813,-1.061563013169612,-7.164542335687687,7.677594529132992,3.8141861347587445,6.656786593808395,2.153008472942781
4.030999999999681,0.08937284005630465,3.132351293345437,10.056763929766882,3.0526120399950347,10.4571053324258,15.943310713822804,1.7140676513703017,1.4000407461073356,14.951125109430187,12.050817655405636,-2.319373345458583,5.211329694621606,-1.7678894609306086,-1.0325470578982485,7.374635730837158,-12.514203557830191,-7.414210166026962,-3.444624025222419,-2.5530130354487275,8.208725305142764,-5.729297236758791,-8.600994371708506,16.109022917226223,4.546205159027641,3.0152511892916243,-8.010171425006362,0.7837949600628848,2.6739463375489056,-5.928825475075803,9.89794594202613,-3.439651817248175,3.0094690335662646,-3.3225977007725733,18.72337444111672,6.06910350849756,-5.9307630000011615,13.31193004028557,-8.691071617476677,6.667971228897256,-10.877579465821194,-7.671510445475267,3.429615555957061,9.869488991671243,4.355064710625718,0.3446771421196767,4.37873867121101,-9.386173630172873,-3.7723681764825874,2.2129209505684115,10.930526337802409,7.503036164183509,-12.55960501937087,4.957940058214778,-2.0788271622696906,-3.55199304101486,8.156155280593554,9.651783598168343,13.246075483145544,-5.551569930559019,2.365579045713827,5.769803117790783,14.294090361483043,0.4926916897427861,5.560781407474189,-4.689141871328433,-6.104837498019867,10.52938645696426,15.980951889378993,3.146930264353735,13.200258854918232,7.5854632945446925,1.7309449095684042,8.714498387510472,15.812967398025393,4.192628574090869,16.467296723850716,-14.125652804903641,11.044804238596553,6.251373067750423,0.4372326620727269,7.483180192408714,-11.47949063504444,3.024622607008352,8.994127832789879,15.076770975594647,-1.518960137408809,-5.618032950221956,0.059301697586147416,9.536651410651833,3.6132657754514756,-1.9885835188872831,10.441543886238188,7.337548455609154,13.29598366421807,0.5807979445664528,3.3478103492467413,-1.0673282458843727,-7.1917357043024515,7.685593865022162,3.821484170550223,6.658965793289129,2.150393660623162
4.040999999999684,0.08960596518880606,-3.119791183476157,10.068775143174994,3.051923684319495,10.472136033535703,15.975848241298841,1.711461514223716,1.397434937316235,14.98478629608821,12.068243280336576,-2.326685902829401,5.2242578258412085,-1.7750808844389767,-1.0397847226217714,7.38155190661636,-12.550392232375463,-7.446631592329338,-3.4537928454593567,-2.571192727507536,8.21708718214256,-5.745380787921329,-8.62716351538733,16.140412822952523,4.543766563365795,3.0186786837332633,-8.03658945838275,0.7749842359202632,2.6782417196909845,-5.949768416276371,9.90753683274092,-3.4495876606986697,3.005712088918279,-3.33255490266928,18.762496935154797,6.070910494350685,-5.949840288232399,13.33045786887552,-8.713411560128218,6.674225431145231,-10.914695937950915,-7.695997236105354,3.435629711022327,9.88633525361903,4.360569006597399,0.34444110681979356,4.374793527647106,-9.413667139632349,-3.7846881303025977,2.2057851054970983,10.953745712674667,7.5119854603227605,-12.592788892130248,4.966498667950551,-2.0844518775301344,-3.563454550673097,8.170465736718258,9.674480518966146,13.266778015875746,-5.566277350675588,2.361471728544685,5.778505316766735,14.315678194373376,0.48518513533376195,5.559145158288792,-4.709191640460668,-6.126684700153598,10.54771390376003,16.01015362029829,3.147566992270012,13.222406443223953,7.594772945393527,1.7201194448241846,8.723803229968519,15.845805059702602,4.193988983656552,16.500666527314863,-14.175970776637552,11.063319219031944,6.2551909394630645,0.4333294454112913,7.4870923382873045,-11.517165082988567,3.0223060995994837,9.00334701456799,15.108405786837364,-1.5272486114263994,-5.63212589193194,0.05134348706233855,9.557036383353752,3.6219177279925523,-1.9971017926147412,10.453886165248344,7.341566936943998,13.317433494376601,0.568833813036788,3.3433340366626694,-1.0730934785991333,-7.2189290729172155,7.693593200911333,3.828782206341702,6.661144992769863,2.147778848303543
4.0509999999996875,0.08990531814123233,-3.0892976879946463,10.080786356583106,3.051235328643955,10.487166734645607,16.00838576877488,1.7088553770771302,1.3948291285251342,15.018447482746232,12.085668905267516,-2.3339984602002186,5.237185957060811,-1.7822723079473448,-1.0470223873452942,7.388468082395561,-12.586580906920736,-7.4790530186317135,-3.4629616656962945,-2.5893724195663443,8.225449059142356,-5.761464339083867,-8.653332659066155,16.171802728678824,4.541327967703948,3.0221061781749023,-8.063007491759137,0.7661735117776416,2.6825371018330633,-5.970711357476939,9.91712772345571,-3.4595235041491645,3.001955144270293,-3.3425121045659862,18.801619429192872,6.072717480203811,-5.968917576463636,13.34898569746547,-8.73575150277976,6.680479633393206,-10.951812410080636,-7.720484026735441,3.4416438660875928,9.903181515566818,4.36607330256908,0.3442050715199104,4.370848384083202,-9.441160649091824,-3.797008084122608,2.198649260425785,10.976965087546926,7.520934756462012,-12.625972764889625,4.975057277686325,-2.0900765927905782,-3.574916060331334,8.184776192842962,9.697177439763948,13.287480548605947,-5.580984770792156,2.357364411375543,5.787207515742686,14.33726602726371,0.4776785809247378,5.557508909103395,-4.729241409592904,-6.1485319022873295,10.5660413505558,16.039355351217587,3.1482037201862885,13.244554031529674,7.604082596242361,1.709293980079965,8.733108072426566,15.878642721379812,4.1953493932222345,16.53403633077901,-14.226288748371463,11.081834199467336,6.259008811175706,0.42942622874985575,7.491004484165895,-11.554839530932695,3.0199895921906155,9.0125661963461,15.140040598080082,-1.5355370854439898,-5.646218833641925,0.043385276538529687,9.577421356055671,3.630569680533629,-2.0056200663421992,10.4662284442585,7.3455854182788425,13.338883324535132,0.5568696815071232,3.3388577240785975,-1.0788587113138939,-7.24612244153198,7.701592536800503,3.8360802421331806,6.663324192250597,2.145164035983924
4.060999999999691,0.09026604716709194,-3.059411902686572,10.092797569991218,3.050546972968415,10.50219743575551,16.040923296250917,1.7062492399305444,1.3922233197340335,15.052108669404255,12.103094530198456,-2.3413110175710363,5.250114088280414,-1.789463731455713,-1.054260052068817,7.395384258174762,-12.622769581466008,-7.511474444934089,-3.4721304859332323,-2.6075521116251528,8.233810936142152,-5.777547890246405,-8.67950180274498,16.203192634405124,4.538889372042101,3.0255336726165414,-8.089425525135525,0.75736278763502,2.686832483975142,-5.991654298677507,9.9267186141705,-3.4694593475996593,2.9981981996223075,-3.3524693064626927,18.840741923230947,6.074524466056936,-5.9879948646948735,13.367513526055419,-8.758091445431301,6.686733835641181,-10.988928882210358,-7.7449708173655285,3.4476580211528587,9.920027777514605,4.371577598540761,0.3439690362200273,4.3669032405192985,-9.468654158551299,-3.809328037942618,2.1915134153544717,11.000184462419185,7.529884052601263,-12.659156637649001,4.983615887422099,-2.095701308051022,-3.5863775699895712,8.199086648967667,9.71987436056175,13.308183081336148,-5.595692190908725,2.353257094206401,5.795909714718638,14.358853860154042,0.47017202651571366,5.5558726599179975,-4.749291178725139,-6.170379104421061,10.58436879735157,16.068557082136884,3.148840448102565,13.266701619835395,7.613392247091196,1.6984685153357453,8.742412914884612,15.911480383057022,4.196709802787917,16.567406134243157,-14.276606720105374,11.100349179902727,6.262826682888347,0.4255230120884202,7.494916630044486,-11.592513978876822,3.0176730847817472,9.02178537812421,15.1716754093228,-1.5438255594615802,-5.660311775351909,0.03542706601472082,9.59780632875759,3.6392216330747056,-2.0141383400696573,10.478570723268655,7.349603899613687,13.360333154693663,0.5449055499774584,3.3343814114945256,-1.0846239440286545,-7.273315810146744,7.709591872689674,3.8433782779246592,6.665503391731331,2.142549223664305
4.070999999999694,0.09068300627052296,-3.0301844427102527,10.10480878339933,3.049858617292875,10.517228136865414,16.073460823726954,1.7036431027839587,1.3896175109429327,15.085769856062278,12.120520155129396,-2.348623574941854,5.263042219500017,-1.796655154964081,-1.0614977167923398,7.402300433953964,-12.65895825601128,-7.543895871236465,-3.48129930617017,-2.625731803683961,8.242172813141948,-5.793631441408943,-8.705670946423805,16.234582540131424,4.536450776380255,3.0289611670581804,-8.115843558511912,0.7485520634923983,2.691127866117221,-6.012597239878075,9.93630950488529,-3.479395191050154,2.994441254974322,-3.362426508359399,18.879864417269022,6.076331451910062,-6.007072152926111,13.386041354645368,-8.780431388082842,6.692988037889156,-11.026045354340079,-7.769457607995616,3.4536721762181246,9.936874039462392,4.377081894512442,0.34373300092014414,4.362958096955395,-9.496147668010774,-3.8216479917626285,2.1843775702831585,11.023403837291443,7.538833348740514,-12.692340510408378,4.9921744971578725,-2.101326023311466,-3.5978390796478084,8.21339710509237,9.742571281359552,13.32888561406635,-5.610399611025294,2.349149777037259,5.80461191369459,14.380441693044375,0.4626654721066895,5.5542364107326,-4.7693409478573745,-6.192226306554792,10.602696244147339,16.09775881305618,3.149477176018842,13.288849208141116,7.62270189794003,1.6876430505915256,8.751717757342659,15.944318044734231,4.1980702123536,16.600775937707304,-14.326924691839285,11.118864160338118,6.266644554600989,0.42161979542698463,7.4988287759230765,-11.630188426820949,3.015356577372879,9.031004559902321,15.203310220565518,-1.5521140334791705,-5.674404717061893,0.027468855490911957,9.61819130145951,3.6478735856157822,-2.0226566137971154,10.49091300227881,7.353622380948531,13.381782984852194,0.5329414184477936,3.3299050989104537,-1.090389176743415,-7.300509178761508,7.7175912085788445,3.850676313716138,6.667682591212065,2.139934411344686
4.0809999999996975,0.09115081766796111,-3.001658079094265,10.116819996807441,3.049170261617335,10.532258837975318,16.10599835120299,1.701036965637373,1.387011702151832,15.1194310427203,12.137945780060337,-2.3559361323126717,5.27597035071962,-1.8038465784724491,-1.0687353815158627,7.409216609733165,-12.695146930556552,-7.576317297538841,-3.490468126407108,-2.6439114957427696,8.250534690141745,-5.809714992571481,-8.73184009010263,16.265972445857724,4.534012180718408,3.0323886614998194,-8.1422615918883,0.7397413393497767,2.6954232482592997,-6.033540181078643,9.94590039560008,-3.489331034500649,2.990684310326336,-3.3723837102561056,18.918986911307098,6.0781384377631875,-6.026149441157348,13.404569183235317,-8.802771330734384,6.699242240137131,-11.0631618264698,-7.793944398625703,3.4596863312833905,9.95372030141018,4.3825861904841235,0.343496965620261,4.359012953391491,-9.52364117747025,-3.8339679455826388,2.1772417252118452,11.046623212163702,7.547782644879765,-12.725524383167755,5.000733106893646,-2.1069507385719097,-3.6093005893060455,8.227707561217075,9.765268202157355,13.34958814679655,-5.625107031141862,2.345042459868117,5.813314112670541,14.402029525934708,0.45515891769766537,5.552600161547203,-4.78939071698961,-6.214073508688523,10.621023690943108,16.12696054397548,3.1501139039351185,13.310996796446837,7.6320115487888645,1.676817585847306,8.761022599800706,15.977155706411441,4.199430621919283,16.63414574117145,-14.377242663573195,11.13737914077351,6.27046242631363,0.4177165787655491,7.502740921801667,-11.667862874765076,3.0130400699640107,9.040223741680432,15.234945031808236,-1.560402507496761,-5.688497658771878,0.019510644967103093,9.638576274161428,3.656525538156859,-2.0311748875245734,10.503255281288967,7.357640862283375,13.403232815010725,0.5209772869181288,3.325428786326382,-1.0961544094581757,-7.327702547376272,7.725590544468015,3.8579743495076166,6.669861790692799,2.137319599025067
4.090999999999701,0.09166393246286166,-2.973867837603484,10.128831210215553,3.048481905941795,10.547289539085222,16.13853587867903,1.6984308284907872,1.3844058933607313,15.153092229378323,12.155371404991277,-2.3632486896834894,5.288898481939222,-1.8110380019808172,-1.0759730462393855,7.416132785512366,-12.731335605101824,-7.608738723841217,-3.4996369466440456,-2.662091187801578,8.25889656714154,-5.8257985437340185,-8.758009233781454,16.297362351584024,4.531573585056561,3.0358161559414585,-8.168679625264687,0.7309306152071551,2.6997186304013785,-6.054483122279211,9.95549128631487,-3.4992668779511438,2.9869273656783504,-3.382340912152812,18.958109405345173,6.079945423616313,-6.0452267293885855,13.423097011825266,-8.825111273385925,6.7054964423851064,-11.100278298599521,-7.81843118925579,3.4657004863486565,9.970566563357966,4.388090486455805,0.34326093032037786,4.355067809827587,-9.551134686929725,-3.846287899402649,2.170105880140532,11.06984258703596,7.556731941019017,-12.758708255927132,5.00929171662942,-2.1125754538323536,-3.6207620989642826,8.24201801734178,9.787965122955157,13.370290679526752,-5.639814451258431,2.3409351426989753,5.822016311646493,14.423617358825041,0.4476523632886412,5.550963912361806,-4.809440486121845,-6.2359207108222545,10.639351137738878,16.156162274894776,3.150750631851395,13.333144384752558,7.641321199637699,1.6659921211030864,8.770327442258752,16.009993368088644,4.2007910314849655,16.6675155446356,-14.427560635307106,11.1558941212089,6.274280298026271,0.4138133621041135,7.506653067680258,-11.705537322709203,3.0107235625551425,9.049442923458543,15.266579843050954,-1.5686909815143513,-5.702590600481862,0.011552434443294238,9.658961246863347,3.6651774906979355,-2.0396931612520315,10.515597560299122,7.36165934361822,13.424682645169256,0.509013155388464,3.32095247374231,-1.1019196421729363,-7.354895915991036,7.733589880357186,3.8652723852990953,6.672040990173533,2.134704786705448
4.100999999999704,0.09221668831416188,-2.9468412547218095,10.140842423623665,3.047793550266255,10.562320240195126,16.171073406155067,1.6958246913442014,1.3818000845696305,15.186753416036346,12.172797029922217,-2.370561247054307,5.301826613158825,-1.8182294254891853,-1.0832107109629083,7.423048961291568,-12.767524279647096,-7.641160150143593,-3.5088057668809833,-2.6802708798603865,8.267258444141337,-5.841882094896556,-8.784178377460279,16.328752257310324,4.529134989394715,3.0392436503830975,-8.195097658641075,0.7221198910645334,2.7040140125434573,-6.075426063479779,9.965082177029661,-3.5092027214016386,2.9831704210303647,-3.3922981140495185,18.997231899383248,6.081752409469439,-6.064304017619823,13.441624840415216,-8.847451216037467,6.7117506446330815,-11.137394770729243,-7.842917979885877,3.4717146414139224,9.987412825305753,4.393594782427486,0.3430248950204947,4.3511226662636835,-9.5786281963892,-3.8586078532226593,2.1629700350692187,11.09306196190822,7.565681237158268,-12.79189212868651,5.017850326365194,-2.1182001690927974,-3.6322236086225197,8.256328473466484,9.81066204375296,13.390993212256953,-5.654521871375,2.3368278255298334,5.830718510622445,14.445205191715374,0.4401458088796171,5.549327663176409,-4.829490255254081,-6.257767912955986,10.657678584534647,16.185364005814073,3.151387359767672,13.355291973058279,7.650630850486533,1.6551666563588667,8.779632284716799,16.042831029765836,4.202151441050648,16.700885348099746,-14.477878607041017,11.174409101644292,6.278098169738913,0.40991014544267795,7.5105652135588485,-11.74321177065333,3.0084070551462743,9.058662105236653,15.298214654293671,-1.5769794555319416,-5.716683542191847,0.003594223919485386,9.679346219565266,3.673829443239012,-2.0482114349794895,10.527939839309278,7.365677824953064,13.446132475327786,0.49704902385879907,3.316476161158238,-1.1076848748876968,-7.3820892846058,7.741589216246356,3.872570421090574,6.674220189654267,2.132089974385829
4.1109999999997076,0.09280336315230282,-2.9205987619067963,10.152853637031777,3.0471051945907153,10.57735094130503,16.203610933631104,1.6932185541976157,1.3791942757785298,15.220414602694369,12.190222654853157,-2.377873804425125,5.314754744378428,-1.8254208489975534,-1.0904483756864312,7.429965137070769,-12.803712954192369,-7.673581576445969,-3.517974587117921,-2.698450571919195,8.275620321141133,-5.857965646059094,-8.810347521139104,16.360142163036624,4.526696393732868,3.0426711448247366,-8.221515692017462,0.7133091669219118,2.708309394685536,-6.096369004680347,9.974673067744451,-3.5191385648521334,2.979413476382379,-3.402255315946225,19.036354393421323,6.083559395322564,-6.08338130585106,13.460152669005165,-8.869791158689008,6.7180048468810565,-11.174511242858964,-7.867404770515964,3.4777287964791883,10.00425908725354,4.399099078399167,0.34278885972061157,4.34717752269978,-9.606121705848675,-3.8709278070426696,2.1558341899979054,11.116281336780478,7.574630533297519,-12.825076001445886,5.026408936100967,-2.1238248843532412,-3.643685118280757,8.270638929591188,9.833358964550762,13.411695744987155,-5.669229291491568,2.3327205083606914,5.8394207095983965,14.466793024605707,0.4326392544705929,5.547691413991012,-4.849540024386316,-6.279615115089717,10.676006031330417,16.21456573673337,3.1520240876839485,13.377439561364,7.659940501335368,1.644341191614647,8.788937127174846,16.075668691443028,4.203511850616331,16.734255151563893,-14.528196578774928,11.192924082079683,6.281916041451554,0.4060069287812424,7.514477359437439,-11.780886218597457,3.006090547737406,9.067881287014764,15.32984946553639,-1.585267929549532,-5.730776483901831,-0.004363986604323469,9.699731192267185,3.682481395780089,-2.0567297087069476,10.540282118319434,7.369696306287908,13.467582305486317,0.4850848923291337,3.311999848574166,-1.1134501076024574,-7.409282653220564,7.749588552135527,3.8798684568820527,6.6763993891350015,2.12947516206621
4.120999999999711,0.09341822427001806,-2.895154168346611,10.164864850439889,3.0464168389151753,10.592381642414933,16.236148461107142,1.69061241705103,1.376588466987429,15.254075789352392,12.207648279784097,-2.3851863617959426,5.327682875598031,-1.8326122725059215,-1.097686040409954,7.4368813128499704,-12.83990162873764,-7.706003002748345,-3.527143407354859,-2.7166302639780033,8.28398219814093,-5.874049197221632,-8.836516664817928,16.391532068762924,4.524257798071021,3.0460986392663756,-8.24793372539385,0.7044984427792902,2.712604776827615,-6.117311945880915,9.984263958459241,-3.529074408302628,2.9756565317343933,-3.4122125178429314,19.0754768874594,6.08536638117569,-6.1024585940822975,13.478680497595114,-8.89213110134055,6.7242590491290315,-11.211627714988685,-7.891891561146052,3.4837429515444542,10.021105349201328,4.404603374370848,0.34255282442072843,4.343232379135876,-9.63361521530815,-3.88324776086268,2.148698344926592,11.139500711652737,7.58357982943677,-12.858259874205263,5.034967545836741,-2.129449599613685,-3.655146627938994,8.284949385715892,9.856055885348564,13.432398277717356,-5.683936711608137,2.3286131911915495,5.848122908574348,14.48838085749604,0.4251327000615688,5.5460551648056144,-4.869589793518552,-6.301462317223448,10.694333478126186,16.243767467652667,3.152660815600225,13.39958714966972,7.669250152184202,1.6335157268704275,8.798241969632892,16.10850635312022,4.204872260182014,16.76762495502804,-14.578514550508839,11.211439062515074,6.285733913164195,0.40210371211980683,7.51838950531603,-11.818560666541584,3.003774040328538,9.077100468792874,15.361484276779107,-1.5935564035671224,-5.744869425611816,-0.01232219712813232,9.720116164969104,3.6911333483211655,-2.0652479824344057,10.55262439732959,7.3737147876227525,13.489032135644848,0.47312076079946835,3.3075235359900943,-1.119215340317218,-7.436476021835328,7.757587888024697,3.8871664926735314,6.678578588615736,2.126860349746591
4.130999999999714,0.09405557237196858,-2.8705152133412493,10.176876063848,3.0457284832396354,10.607412343524837,16.26868598858318,1.6880062799044442,1.3739826581963284,15.287736976010414,12.225073904715037,-2.3924989191667603,5.340611006817634,-1.8398036960142896,-1.1049237051334768,7.443797488629172,-12.876090303282913,-7.7384244290507205,-3.5363122275917966,-2.7348099560368118,8.292344075140726,-5.89013274838417,-8.862685808496753,16.422921974489224,4.521819202409175,3.0495261337080146,-8.274351758770237,0.6956877186366686,2.7169001589696937,-6.138254887081483,9.993854849174031,-3.539010251753123,2.9718995870864076,-3.422169719739638,19.114599381497474,6.087173367028815,-6.121535882313535,13.497208326185063,-8.91447104399209,6.7305132513770065,-11.248744187118406,-7.916378351776139,3.48975710660972,10.037951611149115,4.410107670342529,0.3423167891208453,4.339287235571972,-9.661108724767626,-3.89556771468269,2.141562499855279,11.162720086524995,7.592529125576021,-12.89144374696464,5.043526155572515,-2.135074314874129,-3.666608137597231,8.299259841840597,9.878752806146366,13.453100810447557,-5.698644131724706,2.3245058740224076,5.8568251075503,14.509968690386373,0.41762614565254463,5.544418915620217,-4.889639562650787,-6.3233095193571796,10.712660924921956,16.272969198571964,3.153297543516502,13.421734737975441,7.678559803033036,1.6226902621262078,8.807546812090939,16.14134401479741,4.206232669747696,16.800994758492187,-14.62883252224275,11.229954042950466,6.289551784876837,0.3982004954583713,7.522301651194621,-11.856235114485711,3.0014575329196695,9.086319650570985,15.393119088021825,-1.6018448775847127,-5.7589623673218,-0.02028040765194118,9.740501137671023,3.699785300862242,-2.0737662561618637,10.564966676339745,7.377733268957597,13.510481965803379,0.461156629269803,3.3030472234060224,-1.1249805730319786,-7.463669390450092,7.765587223913868,3.89446452846501,6.68075778809647,2.124245537426972
4.140999999999718,0.09470978039570223,-2.8466841616989105,10.188887277256113,3.0450401275640955,10.62244304463474,16.301223516059217,1.6854001427578584,1.3713768494052276,15.321398162668437,12.242499529645977,-2.399811476537578,5.353539138037236,-1.8469951195226577,-1.1121613698569996,7.450713664408373,-12.912278977828185,-7.770845855353096,-3.5454810478287344,-2.75298964809562,8.300705952140522,-5.906216299546708,-8.888854952175578,16.454311880215524,4.519380606747328,3.0529536281496537,-8.300769792146625,0.6868769944940469,2.7211955411117725,-6.159197828282051,10.003445739888821,-3.548946095203618,2.968142642438422,-3.4321269216363444,19.15372187553555,6.088980352881941,-6.140613170544772,13.515736154775013,-8.936810986643632,6.7367674536249815,-11.285860659248128,-7.940865142406226,3.495771261674986,10.054797873096902,4.41561196631421,0.34208075382096215,4.3353420920080685,-9.688602234227101,-3.9078876685027004,2.1344266547839656,11.185939461397254,7.601478421715273,-12.924627619724017,5.0520847653082885,-2.1406990301345727,-3.678069647255468,8.3135702979653,9.901449726944168,13.473803343177758,-5.713351551841274,2.3203985568532657,5.865527306526252,14.531556523276706,0.4101195912435205,5.54278266643482,-4.909689331783023,-6.345156721490911,10.730988371717725,16.30217092949126,3.1539342714327785,13.443882326281162,7.687869453881871,1.6118647973819882,8.816851654548985,16.174181676474603,4.207593079313379,16.834364561956335,-14.67915049397666,11.248469023385857,6.293369656589478,0.3942972787969357,7.526213797073211,-11.893909562429839,2.9991410255108013,9.095538832349096,15.424753899264543,-1.610133351602303,-5.773055309031784,-0.028238618175750043,9.760886110372942,3.7084372534033188,-2.082284529889322,10.577308955349901,7.381751750292441,13.53193179596191,0.44919249774013764,3.2985709108219505,-1.1307458057467392,-7.490862759064856,7.7735865598030385,3.901762564256489,6.682936987577204,2.121630725107353
4.150999999999721,0.0953753271091337,-2.823658418732952,10.200898490664224,3.0443517718885555,10.637473745744645,16.333761043535254,1.6827940056112727,1.368771040614127,15.35505934932646,12.259925154576917,-2.4071240339083957,5.366467269256839,-1.8541865430310258,-1.1193990345805225,7.4576298401875745,-12.948467652373457,-7.803267281655472,-3.554649868065672,-2.7711693401544286,8.309067829140318,-5.922299850709246,-8.915024095854402,16.485701785941824,4.516942011085481,3.0563811225912927,-8.327187825523012,0.6780662703514253,2.7254909232538513,-6.180140769482619,10.013036630603612,-3.5588819386541126,2.964385697790436,-3.442084123533051,19.192844369573624,6.090787338735066,-6.1596904587760095,13.534263983364962,-8.959150929295173,6.7430216558729565,-11.322977131377849,-7.965351933036313,3.501785416740252,10.07164413504469,4.421116262285891,0.341844718521079,4.331396948444165,-9.716095743686576,-3.9202076223227107,2.1272908097126524,11.209158836269513,7.610427717854524,-12.957811492483394,5.060643375044062,-2.1463237453950166,-3.6895311569137053,8.327880754090005,9.92414664774197,13.49450587590796,-5.728058971957843,2.3162912396841238,5.874229505502203,14.553144356167039,0.40261303683449634,5.541146417249423,-4.929739100915258,-6.367003923624642,10.749315818513494,16.33137266041056,3.154570999349055,13.466029914586883,7.697179104730705,1.6010393326377685,8.826156497007032,16.207019338151795,4.208953488879062,16.867734365420482,-14.729468465710571,11.266984003821248,6.2971875283021195,0.39039406213550015,7.530125942951802,-11.931584010373966,2.996824518101933,9.104758014127206,15.45638871050726,-1.6184218256198935,-5.787148250741769,-0.036196828699558904,9.781271083074861,3.7170892059443954,-2.09080280361678,10.589651234360057,7.385770231627285,13.55338162612044,0.4372283662104723,3.2940945982378786,-1.1365110384614998,-7.51805612767962,7.781585895692209,3.9090606000479675,6.685116187057938,2.119015912787734
4.160999999999724,0.0960468256437975,-2.8014311451486202,10.212909704072336,3.0436634162130156,10.652504446854548,16.366298571011292,1.680187868464687,1.3661652318230262,15.388720535984483,12.277350779507858,-2.4144365912792134,5.379395400476442,-1.861377966539394,-1.1266366993040453,7.464546015966776,-12.98465632691873,-7.835688707957848,-3.56381868830261,-2.789349032213237,8.317429706140114,-5.938383401871784,-8.941193239533227,16.517091691668124,4.5145034154236345,3.0598086170329317,-8.3536058588994,0.6692555462088037,2.72978630539593,-6.201083710683187,10.022627521318402,-3.5688177821046074,2.9606287531424504,-3.4520413254297573,19.2319668636117,6.092594324588192,-6.178767747007247,13.552791811954911,-8.981490871946715,6.749275858120932,-11.36009360350757,-7.9898387236664,3.507799571805518,10.088490396992476,4.426620558257572,0.34160868322119586,4.327451804880261,-9.743589253146052,-3.932527576142721,2.120154964641339,11.232378211141771,7.619377013993775,-12.990995365242771,5.069201984779836,-2.1519484606554604,-3.7009926665719424,8.34219121021471,9.946843568539773,13.515208408638161,-5.742766392074412,2.312183922514982,5.882931704478155,14.574732189057372,0.3951064824254722,5.539510168064026,-4.9497888700474935,-6.388851125758373,10.767643265309264,16.360574391329855,3.155207727265332,13.488177502892604,7.70648875557954,1.590213867893549,8.835461339465079,16.239856999828987,4.210313898444745,16.90110416888463,-14.779786437444482,11.28549898425664,6.301005400014761,0.3864908454740646,7.534038088830393,-11.969258458318093,2.994508010693065,9.113977195905317,15.488023521749978,-1.6267102996374838,-5.801241192451753,-0.04415503922336777,9.80165605577678,3.725741158485472,-2.099321077344238,10.601993513370212,7.38978871296213,13.574831456278972,0.42526423468080693,3.2896182856538068,-1.1422762711762604,-7.545249496294384,7.78958523158138,3.916358635839446,6.687295386538672,2.116401100468115
4.170999999999728,0.09671904723891458,-2.7799918559707617,10.224920917480448,3.0429750605374757,10.667535147964452,16.39883609848733,1.6775817313181012,1.3635594230319255,15.422381722642506,12.294776404438798,-2.421749148650031,5.392323531696045,-1.868569390047762,-1.1338743640275681,7.471462191745977,-13.020845001464002,-7.868110134260224,-3.5729875085395477,-2.8075287242720455,8.32579158313991,-5.954466953034322,-8.967362383212052,16.548481597394424,4.512064819761788,3.0632361114745708,-8.380023892275787,0.660444822066182,2.734081687538009,-6.222026651883755,10.032218412033192,-3.5787536255551022,2.9568718084944647,-3.4619985273264637,19.271089357649775,6.0944013104413175,-6.197845035238484,13.57131964054486,-9.003830814598256,6.755530060368907,-11.397210075637291,-8.014325514296482,3.513813726870784,10.105336658940264,4.4321248542292535,0.3413726479213127,4.323506661316357,-9.771082762605527,-3.9448475299627312,2.113019119570026,11.25559758601403,7.628326310133026,-13.024179238002148,5.07776059451561,-2.1575731759159043,-3.7124541762301795,8.356501666339414,9.969540489337575,13.535910941368362,-5.75747381219098,2.30807660534584,5.891633903454107,14.596320021947705,0.38759992801644805,5.537873918878629,-4.969838639179729,-6.410698327892105,10.785970712105033,16.389776122249152,3.1558444551816085,13.510325091198325,7.715798406428374,1.5793884031493293,8.844766181923125,16.27269466150618,4.211674308010427,16.934473972348776,-14.830104409178393,11.30401396469203,6.304823271727402,0.38258762881262903,7.537950234708983,-12.00693290626222,2.9921915032841966,9.123196377683428,15.519658332992696,-1.6349987736550742,-5.815334134161738,-0.05211324974717663,9.822041028478699,3.7343931110265487,-2.107839351071696,10.614335792380368,7.393807194296974,13.596281286437502,0.4133001031511416,3.285141973069735,-1.148041503891021,-7.572442864909148,7.79758456747055,3.923656671630925,6.689474586019406,2.113786288148496
4.180999999999731,0.09738694055168205,-2.759326991412627,10.23693213088856,3.0422867048619358,10.682565849074356,16.431373625963367,1.6749755941715154,1.3609536142408247,15.456042909300528,12.312202029369738,-2.429061706020849,5.4052516629156475,-1.8757608135561301,-1.141112028751091,7.4783783675251785,-13.057033676009274,-7.9005315605626,-3.5821563287764855,-2.825708416330854,8.334153460139706,-5.97055050419686,-8.993531526890877,16.579871503120724,4.509626224099941,3.06666360591621,-8.406441925652175,0.6516340979235604,2.7383770696800878,-6.2429695930843225,10.041809302747982,-3.588689469005597,2.953114863846479,-3.47195572922317,19.31021185168785,6.096208296294443,-6.2169223234697215,13.58984746913481,-9.026170757249798,6.761784262616882,-11.434326547767013,-8.03881230492656,3.51982788193605,10.12218292088805,4.437629150200935,0.3411366126214296,4.319561517752454,-9.798576272065002,-3.9571674837827415,2.1058832744987126,11.278816960886289,7.6372756062722775,-13.057363110761525,5.086319204251383,-2.163197891176348,-3.7239156858884166,8.370812122464118,9.992237410135377,13.556613474098564,-5.772181232307549,2.303969288176698,5.9003361024300585,14.617907854838037,0.3800933736074239,5.536237669693231,-4.989888408311964,-6.432545530025836,10.804298158900803,16.41897785316845,3.156481183097885,13.532472679504046,7.725108057277208,1.5685629384051096,8.854071024381172,16.30553232318337,4.21303471757611,16.967843775812923,-14.880422380912304,11.322528945127422,6.308641143440044,0.3786844121511935,7.541862380587574,-12.044607354206347,2.9898749958753283,9.132415559461538,15.551293144235414,-1.6432872476726645,-5.829427075871722,-0.0600714602709855,9.842426001180618,3.7430450635676253,-2.116357624799154,10.626678071390524,7.397825675631818,13.617731116596033,0.4013359716214762,3.280665660485663,-1.1538067366057816,-7.5996362335239125,7.805583903359721,3.9309547074224036,6.69165378550014,2.111171475828877
4.190999999999734,0.09804564693853332,-2.739420451031494,10.248943344296672,3.041598349186396,10.69759655018426,16.463911153439405,1.6723694570249297,1.358347805449724,15.489704095958551,12.329627654300678,-2.4363742633916665,5.41817979413525,-1.8829522370644982,-1.1483496934746138,7.48529454330438,-13.093222350554546,-7.932952986864976,-3.5913251490134233,-2.8438881083896623,8.342515337139503,-5.9866340553593975,-9.019700670569701,16.611261408847025,4.5071876284380945,3.070091100357849,-8.432859959028562,0.6428233737809388,2.7426724518221666,-6.2639125342848905,10.051400193462772,-3.598625312456092,2.9493579191984933,-3.4819129311198767,19.349334345725925,6.098015282147569,-6.235999611700959,13.60837529772476,-9.048510699901339,6.768038464864857,-11.471443019896734,-8.063299095556639,3.5258420370013157,10.139029182835838,4.443133446172616,0.34090057732154644,4.31561637418855,-9.826069781524478,-3.969487437602752,2.0987474294273993,11.302036335758547,7.646224902411529,-13.090546983520902,5.094877813987157,-2.168822606436792,-3.7353771955466537,8.385122578588822,10.01493433093318,13.577316006828765,-5.786888652424118,2.299861971007556,5.90903830140601,14.63949568772837,0.37258681919839975,5.534601420507834,-5.0099381774442,-6.454392732159567,10.822625605696572,16.448179584087747,3.157117911014162,13.554620267809767,7.734417708126043,1.55773747366089,8.863375866839219,16.338369984860563,4.214395127141793,17.00121357927707,-14.930740352646215,11.341043925562813,6.312459015152685,0.3747811954897579,7.545774526466165,-12.082281802150474,2.98755848846646,9.141634741239649,15.582927955478132,-1.651575721690255,-5.843520017581707,-0.06802967079479431,9.862810973882537,3.751697016108702,-2.124875898526612,10.63902035040068,7.401844156966662,13.639180946754564,0.38937184009181086,3.276189347901591,-1.1595719693205422,-7.626829602138677,7.813583239248891,3.9382527432138823,6.693832984980874,2.108556663509258
4.200999999999738,0.09869051213558008,-2.7202540855423685,10.260954557704784,3.040909993510856,10.712627251294164,16.496448680915442,1.669763319878344,1.3557419966586233,15.523365282616574,12.347053279231618,-2.4436868207624842,5.431107925354853,-1.8901436605728663,-1.1555873581981366,7.492210719083581,-13.129411025099818,-7.965374413167352,-3.600493969250361,-2.8620678004484708,8.350877214139299,-6.002717606521935,-9.045869814248526,16.642651314573325,4.504749032776248,3.073518594799488,-8.45927799240495,0.6340126496383172,2.7469678339642454,-6.284855475485458,10.060991084177562,-3.6085611559065867,2.9456009745505076,-3.491870133016583,19.388456839764,6.099822268000694,-6.255076899932196,13.626903126314708,-9.07085064255288,6.774292667112832,-11.508559492026455,-8.087785886186717,3.5318561920665816,10.155875444783625,4.448637742144297,0.3406645420216633,4.311671230624646,-9.853563290983953,-3.981807391422762,2.091611584356086,11.325255710630806,7.65517419855078,-13.123730856280279,5.103436423722931,-2.1744473216972358,-3.746838705204891,8.399433034713526,10.037631251730982,13.598018539558966,-5.801596072540686,2.295754653838414,5.917740500381962,14.661083520618703,0.3650802647893756,5.532965171322437,-5.029987946576435,-6.476239934293298,10.840953052492342,16.477381315007044,3.1577546389304385,13.576767856115488,7.743727358974877,1.5469120089166704,8.872680709297265,16.371207646537755,4.2157555367074755,17.034583382741218,-14.981058324380125,11.359558905998204,6.316276886865326,0.37087797882832235,7.549686672344755,-12.119956250094601,2.985241981057592,9.15085392301776,15.61456276672085,-1.6598641957078453,-5.857612959291691,-0.07598788131860311,9.883195946584456,3.7603489686497786,-2.13339417225407,10.651362629410835,7.405862638301507,13.660630776913095,0.3774077085621455,3.2717130353175192,-1.1653372020353028,-7.654022970753441,7.821582575138062,3.945550779005361,6.696012184461608,2.105941851189639
4.210999999999741,0.09931709476937149,-2.7018081432111574,10.272965771112895,3.040221637835316,10.727657952404067,16.52898620839148,1.6671571827317582,1.3531361878675225,15.557026469274597,12.364478904162558,-2.450999378133302,5.444036056574456,-1.8973350840812344,-1.1628250229216595,7.4991268948627825,-13.16559969964509,-7.9977958394697275,-3.609662789487299,-2.880247492507279,8.359239091139095,-6.018801157684473,-9.07203895792735,16.674041220299625,4.502310437114401,3.076946089241127,-8.485696025781337,0.6252019254956955,2.751263216106324,-6.305798416686026,10.070581974892352,-3.6184969993570815,2.941844029902522,-3.5018273349132896,19.427579333802075,6.10162925385382,-6.2741541881634335,13.645430954904658,-9.093190585204422,6.780546869360807,-11.545675964156176,-8.112272676816795,3.5378703471318476,10.172721706731412,4.454142038115978,0.34042850672178016,4.307726087060742,-9.881056800443428,-3.9941273452427724,2.084475739284773,11.348475085503065,7.664123494690031,-13.156914729039656,5.1119950334587045,-2.1800720369576796,-3.758300214863128,8.41374349083823,10.060328172528784,13.618721072289167,-5.816303492657255,2.2916473366692722,5.926442699357914,14.682671353509036,0.35757371038035146,5.53132892213704,-5.050037715708671,-6.49808713642703,10.859280499288111,16.50658304592634,3.158391366846715,13.598915444421209,7.753037009823712,1.5360865441724507,8.881985551755312,16.404045308214947,4.217115946273158,17.067953186205365,-15.031376296114036,11.378073886433596,6.320094758577968,0.3669747621668868,7.553598818223346,-12.157630698038728,2.9829254736487236,9.16007310479587,15.646197577963568,-1.6681526697254356,-5.871705901001675,-0.0839460918424119,9.903580919286375,3.7690009211908553,-2.141912445981528,10.663704908420991,7.409881119636351,13.682080607071626,0.36544357703248015,3.2672367227334473,-1.1711024347500634,-7.681216339368205,7.829581911027232,3.9528488147968397,6.698191383942342,2.10332703887002
4.220999999999744,0.09992117211653555,-2.684061669814898,10.284976984521007,3.039533282159776,10.742688653513971,16.561523735867517,1.6645510455851724,1.3505303790764218,15.59068765593262,12.381904529093498,-2.4583119355041196,5.456964187794059,-1.9045265075896025,-1.1700626876451823,7.506043070641984,-13.201788374190363,-8.030217265772112,-3.6188316097242366,-2.8984271845660876,8.367600968138891,-6.034884708847011,-9.098208101606176,16.705431126025925,4.4998718414525545,3.080373583682766,-8.512114059157724,0.6163912013530739,2.755558598248403,-6.326741357886594,10.080172865607143,-3.6284328428075763,2.938087085254536,-3.511784536809996,19.46670182784015,6.103436239706945,-6.293231476394671,13.663958783494607,-9.115530527855963,6.786801071608782,-11.582792436285898,-8.136759467446874,3.5438845021971135,10.1895679686792,4.459646334087659,0.340192471421897,4.303780943496839,-9.908550309902903,-4.006447299062785,2.0773398942134595,11.371694460375323,7.673072790829282,-13.190098601799033,5.120553643194478,-2.1856967522181234,-3.769761724521365,8.428053946962935,10.083025093326587,13.639423605019369,-5.831010912773824,2.2875400195001303,5.935144898333865,14.70425918639937,0.3500671559713273,5.529692672951643,-5.070087484840906,-6.519934338560761,10.87760794608388,16.535784776845638,3.159028094762992,13.62106303272693,7.762346660672546,1.525261079428231,8.891290394213359,16.43688296989214,4.218476355838841,17.101322989669512,-15.081694267847947,11.396588866868987,6.323912630290609,0.36307154550545123,7.557510964101937,-12.195305145982855,2.9806089662398554,9.169292286573981,15.677832389206285,-1.676441143743026,-5.88579884271166,-0.0919043023662207,9.923965891988294,3.777652873731932,-2.1504307197089862,10.676047187431147,7.413899600971195,13.703530437230157,0.3534794455028148,3.2627604101493755,-1.176867667464824,-7.708409707982969,7.837581246916403,3.9601468505883184,6.7003705834230765,2.100712226550401
4.230999999999748,0.10049874350733318,-2.6669928627634856,10.29698819792912,3.038844926484236,10.757719354623875,16.594061263343555,1.6619449084385867,1.347924570285321,15.624348842590642,12.399330154024438,-2.4656244928749373,5.4698923190136615,-1.9117179310979706,-1.1773003523687051,7.512959246421185,-13.237977048735635,-8.062638692074497,-3.6280004299611743,-2.916606876624896,8.375962845138687,-6.050968260009549,-9.124377245285,16.736821031752225,4.497433245790708,3.083801078124405,-8.538532092534112,0.6075804772104523,2.759853980390482,-6.347684299087162,10.089763756321933,-3.638368686258071,2.9343301406065505,-3.5217417387067025,19.505824321878226,6.105243225560071,-6.312308764625908,13.682486612084556,-9.137870470507504,6.793055273856757,-11.619908908415619,-8.161246258076952,3.5498986572623794,10.206414230626986,4.46515063005934,0.33995643612201387,4.299835799932935,-9.936043819362379,-4.0187672528828,2.0702040491421463,11.394913835247582,7.682022086968534,-13.22328247455841,5.129112252930252,-2.1913214674785673,-3.781223234179602,8.44236440308764,10.105722014124389,13.66012613774957,-5.845718332890392,2.2834327023309884,5.943847097309817,14.725847019289702,0.34256060156230317,5.5280564237662455,-5.0901372539731415,-6.541781540694492,10.89593539287965,16.564986507764935,3.1596648226792685,13.643210621032651,7.77165631152138,1.5144356146840114,8.900595236671405,16.46972063156933,4.219836765404524,17.13469279313366,-15.132012239581858,11.415103847304378,6.32773050200325,0.35916832884401567,7.561423109980527,-12.232979593926983,2.978292458830987,9.178511468352092,15.709467200449003,-1.6847296177606164,-5.899891784421644,-0.0998625128900295,9.944350864690213,3.7863048262730086,-2.1589489934364443,10.688389466441302,7.4179180823060396,13.724980267388688,0.34151531397314944,3.2582840975653036,-1.1826329001795846,-7.735603076597733,7.845580582805574,3.967444886379797,6.7025497829038105,2.0980974142307818
4.240999999999751,0.10104603173749273,-2.6505793811703797,10.308999411337231,3.038156570808696,10.772750055733779,16.626598790819592,1.659338771292001,1.3453187614942204,15.658010029248665,12.416755778955379,-2.472937050245755,5.482820450233264,-1.9189093546063387,-1.184538017092228,7.5198754222003865,-13.274165723280907,-8.095060118376882,-3.637169250198112,-2.9347865686837045,8.384324722138484,-6.067051811172087,-9.150546388963825,16.768210937478525,4.494994650128861,3.087228572566044,-8.5649501259105,0.5987697530678306,2.7641493625325606,-6.36862724028773,10.099354647036723,-3.648304529708566,2.930573195958565,-3.531698940603409,19.5449468159163,6.107050211413196,-6.3313860528571455,13.701014440674506,-9.160210413159046,6.799309476104732,-11.65702538054534,-8.18573304870703,3.5559128123276453,10.223260492574774,4.470654926031021,0.33972040082213073,4.295890656369031,-9.963537328821854,-4.031087206702814,2.063068204070833,11.41813321011984,7.690971383107785,-13.256466347317787,5.137670862666026,-2.196946182739011,-3.7926847438378393,8.456674859212344,10.128418934922191,13.680828670479771,-5.860425753006961,2.2793253851618465,5.952549296285769,14.747434852180035,0.335054047153279,5.526420174580848,-5.110187023105377,-6.563628742828223,10.91426283967542,16.594188238684232,3.160301550595545,13.665358209338372,7.780965962370215,1.5036101499397918,8.909900079129452,16.502558293246523,4.221197174970206,17.168062596597807,-15.182330211315769,11.43361882773977,6.331548373715892,0.3552651121825801,7.565335255859118,-12.27065404187111,2.975975951422119,9.187730650130202,15.741102011691721,-1.6930180917782067,-5.913984726131629,-0.10782072341383829,9.964735837392132,3.794956778814085,-2.1674672671639024,10.700731745451458,7.421936563640884,13.746430097547218,0.3295511824434841,3.2538077849812317,-1.1883981328943451,-7.762796445212497,7.853579918694744,3.974742922171276,6.704728982384545,2.0954826019111628
4.250999999999754,0.10155948281802721,-2.634798614495316,10.321010624745343,3.0374682151331562,10.787780756843683,16.65913631829563,1.6567326341454152,1.3427129527031196,15.691671215906688,12.434181403886319,-2.4802496076165728,5.495748581452867,-1.9261007781147068,-1.1917756818157508,7.526791597979588,-13.31035439782618,-8.127481544679267,-3.64633807043505,-2.952966260742513,8.39268659913828,-6.083135362334625,-9.17671553264265,16.799600843204825,4.4925560544670144,3.090656067007683,-8.591368159286887,0.589959028925209,2.7684447446746394,-6.389570181488298,10.108945537751513,-3.6582403731590607,2.926816251310579,-3.5416561425001154,19.584069309954376,6.108857197266322,-6.350463341088383,13.719542269264455,-9.182550355810587,6.805563678352707,-11.694141852675061,-8.210219839337109,3.5619269673929113,10.24010675452256,4.476159222002702,0.3394843655222476,4.291945512805127,-9.991030838281329,-4.043407160522829,2.0559323589995198,11.4413525849921,7.699920679247036,-13.289650220077164,5.146229472401799,-2.202570897999455,-3.8041462534960764,8.470985315337048,10.151115855719993,13.701531203209973,-5.87513317312353,2.2752180679927045,5.96125149526172,14.769022685070368,0.3275474927442549,5.524783925395451,-5.130236792237612,-6.585475944961955,10.93259028647119,16.62338996960353,3.160938278511822,13.687505797644093,7.790275613219049,1.4927846851955722,8.919204921587498,16.535395954923715,4.222557584535889,17.201432400061954,-15.23264818304968,11.45213380817516,6.335366245428533,0.35136189552114455,7.569247401737709,-12.308328489815237,2.9736594440132507,9.196949831908313,15.772736822934439,-1.701306565795797,-5.928077667841613,-0.11577893393764709,9.98512081009405,3.803608731355162,-2.1759855408913604,10.713074024461614,7.425955044975728,13.76787992770575,0.3175870509138187,3.24933147239716,-1.1941633656091057,-7.789989813827261,7.861579254583915,3.9820409579627545,6.706908181865279,2.0928677895915437
4.260999999999758,0.10203576435650363,-2.6196279129202105,10.333021838153455,3.0367798594576163,10.802811457953586,16.691673845771668,1.6541264969988294,1.340107143912019,15.72533240256471,12.451607028817259,-2.4875621649873905,5.50867671267247,-1.933292201623075,-1.1990133465392736,7.533707773758789,-13.346543072371452,-8.159902970981651,-3.6555068906719876,-2.9711459528013213,8.401048476138076,-6.099218913497163,-9.202884676321474,16.830990748931125,4.490117458805168,3.094083561449322,-8.617786192663274,0.5811483047825874,2.772740126816718,-6.410513122688866,10.118536428466303,-3.6681762166095555,2.9230593066625934,-3.551613344396822,19.62319180399245,6.1106641831194475,-6.36954062931962,13.738070097854404,-9.204890298462129,6.811817880600682,-11.731258324804783,-8.234706629967187,3.567941122458177,10.256953016470348,4.481663517974384,0.33924833022236445,4.288000369241224,-10.018524347740804,-4.055727114342844,2.0487965139282065,11.464571959864358,7.708869975386287,-13.32283409283654,5.154788082137573,-2.2081956132598988,-3.8156077631543135,8.485295771461752,10.173812776517796,13.722233735940174,-5.889840593240098,2.2711107508235626,5.969953694237672,14.790610517960701,0.32004093833523073,5.523147676210054,-5.150286561369848,-6.607323147095686,10.950917733266959,16.652591700522827,3.1615750064280985,13.709653385949814,7.7995852640678835,1.4819592204513525,8.928509764045545,16.568233616600907,4.223917994101572,17.2348022035261,-15.28296615478359,11.470648788610552,6.3391841171411745,0.347458678859709,7.573159547616299,-12.346002937759364,2.9713429366043824,9.206169013686424,15.804371634177157,-1.7095950398133875,-5.942170609551598,-0.12373714446145588,10.00550578279597,3.8122606838962385,-2.1845038146188185,10.72541630347177,7.429973526310572,13.78932975786428,0.30562291938415337,3.244855159813088,-1.1999285983238663,-7.817183182442025,7.869578590473085,3.989338993754233,6.709087381346013,2.0902529772719247
4.270999999999761,0.10247176282723973,-2.6050447829184624,10.345033051561566,3.0360915037820764,10.81784215906349,16.724211373247705,1.6515203598522437,1.3375013351209182,15.758993589222733,12.469032653748199,-2.494874722358208,5.521604843892073,-1.940483625131443,-1.2062510112627964,7.5406239495379905,-13.382731746916724,-8.192324397284036,-3.6646757109089254,-2.9893256448601297,8.409410353137872,-6.115302464659701,-9.2290538200003,16.862380654657425,4.487678863143321,3.097511055890961,-8.644204226039662,0.5723375806399658,2.777035508958797,-6.431456063889434,10.128127319181093,-3.6781120600600503,2.9193023620146077,-3.5615705462935283,19.662314298030527,6.112471168972573,-6.3886179175508575,13.756597926444353,-9.22723024111367,6.818072082848657,-11.768374796934504,-8.259193420597265,3.573955277523443,10.273799278418135,4.487167813946065,0.3390122949224813,4.28405522567732,-10.04601785720028,-4.068047068162858,2.0416606688568932,11.487791334736617,7.7178192715255385,-13.356017965595917,5.163346691873347,-2.2138203285203426,-3.8270692728125506,8.499606227586456,10.196509697315598,13.742936268670375,-5.904548013356667,2.2670034336544207,5.978655893213624,14.812198350851034,0.3125343839262066,5.521511427024657,-5.170336330502083,-6.629170349229417,10.969245180062728,16.681793431442124,3.162211734344375,13.731800974255535,7.808894914916718,1.471133755707133,8.937814606503592,16.6010712782781,4.225278403667255,17.26817200699025,-15.333284126517501,11.489163769045943,6.343001988853816,0.34355546219827343,7.57707169349489,-12.383677385703491,2.969026429195514,9.215388195464534,15.836006445419875,-1.7178835138309778,-5.956263551261582,-0.1316953549852647,10.025890755497889,3.820912636437315,-2.1930220883462765,10.737758582481925,7.433992007645417,13.810779588022811,0.293658787854488,3.240378847229016,-1.205693831038627,-7.844376551056789,7.877577926362256,3.996637029545712,6.711266580826747,2.0876381649523057
4.280999999999764,0.10286457995342613,-2.5910270515914307,10.357044264969678,3.0354031481065364,10.832872860173394,16.756748900723743,1.648914222705658,1.3348955263298175,15.792654775880756,12.48645827867914,-2.502187279729026,5.534532975111675,-1.9476750486398111,-1.2134886759863193,7.547540125317192,-13.418920421461996,-8.22474582358642,-3.673844531145863,-3.007505336918938,8.417772230137668,-6.131386015822239,-9.255222963679124,16.893770560383725,4.485240267481474,3.1009385503326,-8.67062225941605,0.5635268564973441,2.781330891100876,-6.452399005090002,10.137718209895883,-3.688047903510545,2.915545417366622,-3.5715277481902348,19.701436792068602,6.114278154825699,-6.407695205782095,13.775125755034303,-9.249570183765211,6.824326285096632,-11.805491269064225,-8.283680211227344,3.579969432588709,10.290645540365922,4.492672109917746,0.33877625962259816,4.280110082113416,-10.073511366659755,-4.080367021982873,2.03452482378558,11.511010709608875,7.72676856766479,-13.389201838355294,5.1719053016091205,-2.2194450437807864,-3.8385307824707877,8.51391668371116,10.2192066181134,13.763638801400576,-5.919255433473236,2.2628961164852788,5.9873580921895755,14.833786183741367,0.30502782951718244,5.51987517783926,-5.190386099634319,-6.651017551363148,10.987572626858498,16.71099516236142,3.162848462260652,13.753948562561256,7.818204565765552,1.4603082909629133,8.947119448961638,16.63390893995529,4.226638813232937,17.301541810454395,-15.383602098251412,11.507678749481334,6.346819860566457,0.33965224553683787,7.580983839373481,-12.421351833647618,2.966709921786646,9.224607377242645,15.867641256662592,-1.7261719878485682,-5.9703564929715665,-0.13965356550907349,10.046275728199808,3.829564588978392,-2.2015403620737346,10.750100861492081,7.438010488980261,13.832229418181342,0.28169465632482266,3.235902534644944,-1.2114590637533875,-7.871569919671553,7.885577262251426,4.003935065337191,6.713445780307481,2.0850233526326867
4.290999999999768,0.10321152839205361,-2.5775530033207645,10.36905547837779,3.0347147924309965,10.847903561283298,16.78928642819978,1.6463080855590722,1.3322897175387167,15.826315962538779,12.50388390361008,-2.5094998370998436,5.547461106331278,-1.9548664721481792,-1.220726340709842,7.554456301096393,-13.455109096007268,-8.257167249888806,-3.683013351382801,-3.0256850289777466,8.426134107137464,-6.1474695669847765,-9.281392107357949,16.925160466110025,4.482801671819628,3.104366044774239,-8.697040292792437,0.5547161323547225,2.7856262732429546,-6.47334194629057,10.147309100610673,-3.69798374696104,2.9117884727186363,-3.5814849500869412,19.740559286106677,6.116085140678824,-6.426772494013332,13.793653583624252,-9.271910126416753,6.830580487344607,-11.842607741193946,-8.308167001857422,3.585983587653975,10.30749180231371,4.498176405889427,0.338540224322715,4.276164938549512,-10.10100487611923,-4.092686975802888,2.0273889787142667,11.534230084481134,7.735717863804041,-13.422385711114671,5.180463911344894,-2.2250697590412303,-3.849992292129025,8.528227139835865,10.241903538911203,13.784341334130778,-5.933962853589804,2.258788799316137,5.996060291165527,14.8553740166317,0.2975212751081583,5.5182389286538625,-5.210435868766554,-6.67286475349688,11.005900073654267,16.740196893280718,3.1634851901769285,13.776096150866977,7.827514216614387,1.4494828262186936,8.956424291419685,16.666746601632482,4.22799922279862,17.334911613918543,-15.433920069985323,11.526193729916725,6.350637732279099,0.3357490288754023,7.584895985252071,-12.459026281591745,2.9643934143777777,9.233826559020756,15.89927606790531,-1.7344604618661585,-5.984449434681551,-0.14761177603288228,10.066660700901727,3.8382165415194684,-2.2100586358011927,10.762443140502237,7.442028970315105,13.853679248339873,0.2697305247951573,3.2314262220608723,-1.2172242964681481,-7.898763288286317,7.893576598140597,4.01123310112867,6.715624979788215,2.0824085403130677
4.300999999999771,0.10351012688325059,-2.5646014921613327,10.381066691785902,3.0340264367554566,10.862934262393201,16.821823955675818,1.6437019484124864,1.329683908747616,15.859977149196801,12.52130952854102,-2.5168123944706613,5.560389237550881,-1.9620578956565473,-1.227964005433365,7.5613724768755946,-13.49129777055254,-8.28958867619119,-3.6921821716197387,-3.043864721036555,8.43449598413726,-6.163553118147314,-9.307561251036773,16.956550371836325,4.480363076157781,3.107793539215878,-8.723458326168824,0.5459054082121009,2.7899216553850334,-6.494284887491138,10.156899991325464,-3.7079195904115347,2.9080315280706506,-3.5914421519836477,19.779681780144752,6.11789212653195,-6.4458497822445695,13.812181412214201,-9.294250069068294,6.836834689592582,-11.879724213323668,-8.3326537924875,3.591997742719241,10.324338064261497,4.503680701861108,0.3383041890228319,4.272219794985609,-10.128498385578705,-4.105006929622903,2.0202531336429534,11.557449459353393,7.744667159943292,-13.455569583874048,5.189022521080668,-2.230694474301674,-3.861453801787262,8.54253759596057,10.264600459709005,13.805043866860979,-5.948670273706373,2.254681482146995,6.004762490141479,14.876961849522033,0.29001472069913414,5.516602679468465,-5.23048563789879,-6.694711955630611,11.024227520450037,16.769398624200015,3.164121918093205,13.798243739172698,7.836823867463221,1.438657361474474,8.965729133877732,16.699584263309674,4.229359632364303,17.36828141738269,-15.484238041719234,11.544708710352117,6.35445560399174,0.33184581221396675,7.588808131130662,-12.496700729535872,2.9620769069689095,9.243045740798866,15.930910879148028,-1.742748935883749,-5.998542376391535,-0.15556998655669108,10.087045673603646,3.846868494060545,-2.2185769095286507,10.774785419512392,7.4460474516499495,13.875129078498404,0.25776639326549194,3.2269499094768004,-1.2229895291829087,-7.925956656901081,7.9015759340297675,4.018531136920148,6.717804179268949,2.0797937279934486
4.310999999999774,0.10375809499944912,-2.5521520332090932,10.393077905194014,3.0333380810799166,10.877964963503105,16.854361483151855,1.6410958112659007,1.3270780999565153,15.893638335854824,12.53873515347196,-2.524124951841479,5.573317368770484,-1.9692493191649154,-1.2352016701568878,7.568288652654796,-13.527486445097813,-8.322010102493575,-3.7013509918566765,-3.0620444130953635,8.442857861137057,-6.179636669309852,-9.333730394715598,16.987940277562625,4.477924480495934,3.1112210336575172,-8.749876359545212,0.5370946840694792,2.7942170375271123,-6.515227828691706,10.166490882040254,-3.7178554338620295,2.904274583422665,-3.601399353880354,19.818804274182828,6.119699112385075,-6.464927070475807,13.83070924080415,-9.316590011719835,6.843088891840557,-11.916840685453389,-8.357140583117578,3.598011897784507,10.341184326209284,4.509184997832789,0.33806815372294874,4.268274651421705,-10.15599189503818,-4.117326883442917,2.01311728857164,11.580668834225651,7.753616456082543,-13.488753456633425,5.197581130816442,-2.236319189562118,-3.872915311445499,8.556848052085273,10.287297380506807,13.82574639959118,-5.963377693822942,2.250574164977853,6.013464689117431,14.898549682412366,0.28250816629011,5.514966430283068,-5.250535407031025,-6.716559157764342,11.042554967245806,16.798600355119312,3.164758646009482,13.820391327478418,7.8461335183120555,1.4278318967302543,8.975033976335778,16.732421924986866,4.2307200419299855,17.401651220846837,-15.534556013453145,11.563223690787508,6.358273475704381,0.3279425955525312,7.592720277009253,-12.53437517748,2.959760399560041,9.252264922576977,15.962545690390746,-1.7510374099013393,-6.01263531810152,-0.16352819708049987,10.107430646305565,3.8555204466016217,-2.227095183256109,10.787127698522548,7.450065932984794,13.896578908656934,0.2458022617358267,3.2224735968927285,-1.2287547618976693,-7.953150025515845,7.909575269918938,4.025829172711627,6.719983378749683,2.0771789156738296
4.320999999999778,0.10395334760672034,-2.5401848759473173,10.405089118602126,3.0326497254043767,10.892995664613009,16.886899010627893,1.638489674119315,1.3244722911654145,15.927299522512847,12.5561607784029,-2.5314375092122967,5.586245499990087,-1.9764407426732835,-1.2424393348804106,7.575204828433997,-13.563675119643085,-8.35443152879596,-3.7105198120936143,-3.080224105154172,8.451219738136853,-6.19572022047239,-9.359899538394423,17.019330183288925,4.475485884834088,3.1146485280991563,-8.7762943929216,0.5282839599268576,2.798512419669191,-6.536170769892274,10.176081772755044,-3.7277912773125244,2.900517638774679,-3.6113565557770606,19.857926768220903,6.121506098238201,-6.484004358707044,13.8492370693941,-9.338929954371377,6.849343094088532,-11.95395715758311,-8.381627373747657,3.6040260528497727,10.358030588157071,4.51468929380447,0.3378321184230656,4.264329507857801,-10.183485404497656,-4.129646837262932,2.005981443500327,11.60388820909791,7.762565752221795,-13.521937329392802,5.206139740552215,-2.241943904822562,-3.884376821103736,8.571158508209978,10.30999430130461,13.846448932321382,-5.97808511393951,2.246466847808711,6.022166888093382,14.920137515302699,0.27500161188108585,5.513330181097671,-5.2705851761632605,-6.7384063598980735,11.060882414041576,16.82780208603861,3.1653953739257585,13.84253891578414,7.85544316916089,1.4170064319860347,8.984338818793825,16.765259586664058,4.232080451495668,17.435021024310984,-15.584873985187055,11.5817386712229,6.362091347417023,0.32403937889109563,7.5966324228878435,-12.572049625424127,2.957443892151173,9.261484104355088,15.994180501633464,-1.7593258839189296,-6.026728259811504,-0.17148640760430867,10.127815619007484,3.8641723991426984,-2.235613456983567,10.799469977532704,7.454084414319638,13.918028738815465,0.23383813020616162,3.2179972843086566,-1.23451999461243,-7.9803433941306094,7.917574605808109,4.033127208503106,6.722162578230417,2.0745641033542106
4.330999999999781,0.10409398913057766,-2.528681062322943,10.417100332010238,3.031961369728837,10.908026365722913,16.91943653810393,1.6358835369727291,1.3218664823743138,15.96096070917087,12.57358640333384,-2.5387500665831144,5.599173631209689,-1.9836321661816516,-1.2496769996039334,7.582121004213199,-13.599863794188357,-8.386852955098345,-3.719688632330552,-3.0984037972129803,8.45958161513665,-6.211803771634928,-9.386068682073248,17.050720089015226,4.473047289172241,3.1180760225407953,-8.802712426297987,0.519473235784236,2.80280780181127,-6.557113711092842,10.185672663469834,-3.737727120763019,2.8967606941266935,-3.621313757673767,19.897049262258978,6.123313084091326,-6.5030816469382815,13.867764897984049,-9.361269897022918,6.855597296336507,-11.991073629712831,-8.406114164377735,3.6100402079150387,10.374876850104858,4.520193589776151,0.33759608312318246,4.260384364293897,-10.210978913957131,-4.141966791082947,1.9988455984290137,11.627107583970169,7.771515048361046,-13.55512120215218,5.214698350287989,-2.2475686200830056,-3.8958383307619733,8.585468964334682,10.332691222102412,13.867151465051583,-5.992792534056079,2.242359530639569,6.030869087069334,14.941725348193032,0.2674950574720617,5.511693931912274,-5.290634945295496,-6.760253562031805,11.079209860837345,16.857003816957906,3.166032101842035,13.86468650408986,7.864752820009724,1.406180967241815,8.993643661251872,16.79809724834125,4.233440861061351,17.46839082777513,-15.635191956920966,11.60025365165829,6.365909219129664,0.32013616222966007,7.600544568766434,-12.609724073368254,2.9551273847423047,9.270703286133198,16.02581531287618,-1.76761435793652,-6.040821201521489,-0.17944461812811746,10.148200591709402,3.872824351683775,-2.244131730711025,10.81181225654286,7.458102895654482,13.939478568973996,0.22187399867649654,3.2135209717245847,-1.2402852273271905,-8.007536762745373,7.925573941697279,4.0404252442945845,6.724341777711151,2.0719492910345916
4.340999999999784,0.10417830770133653,-2.5176224720476434,10.42911154541835,3.031273014053297,10.923057066832817,16.951974065579968,1.6332773998261434,1.319260673583213,15.994621895828892,12.59101202826478,-2.546062623953932,5.612101762429292,-1.9908235896900197,-1.2569146643274562,7.5890371799924,-13.636052468733629,-8.41927438140073,-3.72885745256749,-3.1165834892717887,8.467943492136445,-6.227887322797466,-9.412237825752072,17.082109994741526,4.470608693510394,3.1215035169824343,-8.829130459674374,0.5106625116416144,2.8071031839533487,-6.57805665229341,10.195263554184624,-3.747662964213514,2.8930037494787078,-3.6312709595704735,19.936171756297053,6.125120069944452,-6.522158935169519,13.886292726573998,-9.38360983967446,6.861851498584482,-12.028190101842553,-8.430600955007813,3.6160543629803046,10.391723112052645,4.5256978857478325,0.3373600478232993,4.256439220729994,-10.238472423416606,-4.1542867449029615,1.9917097533577004,11.650326958842427,7.780464344500297,-13.588305074911556,5.223256960023763,-2.2531933353434495,-3.9072998404202104,8.599779420459386,10.355388142900214,13.887853997781784,-6.007499954172648,2.2382522134704272,6.039571286045286,14.963313181083365,0.25998850306303756,5.510057682726877,-5.310684714427731,-6.782100764165536,11.097537307633115,16.886205547877204,3.166668829758312,13.886834092395581,7.874062470858559,1.3953555024975954,9.002948503709918,16.830934910018442,4.234801270627034,17.50176063123928,-15.685509928654877,11.618768632093682,6.369727090842305,0.3162329455682245,7.604456714645025,-12.64739852131238,2.9528108773334365,9.279922467911309,16.057450124118898,-1.7759028319541104,-6.054914143231473,-0.18740282865192626,10.168585564411321,3.8814763042248517,-2.252650004438483,10.824154535553015,7.462121376989327,13.960928399132527,0.20990986714683146,3.209044659140513,-1.246050460041951,-8.034730131360137,7.93357327758645,4.047723280086063,6.7265209771918855,2.0693344787149726
4.350999999999788,0.10420476923952822,-2.5069918573660916,10.441122758826461,3.030584658377757,10.93808776794272,16.984511593056006,1.6306712626795576,1.3166548647921124,16.028283082486915,12.60843765319572,-2.55337518132475,5.625029893648895,-1.9980150131983878,-1.264152329050979,7.595953355771601,-13.672241143278901,-8.451695807703114,-3.7380262728044276,-3.134763181330597,8.476305369136242,-6.243970873960004,-9.438406969430897,17.113499900467826,4.468170097848548,3.1249310114240734,-8.855548493050762,0.5018517874989927,2.8113985660954275,-6.598999593493978,10.204854444899414,-3.7575988076640088,2.889246804830722,-3.64122816146718,19.97529425033513,6.1269270557975775,-6.541236223400756,13.904820555163948,-9.405949782326001,6.868105700832457,-12.065306573972274,-8.455087745637892,3.6220685180455705,10.408569374000432,4.531202181719514,0.33712401252341617,4.25249407716609,-10.265965932876082,-4.166606698722976,1.9845739082863871,11.673546333714686,7.789413640639548,-13.621488947670933,5.2318155697595365,-2.2588180506038933,-3.9187613500784475,8.61408987658409,10.378085063698016,13.908556530511985,-6.022207374289216,2.2341448963012853,6.048273485021237,14.984901013973698,0.2524819486540134,5.508421433541479,-5.330734483559967,-6.803947966299267,11.115864754428884,16.9154072787965,3.1673055576745885,13.908981680701302,7.883372121707393,1.3845300377533758,9.012253346167965,16.863772571695634,4.236161680192716,17.535130434703426,-15.735827900388788,11.637283612529073,6.373544962554947,0.31232972890678895,7.6083688605236155,-12.685072969256508,2.9504943699245683,9.28914164968942,16.089084935361615,-1.7841913059717007,-6.0690070849414575,-0.19536103917573505,10.18897053711324,3.8901282567659283,-2.261168278165941,10.836496814563171,7.466139858324171,13.982378229291058,0.19794573561716639,3.204568346556441,-1.2518156927567117,-8.0619234999749,7.94157261347562,4.055021315877542,6.7287001766726195,2.0667196663953535
4.360999999999791,0.10417201152962137,-2.4967728692946096,10.453133972234573,3.029896302702217,10.953118469052624,17.017049120532043,1.628065125532972,1.3140490560010116,16.061944269144938,12.62586327812666,-2.5606877386955675,5.637958024868498,-2.005206436706754,-1.271389993774502,7.602869531550803,-13.708429817824173,-8.484117234005499,-3.7471950930413653,-3.1529428733894056,8.484667246136038,-6.260054425122542,-9.464576113109722,17.144889806194126,4.465731502186701,3.1283585058657124,-8.88196652642715,0.4930410633563711,2.8156939482375063,-6.6199425346945455,10.214445335614204,-3.7675346511145036,2.8854898601827363,-3.6511853633638864,20.014416744373204,6.128734041650703,-6.5603135116319935,13.923348383753897,-9.428289724977542,6.874359903080432,-12.102423046101995,-8.47957453626797,3.6280826731108364,10.42541563594822,4.536706477691195,0.33688797722353303,4.248548933602186,-10.293459442335557,-4.178926652542991,1.9774380632150739,11.696765708586945,7.798362936778799,-13.65467282043031,5.24037417949531,-2.264442765864337,-3.9302228597366846,8.628400332708795,10.400781984495818,13.929259063242187,-6.036914794405785,2.2300375791321434,6.056975683997189,15.00648884686403,0.24497539424498946,5.506785184356082,-5.350784252692202,-6.8257951684329985,11.134192201224653,16.944609009715798,3.167942285590865,13.931129269007023,7.8926817725562275,1.3737045730091562,9.021558188626011,16.896610233372826,4.237522089758399,17.568500238167573,-15.786145872122699,11.655798592964464,6.377362834267588,0.3084265122453534,7.612281006402206,-12.722747417200635,2.9481778625157,9.29836083146753,16.120719746604333,-1.792479779989291,-6.083100026651442,-0.20331924969954385,10.20935550981516,3.898780209307005,-2.269686551893399,10.848839093573327,7.470158339659015,14.003828059449589,0.1859816040875013,3.200092033972369,-1.2575809254714723,-8.089116868589665,7.949571949364791,4.062319351669021,6.730879376153354,2.0641048540757345
4.370999999999794,0.10407883832015213,-2.486950077111807,10.465145185642685,3.029207947026677,10.968149170162528,17.04958664800808,1.6254589883863861,1.311443247209911,16.09560545580296,12.6432889030576,-2.5680002960663852,5.6508861560881005,-2.01239786021512,-1.2786276584980247,7.609785707330004,-13.744618492369446,-8.516538660307884,-3.756363913278303,-3.171122565448214,8.493029123135834,-6.27613797628508,-9.490745256788546,17.176279711920426,4.463292906524854,3.1317860003073514,-8.908384559803537,0.48423033921374947,2.819989330379585,-6.6408854758951135,10.224036226328995,-3.7774704945649984,2.8817329155347506,-3.661142565260593,20.05353923841128,6.130541027503829,-6.579390799863231,13.941876212343846,-9.450629667629084,6.880614105328407,-12.139539518231716,-8.504061326898048,3.6340968281761024,10.442261897896007,4.542210773662876,0.3366519419236499,4.2446037900382825,-10.320952951795032,-4.191246606363006,1.9703022181437606,11.719985083459203,7.807312232918051,-13.687856693189687,5.248932789231084,-2.270067481124781,-3.9416843693949217,8.642710788833499,10.42347890529362,13.949961595972388,-6.051622214522354,2.2259302619630015,6.065677882973141,15.028076679754363,0.2374688398359656,5.505148935170685,-5.370834021824438,-6.84764237056673,11.152519648020423,16.973810740635095,3.168579013507142,13.953276857312744,7.901991423405062,1.3628791082649365,9.030863031084058,16.929447895050018,4.238882499324082,17.60187004163172,-15.83646384385661,11.674313573399855,6.3811807059802295,0.30452329558391783,7.616193152280797,-12.760421865144762,2.945861355106832,9.30758001324564,16.15235455784705,-1.8007682540068815,-6.097192968361426,-0.21127746022335264,10.229740482517078,3.9074321618480816,-2.278204825620857,10.861181372583482,7.4741768209938595,14.02527788960812,0.17401747255783623,3.195615721388297,-1.2633461581862329,-8.116310237204429,7.9575712852539615,4.069617387460499,6.733058575634088,2.0614900417561155
4.380999999999798,0.10392421348003932,-2.477508982681985,10.477156399050797,3.028519591351137,10.983179871272432,17.082124175484118,1.6228528512398004,1.3088374384188102,16.129266642460983,12.66071452798854,-2.575312853437203,5.663814287307703,-2.019589283723486,-1.2858653232215476,7.616701883109205,-13.780807166914718,-8.548960086610268,-3.765532733515241,-3.1893022575070225,8.50139100013563,-6.292221527447618,-9.516914400467371,17.207669617646726,4.460854310863008,3.1352134947489905,-8.934802593179924,0.47541961507112784,2.824284712521664,-6.661828417095681,10.233627117043785,-3.787406338015493,2.877975970886765,-3.6710997671572994,20.092661732449354,6.132348013356954,-6.598468088094468,13.960404040933795,-9.472969610280625,6.886868307576382,-12.176655990361438,-8.528548117528127,3.6401109832413683,10.459108159843794,4.547715069634557,0.33641590662376675,4.240658646474379,-10.348446461254508,-4.20356656018302,1.9631663730724473,11.743204458331462,7.816261529057302,-13.721040565949064,5.257491398966858,-2.275692196385225,-3.953145879053159,8.657021244958203,10.446175826091423,13.97066412870259,-6.066329634638922,2.2218229447938596,6.0743800819490925,15.049664512644696,0.22996228542694172,5.503512685985288,-5.390883790956673,-6.869489572700461,11.170847094816192,17.003012471554392,3.1692157414234186,13.975424445618465,7.911301074253896,1.3520536435207169,9.040167873542105,16.96228555672721,4.240242908889765,17.635239845095867,-15.88678181559052,11.692828553835247,6.384998577692871,0.30062007892248227,7.6201052981593875,-12.79809631308889,2.9435448476979635,9.316799195023751,16.18398936908977,-1.8090567280244718,-6.111285910071411,-0.21923567074716144,10.250125455218997,3.9160841143891583,-2.286723099348315,10.873523651593638,7.478195302328704,14.04672771976665,0.16205334102817115,3.1911394088042253,-1.2691113909009935,-8.143503605819193,7.965570621143132,4.076915423251978,6.735237775114822,2.0588752294364965
4.390999999999801,0.10370725523413102,-2.4684360310136855,10.489167612458909,3.027831235675597,10.998210572382336,17.114661702960156,1.6202467140932146,1.3062316296277094,16.162927829119006,12.67814015291948,-2.5826254108080207,5.676742418527306,-2.0267807072318518,-1.2931029879450704,7.623618058888407,-13.81699584145999,-8.581381512912653,-3.7747015537521786,-3.207481949565831,8.509752877135426,-6.3083050786101555,-9.543083544146196,17.239059523373026,4.458415715201161,3.1386409891906295,-8.961220626556312,0.4666088909285062,2.8285800946637427,-6.682771358296249,10.243218007758575,-3.797342181465988,2.8742190262387792,-3.681056969054006,20.13178422648743,6.13415499921008,-6.6175453763257055,13.978931869523745,-9.495309552932166,6.893122509824357,-12.213772462491159,-8.553034908158205,3.646125138306634,10.475954421791581,4.553219365606238,0.3361798713238836,4.236713502910475,-10.375939970713983,-4.215886514003035,1.956030528001134,11.76642383320372,7.825210825196553,-13.754224438708441,5.266050008702631,-2.2813169116456686,-3.964607388711396,8.671331701082908,10.468872746889225,13.99136666143279,-6.081037054755491,2.2177156276247176,6.083082280925044,15.07125234553503,0.22245573101791785,5.501876436799891,-5.410933560088909,-6.891336774834192,11.189174541611962,17.03221420247369,3.1698524693396952,13.997572033924186,7.920610725102731,1.3412281787764972,9.049472716000151,16.9951232184044,4.241603318455447,17.668609648560015,-15.937099787324431,11.711343534270638,6.388816449405512,0.2967168622610467,7.624017444037978,-12.835770761033016,2.9412283402890953,9.326018376801862,16.215624180332487,-1.8173452020420622,-6.125378851781395,-0.22719388127097023,10.270510427920916,3.924736066930235,-2.2952413730757733,10.885865930603794,7.482213783663548,14.068177549925181,0.15008920949850607,3.1866630962201534,-1.274876623615754,-8.170696974433957,7.973569957032303,4.084213459043457,6.737416974595556,2.0562604171168775
4.400999999999804,0.10342723049566022,-2.4597186183003465,10.50117882586702,3.0271428800000573,11.01324127349224,17.147199230436193,1.6176405769466289,1.3036258208366087,16.19658901577703,12.69556577785042,-2.5899379681788384,5.689670549746909,-2.0339721307402177,-1.3003406526685932,7.630534234667608,-13.853184516005262,-8.613802939215038,-3.7838703739891164,-3.2256616416246393,8.518114754135222,-6.3243886297726934,-9.56925268782502,17.270449429099326,4.455977119539314,3.1420684836322685,-8.9876386599327,0.4577981667858846,2.8328754768058215,-6.703714299496817,10.252808898473365,-3.807278024916483,2.8704620815907935,-3.6910141709507123,20.170906720525505,6.135961985063205,-6.636622664556943,13.997459698113694,-9.517649495583708,6.899376712072332,-12.25088893462088,-8.577521698788283,3.6521392933719,10.492800683739368,4.558723661577919,0.33594383602400046,4.232768359346571,-10.403433480173458,-4.22820646782305,1.9488946829298208,11.78964320807598,7.834160121335804,-13.787408311467818,5.274608618438405,-2.2869416269061125,-3.976068898369633,8.685642157207612,10.491569667687028,14.012069194162992,-6.09574447487206,2.2136083104555757,6.091784479900996,15.092840178425362,0.21494917660889398,5.5002401876144935,-5.430983329221144,-6.9131839769679235,11.207501988407731,17.061415933392986,3.170489197255972,14.019719622229907,7.929920375951565,1.3304027140322776,9.058777558458198,17.027960880081594,4.24296372802113,17.701979452024162,-15.987417759058342,11.729858514706029,6.3926343211181536,0.29281364559961115,7.627929589916569,-12.873445208977143,2.938911832880227,9.335237558579973,16.247258991575205,-1.8256336760596525,-6.13947179349138,-0.23515209179477903,10.290895400622835,3.9333880194713116,-2.3037596468032313,10.89820820961395,7.486232264998392,14.089627380083712,0.138125077968841,3.1821867836360815,-1.2806418563305146,-8.197890343048721,7.981569292921473,4.091511494834935,6.73959617407629,2.0536456047972584
4.410999999999808,0.10308354930909319,-2.451345098557607,10.513190039275132,3.0264545243245173,11.028271974602143,17.17973675791223,1.6150344398000431,1.301020012045508,16.23025020243505,12.71299140278136,-2.597250525549656,5.702598680966512,-2.0411635542485835,-1.307578317392116,7.637450410446809,-13.889373190550534,-8.646224365517423,-3.793039194226054,-3.2438413336834477,8.526476631135019,-6.340472180935231,-9.595421831503845,17.301839334825626,4.453538523877468,3.1454959780739076,-9.014056693309087,0.44898744264326296,2.8371708589479003,-6.724657240697385,10.262399789188155,-3.8172138683669776,2.866705136942808,-3.7009713728474187,20.21002921456358,6.137768970916331,-6.65569995278818,14.015987526703643,-9.53998943823525,6.905630914320307,-12.288005406750601,-8.602008489418361,3.658153448437166,10.509646945687155,4.5642279575496,0.3357078007241173,4.2288232157826675,-10.430926989632933,-4.2405264216430645,1.9417588378585076,11.812862582948238,7.8431094174750555,-13.820592184227195,5.283167228174179,-2.2925663421665563,-3.98753040802787,8.699952613332316,10.51426658848483,14.032771726893193,-6.110451894988628,2.209500993286434,6.100486678876948,15.114428011315695,0.2074426221998701,5.498603938429096,-5.4510330983533795,-6.935031179101655,11.2258294352035,17.090617664312283,3.1711259251722486,14.041867210535628,7.9392300268003995,1.319577249288058,9.068082400916245,17.060798541758786,4.244324137586813,17.73534925548831,-16.037735730792253,11.74837349514142,6.396452192830795,0.2889104289381756,7.63184173579516,-12.91111965692127,2.936595325471359,9.344456740358083,16.278893802817922,-1.833922150077243,-6.153564735201364,-0.24311030231858782,10.311280373324754,3.942039972012388,-2.3122779205306894,10.910550488624105,7.490250746333237,14.111077210242243,0.12616094643917591,3.1777104710520097,-1.2864070890452752,-8.225083711663485,7.989568628810644,4.098809530626414,6.741775373557024,2.0510307924776394
4.420999999999811,0.10267575941365177,-2.443304789861891,10.525201252683244,3.0257661686489774,11.043302675712047,17.21227428538827,1.6124283026534574,1.2984142032544073,16.263911389093074,12.730417027712301,-2.604563082920474,5.7155268121861145,-2.0483549777569494,-1.3148159821156389,7.644366586226011,-13.925561865095807,-8.678645791819807,-3.802208014462992,-3.262021025742256,8.534838508134815,-6.356555732097769,-9.62159097518267,17.333229240551926,4.451099928215621,3.1489234725155466,-9.040474726685474,0.44017671850064133,2.841466241089979,-6.745600181897953,10.271990679902945,-3.8271497118174724,2.862948192294822,-3.710928574744125,20.249151708601655,6.139575956769456,-6.6747772410194175,14.034515355293593,-9.56232938088679,6.911885116568282,-12.325121878880323,-8.62649528004844,3.664167603502432,10.526493207634942,4.569732253521281,0.3354717654242342,4.224878072218764,-10.458420499092409,-4.252846375463079,1.9346229927871943,11.836081957820497,7.852058713614307,-13.853776056986572,5.2917258379099525,-2.298191057427,-3.9989919176861073,8.71426306945702,10.536963509282632,14.053474259623394,-6.125159315105197,2.205393676117292,6.109188877852899,15.136015844206028,0.19993606779084624,5.496967689243699,-5.471082867485615,-6.956878381235386,11.24415688199927,17.11981939523158,3.1717626530885252,14.064014798841349,7.948539677649234,1.3087517845438383,9.077387243374291,17.093636203435977,4.2456845471524955,17.768719058952456,-16.088053702526164,11.766888475576812,6.400270064543436,0.28500721227674003,7.63575388167375,-12.948794104865398,2.9342788180624906,9.353675922136194,16.31052861406064,-1.8422106240948333,-6.1676576769113485,-0.2510685128423967,10.331665346026673,3.950691924553465,-2.3207961942581474,10.922892767634261,7.494269227668081,14.132527040400774,0.1141968149095107,3.1732341584679378,-1.2921723217600358,-8.25227708027825,7.997567964699814,4.106107566417893,6.743954573037758,2.0484159801580204
4.430999999999814,0.10220354093543081,-2.4355879811069365,10.537212466091356,3.0250778129734375,11.05833337682195,17.244811812864306,1.6098221655068716,1.2958083944633065,16.297572575751097,12.747842652643241,-2.6118756402912915,5.728454943405717,-2.0555464012653153,-1.3220536468391617,7.651282762005212,-13.961750539641079,-8.711067218122192,-3.8113768346999297,-3.2802007178010646,8.543200385134611,-6.372639283260307,-9.647760118861495,17.364619146278226,4.448661332553774,3.1523509669571856,-9.066892760061862,0.4313659943580197,2.845761623232058,-6.766543123098521,10.281581570617735,-3.8370855552679672,2.8591912476468364,-3.7208857766408316,20.28827420263973,6.141382942622582,-6.693854529250655,14.053043183883542,-9.584669323538332,6.918139318816257,-12.362238351010044,-8.650982070678518,3.670181758567698,10.54333946958273,4.5752365494929625,0.33523573012435104,4.22093292865486,-10.485914008551884,-4.265166329283094,1.927487147715881,11.859301332692755,7.861008009753558,-13.886959929745949,5.300284447645726,-2.303815772687444,-4.010453427344348,8.728573525581725,10.559660430080434,14.074176792353596,-6.139866735221766,2.20128635894815,6.117891076828851,15.157603677096361,0.19242951338182238,5.495331440058302,-5.49113263661785,-6.978725583369117,11.26248432879504,17.149021126150878,3.172399381004802,14.08616238714707,7.957849328498068,1.2979263197996187,9.086692085832338,17.12647386511317,4.247044956718178,17.802088862416603,-16.138371674260075,11.785403456012203,6.404087936256078,0.28110399561530447,7.639666027552341,-12.986468552809525,2.9319623106536223,9.362895103914305,16.342163425303358,-1.8504990981124236,-6.181750618621333,-0.25902672336620575,10.352050318728592,3.9593438770945415,-2.3293144679856055,10.935235046644417,7.498287709002925,14.153976870559305,0.10223268337984548,3.168757845883866,-1.2979375544747964,-8.279470448893013,8.005567300588986,4.1134056022093715,6.746133772518492,2.0458011678384014
4.440999999999818,0.10166670121438554,-2.428185940128206,10.549223679499468,3.0243894572978975,11.073364077931855,17.277349340340344,1.6072160283602859,1.2932025856722058,16.33123376240912,12.765268277574181,-2.619188197662109,5.74138307462532,-2.062737824773681,-1.3292913115626845,7.658198937784413,-13.997939214186351,-8.743488644424577,-3.8205456549368675,-3.298380409859873,8.551562262134407,-6.388722834422845,-9.67392926254032,17.396009052004526,4.446222736891928,3.1557784613988247,-9.093310793438249,0.42255527021539807,2.8500570053741368,-6.787486064299089,10.291172461332526,-3.847021398718462,2.8554343029988507,-3.730842978537538,20.327396696677805,6.143189928475707,-6.712931817481892,14.071571012473491,-9.607009266189873,6.924393521064232,-12.399354823139765,-8.675468861308596,3.676195913632964,10.560185731530517,4.580740845464644,0.3349996948244679,4.216987785090956,-10.513407518011359,-4.277486283103109,1.9203513026445678,11.882520707565014,7.869957305892809,-13.920143802505326,5.3088430573815,-2.309440487947888,-4.02191493700259,8.742883981706429,10.582357350878237,14.094879325083797,-6.154574155338334,2.197179041779008,6.126593275804803,15.179191509986694,0.1849229589727985,5.493695190872905,-5.511182405750086,-7.000572785502849,11.28081177559081,17.178222857070175,3.1730361089210786,14.10830997545279,7.967158979346903,1.287100855055399,9.095996928290385,17.15931152679036,4.248405366283861,17.83545866588075,-16.188689645993986,11.803918436447594,6.407905807968719,0.2772007789538689,7.643578173430932,-13.024143000753652,2.929645803244754,9.372114285692415,16.373798236546076,-1.858787572130014,-6.195843560331317,-0.2669849338900148,10.372435291430511,3.967995829635618,-2.3378327417130635,10.947577325654573,7.5023061903377695,14.175426700717836,0.09026855185018026,3.164281533299794,-1.303702787189557,-8.306663817507777,8.013566636478156,4.12070363800085,6.748312971999226,2.0431863555187824
4.450999999999821,0.10106516977142158,-2.421090923999163,10.56123489290758,3.0237011016223576,11.088394779041758,17.30988686781638,1.6046098912137001,1.290596776881105,16.364894949067143,12.782693902505121,-2.626500755032927,5.754311205844923,-2.069929248282047,-1.3365289762862074,7.665115113563615,-14.034127888731623,-8.775910070726962,-3.8297144751738053,-3.3165601019186814,8.559924139134203,-6.404806385585383,-9.700098406219144,17.427398957730826,4.443784141230081,3.1592059558404637,-9.119728826814637,0.41374454607277644,2.8543523875162156,-6.808429005499657,10.300763352047316,-3.856957242168957,2.851677358350865,-3.7408001804342446,20.36651919071588,6.144996914328833,-6.7320091057131295,14.09009884106344,-9.629349208841415,6.930647723312207,-12.436471295269486,-8.699955651938675,3.6822100686982298,10.577031993478304,4.586245141436325,0.33476365952458476,4.2130426415270525,-10.540901027470834,-4.289806236923123,1.9132154575732545,11.905740082437273,7.87890660203206,-13.953327675264703,5.317401667117274,-2.3150652032083316,-4.0333764466608315,8.757194437831133,10.605054271676039,14.115581857813998,-6.169281575454903,2.193071724609866,6.135295474780754,15.200779342877027,0.17741640456377464,5.492058941687508,-5.531232174882321,-7.02241998763658,11.299139222386579,17.207424587989472,3.1736728368373552,14.130457563758512,7.976468630195737,1.2762753903111794,9.105301770748431,17.192149188467553,4.249765775849544,17.868828469344898,-16.239007617727896,11.822433416882985,6.41172367968136,0.27329756229243335,7.647490319309522,-13.061817448697779,2.927329295835886,9.381333467470526,16.405433047788794,-1.8670760461476044,-6.209936502041302,-0.2749431444138239,10.39282026413243,3.976647782176695,-2.3463510154405216,10.959919604664728,7.506324671672614,14.196876530876366,0.07830442032051504,3.159805220715722,-1.3094680199043176,-8.333857186122541,8.021565972367327,4.128001673792329,6.75049217147996,2.0405715431991633
4.460999999999824,0.10039899342029326,-2.4142961922778614,10.573246106315692,3.0230127459468177,11.103425480151662,17.34242439529242,1.6020037540671144,1.2879909680900044,16.398556135725165,12.800119527436062,-2.6338133124037446,5.767239337064526,-2.077120671790413,-1.3437666410097302,7.672031289342816,-14.070316563276895,-8.808331497029346,-3.838883295410743,-3.33473979397749,8.568286016134,-6.420889936747921,-9.726267549897969,17.458788863457126,4.441345545568234,3.1626334502821027,-9.146146860191024,0.4049338219301548,2.8586477696582944,-6.829371946700225,10.310354242762106,-3.8668930856194517,2.8479204137028793,-3.750757382330951,20.405641684753956,6.1468039001819585,-6.751086393944367,14.10862666965339,-9.651689151492956,6.936901925560182,-12.473587767399207,-8.724442442568753,3.6882242237634957,10.593878255426091,4.591749437408006,0.3345276242247016,4.209097497963149,-10.56839453693031,-4.302126190743138,1.9060796125019412,11.928959457309531,7.887855898171312,-13.98651154802408,5.325960276853047,-2.3206899184687755,-4.044837956319073,8.771504893955838,10.627751192473841,14.1362843905442,-6.183988995571472,2.188964407440724,6.143997673756706,15.22236717576736,0.16990985015475077,5.4904226925021105,-5.551281944014557,-7.044267189770311,11.317466669182348,17.23662631890877,3.174309564753632,14.152605152064233,7.985778281044571,1.2654499255669598,9.114606613206478,17.224986850144745,4.2511261854152265,17.902198272809045,-16.289325589461807,11.840948397318376,6.415541551394002,0.2693943456309978,7.651402465188113,-13.099491896641906,2.9250127884270176,9.390552649248637,16.43706785903151,-1.8753645201651947,-6.224029443751286,-0.28290135493763297,10.413205236834349,3.9852997347177714,-2.3548692891679797,10.972261883674884,7.510343153007458,14.218326361034897,0.06634028879084983,3.1553289081316502,-1.3152332526190782,-8.361050554737306,8.029565308256498,4.1352997095838075,6.7526713709606945,2.0379567308795443
4.470999999999828,0.09966833152893487,-2.407796023977185,10.585257319723803,3.0223243902712777,11.118456181261566,17.374961922768456,1.5993976169205286,1.2853851592989036,16.432217322383188,12.817545152367002,-2.6411258697745623,5.780167468284128,-2.084312095298779,-1.351004305733253,7.678947465122017,-14.106505237822168,-8.840752923331731,-3.848052115647681,-3.3529194860362983,8.576647893133796,-6.436973487910459,-9.752436693576794,17.490178769183427,4.438906949906388,3.1660609447237418,-9.172564893567412,0.3961230977875332,2.862943151800373,-6.850314887900793,10.319945133476896,-3.8768289290699465,2.8441634690548936,-3.7607145842276575,20.44476417879203,6.148610886035084,-6.770163682175604,14.127154498243339,-9.674029094144498,6.943156127808157,-12.510704239528929,-8.748929233198831,3.6942383788287616,10.610724517373878,4.597253733379687,0.3342915889248185,4.205152354399245,-10.595888046389785,-4.314446144563153,1.898943767430628,11.95217883218179,7.896805194310563,-14.019695420783457,5.334518886588821,-2.3263146337292193,-4.056299465977315,8.785815350080542,10.650448113271644,14.1569869232744,-6.19869641568804,2.1848570902715823,6.152699872732658,15.243955008657693,0.1624032957457269,5.488786443316713,-5.571331713146792,-7.066114391904042,11.335794115978118,17.265828049828066,3.1749462926699086,14.174752740369954,7.995087931893406,1.2546244608227402,9.123911455664524,17.257824511821937,4.252486594980909,17.935568076273192,-16.339643561195718,11.859463377753768,6.419359423106643,0.26549112896956223,7.655314611066704,-13.137166344586033,2.9226962810181494,9.399771831026747,16.46870267027423,-1.883652994182785,-6.238122385461271,-0.29085956546144204,10.433590209536268,3.993951687258848,-2.3633875628954377,10.98460416268504,7.514361634342302,14.239776191193428,0.05437615726118466,3.1508525955475783,-1.3209984853338388,-8.38824392335207,8.037564644145668,4.142597745375286,6.754850570441429,2.0353419185599253
4.480999999999831,0.09887345143515551,-2.4015857390477886,10.597268533131915,3.021636034595738,11.13348688237147,17.407499450244494,1.5967914797739429,1.282779350507803,16.46587850904121,12.834970777297942,-2.64843842714538,5.793095599503731,-2.0915035188071447,-1.3582419704567759,7.685863640901219,-14.14269391236744,-8.873174349634116,-3.8572209358846186,-3.3710991780951067,8.585009770133592,-6.453057039072997,-9.778605837255618,17.521568674909727,4.436468354244541,3.169488439165381,-9.198982926943799,0.38731237364491156,2.867238533942452,-6.871257829101361,10.329536024191686,-3.8867647725204413,2.840406524406908,-3.770671786124364,20.483886672830106,6.15041787188821,-6.7892409704068415,14.145682326833288,-9.696369036796039,6.949410330056132,-12.54782071165865,-8.77341602382891,3.7002525338940275,10.627570779321665,4.602758029351368,0.33405555362493533,4.201207210835341,-10.62338155584926,-4.3267660983831675,1.8918079223593147,11.975398207054049,7.905754490449814,-14.052879293542833,5.343077496324595,-2.331939348989663,-4.067760975635556,8.800125806205246,10.673145034069446,14.177689456004602,-6.213403835804609,2.1807497731024403,6.1614020717086095,15.265542841548026,0.15489674133670303,5.487150194131316,-5.5913814822790275,-7.087961594037774,11.354121562773887,17.295029780747363,3.1755830205861852,14.196900328675675,8.004397582742241,1.2437989960785205,9.133216298122571,17.29066217349913,4.253847004546592,17.96893787973734,-16.38996153292963,11.877978358189159,6.4231772948192845,0.26158791230812667,7.659226756945294,-13.17484079253016,2.920379773609281,9.408991012804858,16.500337481516947,-1.8919414682003755,-6.252215327171255,-0.2988177759852511,10.453975182238187,4.002603639799923,-2.371905836622896,10.996946441695195,7.518380115677147,14.261226021351959,0.04241202573151951,3.1463762829635065,-1.3267637180485994,-8.415437291966834,8.045563980034839,4.149895781166765,6.757029769922163,2.0327271062403063
4.4909999999998345,0.09801472402228993,-2.395661725200203,10.609279746540027,3.020947678920198,11.148517583481373,17.44003697772053,1.5941853426273571,1.2801735417167022,16.499539695699234,12.852396402228882,-2.6557509845161977,5.806023730723334,-2.0986949423155106,-1.3654796351802987,7.69277981668042,-14.178882586912712,-8.9055957759365,-3.8663897561215563,-3.389278870153915,8.593371647133388,-6.469140590235535,-9.804774980934443,17.552958580636027,4.434029758582694,3.17291593360702,-9.225400960320187,0.3785016495022899,2.871533916084531,-6.892200770301929,10.339126914906476,-3.896700615970936,2.836649579758922,-3.7806289880210704,20.52300916686818,6.152224857741335,-6.808318258638079,14.164210155423238,-9.71870897944758,6.955664532304107,-12.584937183788371,-8.797902814458988,3.7062666889592935,10.644417041269453,4.608262325323049,0.3338195183250522,4.197262067271438,-10.650875065308735,-4.339086052203182,1.8846720772880015,11.998617581926307,7.914703786589065,-14.08606316630221,5.3516361060603685,-2.337564064250107,-4.079222485293798,8.81443626232995,10.695841954867248,14.198391988734803,-6.228111255921178,2.1766424559332984,6.170104270684561,15.287130674438359,0.14739018692767916,5.485513944945919,-5.611431251411263,-7.109808796171505,11.372449009569657,17.32423151166666,3.176219748502462,14.219047916981395,8.013707233591076,1.2329735313343009,9.142521140580618,17.32349983517632,4.255207414112275,18.002307683201487,-16.44027950466354,11.89649333862455,6.426995166531926,0.2576846956466911,7.663138902823885,-13.212515240474287,2.918063266200413,9.418210194582969,16.531972292759665,-1.9002299422179658,-6.2663082688812395,-0.3067759865090602,10.474360154940106,4.011255592340995,-2.380424110350354,11.009288720705351,7.522398597011991,14.28267585151049,0.03044789420185436,3.1418999703794346,-1.33252895076336,-8.442630660581598,8.05356331592401,4.157193816958244,6.759208969402897,2.0301122939206873
4.500999999999838,0.09709261946138166,-2.3900214709531156,10.621290959948139,3.020259323244658,11.163548284591277,17.47257450519657,1.5915792054807714,1.2775677329256014,16.533200882357256,12.869822027159822,-2.6630635418870154,5.818951861942937,-2.1058863658238764,-1.3727172999038215,7.699695992459621,-14.215071261457984,-8.938017202238886,-3.875558576358494,-3.4074585622127236,8.601733524133184,-6.4852241413980725,-9.830944124613268,17.584348486362327,4.4315911629208475,3.176343428048659,-9.251818993696574,0.3696909253596683,2.8758292982266096,-6.913143711502497,10.348717805621266,-3.906636459421431,2.8328926351109365,-3.790586189917777,20.562131660906257,6.154031843594461,-6.827395546869316,14.182737984013187,-9.741048922099122,6.961918734552082,-12.622053655918092,-8.822389605089066,3.7122808440245594,10.66126330321724,4.61376662129473,0.33358348302516905,4.193316923707534,-10.67836857476821,-4.351406006023197,1.8775362322166882,12.021836956798566,7.9236530827283165,-14.119247039061587,5.360194715796142,-2.343188779510551,-4.090683994952039,8.828746718454655,10.71853887566505,14.219094521465005,-6.242818676037746,2.1725351387641565,6.178806469660513,15.308718507328692,0.1398836325186553,5.483877695760522,-5.631481020543498,-7.131655998305236,11.390776456365426,17.353433242585957,3.1768564764187386,14.241195505287116,8.02301688443991,1.2221480665900812,9.151825983038664,17.356337496853513,4.256567823677957,18.035677486665634,-16.49059747639745,11.915008319059941,6.430813038244567,0.25378147898525555,7.667051048702476,-13.250189688418414,2.9157467587915447,9.42742937636108,16.563607104002383,-1.9085184162355562,-6.280401210591224,-0.31473419703286926,10.494745127642025,4.019907544882067,-2.388942384077812,11.021630999715507,7.526417078346835,14.30412568166902,0.018483762672189177,3.1374236577953627,-1.3382941834781206,-8.469824029196362,8.06156265181318,4.164491852749722,6.761388168883631,2.0274974816010682
4.510999999999841,0.09610770312778098,-2.384663605880637,10.63330217335625,3.019570967569118,11.178578985701181,17.505112032672606,1.5889730683341856,1.2749619241345007,16.56686206901528,12.887247652090762,-2.670376099257833,5.83187999316254,-2.1130777893322423,-1.3799549646273443,7.706612168238823,-14.251259936003256,-8.97043862854127,-3.884727396595432,-3.425638254271532,8.61009540113298,-6.50130769256061,-9.857113268292093,17.615738392088627,4.429152567259001,3.179770922490298,-9.278237027072961,0.36088020121704667,2.8801246803686884,-6.934086652703065,10.358308696336056,-3.9165723028719257,2.8291356904629508,-3.8005433918144833,20.601254154944332,6.155838829447586,-6.8464728351005535,14.201265812603136,-9.763388864750663,6.968172936800057,-12.659170128047814,-8.846876395719145,3.7182949990898253,10.678109565165027,4.6192709172664115,0.3333474477252859,4.18937178014363,-10.705862084227686,-4.363725959843212,1.870400387145375,12.045056331670825,7.932602378867568,-14.152430911820964,5.368753325531916,-2.3488134947709947,-4.102145504610281,8.843057174579359,10.741235796462853,14.239797054195206,-6.257526096154315,2.1684278215950146,6.187508668636465,15.330306340219025,0.13237707810963142,5.482241446575125,-5.651530789675734,-7.153503200438967,11.409103903161196,17.382634973505255,3.1774932043350153,14.263343093592837,8.032326535288744,1.2113226018458616,9.161130825496711,17.389175158530705,4.25792823324364,18.06904729012978,-16.54091544813136,11.933523299495333,6.4346309099572085,0.24987826232382,7.670963194581066,-13.287864136362542,2.9134302513826764,9.43664855813919,16.5952419152451,-1.9168068902531465,-6.294494152301208,-0.32269240755667833,10.515130100343944,4.02855949742314,-2.39746065780527,11.033973278725663,7.530435559681679,14.325575511827552,0.006519631142524008,3.132947345211291,-1.3440594161928812,-8.497017397811126,8.06956198770235,4.171789888541201,6.763567368364365,2.024882669281449
4.5209999999998445,0.09506063170166962,-2.379587949145439,10.645313386764363,3.018882611893578,11.193609686811085,17.537649560148644,1.5863669311875999,1.2723561153434,16.600523255673302,12.904673277021702,-2.677688656628651,5.844808124382142,-2.120269212840608,-1.3871926293508672,7.713528344018024,-14.287448610548529,-9.002860054843655,-3.8938962168323696,-3.4438179463303404,8.618457278132777,-6.517391243723148,-9.883282411970917,17.647128297814927,4.426713971597154,3.183198416931937,-9.304655060449349,0.35206947707442504,2.884420062510767,-6.955029593903633,10.367899587050847,-3.9265081463224205,2.825378745814965,-3.8105005937111898,20.640376648982407,6.157645815300712,-6.865550123331791,14.219793641193085,-9.785728807402204,6.974427139048032,-12.696286600177535,-8.871363186349223,3.7243091541550912,10.694955827112814,4.624775213238093,0.33311141242540276,4.185426636579726,-10.733355593687161,-4.376045913663226,1.8632645420740617,12.068275706543083,7.941551675006819,-14.185614784580341,5.37731193526769,-2.3544382100314385,-4.113607014268522,8.857367630704063,10.763932717260655,14.260499586925407,-6.272233516270884,2.1643205044258726,6.196210867612416,15.351894173109358,0.12487052370060756,5.480605197389727,-5.671580558807969,-7.175350402572699,11.427431349956965,17.41183670442455,3.178129932251292,14.285490681898558,8.041636186137579,1.200497137101642,9.170435667954758,17.422012820207897,4.259288642809323,18.102417093593928,-16.591233419865272,11.952038279930724,6.43844878166985,0.24597504566238443,7.674875340459657,-13.325538584306669,2.911113743973808,9.4458677399173,16.62687672648782,-1.925095364270737,-6.308587094011193,-0.3306506180804874,10.535515073045863,4.037211449964212,-2.405978931532728,11.046315557735818,7.534454041016524,14.347025341986082,-0.005444500387141161,3.128471032627219,-1.3498246489076418,-8.52421076642589,8.077561323591521,4.17908792433268,6.765746567845099,2.02226785696183
4.530999999999848,0.09395214946399663,-2.37479556755081,10.657324600172474,3.018194256218038,11.208640387920989,17.57018708762468,1.583760794041014,1.2697503065522993,16.634184442331325,12.922098901952642,-2.6850012139994686,5.857736255601745,-2.127460636348974,-1.39443029407439,7.720444519797225,-14.3236372850938,-9.03528148114604,-3.9030650370693074,-3.461997638389149,8.626819155132573,-6.533474794885686,-9.909451555649742,17.678518203541227,4.4242753759353075,3.186625911373576,-9.331073093825736,0.3432587529318034,2.888715444652846,-6.975972535104201,10.377490477765637,-3.9364439897729153,2.8216218011669794,-3.8204577956078962,20.679499143020482,6.159452801153837,-6.884627411563028,14.238321469783035,-9.808068750053746,6.980681341296007,-12.733403072307256,-8.895849976979301,3.730323309220357,10.711802089060601,4.630279509209774,0.3328753771255196,4.181481493015823,-10.760849103146636,-4.388365867483241,1.8561286970027484,12.091495081415342,7.95050097114607,-14.218798657339718,5.385870545003463,-2.3600629252918823,-4.125068523926764,8.871678086828767,10.786629638058457,14.281202119655608,-6.286940936387452,2.1602131872567307,6.204913066588368,15.37348200599969,0.11736396929158369,5.47896894820433,-5.691630327940205,-7.19719760470643,11.445758796752735,17.44103843534385,3.1787666601675686,14.30763827020428,8.050945836986413,1.1896716723574223,9.179740510412804,17.45485048188509,4.260649052375006,18.135786897058075,-16.641551391599183,11.970553260366115,6.442266653382491,0.24207182900094887,7.678787486338248,-13.363213032250796,2.90879723656494,9.455086921695411,16.658511537730536,-1.9333838382883273,-6.322680035721177,-0.3386088286042965,10.555900045747782,4.045863402505284,-2.414497205260186,11.058657836745974,7.538472522351368,14.368475172144613,-0.01740863191680633,3.123994720043147,-1.3555898816224023,-8.551404135040654,8.085560659480691,4.186385960124158,6.767925767325833,2.019653044642211
4.540999999999851,0.0927830848016682,-2.3702888445282064,10.669335813580586,3.0175059005424982,11.223671089030892,17.60272461510072,1.5811546568944284,1.2671444977611985,16.667845628989348,12.939524526883583,-2.6923137713702863,5.870664386821348,-2.13465205985734,-1.4016679587979128,7.727360695576427,-14.359825959639073,-9.067702907448425,-3.912233857306245,-3.4801773304479573,8.635181032132369,-6.549558346048224,-9.935620699328567,17.709908109267527,4.421836780273461,3.190053405815215,-9.357491127202124,0.3344480287891818,2.893010826794925,-6.9969154763047685,10.387081368480427,-3.94637983322341,2.8178648565189937,-3.8304149975046027,20.718621637058558,6.161259787006963,-6.9037046997942655,14.256849298372984,-9.830408692705287,6.986935543543982,-12.770519544436977,-8.92033676760938,3.736337464285623,10.728648351008388,4.635783805181455,0.3326393418256365,4.177536349451919,-10.788342612606112,-4.400685821303256,1.8489928519314351,12.1147144562876,7.959450267285321,-14.251982530099095,5.394429154739237,-2.365687640552326,-4.1365300335850055,8.885988542953472,10.80932655885626,14.30190465238581,-6.301648356504021,2.156105870087589,6.21361526556432,15.395069838890024,0.10985741488255982,5.477332699018933,-5.71168009707244,-7.219044806840161,11.464086243548504,17.470240166263146,3.1794033880838453,14.32978585851,8.060255487835247,1.1788462076132027,9.189045352870851,17.48768814356228,4.262009461940688,18.169156700522223,-16.691869363333094,11.989068240801506,6.446084525095133,0.2381686123395133,7.682699632216838,-13.400887480194923,2.9064807291560717,9.464306103473522,16.690146348973254,-1.9416723123059176,-6.336772977431162,-0.34656703912810555,10.5762850184497,4.054515355046356,-2.423015478987644,11.07100011575613,7.542491003686212,14.389925002303144,-0.029372763446471512,3.119518407459075,-1.361355114337163,-8.578597503655418,8.093559995369862,4.193683995915637,6.770104966806567,2.017038232322592
4.5509999999998545,0.09155434693863512,-2.3660715617042314,10.681347026988698,3.0168175448669583,11.238701790140796,17.635262142576757,1.5785485197478426,1.2645386889700978,16.70150681564737,12.956950151814523,-2.699626328741104,5.883592518040951,-2.141843483365706,-1.4089056235214357,7.734276871355628,-14.396014634184345,-9.10012433375081,-3.921402677543183,-3.4983570225067657,8.643542909132165,-6.565641897210762,-9.961789843007391,17.741298014993827,4.419398184611614,3.193480900256854,-9.383909160578511,0.32563730464656016,2.8973062089370036,-7.0178584175053365,10.396672259195217,-3.956315676673905,2.814107911871008,-3.840372199401309,20.757744131096633,6.1630667728600885,-6.922781988025503,14.275377126962933,-9.852748635356829,6.993189745791957,-12.807636016566699,-8.944823558239458,3.742351619350889,10.745494612956175,4.641288101153136,0.33240330652575334,4.173591205888015,-10.815836122065587,-4.4130057751232705,1.8418570068601219,12.13793383115986,7.968399563424573,-14.285166402858472,5.402987764475011,-2.37131235581277,-4.147991543243247,8.900298999078176,10.832023479654062,14.322607185116011,-6.31635577662059,2.151998552918447,6.2223174645402715,15.416657671780357,0.10235086047353595,5.475696449833536,-5.731729866204676,-7.240892008973892,11.482413690344274,17.499441897182443,3.180040116000122,14.351933446815721,8.069565138684082,1.168020742868983,9.198350195328898,17.520525805239473,4.263369871506371,18.20252650398637,-16.742187335067005,12.007583221236898,6.449902396807774,0.23426539567807775,7.686611778095429,-13.43856192813905,2.9041642217472035,9.473525285251633,16.721781160215972,-1.949960786323508,-6.350865919141146,-0.3545252496519146,10.59666999115162,4.063167307587428,-2.431533752715102,11.083342394766285,7.546509485021057,14.411374832461675,-0.041336894976136664,3.1150420948750033,-1.3671203470519235,-8.605790872270182,8.101559331259033,4.200982031707116,6.772284166287301,2.014423420002973
4.560999999999858,0.09026692291284202,-2.3621489949707115,10.69335824039681,3.0161291891914184,11.2537324912507,17.667799670052794,1.5759423826012569,1.261932880178997,16.735168002305393,12.974375776745463,-2.7069388861119217,5.8965206492605535,-2.1490349068740717,-1.4161432882449585,7.741193047134829,-14.432203308729617,-9.132545760053194,-3.9305714977801207,-3.516536714565574,8.651904786131961,-6.5817254483733,-9.987958986686216,17.772687920720127,4.4169595889497675,3.196908394698493,-9.410327193954899,0.3168265805039385,2.9016015910790824,-7.038801358705904,10.406263149910007,-3.9662515201243997,2.8103509672230222,-3.8503294012980156,20.796866625134708,6.164873758713214,-6.94185927625674,14.293904955552883,-9.87508857800837,6.999443948039932,-12.84475248869642,-8.969310348869536,3.748365774416155,10.762340874903963,4.646792397124817,0.3321672712258702,4.169646062324111,-10.843329631525062,-4.425325728943285,1.8347211617888086,12.161153206032118,7.977348859563824,-14.31835027561785,5.4115463742107845,-2.376937071073214,-4.159453052901489,8.91460945520288,10.854720400451864,14.343309717846212,-6.3310631967371584,2.147891235749305,6.231019663516223,15.43824550467069,0.09484430606451208,5.474060200648139,-5.751779635336911,-7.262739211107624,11.500741137140043,17.52864362810174,3.1806768439163986,14.374081035121442,8.078874789532916,1.1571952781247634,9.207655037786944,17.553363466916664,4.264730281072054,18.235896307450517,-16.792505306800916,12.026098201672289,6.453720268520415,0.2303621790166422,7.69052392397402,-13.476236376083177,2.901847714338335,9.482744467029743,16.75341597145869,-1.9582492603410984,-6.3649588608511305,-0.3624834601757237,10.617054963853539,4.071819260128501,-2.4400520264425603,11.095684673776441,7.550527966355901,14.432824662620206,-0.05330102650580181,3.1105657822909314,-1.3728855797666841,-8.632984240884946,8.109558667148203,4.2082800674985945,6.774463365768035,2.011808607683354
4.570999999999861,0.08892187482295774,-2.358528027324229,10.705369453804922,3.0154408335158784,11.268763192360604,17.70033719752883,1.573336245454671,1.2593270713878963,16.768829188963416,12.991801401676403,-2.7142514434827394,5.909448780480156,-2.1562263303824376,-1.4233809529684813,7.748109222914031,-14.46839198327489,-9.164967186355579,-3.9397403180170585,-3.5347164066243826,8.660266663131758,-6.597808999535838,-10.014128130365041,17.804077826446427,4.414520993287921,3.200335889140132,-9.436745227331286,0.3080158563613169,2.9058969732211613,-7.059744299906472,10.415854040624797,-3.9761873635748946,2.8065940225750365,-3.860286603194722,20.835989119172783,6.16668074456634,-6.9609365644879775,14.312432784142832,-9.897428520659911,7.005698150287907,-12.881868960826141,-8.993797139499614,3.754379929481421,10.77918713685175,4.652296693096498,0.33193123592598706,4.165700918760208,-10.870823140984538,-4.4376456827633,1.8275853167174954,12.184372580904377,7.986298155703075,-14.351534148377226,5.420104983946558,-2.3825617863336577,-4.17091456255973,8.928919911327585,10.877417321249666,14.364012250576414,-6.345770616853727,2.143783918580163,6.239721862492175,15.459833337561022,0.08733775165548821,5.4724239514627415,-5.7718294044691465,-7.284586413241355,11.519068583935812,17.557845359021037,3.1813135718326753,14.396228623427163,8.08818444038175,1.1463698133805438,9.21695988024499,17.586201128593856,4.2660906906377365,18.269266110914664,-16.842823278534826,12.04461318210768,6.457538140233057,0.22645896235520663,7.69443606985261,-13.513910824027304,2.899531206929467,9.491963648807854,16.785050782701408,-1.9665377343586887,-6.379051802561115,-0.37044167069953277,10.637439936555458,4.080471212669573,-2.4485703001700183,11.108026952786597,7.554546447690745,14.454274492778737,-0.06526515803546698,3.1060894697068595,-1.3786508124814447,-8.66017760949971,8.117558003037374,4.215578103290073,6.776642565248769,2.009193795363735
4.5809999999998645,0.08752033737353397,-2.355217281160697,10.717380667213034,3.0147524778403385,11.283793893470508,17.73287472500487,1.5707301083080853,1.2567212625967956,16.80249037562144,13.009227026607343,-2.721564000853557,5.922376911699759,-2.1634177538908035,-1.4306186176920042,7.755025398693232,-14.504580657820162,-9.197388612657964,-3.9489091382539963,-3.552896098683191,8.668628540131554,-6.613892550698376,-10.040297274043866,17.835467732172727,4.412082397626074,3.203763383581771,-9.463163260707674,0.29920513221869527,2.91019235536324,-7.08068724110704,10.425444931339587,-3.9861232070253894,2.802837077927051,-3.8702438050914285,20.87511161321086,6.168487730419465,-6.980013852719215,14.330960612732781,-9.919768463311453,7.011952352535882,-12.918985432955862,-9.018283930129693,3.7603940845466868,10.796033398799537,4.657800989068179,0.3316952006261039,4.161755775196304,-10.898316650444013,-4.449965636583315,1.820449471646182,12.207591955776635,7.995247451842326,-14.384718021136603,5.428663593682332,-2.3881865015941015,-4.182376072217972,8.943230367452289,10.900114242047469,14.384714783306615,-6.360478036970296,2.139676601411021,6.248424061468127,15.481421170451355,0.07983119724646434,5.470787702277344,-5.791879173601382,-7.306433615375086,11.537396030731582,17.587047089940334,3.181950299748952,14.418376211732884,8.097494091230585,1.1355443486363241,9.226264722703037,17.61903879027105,4.267451100203419,18.30263591437881,-16.893141250268737,12.063128162543071,6.461356011945698,0.22255574569377107,7.698348215731201,-13.551585271971431,2.8972146995205987,9.501182830585964,16.816685593944126,-1.974826208376279,-6.393144744271099,-0.37839988122334184,10.657824909257377,4.089123165210645,-2.4570885738974764,11.120369231796753,7.558564929025589,14.475724322937268,-0.0772292895651322,3.1016131571227876,-1.3844160451962053,-8.687370978114474,8.125557338926544,4.222876139081552,6.7788217647295035,2.006578983044116
4.590999999999868,0.08606351575292477,-2.352227273223457,10.729391880621145,3.0140641221647986,11.298824594580411,17.765412252480907,1.5681239711614996,1.254115453805695,16.83615156227946,13.026652651538283,-2.728876558224375,5.935305042919362,-2.1706091773991694,-1.437856282415527,7.761941574472433,-14.540769332365434,-9.229810038960348,-3.958077958490934,-3.5710757907419994,8.67699041713135,-6.629976101860914,-10.06646641772269,17.866857637899027,4.4096438019642274,3.20719087802341,-9.489581294084061,0.29039440807607364,2.914487737505319,-7.101630182307608,10.435035822054378,-3.996059050475884,2.799080133279065,-3.880201006988135,20.914234107248934,6.170294716272591,-6.999091140950452,14.34948844132273,-9.942108405962994,7.018206554783857,-12.956101905085584,-9.042770720759771,3.7664082396119527,10.812879660747324,4.66330528503986,0.3314591653262208,4.1578106316324,-10.925810159903488,-4.462285590403329,1.8133136265748688,12.230811330648894,8.004196747981574,-14.41790189389598,5.437222203418106,-2.3938112168545453,-4.193837581876213,8.957540823576993,10.92281116284527,14.405417316036816,-6.3751854570868645,2.135569284241879,6.257126260444078,15.503009003341688,0.07232464283744047,5.469151453091947,-5.811928942733617,-7.328280817508817,11.555723477527351,17.61624882085963,3.1825870276652286,14.440523800038605,8.10680374207942,1.1247188838921045,9.235569565161084,17.65187645194824,4.268811509769102,18.33600571784296,-16.943459222002648,12.081643142978463,6.4651738836583394,0.2186525290323355,7.702260361609792,-13.589259719915558,2.8948981921117305,9.510402012364075,16.848320405186843,-1.9831146823938695,-6.407237685981084,-0.3863580917471509,10.678209881959296,4.097775117751717,-2.4656068476249344,11.132711510806908,7.562583410360434,14.497174153095798,-0.08919342109479741,3.0971368445387157,-1.390181277910966,-8.714564346729238,8.133556674815715,4.230174174873031,6.781000964210238,2.003964170724497
4.600999999999871,0.08455268388518751,-2.3495705960315227,10.741403094029257,3.0133757664892586,11.313855295690315,17.797949779956944,1.5655178340149138,1.2515096450145942,16.869812748937484,13.044078276469223,-2.7361891155951925,5.948233174138965,-2.1778006009075352,-1.4450939471390498,7.768857750251635,-14.576958006910706,-9.262231465262733,-3.967246778727872,-3.589255482800808,8.685352294131146,-6.6460596530234515,-10.092635561401515,17.898247543625327,4.407205206302381,3.210618372465049,-9.515999327460449,0.281583683933452,2.9187831196473977,-7.122573123508176,10.444626712769168,-4.005994893926376,2.7953231886310794,-3.8901582088848414,20.95335660128701,6.172101702125716,-7.0181684291816895,14.36801626991268,-9.964448348614535,7.024460757031832,-12.993218377215305,-9.06725751138985,3.7724223946772186,10.829725922695111,4.6688095810115415,0.33122313002633763,4.153865488068496,-10.953303669362963,-4.474605544223344,1.8061777815035556,12.254030705521153,8.013146044120816,-14.451085766655357,5.445780813153879,-2.399435932114989,-4.205299091534455,8.971851279701697,10.945508083643073,14.426119848767017,-6.389892877203433,2.1314619670727373,6.26582845942003,15.524596836232021,0.0648180884284166,5.46751520390655,-5.831978711865853,-7.350128019642549,11.57405092432312,17.64545055177893,3.1832237555815053,14.462671388344326,8.116113392928254,1.1138934191478849,9.24487440761913,17.684714113625432,4.270171919334785,18.369375521307106,-16.99377719373656,12.100158123413854,6.468991755370981,0.21474931237089995,7.7061725074883825,-13.626934167859686,2.8925816847028623,9.519621194142186,16.87995521642956,-1.9914031564114598,-6.421330627691068,-0.39431630227096,10.698594854661215,4.106427070292789,-2.4741251213523925,11.145053789817064,7.566601891695278,14.51862398325433,-0.10115755262446263,3.092660531954644,-1.3959465106257265,-8.741757715344002,8.141556010704885,4.237472210664509,6.783180163690972,2.001349358404878
4.6109999999998745,0.0829891831055778,-2.347262130385594,10.75341430743737,3.0126874108137187,11.328885996800219,17.830487307432982,1.562911696868328,1.2489038362234934,16.903473935595507,13.061503901400163,-2.74350167296601,5.9611613053585675,-2.184992024415901,-1.4523316118625726,7.775773926030836,-14.613146681455978,-9.294652891565118,-3.9764155989648096,-3.6074351748596163,8.693714171130942,-6.662143204185989,-10.11880470508034,17.929637449351628,4.404766610640534,3.2140458669066883,-9.542417360836836,0.2727729597908304,2.9230785017894765,-7.143516064708744,10.454217603483958,-4.015930737376866,2.7915662439830937,-3.900115410781548,20.992479095325084,6.173908687978842,-7.037245717412927,14.386544098502629,-9.986788291266077,7.030714959279807,-13.030334849345026,-9.091744302019928,3.7784365497424846,10.846572184642898,4.674313876983223,0.3309870947264545,4.149920344504593,-10.980797178822439,-4.486925498043359,1.7990419364322423,12.277250080393411,8.022095340260059,-14.484269639414734,5.454339422889653,-2.405060647375433,-4.216760601192696,8.986161735826402,10.968205004440875,14.446822381497219,-6.404600297320002,2.1273546499035954,6.274530658395982,15.546184669122354,0.057311534019392686,5.465878954721153,-5.852028480998088,-7.37197522177628,11.59237837111889,17.674652282698226,3.183860483497782,14.484818976650047,8.125423043777088,1.1030679544036652,9.254179250077177,17.717551775302624,4.271532328900467,18.402745324771253,-17.04409516547047,12.118673103849245,6.472809627083622,0.2108460957094644,7.710084653366973,-13.664608615803813,2.890265177293994,9.528840375920296,16.91159002767228,-1.9996916304290502,-6.435423569401053,-0.40227451279476906,10.718979827363134,4.115079022833862,-2.4826433950798505,11.15739606882722,7.570620373030122,14.54007381341286,-0.11312168415412785,3.088184219370572,-1.401711743340487,-8.768951083958767,8.149555346594056,4.244770246455988,6.785359363171706,1.998734546085258
4.620999999999878,0.08137442131955416,-2.3453192944981356,10.765425520845481,3.011999055138179,11.343916697910123,17.86302483490902,1.5603055597217423,1.2462980274323927,16.93713512225353,13.078929526331104,-2.750814230336828,5.97408943657817,-2.192183447924267,-1.4595692765860955,7.782690101810037,-14.64933535600125,-9.327074317867503,-3.9855844192017473,-3.6256148669184247,8.702076048130738,-6.678226755348527,-10.144973848759165,17.961027355077928,4.402328014978687,3.2174733613483273,-9.568835394213224,0.26396223564820875,2.9273738839315553,-7.164459005909312,10.463808494198748,-4.025866580827357,2.787809299335108,-3.9100726126782543,21.03160158936316,6.175715673831967,-7.056323005644164,14.405071927092578,-10.009128233917618,7.036969161527782,-13.067451321474747,-9.116231092650006,3.7844507048077505,10.863418446590686,4.679818172954904,0.33075105942657135,4.145975200940689,-11.008290688281914,-4.4992454518633735,1.791906091360929,12.30046945526567,8.0310446363993,-14.51745351217411,5.462898032625427,-2.410685362635877,-4.228222110850938,9.000472191951106,10.990901925238678,14.46752491422742,-6.4193077174365705,2.1232473327344534,6.283232857371933,15.567772502012687,0.04980497961036875,5.464242705535756,-5.872078250130324,-7.393822423910011,11.61070581791466,17.703854013617523,3.1844972114140586,14.506966564955768,8.134732694625923,1.0922424896594456,9.263484092535224,17.750389436979816,4.27289273846615,18.4361151282354,-17.09441313720438,12.137188084284636,6.4766274987962635,0.20694287904802883,7.713996799245564,-13.70228306374794,2.8879486698851258,9.538059557698407,16.943224838914997,-2.0079801044466428,-6.449516511111037,-0.41023272331857813,10.739364800065053,4.123730975374934,-2.4911616688073086,11.169738347837376,7.5746388543649665,14.561523643571391,-0.12508581568379307,3.0837079067865,-1.4074769760552477,-8.79614445257353,8.157554682483227,4.252068282247467,6.78753856265244,1.9961197337656367
4.630999999999881,0.07970987271793611,-2.343762336464746,10.777436734253593,3.011310699462639,11.358947399020026,17.895562362385057,1.5576994225751566,1.243692218641292,16.970796308911552,13.096355151262044,-2.7581267877076456,5.987017567797773,-2.199374871432633,-1.4668069413096183,7.789606277589239,-14.685524030546523,-9.359495744169887,-3.994753239438685,-3.643794558977233,8.710437925130535,-6.694310306511065,-10.17114299243799,17.992417260804228,4.399889419316841,3.2209008557899663,-9.595253427589611,0.2551515115055871,2.931669266073634,-7.18540194710988,10.473399384913538,-4.035802424277847,2.7840523546871223,-3.920029814574961,21.070724083401235,6.177522659685093,-7.0754002938754015,14.423599755682528,-10.03146817656916,7.043223363775757,-13.104567793604469,-9.140717883280084,3.7904648598730164,10.880264708538473,4.685322468926585,0.3305150241266882,4.142030057376785,-11.035784197741389,-4.511565405683388,1.7847702462896158,12.323688830137929,8.039993932538543,-14.550637384933488,5.4714566423612006,-2.4163100778963207,-4.2396836205091795,9.01478264807581,11.01359884603648,14.488227446957621,-6.434015137553139,2.1191400155653115,6.291935056347885,15.58936033490302,0.04229842520134481,5.4626064563503585,-5.892128019262559,-7.4156696260437425,11.62903326471043,17.73305574453682,3.1851339393303353,14.529114153261489,8.144042345474757,1.081417024915226,9.27278893499327,17.783227098657008,4.274253148031833,18.469484931699547,-17.14473110893829,12.155703064720027,6.480445370508905,0.20303966238659327,7.7179089451241545,-13.739957511692067,2.8856321624762575,9.547278739476518,16.974859650157715,-2.0162685784642354,-6.4636094528210215,-0.4181909338423872,10.759749772766972,4.132382927916006,-2.4996799425347667,11.182080626847531,7.578657335699811,14.582973473729922,-0.13704994721345815,3.079231594202428,-1.4132422087700083,-8.823337821188295,8.165554018372397,4.259366318038945,6.789717762133174,1.9935049214460154
4.6409999999998846,0.07799707813668695,-2.342614678244028,10.789447947661705,3.010622343787099,11.37397810012993,17.928099889861095,1.5550932854285708,1.2410864098501913,17.004457495569575,13.113780776192984,-2.7654393450784633,5.999945699017376,-2.2065662949409988,-1.4740446060331411,7.79652245336844,-14.721712705091795,-9.391917170472272,-4.003922059675621,-3.6619742510360416,8.71879980213033,-6.710393857673603,-10.197312136116814,18.023807166530528,4.397450823654994,3.2243283502316054,-9.621671460965999,0.24634078736296536,2.935964648215713,-7.206344888310448,10.482990275628328,-4.045738267728337,2.7802954100391366,-3.9299870164716673,21.10984657743931,6.1793296455382185,-7.094477582106639,14.442127584272477,-10.053808119220701,7.049477566023732,-13.14168426573419,-9.165204673910162,3.7964790149382823,10.89711097048626,4.690826764898266,0.33027898882680506,4.1380849138128815,-11.063277707200864,-4.523885359503403,1.7776344012183025,12.346908205010187,8.048943228677786,-14.583821257692865,5.480015252096974,-2.4219347931567645,-4.251145130167421,9.029093104200514,11.036295766834282,14.508929979687823,-6.448722557669708,2.1150326983961696,6.300637255323837,15.610948167793353,0.03479187079232087,5.460970207164961,-5.912177788394795,-7.437516828177474,11.647360711506199,17.762257475456117,3.185770667246612,14.55126174156721,8.153351996323591,1.0705915601710063,9.282093777451317,17.8160647603342,4.275613557597516,18.502854735163694,-17.195049080672202,12.174218045155419,6.484263242221546,0.1991364457251577,7.721821091002745,-13.777631959636194,2.8833156550673893,9.556497921254628,17.006494461400433,-2.024557052481828,-6.477702394531006,-0.4261491443661963,10.78013474546889,4.141034880457078,-2.5081982162622247,11.194422905857687,7.582675817034655,14.604423303888453,-0.14901407874312322,3.0747552816183563,-1.4190074414847689,-8.850531189803059,8.173553354261568,4.266664353830424,6.791896961613908,1.9908901091263942
4.650999999999888,0.07623764616959983,-2.3419033211150966,10.801459161069817,3.009933988111559,11.389008801239834,17.960637417337132,1.552487148281985,1.2384806010590905,17.038118682227598,13.131206401123924,-2.772751902449281,6.012873830236979,-2.2137577184493646,-1.481282270756664,7.803438629147641,-14.757901379637067,-9.424338596774657,-4.013090879912554,-3.68015394309485,8.727161679130127,-6.726477408836141,-10.223481279795639,18.055197072256828,4.395012227993147,3.2277558446732444,-9.648089494342386,0.23753006322034345,2.9402600303577917,-7.227287829511016,10.492581166343118,-4.055674111178828,2.776538465391151,-3.9399442183683737,21.148969071477385,6.181136631391344,-7.113554870337876,14.460655412862426,-10.076148061872242,7.055731768271707,-13.178800737863911,-9.18969146454024,3.8024931700035483,10.913957232434047,4.696331060869947,0.3300429535269219,4.134139770248978,-11.09077121666034,-4.536205313323418,1.7704985561469893,12.370127579882446,8.057892524817028,-14.617005130452242,5.488573861832748,-2.4275595084172084,-4.262606639825663,9.043403560325219,11.058992687632085,14.529632512418024,-6.4634299777862765,2.1109253812270277,6.3093394542997885,15.632536000683686,0.027285316383296933,5.459333957979564,-5.93222755752703,-7.459364030311205,11.665688158301968,17.791459206375414,3.1864073951628886,14.57340932987293,8.162661647172426,1.0597660954267867,9.291398619909364,17.848902422011392,4.276973967163198,18.53622453862784,-17.245367052406113,12.19273302559081,6.488081113934188,0.19523322906372215,7.725733236881336,-13.815306407580321,2.880999147658521,9.565717103032739,17.03812927264315,-2.0328455264994205,-6.49179533624099,-0.43410735489000535,10.80051971817081,4.14968683299815,-2.516716489989683,11.206765184867843,7.586694298369499,14.625873134046984,-0.1609782102727883,3.0702789690342844,-1.4247726741995295,-8.877724558417823,8.181552690150738,4.273962389621903,6.794076161094642,1.988275296806773
4.660999999999891,0.07443325516710507,-2.341659324829174,10.813470374477928,3.009245632436019,11.404039502349738,17.99317494481317,1.5498810111353993,1.2358747922679898,17.07177986888562,13.148632026054864,-2.7800644598200988,6.025801961456581,-2.2209491419577305,-1.4885199354801868,7.810354804926843,-14.79409005418234,-9.456760023077042,-4.022259700149488,-3.6983336351536584,8.735523556129923,-6.742560959998679,-10.249650423474463,18.086586977983128,4.392573632331301,3.2311833391148834,-9.674507527718774,0.22871933907772155,2.9445554124998705,-7.248230770711584,10.502172057057908,-4.065609954629318,2.772781520743165,-3.94990142026508,21.18809156551546,6.18294361724447,-7.1326321585691135,14.479183241452375,-10.098488004523784,7.061985970519682,-13.215917209993632,-9.214178255170319,3.808507325068814,10.930803494381834,4.701835356841628,0.3298069182270388,4.130194626685074,-11.118264726119815,-4.548525267143432,1.763362711075676,12.393346954754705,8.06684182095627,-14.650189003211619,5.497132471568522,-2.433184223677652,-4.274068149483904,9.057714016449923,11.081689608429887,14.550335045148225,-6.478137397902845,2.1068180640578857,6.31804165327574,15.654123833574019,0.019778761974272994,5.457697708794167,-5.9522773266592655,-7.481211232444936,11.684015605097738,17.82066093729471,3.1870441230791653,14.595556918178652,8.17197129802126,1.048940630682567,9.30070346236741,17.881740083688584,4.278334376728881,18.56959434209199,-17.295685024140024,12.211248006026201,6.491898985646829,0.1913300124022866,7.7296453827599265,-13.852980855524448,2.878682640249653,9.57493628481085,17.069764083885868,-2.041134000517013,-6.505888277950975,-0.4420655654138144,10.820904690872728,4.158338785539223,-2.525234763717141,11.219107463877998,7.590712779704344,14.647322964205514,-0.17294234180245338,3.0658026564502125,-1.43053790691429,-8.904917927032587,8.189552026039909,4.2812604254133815,6.796255360575376,1.9856604844871517
4.670999999999895,0.07258565628600991,-2.3419183754848736,10.82548158788604,3.008557276760479,11.419070203459642,18.025712472289207,1.5472748739888136,1.233268983476889,17.105441055543643,13.166057650985804,-2.7873770171909165,6.038730092676184,-2.2281405654660964,-1.4957576002037096,7.817270980706044,-14.830278728727611,-9.489181449379426,-4.031428520386421,-3.716513327212467,8.74388543312972,-6.758644511161217,-10.275819567153288,18.117976883709428,4.390135036669454,3.2346108335565225,-9.700925561095161,0.21990861493509964,2.9488507946419493,-7.269173711912152,10.511762947772699,-4.075545798079808,2.7690245760951795,-3.9598586221617866,21.227214059553535,6.184750603097595,-7.151709446800351,14.497711070042325,-10.120827947175325,7.068240172767657,-13.253033682123354,-9.238665045800397,3.81452148013408,10.947649756329621,4.707339652813309,0.32957088292715564,4.12624948312117,-11.14575823557929,-4.560845220963447,1.7562268660043627,12.416566329626963,8.075791117095513,-14.683372875970996,5.505691081304295,-2.438808938938096,-4.285529659142146,9.072024472574627,11.104386529227689,14.571037577878426,-6.492844818019414,2.102710746888744,6.326743852251692,15.675711666464352,0.012272207565249065,5.45606145960877,-5.972327095791501,-7.5030584345786675,11.702343051893507,17.84986266821401,3.187680850995442,14.617704506484372,8.181280948870095,1.0381151659383474,9.310008304825457,17.914577745365776,4.279694786294564,18.602964145556136,-17.346002995873935,12.229762986461592,6.49571685735947,0.18742679574085103,7.733557528638517,-13.890655303468575,2.8763661328407846,9.58415546658896,17.101398895128586,-2.0494224745346057,-6.519981219660959,-0.4500237759376235,10.841289663574647,4.166990738080295,-2.533753037444599,11.231449742888154,7.594731261039188,14.668772794364045,-0.18490647333211846,3.0613263438661407,-1.4363031396290507,-8.932111295647351,8.19755136192908,4.28855846120486,6.79843456005611,1.9830456721675305
4.680999999999898,0.07069667779524011,-2.3427214606908016,10.837492801294152,3.007868921084939,11.434100904569545,18.058249999765245,1.5446687368422278,1.2306631746857883,17.139102242201666,13.183483275916744,-2.794689574561734,6.051658223895787,-2.2353319889744623,-1.5029952649272325,7.824187156485245,-14.866467403272884,-9.521602875681811,-4.040597340623354,-3.7346930192712753,8.752247310129516,-6.774728062323755,-10.301988710832113,18.149366789435728,4.387696441007607,3.2380383279981615,-9.727343594471549,0.21109789079247773,2.953146176784028,-7.29011665311272,10.521353838487489,-4.085481641530299,2.765267631447194,-3.969815824058493,21.26633655359161,6.186557588950721,-7.170786735031588,14.516238898632274,-10.143167889826866,7.074494375015632,-13.290150154253075,-9.263151836430476,3.820535635199346,10.964496018277408,4.7128439487849905,0.3293348476272725,4.1223043395572665,-11.173251745038765,-4.573165174783462,1.7490910209330495,12.439785704499222,8.084740413234755,-14.716556748730373,5.514249691040069,-2.44443365419854,-4.296991168800387,9.086334928699332,11.127083450025491,14.591740110608628,-6.5075522381359825,2.098603429719602,6.335446051227644,15.697299499354685,0.004765653156225144,5.454425210423373,-5.992376864923736,-7.524905636712399,11.720670498689277,17.879064399133306,3.1883175789117186,14.639852094790093,8.190590599718929,1.0272897011941278,9.319313147283504,17.947415407042968,4.2810551958602465,18.636333949020283,-17.396320967607846,12.248277966896984,6.499534729072112,0.18352357907941547,7.737469674517108,-13.928329751412702,2.8740496254319163,9.593374648367071,17.133033706371304,-2.0577109485521983,-6.534074161370944,-0.45798198646143257,10.861674636276566,4.175642690621367,-2.542271311172057,11.24379202189831,7.598749742374032,14.690222624522576,-0.19687060486178354,3.056850031282069,-1.4420683723438112,-8.959304664262115,8.20555069781825,4.295856496996339,6.800613759536844,1.9804308598479092
4.690999999999901,0.0687682308942641,-2.3441156750342578,10.849504014702264,3.0071805654093993,11.44913160567945,18.090787527241282,1.542062599695642,1.2280573658946876,17.17276342885969,13.200908900847685,-2.802002131932552,6.06458635511539,-2.242523412482828,-1.5102329296507553,7.831103332264447,-14.902656077818156,-9.554024301984196,-4.049766160860288,-3.7528727113300837,8.760609187129312,-6.790811613486293,-10.328157854510938,18.180756695162028,4.385257845345761,3.2414658224398005,-9.753761627847936,0.20228716664985583,2.957441558926107,-7.311059594313288,10.530944729202279,-4.095417484980789,2.761510686799208,-3.9797730259551996,21.305459047629686,6.188364574803846,-7.1898640232628255,14.534766727222223,-10.165507832478408,7.080748577263607,-13.327266626382796,-9.287638627060554,3.826549790264612,10.981342280225196,4.718348244756672,0.32909881232738936,4.118359195993363,-11.20074525449824,-4.585485128603477,1.7419551758617362,12.46300507937148,8.093689709373997,-14.74974062148975,5.522808300775843,-2.4500583694589837,-4.308452678458629,9.100645384824036,11.149780370823294,14.612442643338829,-6.522259658252551,2.09449611255046,6.344148250203595,15.718887332245018,-0.0027409012527987776,5.452788961237975,-6.012426634055972,-7.54675283884613,11.738997945485046,17.908266130052603,3.1889543068279953,14.661999683095814,8.199900250567763,1.0164642364499081,9.32861798974155,17.98025306872016,4.282415605425929,18.66970375248443,-17.446638939341756,12.266792947332375,6.503352600784753,0.1796203624179799,7.7413818203956986,-13.96600419935683,2.871733118023048,9.602593830145182,17.16466851761402,-2.065999422569791,-6.548167103080928,-0.46594019698524164,10.882059608978485,4.184294643162439,-2.550789584899515,11.256134300908466,7.6027682237088765,14.711672454681107,-0.20883473639144862,3.052373718697997,-1.4478336050585718,-8.986498032876879,8.21355003370742,4.303154532787818,6.802792959017578,1.977816047528288
4.700999999999905,0.066802317367426,-2.346155184509207,10.861515228110376,3.0064922097338593,11.464162306789353,18.12332505471732,1.5394564625490563,1.2254515571035869,17.20642461551771,13.218334525778625,-2.8093146893033696,6.077514486334993,-2.249714835991194,-1.5174705943742781,7.838019508043648,-14.938844752363428,-9.58644572828658,-4.058934981097221,-3.771052403388892,8.768971064129108,-6.8068951646488305,-10.354326998189762,18.212146600888328,4.382819249683914,3.2448933168814396,-9.780179661224324,0.19347644250723392,2.9617369410681857,-7.332002535513856,10.540535619917069,-4.1053533284312795,2.7577537421512224,-3.989730227851906,21.34458154166776,6.190171560656972,-7.208941311494063,14.553294555812172,-10.18784777512995,7.087002779511582,-13.364383098512517,-9.312125417690632,3.832563945329878,10.998188542172983,4.723852540728353,0.3288627770275062,4.114414052429459,-11.228238763957716,-4.597805082423491,1.734819330790423,12.48622445424374,8.10263900551324,-14.782924494249126,5.5313669105116166,-2.4556830847194275,-4.31991418811687,9.11495584094874,11.172477291621096,14.63314517606903,-6.53696707836912,2.090388795381318,6.352850449179547,15.74047516513535,-0.0102474556618227,5.451152712052578,-6.032476403188207,-7.568600040979861,11.757325392280816,17.9374678609719,3.189591034744272,14.684147271401535,8.209209901416598,1.0056387717056885,9.337922832199597,18.01309073039735,4.283776014991612,18.703073555948578,-17.496956911075667,12.285307927767766,6.507170472497394,0.17571714575654435,7.745293966274289,-14.003678647300957,2.86941661061418,9.611813011923292,17.19630332885674,-2.0742878965873834,-6.5622600447909125,-0.4738984075090507,10.902444581680404,4.1929465957035115,-2.559307858626973,11.268476579918621,7.606786705043721,14.733122284839638,-0.2207988679211137,3.047897406113925,-1.4535988377733324,-9.013691401491643,8.221549369596591,4.310452568579296,6.8049721584983125,1.9752012352086668
4.710999999999908,0.06480103948373418,-2.348902385702623,10.873526441518488,3.0058038540583194,11.479193007899257,18.155862582193357,1.5368503254024706,1.2228457483124862,17.240085802175734,13.235760150709565,-2.8166272466741873,6.090442617554595,-2.25690625949956,-1.524708259097801,7.8449356838228494,-14.9750334269087,-9.618867154588965,-4.068103801334154,-3.7892320954477006,8.777332941128904,-6.822978715811368,-10.380496141868587,18.243536506614628,4.380380654022067,3.2483208113230786,-9.806597694600711,0.184665718364612,2.9660323232102646,-7.352945476714424,10.55012651063186,-4.11528917188177,2.7539967975032367,-3.9996874297486125,21.383704035705836,6.191978546510097,-7.2280185997253,14.571822384402122,-10.21018771778149,7.093256981759557,-13.401499570642239,-9.33661220832071,3.838578100395144,11.01503480412077,4.729356836700034,0.3286267417276231,4.110468908865555,-11.255732273417191,-4.610125036243506,1.7276834857191097,12.509443829115998,8.111588301652482,-14.816108367008503,5.53992552024739,-2.4613077999798714,-4.331375697775112,9.129266297073444,11.195174212418898,14.653847708799232,-6.5516744984856885,2.086281478212176,6.361552648155499,15.762062998025684,-0.017754010070846624,5.449516462867181,-6.052526172320443,-7.5904472431135925,11.775652839076585,17.966669591891197,3.1902277626605486,14.706294859707256,8.218519552265432,0.9948133069614683,9.347227674657644,18.045928392074543,4.285136424557295,18.736443359412725,-17.547274882809578,12.303822908203157,6.510988344210036,0.17181392909510879,7.74920611215288,-14.041353095245084,2.8671001032053116,9.621032193701403,17.227938140099457,-2.082576370604976,-6.576352986500897,-0.4818566180328598,10.922829554382323,4.201598548244584,-2.567826132354431,11.280818858928777,7.610805186378565,14.754572114998169,-0.23276299945077877,3.043421093529853,-1.459364070488093,-9.040884770106407,8.229548705485762,4.317750604370775,6.807151357979047,1.9725864228890455
4.720999999999911,0.06276661266426452,-2.352429304621608,10.8855376549266,3.0051154983827795,11.49422370900916,18.188400109669395,1.5342441882558848,1.2202399395213854,17.273746988833757,13.253185775640505,-2.823939804045005,6.103370748774198,-2.264097683007926,-1.5319459238213238,7.851851859602051,-15.011222101453972,-9.65128858089135,-4.077272621571088,-3.807411787506509,8.7856948181287,-6.839062266973906,-10.406665285547412,18.27492641234093,4.377942058360221,3.2517483057647176,-9.833015727977099,0.1758549942219901,2.9703277053523434,-7.3738884179149915,10.55971740134665,-4.12522501533226,2.750239852855251,-4.0096446316453145,21.42282652974391,6.193785532363223,-7.2470958879565375,14.590350212992071,-10.232527660433032,7.0995111840075324,-13.43861604277196,-9.361098998950789,3.8445922554604097,11.031881066068557,4.734861132671715,0.32839070642773993,4.1065237653016515,-11.283225782876666,-4.622444990063521,1.7205476406477964,12.532663203988257,8.120537597791724,-14.84929223976788,5.548484129983164,-2.466932515240315,-4.342837207433353,9.143576753198149,11.2178711332167,14.674550241529433,-6.566381918602257,2.082174161043034,6.37025484713145,15.783650830916017,-0.025260564479870563,5.447880213681784,-6.072575941452678,-7.612294445247324,11.793980285872355,17.995871322810494,3.1908644905768253,14.728442448012977,8.227829203114267,0.9839878422172476,9.35653251711569,18.078766053751735,4.286496834122977,18.769813162876872,-17.59759285454349,12.322337888638549,6.514806215922677,0.16791071243367323,7.753118258031471,-14.079027543189211,2.8647835957964434,9.630251375479514,17.259572951342175,-2.0908648446225686,-6.590445928210881,-0.48981482855666886,10.943214527084242,4.210250500785656,-2.576344406081889,11.293161137938933,7.614823667713409,14.7760219451567,-0.24472713098044385,3.0389447809457812,-1.4651293032028536,-9.068078138721171,8.237548041374932,4.325048640162254,6.809330557459781,1.9699716105694243
4.730999999999915,0.06070138158711218,-2.3568192916055115,10.897548868334711,3.0044271427072395,11.509254410119064,18.220937637145433,1.531638051109299,1.2176341307302847,17.30740817549178,13.270611400571445,-2.8312523614158227,6.116298879993801,-2.2712891065162917,-1.5391835885448466,7.858768035381252,-15.047410775999245,-9.683710007193735,-4.086441441808021,-3.8255914795653174,8.794056695128496,-6.855145818136444,-10.432834429226236,18.30631631806723,4.375503462698374,3.2551758002063567,-9.859433761353486,0.1670442700793682,2.974623087494422,-7.394831359115559,10.56930829206144,-4.135160858782751,2.7464829082072653,-4.0196018335420165,21.461949023781987,6.1955925182163485,-7.266173176187775,14.60887804158202,-10.254867603084573,7.1057653862555075,-13.475732514901681,-9.385585789580867,3.8506064105256756,11.048727328016344,4.740365428643396,0.3281546711278568,4.102578621737748,-11.310719292336142,-4.634764943883535,1.7134117955764832,12.555882578860516,8.129486893930967,-14.882476112527257,5.557042739718938,-2.472557230500759,-4.354298717091595,9.157887209322853,11.240568054014503,14.695252774259634,-6.581089338718826,2.0780668438738923,6.378957046107402,15.80523866380635,-0.0327671188888945,5.446243964496387,-6.0926257105849135,-7.634141647381055,11.812307732668124,18.02507305372979,3.191501218493102,14.750590036318698,8.237138853963101,0.9731623774730268,9.365837359573737,18.111603715428927,4.28785724368866,18.80318296634102,-17.6479108262774,12.34085286907394,6.5186240876353185,0.16400749577223767,7.757030403910061,-14.116701991133338,2.862467088387575,9.639470557257624,17.291207762584893,-2.099153318640161,-6.604538869920866,-0.49777303908047793,10.963599499786161,4.218902453326728,-2.5848626798093473,11.305503416949088,7.618842149048254,14.79747177531523,-0.2566912625101091,3.0344684683617094,-1.4708945359176142,-9.095271507335935,8.245547377264103,4.332346675953732,6.811509756940515,1.967356798249803
4.740999999999918,0.05860784059483374,-2.362169083485871,10.909560081742823,3.0037387870316996,11.524285111228968,18.25347516462147,1.5290319139627133,1.215028321939184,17.341069362149803,13.288037025502385,-2.8385649187866404,6.129227011213404,-2.2784805300246576,-1.5464212532683694,7.8656842111604535,-15.083599450544517,-9.71613143349612,-4.095610262044954,-3.843771171624126,8.802418572128293,-6.871229369298982,-10.459003572905061,18.33770622379353,4.373064867036527,3.2586032946479957,-9.885851794729874,0.1582335459367463,2.978918469636501,-7.415774300316127,10.57889918277623,-4.145096702233241,2.7427259635592796,-4.0295590354387185,21.501071517820062,6.197399504069474,-7.285250464419012,14.62740587017197,-10.277207545736115,7.1120195885034825,-13.512848987031402,-9.410072580210946,3.8566205655909416,11.065573589964131,4.745869724615077,0.32791863582797365,4.098633478173844,-11.338212801795617,-4.64708489770355,1.70627595050517,12.579101953732774,8.138436190070209,-14.915659985286634,5.565601349454711,-2.478181945761203,-4.3657602267498365,9.172197665447557,11.263264974812305,14.715955306989835,-6.5957967588353945,2.0739595267047504,6.387659245083354,15.826826496696683,-0.040273673297918436,5.4446077153109895,-6.112675479717149,-7.655988849514786,11.830635179463894,18.05427478464909,3.1921379464093786,14.772737624624419,8.246448504811935,0.9623369127288061,9.375142202031784,18.14444137710612,4.289217653254343,18.836552769805166,-17.69822879801131,12.359367849509331,6.52244195934796,0.1601042791108021,7.760942549788652,-14.154376439077465,2.860150580978707,9.648689739035735,17.32284257382761,-2.1074417926577538,-6.61863181163085,-0.5057312496042866,10.98398447248808,4.2275544058678,-2.5933809535368053,11.317845695959244,7.622860630383098,14.818921605473761,-0.26865539403977445,3.0299921557776375,-1.4766597686323748,-9.1224648759507,8.253546713153273,4.339644711745211,6.813688956421249,1.9647419859301818
4.750999999999921,0.05648865952805297,-2.3685913228622426,10.921571295150935,3.0030504313561597,11.539315812338872,18.286012692097508,1.5264257768161276,1.2124225131480832,17.374730548807825,13.305462650433325,-2.845877476157458,6.1421551424330065,-2.2856719535330234,-1.5536589179918923,7.872600386939655,-15.119788125089789,-9.748552859798504,-4.104779082281888,-3.8619508636829343,8.810780449128089,-6.88731292046152,-10.485172716583886,18.36909612951983,4.370626271374681,3.2620307890896347,-9.912269828106261,0.1494228217941244,2.98321385177858,-7.436717241516695,10.58849007349102,-4.155032545683731,2.738969018911294,-4.0395162373354205,21.540194011858137,6.1992064899226,-7.3043277526502495,14.645933698761919,-10.299547488387656,7.1182737907514575,-13.549965459161124,-9.434559370841024,3.8626347206562075,11.082419851911919,4.751374020586758,0.3276826005280905,4.09468833460994,-11.365706311255092,-4.659404851523565,1.6991401054338566,12.602321328605033,8.147385486209451,-14.948843858046011,5.574159959190485,-2.4838066610216467,-4.377221736408078,9.186508121572261,11.285961895610107,14.736657839720037,-6.610504178951963,2.0698522095356084,6.3963614440593055,15.848414329587015,-0.047780227706942374,5.442971466125592,-6.132725248849384,-7.677836051648518,11.848962626259663,18.083476515568385,3.1927746743256553,14.79488521293014,8.25575815566077,0.9515114479845853,9.38444704448983,18.17727903878331,4.290578062820026,18.869922573269314,-17.74854676974522,12.377882829944722,6.526259831060601,0.15620106244936655,7.764854695667243,-14.192050887021592,2.8578340735698387,9.657908920813846,17.35447738507033,-2.1157302666753464,-6.632724753340835,-0.5136894601280951,11.00436944519,4.2362063584088725,-2.6018992272642634,11.3301879749694,7.626879111717942,14.840371435632292,-0.2806195255694398,3.0255158431935656,-1.4824250013471354,-9.149658244565464,8.261546049042444,4.34694274753669,6.815868155901983,1.9621271736105605
4.760999999999925,0.05434671645391992,-2.376217648028527,10.933582508559047,3.0023620756806197,11.554346513448776,18.318550219573545,1.5238196396695418,1.2098167043569825,17.408391735465848,13.322888275364265,-2.853190033528276,6.155083273652609,-2.2928633770413893,-1.560896582715415,7.879516562718856,-15.155976799635061,-9.78097428610089,-4.113947902518821,-3.8801305557417427,8.819142326127885,-6.903396471624058,-10.51134186026271,18.40048603524613,4.368187675712834,3.2654582835312738,-9.938687861482649,0.14061209765150248,2.9875092339206586,-7.457660182717263,10.59808096420581,-4.164968389134222,2.735212074263308,-4.0494734392321226,21.579316505896212,6.201013475775725,-7.323405040881487,14.664461527351868,-10.321887431039197,7.1245279929994325,-13.587081931290845,-9.459046161471102,3.8686488757214734,11.099266113859706,4.756878316558439,0.32744656522820736,4.090743191046037,-11.393199820714567,-4.67172480534358,1.6920042603625434,12.625540703477292,8.156334782348694,-14.982027730805388,5.582718568926259,-2.4894313762820905,-4.38868324606632,9.200818577696966,11.30865881640791,14.757360372450238,-6.625211599068532,2.0657448923664665,6.405063643035257,15.870002162477348,-0.05528678211596631,5.441335216940195,-6.15277501798162,-7.699683253782249,11.867290073055432,18.112678246487683,3.193411402241932,14.817032801235861,8.265067806509604,0.9406859832403646,9.393751886947877,18.210116700460503,4.291938472385708,18.90329237673346,-17.798864741479132,12.396397810380114,6.530077702773243,0.15229784578793099,7.768766841545833,-14.22972533496572,2.8555175661609704,9.667128102591956,17.386112196313046,-2.124018740692939,-6.646817695050819,-0.5216476706519036,11.024754417891918,4.244858310949945,-2.6104175009917214,11.342530253979556,7.6308975930527865,14.861821265790823,-0.29258365709910517,3.0210395306094937,-1.488190234061896,-9.176851613180228,8.269545384931615,4.354240783328168,6.818047355382717,1.9595123612909393
4.770999999999928,0.05218513922020736,-2.385202496770776,10.945593721967159,3.00167372000508,11.56937721455868,18.351087747049583,1.521213502522956,1.2072108955658818,17.44205292212387,13.340313900295206,-2.8605025908990935,6.168011404872212,-2.300054800549755,-1.568134247438938,7.8864327384980575,-15.192165474180333,-9.813395712403274,-4.123116722755754,-3.898310247800551,8.827504203127681,-6.919480022786596,-10.537511003941535,18.43187594097243,4.365749080050987,3.268885777972913,-9.965105894859036,0.13180137350888058,2.9918046160627374,-7.478603123917831,10.6076718549206,-4.174904232584712,2.7314551296153224,-4.059430641128825,21.618438999934288,6.202820461628851,-7.342482329112724,14.682989355941817,-10.344227373690739,7.1307821952474075,-13.624198403420566,-9.48353295210118,3.8746630307867393,11.116112375807493,4.7623826125301205,0.3272105299283242,4.086798047482133,-11.420693330174043,-4.684044759163594,1.68486841529123,12.64876007834955,8.165284078487936,-15.015211603564765,5.5912771786620326,-2.4950560915425344,-4.400144755724561,9.21512903382167,11.331355737205712,14.77806290518044,-6.6399190191851005,2.0616375751973246,6.413765842011209,15.891589995367681,-0.06279333652499025,5.439698967754798,-6.172824787113855,-7.72153045591598,11.885617519851202,18.14187997740698,3.1940481301582087,14.839180389541582,8.274377457358439,0.9298605184961438,9.403056729405924,18.242954362137695,4.293298881951391,18.936662180197608,-17.849182713213043,12.414912790815505,6.533895574485884,0.14839462912649543,7.772678987424424,-14.267399782909846,2.853201058752102,9.676347284370067,17.417747007555764,-2.1323072147105315,-6.6609106367608035,-0.5296058811757122,11.045139390593837,4.253510263491017,-2.6189357747191795,11.354872532989711,7.634916074387631,14.883271095949354,-0.3045477886287705,3.016563218025422,-1.4939554667766566,-9.204044981794992,8.277544720820785,4.361538819119647,6.820226554863451,1.956897548971318
4.780999999999931,0.050007358386870426,-2.3957278039293928,10.95760493537527,3.00098536432954,11.584407915668583,18.38362527452562,1.5186073653763703,1.204605086774781,17.475714108781894,13.357739525226146,-2.8678151482699112,6.180939536091815,-2.307246224058121,-1.5753719121624608,7.893348914277259,-15.228354148725606,-9.845817138705659,-4.132285542992688,-3.9164899398593596,8.835866080127477,-6.935563573949134,-10.56368014762036,18.46326584669873,4.363310484389141,3.272313272414552,-9.991523928235424,0.12299064936625871,2.996099998204816,-7.499546065118399,10.61726274563539,-4.1848400760352025,2.7276981849673367,-4.069387843025527,21.657561493972363,6.204627447481976,-7.3615596173439615,14.701517184531767,-10.36656731634228,7.1370363974953825,-13.661314875550287,-9.508019742731259,3.8806771858520053,11.13295863775528,4.767886908501802,0.3269744946284411,4.082852903918229,-11.448186839633518,-4.696364712983609,1.6777325702199168,12.671979453221809,8.174233374627178,-15.048395476324142,5.599835788397806,-2.500680806802978,-4.411606265382803,9.229439489946374,11.354052658003514,14.79876543791064,-6.654626439301669,2.0575302580281827,6.422468040987161,15.913177828258014,-0.07029989093401412,5.438062718569401,-6.192874556246091,-7.743377658049711,11.903944966646971,18.171081708326277,3.1946848580744853,14.861327977847303,8.283687108207273,0.9190350537519231,9.41236157186397,18.275792023814887,4.294659291517074,18.970031983661755,-17.899500684946954,12.433427771250896,6.537713446198525,0.14449141246505987,7.776591133303015,-14.305074230853974,2.850884551343234,9.685566466148178,17.449381818798482,-2.140595688728124,-6.675003578470788,-0.5375640916995207,11.065524363295756,4.262162216032089,-2.6274540484466375,11.367214811999867,7.638934555722475,14.904720926107885,-0.3165119201584359,3.01208690544135,-1.4997206994914172,-9.231238350409756,8.285544056709956,4.368836854911126,6.822405754344185,1.9542827366516968
4.790999999999935,0.04781717492317937,-2.408008816727875,10.969616148783382,3.000297008654,11.599438616778487,18.416162802001658,1.5160012282297846,1.2019992779836803,17.509375295439916,13.375165150157086,-2.875127705640729,6.193867667311418,-2.314437647566487,-1.5826095768859836,7.90026509005646,-15.264542823270878,-9.878238565008044,-4.141454363229621,-3.934669631918168,8.844227957127273,-6.951647125111672,-10.589849291299185,18.49465575242503,4.360871888727294,3.275740766856191,-10.017941961611811,0.11417992522363694,3.000395380346895,-7.520489006318967,10.62685363635018,-4.194775919485693,2.723941240319351,-4.079345044922229,21.696683988010438,6.206434433335102,-7.380636905575199,14.720045013121716,-10.388907258993822,7.143290599743358,-13.698431347680009,-9.532506533361337,3.886691340917271,11.149804899703067,4.773391204473483,0.32673845932855794,4.078907760354325,-11.475680349092993,-4.708684666803624,1.6705967251486036,12.695198828094068,8.18318267076642,-15.081579349083519,5.60839439813358,-2.506305522063422,-4.423067775041044,9.243749946071079,11.376749578801316,14.819467970640842,-6.669333859418238,2.0534229408590408,6.431170239963112,15.934765661148347,-0.07780644534303799,5.436426469384004,-6.212924325378326,-7.765224860183443,11.922272413442741,18.200283439245574,3.195321585990762,14.883475566153024,8.292996759056107,0.9082095890077023,9.421666414322017,18.30862968549208,4.2960197010827565,19.003401787125902,-17.949818656680865,12.451942751686287,6.541531317911167,0.1405881958036243,7.780503279181605,-14.3427486787981,2.8485680439343657,9.694785647926288,17.4810166300412,-2.1488841627457167,-6.689096520180772,-0.5455223022233292,11.085909335997675,4.270814168573161,-2.6359723221740956,11.379557091010023,7.642953037057319,14.926170756266416,-0.32847605168810123,3.007610592857278,-1.5054859322061778,-9.25843171902452,8.293543392599126,4.3761348907026045,6.824584953824919,1.9516679243320756
4.800999999999938,0.04561884718428444,-2.4223013024453013,10.981627362191494,2.99960865297846,11.61446931788839,18.448700329477695,1.5133950910831988,1.1993934691925796,17.54303648209794,13.392590775088026,-2.8824402630115467,6.2067957985310205,-2.321629071074853,-1.5898472416095064,7.9071812658356615,-15.30073149781615,-9.910659991310428,-4.150623183466554,-3.9528493239769764,8.85258983412707,-6.9677306762742095,-10.61601843497801,18.52604565815133,4.358433293065447,3.27916826129783,-10.044359994988199,0.10536920108101518,3.004690762488974,-7.541431947519535,10.63644452706497,-4.204711762936183,2.7201842956713653,-4.089302246818931,21.735806482048513,6.208241419188227,-7.399714193806436,14.738572841711665,-10.411247201645363,7.149544801991333,-13.73554781980973,-9.556993323991415,3.892705495982537,11.166651161650854,4.778895500445164,0.3265024240286748,4.074962616790422,-11.503173858552469,-4.7210046206236385,1.6634608800772903,12.718418202966326,8.192131966905663,-15.114763221842896,5.616953007869354,-2.511930237323866,-4.434529284699286,9.258060402195783,11.399446499599119,14.840170503371043,-6.6840412795348065,2.049315623689899,6.439872438939064,15.95635349403868,-0.08531299975206186,5.4347902201986065,-6.232974094510562,-7.787072062317174,11.94059986023851,18.22948517016487,3.1959583139070387,14.905623154458745,8.302306409904942,0.8973841242634816,9.430971256780063,18.34146734716927,4.297380110648439,19.03677159059005,-18.000136628414776,12.470457732121679,6.545349189623808,0.13668497914218875,7.784415425060196,-14.380423126742228,2.8462515365254974,9.704004829704399,17.512651441283918,-2.1571726367633093,-6.703189461890757,-0.5534805127471377,11.106294308699594,4.2794661211142335,-2.6444905959015537,11.391899370020178,7.646971518392164,14.947620586424947,-0.3404401832177666,3.003134280273206,-1.5112511649209384,-9.285625087639284,8.301542728488297,4.383432926494083,6.826764153305653,1.9490531120124543
4.810999999999941,0.04341720319058507,-2.4389104757807067,10.993638575599606,2.99892029730292,11.629500018998295,18.481237856953733,1.510788953936613,1.1967876604014789,17.576697668755962,13.410016400018966,-2.8897528203823644,6.219723929750623,-2.3288204945832187,-1.5970849063330292,7.914097441614863,-15.336920172361422,-9.943081417612813,-4.159792003703488,-3.971029016035785,8.860951711126866,-6.983814227436747,-10.642187578656834,18.55743556387763,4.355994697403601,3.282595755739469,-10.070778028364586,0.09655847693839341,3.0089861446310526,-7.562374888720103,10.64603541777976,-4.214647606386674,2.7164273510233796,-4.099259448715633,21.77492897608659,6.210048405041353,-7.4187914820376735,14.757100670301615,-10.433587144296904,7.155799004239308,-13.772664291939451,-9.581480114621494,3.898719651047803,11.183497423598642,4.784399796416845,0.32626638872879166,4.071017473226518,-11.530667368011944,-4.733324574443653,1.656325035005977,12.741637577838585,8.201081263044905,-15.147947094602273,5.625511617605127,-2.5175549525843097,-4.445990794357527,9.272370858320487,11.422143420396921,14.860873036101244,-6.698748699651375,2.045208306520757,6.448574637915016,15.977941326929013,-0.09281955416108573,5.433153971013209,-6.253023863642797,-7.808919264450905,11.95892730703428,18.258686901084168,3.1965950418233153,14.927770742764466,8.311616060753776,0.8865586595192608,9.44027609923811,18.374305008846463,4.298740520214122,19.070141394054197,-18.050454600148687,12.48897271255707,6.549167061336449,0.13278176248075318,7.788327570938787,-14.418097574686355,2.843935029116629,9.71322401148251,17.544286252526636,-2.165461110780902,-6.717282403600741,-0.5614387232709462,11.126679281401513,4.288118073655306,-2.6530088696290117,11.404241649030334,7.650989999727008,14.969070416583477,-0.35240431474743195,2.9986579676891343,-1.517016397635699,-9.312818456254048,8.309542064377467,4.390730962285562,6.828943352786387,1.946438299692833
4.820999999999945,0.04121778623806169,-2.4582020169160006,11.005649789007718,2.99823194162738,11.644530720108198,18.51377538442977,1.5081828167900273,1.1941818516103782,17.610358855413985,13.427442024949906,-2.897065377753182,6.232652060970226,-2.3360119180915846,-1.604322571056552,7.921013617394064,-15.373108846906694,-9.975502843915198,-4.168960823940421,-3.9892087080945933,8.869313588126662,-6.999897778599285,-10.668356722335659,18.58882546960393,4.353556101741754,3.286023250181108,-10.097196061740974,0.08774775279577164,3.0132815267731314,-7.583317829920671,10.65562630849455,-4.224583449837164,2.712670406375394,-4.109216650612335,21.814051470124664,6.2118553908944785,-7.437868770268911,14.775628498891564,-10.455927086948446,7.162053206487283,-13.809780764069172,-9.605966905251572,3.904733806113069,11.200343685546429,4.789904092388526,0.3260303534289085,4.067072329662614,-11.558160877471419,-4.745644528263668,1.6491891899346638,12.764856952710844,8.210030559184148,-15.18113096736165,5.634070227340901,-2.5231796678447536,-4.457452304015769,9.286681314445191,11.444840341194723,14.881575568831446,-6.713456119767944,2.041100989351615,6.457276836890967,15.999529159819346,-0.1003261085701096,5.431517721827812,-6.2730736327750325,-7.830766466584636,11.97725475383005,18.287888632003465,3.197231769739592,14.949918331070187,8.32092571160261,0.8757331947750401,9.449580941696157,18.407142670523655,4.300100929779805,19.103511197518344,-18.100772571882597,12.507487692992461,6.552984933049091,0.12887854581931762,7.792239716817377,-14.455772022630482,2.841618521707761,9.72244319326062,17.575921063769353,-2.1737495847984944,-6.731375345310726,-0.5693969337947548,11.147064254103432,4.296770026196378,-2.66152714335647,11.41658392804049,7.655008481061852,14.990520246742008,-0.3643684462770973,2.9941816551050624,-1.5227816303504595,-9.340011824868812,8.317541400266638,4.398028998077041,6.8311225522671215,1.9438234873732119
4.830999999999948,0.03902704447994387,-2.4806155602020734,11.01766100241583,2.9975435859518402,11.659561421218102,18.546312911905808,1.5055766796434416,1.1915760428192774,17.644020042072007,13.444867649880846,-2.9043779351239998,6.245580192189829,-2.3432033415999505,-1.611560235780075,7.9279297931732655,-15.409297521451967,-10.007924270217583,-4.178129644177354,-4.007388400153402,8.877675465126458,-7.015981329761823,-10.694525866014484,18.62021537533023,4.351117506079907,3.289450744622747,-10.123614095117361,0.07893702865314987,3.0175769089152102,-7.604260771121239,10.66521719920934,-4.234519293287654,2.708913461727408,-4.119173852509037,21.85317396416274,6.213662376747604,-7.456946058500148,14.794156327481513,-10.478267029599987,7.168307408735258,-13.846897236198894,-9.63045369588165,3.910747961178335,11.217189947494216,4.795408388360207,0.3257943181290254,4.06312718609871,-11.585654386930894,-4.757964482083683,1.6420533448633505,12.788076327583102,8.21897985532339,-15.214314840121027,5.642628837076675,-2.5288043831051974,-4.4689138136740105,9.300991770569896,11.467537261992526,14.902278101561647,-6.7281635398845125,2.036993672182473,6.465979035866919,16.02111699270968,-0.10783266297913346,5.429881472642415,-6.293123401907268,-7.852613668718368,11.995582200625819,18.317090362922762,3.1978684976558687,14.972065919375908,8.330235362451445,0.8649077300308193,9.458885784154203,18.439980332200847,4.3014613393454875,19.13688100098249,-18.151090543616508,12.526002673427852,6.556802804761732,0.12497532915788208,7.796151862695968,-14.493446470574609,2.8393020142988927,9.73166237503873,17.60755587501207,-2.182038058816087,-6.74546828702071,-0.5773551443185633,11.167449226805351,4.30542197873745,-2.670045417083928,11.428926207050646,7.6590269623966964,15.011970076900539,-0.37633257780676266,2.9897053425209905,-1.5285468630652201,-9.367205193483576,8.325540736155808,4.405327033868519,6.833301751747856,1.9412086750535906
4.840999999999951,0.03685257840286728,-2.5066809537927903,11.029672215823942,2.9968552302763003,11.674592122328006,18.578850439381846,1.5029705424968558,1.1889702340281767,17.67768122873003,13.462293274811787,-2.9116904924948175,6.258508323409432,-2.3503947651083164,-1.6187979005035977,7.934845968952467,-15.445486195997239,-10.040345696519967,-4.187298464414288,-4.02556809221221,8.886037342126254,-7.032064880924361,-10.720695009693308,18.65160528105653,4.3486789104180605,3.292878239064386,-10.150032128493748,0.0701263045105281,3.021872291057289,-7.625203712321807,10.67480808992413,-4.244455136738145,2.7051565170794225,-4.129131054405739,21.892296458200814,6.21546936260073,-7.4760233467313855,14.812684156071462,-10.500606972251529,7.174561610983233,-13.884013708328615,-9.654940486511729,3.916762116243601,11.234036209442003,4.800912684331888,0.32555828282914223,4.059182042534807,-11.61314789639037,-4.770284435903697,1.6349174997920373,12.81129570245536,8.227929151462632,-15.247498712880404,5.651187446812449,-2.5344290983656412,-4.480375323332252,9.3153022266946,11.490234182790328,14.922980634291848,-6.742870960001081,2.032886355013331,6.474681234842871,16.042704825600012,-0.11533921738815733,5.428245223457018,-6.313173171039503,-7.874460870852099,12.013909647421588,18.34629209384206,3.1985052255721453,14.994213507681629,8.33954501330028,0.8540822652865986,9.46819062661225,18.47281799387804,4.30282174891117,19.17025080444664,-18.20140851535042,12.544517653863243,6.5606206764743735,0.12107211249644666,7.800064008574559,-14.531120918518736,2.8369855068900245,9.740881556816841,17.63919068625479,-2.1903265328336796,-6.7595612287306945,-0.5853133548423718,11.18783419950727,4.314073931278522,-2.678563690811386,11.441268486060801,7.663045443731541,15.03341990705907,-0.388296709336428,2.9852290299369186,-1.5343120957799807,-9.39439856209834,8.333540072044979,4.412625069659998,6.83548095122859,1.9385938627339694
4.850999999999955,0.03470346396401238,-2.5370373150463568,11.041683429232053,2.9961668746007604,11.68962282343791,18.611387966857883,1.50036440535027,1.186364425237076,17.711342415388053,13.479718899742727,-2.919003049865635,6.271436454629034,-2.3575861886166822,-1.6260355652271206,7.941762144731668,-15.481674870542511,-10.072767122822352,-4.196467284651221,-4.0437477842710186,8.89439921912605,-7.048148432086899,-10.746864153372133,18.68299518678283,4.346240314756214,3.296305733506025,-10.176450161870136,0.06131558036790634,3.026167673199368,-7.646146653522375,10.684398980638921,-4.254390980188635,2.701399572431437,-4.139088256302441,21.93141895223889,6.217276348453855,-7.495100634962623,14.831211984661412,-10.52294691490307,7.180815813231208,-13.921130180458336,-9.679427277141807,3.9227762713088667,11.25088247138979,4.8064169803035695,0.3253222475292591,4.055236898970903,-11.640641405849845,-4.782604389723712,1.627781654720724,12.83451507732762,8.236878447601875,-15.28068258563978,5.659746056548222,-2.540053813626085,-4.491836832990494,9.329612682819304,11.51293110358813,14.94368316702205,-6.75757838011765,2.0287790378441892,6.4833834338188225,16.064292658490345,-0.1228457717971812,5.426608974271621,-6.333222940171739,-7.89630807298583,12.032237094217358,18.375493824761357,3.199141953488422,15.01636109598735,8.348854664149114,0.8432568005423778,9.477495469070297,18.50565565555523,4.304182158476853,19.203620607910786,-18.25172648708433,12.563032634298635,6.564438548187015,0.11716889583501124,7.803976154453149,-14.568795366462863,2.8346689994811562,9.750100738594952,17.670825497497507,-2.198615006851272,-6.773654170440679,-0.5932715653661803,11.208219172209189,4.3227258838195946,-2.687081964538844,11.453610765070957,7.667063925066385,15.0548697372176,-0.40026084086609337,2.9807527173528467,-1.5400773284947413,-9.421591930713104,8.34153940793415,4.419923105451477,6.837660150709324,1.9359790504143481
4.860999999999958,0.03259067299353517,-2.572454229426375,11.053694642640165,2.9954785189252204,11.704653524547814,18.64392549433392,1.4977582682036843,1.1837586164459752,17.745003602046076,13.497144524673667,-2.926315607236453,6.284364585848637,-2.364777612125048,-1.6332732299506434,7.9486783205108695,-15.517863545087783,-10.105188549124737,-4.205636104888154,-4.061927476329827,8.902761096125847,-7.064231983249437,-10.773033297050958,18.71438509250913,4.343801719094367,3.299733227947664,-10.202868195246523,0.05250485622528457,3.0304630553414467,-7.667089594722943,10.693989871353711,-4.264326823639125,2.697642627783451,-4.149045458199143,21.970541446276965,6.219083334306981,-7.51417792319386,14.849739813251361,-10.545286857554611,7.187070015479183,-13.958246652588057,-9.703914067771885,3.9287904263741327,11.267728733337577,4.811921276275251,0.32508621222937595,4.051291755406999,-11.66813491530932,-4.794924343543727,1.6206458096494107,12.857734452199878,8.245827743741117,-15.313866458399158,5.668304666283996,-2.545678528886529,-4.503298342648735,9.343923138944008,11.535628024385932,14.96438569975225,-6.7722858002342186,2.0246717206750473,6.492085632794774,16.085880491380678,-0.13035232620620507,5.424972725086223,-6.353272709303974,-7.918155275119561,12.050564541013127,18.404695555680654,3.1997786814046987,15.03850868429307,8.358164314997948,0.8324313357981571,9.486800311528343,18.538493317232422,4.305542568042536,19.236990411374933,-18.30204445881824,12.581547614734026,6.568256419899656,0.11326567917357581,7.80788830033174,-14.60646981440699,2.832352492072288,9.759319920373063,17.702460308740225,-2.206903480868865,-6.787747112150663,-0.6012297758899888,11.228604144911108,4.331377836360667,-2.695600238266302,11.465953044081113,7.671082406401229,15.076319567376132,-0.4122249723957587,2.976276404768775,-1.545842561209502,-9.448785299327868,8.34953874382332,4.427221141242955,6.839839350190058,1.933364238094727
4.870999999999961,0.03052761467361671,-2.613852986050189,11.065705856048277,2.9947901632496805,11.719684225657717,18.67646302180996,1.4951521310570985,1.1811528076548745,17.7786647887041,13.514570149604607,-2.9336281646072706,6.29729271706824,-2.371969035633414,-1.6405108946741662,7.955594496290071,-15.554052219633055,-10.137609975427122,-4.214804925125088,-4.080107168388635,8.911122973125643,-7.080315534411975,-10.799202440729783,18.74577499823543,4.3413631234325205,3.303160722389303,-10.229286228622911,0.043694132082662804,3.0347584374835255,-7.688032535923511,10.703580762068501,-4.274262667089616,2.6938856831354654,-4.159002660095845,22.00966394031504,6.220890320160106,-7.5332552114250975,14.86826764184131,-10.567626800206153,7.193324217727158,-13.995363124717779,-9.728400858401963,3.9348045814393986,11.284574995285364,4.817425572246932,0.3248501769294928,4.047346611843095,-11.695628424768795,-4.8072442973637415,1.6135099645780975,12.880953827072137,8.25477703988036,-15.347050331158535,5.67686327601977,-2.5513032441469727,-4.514759852306977,9.358233595068713,11.558324945183735,14.985088232482452,-6.786993220350787,2.0205644035059054,6.500787831770726,16.10746832427101,-0.13785888061522894,5.423336475900826,-6.37332247843621,-7.940002477253293,12.068891987808897,18.43389728659995,3.2004154093209753,15.060656272598791,8.367473965846782,0.8216058710539363,9.49610515398639,18.571330978909614,4.306902977608218,19.27036021483908,-18.35236243055215,12.600062595169417,6.572074291612298,0.1093624625121404,7.811800446210331,-14.644144262351118,2.8300359846634198,9.768539102151173,17.734095119982943,-2.2151919548864574,-6.801840053860648,-0.6091879864137973,11.248989117613027,4.340029788901739,-2.70411851199376,11.478295323091269,7.675100887736074,15.097769397534663,-0.4241891039254241,2.971800092184703,-1.5516077939242625,-9.475978667942632,8.35753807971249,4.434519177034434,6.842018549670792,1.9307494257751057
4.880999999999965,0.02853081859910192,-2.66232286861623,11.077717069456389,2.9941018075741406,11.734714926767621,18.709000549285996,1.4925459939105128,1.1785469988637738,17.81232597536212,13.531995774535547,-2.9409407219780883,6.310220848287843,-2.37916045914178,-1.647748559397689,7.962510672069272,-15.590240894178327,-10.170031401729506,-4.223973745362021,-4.098286860447444,8.91948485012544,-7.096399085574513,-10.825371584408607,18.77716490396173,4.338924527770674,3.306588216830942,-10.255704261999298,0.034883407940041036,3.0390538196256043,-7.708975477124079,10.713171652783291,-4.284198510540106,2.6901287384874797,-4.168959861992547,22.048786434353115,6.222697306013232,-7.552332499656335,14.88679547043126,-10.589966742857694,7.199578419975133,-14.0324795968475,-9.752887649032042,3.9408187365046645,11.301421257233152,4.822929868218613,0.32461414162960966,4.043401468279192,-11.72312193422827,-4.819564251183756,1.6063741195067842,12.904173201944396,8.263726336019602,-15.380234203917912,5.685421885755543,-2.5569279594074166,-4.526221361965218,9.372544051193417,11.581021865981537,15.005790765212653,-6.801700640467356,2.0164570863367635,6.509490030746678,16.129056157161344,-0.1453654350242528,5.421700226715429,-6.393372247568445,-7.961849679387024,12.087219434604666,18.463099017519248,3.201052137237252,15.082803860904512,8.376783616695617,0.8107804063097156,9.505409996444437,18.604168640586806,4.308263387173901,19.303730018303227,-18.402680402286062,12.618577575604808,6.575892163324939,0.10545924585070497,7.815712592088921,-14.681818710295245,2.8277194772545515,9.777758283929284,17.76572993122566,-2.22348042890405,-6.815932995570632,-0.6171461969376059,11.269374090314946,4.348681741442811,-2.712636785721218,11.490637602101424,7.679119369070918,15.119219227693193,-0.43615323545508944,2.967323779600631,-1.557373026639023,-9.503172036557396,8.365537415601661,4.441817212825913,6.844197749151526,1.9281346134554844
4.890999999999968,0.02662076281300834,-2.7191222516450546,11.0897282828645,2.9934134518986006,11.749745627877525,18.741538076762033,1.489939856763927,1.175941190072673,17.845987162020144,13.549421399466487,-2.948253279348906,6.323148979507446,-2.3863518826501458,-1.6549862241212119,7.9694268478484735,-15.6264295687236,-10.202452828031891,-4.233142565598954,-4.116466552506252,8.927846727125235,-7.112482636737051,-10.851540728087432,18.80855480968803,4.336485932108827,3.310015711272581,-10.282122295375686,0.02607268379741927,3.043349201767683,-7.7299184183246465,10.722762543498082,-4.2941343539905965,2.686371793839494,-4.178917063889249,22.08790892839119,6.224504291866357,-7.571409787887572,14.905323299021209,-10.612306685509235,7.205832622223108,-14.069596068977221,-9.77737443966212,3.9468328915699304,11.318267519180939,4.828434164190294,0.3243781063297265,4.039456324715288,-11.750615443687746,-4.831884205003771,1.599238274435471,12.927392576816654,8.272675632158844,-15.413418076677289,5.693980495491317,-2.5625526746678604,-4.53768287162346,9.386854507318121,11.60371878677934,15.026493297942855,-6.816408060583925,2.0123497691676215,6.518192229722629,16.150643990051677,-0.15287198943327668,5.420063977530032,-6.413422016700681,-7.983696881520755,12.105546881400436,18.492300748438545,3.2016888651535287,15.104951449210233,8.386093267544451,0.7999549415654948,9.514714838902483,18.637006302264,4.309623796739584,19.337099821767374,-18.452998374019973,12.6370925560402,6.57971003503758,0.10155602918926955,7.819624737967512,-14.719493158239372,2.8254029698456833,9.786977465707395,17.79736474246838,-2.2317689029216425,-6.830025937280617,-0.6251044074614144,11.289759063016865,4.357333693983883,-2.721155059448676,11.50297988111158,7.683137850405762,15.140669057851724,-0.4481173669847548,2.962847467016559,-1.5631382593537837,-9.53036540517216,8.373536751490832,4.4491152486173915,6.84637694863226,1.9255198011358632
4.900999999999971,0.024822803401441478,-2.78564546400322,11.101739496272613,2.9927250962230607,11.764776328987429,18.77407560423807,1.4873337196173413,1.1733353812815723,17.879648348678167,13.566847024397427,-2.9555658367197237,6.336077110727048,-2.3935433061585116,-1.6622238888447347,7.976343023627675,-15.662618243268872,-10.234874254334276,-4.242311385835888,-4.134646244565061,8.936208604125031,-7.1285661878995885,-10.877709871766257,18.83994471541433,4.3340473364469805,3.3134432057142202,-10.308540328752073,0.0172619596547975,3.047644583909762,-7.7508613595252145,10.732353434212872,-4.304070197441087,2.6826148491915083,-4.188874265785951,22.127031422429265,6.226311277719483,-7.5904870761188095,14.923851127611158,-10.634646628160777,7.212086824471083,-14.106712541106942,-9.801861230292198,3.9528470466351964,11.335113781128726,4.833938460161975,0.3241420710298434,4.035511181151384,-11.778108953147221,-4.844204158823786,1.5921024293641577,12.950611951688913,8.281624928298086,-15.446601949436666,5.702539105227091,-2.5681773899283042,-4.549144381281701,9.401164963442826,11.626415707577141,15.047195830673056,-6.831115480700493,2.0082424519984796,6.526894428698581,16.17223182294201,-0.16037854384230055,5.418427728344635,-6.433471785832916,-8.005544083654486,12.123874328196205,18.521502479357842,3.2023255930698054,15.127099037515954,8.395402918393286,0.7891294768212741,9.52401968136053,18.66984396394119,4.310984206305267,19.37046962523152,-18.503316345753884,12.655607536475591,6.583527906750222,0.09765281252783413,7.823536883846103,-14.757167606183499,2.823086462436815,9.796196647485505,17.828999553711096,-2.240057376939235,-6.844118878990601,-0.6330626179852229,11.310144035718784,4.365985646524956,-2.7296733331761343,11.515322160121736,7.687156331740606,15.162118888010255,-0.46008149851442015,2.9583711544324873,-1.5689034920685443,-9.557558773786925,8.381536087380002,4.45641328440887,6.848556148112994,1.922904988816242
4.910999999999975,0.023168059619426053,-2.863323840640664,11.113750709680724,2.992036740547521,11.779807030097333,18.80661313171411,1.4847275824707555,1.1707295724904716,17.91330953533619,13.584272649328367,-2.9628783940905414,6.349005241946651,-2.4007347296668775,-1.6694615535682575,7.983259199406876,-15.698806917814144,-10.26729568063666,-4.251480206072821,-4.152825936623869,8.944570481124828,-7.144649739062126,-10.903879015445082,18.87133462114063,4.331608740785134,3.3168707001558593,-10.33495836212846,0.008451235512175734,3.0519399660518407,-7.771804300725782,10.741944324927662,-4.314006040891577,2.6788579045435226,-4.198831467682653,22.16615391646734,6.2281182635726084,-7.609564364350047,14.942378956201107,-10.656986570812318,7.218341026719058,-14.143829013236664,-9.826348020922277,3.9588612017004623,11.351960043076513,4.839442756133656,0.32390603572996024,4.0315660375874804,-11.805602462606696,-4.8565241126438,1.5849665842928444,12.973831326561172,8.290574224437329,-15.479785822196042,5.711097714962865,-2.573802105188748,-4.560605890939943,9.41547541956753,11.649112628374944,15.067898363403257,-6.845822900817062,2.0041351348293377,6.535596627674533,16.193819655832343,-0.16788509825132442,5.4167914791592375,-6.4535215549651515,-8.027391285788218,12.142201774991975,18.55070421027714,3.202962320986082,15.149246625821675,8.40471256924212,0.7783040120770534,9.533324523818576,18.702681625618382,4.312344615870949,19.40383942869567,-18.553634317487795,12.674122516910982,6.587345778462863,0.09374959586639871,7.8274490297246935,-14.794842054127626,2.820769955027947,9.805415829263616,17.860634364953814,-2.2483458509568277,-6.8582118207005855,-0.6410208285090314,11.330529008420703,4.374637599066028,-2.7381916069035923,11.527664439131891,7.691174813075451,15.183568718168786,-0.4720456300440855,2.9538948418484154,-1.5746687247833049,-9.584752142401689,8.389535423269173,4.463711320200349,6.850735347593728,1.9202901764966207
4.920999999999978,0.02169391889861105,-2.9534168814259334,11.125761923088836,2.991348384871981,11.794837731207236,18.839150659190146,1.4821214453241698,1.1681237636993709,17.946970721994212,13.601698274259308,-2.970190951461359,6.361933373166254,-2.4079261531752434,-1.6766992182917804,7.990175375186078,-15.734995592359416,-10.299717106939045,-4.260649026309754,-4.1710056286826775,8.952932358124624,-7.160733290224664,-10.930048159123906,18.90272452686693,4.329170145123287,3.3202981945974983,-10.361376395504848,-0.0003594886304460424,3.0562353481939195,-7.79274724192635,10.751535215642452,-4.323941884342068,2.675100959895537,-4.208788669579355,22.205276410505416,6.229925249425734,-7.628641652581284,14.960906784791057,-10.67932651346386,7.224595228967033,-14.180945485366385,-9.850834811552355,3.964875356765728,11.3688063050243,4.844947052105337,0.3236700004300771,4.027620894023577,-11.833095972066172,-4.868844066463815,1.5778307392215312,12.99705070143343,8.299523520576571,-15.51296969495542,5.719656324698638,-2.579426820449192,-4.5720674005981845,9.429785875692234,11.671809549172746,15.088600896133459,-6.860530320933631,2.0000278176601958,6.5442988266504845,16.215407488722676,-0.17539165266034829,5.41515522997384,-6.473571324097387,-8.049238487921949,12.160529221787744,18.579905941196436,3.2035990489023587,15.171394214127396,8.414022220090954,0.7674785473328326,9.542629366276623,18.735519287295574,4.313705025436632,19.437209232159816,-18.603952289221706,12.692637497346373,6.591163650175504,0.08984637920496329,7.831361175603284,-14.832516502071753,2.8184534476190786,9.814635011041727,17.892269176196532,-2.2566343249744203,-6.87230476241057,-0.6489790390328399,11.350913981122622,4.3832895516071,-2.7467098806310504,11.540006718142047,7.695193294410295,15.205018548327317,-0.48400976157375086,2.9494185292643436,-1.5804339574980655,-9.611945511016453,8.397534759158344,4.471009355991828,6.852914547074462,1.9176753641769995
4.930999999999981,0.020443544956765217,-3.0566511193611414,11.137773136496948,2.990660029196441,11.80986843231714,18.871688186666184,1.479515308177584,1.1655179549082701,17.980631908652235,13.619123899190248,-2.977503508832177,6.374861504385857,-2.4151175766836093,-1.6839368830153032,7.997091550965279,-15.771184266904688,-10.33213853324143,-4.269817846546688,-4.189185320741486,8.96129423512442,-7.176816841387202,-10.956217302802731,18.93411443259323,4.3267315494614405,3.3237256890391373,-10.387794428881236,-0.009170212773067819,3.0605307303359983,-7.813690183126918,10.761126106357242,-4.333877727792558,2.671344015247551,-4.218745871476057,22.24439890454349,6.2317322352788596,-7.6477189408125215,14.979434613381006,-10.701666456115401,7.230849431215008,-14.218061957496106,-9.875321602182433,3.970889511830994,11.385652566972087,4.850451348077018,0.32343396513019396,4.023675750459673,-11.860589481525647,-4.88116402028383,1.570694894150218,13.020270076305689,8.308472816715813,-15.546153567714796,5.728214934434412,-2.5850515357096358,-4.583528910256426,9.444096331816938,11.694506469970548,15.10930342886366,-6.875237741050199,1.9959205004910539,6.553001025626436,16.23699532161301,-0.18289820706937215,5.413518980788443,-6.493621093229622,-8.07108569005568,12.178856668583514,18.609107672115734,3.2042357768186354,15.193541802433117,8.423331870939789,0.7566530825886119,9.55193420873467,18.768356948972766,4.315065435002315,19.470579035623963,-18.654270260955617,12.711152477781765,6.594981521888146,0.08594316254352787,7.835273321481875,-14.87019095001588,2.8161369402102103,9.823854192819837,17.92390398743925,-2.264922798992013,-6.886397704120554,-0.6569372495566485,11.37129895382454,4.391941504148172,-2.7552281543585084,11.552348997152203,7.699211775745139,15.226468378485848,-0.4959738931034162,2.9449422166802717,-1.586199190212826,-9.639138879631217,8.405534095047514,4.478307391783306,6.855093746555196,1.9150605518573782
4.940999999999985,0.019463507635397663,3.110474886669007,11.14978434990506,2.989971673520901,11.824899133427044,18.90422571414222,1.4769091710309983,1.1629121461171694,18.014293095310258,13.636549524121188,-2.9848160662029946,6.3877896356054595,-2.422309000191975,-1.691174547738826,8.004007726744485,-15.80737294144996,-10.364559959543815,-4.278986666783621,-4.207365012800294,8.969656112124216,-7.19290039254974,-10.982386446481556,18.96550433831953,4.324292953799594,3.3271531834807764,-10.414212462257623,-0.017980936915689586,3.064826112478077,-7.834633124327486,10.770716997072032,-4.343813571243048,2.6675870705995655,-4.228703073372759,22.283521398581566,6.233539221131985,-7.666796229043759,14.997962441970955,-10.724006398766942,7.237103633462983,-14.255178429625827,-9.899808392812512,3.97690366689626,11.402498828919875,4.8559556440486995,0.3231979298303108,4.019730606895769,-11.888082990985122,-4.8934839741038445,1.5635590490789046,13.043489451177948,8.317422112855056,-15.579337440474173,5.736773544170186,-2.5906762509700796,-4.594990419914668,9.458406787941643,11.71720339076835,15.130005961593861,-6.889945161166768,1.991813183321912,6.561703224602388,16.25858315450334,-0.19040476147839602,5.411882731603046,-6.513670862361858,-8.092932892189411,12.197184115379283,18.63830940303503,3.204872504734912,15.215689390738838,8.432641521788623,0.7458276178443911,9.561239051192716,18.801194610649958,4.3164258445679975,19.50394883908811,-18.704588232689527,12.729667458217156,6.598799393600787,0.08203994588209244,7.8391854673604655,-14.907865397960007,2.813820432801342,9.833073374597948,17.955538798681967,-2.2732112730096055,-6.900490645830539,-0.664895460080457,11.39168392652646,4.400593456689244,-2.7637464280859665,11.564691276162359,7.7032302570799835,15.247918208644379,-0.5079380246330812,2.9404659040962,-1.5919644229275867,-9.66633224824598,8.413533430936685,4.485605427574785,6.8572729460359305,1.912445739537757
4.950999999999988,0.01879874470610853,2.9834810001640273,11.161795563313172,2.989283317845361,11.839929834536948,18.93676324161826,1.4743030338844125,1.1603063373260687,18.04795428196828,13.653975149052128,-2.9921286235738123,6.400717766825062,-2.429500423700341,-1.6984122124623489,8.010923902523695,-15.843561615995233,-10.3969813858462,-4.288155487020554,-4.225544704859103,8.978017989124012,-7.208983943712278,-11.00855559016038,18.99689424404583,4.321854358137747,3.3305806779224154,-10.44063049563401,-0.026791661058311354,3.069121494620156,-7.855576065528054,10.780307887786822,-4.353749414693539,2.6638301259515798,-4.238660275269461,22.32264389261964,6.235346206985111,-7.685873517274996,15.016490270560904,-10.746346341418484,7.243357835710958,-14.292294901755549,-9.92429518344259,3.982917821961526,11.419345090867662,4.861459940020381,0.3229618945304277,4.0157854633318655,-11.915576500444597,-4.905803927923859,1.5564232040075914,13.066708826050206,8.326371408994298,-15.61252131323355,5.745332153905959,-2.5963009662305234,-4.606451929572909,9.472717244066347,11.739900311566153,15.150708494324062,-6.904652581283337,1.98770586615277,6.57040542357834,16.280170987393674,-0.1979113158874199,5.410246482417649,-6.533720631494093,-8.114780094323143,12.215511562175053,18.667511133954328,3.2055092326511887,15.237836979044559,8.441951172637458,0.7350021531001704,9.570543893650763,18.83403227232715,4.31778625413368,19.537318642552258,-18.75490620442344,12.748182438652547,6.6026172653134285,0.07813672922065702,7.843097613239056,-14.945539845904134,2.811503925392474,9.842292556376059,17.987173609924685,-2.281499747027198,-6.914583587540523,-0.6728536706042655,11.412068899228379,4.409245409230317,-2.7722647018134245,11.577033555172514,7.707248738414828,15.26936803880291,-0.519902156162746,2.935989591512128,-1.5977296556423473,-9.693525616860745,8.421532766825855,4.492903463366264,6.859452145516665,1.9098309272181357
4.960999999999991,0.018485023914052916,2.8492749050484365,11.173806776721284,2.988594962169821,11.854960535646851,18.969300769094296,1.4716968967378268,1.157700528534968,18.081615468626303,13.671400773983068,-2.99944118094463,6.413645898044665,-2.436691847208707,-1.7056498771858717,8.017840078302905,-15.879750290540505,-10.429402812148584,-4.297324307257488,-4.243724396917911,8.986379866123809,-7.225067494874816,-11.034724733839205,19.02828414977213,4.3194157624759,3.3340081723640544,-10.467048529010398,-0.035602385200933125,3.0734168767622347,-7.876519006728622,10.789898778501612,-4.363685258144029,2.660073181303594,-4.248617477166163,22.361766386657717,6.237153192838236,-7.7049508055062335,15.035018099150854,-10.768686284070025,7.249612037958933,-14.32941137388527,-9.948781974072668,3.988931977026792,11.436191352815449,4.866964235992062,0.32272585923054453,4.011840319767962,-11.943070009904073,-4.918123881743874,1.5492873589362781,13.089928200922465,8.33532070513354,-15.645705185992927,5.753890763641733,-2.6019256814909673,-4.617913439231151,9.487027700191051,11.762597232363955,15.171411027054264,-6.919360001399905,1.983598548983628,6.579107622554291,16.301758820284007,-0.20541787029644376,5.408610233232252,-6.553770400626329,-8.136627296456874,12.233839008970822,18.696712864873625,3.2061459605674654,15.25998456735028,8.451260823486292,0.7241766883559496,9.57984873610881,18.86686993400434,4.319146663699363,19.570688446016405,-18.80522417615735,12.766697419087938,6.60643513702607,0.0742335125592216,7.847009759117647,-14.983214293848262,2.8091874179836056,9.85151173815417,18.018808421167403,-2.2897882210447906,-6.928676529250508,-0.680811881128074,11.432453871930297,4.417897361771389,-2.7807829755408826,11.58937583418267,7.711267219749672,15.29081786896144,-0.5318662876924108,2.931513278928056,-1.6034948883571079,-9.720718985475509,8.429532102715026,4.500201499157742,6.861631344997399,1.9072161148985145
4.970999999999995,0.018540954702855765,2.7130533705488493,11.185817990129395,2.987906606494281,11.869991236756755,19.001838296570334,1.469090759591241,1.1550947197438672,18.115276655284326,13.688826398914008,-3.0067537383154477,6.426574029264268,-2.443883270717073,-1.7128875419093945,8.024756254082115,-15.915938965085777,-10.46182423845097,-4.306493127494421,-4.26190408897672,8.994741743123605,-7.241151046037354,-11.06089387751803,19.05967405549843,4.316977166814054,3.3374356668056935,-10.493466562386786,-0.04441310934355489,3.0777122589043135,-7.89746194792919,10.799489669216403,-4.3736211015945194,2.6563162366556083,-4.258574679062865,22.400888880695792,6.238960178691362,-7.724028093737471,15.053545927740803,-10.791026226721566,7.255866240206908,-14.366527846014991,-9.973268764702746,3.994946132092058,11.453037614763236,4.872468531963743,0.3224898239306614,4.007895176204058,-11.970563519363548,-4.930443835563889,1.5421515138649649,13.113147575794724,8.344270001272783,-15.678889058752304,5.762449373377507,-2.607550396751411,-4.629374948889392,9.501338156315756,11.785294153161757,15.192113559784465,-6.934067421516474,1.9794912318144862,6.587809821530243,16.32334665317434,-0.21292442470546763,5.4069739840468545,-6.573820169758564,-8.158474498590605,12.252166455766591,18.725914595792922,3.206782688483742,15.282132155656,8.460570474335126,0.7133512236117289,9.589153578566856,18.899707595681534,4.320507073265046,19.604058249480552,-18.85554214789126,12.78521239952333,6.610253008738711,0.07033029589778618,7.8509219049962375,-15.020888741792389,2.8068709105747374,9.86073091993228,18.05044323241012,-2.298076695062383,-6.942769470960492,-0.6887700916518825,11.452838844632216,4.426549314312461,-2.7893012492683407,11.601718113192826,7.715285701084516,15.312267699119971,-0.5438304192220756,2.927036966343984,-1.6092601210718684,-9.747912354090273,8.437531438604196,4.507499534949221,6.863810544478133,1.9046013025788933
4.980999999999998,0.018963111008989255,2.5804604650198106,11.197829203537507,2.9872182508187413,11.885021937866659,19.03437582404637,1.4664846224446553,1.1524889109527665,18.14893784194235,13.706252023844948,-3.0140662956862654,6.439502160483871,-2.4510746942254387,-1.7201252066329173,8.031672429861326,-15.95212763963105,-10.494245664753354,-4.315661947731354,-4.280083781035528,9.003103620123401,-7.257234597199892,-11.087063021196855,19.09106396122473,4.314538571152207,3.3408631612473325,-10.519884595763173,-0.05322383348617666,3.0820076410463924,-7.918404889129758,10.809080559931193,-4.38355694504501,2.6525592920076226,-4.268531880959567,22.440011374733867,6.240767164544487,-7.743105381968708,15.072073756330752,-10.813366169373108,7.262120442454883,-14.403644318144712,-9.997755555332825,4.000960287157324,11.469883876711023,4.877972827935424,0.32225378863077825,4.003950032640154,-11.998057028823023,-4.942763789383903,1.5350156687936516,13.136366950666982,8.353219297412025,-15.712072931511681,5.771007983113281,-2.613175112011855,-4.640836458547634,9.51564861244046,11.80799107395956,15.212816092514666,-6.948774841633043,1.9753839146453442,6.596512020506195,16.344934486064673,-0.2204309791144915,5.405337734861457,-6.5938699388907995,-8.180321700724337,12.270493902562361,18.75511632671222,3.2074194164000187,15.304279743961722,8.46988012518396,0.7025257588675081,9.598458421024903,18.932545257358726,4.321867482830728,19.6374280529447,-18.90586011962517,12.80372737995872,6.614070880451353,0.06642707923635076,7.854834050874828,-15.058563189736516,2.804554403165869,9.86995010171039,18.08207804365284,-2.306365169079976,-6.956862412670477,-0.696728302175691,11.473223817334135,4.435201266853533,-2.7978195229957987,11.614060392202981,7.719304182419361,15.333717529278502,-0.5557945507517404,2.9225606537599123,-1.615025353786629,-9.775105722705037,8.445530774493367,4.5147975707407,6.865989743958867,1.901986490259272
4.991000000000001,0.019726958220977885,2.4563309903761343,11.20984041694562,2.9865298951432013,11.900052638976563,19.06691335152241,1.4638784852980695,1.1498831021616658,18.18259902860037,13.723677648775888,-3.021378853057083,6.4524302917034735,-2.4582661177338045,-1.7273628713564402,8.038588605640536,-15.988316314176322,-10.526667091055739,-4.324830767968288,-4.2982634730943365,9.011465497123197,-7.27331814836243,-11.11323216487568,19.12245386695103,4.31209997549036,3.3442906556889715,-10.54630262913956,-0.06203455762879843,3.086303023188471,-7.939347830330326,10.818671450645983,-4.3934927884955,2.648802347359637,-4.278489082856269,22.479133868771942,6.242574150397613,-7.7621826701999455,15.090601584920702,-10.83570611202465,7.268374644702858,-14.440760790274433,-10.022242345962903,4.00697444222259,11.48673013865881,4.883477123907105,0.3220177533308951,4.0000048890762505,-12.025550538282499,-4.955083743203918,1.5278798237223383,13.159586325539241,8.362168593551267,-15.745256804271058,5.779566592849054,-2.6187998272722988,-4.652297968205875,9.529959068565164,11.830687994757362,15.233518625244868,-6.963482261749611,1.9712765974762023,6.605214219482146,16.366522318955006,-0.22793753352351537,5.40370148567606,-6.613919708023035,-8.202168902858068,12.28882134935813,18.784318057631516,3.2080561443162954,15.326427332267443,8.479189776032795,0.6917002941232874,9.60776326348295,18.965382919035918,4.323227892396411,19.670797856408846,-18.95617809135908,12.822242360394112,6.617888752163994,0.06252386257491534,7.858746196753419,-15.096237637680643,2.802237895757001,9.879169283488501,18.113712854895557,-2.3146536430975684,-6.970955354380461,-0.7046865126994996,11.493608790036054,4.443853219394605,-2.806337796723257,11.626402671213137,7.723322663754205,15.355167359437033,-0.5677586822814052,2.9180843411758404,-1.6207905865013896,-9.802299091319801,8.453530110382538,4.5220956065321785,6.868168943439601,1.8993716779396508
