t,r,psi,theta0,theta1,theta2,theta3,theta4,theta5,theta6,theta7,theta8,theta9,theta10,theta11,theta12,theta13,theta14,theta15,theta16,theta17,theta18,theta19,theta20,theta21,theta22,theta23,theta24,theta25,theta26,theta27,theta28,theta29,theta30,theta31,theta32,theta33,theta34,theta35,theta36,theta37,theta38,theta39,theta40,theta41,theta42,theta43,theta44,theta45,theta46,theta47,theta48,theta49,theta50,theta51,theta52,theta53,theta54,theta55,theta56,theta57,theta58,theta59,theta60,theta61,theta62,theta63,theta64,theta65,theta66,theta67,theta68,theta69,theta70,theta71,theta72,theta73,theta74,theta75,theta76,theta77,theta78,theta79,theta80,theta81,theta82,theta83,theta84,theta85,theta86,theta87,theta88,theta89,theta90,theta91,theta92,theta93,theta94,theta95,theta96,theta97,theta98,theta99
0,4.6020928940463593e-17,-0.26545860842877467,5.215043804959057,3.330088212805181,4.39822971502571,2.8274333882308142,2.7646015351590183,2.450442269800039,1.3823007675795091,5.026548245743669,0.6283185307179586,0.0,1.1309733552923256,1.884955592153876,4.586725274241099,2.0734511513692637,5.6548667764616285,0.25132741228718347,4.775220833456486,4.838052686528282,0.7539822368615504,1.9477874452256718,3.455751918948773,5.529203070318037,1.6336281798666925,2.6389378290154264,4.335397861953915,0.942477796076938,2.5132741228718345,6.031857894892403,0.5654866776461628,4.523893421169302,0.6911503837897546,2.9530970943744057,5.340707511102649,1.7592918860102844,5.843362335677016,0.3141592653589793,4.1469023027385274,4.084070449666731,2.199114857512855,1.0053096491487339,3.0787608005179976,2.1362830044410597,0.4398229715025711,5.969026041820608,1.6964600329384885,1.1938052083641215,5.089380098815465,1.5707963267948968,3.8955748904513436,0.8168140899333463,1.5079644737231008,0.1884955592153876,1.0681415022205298,2.387610416728243,0.5026548245743669,4.900884539600078,0.3769911184307752,4.0212385965949355,2.261946710584651,5.592034923389832,3.518583772020569,6.220353454107791,3.392920065876977,2.7017696820872223,3.1415926535897936,4.209734155810323,2.8902652413026098,4.272566008882119,3.832743037379548,6.094689747964199,4.9637163926718735,2.5761059759436304,3.6442474781641603,3.0159289474462017,6.157521601035995,3.5814156250923643,4.71238898038469,2.0106192982974678,5.906194188748811,3.7070793312359562,3.9584067435231396,5.277875658030853,2.324778563656447,1.8221237390820801,0.06283185307179587,3.267256359733385,1.3194689145077132,0.12566370614359174,1.4451326206513049,5.46637121724624,5.717698629533424,4.649557127312894,5.403539364174445,5.152211951887261,1.2566370614359172,3.769911184307752,4.461061568097507,0.8796459430051422,5.7805304826052195,3.204424506661589
0.001,0.0014614733373590604,-0.3083493794041881,5.188264831408347,3.357389285405521,4.371689427222655,2.8446146533679584,2.7607053388289193,2.441766748340475,1.391612527351057,5.049986596929735,0.6045972144606798,0.0234595608479542,1.1269848716105086,1.8803442549834053,4.572027697767774,2.072247092119402,5.6695975367956954,0.22421521608861492,4.788994025231929,4.850044854537078,0.7541856085941187,1.9461994327213807,3.4570692359177917,5.526054490986405,1.6363716053878232,2.638514135668294,4.3232671046644064,0.9542615857146877,2.4905028881604747,6.049304163192571,0.5426268920957308,4.544231097652253,0.6921615679554542,2.9557467317843553,5.336961358005204,1.7386354595115499,5.867589603026991,0.29209124371420897,4.156131265984781,4.067123807818201,2.1969863225554755,1.0330207156988485,3.055187852031377,2.1340945884489044,0.44439207793503566,5.992415553910663,1.6729944147381237,1.1895360481886104,5.104643245236436,1.5786244896056345,3.884455215344149,0.8240110444864646,1.484911065574353,0.2138456751302238,1.0699542695585988,2.3602398777475564,0.5049350372464839,4.932063607099528,0.3533758663737755,4.013256806610074,2.2748522624225327,5.583770234778512,3.5375579789822544,6.209012539545472,3.385979658068907,2.7153593243610517,3.15009384823362,4.185120812198686,2.9194897784321423,4.253816519345002,3.851578939518611,6.068439810057224,4.967960690605263,2.6028478700916704,3.6226360248545912,3.0280997892731856,6.144271971117865,3.6049475982717567,4.692743250771294,2.006295132443793,5.904703781208404,3.7191423578198712,3.968876722627789,5.261368952477013,2.3235254658784514,1.8138300939997103,0.07532457152191457,3.253314969963741,1.3215074117779055,0.15486245486493672,1.4181205502823104,5.482851414361723,5.70140585242019,4.674879043880232,5.388538653525361,5.165737881163495,1.2545857196712367,3.767935857516286,4.458684443492022,0.8591472296922701,5.787479299105642,3.225973715591647
0.011000000000000003,0.01585401589728862,-0.33041530227109844,4.905368990261324,3.608693777024771,4.137968150762901,2.995843849625036,2.733562677478607,2.365881368142629,1.4662068109045918,5.300960578812325,0.39375138213081545,0.2163138369592829,1.0967649260702672,1.8430661033719542,4.407345397994471,2.058205852426911,5.803654865873115,-0.02377234045046292,4.926931688196269,4.976789076615245,0.7500918634079417,1.9308814488612285,3.4719916781038878,5.488757980621173,1.6662731972268967,2.6365389990578487,4.179808078373858,1.0892284280680626,2.2374469550883282,6.227364086217605,0.31980662487267586,4.7810583032661995,0.6877116637081538,2.9873309314700704,5.309824755422544,1.5014945629079206,6.095743246466443,0.08474818873251232,4.2454710776835665,3.914915697661683,2.189943860321585,1.3115491385493976,2.8178552526519325,2.1005090658597827,0.5021529748622763,6.2247030893504585,1.4415574126893393,1.1216140211846415,5.275683665435069,1.6614033092100398,3.746361492335401,0.8926451550447033,1.288432990937455,0.4399254863980645,1.092127120916244,2.090423513402065,0.5277142910118316,5.247488634087973,0.10637940803998035,3.9433714001029925,2.425548916493585,5.4717260560385,3.760238190852935,6.066553080171009,3.3344507088454063,2.8353306594766416,3.2242177903550777,3.9710393919087696,3.1816827278889357,4.105767826388091,4.031049575188153,5.800374428944994,4.984907288069652,2.85980113154624,3.4515547159905946,3.1502916283697213,5.963641383165739,3.8447754906286016,4.505097798302773,1.9732076735985125,5.884608640786572,3.8443238829365085,4.067722958844026,5.091240171430242,2.3185689513095475,1.7341375176349305,0.22647181388672855,3.0849991045033125,1.3555884967330774,0.4179357206026472,1.1498365808505298,5.641136300273392,5.58055633767748,4.886625525114702,5.2822653596774565,5.289093925621877,1.2248001982595211,3.7487941847909254,4.4486107069839145,0.6467245675961636,5.839429150041498,3.462974909567977
0.02100000000000001,0.027846066400599737,-0.3635430433113952,4.648474350335627,3.790657851139155,3.975353276029894,3.1063915269823816,2.7216526892929247,2.3080265592539795,1.5062864665426197,5.563358870178167,0.24359899984142674,0.3427328244962226,1.0826301197726653,1.825462271738416,4.206090289755384,2.0447685053560742,5.909263374594453,-0.21550320632468337,5.053541808436727,5.113567302952837,0.7357941423496988,1.9160544347829724,3.490602900773269,5.4387654564030035,1.7021420046721911,2.636604005956604,3.99104989968717,1.2454762826671686,1.9661037835152064,6.396271004484275,0.13169432428724914,5.059123596802643,0.6538783527721872,3.029964182840866,5.305419888231588,1.2274597567471919,6.276545245313196,-0.08821858162139698,4.325379126356176,3.791085414067489,2.2105763190343546,1.5625346395810558,2.6040503338803225,2.046106127075151,0.5797407113375148,6.434130690711409,1.2324272516218246,1.0133616588230585,5.481659061227674,1.7485772383290037,3.5572520337418263,0.9620230432851188,1.1576947396432895,0.6110346684374263,1.1129564587875302,1.84322795879461,0.5502887296090331,5.531149704081764,-0.130190112471183,3.8967852125265834,2.6199658970505113,5.306709686867914,4.030460891788932,5.864756425650432,3.319834293231302,2.9308598546280407,3.2781621960123246,3.8240780009074187,3.3738901361765756,4.028007258198323,4.1827030684036925,5.544774489471476,4.956172072683073,3.090654784622584,3.36163150769699,3.2840940857086283,5.699143793195543,4.071807514095684,4.346236351530295,1.959067054965164,5.854018067299971,3.974592074705973,4.151707290567158,4.917169611339882,2.32834369321884,1.6663245346817928,0.4274599162501371,2.859161071508874,1.410833313623239,0.6138273856415237,0.9185949841837106,5.778464122302353,5.524613636130977,5.034212813290487,5.238576403235205,5.3976544007244485,1.1784729044419384,3.7341643352909863,4.462183244690867,0.42579070252577816,5.851788358575869,3.7139517348583433
0.03100000000000002,0.03515613059333013,-0.39673349611842385,4.464417348044898,3.8985698833312004,3.8739538575357453,3.1820211323341163,2.7178766957737395,2.2639506448223243,1.51698992434724,5.8157641271737095,0.1570159983233303,0.42386787477011917,1.0806875058394156,1.8305723542149115,3.9649024670299307,2.0367895510599756,5.988919404773274,-0.3486109420660805,5.162140547418169,5.254902512216901,0.7138558902183919,1.9010285314921564,3.513506732582469,5.37238192200716,1.746426738919192,2.633601192556333,3.758711672187272,1.4060627235965903,1.7223903101216886,6.5366671981395665,0.0027949687119037513,5.339160650333655,0.5944309924512805,3.0872827743977553,5.322378676470329,0.9481863971315844,6.39271690596415,-0.22609771174113785,4.391885722390219,3.691085246007956,2.2542989839022396,1.7612312355353892,2.4360582419167414,1.9775651786144666,0.6694971177704848,6.60383490845768,1.0590320179376944,0.8824670822562458,5.716299584005744,1.8293895489920753,3.3216736274952376,1.0415479029966852,1.083651904877059,0.7340078647577356,1.1240192554032096,1.6330129459893155,0.571567722220816,5.751009650745543,-0.32904119641931523,3.8787011342448046,2.856264627523521,5.1082813454716165,4.300227770038715,5.615495693311826,3.344783549460979,3.0093237970866866,3.3170735519536003,3.734566550485527,3.5046960031522327,4.002216177245564,4.296917562670631,5.323198552095863,4.891978021911251,3.2937511281714715,3.3397370738027914,3.4358625427275324,5.382108036220995,4.254221675483782,4.222204684507306,1.9635502809243326,5.812414168822413,4.104320457112902,4.217506079560513,4.745541357173434,2.353450617053039,1.6205544125096156,0.6669396454192981,2.587264002465186,1.471348807205404,0.747455288258038,0.7447580058350743,5.8871588973923075,5.5122621193239185,5.139369976825558,5.23531351599066,5.498430785861397,1.115290669863419,3.7286842473803485,4.49502939314901,0.2029774779428617,5.823262973622838,3.945663256121541
0.04100000000000003,0.037706916697826796,-0.4219273745333238,4.354145503407865,3.9541855701393755,3.813010854006935,3.232701784675966,2.717784721267404,2.2292793342283854,1.5083594445740052,6.046600737439428,0.12443893891186535,0.47881599463888974,1.0877318831538203,1.8559492176705175,3.6894495282352624,2.034218410519746,6.049477754211225,-0.4331792382790766,5.254781645488367,5.394508233797906,0.6880401600177894,1.8852635169453846,3.540912658823115,5.28506717228716,1.8019407028054681,2.6208378356467885,3.4996711528681272,1.5564851839166722,1.5346137054501174,6.641147601575677,-0.06383153494259755,5.587476896203152,0.5196955495559787,3.1646863632505875,5.350688311406435,0.6887328117554127,6.445262698449486,-0.3369682729450237,4.444088046404747,3.6111078286114027,2.3113622097276116,1.9079808160036866,2.3139198962774477,1.9052388242547178,0.7612822397531983,6.732669396873263,0.9218781052638768,0.7540743472983296,5.96293875295082,1.8881481738308203,3.057394115624438,1.132829715264687,1.0520207224964582,0.8213610179141778,1.1235622037327422,1.463113589750237,0.5889425351575619,5.906993332337917,-0.4874672797216396,3.8927984086421072,3.114982774535409,4.911974102498376,4.509147288070904,5.354838210931559,3.4029338334526518,3.0777731457153834,3.347403489894151,3.6849195206316843,3.594130587369419,4.007232709650734,4.37397038681768,5.141037623901847,4.8089369906401975,3.470167429596593,3.3681030512740264,3.5914512655296784,5.067254328466704,4.370096102228918,4.12569193148145,1.986882953117576,5.760248724582493,4.22728785001103,4.265008090547355,4.580984998411881,2.3934252301840817,1.6049935333848893,0.9098571755364094,2.3099886305839465,1.5171976536636946,0.8363819544881921,0.6237358380827178,5.968410437192309,5.525749805226481,5.219590578408218,5.257149785649397,5.594463288934163,1.034431270031024,3.7366629863892133,4.539824637265477,-0.014921774959628167,5.762139291109931,4.1431199294011
0.05100000000000004,0.037568735344739104,-0.4404978043721937,4.298474522109931,3.979923305775164,3.7764273598651616,3.2667212562380845,2.718902972328307,2.2008662462253055,1.4911675187205544,6.251490443845019,0.13213887758359125,0.5205981633747528,1.1015852148241505,1.8915808942102,3.3986065495907876,2.0301080663154716,6.097636931357711,-0.48139122220528363,5.336019268709116,5.5270170828004455,0.662406250115386,1.8683847945963108,3.5721643238971574,5.171683372589939,1.8718147592427217,2.593914457609211,3.241246845019672,1.684688956038543,1.4047058897264104,6.714303658166089,-0.0810548995883695,5.788991786027134,0.4377914662831186,3.2696624036016395,5.3766604823333495,0.46143595859363135,6.4465707100387055,-0.42937998669070004,4.4830731157961035,3.5482117312362944,2.3725389124002425,2.0143780509685714,2.227574458101976,1.8379124595934593,0.8466797423906547,6.827671287732815,0.8158041595328395,0.6496272262371672,6.2021996459057,1.9116762124897633,2.792013291096005,1.2266819829479223,1.0500093938158268,0.8840918647313479,1.1139307786944224,1.3295211239722244,0.6003591159397609,6.012816428468355,-0.6135941290281786,3.9391469870307954,3.365420054203231,4.747027209484077,4.631907461121946,5.11599820862002,3.479074271987624,3.1411266709073,3.3739860394598886,3.6611046585097404,3.6581939551918445,4.027749523877254,4.420448121279921,4.993895401718652,4.722705265666205,3.620654372673608,3.429206988116465,3.7277467791219574,4.798931102420702,4.419701801854855,4.044733053043795,2.031051528798605,5.698009731665916,4.337788346845026,4.29612853723196,4.426878884331772,2.4463486537447814,1.619990393890527,1.116926801737627,2.0730210429239078,1.5378333370043311,0.8951985569925947,0.5430090593829667,6.028191260731248,5.553416546885948,5.285928298007592,5.294484882561097,5.685570378739719,0.9349810019705035,3.762191961106384,4.587900605266212,-0.22064256244060051,5.6804879471039325,4.304507082895168
0.06100000000000005,0.03687141023994181,-0.46461445543526625,4.277892371820056,3.9908501870456092,3.75423231782898,3.2897680764407524,2.7199740625002424,2.1769493373184794,1.4740046935865634,6.429977631508343,0.16722294548135644,0.5571046567383061,1.1202137326830137,1.9230541542936312,3.118690166489822,2.013586041811105,6.139070123929319,-0.5033405718349316,5.409702828032235,5.64885965757932,0.6403535566679968,1.8501602748567418,3.605049398002039,5.027310033875886,1.9594377042408868,2.554335058586452,3.007935206298687,1.7815692319396192,1.3204094169572054,6.765422336271592,-0.06580532283130211,5.943371145413572,0.3494949640110115,3.4118393027648404,5.388781101199403,0.2682157495313004,6.411803426232493,-0.5096211933315383,4.510630742958116,3.499909973657861,2.431609401512988,2.0923673097860864,2.166701117008725,1.7805654645172282,0.9209011197642262,6.897318793951215,0.7354119054772774,0.5787371475530336,6.420219213652514,1.8972522899878426,2.5505696969351273,1.3092418753581525,1.0669194472484862,0.9302581244519565,1.09854209329241,1.2254185489278768,0.6053350101363693,6.082598789856408,-0.7152616585730018,4.011690741631588,3.584563624590565,4.625187301049546,4.681155033692856,4.913630070837968,3.5567779950214056,3.2015596334929755,3.399809380179937,3.6538910208943847,3.7070643608917244,4.054397266416695,4.444510467268019,4.874781091540193,4.6437374843775645,3.74653190569662,3.5078178144205543,3.8326624042337483,4.590942979746396,4.419206357798431,3.9697460794824675,2.0997841339388565,5.6250340331770206,4.431483227168581,4.313585118968263,4.286002664574922,2.5085629579397475,1.6582635134538748,1.272226788860645,1.895297761476563,1.5356515256207945,0.9332023429513203,0.49066058996504275,6.072989300739551,5.588328781497493,5.344770881074756,5.34118807892846,5.76928438129216,0.8160495272040212,3.8093784480747193,4.631854505411941,-0.4078341049897869,5.589816300750542,4.432239994928317
0.07100000000000005,0.03670842287653958,-0.5115105048208649,4.278006331228142,3.995560441106007,3.7406639444478356,3.3055321444853387,2.7204564858661597,2.156762916090778,1.4621433638502284,6.583818276538793,0.21949395100525848,0.5926776920142861,1.1413717795006924,1.93916349010571,2.869838732273911,1.9762729228032452,6.178457020530925,-0.5063626867181475,5.478312675702067,5.758410330789529,0.6240527348758719,1.8305146941169979,3.6350895569719412,4.84903849770647,2.0678269069709847,2.508998605880838,2.8117100463197717,1.844550000634149,1.2673525045602831,6.802938773798581,-0.03235998873507063,6.056327559236926,0.24910766142482085,3.601625173124914,5.381355383873601,0.1049446139201895,6.353984073602063,-0.5818287936504718,4.528555020315817,3.4638826599220196,2.485312377267175,2.1509174281179217,2.123643698937626,1.7347363593176286,0.9825026964112077,6.948813996322801,0.6763582331672379,0.5400855136000051,6.610040060650024,1.8531773184407945,2.3455691610988145,1.3711408300108403,1.0939827472353858,0.9652965335689854,1.0803509397656281,1.1439866566747132,0.6045137977475519,6.127210802360921,-0.7970858406380791,4.100252782953257,3.7656511188084347,4.543882714001432,4.6815617639356395,4.748985748455388,3.6250594728604315,3.259250930306866,3.4264191996167206,3.6575249160610617,3.746733756018674,4.08194075929583,4.453297985987225,4.77749197849377,4.576863022188996,3.850373708607902,3.59252204951001,3.907852668696335,4.435767586144769,4.3867989788371045,3.895819739501374,2.1978821125276826,5.538601370508794,4.505642050557966,4.320130508229648,4.160679416587165,2.5752138984727444,1.7104827711921526,1.3820351959575785,1.7707080726670146,1.5187660785249084,0.9563392101316202,0.45758083643702213,6.108015652185601,5.626580092072817,5.3996056756458986,5.393013817182221,5.841780941528029,0.6767152640514287,3.8823736318256374,4.667758645163314,-0.5727143107016343,5.498796172540308,4.529884392069087
0.08100000000000006,0.037526696232238546,-0.5873159205562987,4.289290020189831,3.9984765531063897,3.732450482919214,3.316395332546017,2.720223758967509,2.1400746650536147,1.4578314621995325,6.716020175591085,0.2816076611247319,0.6293459906441985,1.1629106781888714,1.936306248476238,2.658578086504875,1.9159355011886472,6.2191973895014465,-0.49551835997421545,5.543267781019395,5.855634081405465,0.6143834750433985,1.8096465865465519,3.6554122054547222,4.6390142713111935,2.19741934510293,2.466547877938171,2.6530129776871845,1.8775379016548244,1.234161590473513,6.832678400861196,0.0090864277780918,6.133984678331013,0.12903966515197487,3.845177286322485,5.356492752768092,-0.034733728006113435,6.282633529135884,-0.6486586834979884,4.538399604604761,3.4379184335032167,2.5324661991323545,2.1961124876044784,2.093236556681024,1.6998213161211506,1.0321953223147364,6.98761392663231,0.6350549506893304,0.5269069657044765,6.769274705748225,1.7926569518663567,2.1775351700236647,1.410649606707525,1.1245958176141615,0.9926659583694466,1.0614338367214962,1.0795257211537057,0.59899654919271,6.154434226124709,-0.8613429873786878,4.194669614718869,3.9126672520024277,4.494049872153136,4.654281878778121,4.617479676643008,3.679536435164438,3.31353854642529,3.4543703467289335,3.6684206876986902,3.7806333407105166,4.107714896496774,4.452233685321851,4.69732194678577,4.522951090670732,3.935612588591038,3.675909346339656,3.9606244751993205,4.319884850110157,4.336188485461582,3.8226851823056522,2.330094679458482,5.433800481270908,4.558777279494978,4.318165717124338,4.052423370727402,2.641463752493006,1.769162170831434,1.4594491819997935,1.6852862665955846,1.494583600088961,0.9687760190102254,0.43735929356978115,6.136945620676259,5.666057664222179,5.4521874568021635,5.44669635271621,5.89882128065373,0.5163134147904974,3.984630356524982,4.695773060963934,-0.7144377326517481,5.4127148564779075,4.601662354088084
0.09100000000000007,0.039445488463443715,-0.6765422356466883,4.305751661293979,4.001613851672252,3.727718835905763,3.3239238409809553,2.7193790713710393,2.126848826893058,1.461256189562824,6.830080309742566,0.3485876935266404,0.6677102704233039,1.183154476145686,1.9167323687700437,2.481196068997853,1.8354693228744794,6.26297285611522,-0.4742816790252306,5.605366140212445,5.941526550392703,0.6112217087938353,1.7882114562235525,3.6580834549534575,4.407744159908593,2.342347177108229,2.4338386098255453,2.5268009255655914,1.8875072902369054,1.2131135695255548,6.858045806716574,0.051729860104404723,6.181193551796197,-0.012277324953604927,4.134695881171273,5.324818429544706,-0.15663804495651398,6.20413386067012,-0.7118188614621148,4.541447613208735,3.4199676310058233,2.573099856808154,2.2319719378509344,2.072031395372537,1.674252995753721,1.0717058571601092,7.017675890277991,0.6083287171335449,0.5314445588358653,6.89846852948026,1.727526503981864,2.0410897607414165,1.430995450422138,1.1543632936479573,1.0144734727511222,1.0430556368670378,1.027649611318054,0.5899334092666436,6.169771206060193,-0.9095056860733182,4.2874009361849525,4.032765339506486,4.466099998277695,4.613753423622211,4.512878521572295,3.720311308627309,3.3637275948429304,3.4836163731044123,3.684279884187396,3.810716757606581,4.130572314088935,4.445162326312856,4.630821676438129,4.480822171008871,4.005789768377718,3.7537912277408823,3.9981274541287855,4.231367159059255,4.276474010383583,3.7542237071870863,2.499155674407372,5.304800760127292,4.589999425282317,4.3095372609658495,3.9615500194139797,2.703582131361108,1.8293673366384193,1.5158007226479455,1.6266731125832417,1.4679955247487955,0.9736311377056894,0.42564963333374123,6.162195925194326,5.7056600701628275,5.5032383236612885,5.499493975729254,5.936685057317053,0.3358747653413475,4.116814750407552,4.719221226232671,-0.8342080833494129,5.3340737598013055,4.652126451089453
0.10100000000000008,0.042003780982623744,-0.7535715676483232,4.3237631021868985,4.0056907553613454,3.7253643292005423,3.329177544332053,2.718138297585959,2.1170614355552333,1.4715216664639599,6.929409157198511,0.4172113580507179,0.7075674683765107,1.2010260869437879,1.8848651398544596,2.330240493417561,1.740389846004994,6.3096006047141415,-0.4451472770562516,5.66509371799247,6.0175866015613515,0.6138470605651422,1.7673854620189775,3.6370501316167334,4.1740092672873494,2.4886850433967047,2.41389490134627,2.42702999510326,1.8815539669189252,1.1992930868748188,6.880716947305667,0.0912157463397255,6.202629408110035,-0.16226165099059708,4.441388539825519,5.30176706049643,-0.2644542193266328,6.122612011763353,-0.7724066650375387,4.53875498682847,3.4082049609850773,2.6078300974682342,2.2611661503698257,2.0576694910454503,1.6562443644459663,1.10302678130859,7.041812592558388,0.5933084225053602,0.5470780445138208,7.000316909498807,1.665427091996903,1.9297470840363495,1.4369308328119281,1.1807484413177538,1.0319770378483122,1.025871128647492,0.9851162824140692,0.578349268000773,6.177113672761426,-0.9431814275901299,4.374055708562701,4.132435650166048,4.452421027238449,4.568848688264843,4.42926007035935,3.749532598843994,3.409425797744452,3.5138053169888757,3.7035620958034383,3.838106548142254,4.150222881818165,4.434708891457329,4.575426222904218,4.448570251208205,4.064037242393209,3.8242098163108666,4.025579503601961,4.16158419690272,4.213785672881251,3.6973801162111055,2.702415333608638,5.148426158446244,4.598597110297848,4.295433835989875,3.8871186428975677,2.759399540218695,1.8881511317931785,1.5589087346013075,1.5860886315714688,1.4417681511387364,0.973286752130418,0.41956226395338897,6.185283785657735,5.744825192124382,5.5528602929197275,5.549017268671629,5.953148467584412,0.14093750795213475,4.273540537032036,4.742789035435831,-0.9340773506377164,5.26359080443858,4.685703715418463
0.11100000000000008,0.04428717475778115,-0.8036035365977167,4.341224215801314,4.010777815587687,3.724701668319387,3.332895957983718,2.7167569857646847,2.11062533173712,1.4873425974609127,7.016999671781921,0.48546887839223496,0.7483308151733284,1.2159809426394734,1.8449610157541205,2.198601916317726,1.636987069900502,6.357357412840566,-0.410078527235232,5.722783123917386,6.085436867258669,0.6213071295387346,1.7486122396093597,3.590894864328352,3.958009904719222,2.619262877881949,2.4056318388527376,2.3483479449179763,1.86557703376579,1.1896508410294948,6.901298428818259,0.12506793549613762,6.2045491007948215,-0.29752595596061093,4.726223475771582,5.298296291330402,-0.3595355508540472,6.040802099674673,-0.8311076153329997,4.531205548693963,3.40106215885829,2.637481743500362,2.2855029515801184,2.048480655985131,1.6441544174470692,1.1280266752994856,7.061995970566413,0.587438391427331,0.5688995430741588,7.078828300630395,1.609955850617531,1.837916251781527,1.432844273089312,1.2025582366775958,1.0459383535620002,1.0101256947207444,0.9495727838512593,0.5650942985680466,6.179216293876122,-0.9643430787032528,4.45276627212618,4.21656769264382,4.4477110625748235,4.524614042781935,4.361750853997571,3.769828986521717,3.4505816540105947,3.5444772197244445,3.7251824132693816,3.8634633557625446,4.16683020215504,4.422622621095198,4.529171254403677,4.42425315690983,4.112889889992969,3.8865976701488085,4.04636023515652,4.104816788139949,4.152660545899126,3.659639030241794,2.9277142401530196,4.969769375997493,4.584386101887634,4.276405133596594,3.827221992036811,2.8081530067796368,1.9438853957691509,1.593708291094904,1.5577342554139844,1.4172977797052408,0.9695523192108499,0.4172012807354559,6.207124470988233,5.783254207197308,5.60078935348788,5.593265106297209,5.948503220796246,-0.05638104104412766,4.441355344755046,4.770372507240233,-1.0161425984270451,5.201078769829085,4.706337528498669
0.1210000000000001,0.045606397086751446,-0.8244372081131649,4.357004902929638,4.016659795751563,3.7252768756069505,3.335608968749405,2.7154868237610583,2.107376886644303,1.5074331460746562,7.095306827215442,0.5521518871411025,0.7892933897748687,1.2278694667209795,1.8003054479631126,2.0809442886973266,1.5312052666487466,6.403696217378412,-0.37078068407495784,5.7786729230071705,6.1466028637432055,0.6326622613521588,1.7330986768543104,3.523018019015894,3.7722179356604606,2.722177478341972,2.405354707937845,2.286289819371014,1.8439989046959224,1.1823190171243556,6.919843087121624,0.15238545098291098,6.194555091172284,-0.4001814866743001,4.963276498512961,5.314815051944149,-0.4419760503393622,5.960646669877765,-0.8883093822931456,4.51955726003373,3.397229539420245,2.662883922606238,2.3062338435528833,2.0432440924184907,1.6366196109504134,1.1482944370398054,7.079589046409254,0.5885161749653272,0.5935747217305172,7.138409531230095,1.5620154443160552,1.7612725920409893,1.4221611284513103,1.219467829005369,1.056846532626218,0.995814688366098,0.9193211676657077,0.5508476050957752,6.1780280292779,-0.9751735931723877,4.523270846754901,4.288641329395494,4.448522923098981,4.4836646479827875,4.3066232286250425,3.783587394217838,3.487403021062961,3.5751792563489637,3.748342420043901,3.8871921329160326,4.180770749467661,4.410046402660313,4.490509472237086,4.406171287601069,4.154304857192602,3.94117301837783,4.062560817053212,4.057496698958844,4.096680506862024,3.645252625486962,3.152893007287836,4.785095258655131,4.54893217078148,4.252562404200992,3.7794224989992418,2.8500353151765316,1.995770391614142,1.6231928635422768,1.5378503496021245,1.3951914456375893,0.9637797156987682,0.4173370561600794,6.228244558080946,5.820757699160091,5.64657344305889,5.630815404733292,5.9260781273333185,-0.24004263456755978,4.602025728973154,4.8033359606914825,-1.082317292052044,5.146010432339949,4.717325909998821
0.1310000000000001,0.04579855764723667,-0.8184935016530964,4.37058187184249,4.02302840232414,3.7267681165200544,3.337703597037451,2.7145517725875616,2.1070906246435466,1.5306785317236298,7.166258523793506,0.6165650636010853,0.829778848235349,1.2367982145577006,1.753196523409622,1.9737542413448286,1.427913692322081,6.446095500533351,-0.3288159990960105,5.83292058757369,6.202410920232053,0.6470999345733407,1.721384754044899,3.4394526999537973,3.6185691838879355,2.7944659021928,2.40890435169369,2.2371210083579998,1.8199035777043122,1.1761703612608616,6.936213037162926,0.17346018663579818,6.179520557820947,-0.4668815145617268,5.148300057572494,5.344644272868823,-0.5119542220457208,5.883581517883119,-0.9441746446040307,4.504476219334918,3.3956377482902833,2.6847760540232537,2.324243195894875,2.0410458885347977,1.6325667625903224,1.1651079407644473,7.095517652489418,0.5947084925848267,0.6189812903795856,7.1831855932780035,1.5211261700548844,1.6965673204540426,1.4073467028997257,1.231659282247124,1.0650489170476638,0.9827972135093468,0.8931337872333274,0.5361391556959608,6.17492484491154,-0.97782727828992,4.5861426887903844,4.351136050245213,4.452699169994927,4.447150731749281,4.261125705668374,3.792729076755171,3.520254972998615,3.6055223399669587,3.7724359694757625,3.9095557427660195,4.192494743059245,4.397711240440603,4.458195829940057,4.392936360673659,4.189763203941766,3.988547769581682,4.07548627075875,4.017526335222958,4.0484541287007305,3.6526830623865063,3.35407304174867,4.615319003394291,4.4965241417436825,4.223952398378876,3.7411557395777355,2.88573195508106,2.043512467205492,1.6491447492559521,1.52398472912762,1.3756306853782114,0.9569586137955347,0.41918115024317526,6.2489247665069305,5.857178833220941,5.689718628489856,5.661036155603477,5.891449874882235,-0.39722376859859726,4.740523879406261,4.840265035774008,-1.1344736738599244,5.097791441761769,4.721314960946889
0.1410000000000001,0.045078307138530484,-0.790319812426522,4.381804224766141,4.0295785209711426,3.728934171561286,3.339465485753516,2.7141369669456314,2.109502388181132,1.556182131342663,7.231327761672287,0.6783345128453437,0.8692160960012402,1.2430181985396418,1.7051758997964275,1.8749100350393473,1.330508240100065,6.482718557706963,-0.28560668492767416,5.885604771974711,6.253957443669156,0.6639508036825994,1.7132243976147692,3.34654254466313,3.4923029205795966,2.8394538582239996,2.413016967007725,2.1977402386853795,1.795297415694996,1.1705422822206015,6.950291663690932,0.18925694953130281,6.164180065522964,-0.5038250442502902,5.2896000443292746,5.3803172921361515,-0.570372478861724,5.810613601728202,-0.9987030361023896,4.486559695768477,3.395430622871323,2.7037757209474114,2.340166228661937,2.041190961761268,1.6311769444443607,1.179458835050497,7.110396745299155,0.6045370028823135,0.6438485210418686,7.216660285275495,1.4862878597501425,1.6413530844770838,1.390096972189342,1.2395752359434025,1.070822197716084,0.9708715908676425,0.8701170971251674,0.5213751526418141,6.170871752778202,-0.9742525414165537,4.642282791256768,4.405868300158601,4.458917443971326,4.415385106823427,4.223251295789769,3.7987105604467364,3.5495754968350512,3.6352012012313364,3.7969953506729537,3.9307369615508185,4.202449857956754,4.386071235840786,4.431213964472418,4.3834519065488715,4.220383221242361,4.0294944538212825,4.085999934337548,3.9837271302594073,4.009354915497705,3.6757672231315652,3.5171608611262344,4.4743205328634,4.433393641812549,4.190924433961398,3.7100272494806323,2.9160831541329024,2.0871173276424226,1.672617424415577,1.5145087270638808,1.3585807531082439,0.9497976531534537,0.42223331413032766,6.269292615430251,5.892365324180629,5.7298098950023775,5.6841251816902885,5.850601272972366,-0.5231803469250607,4.850442803031216,4.878288701945814,-1.1746086368847888,5.055840755243974,4.720371442540337
0.1510000000000001,0.04379501814432656,-0.7453313596867059,4.390742154679709,4.036051135382484,3.7315877164855595,3.341105841101368,2.7143855807175847,2.1143315184880316,1.5832531087394006,7.291621913522399,0.737284950656507,0.9071662074833806,1.2468468817868006,1.657268932382775,1.7831920880560748,1.2408809445904891,6.51268726223762,-0.24238634918623586,5.936733644146365,6.302113995445542,0.6826549457206933,1.7077560345307325,3.249700555939505,3.386728523881782,2.8627083348789126,2.4156305390064143,2.165636912027571,1.7713810282666576,1.1650630103321626,6.962069930188129,0.20095489273442285,6.151148850307309,-0.5194463787753777,5.398062853997805,5.416575465156769,-0.6187573070171111,5.742343737930553,-1.0517922639713635,4.466349904632938,3.3959361654165923,2.720378283725818,2.354464403179719,2.043145572621158,1.631835802815271,1.192097101788556,7.124623023659742,0.6168421061054757,0.6674713625962099,7.24163582192693,1.4564290633678818,1.5937615294228,1.3715451856115815,1.2437634708961136,1.0744080891709933,0.9598221037213099,0.849614512047615,0.5068612220696468,6.1665354567831585,-0.9661040759399273,4.6926393517132645,4.454216019592418,4.466375625265265,4.388232660838784,4.191530261579812,3.802601192202693,3.575817373363985,3.6639942521168587,3.8216586966473742,3.9508721210434454,4.211042981154239,4.375395413917518,4.408726490762288,4.376865754611268,4.247017379515004,4.064818165492001,4.094724264162576,3.955412639529243,3.9794886358145045,3.707246884274669,3.640805809498656,4.364606688869261,4.365686915949334,4.154259584946938,3.683993162834157,2.941891040227278,2.1267579695998773,1.6942344858057552,1.5083139589751684,1.343905292316434,0.942791825734241,0.4261782771795738,6.289382182353595,5.926169807916337,5.766589421336991,5.700914418973238,5.808361240399247,-0.6201349021175149,4.932963084591835,4.914658535726316,-1.20482765705409,5.019585819984401,4.716078558779003
0.16100000000000012,0.04226515275910033,-0.6881831065659522,4.397588954462267,4.042247751335911,3.734581123651472,3.3427798419916206,2.715400392424368,2.1212982658935626,1.61137200980865,7.347966964294428,0.7933629103073441,0.9433218278340995,1.248619480254236,1.6101636754318256,1.6978921827294338,1.1596855617384618,6.535997711318737,-0.20015153625848445,5.986262057011137,6.347547761143613,0.7027191091038522,1.7038124630046156,3.1530469625980464,3.295882441270073,2.8696073096926664,2.4156550717182297,2.1388377372294602,1.748788867864644,1.159540322911622,6.971653857409425,0.20966889364290886,6.141549960902083,-0.5209170116549706,5.48284761088808,5.450529267453214,-0.6588848761291418,5.679014122756227,-1.1032940119574899,4.444340351212501,3.3966390644396953,2.734970810946267,2.3674751602578703,2.0464975708990374,1.6340859505459606,1.2035781429699088,7.1384424741315184,0.6307360317551248,0.6895057720349432,7.260271238596478,1.430595260769243,1.5523458722192784,1.3524315102985662,1.2447857902812418,1.0760293630736923,0.9494456585137008,0.831138183543815,0.4928218628844174,6.162363847304968,-0.9547240270232471,4.738078059492252,4.497257136988526,4.474589080198143,4.365342426685669,4.164870837937205,3.805172052757794,3.599412982257398,3.6917538230125815,3.8461484286293404,3.970069339006282,4.218624332428796,4.365829597941252,4.390039390120978,4.372520173805346,4.270326643493446,4.095291404034463,4.102141817770508,3.9320980469893656,3.9580129134646964,3.7413653728143075,3.731105032423651,4.2814919149599335,4.2980105255357755,4.115038377840079,3.6614361127402164,2.9638382437338544,2.162691086773912,1.714369190488231,1.504625443457974,1.3314269113640833,0.9362765179611984,0.43081682432827184,6.309173199219088,5.958462428158557,5.799981102216176,5.712558780045999,5.767876161194176,-0.6934814503056642,4.992890166021176,4.947546265727729,-1.2271895106544817,4.988446014028673,4.709627765775553
0.17100000000000012,0.04071676586984116,-0.6223017594454725,4.402597569973735,4.048030279749223,3.737798361961504,3.344599860446195,2.717247885061058,2.130135674507269,1.6401529514308921,7.400978239995429,0.8465894722004066,0.9774925578612166,1.2486614631245747,1.5643268627648808,1.618553768116398,1.0867331684368404,6.553245729220486,-0.15964074076983886,6.03411334620149,6.390747883043215,0.7236872577506788,1.7002282608367143,3.0594475398419356,3.2153262799212796,2.864498630067534,2.4126441799436575,2.1158292186970526,1.7277805097179326,1.153889738346325,6.979236562291347,0.21632932102500427,6.13561984643551,-0.5134303157528206,5.55063760340573,5.480924638484642,-0.6924645045770677,5.620587114209033,-1.153057469252339,4.420977057127383,3.397155929014651,2.747850909927372,2.37944587090631,2.050927547017282,1.6375869990077236,1.2143052629283138,7.151999181938892,0.6455540088565332,0.7098299552722745,7.274192707977768,1.408001988839629,1.5159724472057876,1.3332286109055584,1.2431692733196245,1.0758957852775808,0.9395651398852899,0.8143213025770002,0.47941625780143743,6.158643720901491,-0.941163724391891,4.779337925824565,4.535854032354304,4.483265022124176,4.346280078885298,4.142445450642098,3.8069730239529216,3.6207558543469913,3.718392989925543,3.8702555237633933,3.988418458298322,4.2254841753952626,4.357437973650738,4.374575182132051,4.369908689232421,4.290834342481791,4.121623755697025,4.108639244136962,3.913341509435508,3.9435957782221505,3.774518750387943,3.795927453039757,4.218338355279211,4.233164409905819,4.074410847487517,3.6411599185912578,2.9824738010983203,2.195205541863819,1.7332502736587443,1.5028863156132455,1.3209579646936125,0.9304695456318636,0.43602051371383066,6.328617147741757,5.989144183956636,5.830070717965598,5.7202621254557995,5.7308298786387635,-0.7489218828721421,5.035607366759422,4.976091426570455,-1.2435458377777076,4.961832415123349,4.70189830459748
0.18100000000000013,0.039296392107249736,-0.5502577778832074,4.406040028845794,4.053314098748334,3.7411497485694594,3.3466453540697456,2.7199634829875765,2.1405965907447846,1.6693102221300207,7.451116164059091,0.8970313687284727,1.0095847148220505,1.2472745611282072,1.5200744934872081,1.5448230470979745,1.0213668420435682,6.56532940663606,-0.12134513110527206,6.080200288234147,6.432053805986328,0.745129882477332,1.696058241057935,2.970691895254983,3.1420567412008578,2.850648321171518,2.406533969563064,2.095470773745387,1.708382555184965,1.148088438774227,6.9850620010879965,0.22165633400152052,6.133128352161357,-0.5004958930218786,5.606068565799603,5.507442019319631,-0.7209703640084106,5.566833872241657,-1.2009573101424371,4.396657230978546,3.3972132839759164,2.759245705213627,2.39055776412884,2.05618718683362,1.6420841806752784,1.2245653006332657,7.165370148601065,0.6608088516467026,0.7284533606450542,7.284609064362623,1.3880288591186016,1.4837448393257382,1.314230128371694,1.2393838744403594,1.0742053743467999,0.9300343986154543,0.7988846688924103,0.4667510897930127,6.15554397013736,-0.9262240072523849,4.817029365178806,4.570706740780428,4.4922261903743,4.33059975782555,4.123612375052499,3.8083929127780607,3.6401932241993844,3.7438722958397275,3.89382706005121,4.005996564808703,4.231856149344882,4.350231041753701,4.36185196768481,4.368641459273072,4.3089640036268895,4.144449919618978,4.1145251672488845,3.8986836752569114,3.934793508537988,3.8048447177787454,3.8421469558861454,4.169264329441933,4.172529590939808,4.033412859293197,3.622334294484259,2.9982309757084735,2.224592203562474,1.751023498580222,1.5026859155667538,1.3123153696351904,0.9255030896420565,0.44170263454485964,6.347654776405817,6.018155146113466,5.857062876696014,5.725108088931335,5.697897035462031,-0.7912348887573866,5.065722955221871,5.0001344478780565,-1.2554503160997288,4.939162455187962,4.693524041976824
0.19100000000000014,0.038090308606797754,-0.4742105867152422,4.408182363003965,4.0580585091488715,3.744567984164008,3.348970485216899,2.7235570564690206,2.1524569352531,1.6986316002561128,7.498728587261758,0.9447832720751053,1.0395802910586887,1.2447306474589062,1.4776146834819983,1.4763759948763358,0.9627396127931349,6.573220799208292,-0.08554228855329409,6.124441517069851,6.471683920745234,0.7666476871435155,1.690678988231446,2.8877158012753683,3.0741507155504157,2.830443859540757,2.3974702967311416,2.0769133276561544,1.6904879223650362,1.1421462410254362,6.989393111726116,0.22617843778196467,6.133635152352203,-0.4844103797611294,5.6523181105355444,5.530229952724898,-0.7455917353918298,5.517413701962751,-1.2469074425042959,4.371727612539532,3.396628007780941,2.769328798622287,2.400943254381035,2.0620827206841597,1.6473846693866925,1.2345573382783783,7.178589720230672,0.6761515085705351,0.7454584348518786,7.292412837896479,1.3701932612314323,1.454949242882491,1.2956113972206842,1.2338354819949229,1.0711438681723906,0.9207382893869519,0.7846130980220293,0.4548910467747595,6.15314857219796,-0.9105004819963075,4.851649707049139,4.602388535035263,4.501364886501588,4.317880161017586,4.107862645577688,3.809704137688205,3.658025208884083,3.768187899560099,3.9167558485278846,4.022871162974037,4.237923671971692,4.344184487168324,4.351466672568975,4.368418443345105,4.325065432192879,4.164327245560713,4.120039364059323,3.8876427265531914,3.9302748873788,3.831604520969979,3.8749758896833195,4.129857562557895,4.116570732329219,3.9928726236732386,3.6044185794366883,3.0114547577718564,2.2511278109705084,1.7677871014086781,1.5037141377404444,1.3053270838118867,0.92144756593958,0.44780018918751374,6.366227570067594,6.045476239565518,5.88123381172903,5.727987969809657,5.6691486805715945,-0.8240391727957429,5.086765453908637,5.019926447807993,-1.2641400825676612,4.919879400790561,4.684949054577982
0.20100000000000015,0.03714273479519049,-0.3961516044690917,4.409270140137275,4.062256835524647,3.748004767734516,3.3516100876182424,2.7280181820089613,2.1655163973746276,1.727958215281433,7.544082167626447,0.989956780146319,1.067517611083221,1.2412699541026069,1.437075082028061,1.41289009077886,0.909986100719838,6.57782787829061,-0.05234098367117781,6.166772083432369,6.5097632745391065,0.7878821256631299,1.6837900835865307,2.8108282072446467,3.010411991556341,2.8056238248629493,2.385703554202459,2.0595306658519705,1.673921931942993,1.136087834799761,6.992488398024722,0.23026647563991273,6.136635191236866,-0.4666531449543371,5.6915790782835085,5.549637211159485,-0.7672492906546727,5.471935135638085,-1.290864217318612,4.3464839678597045,3.395289906961358,2.7782344188463335,2.4106987524162746,2.0684621693815974,1.6533401604224933,1.244415260182849,7.1916663864396595,0.6913383133232943,0.7609641921522253,7.298261403004092,1.3541210969962187,1.429013967050167,1.2774704823496643,1.2268674268685456,1.0668838169885153,0.9115900256177338,0.7713386178809843,0.44386755590437527,6.1514819454224625,-0.8944264088787454,4.8836034385859515,4.631371394033957,4.510615342676245,4.307740304589157,4.0947841466981725,3.811095201019211,3.674507613149177,3.7913616897151234,3.938971611750391,4.039102111722825,4.2438273762468555,4.33925198107709,4.343081461053382,4.369008871352496,4.339432527567868,4.181738271652355,4.125360709880605,3.879731941215697,3.9289171124031776,3.854693109916017,3.8981424869727688,4.097047452951526,4.065233686891578,3.9533906384764474,3.5870848018278414,3.0224277119808436,2.2750677064872686,1.7836120542103264,1.5057318128897683,1.2998343555911938,0.9183292889850417,0.45426319918129326,6.3842847619117356,6.071125865819594,5.902891162058059,5.729591351517717,5.644336767117212,-0.8499476924188472,5.101301718878985,5.03591492854714,-1.2705629460937042,4.903468968151179,4.676473326136738
0.21100000000000016,0.03646887587109628,-0.317960211107648,4.409521204368122,4.065927317514912,3.7514277152931856,3.354584369078212,2.73332088454657,2.1795975255584312,1.7571698697227183,7.587385267520516,1.0326733804833954,1.0934747742185733,1.2371016120136342,1.3985219938064628,1.3540388243885133,0.8623108038132503,6.579930384595244,-0.0217270688913368,6.207148608020758,6.5463491828315865,0.8085262768006637,1.6753532973315663,2.739917723379799,2.950099853345098,2.7774641961325717,2.3715274122539705,2.0428649552439424,1.6584842402696705,1.1299423547471117,6.994586889026961,0.23416912339638313,6.141635390582785,-0.4481688669409318,5.725389312683617,5.566072262667757,-0.7866381078980386,5.4299978029078355,-1.3328231376014108,4.3211723793648895,3.393146255178539,2.7860686694523396,2.4198942696855523,2.0752055145480495,1.6598342815265463,1.2542251747019124,7.204594058701991,0.7062046613027251,0.775104022936361,7.302639189017535,1.3395210892222977,1.4054787553203214,1.2598556475602227,1.218766131099862,1.0615839130806732,0.9025272966897891,0.7589283836615253,0.4336861214221986,6.1505283074892665,-0.8783099610944549,4.9132214557066884,4.658045316167547,4.519937079092871,4.2998441844847335,4.084037126016752,3.8126940793276547,3.6898564468206096,3.8134333881810303,3.960433453383276,4.05474289860635,4.249672472705151,4.335373910364069,4.336412628397847,4.370235555697005,4.352315461944086,4.197095921567801,4.130615916676886,3.8744809070667867,3.9298231633764034,3.8743230253366896,3.91425901104731,4.068770988126618,4.018206792033441,3.915361936024148,3.5701511222614672,3.031389896340574,2.2966438376179634,1.7985535998706306,1.5085510253965673,1.2956919256025383,0.9161434777853038,0.461048726752561,6.401787046166771,6.095153456278582,5.922344688158826,5.73042809385632,5.623070770958277,-0.8708086815114505,5.111158308395255,5.048610777660989,-1.2754244491988553,4.889469877112836,4.668289692460254
0.22100000000000017,0.03606422857846022,-0.24135405400895732,4.409123181436278,4.069105303385558,3.7548175063726665,3.3579026138435757,2.7394277418733464,2.1945439434773055,1.786174570900304,7.6288044759662625,1.0730597818383958,1.1175561624152273,1.2324054257062504,1.361974861700872,1.2994957580445943,0.8190224402692969,6.580163526751789,0.00639571937606042,6.245550348436936,6.58145373493127,0.8283320855279744,1.6655084188179876,2.674622052910895,2.892744631639192,2.7469131508070057,2.355244286658305,2.0265849454165576,1.6439740624559163,1.1237376223807987,6.9958998885005705,0.23804417638049197,6.148190829155205,-0.429556716866116,5.754849910282319,5.579935540842927,-0.8042754780089477,5.391218168454832,-1.3728123568229234,4.295992313831923,3.3901882416517064,2.792918119794851,2.4285806717566745,2.0822171566677157,1.6667736146880774,1.2640386900588114,7.217359423578804,0.7206443528864334,0.7880126476773022,7.305904104220446,1.3261643189180268,1.3839711921547255,1.2427836117534057,1.2097683682894262,1.0553887495954002,0.8935080280677993,0.7472759059859495,0.42433250797374544,6.150246211782306,-0.8623649156372305,4.940777249799859,4.682733550271994,4.529304848412689,4.2938997209472705,4.07533723286316,3.8145850528955263,3.704253007574896,3.834454434352039,3.981123473963909,4.069841551266078,4.255535484487851,4.332483351521095,4.331221473519463,4.371962848023734,4.3639291069446005,4.210750052491462,4.135888847422316,3.8714522508547557,3.9323009135223166,3.8908408803303085,3.925153592532956,4.043662818506451,3.9750754799887424,3.87901563301328,3.553529728974437,3.0385523659564493,2.3160656000155937,1.8126578146031578,1.512021710293575,1.292767311559972,0.9148638191208703,0.4681178073379301,6.418707927019664,6.117631853694209,5.939887591005901,5.730861374118034,5.604918582281452,-0.8879220898458817,5.117626758431406,5.0585152230300805,-1.279238165373928,4.877478269181841,4.660513109437688
0.23100000000000018,0.03591148707265295,-0.1678062461323179,4.408233979390933,4.071836896192197,3.7581652634481224,3.3615660788976633,2.7462933277933823,2.210218192908091,1.8149011563652082,7.668476430119542,1.1112446805704381,1.139881865212938,1.2273342880117954,1.327417816526562,1.2489411561384822,0.7795382507351196,6.57902727046062,0.03217286658131926,6.281977666705437,6.615062515042421,0.8471124675983877,1.6544929427559918,2.614454042929418,2.8380318003158647,2.7146843147079793,2.337146538994417,2.0104544309660035,1.6302042851977245,1.1174972846609403,6.996607651609015,0.2419839588612141,6.155918047087332,-0.4111934344981576,5.780767279760514,5.59159063658761,-0.820543716076685,5.355243368184485,-1.4108852048140812,4.2711010582746685,3.3864393231290837,2.7988561236871283,2.436795162874518,2.0894201688879854,1.6740813594263872,1.2738829157825227,7.229946559846775,0.7345936835618474,0.7998188492082632,7.308321641574092,1.3138686949709755,1.3641883924432827,1.2262516050769428,1.2000687350103385,1.0484290034531394,0.8845062889359868,0.7362946332837452,0.41577792735676694,6.150579211167964,-0.8467350351397055,4.966499689579081,4.705704869137284,4.538702545114998,4.289655041823831,4.068443521641837,3.816820851419439,3.7178488882526217,3.854483361766676,4.001041421111194,4.084441339848389,4.261470126019915,4.330510161327058,4.327306772520423,4.374087328758332,4.374459011717098,4.22299455073859,4.14122963589965,3.870251834428146,3.9358286006845637,3.904628657576869,3.9321176460575233,4.020822787749776,3.9354064553440273,3.844456726434566,3.537189028937261,3.0441054065927564,2.3335219705772903,1.8259653531932822,1.5160223119926854,1.290939750861458,0.9144495028789569,0.4754340807870829,6.435033475417075,6.138649853387916,5.955786293342292,5.7311410223545085,5.589459656111287,-0.902205224183317,5.12162265206432,5.066084806346414,-1.282371015679356,4.867147323756543,4.653203344136573
0.2410000000000002,0.03598581598778904,-0.0984780100997526,4.406984025203543,4.07417400180861,3.7614701924399205,3.365570237298236,2.7538670268715606,2.2264995195156194,1.8432941222413355,7.7065162129633515,1.147356430966913,1.1605796733193425,1.222016890651689,1.2948090599446314,1.2020680071608298,0.7433741126777726,6.576906314317285,0.055774543030221856,6.316449158456026,6.647149268946108,0.8647385312913093,1.6425792175423124,2.5588868489978274,2.7857333898166243,2.6813205683852934,2.3175067984834876,1.994308592515556,1.6170084488192682,1.111239694000339,6.996859346847847,0.24603498010964173,6.164496145357846,-0.3933124207194882,5.803745589223643,5.6013551818219325,-0.8357249086588143,5.321757048535369,-1.4471130459168091,4.246618966948603,3.381945459245868,2.803947287102941,2.4445654148339786,2.0967519541853115,1.681692898542257,1.2837679175892904,7.242339690107696,0.7480193740732023,0.8106417873259529,7.31008972079421,1.302487453788582,1.3458827133417128,1.210245274928781,1.1898266196998355,1.0408219586658776,0.8755086093681381,0.7259132261118504,0.4079833421759191,6.151463459628077,-0.8315129350526409,4.990582771915136,4.727183550921123,4.548119515524318,4.286893782809493,4.063149760964085,3.8194314629266954,3.7307705844597585,3.8735823756127075,4.020200267002885,4.09858134923553,4.267512276853703,4.329383765951391,4.3244985555154205,4.376530558291857,4.384065804545192,4.234074452389359,4.146662963108054,3.870533108478097,3.940019242777293,3.9160547842858224,3.9360773219423146,3.9996556609886684,3.8987893890843455,3.8117029005702663,3.5211279337302828,3.0482230612733296,2.349184010952725,1.8385135978459934,1.5204531351167543,1.2900990812542326,0.9148504014959447,0.4829633374858247,6.45076111068211,6.158305660956066,5.970276205614846,5.731432519984274,5.576309959848414,-0.9143111306521022,5.123800086475542,5.071718350013789,-1.2850806870734752,4.858183708043842,4.6463821929906794
0.25100000000000017,0.036258857246966474,-0.03419025574466304,4.405479368848236,4.076170625140486,3.7647375089806583,3.3699064944825157,2.7620952832284766,2.243281781785765,1.8713099868878285,7.74302327905226,1.1815213200399728,1.179779222362505,1.2165605142477907,1.264088458099193,1.1585863425120408,0.7101296332300033,6.574092290422269,0.07737853847790004,6.348998338515457,6.677686629244763,0.8811331358499097,1.6300323337834572,2.5074058131548393,2.735669457231771,2.647238098755926,2.296573543488858,1.978036227751693,1.6042433158156508,1.1049777927474624,6.996775025223544,0.2502126422453171,6.173661935093027,-0.37605438609650965,5.824247449885114,5.609501060902435,-0.8500276521789657,5.2904802583481105,-1.4815790995938924,4.222634985641472,3.376767159284324,2.8082504881391674,2.4519126452709665,2.104160989369846,1.6895527171342795,1.2936922155155584,7.254524692189504,0.7609095301462923,0.8205894811725685,7.311356712385821,1.2919007354646022,1.3288505674553426,1.1947438245883044,1.1791723586057739,1.0326722675866618,0.866510817639996,0.7160720593757047,0.4009029810099452,6.152832947616264,-0.8167543943868435,5.0131929290834405,4.74735751257167,4.557548329520587,4.28543028423989,4.059277978531853,3.8224305571842816,3.7431235669906604,3.8918148707137763,4.038622603840973,4.112296962243769,4.273684096796697,4.329035040262499,4.322652949423078,4.3792334012397705,4.392888583567314,4.244192748717065,4.152195128991735,3.871997177810809,3.944589324698515,3.9254528208713495,3.937708788876268,3.979764837845388,3.8648545762254614,3.7807139155362104,3.505359421969379,3.05106535951651,2.3632072526159233,1.8503378951506755,1.5252315229299422,1.2901446865183193,0.9160108805939783,0.4906734967875618,6.465897873829138,6.1767015828482155,5.983561331278706,5.73184034748582,5.565131118865498,-0.9247105262696282,5.124631310742876,5.0757556657494245,-1.2875449816599172,4.850342278879422,4.640046275461097
0.2610000000000002,0.03670165156389686,0.024563424691931943,4.403805082572329,4.077880218366523,3.7679766618561574,3.3745634831013773,2.7709233581604034,2.260471570809703,1.8989147093117706,7.778085607937912,1.2138622763025912,1.197607870145601,1.211053754555805,1.2351835919158132,1.1182257569307266,0.6794728998309927,6.570804121649978,0.09715922694879055,6.379670423927089,6.706653303479779,0.8962623267346447,1.617086251347213,2.459536119623809,2.6876874763980125,2.6127574320133125,2.274569710927741,1.9615663395273848,1.5917888258168453,1.0987195413192081,6.996448673927204,0.2545119676900076,6.183202673157974,-0.35949984017485376,5.842634303906558,5.616258577923971,-0.8636070040161347,5.261169548895543,-1.514373429720628,4.1992120309789795,3.3709732071373453,2.8118208073330635,2.4588538783997955,2.1116044010139614,1.6976122738179429,1.3036467940119119,7.266489810609169,0.7732669478914597,0.8297585600266032,7.31223450557648,1.2820094256442156,1.312923643047604,1.1797233126711704,1.168212493984872,1.0240728561032082,0.8575154178325861,0.7067206224053308,0.3944871540481436,6.154622956049084,-0.8024890405667595,5.0344744708549065,4.766384927691211,4.566983445437666,4.285105110971251,4.056673549267798,3.825820192453764,3.7549957903709608,3.9092436719614896,4.056337747769958,4.125620276203629,4.27999737242244,4.329397544656583,4.3216478958122435,4.382151566702172,4.4010476526221485,4.253516667773952,4.157819811323871,3.8743901292743006,3.9493332944098545,3.9331147060767084,3.9375150099023526,3.960883117659632,3.833277789567406,3.751413628490256,3.489900719088351,3.052779307239587,2.375733749384097,1.8614722630169733,1.5302883039258064,1.290984555568571,0.9178725926891947,0.498534738967527,6.480458523315609,6.1939399826341255,5.995816095990586,5.732425920529551,5.555631215364648,-0.9337477031265684,5.1244613547630715,5.078481922438507,-1.289884096352719,4.843420080152957,4.63417634377004
0.2710000000000002,0.037286613657342815,0.0775730278791898,4.402028600600514,4.079353878943188,3.771199850302077,3.3795280250905964,2.7802966730225456,2.2779865700517004,1.9260818259771377,7.811782595094979,1.244497911338354,1.2141879289111521,1.2055690907442587,1.2080144772814534,1.0807364360429266,0.6511269204071656,6.567205042109077,0.11528104929926346,6.408519482277705,6.734038306170137,0.9101260753685327,1.603933486840863,2.4148544361689233,2.6416518313492063,2.5781258412549906,2.251693039196944,1.9448579476318144,1.5795465992507258,1.092468607526379,6.995951725885534,0.2589152545832522,6.192948287360079,-0.34369003882796073,5.859193762849162,5.621821907493213,-0.8765791043763003,5.233613698711496,-1.5455890743763174,4.176391940585686,3.364635880638788,2.8147106700005247,2.465403570758209,2.1190461698750527,1.705828535011303,1.3136179911717185,7.27822587171386,0.785104209048667,0.8382347190984419,7.31280799732464,1.2727306344782905,1.297961998146858,1.1651587346934538,1.1570341678414295,1.0151058972295137,0.8485294772245189,0.6978155789588067,0.3886844572269903,6.156772205548344,-0.7887282251710779,5.054553648528796,4.784399597277392,4.576420420951885,4.285781071568986,4.055201374086093,3.829594277154949,3.7664606649970693,3.9259298215935146,4.07337944551057,4.1385804661168235,4.286456200248943,4.330408304546049,4.321379589478885,4.385252099990872,4.408646819937073,4.2621833209846685,4.163522571474668,3.8774988594608373,3.9541036745188647,3.9392911992046384,3.9358769674158007,3.942827909988521,3.8037788100249847,3.7237057370745066,3.474767921100982,3.0534993354006468,2.3868937442895426,1.8719497815340211,1.5355651350874824,1.2925344644015482,0.9203765093699882,0.5065196439066585,6.4944636699455485,6.21012038068957,6.007188290150189,5.733220943783768,5.547561547399212,-0.9416785162433848,5.123545384082135,5.080134266994138,-1.292177169314221,4.837250320193677,4.628743912678834
0.2810000000000002,0.0379887193654691,0.12485285443262925,4.400202798226489,4.080639209487717,3.7744208194259934,3.38478583493716,2.7901618093745615,2.2957541501967866,1.9527910754027438,7.844187049671806,1.2735418289142326,1.2296349278405019,1.200165238276224,1.1824971615891204,1.045889095507658,0.6248583775321017,6.563416109128342,0.13189517782311555,6.435606033637534,6.759842884422774,0.9227494110980515,1.590723639967034,2.3729909180922806,2.5974386964441436,2.5435339194075413,2.228117381928112,1.9278923026617334,1.5674377221952134,1.0862251479607004,6.995336620535146,0.2633974290348402,6.202764039665179,-0.3286405898885781,5.874158461004317,5.626354574340582,-0.8890317861244148,5.207629936432631,-1.5753191780733935,4.154199837192599,3.3578274509727093,2.816970443932082,2.4715747473273004,2.1264558036018606,1.7141629659960083,1.3235895513976785,7.289726207283663,0.7964401260601769,0.8460935336912211,7.313142003830943,1.2639943482836569,1.2838486154087831,1.1510253018228749,1.1457087394753165,1.0058437974028698,0.8395629676818355,0.6893193137757416,0.3834434519054927,6.159224076856767,-0.7754707662288501,5.073541719963294,4.801515297765234,4.585855456384088,4.287339779909087,4.0547428489155175,3.833741121210209,3.777579546472245,3.9419317754016805,4.089784085399832,4.151204103019982,4.293059111443762,4.3320082628011525,4.321759512513908,4.388510626120963,4.415775389269297,4.2703046741494175,4.16928425658048,3.8811462757109294,3.958795949375441,3.9441955190811644,3.9330881436809757,3.92547227714048,3.776117206518161,3.697484599053777,3.4599734392670616,3.053347614345125,2.3968069813932478,1.8818027899176015,1.5410124890109997,1.2947172722216218,0.9234643792709141,0.5146032707959999,6.507938079024452,6.225337508611817,6.017802415793559,5.734237129765108,5.54071174296952,-0.9486962503254299,5.122074332174441,5.080908902342123,-1.2944743817822548,4.831696730293534,4.623715870047987
0.2910000000000002,0.038786084266840756,0.16658000603093512,4.398368713194501,4.081779676064367,3.7776539092271633,3.3903220249605357,2.800467230875435,2.3137101767093338,1.9790273548898056,7.875366565339888,1.3011021545514525,1.24405663820115,1.194889257240649,1.158546395017151,1.013474202897128,0.6004686538128335,6.559526608847173,0.14713829521838556,6.4609950938056535,6.784080770125423,0.9341746288588277,1.577566938425455,2.3336260279290575,2.554933613378157,2.5091280872396293,2.2039945325841583,1.9106669093233548,1.555400261666527,1.0799865834578335,6.994640172737985,0.26792970893273876,6.21254403577809,-0.31435036837331126,5.88771931096127,5.629994431372161,-0.9010322366058765,5.183060164038986,-1.6036549518237901,4.132647849295386,3.350617738894786,2.8186486810838254,2.477379764653623,2.1338073534807758,1.7225808329332024,1.3335440594062757,7.300986421325792,0.8072971953000505,0.8534014233922999,7.313286315702894,1.2557409199656222,1.2704850964229177,1.1372991936970611,1.1342947344566097,0.9963501573257048,0.8306274956162861,0.6811988383807595,0.3787139040160948,6.161927189879831,-0.7627070946443641,5.09153729705764,4.817829295473108,4.595285138465404,4.289678735790971,4.055193420611707,3.838245316909875,3.7884038047275834,3.957304901370952,4.10558932434496,4.163515433843127,4.299800734694706,4.33414249830642,4.322711961816522,4.39190919123801,4.42250991901879,4.277971850771711,4.175083481847503,3.885186432769,3.963337258245648,3.948008089386465,3.929378042559317,3.908726154586957,3.7500872425849057,3.672642388843157,3.4455251310647665,3.0524344357612105,2.4055837279962327,1.8910629619335864,1.5465881090995088,1.29746231592377,0.9270797511294112,0.5227631597127802,6.520909203604213,6.239680117080722,6.027763017799036,5.735473146165032,5.534904499969499,-0.9549493408353994,5.120192625762861,5.080967752226222,-1.2968057109174262,4.826648505840651,4.619057594369642
0.3010000000000002,0.03966011225115602,0.2030393682305923,4.39655787906655,4.0828143291878805,3.780913327532167,3.3961214617880047,2.8111637827501075,2.331798000759096,2.0047799055356346,7.90538445530572,1.327281247780006,1.2575526475793815,1.1897784081101075,1.1360775590453287,0.9833007756714796,0.5777868214171773,6.555601932488142,0.16113269149526088,6.484754601473106,6.806777318597197,0.9444548930298646,1.564540102199427,2.29648502104915,2.514030315185563,2.475020178961408,2.179456276077225,1.8931909290064448,1.5433867771885705,1.0737483149314915,6.993886618467804,0.2724820529421799,6.2222056974081035,-0.3008074140736983,5.900035004647292,5.632857962938948,-0.9126325230982097,5.159767443759883,-1.6306842886259947,4.111738199374913,3.3430725133021837,2.8197921438410263,2.482830794549291,2.1410786804638953,1.7310507137078108,1.3434639210097679,7.312004086101812,0.8176997969976474,0.8602166451341937,7.31327941353475,1.2479191615654999,1.257788245425662,1.123957969692123,1.122840232948847,0.9866806831816426,0.8217353546800548,0.673424962250742,0.3744476610622487,6.164835554940509,-0.7504222209066147,5.108628178484932,4.83342518592112,4.604706303012628,4.292708871693771,4.056460588862841,3.843089122844033,3.7989765352539417,3.9721011994799205,4.120833053136919,4.1755366277488415,4.306673082380625,4.336760278214007,4.324171986539696,4.3954345812882885,4.428915792967653,4.285258806595401,4.1808983769478045,3.889499934481217,3.9676780117554156,3.9508813565057332,3.92492849890517,3.8925241077386867,3.7255128340506447,3.64907362940057,3.4314263662886813,3.050858735020358,2.413325579409337,1.8997613050309812,1.5522558084337115,1.300704885560479,0.9311686669756776,0.5309792601579626,6.5334059691583155,6.253230351840118,6.037157773441062,5.73691950449418,5.5299905801488825,-0.9605536221791657,5.118010571607652,5.080444352490204,-1.299187206393619,4.8220159018862665,4.61473498777093
0.3110000000000002,0.04059536913786044,0.23457911953514035,4.394794280486383,4.08377777904823,3.7842126151030064,3.4021690130586104,2.8222050159791947,2.3499676033620895,2.030041656827941,7.93430038782156,1.3521755645927047,1.270214317250404,1.1848617617225194,1.1150080126379807,0.9551949673209363,0.556664224667719,6.551689487722622,0.17398711635548722,6.50695416035296,6.8279679912944315,0.9536492863261684,1.5516928203358442,2.2613317746800297,2.4746300645462016,2.441294866668,2.154616490125119,1.8754816451835332,1.5313619775458203,1.0675043532185293,6.99309028008226,0.2770247500034626,6.231685165975753,-0.28799287011456953,5.9112389511234325,5.6350439068155245,-0.9238735813493852,5.137632865326575,-1.6564908817307056,4.091465711781416,3.3352525386071186,2.8204457163037846,2.487940103003305,2.1482508994636618,1.7395441467940385,1.3533320151614954,7.322778420251406,0.8276729440234126,0.8665902481390874,7.313151213597158,1.2404848723807216,1.2456873479859336,1.1109807611626246,1.111384796314282,0.9768840344957299,0.8128988400341266,0.6659716599791559,0.3705992378022101,6.1679084507600885,-0.7385978378793603,5.124892810989141,4.848375189422591,4.614115966326834,4.296352503291273,4.05846225401822,3.84825347770922,3.8093339699300843,3.986369181180566,4.1355526336300885,4.187287993120604,4.313666532895663,4.3398149935097265,4.326083666801829,4.3990770218355255,4.4350486284322335,4.2922254318818736,4.186707762748455,3.89398976953421,3.9717857044938527,3.952944214754217,3.919885192570736,3.8768172984882354,3.702242965377102,3.6266778984115704,3.417676555218786,3.0487087545541915,2.420126110861967,1.907928113150335,1.557984523126963,1.3043857645988735,0.9356801056849319,0.5392338022145416,6.545457802785338,6.266063540710326,6.0460602374288355,5.738561947531583,5.52584432888512,-0.9656008840565035,5.11561311873421,5.07944887575509,-1.3016254595996832,4.817726477220118,4.6107157350212
0.32100000000000023,0.041579301685586496,0.26157743660833727,4.393095962247461,4.0847003409180385,3.7875642714583946,3.4084497147361654,2.8335473753116505,2.368174865038714,2.0548086855688243,7.96217081880961,1.3758756413248092,1.2821249967680324,1.1801615797885372,1.0952579916779004,0.9289985849359249,0.536970309082156,6.547823124485013,0.185798008766722,6.5276640327274045,6.8476965305827004,0.9618191811697714,1.5390538808002394,2.227962854572635,2.4366411665780268,2.4080154508415688,2.129573186519841,1.857561754759888,1.5193005982132861,1.0612478532762952,6.992257841062364,0.2815294103401531,6.240933540506636,-0.27588363624156453,5.921444432370971,5.63663625852175,-0.9347881017982421,5.116552825120439,-1.6811537185977317,4.071819812630341,3.3272131047828153,2.8206522689799463,2.4927201831910732,2.1553079496575536,1.74803536962588,1.3631321101184026,7.333309979733285,0.8372414311886435,0.8725669568488806,7.312925108299081,1.233399685565172,1.2341219936224828,1.0983483258237043,1.0999610182011805,0.9670026022984477,0.8041297701314886,0.6588155832026391,0.3671261727583982,6.171110138105903,-0.727213795772659,5.140401479346385,4.862742010661348,4.623511294743443,4.300541622030324,4.0611253379704975,3.853718737482786,3.8195066381932343,4.000153862355373,4.1497843517996005,4.198788168784448,4.320770570235334,4.343264014630501,4.328398676946701,4.402829181722867,4.440955538208896,4.298920145999542,4.192491899433782,3.8985776469289175,3.9756403559648326,3.9543058697854114,3.914365930808461,3.86156817729671,3.680147703410686,3.60536129717609,3.4042718561661993,3.046062815057368,2.426071427898317,1.9155928940377123,1.5637475556217846,1.3084508211195511,0.94056623874521,0.5475111287348916,6.5570938846807385,6.278248265586321,6.054532213307663,5.740383757314798,5.522359802577873,-0.9701649202384859,5.1130661383428135,5.078072326508938,-1.3041207656715668,4.813721938816655,4.60697002042982
0.33100000000000024,0.042601886708000886,0.28441917962178526,4.39147633412301,4.085608287508763,3.7909795118412113,3.414948882196265,2.8451502830598154,2.386380937173975,2.0790797593244297,7.9890492894681575,1.3984661744140405,1.2933604023403953,1.1756944875374273,1.07675117258708,0.9045676289892981,0.5185894058308113,6.544026454060386,0.1966508617600799,6.546954332610012,6.866013072518708,0.9690257248657475,1.5266364987119925,2.196202228449691,2.3999785187073344,2.375228396240924,2.1044104269703996,1.839457304861107,1.5071855297467738,1.0549715530684112,6.991390248206161,0.28596954639380895,6.249913830624294,-0.2644541690443234,5.930748497709458,5.637706744387238,-0.945402625328026,5.096436702674629,-1.7047468487971393,4.052786100040898,3.319003903317838,2.820452520677206,2.497183788365238,2.1622362530803074,1.7565011137109823,1.3728491123834246,7.343600377867467,0.8464292746257136,0.8781859676927329,7.312619491337043,1.2266301506282755,1.2230403251099138,1.0860430178236362,1.0885957728518774,0.9570732162320417,0.7954391698780207,0.6519356795156136,0.36398920860600514,6.17440948394416,-0.7162491238440536,5.155217294545573,4.876580349625034,4.632889594031551,4.305216473518606,4.06438462376258,3.85946520543411,3.8295203221349494,4.013496835229954,4.163563040241078,4.210054292587169,4.327974331360236,4.347068494461705,4.331075086304607,4.406685418028357,4.446676258162752,4.305382050396127,4.198232920615771,3.9032008346407423,3.9792311500446704,3.9550591174973233,3.9084667184009576,3.846746951622134,3.659114815217615,3.5850371025540877,3.3912059039145492,3.0429901506723707,2.4312406526220043,1.9227842859195943,1.5695219609381221,1.3128506387793248,0.945782546197579,0.5557975056587869,6.5683425924265455,6.2898466223243785,6.062625763279335,5.742367295796422,5.519447490113315,-0.9743058589774835,5.110420985274236,5.076389998837555,-1.306669346415185,4.809955519173311,4.603470873092486
0.34100000000000025,0.0436552647757412,0.3034805946832515,4.38994521602895,4.086524162024215,3.794468128631826,3.4216521823741886,2.856976144494288,2.4045516954855666,2.102855944651448,8.014986636009668,1.4200261736396493,1.3039890911856833,1.1714724623394244,1.0594149885343385,0.881770908663573,0.5014182404744482,6.540315348761148,0.20662157663418432,6.564894378996128,6.882972357251763,0.975328205105703,1.5144426982856702,2.1658967566050795,2.3645631564348277,2.342966894970009,2.079200078255627,1.8211961353076431,1.4950062003222595,1.0486681232189412,6.990484274513313,0.2903208776261082,6.258598506236474,-0.25367770904811376,5.939234949756717,5.638316850522965,-0.9557390712216698,5.077204897713127,-1.7273393465936402,4.034347560260491,3.310669140493919,2.8198849232728986,2.501343899576721,2.169024434820188,1.7649204347755234,1.3824691987621283,7.3536520416144,0.8552593595402284,0.8834816569531609,7.3122489042914856,1.2201469932062097,1.2123976234855212,1.0740487086187596,1.0773112207062165,0.9471277824164986,0.7868370768286873,0.6453128905992594,0.36115234064902946,6.177779546078855,-0.7056827267755136,5.169397028562156,4.889938134138964,4.6422483079804575,4.310324372687748,4.068181772544173,3.8654735069254436,3.8393968422783695,4.026436393586721,4.176921832093297,4.221102150069614,4.335267002634188,4.351193139046144,4.334076358289361,4.410641211585816,4.45224415040581,4.311642703356578,4.2039150435332715,3.907809470450128,3.982553953599652,3.9552830822258667,3.9022662870927247,3.832329220571544,3.6390469380518127,3.565625895414726,3.378470478152317,3.039551766235621,2.4357063708328295,1.9295299741123424,1.5752880415327666,1.3175401789183445,0.9512878300016085,0.5640809244974394,6.579231106728519,6.300914596173341,6.070384889139904,5.744495005668649,5.51703157191628,-0.9780733037571648,5.10771785534946,5.07446430511876,-1.309264901956702,4.806389813589816,4.600194263982815
0.35100000000000026,0.044733390286402185,0.31912001064962203,4.3885096663730385,4.087467119074172,3.7980384338520548,3.428545679581331,2.8689902954843873,2.4226572599747676,2.126140266831578,8.040031143830197,1.4406291695624298,1.314072983806701,1.1675036622533,1.0431807671473456,0.8604887606303623,0.4853639881147398,6.536699834994061,0.21577772581664584,6.5815521799115855,6.898632129059573,0.9807830752211455,1.5024667754696146,2.136912443664698,2.330321794100357,2.311253670980269,2.0540033918211376,1.8028067172651052,1.482757200076816,1.0423304365488353,6.9895337828177215,0.29456145307555465,6.266967536518857,-0.2435271179987869,5.946976665314414,5.638519486437714,-0.9658158560850679,5.058787182546078,-1.7489954077414356,4.016485497727069,3.3022478045480863,2.818985582261443,2.5052136543217665,2.175663086350631,1.7732745639063687,1.3919798681061344,7.363468005642055,0.863753236200372,0.8884842032539316,7.311824903582807,1.2139245100948102,1.2021551581125252,1.062350681472744,1.0661256201782503,0.9371938557845128,0.7783324392353648,0.638929909209323,0.3585827694146249,6.18119715056009,-0.6954938489001626,5.182991829602584,4.902857530083213,4.651585020220575,4.315818714145389,4.072464485785533,3.871724848053623,3.8491547046516064,4.039007692326794,4.189892015602601,4.231946305643943,4.3426380987962485,4.355605961061201,4.3373705151356,4.414692751962611,4.457687091390094,4.317727574869491,4.2095246243410465,3.912364297319614,3.9856094796442223,3.9550454829301267,3.895829532628046,3.8182943809867584,3.6198592287912352,3.547055366552746,3.3660560772886576,3.0358012822560227,2.4395350553659316,1.935856614860261,1.5810289256088512,1.3224784674300427,0.9570441537190717,0.572350907503503,6.58978514846321,6.311502500445539,6.077846925293422,5.746750035326592,5.515047645252215,-0.9815086412015392,5.104988288047934,5.072347080995982,-1.31189968453862,4.802995006796507,4.5971190431034605
0.36100000000000027,0.04583171413718731,0.33167277645132237,4.387174632457391,4.088453270914372,3.8016972628676493,3.4356158639579695,2.8811609087418293,2.4406715691782144,2.1489374119873133,8.06422866784278,1.4603434589244055,1.3236679010226868,1.1637931172248217,1.0279837424685643,0.8406118826737783,0.4703427405405857,6.5331855353881405,0.224179685895665,6.5969940255080415,6.913051768686045,0.985443450478802,1.4906979500955915,2.1091313687645616,2.2971863725981616,2.2801031913393977,2.0288724065286443,1.7843173015688325,1.4704371266842937,1.0359517679139196,6.988530731739919,0.29867165660307066,6.275006825537866,-0.23397544787212807,5.954037421916278,5.638360350678313,-0.97564871704954,5.04112132395912,-1.7697745351451952,3.9991802376720447,3.2937740245598675,2.8177882173999618,2.5088062550865504,2.1821445595123565,1.7815467709316561,1.4013699390723686,7.373051742506197,0.8719310201212885,0.8932201313321617,7.3113567196801315,1.2079400690923936,1.192279246886212,1.0509355142243892,1.0550539849530893,0.9272951516014438,0.7699330810512792,0.6327709801517963,0.35625078613312394,6.184642481817941,-0.6856623737847684,5.196047841857012,4.915375773839225,4.6608974561790175,4.321658143054959,4.07718578747129,3.8782011875969498,3.8588096344359077,4.0512429274761725,4.202502964657911,4.2426002183984055,4.3500776513713015,4.360278027103169,4.340929440928102,4.418836638680941,4.463028254134878,4.3236572336652115,4.215050110147873,3.9168347700029784,3.988401923719362,3.954404500403376,3.8892101631564433,3.8046245475510228,3.6014774180391536,3.5292599352915754,3.353952389213498,3.031785742501327,2.442787473863869,1.941789771105506,1.5867302103972956,1.327628301853512,0.9630167308229841,0.5805983227625894,6.600028819818939,6.321655441729307,6.085043685985926,5.749116605120236,5.513440843842067,-0.9846467591078228,5.102257054541004,5.070081460704442,-1.3145652333946134,4.799747424669383,4.594226778786065
0.3710000000000003,0.046946905382789166,0.3414490575484189,4.385943456856467,4.08949602419688,3.805450022736352,3.4428496687645223,2.893458871510286,2.4585719993702573,2.1712534650863597,8.087622733259387,1.4792323746235068,1.3328240936282671,1.1603433036884503,1.0137629808582675,0.8220402833092425,0.45627828478711135,6.529774773372837,0.23188162854385758,6.611284173562579,6.926291167107822,0.9893589247659229,1.4791223444663393,2.082449189370776,2.265093626764836,2.249523412889611,2.0038511819109455,1.7657553081128923,1.4580476279596362,1.0295259349774337,6.987465963888021,0.30263413914003984,6.282706966939305,-0.22499632322878002,5.96047335179809,5.6378790544725526,-0.9852513203266999,5.024151931953407,-1.7897317799261794,3.982411650152227,3.285277476180992,2.816324162364567,2.512134871129694,2.188462782920603,1.7897222348503938,1.410629512667356,7.382407025570086,0.8798113643412645,0.8977127850438003,7.310851761094552,1.2021736912877312,1.1827404838174393,1.0397909595410926,1.0441086182386716,0.917452001306113,0.7616457143492266,0.6268217344126662,0.3541296136219677,6.188098697075582,-0.6761690078752413,5.208606747142038,4.927525862228259,4.6701834837536245,4.3278058579759255,4.082303406112628,3.8848853445545903,3.8683750169337263,4.063171526527247,4.214782125706386,4.253076344404496,4.357576328006683,4.365183206740082,4.344728300021127,4.423069671972788,4.468286793809143,4.3294483118745,4.220481925681157,3.9211974801640093,3.990937948713162,3.9534103134831717,3.882452768182018,3.791303817715712,3.5838362002207544,3.512180270103171,3.342148664261278,3.027546367750752,2.4455190844477475,1.9473538628463327,1.592379656798904,1.3329559755895874,0.9691737787305301,0.588815213685868,6.609984525965068,6.331413786743243,6.092002406347399,5.7515801979779395,5.512164285853289,-0.9875173416941125,5.099543597887022,5.067703403007534,-1.317252870122999,4.796628354713997,4.591501542129964
0.3810000000000003,0.04807661248452708,0.3487334700939096,4.384818268579053,4.090606398057559,3.809300771716087,3.4502344806629317,2.9058576446877638,2.4763390216045726,2.193095679015546,8.110254625918635,1.4973545694773984,1.341586750568188,1.1571546210109356,1.0004612502830028,0.804682342562897,0.4431011181813601,6.526467422942329,0.23893237236164602,6.624484614022178,6.938409828901123,0.9925755936970194,1.4677244241910625,2.056773115010205,2.2339846816235394,2.2195171647215077,1.978976874371867,1.7471469018293073,1.4455926164592179,1.0230473900935477,6.986329812875249,0.3064337077606004,6.2900622539866475,-0.21656419247543796,5.9663341114759545,5.63711004910804,-0.9946357133248751,5.007829497594083,-1.808918013600991,3.966159535357836,3.276783802878764,2.8146223992217845,2.515212542480654,2.194613095528118,1.7977879184883292,1.419749912813363,7.391537820554457,0.8874114805049784,0.9019827377754722,7.310316001753741,1.1966076991327343,1.173513100603679,1.0289058282874528,1.0332995489525234,0.9076817578550049,0.7534759840571061,0.621069048564622,0.3521952198551162,6.191551570998251,-0.6669953832237697,5.2207062413072585,4.939337127803486,4.679441112242431,4.3342290222858075,4.0877792403298425,3.8917610581602804,3.877862262808515,4.0748203418534015,4.226755045633891,4.263386227183882,4.365125499785868,4.370297928932252,4.348745051661049,4.427388711715172,4.473478445810752,4.335114286307352,4.225812321782445,3.925434851183194,3.993225927243735,3.952106363589379,3.8755944545536716,3.7783177693207706,3.5668779001182602,3.4957627690062805,3.3306340019093694,3.0231192465013166,2.447780419819237,1.9525721331582735,1.597966925314106,1.3384310172202443,0.9754863515393307,0.5969946452351861,6.619672957469119,6.3408136146322,6.098746512548974,5.754127632924153,5.511177792813832,-0.9901458581982419,5.096863142766062,5.065242934381798,-1.319954025508862,4.793623087196735,4.588929665767935
0.3910000000000003,0.049219261679743116,0.3537858317654791,4.383800282985163,4.091793318392647,3.81325231916699,3.4577581456590156,2.9183331110654023,2.4939558911998163,2.2144722709754,8.132163477697741,1.5147643052845843,1.349996477237055,1.1542257858318608,0.9880248544923887,0.7884539758829407,0.4307476441163303,6.523261564349523,0.24537610681604227,6.636654901306579,6.949466181772762,0.9951362017775698,1.4564880220990153,2.0320202586165865,2.2038046824152464,2.190083244945735,1.9542806713347303,1.728516712063213,1.433077631888887,1.016511272634384,6.985112561578564,0.3100571913412805,6.29706989326102,-0.2086544863694971,5.971663831726775,5.636083394059979,-1.0038126622880474,4.992109587565286,-1.8273802140556383,3.9504039021128294,3.2683150316854253,2.812709622009546,2.5180520918273843,2.200592094066439,1.8057324460824762,1.4287236141584259,7.400448201459279,0.8947471919589464,0.9060481480808836,7.309754280275606,1.1912264177042091,1.1645744360352626,1.0182698792801952,1.0226348896232413,0.8979991555741204,0.7454285335365803,0.6155009237272835,0.3504261172082868,6.194989172903871,-0.6581241043901483,5.232380455205903,4.9508357215010586,4.688668489570815,4.340898265130836,4.0935788947997835,3.898813013161328,3.8872811114079955,4.086213842065303,4.238445428588228,4.273540577801055,4.372717269963029,4.375600949610446,4.35296004474126,4.431790587591769,4.478616045255574,4.3406661093692955,4.231035204844537,3.9295340592074446,3.995275375287117,3.950530397567066,3.868666153868458,3.765653116017882,3.550551365795488,3.479959036061925,3.319397564791123,3.018535958945719,2.449617458733029,1.9574666297763073,1.603483345752526,1.344025943679737,0.9819281611989487,0.6051305676377495,6.629113117261692,6.349887144776748,6.105296251549348,5.756747062429111,5.510446830853915,-0.9925543264390936,5.0942275584048575,5.062725163872716,-1.3226604483209943,4.7907201365212995,4.586499496286276
0.4010000000000003,0.05037388860018861,0.35684253920714826,4.382890030087994,4.093063885970824,3.8173063374245215,3.465408972338443,2.9308634185202362,2.5114083655556856,2.23539224314298,8.15338635015273,1.5315117406625762,1.3580897395118143,1.151554158068737,0.9764034475442905,0.773277891736235,0.41915950700271154,6.520153990740359,0.25125300307474435,6.647852044441833,6.959517063717634,0.9970803565658651,1.4453970461766286,2.0081162880458847,2.1745024598030387,2.1612172930706626,1.9297885991799484,1.7098876611939042,1.420509328908904,1.009913430052624,6.983804779721718,0.31349329567225265,6.303729380434194,-0.20124371057316912,5.9765018962058845,5.63482539567799,-1.0127919058334864,4.976952168158245,-1.845161753240935,3.935125164793208,3.259889970094005,2.8106103232690867,2.520666047526251,2.2063974923835676,1.8135459834390282,1.4375441634637096,7.409142286788218,0.9018330068253582,0.9099250677189247,7.309170532330218,1.1860159194896143,1.155904492676437,1.007873717163307,1.0121211316348646,0.8884166292188662,0.737507082432985,0.6101063799177108,0.3488031569220047,6.198401576583731,-0.6495387574339448,5.2436603279076826,4.962045020045083,4.6978638980952105,4.347787256408785,4.099671275758906,3.9060268400468123,3.8966398834030884,4.097374297768305,4.249875212457953,4.283549345878178,4.38034447464725,4.381073132823885,4.357355679237445,4.436272047123664,4.483709976410563,4.346112717268573,4.236145960273348,3.933486142772225,3.997096528495339,3.9487153300673197,3.8616936769181307,3.7532974701074004,3.534811046614277,3.464725375896927,3.308428733399426,3.013824134480269,2.451071983105943,1.9620582013081607,1.6089217150685067,1.3497160265439574,0.988475394302632,0.6132176972622619,6.638322379152369,6.35866313460973,6.111669206159836,5.75942792200617,5.5099416339160845,-0.9947619093306291,5.091646035063553,5.060171113623149,-1.3253643319999537,4.787910609348249,4.584201152661914
0.4110000000000003,0.05153999884594168,0.35811825047330265,4.382087527110825,4.0944236179052815,3.821463479194831,3.4731757333260793,2.9434288225287593,2.5286844471216563,2.2558652250182654,8.173958317960016,1.5476432127983932,1.3658992718535468,1.1491360102551602,0.9655498395960499,0.7590829331149609,0.40828303534440136,6.517140599448652,0.2565997274286805,6.658130446085228,6.968617358389863,0.998444771968937,1.434435952469795,1.9849943150422868,2.146030229169672,2.1329124858402246,1.9055222205236595,1.6912808756099886,1.4078950701616906,1.0032504148626848,6.982397564673732,0.3167324562088941,6.310042004831505,-0.194309491237688,5.9808835850393285,5.633359140394166,-1.0215823464705127,4.962321036032396,-1.8623026784128498,3.920304278396638,3.2515245762604,2.8083468975721306,2.523066579217797,2.21202799150115,1.8212201208538115,1.446206098841491,7.417624192374476,0.9086822025032645,0.9136277085157598,7.308567971921555,1.1809638051720557,1.1474855645882955,0.9977086991475741,1.0017633901501557,0.8789445965778435,0.7297145105159976,0.6048753627522546,0.3473093256019785,6.201780601419398,-0.6412238937380857,5.254573938339016,4.972985971884724,4.707025749344117,4.354872343185263,4.106028237159431,3.9133890975427694,3.9059456918674735,4.108321959363863,4.261064657905959,4.2934217826776795,4.388000663621897,4.386697246830947,4.361916123075678,4.440829731135393,4.488768560102156,4.351461438474763,4.241141278642407,3.9372852689013813,3.9987000254991827,3.9466899590706355,3.8546985708851467,3.7412391786623744,3.519616222622777,3.4500223186594483,3.2977172135701838,3.009007945611073,2.4521819189395226,1.9663665066118752,1.6142761190051576,1.355479071028041,0.9951065297007301,0.6212514136335896,6.6473165676598445,6.367167244976241,6.117880716820684,5.762160851597038,5.509636475790958,-0.9967853860122123,5.089125618195308,5.057598400446914,-1.328058384721584,4.785187691922557,4.582026298222625
0.4210000000000003,0.05271745332848528,0.3578076691417712,4.381392407991653,4.095876663220499,3.825723495653444,3.481047665442876,2.956011531203566,2.5457741490110193,2.275901335199117,8.193912552737723,1.5632015096077208,1.373454449622015,1.1469667500122394,0.9554198015047253,0.7458034934862949,0.3980687696359618,6.514216693505977,0.26144987234506595,6.667541882330004,6.976819750921144,0.9992635167429045,1.4235900460129753,1.9625939719808723,2.1183433214613236,2.105160093862225,1.8814992354187852,1.672715657961678,1.3952426067432824,0.9965194636290798,6.980882705498956,0.31976669352230125,6.31601045624197,-0.18783058721332271,5.984840611060817,5.631704941713183,-1.0301921962184235,4.9481833370812875,-1.8788399816058603,3.9059228270757824,3.2432322985461304,2.8059397566615902,2.5252654463232314,2.2174831596838778,1.8287477592624135,1.454704869661328,7.425897997552599,0.9153069155865442,0.9171686737028981,7.3079492334819856,1.176059014474295,1.1393019232169195,0.9877668507334816,0.9915656084509701,0.8695917085720009,0.7220529430149679,0.5997986602670685,0.34592954846233365,6.2051195827271135,-0.6331649976776026,5.265146800458955,4.983677392610222,4.716152578054725,4.362132237291749,4.1126242701062425,3.9208872428872463,3.9152046192082937,4.1190752254139,4.272032444591985,4.303166497263103,4.395680067610594,4.392457775732254,4.366627075041654,4.445460168583361,4.493798386543141,4.356718321358927,4.246018990025062,3.94092812867075,4.000096671804938,3.944479561751428,3.8476988209590712,3.7294672096968706,3.5049303579382456,3.435814181601708,3.2872531071345343,3.004108542700595,2.452981659480175,1.9704100355675445,1.6195417741916815,1.3612952074612532,1.0018021606050767,0.6292276711638868,6.656110051233147,6.3754223726077734,6.123944227682452,5.764937602021717,5.509509063946998,-0.9986395278550616,5.0866716328927595,5.055021796802148,-1.330735860879853,4.78254623412052,4.579967930299336
0.4310000000000003,0.05390637455930171,0.3560873073531874,4.380804019893939,4.097425993981706,3.8300853517506197,3.4890144687563467,2.9685955551393213,2.562669281225372,2.2955110605766715,8.213280407226351,1.5782261298967444,1.3807816268939954,1.1450411038267105,0.9459718733000946,0.7333789983709694,0.38847105751323946,6.511377212948769,0.265834318758521,6.676135515954764,6.984174579386715,0.9995682540003222,1.412845657886059,1.9408606375775503,2.0913999423306158,2.0779499281466722,1.857733999724407,1.6542095042563159,1.3825598307063849,0.9897184630229466,6.97925278686434,0.3225894744396113,6.32163851285596,-0.18178687872322177,5.988401569968891,5.629880716485569,-1.0386290881324662,4.934509158104495,-1.8948078541065974,3.891963077940308,3.2350243830731578,2.8034074515738303,2.527273958901249,2.2227633220617404,1.8361230001914737,1.4630367589235045,7.433967721883222,0.9217182330357143,0.9205591586505834,7.307316483761078,1.1712916623111864,1.1313395511804263,0.9780407901531157,0.9815307293910109,0.8603650704209671,0.7145238343240573,0.5948678282004037,0.34465050240224343,6.2084131689002735,-0.6253484444682702,5.275402126279076,4.99413621857927,4.725243035819861,4.369547745747983,4.119436229438257,3.9285095940200674,3.924421865967676,4.129650800731374,4.2827957705854685,4.312791506627536,4.403377556809616,4.39834074668123,4.371475565900766,4.450159784566646,4.498804600384586,4.361888396532686,4.250777909733246,3.9444134396890127,4.001297264670399,3.942106392622413,3.8407094279969054,3.7179710724774937,3.4907205559521306,3.4220686695219484,3.277026954375588,2.999144434808885,2.4535023694523943,1.9742061393499688,1.624714888032387,1.3671466950846871,1.0085448236812968,0.6371429239928811,6.6647158428392705,6.383448950590785,6.129871571349337,5.767750935369755,5.509540033189465,-1.0003374015550386,5.0842880230075025,5.05245369387551,-1.3333905667295725,4.779982411929194,4.5780201894881465
0.44100000000000034,0.05510707052020682,0.35311715851132636,4.380321494628667,4.099073573855376,3.834547336281845,3.4970663045657253,2.981166563639067,2.5793632557839192,2.314705151140319,8.232091499477209,1.5927535299896456,1.3879044417600812,1.1433532689154429,0.9371671797936951,0.7217534445502225,0.37944770283849144,6.508616911078231,0.26978154145976213,6.6839579365522965,6.990729760611125,0.9993884640771129,1.4021902344950958,1.919744781473029,2.0651609561558284,2.0512706992847884,1.834237972405914,1.6357781530552535,1.36985458641201,0.9828459070762753,6.977501246426942,0.3251955805192113,6.326930793550084,-0.17615933968054914,5.991592320908053,5.627902302965349,-1.046900162419413,4.9212711787845915,-1.910237924182635,3.878408009179605,3.2269101496892927,2.800766797909514,2.529102949858148,2.227869459453876,1.8433410400784473,1.4711988091941015,7.441837310081152,0.9279262817797937,0.9238091252466651,7.3066715103261695,1.1666528964055896,1.1235859157255732,0.9685236610431169,0.9716608400535328,0.8512704370873315,0.7071280479918827,0.5900751224897516,0.3434604407932074,6.211657142809634,-0.6177614526074804,5.285361060421616,5.004377725751241,4.734295884600445,4.377101537177452,4.126443092322203,3.9362452867698066,3.933601876388781,4.140063843829472,4.2933704520398175,4.32230428056997,4.411088594325266,4.404333572305665,4.3764497912112565,4.454924916846962,4.503791144146603,4.3669758865462445,4.2554176971217235,3.947741536786442,4.002312464296551,3.9395901016368016,3.8337428865444925,3.7067407610650687,3.4769570984079414,3.4087565138413005,3.267029755300083,2.9941318221639244,2.4537722696637947,1.9777710683178573,1.6297925342280957,1.3730177380251234,1.0153188367384705,0.6449940622923368,6.673145703423598,6.391265218507325,6.135673203934925,5.770594525133979,5.509712521329543,-1.0018906157803735,5.081977623370427,5.0499044849795265,-1.3360168491514608,4.7774934535317355,4.576178188956945
0.45100000000000035,0.056319973222318825,0.34904224493049824,4.379943801153679,4.100820506143306,3.8391071651103577,3.5051937922902137,2.993711748338361,2.595850909280268,2.3334945287484476,8.250373796541865,1.606817355960145,1.3948440914377818,1.1418970387767688,0.9289692552959703,0.7108749897623563,0.370959658561342,6.505930487501225,0.2733178676560076,6.691053221741654,6.99653077252946,0.9987516473510208,1.3916123658113688,1.8992014044247634,2.0395896916575693,2.0251103070389465,1.8110201020382126,1.6174356569529613,1.3571345295784045,0.9759008489419246,6.975622396776413,0.32758098464534247,6.331892561198645,-0.1709299989223152,5.994436310380129,5.625783730760812,-1.055012133544944,4.908444373766238,-1.9251594773669247,3.865241319414805,3.218897237815875,2.798033001190745,2.530762757241664,2.2328031160679753,1.8503980694594178,1.4791887527144933,7.449510623202627,0.9339403148910383,0.9269274535752973,7.306015791875044,1.1621347732217024,1.1160297752201507,0.9592090727419147,0.96195729445076,0.8423123858743012,0.6998659316872089,0.5854134380283154,0.3423490309591625,6.21484826496177,-0.6103920339432,5.2950428894234465,5.014415719367194,4.743309990297317,4.384777938613844,4.133625744546654,3.944084229317361,3.94274844472971,4.150328103699201,4.303771021030201,4.331711782002083,4.418809187224379,4.410424907698487,4.381538970413889,4.459751837394378,4.5087609655377685,4.371984373234358,4.2599387280487955,3.9509140354461794,4.003152700308375,3.936948086501969,3.8268095821424035,3.695766713584076,3.4636130538059393,3.3958511486357454,3.2572529753134645,2.989084885723848,2.453816901727236,1.981120015735278,1.6347725421379495,1.3788943132637568,1.0221101459618565,0.6527783584482156,6.681410244965977,6.39888746436757,6.141358399847873,5.773462859751602,5.510011812409239,-1.0033095237055134,5.079742379176287,5.047382883876284,-1.3386095738117558,4.775077416998984,4.574437863287498
0.46100000000000035,0.05754558949907773,0.34399402735997325,4.379669783924904,4.102667163357996,3.8437620765682436,3.5133880052081907,3.006219694820743,2.6121283415488197,2.351890208368878,8.268153697112389,1.6204486611201723,1.4016195796852564,1.1406659070406415,0.9213438785010412,0.7006955865937085,0.3629707555538013,6.503312687244451,0.2764676971051009,6.697463014424659,7.001620678596238,0.9976835062240459,1.3811017721501306,1.8791895561070522,2.014651766149363,1.999456074268173,1.7880871613731937,1.5991944688227149,1.3444070246844424,0.9688828497590867,6.973611420859236,0.3297427359883137,6.336529566443592,-0.16608189424958075,5.996954849654955,5.623537450877012,-1.0629713430672763,4.89600575650816,-1.9395996593166183,3.852447423529872,3.2109918242632016,2.7952197799415925,2.5322632152441513,2.2375663157302603,1.8572911774238008,1.4870049459739065,7.456991434506617,0.9397687931693686,0.929922074028113,7.305350554345977,1.1577301496161396,1.1086610133025794,0.9500910475535643,0.9524208181182652,0.8334944687453334,0.6927373864034515,0.5808762529325682,0.34130720468502374,6.217984136045349,-0.6032289434240672,5.304465228596101,5.024262699045175,4.752284316520607,4.392562758086934,4.14096679087644,3.9520170556033754,3.9518648055730994,4.160456046123161,4.314010820097285,4.34102050328023,4.426535837177413,4.416604521157575,4.386733227704084,4.4646367764073265,4.513716193555983,4.376916931045746,4.264341980878833,3.953933555225248,4.003828105185221,3.9341957907178084,3.8199181228009467,3.6850397820621144,3.450663943323553,3.3833284211448653,3.24768853968758,2.984016039004692,2.4536593730381435,1.9842671656989617,1.6396533984621378,1.3847640103609475,1.0289061831450612,0.6604934216505167,6.68951903080903,6.406330240655078,6.146935413900505,5.7763511517456685,5.510425035744956,-1.0046033907512393,5.077583523364012,5.044896189787314,-1.3411640970744347,4.7727330098843295,4.5727958357733565
0.47100000000000036,0.058784461967110124,0.33809167632846643,4.3794981907700485,4.104613300338504,3.8485089185477688,3.5216404650053788,3.0186802624974747,2.628192769236722,2.3699032304272696,8.285456112586246,1.6336761088025082,1.4082479390042955,1.1396531534073755,0.9142589179652133,0.6911706550578569,0.3554474613812618,6.500758373277314,0.27925369073809314,6.703226611775567,7.006040182628247,0.9962081070045662,1.370649263686307,1.8596719165437088,1.9903149258436708,1.9742949361339635,1.7654440375472014,1.5810655371207754,1.3316790729651948,0.9617919266245207,6.971464348020806,0.33167885324954843,6.340847923542032,-0.16159902214762792,5.9991673537497645,5.621174532521162,-1.0707838017069145,4.883934158099903,-1.953583661743076,3.840011438953527,3.2031988153982387,2.7923394847372105,2.5336136525426305,2.242161486263041,1.8640182616213823,1.494646308819512,7.464283428715447,0.9454194614681374,0.9328000825289012,7.304676815893027,1.153432588039491,1.1014704963021247,0.9411639743128845,0.943051597686981,0.8248193466563336,0.6857419295768783,0.5764575777206001,0.3403270216340703,6.221063076669582,-0.596261629884701,5.31364418891924,5.033930003017588,4.7612179186476595,4.4004431291760735,4.148450386381239,3.9600350788811656,3.9609537107850916,4.170458969896539,4.324102092528651,4.350236499079011,4.434265492106729,4.422863177749549,4.392023490963531,4.469575946979018,4.518658287685404,4.381776233091301,4.2686289354647045,3.9568034926635978,4.004348468298747,3.931346956663582,3.81307561646449,3.674551209300546,3.4380874546358524,3.371166333904982,3.2383288202231975,2.978936146936998,2.453320582467944,1.98722574383482,1.6444341599326746,1.3906158826316577,1.0356957330235512,0.6681371595677765,6.697480671673464,6.413606556847106,6.152411616852583,5.779255253656161,5.5109409112417715,-1.0057805346389375,5.075501720406027,5.042450508580813,-1.3436762346636877,4.77045944287767,4.571249302778511
0.48100000000000037,0.06003713842266871,0.33144321260213333,4.379427693085942,4.106658152782264,3.8533442271548815,3.5299431351158903,3.0310844727859454,2.6440423931622967,2.3875446030259337,8.302304546091081,1.6465261607528439,1.4147444300357006,1.1388519147846679,0.907684188175897,0.6822587890736431,0.3483586642956545,6.498262578252724,0.28169693340663005,6.708381062334217,7.009827704934723,0.9943480232286264,1.360246682897991,1.8406144302579106,1.9665489000270846,1.9496135932211094,1.7430939843646334,1.563058405953622,1.3189572645988443,0.9546285011713912,6.9691780163220125,0.3333882259202739,6.344854011646731,-0.15746628530594148,6.001091548423996,5.618704832117447,-1.0784552232605642,4.872210035466845,-1.967134892213442,3.8279191653827573,3.1955220161389075,2.78940321197851,2.534822896673448,2.2465913915852918,1.8705779439940309,1.5021122680404753,7.47139020366368,0.9508994194423532,0.9355678411648441,7.303995423098195,1.1492362734672525,1.0944499503310623,0.9324225676057806,0.9338493579110942,0.816288907940713,0.6788787520837967,0.5721519089073464,0.3394015452449132,6.224084022293685,-0.5894801887258524,5.322594526160544,5.04342793457024,4.770109938222961,4.4084073743664725,4.156062086109939,3.9681302462637027,3.970017495297299,4.180347113433913,4.334056067779679,4.359365416253065,4.441995499814949,4.429192534722394,4.397401405671398,4.474565569138611,4.523588163971973,4.386564635341963,4.272801484282487,3.9595278350380934,4.004723205710529,3.9284138413078176,3.806287903931728,3.6642926103586935,3.4258631957839185,3.35934481554827,3.2291666167118813,2.9738547160493423,2.452819427484204,1.990008069529166,1.6491143758601374,1.3964403094002746,1.0424688105602316,0.6757077459417798,6.705302916339332,6.420728050712214,6.157793609307125,5.7821715812757795,5.51154953319259,-1.0068484432266176,5.07349718309297,5.040050937820977,-1.3461422291093228,4.768256311174686,4.569795933617979
0.4910000000000004,0.061304148223474214,0.32414652776151526,4.379456900480434,4.108800522915949,3.8582642970576555,3.5382884128719683,3.0434244054473725,2.65967627840836,2.4048252529108853,8.318721169083775,1.6590232516421939,1.4211227204115862,1.1382552441727338,0.9015913159258078,0.673921492690973,0.341675478734881,6.4958205400742415,0.2838170753187488,6.712961268196105,7.0130194726365715,0.9921244623088631,1.3498868371737465,1.821985984547472,1.9433252672827452,1.9253986354148866,1.721038842103166,1.5451813167124449,1.3062477498428147,0.9473933498494581,6.966750025574298,0.3348705231790661,6.348554396253319,-0.15366943949381917,6.00274365037374,5.616137138993533,-1.085991052301343,4.860815304383207,-1.9802751288026061,3.8161570601876273,3.1879642782050337,2.7864209115683214,2.5358992832498006,2.2508590710755505,1.8769694922994677,1.509402705276442,7.478315273544557,0.9562151866440526,0.9382310661858448,7.303307080261134,1.1451359405190464,1.0875918550792931,0.9238618320337083,0.9248134281550715,0.8079043725631487,0.6721467692803241,0.5679541866002029,0.338524730478224,6.227046431543733,-0.5828753170018042,5.3313297741683465,5.052765873211642,4.778959597724655,4.416444884568594,4.163788710862536,3.976295094846563,3.9790581334971913,4.190129752306277,4.343883041712194,4.368412521072061,4.44972356423334,4.435585047781815,4.402859261250601,4.479601892418834,4.528506301277053,4.391284243347484,4.276861854750735,3.9621110078477386,4.004961342006357,3.925407400716405,3.7995597548707565,3.6542559570118662,3.413972482657739,3.347845517367311,3.2201951351657097,2.9687800598001726,2.4521729935889875,1.9926256086607919,1.653694019513327,1.4022288689041635,1.0492165478611244,0.6832035930957016,6.712992736397397,6.427705140565892,6.163087317913276,5.785097044261593,5.512242186195421,-1.0078138743674554,5.07156976750712,5.037701721923043,-1.3485587173252132,4.766123498426938,4.568433784390135
0.5010000000000003,0.0625859844417413,0.3162902973378468,4.379584371450964,4.111038853864872,3.863265243845108,3.5466691205098924,3.055693102821345,2.675094246156507,2.421755984172299,8.3347268952219,1.6711899503411982,1.4273950451623947,1.13785615938814,0.895953616531236,0.6661229424740588,0.3353710693676737,6.493427724947301,0.2856324558422188,6.717000089850126,7.0156496187434865,0.9895573774738012,1.339563426656415,1.8037581250606498,1.9206173322577151,1.9016366419804958,1.6992792294374275,1.5274413089317815,1.2935562248533357,0.9400875566713094,6.964178684550043,0.33612611000392484,6.351955766641351,-0.15019504092239505,6.0041385248218235,5.613479301407375,-1.0933964871146784,4.849733193518835,-1.9930246606643884,3.804712211163622,3.1805276299308365,2.7834014879998605,2.5368506689611547,2.2549677857099777,1.8831927474020103,1.5165179090502772,7.485062073145246,0.961372762056104,0.9407949050511139,7.302612373200529,1.1411268094537919,1.0808893518470826,0.9154770309548876,0.9159427999687997,0.7996663838571546,0.6655446663778423,0.5638597557359066,0.3376913226635135,6.229950206304122,-0.5764382711860783,5.339862364067038,5.061952372676458,4.787766195701361,4.424546012588636,4.1716182271283415,3.9845227097883607,3.988077287698066,4.199815288287802,4.35359245153287,4.377382724159449,4.457447704676468,4.442033887264818,4.40838992774918,4.484681216419645,4.533412830575276,4.395936964989503,4.280812541711698,3.9645577501724056,4.0050715012961895,3.9223374484121014,3.7928950331341467,3.6444335640833048,3.402398154804314,3.3366516328974423,3.2114079642818627,2.9637194424184954,2.4513967270876127,1.9950890259899865,1.6581734274156281,1.4079742213659308,1.055931090285475,0.6906233284978668,6.720556404790433,6.43454716050982,6.168298077059381,5.788028983910511,5.513011187966235,-1.008682941106417,5.069719050306773,5.035406382504532,-1.3509226991901606,4.764061099112411,4.567161224230748
0.5110000000000003,0.06388309077060302,0.307954799010919,4.379808621283431,4.113371294116993,3.8683430588337044,3.5550784951074217,3.0678844816111117,2.6902967763209995,2.438347443763236,8.350341451286798,1.6830471086785752,1.433572350598273,1.1376476833411975,0.890745979331809,0.658829772939378,0.3294204912969357,6.491079840815905,0.2871602126348502,6.720528451703428,7.0177502858924425,0.9866655668786932,1.3292709708224248,1.7859048031960434,1.8984000117428843,1.8783142622013527,1.6778147113585842,1.5098443186877568,1.2808879287382875,0.932712468928,6.96146295502682,0.33715597005783987,6.355064886003954,-0.14703039490187167,6.005289823921222,5.61073833594126,-1.1006764989540128,4.838948116398416,-2.005402415619473,3.793572307860836,3.173213389773844,2.7803528946296487,2.537684447430906,2.2589209704733495,1.889248056227118,1.5234585306977473,7.491633962610544,0.9663776782665077,0.9432640039622012,7.301911788688352,1.1372045299170215,1.0743361637595488,0.9072636591824026,0.9072361770839398,0.791575089182324,0.6590709385260141,0.5598643306430477,0.33689676663497903,6.232795622149817,-0.5701608277211005,5.348203730894306,5.070995247525149,4.796529102268453,4.432701978687729,4.179539639524739,3.992806684580707,3.997076349904913,4.209411330504527,4.36319294546049,4.386280603418103,4.465166218299889,4.448532863282228,4.413986801125342,4.489799909073137,4.538307609777387,4.40052455208931,4.284656249053192,3.9668730130777328,4.005061905158031,3.9192127917366046,3.786296836444493,3.6348180769241702,3.391124415196714,3.3257477379723004,3.2027990512175,2.95867920418456,2.4505045922701223,1.997408236534069,1.6625532457329586,1.4136700017165778,1.062605501244852,0.6979657746592426,6.727999568094199,6.441262480510049,6.173430698620963,5.790965117714291,5.513849754749392,-1.009461184827196,5.0679443916134925,5.033167828097814,-1.3532315076639787,4.762069355950525,4.565976872541936
0.5210000000000004,0.06519585232951274,0.2992126476516344,4.380128128041435,4.115795753321359,3.873493656834336,3.5635101775504436,3.079993251820195,2.705284920091311,2.4546100930136627,8.365583445011138,1.6946139984489565,1.4396644234059013,1.1376228772750312,0.885944761859791,0.6520108823666578,0.3238005444732133,6.488772843482645,0.28841637848127244,6.723575446753869,7.01935173170578,0.983466761607908,1.319004736157655,1.7684021508851038,1.8766497290545563,1.855418280079279,1.6566439463623406,1.4923952733578245,1.2682476490694485,0.9252696561731817,6.958602394682329,0.3379616349093258,6.357888551648898,-0.14416350635803024,6.006210108773501,5.6079205227693265,-1.107835848429292,4.828445558681435,-2.017426075844888,3.7827256123871957,3.166022265464781,2.7772822211061667,2.538407567143335,2.262722192536647,1.8951362102132072,1.5302255439551706,7.498034232394252,0.9712350505557235,0.9456425671178801,7.301205730396603,1.133365131473212,1.0679265264378899,0.8992174191676009,0.8986920189297403,0.7836302107772144,0.652723926017215,0.5559639626485203,0.33613712532597345,6.235583267849881,-0.5640352463463653,5.356364409049879,5.079901649825094,4.805247754943549,4.4409047866543965,4.187542894294101,4.001141083629221,4.006056477885464,4.218924769273519,4.372692447254835,4.395110425184523,4.472877645818258,4.455076358952902,4.419643755709561,4.494954422486078,4.54319028621887,4.405048633132187,4.288395839486991,3.9690618770839454,4.004940375801539,3.9160413496387667,3.779767614615453,3.6254024595738508,3.38013669035003,3.3151196489323294,3.194362677447215,2.953664870691794,2.4495092141174024,1.9995924554130882,1.6668343830078318,1.4193107214257525,1.0692336751482683,0.7052299317635863,6.735327312651461,6.44785861299616,6.178489531833163,5.793903490213683,5.514751885776453,-1.0101536384229626,5.066244986145771,5.030988446643952,-1.355482780738013,4.760148609617816,4.564879545856144
0.5310000000000004,0.06652458965030253,0.2901294578745407,4.380541337276934,4.118309950515402,3.878712917432841,3.571958200642731,3.092014842410667,2.720060221542085,2.4705541844016214,8.38047042972823,1.7059084374501787,1.4456800065296433,1.137774868124323,0.8815276920530069,0.6456372566629331,0.3184896407073166,6.486502937227725,0.2894159677518206,6.726168439227695,7.020482433550806,0.9799777040951816,1.3087606664732754,1.751228279115901,1.8553443158850436,1.8329356659277567,1.6357648156717486,1.4750981819514861,1.2556397336373943,0.9177608726178854,6.955597100344299,0.3385451191626383,6.360433563199586,-0.1415830325858464,6.006910957373459,5.60503148888119,-1.1148790996396873,4.818211978602231,-2.029112182710113,3.772160930331161,3.1589544405481096,2.774195774073086,2.5390265507773937,2.2663751147007267,1.9008583890449136,1.5368202079643605,7.504266108152834,0.9759496212110851,0.9479344087532955,7.300494532048754,1.1296049800871424,1.0616551276730897,0.8913342002443336,0.8903085785792443,0.775831107941298,0.6465018450420021,0.5521550104735558,0.3354090070012049,6.23831399282159,-0.558054236127188,5.364354117774795,5.088678137172887,4.813921654795559,4.44914714905165,4.195618792605161,4.009520407186375,4.015018626387074,4.228361843206143,4.382098215810425,4.403876163817542,4.480580740441013,4.461659270911022,4.4253551026689015,4.500141306358299,4.548060348657016,4.409510738920601,4.292034291558138,3.9711294854097656,4.004714343110498,3.9128302547235765,3.7733092697456714,3.6161799833099537,3.3694215077805443,3.304754296893712,3.1860934352427663,2.9486812482833655,2.448422007642063,2.001650245782923,1.671017968565075,1.4248916788805255,1.0758102579362079,0.712414962534429,6.742544224785146,6.454342307494873,6.183478514961015,5.796842429626612,5.515712263832378,-1.0107648811488008,5.064619904732822,5.028870183585451,-1.3576744353591341,4.758299258530229,4.563868213113038
0.5410000000000004,0.06786955523934567,0.28076444349004875,4.381046665912505,4.120911455743118,3.883996720351565,3.5804169764828995,3.1039453332405142,2.7346246475189018,2.4861897429212636,8.39501896581468,1.7169469053244746,1.4516269032440574,1.1380968709479569,0.8774737778949347,0.639681809269467,0.31346768193263586,6.484266571357034,0.2901730540300502,6.728333164298472,7.0211691911197605,0.976214218289608,1.2985353168216003,1.734363097180696,1.8344629209307342,1.8108536171580254,1.6151745368393018,1.4579562205163228,1.2430681066885192,0.9101880229599464,6.952447652692784,0.33890886109110896,6.362706697157058,-0.1392782384764677,6.0074030603987465,5.6020762809984275,-1.1218106325120851,4.808234718760925,-2.040476231748537,3.7618675822591743,3.1520096498734453,2.771099151371714,2.5395475153999967,2.2698834636195415,1.906416109415524,1.5432440334587048,7.510332755411113,0.980525799403248,0.9501429988788284,7.299778468322239,1.1259207398288809,1.0555170548703552,0.8836100605543348,0.8820839358866588,0.7681768315523954,0.6404028144228462,0.5484341131877132,0.3347095003348282,6.240988861548038,-0.5522109240610158,5.372181837746011,5.0973307331323205,4.822550362879016,4.457422420496044,4.203758912565359,4.0179395586188775,4.0239635742023765,4.237728200126161,4.391416900063666,4.412581519896714,4.488274439912914,4.468276956330222,4.431115553506195,4.505357219058967,4.5529171703590166,4.413912322607184,4.295574663029813,3.973080990271885,4.004390854520089,3.9095859419180226,3.7669232412343083,3.6071442154175886,3.3589663883026444,3.2946396162054374,3.1779862051379184,2.943732507550685,2.4472532949489283,2.0035895645864916,1.6751053159789162,1.430408877749464,1.0823305746488703,0.7195201789332615,6.749654445390776,6.460719634652352,6.188401220123784,5.799780509714726,5.516726169483698,-1.011299086490747,5.063068127938692,5.026814607887076,-1.359804643358334,4.756521726869715,4.562941958247307
0.5510000000000004,0.06923093220681635,0.27117096196019796,4.381642505609649,4.123597725907157,3.889340975454989,3.588881283237568,3.1157813928373383,2.7489805250579313,2.5015265514583853,8.409244678942443,1.7277446499578588,1.4575120706753835,1.1385822072237985,0.8737632238898771,0.6341192353660262,0.30871594857227674,6.482060433801126,0.2907008401626813,6.730093824249377,7.021437225736719,0.9721912727074156,1.2883257915594177,1.7177881501209726,1.8139859247166625,1.7891595901352324,1.594869763721615,1.440971812346387,1.2305362882553255,0.9025531315852162,6.9491550631915855,0.3390556683881498,6.364714686526892,-0.13723895434658412,6.00769630644754,5.59905942963739,-1.1286346536952525,4.798501927743743,-2.051532758687403,3.751835376099941,3.1451872454198124,2.767997310039714,2.5399761930737026,2.273251002336741,1.9118111785411664,1.549498751902529,7.516237283888149,0.9849676969659592,0.952271503509174,7.299057763934539,1.1223093391708037,1.0495077492164973,0.876041211315805,0.8740160264555231,0.7606661718128694,0.6344248787387387,0.5447981655086909,0.33403611658405946,6.243609114091069,-0.5464988261122945,5.3798558797516725,5.1058649810096455,4.8311334969250295,4.465724537989313,4.211955538987257,4.026393813951594,4.0328919476738605,4.24702895232554,4.400654589488416,4.421229937179238,4.495957841499849,4.474925185771695,4.4369201877975595,4.510598936497991,4.557760044637791,4.418254775268257,4.299020059863447,3.974921509988415,4.003976586915676,3.9063142257196635,3.760610577987978,3.598289008088033,3.348759751066027,3.2847644454288263,3.170036134608117,2.938822256514338,2.446012411058012,2.0054178059482006,1.679097891049672,1.435858952772825,1.0887905634878734,0.7265450303595213,6.756661719253422,6.466996060851856,6.1932608923756405,5.802716516364187,5.517789406928334,-1.0117600641337479,5.061588573205559,5.024822967916133,-1.3618718093441788,4.754816439365711,4.562099949102369
0.5610000000000004,0.07060883453467204,0.2613970107510499,4.382327225836761,4.126366135592014,3.8947416479447754,3.597346251440016,3.1275202215746574,2.7631304856470225,2.516574139648705,8.423162315191833,1.7383157851619089,1.4633417038934644,1.1392243196585656,0.8703773538142846,0.6289258788529957,0.30421699702786525,6.479881442640975,0.291011721754073,6.731473180641148,7.021310275668041,0.9679230373398078,1.278129686817683,1.701486472234192,1.7938948601226814,1.767841324644045,1.5748466745277765,1.424146702886655,1.2180474154924033,0.8948583150158869,6.945720723774691,0.33898866867219757,6.3664642044863795,-0.13545553641855704,6.007799858072022,5.595985005539256,-1.1353552062764078,4.789002490287604,-2.0622954173896075,3.7420545806205214,3.1384862536706857,2.7648946284495377,2.540317951522831,2.2764815066944957,1.917045652133889,1.5555862873663044,7.521982751416259,0.9892791604166925,0.9543228200667214,7.298332601256158,1.1187679413251066,1.0436229656753733,0.8686240031356806,0.8661026669790001,0.7532977000171033,0.6285660282309149,0.5412442952529605,0.3333867381566808,6.246176131936942,-0.5409118205142031,5.387383946305766,5.1142859917604415,4.839670728261051,4.474047967459631,4.220201600069081,4.034878793602109,4.041804241134748,4.256268726649866,4.409816860467589,4.429824618441914,4.503630179731315,4.481600101225721,4.4427644245121245,4.515863358963614,4.5625882139966345,4.4225394379458285,4.302373610089315,3.9766560950199477,4.003477859919999,3.9030203676742046,3.7543719997971787,3.5896084874096053,3.3387908295710504,3.2751184393638364,3.1622386180957,2.933953604877173,2.4447077994795343,2.007141842113982,1.6829972837918847,1.4412391024309874,1.095186715852287,0.733489093086656,6.763569439457843,6.4731765144987685,6.198060483941409,5.805649418381662,5.518898239758975,-1.0121512969119597,5.060180116667817,5.0228962387886105,-1.3638745504766563,4.7531838016118755,4.561341411795782
0.5710000000000004,0.07200330862336879,0.2514856813841443,4.383099176776308,4.12921400350206,3.9001947792629728,3.605807349940315,3.139159499832522,2.777077415684682,2.53134177575258,8.436785793104368,1.7486733803256451,1.4691213115726105,1.1400167840554325,0.867298539223113,0.6240796107847937,0.2999545654362443,6.477726736240246,0.29111734494397706,6.732492642208772,7.020810686990876,0.963422935238229,1.2679450374377002,1.6854424548204765,1.7741723381831143,1.746886862231595,1.5551010493990567,1.4074820293503991,1.2056042651736665,0.8871057574391272,6.942146359619039,0.33871126440323085,6.36796185128217,-0.13391882993964135,6.0077222197478095,5.592856669496411,-1.1419761785248725,4.779725964898684,-2.0727770504903607,3.732515900119466,3.131905425609271,2.76179496295624,2.540577814578468,2.279578745201552,1.9221217965333848,1.5615087309317837,7.52757216741995,0.9934637995450999,0.9562996085525336,7.297603126723742,1.1152939181389292,1.0378587380443531,0.8613549141010701,0.8583415774132578,0.746069805043102,0.6228242158529885,0.5377698427576181,0.33275957292309355,6.248691408505257,-0.5354441231718922,5.394773186966018,5.12259848671587,4.848161778933559,4.482387655784267,4.228490610250097,4.043390436202218,4.050700834707088,4.265451709872753,4.418908818830914,4.4383685403157385,4.511290806694965,4.488298178775991,4.448643996373104,4.521147516115189,4.567400893875082,4.42676761089928,4.3056384419360905,3.978289701399262,4.002900650076804,3.8997091354657183,3.748207949538398,3.5810970424469284,3.329049597176495,3.265691990818704,3.154589278438773,2.9291292205406925,2.4433470984702983,2.0087680619010535,1.686805183984968,1.4465470279603423,1.1015160218563362,0.7403520607211667,6.77038068726838,6.4792654449231994,6.202802684342718,5.808578342039515,5.520049335205412,-1.0124759734672033,5.058841610581402,5.021035162521004,-1.3658116780105196,4.751624184917459,4.560665609764871
0.5810000000000004,0.07341433581557205,0.24147557603784003,4.3839566921571205,4.132138615076244,3.905696504189871,3.6142603716267216,3.150697340743825,2.7908244125413133,2.5458384611326452,8.450128252774658,1.7588295426849372,1.4748557841096512,1.1409533186918914,0.864510133229631,0.619559718092936,0.2959134869451253,6.475593662507899,0.2910286591620939,6.733172348337362,7.019959499780698,0.9587036894703543,1.257770268299885,1.6696417266025119,1.7548019787837041,1.7262845594761194,1.5356283387744825,1.3909783851558752,1.1932092767017202,0.8792976891224866,6.93843398518562,0.3382270918890416,6.369214143718589,-0.13262013488464874,6.007471298749708,5.589677716445854,-1.1485013118211151,4.770662527995935,-2.082989753443,3.7232104504035264,3.125443280270528,2.758701699435413,2.5407604821874994,2.2825464619773967,1.927042054696321,1.5672683174330657,7.533008495946371,0.9975250128811797,0.9582043190006085,7.296869456271413,1.1118848271234205,1.032211348412162,0.8542305394169526,0.8507304003787745,0.7389807251912351,0.617197371799614,0.5343723421078671,0.3321531136768157,6.2511565237339575,-0.5300902650041937,5.402030248034392,5.130806835726314,4.856606419010026,4.490738987662216,4.236816618588378,4.051924974391861,4.0595820098145845,4.274581689785751,4.427935138844207,4.446864467204775,4.518939174672582,4.495016195372736,4.454554926813888,4.526448570326752,4.572197291843002,4.430940560658345,4.308817665656952,3.979827170262843,4.002250605549844,3.896384854786446,3.7421186375924154,3.572749314424899,3.319526700842685,3.2564761609740414,3.147083949709627,2.9243513794057368,2.4419372188368476,2.010302406670068,1.690523359882559,1.4517808782073849,1.1077759208654074,0.7471337355146334,6.777098267851671,6.485266874741217,6.207489947018621,5.811502548941087,5.521239715647021,-1.0127370172157417,5.0575718971453005,5.019240282108301,-1.3676821804834973,4.750137914870772,4.560071826814963
0.5910000000000004,0.07484183564490846,0.2314011907395031,4.38489809205957,4.135137241769493,3.9112430645875143,3.622701419029965,3.1621322471500286,2.804374745673553,2.5600729269684397,8.463202102095211,1.768795492814809,1.480549454989045,1.1420277915866635,0.8619964091164867,0.6153468015782415,0.29207960984488784,6.4734797676912486,0.29075596543764287,6.7335312480671,7.018776529530357,0.9537773660315106,1.247604149883669,1.6540710454614453,1.7357683459203206,1.7060230970513282,1.5164237236266602,1.3746358793522533,1.1808645751364846,0.8714363675075264,6.934585863597813,0.3375399840789767,6.370227506731047,-0.13155117415492584,6.007054459764532,5.586451114568932,-1.154934207894832,4.761802923784727,-2.0929449326227063,3.7141297360715764,3.119098142668452,2.7556178000917546,2.540870349824808,2.2853883624200533,1.931809015746648,1.5728674043515136,7.538294658256901,1.00146601033725,0.9600392156645985,7.296131679954813,1.108538391244327,1.0266773004491667,0.8472475823856194,0.843266718129564,0.7320285759221397,0.6116834158179892,0.5310495040174638,0.33156610219970933,6.253573122225363,-0.5248450710669454,5.409161317244368,5.138915091244202,4.865004464039227,4.499097746787489,4.24517416208392,4.060478912465832,4.068447962714956,4.283662092397753,4.436900098925919,4.4553149643676475,4.526574820907742,4.501751199253576,4.460493509160284,4.531763818575466,4.576976622965071,4.435059525349083,4.311914358553988,3.9812732124140617,4.001533061043483,3.893051454973608,3.736104079649231,3.564560186044636,3.3102134020427125,3.247462617330246,3.139718661431896,2.919622009333052,2.4404844140857653,2.011750403869409,1.6941536397181538,1.4569391998365062,1.113964256617549,0.7538340203936889,6.783724742203966,6.491184446418448,6.212124512938976,5.8144214168151365,5.522466716373784,-1.0129371121227477,5.056369819355969,5.017511970467368,-1.3694852084196572,4.748725262937547,4.55955935357741
0.6010000000000004,0.0762856696004654,0.22129326851413497,4.385921685714948,4.138207157428432,3.9168308202031366,3.631126889912515,3.173463072413746,2.8177318222873,2.5740536328847283,8.476019060277476,1.7785816339075868,1.4862061560974262,1.143234225973957,0.8597425033738358,0.6114226822727193,0.2884397239654884,6.471382785001776,0.29030896075027196,6.733587174653451,7.017280443822401,0.9486554132049797,1.2374457578427052,1.6387182003053564,1.7170568872160656,1.6860914853108275,1.4974821685092456,1.3584541912482782,1.1685719938746109,0.8635240607670521,6.930604469341358,0.33665393686136075,6.371008266644976,-0.13070406416477293,6.006478573956243,5.583179540027397,-1.1612783354696832,4.753138419177611,-2.1026533580753264,3.70526562909869,3.112868176813078,2.7525458459105048,2.5409115271923817,2.28810810127548,1.9364253877986908,1.5783084526941316,7.543433535001837,1.00528983329852,0.9618063983290132,7.295389865907904,1.1052524811462272,1.0212532960381036,0.8404028465486795,0.8359480673845358,0.7252113739826541,0.6062802675771841,0.5277992002214231,0.3309974974385736,6.255942894501846,-0.5197036413095565,5.416172163972284,5.146927018802953,4.873355772651451,4.507460080843663,4.253558223435584,4.069049005752215,4.077298816312645,4.292696015606308,4.4458076143537335,4.463722410228885,4.534197354301375,4.508500483599702,4.4664562877335054,4.537090693061964,4.581738121950672,4.439125718668589,4.314931552761322,3.982632397027383,4.000753052720029,3.8897125092514786,3.7301641288870675,3.556524770963589,3.3011015239325245,3.238643578349097,3.1324896241208022,2.9149427290153147,2.4389943436571704,2.0131171982289877,1.6976978956823958,1.4620208924338847,1.1200792365284526,0.7604529116010644,6.79026245562842,6.4970214636932,6.21670843162356,5.817334422886239,5.5237279487298405,-1.013078725702486,5.055234229424328,5.015850455034926,-1.371220060418918,4.7473864405355926,4.559127476860669
0.6110000000000004,0.07774564523433053,0.21117912530168872,4.387025774302543,4.141345652134496,3.922456256909917,3.6395334629346054,3.184688984759832,2.8308991570876563,2.5877887672085493,8.488590198778189,1.7881976153580799,1.4918292676123857,1.1445668042536137,0.8577343627962478,0.6077703153757634,0.2849814928080678,6.469300623298939,0.2896967788350501,6.733356915766271,7.015488834353721,0.9433486977884725,1.2272944363486393,1.6235719220325162,1.698653877419326,1.6664790669973715,1.4787984682367545,1.3424326204853883,1.1563330967098615,0.8555630336118123,6.9264924542088036,0.33557307859829916,6.371562645804327,-0.1300712876922301,6.005750063102516,5.579865407874663,-1.1675370363927047,4.744660763173116,-2.112125211441436,3.696610348691681,3.106751414440308,2.749488075110002,2.5408878561254573,2.290709272816195,1.9408939737762365,1.5835940096962755,7.54842796800828,1.0089993724171245,0.9635078210877356,7.294644063745202,1.1020250995214174,1.015936214818814,0.8336932288349898,0.8287719522766891,0.718527058352537,0.6009858553421815,0.5246194492514101,0.3304464473473136,6.258267560975356,-0.5146613328261853,5.42306817545061,5.154846124293186,4.8816602442827985,4.515822469900171,4.261964192777651,4.077632241603038,4.086134630475723,4.301686259673072,4.454661267209141,4.472089007978079,4.541806443840817,4.51526156305972,4.4724400406203495,4.5424267607390005,4.586481052612468,4.443140332807287,4.3178722254006,3.983909143751833,3.9999153329432886,3.886371270292474,3.7242985033602527,3.5486384034728715,3.292183404002698,3.2300117640081734,3.1253932160748454,2.9103148824065226,2.43747212991514,2.014407580700583,1.701158030081837,1.4670251680780497,1.1261193948081838,0.7669904918633043,6.796713563087816,6.5027809284398765,6.221243579910856,5.8202411295041205,5.525021267903442,-1.0131641295962197,5.054163995193909,5.014255838684473,-1.372886170508153,4.7461215951244276,4.558775471445325
0.6210000000000004,0.07922152047084546,0.20108295100880225,4.388208653736549,4.14455004384025,3.928115992726566,3.6479180834781837,3.195809434840682,2.8438803456944135,2.6012862486041737,8.500925979762659,1.7976523911366167,1.4974217630215652,1.1460198706445957,0.855958695303482,0.6043737110590613,0.28169339093276224,6.467231355996731,0.2889280277950057,6.732856279453559,7.013418284464606,0.9378675385406992,1.2171497649422338,1.6086218026748182,1.680546365626615,1.6471755175830927,1.4603672889150088,1.3265701328136021,1.144149199082386,0.8475555351377605,6.922252616367403,0.3343016426481234,6.371896758319511,-0.1296456688627846,6.004874939341375,5.576510899604811,-1.1737135313116185,4.7363621501825,-2.1213701295333203,3.688156442372698,3.1007457799977387,2.7464464179358976,2.540802927655228,2.293195402865174,1.945217649964362,1.588726693200393,7.553280761716228,1.0125973833445907,0.9651453088901796,7.293894307500434,1.0988543673684448,1.0107230962766272,0.8271157135778252,0.8217358556432369,0.7119735083948545,0.5957981231730767,0.5215084034746036,0.32991226399326545,6.260548858284105,-0.5097137434731749,5.4298543894081766,5.162675678389441,4.889917817010057,4.5241816978421125,4.2703878329918945,4.086225821881015,4.094955411049758,4.310635354807009,4.463464333791889,4.480416796507219,4.549401808579418,4.5220321528140275,4.4784417638996015,4.547769721911927,4.59120471507834,4.44710454055624,4.320739290770221,3.985107717595704,3.9990243847208617,3.8830307017068133,3.7185068093030953,3.5408966284032086,3.283451851545339,3.2215603515815325,3.1184259713379605,2.9057395692646946,2.4359224095093426,2.015626015255028,1.7045359634202812,1.4719515149763758,1.1320835590471594,0.77344692401855,6.803080051736665,6.508465573485677,6.225731678764455,5.823141171748909,5.526344744735877,-1.0131954180259486,5.0531580049238976,5.01272811752254,-1.3744830966360817,4.744930807928356,4.558502593933916
0.6310000000000004,0.08071300800312482,0.19102608770507246,4.389468617428235,4.147817688083499,3.9338067819229012,3.6562779496993647,3.206824126244823,2.8566790413396603,2.6145537288657343,8.513036292236592,1.8069542733922561,1.5029862497673596,1.1475879327352478,0.8544029241809717,0.6012178615123009,0.2785646461692163,6.4651732103104855,0.28801082482658197,6.732100156025423,7.011084432359195,0.9322217371493811,1.2070115286275067,1.5938582219118094,1.6627221259920029,1.6281708436652265,1.4421832039531892,1.3108654018362216,1.1320213883858228,0.8395037885135374,6.917887872399641,0.33284394264142825,6.3720166067364215,-0.12942035013065079,6.0038588409986975,5.57311798773781,-1.179810924951979,4.728235186861167,-2.1303972439946257,3.6798967682378887,3.094849112359954,2.7434225281175864,2.5406600982010277,2.2955699424278615,1.9493993470456414,1.5937091775727643,7.557994684300186,1.0160865006182622,0.9667205721186337,7.293140618175304,1.0957385119151277,1.0056111240521703,0.8206673672822286,0.8148372488519451,0.7055485595486345,0.5907150368453707,0.5184643372864707,0.3293944015672349,6.262788527692449,-0.5048566967346803,5.4365355235154995,5.170418738439055,4.898128465484792,4.532534826509716,4.278825248235198,4.094827146831073,4.103761117735069,4.319545586132088,4.472219809719895,4.488707660730234,4.556983208996587,4.52881014988929,4.484458657148365,4.553117408060604,4.595908451134263,4.45101949678764,4.323535594272457,3.9862322260774024,3.998084435751566,3.8796935059827797,3.7127885609497433,3.5332951912877713,3.27490010936265,3.2132829360434436,3.11158456874665,2.901217672287207,2.4343493796661475,2.016776663654672,1.7078336241721659,1.4767996647953825,1.1379708199567653,0.7798224450518036,6.8093637609140965,6.51407789183406,6.230174308359441,5.8260342467607025,5.527696641013184,-1.013174524377833,5.052215170739047,5.011267196037683,-1.3760105102021842,4.743814092977151,4.558308078319295
0.6410000000000005,0.08221977968535124,0.18102728669422896,4.390803959005381,4.151145986028007,3.9395255174861807,3.6646104988697195,3.217732988690333,2.86929893449957,2.627598596674465,8.524930485976345,1.816110981692112,1.50852500595875,1.14926566209543,0.8530551454638906,0.5982886736692178,0.27558518625573064,6.463124556924774,0.2869528283240409,6.731102576033946,7.008502030225559,0.9264206069784258,1.196879690949083,1.5792722802360308,1.6451696117004235,1.6094553797739353,1.4242407256136351,1.2953168469905847,1.119950543248667,0.8314099823185821,6.913401232146605,0.33120435029156303,6.37192807946897,-0.12938877112174724,6.002707064909942,5.569688457785444,-1.185832211037456,4.720272862058244,-2.139215217428965,3.6718244783324154,3.0890591836859502,2.7404178112861906,2.5404625048833247,2.2978362627201867,1.9534420333881075,1.5985441810299985,7.562572468514284,1.019469249898506,0.9682352194284025,7.29238300595833,1.0926758560071468,1.0005976121918685,0.8143453340389967,0.8080736003351486,0.6992500168630851,0.5857345886648033,0.5154856363568687,0.32889243697434956,6.264988305287779,-0.5000862277284438,5.443116001971633,5.178078168088724,4.906292198957185,4.540879172261852,4.287272855361533,4.103433800230968,4.11255167097145,4.328419016291191,4.480930432913959,4.496963341323598,4.5645504395814696,4.535593616465548,4.490488110080547,4.558467779017996,4.600591648018318,4.4548863394574045,4.326263907820491,3.987286618213123,3.9970994720112416,3.876362149325833,3.7071431973799505,3.525830028806139,3.2665218192221386,3.2051734945650194,3.104865821975639,2.896749881252798,2.4327568399152266,2.0178634083235805,1.7110529400430194,1.481569563340779,1.1437805039763167,0.7861173604959841,6.815566399856586,6.519620162695785,6.234572921653921,5.828920104570729,5.5290753877814325,-1.0131032361326329,5.051334430997336,5.009872900002781,-1.377468186518512,4.7427713972027155,4.558191132981635
0.6510000000000005,0.08374147084889993,0.17110294597220846,4.392212974969961,4.15453239104847,3.945269232192813,3.6729133940570016,3.2285361536658708,2.881743735145351,2.6404279821517083,8.536617403384167,1.8251296882686843,1.5140400135442484,1.1510478940919717,0.8519040882141493,0.5955729071123016,0.27274558954787276,6.461083900134879,0.2857612675964011,6.72987676453701,7.005684999475056,0.9204729998157651,1.1867543698025038,1.5648557381285342,1.6278779119958737,1.5910197838922084,1.406534332591025,1.2799226680283635,1.107937351743072,0.8232762633543851,6.908795776173659,0.3293872755346088,6.371636948869457,-0.129544649204503,6.001424595600446,5.566223927896851,-1.19178027688983,4.712468519546184,-2.1478322763444027,3.663933003080168,3.083373715778518,2.737433450631875,2.540213079963112,2.299997651403636,1.9573487003683667,1.6032344542562684,7.567016812298024,1.0227480587357782,0.969690769054581,7.291621472162624,1.0896648087864171,0.9956799930942046,0.8081468314953938,0.8014423829823355,0.6930756666377834,0.5808548013297353,0.5125707878372263,0.3284060527170219,6.267149913741154,-0.49539857025318823,5.449599979532065,5.185656654892798,4.9144090593817795,4.549212284711293,4.295727357951409,4.112043535721336,4.121326957955358,4.337257505914721,4.489598704650882,4.505185443922561,4.572103322496893,4.542380764948031,4.496527690192993,4.563818919626477,4.605253740937083,4.458706190247332,4.328926926501064,3.9882746849836326,3.9960732508312313,3.8730388837824705,3.701570096824699,3.5184972595293913,3.2583109906299152,3.1972263546376745,3.098266670497093,2.8923367145286143,2.4311482297092626,2.018889873438873,1.714195830535063,1.486261344270372,1.1495121484827557,0.7923320391655525,6.821689563367581,6.525094474682125,6.2389288566203875,5.831798540237401,5.530479566291219,-1.0129832083301535,5.050514751783848,5.0085449874699135,-1.3788559961120037,4.741802601374853,4.558150938864976
0.6610000000000005,0.08527768448689428,0.1612673294149587,4.393693967275551,4.157974414050273,3.951035098502202,3.6811845111867996,3.2392339323021133,2.8940171573288236,2.653048762060318,8.548105409390883,1.8340170596153895,1.519532988297862,1.1529296270290148,0.8509390774626816,0.5930581167059013,0.2700370394685047,6.459049868492711,0.284442970403467,6.728435191840666,7.002646482324534,0.9143873308132212,1.176635815739898,1.5506009606714968,1.6108367120679565,1.572855031940374,1.3890584940567212,1.2646808762517023,1.0959823285023744,0.8151047307641869,6.904074635673557,0.32739714880735593,6.371148869836208,-0.1298819616584749,6.000016131646575,5.562725866443774,-1.1976579077400573,4.704815833233702,-2.15625624122528,3.6562160367056453,3.0777903942594222,2.7344704300568705,2.539914564424102,2.302057309859673,1.9611223495292958,1.6077827702010017,7.571330379178247,1.0259252660299414,0.9710886587650539,7.290856010922791,1.0867038575038628,0.9908558069378586,0.8020691473046248,0.7949410805243748,0.6870232864023262,0.5760737309756366,0.5097183714442985,0.32793502181229406,6.269275055427354,-0.4907901447880132,5.455991363244262,5.193156726119774,4.922479119598709,4.557531927408307,4.304185722692243,4.120654264221902,4.130086837898256,4.346062732160979,4.498226908853437,4.513375447804097,4.579641702193357,4.5491699446021325,4.50257513131389,4.569169035979309,4.609894214533863,4.462480154939247,4.3315272662979885,3.989200060982205,3.9950093134404243,3.8697257669818823,3.6960685888015052,3.5112931749819607,3.250261972549888,3.1894361654134844,3.091784171371626,2.887978538253137,2.4295266623498204,2.019859444365055,1.7172642006567236,1.4908753055489572,1.155165479362407,0.7984669081959588,6.827734745660067,6.530502746474014,6.243243347286468,5.83466938711418,5.531907891232152,-1.0128159757293909,5.0497551277041035,5.007283158145599,-1.3801738967834887,4.740907521696425,4.558186648619695
0.6710000000000005,0.08682799526572813,0.15153276890777914,4.395245245807457,4.161469627690906,3.9568204274640157,3.6894219265182713,3.2498267952750073,2.906122905846077,2.665467565526166,8.559402419523455,1.8427792947411414,1.5250054069327328,1.1549060207180522,0.850149999610135,0.5907325995525998,0.2674512823991419,6.457021205971555,0.2830043884947981,6.726789620916471,6.999398889943839,0.9081716017846311,1.1665243925478648,1.5365008670844604,1.5940362556116514,1.5549524114379496,1.371807690555432,1.249589322751765,1.0840858307499115,0.8068974313094525,6.899240974622369,0.32523840528462594,6.370469378877504,-0.13039492931592622,5.998486109503769,5.5591956077728275,-1.203467790777541,4.69730878460098,-2.1644945540109544,3.6486675235860666,3.0723068808342395,2.731529555059845,2.5395695207221665,2.3040183513551615,1.9647659813874396,1.6121919149549644,7.575515798500512,1.0290031303286349,0.9724302546181416,7.2900866106839795,1.08379156032926,0.9861226924047725,0.7961096359865596,0.7885671930269509,0.6810906534415024,0.5713894695196788,0.5069270513431399,0.3274791945137997,6.271365406725404,-0.486257547362447,5.4622938321283945,5.200580762949203,4.930502481585166,4.565836060274509,4.312645157879994,4.129264042346833,4.1388311466207295,4.35483620551571,4.506817129771474,4.521534714084718,4.587165440855447,4.555959629573456,4.508628322963729,4.574516451341735,4.614512603502617,4.466209323593507,4.3340674627078695,3.990066226995796,3.9939109969546798,3.866424679783467,3.6906379643948997,3.504214231031753,3.2423694277446753,3.1817978719016287,3.085415491793648,2.883675583465191,2.427894955591709,2.0207752855499845,1.7202599356333244,1.4954118883790144,1.1607403907254399,0.804522448367103,6.833703352568134,6.535846745245022,6.2475175337139435,5.837532511097236,5.533359195964802,-1.0126029638048184,5.049054582120658,5.00608706139062,-1.3814219263476935,4.740085911908987,4.558297386528304
0.6810000000000005,0.0883919533337385,0.14190985052618818,4.396865130750759,4.165015669649303,3.9626226668070044,3.697623904559505,3.2603153545595425,2.918064664748356,2.6776907801683447,8.57051592624955,1.8514221603677745,1.5304585316241057,1.1569723945682664,0.8495272700977531,0.5885853459074999,0.26498058873779906,6.454996763651782,0.2814516213161808,6.724951151688685,6.995953947386135,0.9018334230074255,1.1564205598896737,1.5225488847231794,1.5774673098859184,1.5373035145220324,1.3547764320988356,1.234645723884913,1.0722480732575523,0.7986563556643196,6.894297974007437,0.322915470909481,6.369603893566277,-0.13107800155757143,5.996838725056103,5.55563436632381,-1.2092125189614054,4.689941642126845,-2.172554303232343,3.641281645473365,3.0669208238859684,2.728611471567372,2.5391803447322325,2.3058837999679955,1.9682825857203987,1.6164646796103854,7.579575665520545,1.0319838370970664,0.9737168586647466,7.289313255510503,1.0809265400367947,0.9814783785346418,0.790265716141325,0.7823182415971962,0.6752755520477656,0.5668001464086453,0.5041955687585595,0.32703848663372026,6.273422613342896,-0.48179753922337587,5.4685108550148644,5.207931013229956,4.938479274772849,4.574122823611,4.321103093836283,4.1378710617384895,4.147559700564971,4.363579285020227,4.515371268195014,4.529664493458963,4.594674414574988,4.562748408135666,4.514685300452006,4.579859601834262,4.619108492511078,4.469894770588363,4.336549970102268,3.9908765133133546,3.9927814458075406,3.8631373420799564,3.6852774849515524,3.497257039616226,3.234628309455111,3.1743066917032126,3.079157902318551,2.8794279614144247,2.426255659260954,2.021640356996545,1.723184896492797,1.4998716583642449,1.1662369265632815,0.8104991896927259,6.839596712304948,6.5411281030844,6.251752471027603,5.840387805719703,5.534832419497452,-1.0123454987013631,5.048412166952293,5.004956303051894,-1.3826001959862249,4.739337465785631,4.558482249058964
0.6910000000000005,0.08996908790686342,0.13240758579821457,4.3985519548338265,4.168610245071315,3.9684393983565087,3.70578888644127,3.2707003468687152,2.9298460874927796,2.6897245585415512,8.581453023705626,1.8599510233292598,1.5358934321940003,1.1591242252756515,0.8490618031770316,0.5866059937202153,0.26261771687138336,6.452975491920604,0.2797904380316515,6.722930262382126,6.992322735511155,0.8953800336551654,1.1463248578193366,1.5087389071264083,1.5611211331068247,1.5199002304731406,1.3379592737634716,1.219847684209315,1.0604691422639279,0.7903834356017206,6.889248817952737,0.32043275006145927,6.368557712331996,-0.1319258425503039,5.995077953114507,5.552043249289081,-1.214894594614774,4.682708942504199,-2.180442247031524,3.6340528095280265,3.0616298676063063,2.725716682909492,2.5387492769267803,2.3076565901579396,1.9716751331790117,1.6206038530180569,7.5835125413835405,1.0348695050782741,0.9749497157185746,7.288535926236896,1.0781074784591027,0.9769206775677537,0.7845348679653423,0.7761917723956229,0.6695757796612629,0.5623039298602148,0.5015227352504177,0.3266128692826798,6.275448286526889,-0.47740703723199773,5.474645706727295,5.215209602951998,4.946409654427916,4.582390523524194,4.329557165056466,4.146473639244827,4.156272300297703,4.372293192081057,4.523891056327829,4.537765933502336,4.602168510156441,4.569534973027403,4.520744235643447,4.585197031949573,4.623681515570746,4.473537554563952,4.338977161710502,3.9916341035902647,3.9916236226238806,3.859865326973135,3.6799863894203617,3.4904183608086314,3.227033840170306,3.1669580940044453,3.073008770704531,2.875235677258797,2.4246110801877645,2.022457429418722,1.7260409164149957,1.5042552886847311,1.1716552641673263,0.8163977072604315,6.845416084927138,6.546348331638573,6.255949137591224,5.843235187976068,5.5363265949889895,-1.0120448162554245,5.04782696213457,5.003890451302731,-1.3837088841525604,4.73866181990912,4.558740305914512
0.7010000000000005,0.0915589106190426,0.12303356901362107,4.400304065437489,4.172251128303817,3.9742683349089947,3.713915478761853,3.2809826186270272,2.941470788546823,2.701574824807386,8.592220430909355,1.86837088040887,1.54131100618396,1.1613571441790507,0.8487449836218274,0.5847847865055525,0.2603558798315246,6.450956433172381,0.27802629799483913,6.720736848115519,6.9885157301024154,0.888818320973607,1.1362378929902814,1.495065255737082,1.5449894440205085,1.5027347378754978,1.3213508290672942,1.2051927170918293,1.0487490083905506,0.782080541956808,6.884096681574981,0.3177946147189732,6.367336014545687,-0.132933318621652,5.993207565066835,5.548423267968225,-1.2205164328207503,4.675605473463206,-2.1881648342665976,3.626975637109446,3.0564316598472105,2.722845565118722,2.538278412822605,2.309339566881874,1.974946568082866,1.6246122153611113,7.587328953016236,1.0376621918506803,0.9761300193036845,7.287754601480563,1.0753331116151212,0.9724474786509332,0.7789146310263234,0.7701853600349806,0.6639891520386413,0.5578990276760277,0.4989074265937331,0.326202359865704,6.277444000041351,-0.47308310493022926,5.480701482779268,5.222418546567163,4.9542938000906664,4.590637618629896,4.338005193923045,4.155070207871401,4.164968733566601,4.380979022999114,4.532378071438507,4.5458400855608705,4.609647622470293,4.576318112755779,4.52680342833635,4.590527389964569,4.628231354969389,4.4771387183046505,4.341351330114849,3.9923420391272884,3.99044031854406,3.8566100735110536,3.6747639005345594,3.4836950952255585,3.219581492270485,3.159747780581222,3.066965556307257,2.8710986423289184,2.4229633047253114,2.02322909818485,1.728829797746348,1.508563545082698,1.1769956991438375,0.8222186173091097,6.851162670649605,6.551508835164836,6.260108442415796,5.8460745947750565,5.537840839588381,-1.011702070176362,5.047298074823372,5.002889041641361,-1.3847482309745427,4.738058556651237,4.559070601465086
0.7110000000000005,0.09316091863155018,0.11379412149230081,4.402119826562529,4.175936164016079,3.9801073166750656,3.72200244291042,3.291163112341315,2.952942336279898,2.7132472815628623,8.60282451355148,1.8766863858296374,1.5467119970191456,1.1636669343423218,0.8485686402401647,0.5831125342716238,0.2581887144217473,6.448938714991504,0.27616436979094344,6.718380256917935,6.984542838369419,0.882154838300199,1.1261603263959696,1.4815226449609276,1.5290643935104338,1.4857994965184897,1.3049457813701688,1.1906782631818098,1.0370875385995704,0.7737494832645804,6.878844720412803,0.31500539498242763,6.365943860861342,-0.13409548667272675,5.99123114486185,5.544775347954336,-1.226080364636821,4.66862625804187,-2.1957282238834384,3.6200449532704737,3.051323858852449,2.719998380715511,2.537769712733842,2.310935486165327,1.9780998022705671,1.6284925324715653,7.591027392953815,1.0403638986785835,0.9772589168760014,7.286969258532223,1.0726022254281709,0.968056742296947,0.773402602259765,0.7642966104384376,0.658513507574989,0.5535836876946333,0.49634857720973424,0.32580701419041597,6.27941128780607,-0.4688229442216746,5.486681112734945,5.229559756279763,4.9621319140726055,4.598862707911139,4.346445175835677,4.163659308444439,4.173648777965395,4.389637760342819,4.540833748395507,4.5538879112480375,4.617111652279712,4.583096703758458,4.532861298202847,4.595849423299947,4.63275773986302,4.480699288585508,4.343674688165091,3.9930032234470154,3.989234163010638,3.8533728981515005,3.669609230004517,3.4770842767742844,3.212266970350818,3.152671668597142,3.061025804970941,2.8670166851169805,2.4213142190974746,2.0239577961445447,1.7315533095932392,1.5127972724765577,1.1822586318751163,0.8279625735320587,6.856837617140013,6.5566109221693685,6.264231231875028,5.848905979932472,5.539374345446136,-1.0113183394718142,5.046824638408674,5.001951581175216,-1.3857185331057404,4.7375272072842165,4.559472156470044
0.7210000000000005,0.09477459750058663,0.1046944236782935,4.403997620650548,4.17966326779503,3.9859543073873382,3.730048684871707,3.3012428542440304,2.9642642469928613,2.7247474167647225,8.613271304456676,1.8849018765944412,1.5520970104464578,1.1660495274141562,0.8485250210552043,0.581580577258894,0.25611025262126386,6.446921543796753,0.27420954895972754,6.7158693233378886,6.980413433015222,0.8753958220160923,1.116092862493697,1.4681061502581956,1.513338538102158,1.4690872391288325,1.2887388935177557,1.1763017069354005,1.0254845072404275,0.7653920049791407,6.873496061281002,0.3120693708344768,6.3643861937828365,-0.13540758353841462,5.989152103490491,5.541100338272741,-1.2315886401427232,4.661766540161333,-2.203138302717522,3.6132557769069162,3.046304139008947,2.717175291127979,2.5372250108697667,2.312447016053437,1.9811377098882474,1.6322475508216363,7.594610319120983,1.0429765747410444,0.9783375144043133,7.286179874137944,1.0699136519605512,0.963746495501354,0.7679964341547174,0.7585231632213177,0.6531467108883748,0.549356197943345,0.49384517509871345,0.3254269195597352,6.2813516421051725,-0.46462388761739987,5.492587372367671,5.2366350504147885,4.9699242200090445,4.6070645196186515,4.3548752656240755,4.172239581926459,4.182312203255936,4.398270283277279,4.549259391182993,4.561910288568563,4.6245605044744,4.589869703329016,4.538916377246981,4.60116197387167,4.6372604446083665,4.484220276002216,4.3459493702327,3.9936204270715097,3.988007633032926,3.850155005095744,3.6645215828657425,3.4705830657361223,3.20508619505698,3.145725875002386,3.0551871443644996,2.862989561128898,2.419665527793848,2.0246458054295284,1.734213185917888,1.5169573830381522,1.187444555290865,0.8336302635952056,6.862442025908845,6.561655815782435,6.268318295794441,5.851729311626964,5.5409263717546855,-1.0108946351906858,5.0464058113937185,5.001077552299368,-1.3866201389823434,4.737067255167521,4.5599439700099405
0.7310000000000005,0.0963994238065051,0.09573863588494387,4.405935850255409,4.183430426290299,3.9918073901562323,3.7380532455109154,3.3112229430953155,2.9754399799521987,2.7360805106971258,8.623566522797535,1.8930213958547188,1.5574665294110432,1.1685010003103942,0.8486067700358297,0.5801807522658461,0.25411489508657154,6.44490419892425,0.2721664745002188,6.7132123998060615,6.976136384039082,0.8685472075104786,1.1060362395758494,1.454811178993408,1.4978048152372043,1.452590963008379,1.2727250159252528,1.1620603913610188,1.0139396062345953,0.7570097891917849,6.868053794411777,0.308990765023136,6.362667838430026,-0.13686501621040015,5.986973692111292,5.537399019579518,-1.2370434313353151,4.655021771378712,-2.210400701872515,3.6066033115158764,3.041370195740346,2.71437636787984,2.536646023815639,2.313876737874566,1.9840631230109622,1.6358799931273886,7.598080154583985,1.0455021208153825,0.9793668803864471,7.285386425184567,1.0672662660996735,0.9595148274327411,0.7626938331011512,0.752862693653403,0.647886655763265,0.5452148865400499,0.49139625722988467,0.32506218873567844,6.283266512284888,-0.46048339100137475,5.4984228947363105,5.243646160959904,4.977670961465597,4.615241901114506,4.3632937651235695,4.180809762330768,4.190958773389607,4.406877376950469,4.55765618348548,4.569908017687655,4.6319940866533305,4.596636143221526,4.544967302741507,4.606463973471469,4.641739286903354,4.4877026747990465,4.3481774337365025,3.9941962924221763,3.9867630619470478,3.8469574956186112,3.6595001611058646,3.4641887421800823,3.198035288282678,3.1389067023632435,3.049447279716432,2.859016961721764,2.4180187702078295,2.0252952683122647,1.7368111240696495,1.5210448455839187,1.1925540438263151,0.8392224058606538,6.8679769578986365,6.566644663006814,6.272370372973037,5.854544570251904,5.542496237692994,-1.0104319065494238,5.046040776184649,5.000266415861308,-1.3874534444469961,4.73667813896376,4.5604850215625214
0.7410000000000005,0.09803486755116286,0.0869300084787772,4.407932939564468,4.187235696975726,3.997664763144863,3.7460152913343396,3.3211045400404657,2.986472933309849,2.7472516429381995,8.633715592140625,1.901048714471053,1.562820927519167,1.1710175717578843,0.8488069052672292,0.578905361356832,0.25219738658661545,6.442886027125044,0.2700395442491976,6.710417385903825,6.9717200884330985,0.8616146442290722,1.095991221265046,1.4416334437941867,1.4824565201956093,1.4363039216400857,1.256899093276963,1.1479516311443294,1.002452454448315,0.7486044547741169,6.862520966754798,0.3057737369622325,6.360793503481295,-0.13846335284520003,5.984699013952109,5.533672111515359,-1.2424468348826951,4.648387598703938,-2.217520811807565,3.6000829365198945,3.036519749650036,2.711601602667619,2.536034358434198,2.3152271477586015,1.986878828001933,1.6393925545074135,7.601439287287893,1.0479423924831044,0.9803480493676332,7.284588889298742,1.0646589826385,0.9553598856227581,0.7574925578751808,0.7473129142524002,0.6427312675374575,0.5411581213890114,0.4890009053474103,0.32471295467363137,6.285157303870431,-0.45639902687460443,5.504190180286388,5.250594740367123,4.985372400597237,4.623393809569935,4.371699111805109,4.189368670185504,4.199588248265148,4.415459741027348,4.566025198421249,4.577881826363262,4.639412308005202,4.603395123860174,4.551012810608587,4.611754439207182,4.646194125791674,4.4911474627053,4.35036086088168,3.9947333387774053,3.9855026476907645,3.843781376505481,3.654544166676764,3.4578986996995638,3.1911105595963427,3.1322106259715987,3.0438039899065883,2.8550985220343663,2.4163753356934996,2.025908197200163,1.7393487836927934,1.5250606761451855,1.1975877434551914,0.8447397463063722,6.87344343836496,6.5715785429604034,6.276388156190153,5.85735174660542,5.544083316166768,-1.0099310465000755,5.0457287378272175,4.999517613890452,-1.3882188887052354,4.736359255846238,4.561094273167824
0.7510000000000006,0.09968039433222069,0.0782709822533826,4.4099873357704595,4.19107720758574,4.003524735123782,3.7539341057184203,3.3308888594286836,2.997366440802538,2.7582656992878887,8.643723657398532,1.9089873509145028,1.5681604812208214,1.1735955987338604,0.8491187984607997,0.5777471427655758,0.25035279322063325,6.4408664374530975,0.26783292921782265,6.707491755680916,6.967172497921474,0.8546035098716083,1.0859585890208665,1.4285689381937536,1.4672872845543647,1.4202196163140728,1.2412561699993556,1.1339727242990667,0.9910226063030348,0.7401775578806303,6.8569005763178135,0.3024223775519111,6.358767782272767,-0.14019831448569686,5.9823310351071814,5.52992027930008,-1.2478008747486322,4.641859853379068,-2.2245037962520047,3.593690199116841,3.0317505500077093,2.7088509164366035,2.535391519224285,2.3165006583598786,1.9895875625240835,1.6427878991440288,7.604690069791346,1.0502992029185345,0.9812820250203868,7.283787245368446,1.0620907536999264,0.9512798725915489,0.7523904182418131,0.7418715760534867,0.6376785050068792,0.5371843097085736,0.48665824215539316,0.3243793659378098,6.287025378040671,-0.4523684780407102,5.509891606071796,5.257482367690916,4.993028816858699,4.631519303437534,4.380089868362254,4.197915206502083,4.208200385255496,4.4240179974537215,4.57436740749721,4.585832375058148,4.6468150784417155,4.610145809088416,4.557051729213093,4.61703246902813,4.6506248595777375,4.4945556007877725,4.3525015605626844,3.9952339672357478,3.984228460613341,3.840627567693325,3.649652803982847,3.451710439463543,3.184308493778958,3.1256342821009797,3.0382551238773194,2.8512338281060616,2.4147364771988746,2.0264864838372287,1.7418277859589988,1.5290059295960092,1.2025463626960662,0.8501830556332848,6.878842461131728,6.576458474220789,6.280372296744648,5.860150840368458,5.545687028249372,-1.0093928967924033,5.045468922720043,4.998830571958906,-1.3889169505839636,4.736109964668002,4.561770671637198
0.7610000000000006,0.10133546730489225,0.0697632797091791,4.412097510296393,4.194953155277814,4.009385720957128,3.7618090805976196,3.340577160507523,3.0081237691360236,2.7691273786255945,8.65359560075716,1.9168405896445249,1.5734853808323581,1.1762315728303654,0.8495361557108064,0.5766992438239206,0.24857648128005838,6.438844896519607,0.26555058696380357,6.704442583156879,6.962501144880852,0.8475189237971914,1.0759391355562267,1.415613914352814,1.4522910560762072,1.404331787816733,1.2257913946488965,1.1201209624787414,0.979649559672381,0.7317305927527107,6.851195567438903,0.2989407048296466,6.35659515403663,-0.14206576743064314,5.979872594336821,5.52614413964402,-1.253107504697329,4.63543454052921,-2.231354605054385,3.5874208066183284,3.0270603776619,2.706124167554337,2.5347189151717493,2.317699600741506,1.992192013126997,1.646068657398931,7.607834819008872,1.0525743253135804,0.9821697828384326,7.28298147399478,1.0595605664608383,0.9472730428522348,0.7473852736578439,0.7365364695947928,0.632726361913516,0.5332918974233127,0.4843674278479426,0.32406158271871827,6.28887205140711,-0.4483895316990813,5.515529434182764,5.264310554131348,5.000640505765142,4.639617534626215,4.388464713167338,4.206448347206637,4.216794940532113,4.43255269752349,4.582683688851262,4.593760261747821,4.65420230794452,4.616887421399851,4.563082973540289,4.622297237355877,4.655031423690102,4.497928033324324,4.354601370388202,3.995700465642582,3.9829424508412896,3.8374969092012883,3.644825281923491,3.4456215645727113,3.1776257393679264,3.119174457290863,3.032798597330383,2.84742242326842,2.413103323616888,2.027031907779367,1.7442497130791292,1.5328816922289876,1.2074306645001653,0.8555531265513597,6.884174992294333,6.5812854213677365,6.2843234085688096,5.862941858827609,5.547306838240494,-1.0088182525769034,5.045260577327976,4.998204701230094,-1.389548145064762,4.735929589068388,4.562513150769295
0.7710000000000006,0.10299954894278784,0.061407987919845475,4.4142619598770505,4.1988618055658735,4.015246237063668,3.7696397085996316,3.3501707399151175,3.018748115970035,2.7798411996714085,8.663336056643047,1.9246114980874602,1.5787957405077169,1.1789221165693753,0.850052999412557,0.575755195759978,0.24686409762710226,6.436820924090062,0.2631962740702513,6.70127656613233,6.9577131665706435,0.8403657596910221,1.0659336590709994,1.402764862675591,1.4374620799301183,1.3886344082181548,1.2105000233412506,1.1063936400735426,0.9683327631131072,0.7232649927728286,6.845408826890615,0.2953326603694426,6.354279985263,-0.1440617161922325,5.977326411966527,5.522344266044613,-1.2583686106875778,4.629107829603575,-2.238077986062138,3.5812706192421557,3.0224470474508975,2.703421159170785,2.5340178661262525,2.318826226383999,1.9946948133403444,1.649237423339323,7.610875815969156,1.0547694949859394,0.9830122724911671,7.2821715578809,1.0570674411369587,0.9433377002451859,0.7424750320600654,0.7313054256541898,0.6278728680737252,0.529479368448504,0.482127656953448,0.3237597733823744,6.290698596050574,-0.4444600739147442,5.5211058194568485,5.271080748043559,5.008207777702046,4.647687741314615,4.396822431517614,4.2149671379965366,4.225371670211922,4.441064328315561,4.590974834842182,4.601666026439729,4.661573906091651,4.6236192375997085,4.5691055397322575,4.62754799083645,4.659413788524483,4.501265687701838,4.356662058792782,3.9961350134467843,3.9816464552210222,3.834390167426131,3.6400608155565948,3.439629774710261,3.1710590981131643,3.112828078554288,3.0274323896795954,2.8436638138845822,2.411476890980901,2.0275461442042393,1.7466161080544675,1.5366890751803999,1.2122414589373338,0.8608507712365588,6.889441973436074,6.586060300809214,6.288242071955184,5.86572481580535,5.5489422492700005,-1.0082078665908107,5.045102966914158,4.997639400243211,-1.3901130200678151,4.73581742049823,4.563320633543127
0.7810000000000006,0.10467210261019537,0.053205633631290904,4.416479207501675,4.202801491063913,4.021104896889164,3.7774255756149118,3.3596709248992704,3.0292426084289614,2.790411507629376,8.672949425791222,1.9323029423287867,1.5840916072563263,1.1816639796908255,0.8506636512635154,0.5749088902230194,0.24521155147295312,6.4347940890013255,0.2607735577966413,6.698000048427984,6.9528153277931,0.8331486575413594,1.0559429582192004,1.3900184931519524,1.422794881151433,1.3731216727866131,1.1953774223352784,1.0927880622066573,0.9570716224757433,0.7147821317238605,6.8395431807247995,0.29160210635366146,6.351826531171201,-0.1461822969871046,5.974695097972881,5.518521193529383,-1.2635860131645178,4.622876045533592,-2.2446784961187074,3.575235643326807,3.0179084101755436,2.7007416458455413,2.533289608735943,2.3198827092864067,1.9970985422120497,1.6522967526343653,7.613815305596007,1.0568864112125465,0.9838104198798066,7.2813574821642035,1.0546104291943825,0.9394721955590173,0.737657648726155,0.7261763157687544,0.6231160901971072,0.5257452438906869,0.47993815546494994,0.32347411148903266,6.292506239774948,-0.44057808443680563,5.5266228165417335,5.277794339468479,5.015730956783367,4.655729241345109,4.405161907599948,4.223470689587281,4.233930331348738,4.449553318560086,4.5992415590416345,4.609550155418413,4.668929781733857,4.6303405848517425,4.575118499959654,4.632784044226464,4.6637719572915834,4.504569474340435,4.358685327205424,3.9965396864610336,3.980342203859357,3.8313080408690383,3.6353586274406013,3.4337328610764613,3.1646055152615813,3.1065922044155583,3.022154541232474,2.8399574745029383,2.4098580926185047,2.028030771111569,1.748928474632506,1.5404292086159288,1.2169795966047103,0.8660768189507326,6.894644324416009,6.590783985967251,6.292128836930918,5.8684997307656035,5.550592799383356,-1.0075624529649636,5.044995374305221,4.9971340564741915,-1.390612153464847,4.735772721149192,4.564192034264346
0.7910000000000006,0.10635259395848704,0.045156251204174366,4.4187478032232566,4.206770610074127,4.02696040642034,3.7851663537863818,3.3690790671988755,3.0396103020716825,2.8008424806952488,8.682439888470261,1.9399176016225477,1.5893729690963205,1.1844540354327462,0.8513627162748244,0.5741545574043903,0.24361499744799897,6.4327640053768445,0.25828582696215474,6.694619040661376,6.947814042094333,0.8258720349714477,1.0459678277340023,1.3773717182730507,1.4082842482556255,1.3577879920533107,1.180419069873438,1.079301551734789,0.9458655069386822,0.7062833252140256,6.833601391775083,0.28775282324822954,6.349238937277699,-0.1484237717110564,5.971981159335058,5.514675422900398,-1.2687614692564113,4.6167356605424,-2.2511605112564887,3.5693120249384362,3.013442354189719,2.698085339514511,2.532535301970257,2.3208711481327975,1.9994057232360027,1.6552491607852748,7.6166554965173505,1.058926738825122,0.9845651289316302,7.280539234697219,1.0521886117579127,0.9356749244007083,0.7329311251975055,0.7211470525647256,0.6184541324398758,0.5220880811845764,0.4777981782310154,0.3232047732261969,6.294296166542635,-0.43674163183978115,5.532082386371509,5.284452664233815,5.023210379757004,4.663741426146367,4.413482117109557,4.231958173318009,4.242470682788503,4.458020043987683,4.607484502677971,4.617413085230799,4.676269842795106,4.637050837070605,4.581120997607313,4.638004776422393,4.668105963889986,4.507840286644735,4.360672812250221,3.9969164615053785,3.9790313262825383,3.828251165352582,3.630717948704197,3.427928701595806,3.1582620705948288,3.1004640166951676,3.016963150577053,2.8363028524844887,2.4082477483656883,2.028487275965104,1.751188277436747,1.5441032365971714,1.2216459626897702,0.8712321138167473,6.899782945779878,6.5954573118917965,6.295984226310898,5.871266628067054,5.552258058052856,-1.006882690685699,5.044937098700623,4.99668804770765,-1.3910461503018035,4.735794726776336,4.565126260645961
0.8010000000000006,0.10804049215940018,0.03725944397630649,4.421066324840434,4.210767625049555,4.032811559765361,3.7928617949042933,3.3783965375288645,3.0498541802613595,2.8111381364146806,8.691811416917426,1.9474579818124687,1.5946397624232551,1.187289276820044,0.8521450677262146,0.5734867456345736,0.24207081986517207,6.430730329119273,0.255736302116936,6.691139239663829,6.942715391609367,0.8185400979674587,1.0360090546421183,1.3648216373819257,1.393925217925687,1.3426279840458164,1.1656205573695653,1.065931455348848,0.9347137545073422,0.6977698322329148,6.8275861577414885,0.2837885080178331,6.346521241048985,-0.15078252235227876,5.969187006723206,5.510807424529661,-1.2738966748831466,4.610683286546703,-2.257528236156271,3.563496043842977,3.009046806657491,2.695451914861312,2.5317560322594024,2.3217935685010453,2.001618823620049,1.658097121655652,7.619398560906346,1.0608921096002824,0.985277283164519,7.279716806282104,1.049801098190048,0.9319443252820225,0.7282935082548955,0.716215589922608,0.613885136731172,0.5185064731834699,0.47570700658380977,0.3229519352069883,6.296069517061004,-0.4329488689643157,5.537486402111803,5.291057007669257,5.0306463949566025,4.671723755137566,4.421782120464533,4.240428817086534,4.25099248590521,4.466464832210025,4.615704240577025,4.625255206425164,4.683593996175165,4.6437494116242535,4.587112242753938,4.643209626639575,4.672415870820202,4.51107900098216,4.362626087958385,3.997267220918607,3.9777153572339383,3.825220118779881,3.6261380198858153,3.422215256385277,3.1520259701529194,3.094440812968202,3.011856372152745,2.8326993721567795,2.40664659293302,2.0289170618231287,1.753396942243797,1.5477123125572476,1.2262414716258443,0.8763175127413143,6.904858720839869,6.6000810793633615,6.29980873845816,5.874025536340546,5.553937623065716,-1.006169226742645,5.044927454534234,4.996300743248962,-1.391415640214049,4.735882649405972,4.566122215809058
0.8110000000000006,0.10973527098778178,0.029514439586884576,4.423433378458508,4.214791060957348,4.038657234821116,3.800511724190613,3.387624720615148,3.059977153882646,2.821302337880861,8.701067787033322,1.9549264277511955,1.599891878666879,1.1901668129761118,0.853005833002304,0.5729003023463773,0.24057561808548436,6.428692754660819,0.25312804505249503,6.687566046633052,6.937525145646799,0.8111568510402193,1.0260674150056697,1.3523655223331557,1.3797130606984929,1.3276364667046279,1.1509775900254724,1.0526751488625916,0.923615677017814,0.6892428568085578,6.821500109788783,0.2797127728231694,6.343677373628665,-0.1532550458021368,5.966314960587991,5.506917641750005,-1.2789932667825294,4.604715668097871,-2.263785712937088,3.5577841078181005,3.0047197345199854,2.6928410141521555,2.530952818277337,2.322651925094389,2.0037402538503577,1.6608430662715654,7.62204663435762,1.0627841234727227,0.9859477470502593,7.278890190863198,1.0474470248177727,0.928278877893608,0.7237428889393008,0.7113799229992572,0.6094072829059184,0.5149990472176396,0.4736639461831468,0.3227157725904931,6.297827389493125,-0.4291980286357937,5.542836654623456,5.297608607975222,5.03803936129872,4.679675750571945,4.430061056563479,4.248881901587293,4.259495505232314,4.474887967175273,4.623901286641073,4.6330768670567934,4.690902147735137,4.650435766315054,4.59309150792757,4.648398090745218,4.676701767152426,4.5142864766877,4.3645466679745475,3.9975937569261175,3.97639574213007,3.8222154254820873,3.621618091579072,3.4165905634721994,3.145894538583157,3.088519999630547,3.0068324139864564,2.8291464385417178,2.4050552835060857,2.029321453000394,1.755555856384403,1.5512575953211103,1.230767062284063,0.8813338834781805,6.909872517463851,6.604656058538828,6.303602849777473,5.876776487970414,5.5556311177459525,-1.0054226789903649,5.044965770393978,4.995971505001097,-1.3917212750186747,4.736035679923402,4.567178800192738
0.8210000000000006,0.11143640976605661,0.021920139770602667,4.42584759893636,4.218839503565405,4.04449638904355,3.8081160344569267,3.3967650107307645,3.0699820613597377,2.831338799763186,8.71021258938227,1.9623251347967194,1.605129170301673,1.1930838654693878,0.8539403802528754,0.5723903563031927,0.2391261929021408,6.426651011952831,0.25046396769853296,6.683904584110086,6.932248778101574,0.8037261068555527,1.0161436711356713,1.340000804347117,1.3656432675807255,1.312808450493857,1.1364859869491994,1.0395300417693984,0.9125705646821882,0.680703549739455,6.815345811596643,0.2755291441473751,6.340711161628834,-0.1558379490263753,5.963367256709418,5.503006493881671,-1.2840528244598308,4.598829675814436,-2.2699368293341893,3.5521727472816353,3.000459145209777,2.69025225158714,2.5301266153934057,2.3234481039793455,2.0057723675130608,1.6634893818636793,7.624601815800723,1.064604349596497,0.9865773672017661,7.278059385681617,1.0451255537872044,0.9246771015418489,0.7192774016113532,0.706638088126281,0.6050187886735512,0.5115644641328764,0.4716683250571928,0.32249645748565114,6.299570840269706,-0.42548741964112713,5.54813485748942,5.304108659280341,5.0453896473244,4.687596992781516,4.4383181370386176,4.257316756827863,4.26797950900264,4.483289693237619,4.632076098903487,4.6408783759728065,4.698194202349652,4.6571093966117445,4.599058124119866,4.653569717747735,4.680963766557641,4.517463556094125,4.366436007743309,3.9978977758563876,3.975073842193832,3.819237560195177,3.617157424915031,3.41105273475018,3.139865212059846,3.082699085514315,3.001889535577346,2.825643440699544,2.403474406654111,2.029701700300637,1.7576663692480583,1.5547402456127644,1.235223693650962,0.8862821028245246,6.914825189609975,6.609182992188963,6.307367016965653,5.879519518662446,5.5573381884722615,-1.0046436387491753,5.045051388003325,4.995699688426986,-1.3919637264700766,4.736252990537222,4.568294913365532
0.8310000000000006,0.1131433941822223,0.014475165096454844,4.428307650226269,4.222911597672139,4.050328055333847,3.815674680619642,3.40581880768875,3.079871668933933,2.841251094160838,8.719249239541629,1.969656159458393,1.610351456270682,1.1960377647051395,0.8549443058239183,0.5719523009994358,0.23771953386633052,6.424604863677275,0.24774684044984938,6.680159711863011,6.9268914837778315,0.7962514953654168,1.0062385692266824,1.3277250619547754,1.351711537529763,1.2981391312141397,1.122141680840053,1.026493581140337,0.9015776902105243,0.6721530103790612,6.8091257588057905,0.27124106230343303,6.3376263289765244,-0.15852794456317934,5.960346051257422,5.4990743789307714,-1.2890768720655268,4.593022300262873,-2.275985326317388,3.5466586102148687,2.9962630871460547,2.687685217215575,2.529278319816149,2.324183924816236,2.0077174613384514,1.6660384111261988,7.627066167452039,1.0663543272762745,0.9871669734064407,7.277224391395592,1.0428358720287267,0.9211375537267625,0.7148952230439934,0.7019881626018566,0.6007179094482057,0.5082014173193532,0.46971949182223144,0.3222941576046246,6.301300884982207,-0.42181542294562707,5.553382651645048,5.3105583144192305,5.052697630284092,4.695487115788446,4.446552640961264,4.265732758901725,4.27644426960816,4.491670218876233,4.640229084193277,4.648660005888085,4.705470064011717,4.663769833107552,4.605011477043419,4.658724106443116,4.685202005409248,4.52061106458635,4.368295506664667,3.9981809022009283,3.9737509392832058,3.81628695170245,3.612755291907727,3.405599952161722,3.133935531725628,3.0769756760002513,2.997026045915481,2.8221897547268524,2.401904484613135,2.0300589858554514,1.7597297928733966,1.5581614229975174,1.23961234094578,0.8911630549436025,6.91971757863847,6.6136625985710795,6.311101679040165,5.882254667083841,5.55905850245853,-1.0038326731681415,5.045183661266878,4.9954846434149065,-1.392143684166398,4.736533737118549,4.569469455733123
0.8410000000000006,0.11485571699263095,0.007177895093687013,4.430812225613727,4.227006045296482,4.056151338050302,3.8231876745562436,3.414787513251211,3.089648671164148,2.8510426562770648,8.728180987840343,1.9769214292588386,1.6155585268766017,1.199025946371137,0.8560134224100696,0.5715817791477347,0.23635280748395582,6.422554102663853,0.24497929996366874,6.676336041753954,6.921458193697722,0.7887364724696293,0.9963528373671355,1.3155360099383335,1.337913765739477,1.2836238830234066,1.1079407172985976,1.013563254930204,0.8906363125422401,0.6635922884533603,6.8028423788097525,0.2668518812786894,6.3344264988067644,-0.16132184631775986,5.957253425411625,5.495121675992384,-1.294066880205685,4.587290646247767,-2.2819348051970487,3.5412384573607505,2.9921296500397476,2.6851394804582367,2.5284087724512467,2.324861143070906,2.0095777754368807,1.6684924516697222,7.629441714805791,1.0680355667877068,0.9877173795252718,7.276385212169847,1.0405771903174923,0.9176588288420854,0.7105945715437452,0.6974282643910839,0.5965029380626389,0.5049086317392479,0.4678168140654647,0.3221090351354681,6.303018499339814,-0.41818048813333547,5.5585816096479554,5.3169586874588015,5.05996369526491,4.703345803251869,4.454763909960583,4.274129326996881,4.284889563989613,4.500029720095505,4.64836060244078,4.656421996263783,4.712729635978377,4.6704166391824895,4.610951003617356,4.663860902217687,4.689416640960331,4.52372981067846,4.370126510209176,3.998444682514949,3.9724282404328424,3.813363986175158,3.608410975685558,3.400230464096323,3.12810313761006,3.0713474675804058,2.992240301621358,2.8187847464426277,2.4003459810034533,2.0303944276021704,1.761747402608906,1.5615222832127353,1.243933992135812,0.8959776298068891,6.924550514428735,6.61809557397566,6.314807259165662,5.884981974562721,5.560791745767649,-1.0029903273711505,5.045361955381011,4.995325715061604,-1.3922618535956297,4.736877061414948,4.570701330139315
0.8510000000000006,0.11657287862020968,2.6504176017933724e-05,4.433360047864319,4.231121603842918,4.06196540915315,3.830655080286433,3.4236725279175935,3.099315691617994,2.8607167899116184,8.737010928524505,1.9841227518725375,1.6207501481890576,1.202045947944449,0.85714374788261,0.571274668174226,0.23502334621820825,6.4204985494976485,0.2421638564646669,6.672437951660391,6.91595358946642,0.7811843282358051,0.9864871838842958,1.3034314891815815,1.3242460326751337,1.2692582516690916,1.0938792538135345,1.0007365947522395,0.8797456802175784,0.6550223858949701,6.796498030847044,0.2623648688766067,6.33111519539428,-0.16421656562609716,5.95409138958309,5.491148747387783,-1.2990242676890045,4.581631927476272,-2.2877887342605407,3.5359091576785646,2.988056965034265,2.682614593275168,2.527518762494056,2.325481452198238,2.011355493699037,1.6708537556471874,7.631730446664141,1.069649550103564,0.9882293842749694,7.2755418557371145,1.038348742416167,0.9142395569811607,0.7063737060968031,0.6929565517482286,0.5923722043852584,0.5016848629600774,0.46595967687625706,0.3219412458073655,6.304724620175451,-0.41458113005551767,5.563733239619969,5.323310855998401,5.067188234359161,4.711172784721916,4.462951343720279,4.282505920621587,4.293315173964712,4.508368343535316,4.656470970652989,4.664164555999339,4.719972820947076,4.677049408850316,4.616876188667486,4.668979794005496,4.693607849600012,4.52682058611178,4.3719303119856585,3.998690589157821,3.971106882125205,3.8104690102401633,3.6041237706278206,3.394942581993075,3.1223657629853085,3.0658122428293084,2.9875307051947426,2.8154277737927953,2.398799306034996,2.0307090834305312,1.763720437830498,1.5648239758453728,1.2481896448121133,0.900726721749173,6.92932481632656,6.622482594981721,6.3184841662964555,5.887701484836622,5.562537621532721,-1.0021171264050774,5.045585646009443,4.995222244385472,-1.392318954311283,4.7372820931399815,4.571989443358942
0.8610000000000007,0.11829438765813038,-0.00698100625491064,4.435949869284651,4.235257084254269,4.067769504487485,3.838077009462209,3.432475248058424,3.108875283724797,2.8702766727702214,8.745742008385216,1.9912618235968282,1.625926066012467,1.2050954052653362,0.8583314947504221,0.5710270666495424,0.23372863823808765,6.418438050303195,0.23930290059217355,6.668469598516648,6.910382116758338,0.7735981947031713,0.9766422959868739,1.291409457351505,1.3107045938055475,1.255037947933586,1.0799535584717737,0.9880111781767286,0.868905034417759,0.6464442586796909,6.7900950063531536,0.2577832071195574,6.327695846116551,-0.16720910756317023,5.95086188727675,5.487155940562514,-1.3039504032141338,4.576043461565152,-2.293550454977979,3.5306676840379954,2.9840432047044048,2.680110093013767,2.52660903077579,2.326046485789798,2.0130527443364037,1.673124529534029,7.633934315205924,1.0711977315401386,0.9887037719083691,7.2746943334345655,1.0361497842885412,0.9108784028344313,0.702230925536768,0.6885712227726415,0.5883240748570867,0.49852889619941543,0.4641474815125305,0.32179093812475495,6.3064201464879535,-0.41101592567322137,5.568838988890557,5.329615863266533,5.074371645873045,4.718967832175314,4.471114395821076,4.290862037030094,4.301720886502606,4.51668620931728,4.664560466584601,4.671887865948448,4.727199521254276,4.6836677647727205,4.6227865618281045,4.674080511397648,4.69777582519093,4.529884165972357,4.373708155755878,3.998920023873946,3.96978793430713,3.8076023338004195,3.599892982422845,3.3897346771371244,3.116721229122634,3.0603678657462616,2.9828957033626304,2.8121181890007123,2.397264821248962,2.0310039550253154,1.7656501027042377,1.568067642318863,1.2523803033913996,0.9054112281302854,6.934041293943389,6.62682432045199,6.322132796651336,5.890413243841131,5.564295848362821,-1.0012135770073747,5.045854118522831,4.995173568980108,-1.3923157182284795,4.737747951940262,4.573332707482858
0.8710000000000007,0.12001976128827743,-0.013846779174753694,4.438580471704215,4.239411349163193,4.073562920207535,3.845453617151212,3.4411970633637297,3.118329931765278,2.8797253615911154,8.754377034881708,1.9983402372064722,1.6310860094547892,1.2081720491831,0.8595730602142896,0.5708352815887449,0.23246631785771388,6.416372474691894,0.23639870982143796,6.664434930536666,6.904747997984751,0.765981053294124,0.9668188386719744,1.2794679803397428,1.2972858699843326,1.2409588412932984,1.0661600084329508,0.9753846306036622,0.8581136117004644,0.6378588186535918,6.783635529535986,0.2531099928798575,6.3241717834414,-0.17029656747344926,5.947566798629396,5.483143589769447,-1.3088466070005218,4.57052266536175,-2.299223187812459,3.525511109136822,2.9800865829332155,2.6776255049684683,2.5256802728810412,2.3265578196794423,2.014671600540513,1.6753069340454303,7.636055236093221,1.0726815383364796,0.9891413128065255,7.273842660217733,1.0339795933741613,0.9075740646662358,0.698164567731419,0.6842705149087439,0.584356951963241,0.49543954538557156,0.4623796441902014,0.3216582527493723,6.308105940509464,-0.40748351108090847,5.573900247368194,5.335874720034436,5.081514333574421,4.726730756809357,4.479252569899871,4.299197208832687,4.310106493951276,4.52498341365039,4.672629332128634,4.679592081269022,4.734409639089185,4.690271356425219,4.628681694633361,4.6791628219001815,4.701920777488741,4.53292130882616,4.3754612373919715,3.99913432121588,3.9684724041668713,3.8047642326313165,3.5957179280617235,3.3846051776396395,3.111167440416727,3.055012277435241,2.9783337855172847,2.8088553404882526,2.3957428438391903,2.0312799914297557,1.767537566984104,1.5712544141558293,1.2565069766131993,0.9100320480973707,6.93870074782697,6.631121393295757,6.325753535035834,5.893117299531153,5.566066158913091,-1.0002801692088716,5.046166767300811,4.995179023616886,-1.3922528880321692,4.7382737492425235,4.574730041196287
0.8810000000000007,0.12174852562319971,-0.02057307644571665,4.441250666384856,4.2435833110516885,4.079345009344035,3.8527850978980456,3.4498393545780175,3.127682051975568,2.889065797089763,8.76291868379063,2.0053594892387423,1.6362296941337413,1.2112737022777782,0.8608650167776724,0.5706958165586654,0.2312341566156489,6.414301713860641,0.2334534544884707,6.660337698674698,6.899055244198515,0.7583357418557647,0.9570174538663696,1.2676052243988174,1.2839864384355542,1.2270169537904456,1.0524950882051023,0.9628546267550121,0.8473706464554411,0.6292669353406558,6.777121758142285,0.24834823870934683,6.320546246932804,-0.17347612770365226,5.944207943654775,5.479112017558617,-1.3137141523657483,4.565067050552968,-2.3048100376667424,3.5204366016276425,2.9761853546842154,2.6751603446801986,2.524733142053098,2.327016974002005,2.0162140812421203,1.677403084175158,7.638095088614572,1.0741023711773432,0.9895427639942963,7.272986854654319,1.0318374679154816,0.9043252733602752,0.6941730087863778,0.6800527043992316,0.5804692736515509,0.4924156522378696,0.4606555949846262,0.32154332201164626,6.3097828287886735,-0.4039825786991536,5.578918350663566,5.342088406364822,5.088616705978509,4.7344614060731685,4.487365416099116,4.307511001775623,4.318471794223756,4.533260031217248,4.680677776448407,4.687277333616637,4.741603076716689,4.696859858400868,4.634561197786883,4.684226528336517,4.70604293064361,4.535932756870387,4.377190706773634,3.999334751812513,3.9671612396859333,3.8019549507735366,3.5915979357795496,3.3795525655913226,3.1057023798480157,3.0497434920923245,2.9738434822363646,2.805638574589706,2.3942336505924517,2.031538092352324,1.7693839668360078,1.5743854114865556,1.2605706753042343,0.9145900814418381,6.943303970020418,6.635374442024343,6.32934675602566,5.895813701728611,5.567848298601345,-0.9993173777862017,5.046522995094401,4.99523794080368,-1.3921312156899261,4.738858589983959,4.576180370952723
0.8910000000000007,0.1234802159795789,-0.02716225617125969,4.443959293864258,4.2477719304265635,4.085115178515107,3.860071682048703,3.4584034914961506,3.1369339937458904,2.8983008087236146,8.77136950641036,2.0123209867521865,1.6413568250537223,1.2143982756607112,0.8622041033796202,0.570605360535879,0.23003005494744774,6.412225678830409,0.23046920344577432,6.656181467376413,6.893307666287485,0.7506649613521518,0.9472387597751032,1.2558194489138566,1.270803024302268,1.213208454115689,1.0389553877541233,0.9504188918279307,0.8366753731032295,0.6206694377226833,6.770555784386018,0.2435008738406851,6.316822385269095,-0.17674505451977818,5.940787085224235,5.475061536093579,-1.318554267251987,4.5596742195388105,-2.3103139989954196,3.515441422440113,2.9723378156842224,2.672714120000956,2.5237682519022955,2.3274254152012848,2.0176821519536565,1.6794150493419346,7.640055715863452,1.0754616046692318,0.989908869589787,7.2721269389000325,1.029722726330214,0.9011307915245752,0.6902546622639191,0.6759161056995502,0.5766595127092069,0.48945608536936086,0.4589747768340047,0.32144626953501276,6.3114516032819,-0.400511874625319,5.583894582986199,5.348257873212092,5.095679175670377,4.7421596609170225,4.495452527782341,4.315803012677778,4.326816590948311,4.54151611736002,4.688705978870931,4.6949437331905655,4.74877973670455,4.703432968839419,4.640424718598981,4.689271466390057,4.710142521782903,4.53891923609925,4.37889766962301,3.9995225254858724,3.9658553329792094,3.799174702740889,3.587532344954254,3.3745753743798654,3.1003241047557744,3.0445595932736595,2.969423363878072,2.8024672370785075,2.3927374814829734,2.031779111237548,1.7711904056804983,1.5774617417762866,1.2645724103846359,0.9190862275453711,6.947851744524698,6.639584082121491,6.332912825023988,5.898502501991313,5.569642024455365,-0.9983256635770087,5.0469222124463355,4.995349651305756,-1.3919514610624275,4.739501574229393,4.577682632046345
0.9010000000000007,0.1252143770906082,-0.03361675262218815,4.446705223739664,4.251976214017558,4.090872884780005,3.867313632323687,3.466890831196671,3.1460880408965908,2.907433119279538,8.779731936347412,2.0192260535987305,1.646467099183634,1.2175437658562502,0.8635872170178246,0.5705607774628896,0.22885203440833132,6.410144298814377,0.22744792937425545,6.651969624669114,6.88750888550441,0.742971282226633,0.9374833504131247,1.244108999755766,1.2577324927194298,1.1995296518988867,1.0255376004759604,0.9380752023463265,0.8260270280583639,0.6120671159846396,6.763939636012929,0.2385707453361541,6.3130032582681785,-0.18010069519224822,5.937305931808555,5.470992448312121,-1.323368135704004,4.554341861549228,-2.315737960608951,3.510522921286206,2.9685423020301807,2.670286332946392,2.5227861789315784,2.3277845579844976,2.0190777256803325,1.68134485363065,7.641938924950395,1.0767605877775968,0.9902403611967643,7.271262938658476,1.0276347066225846,0.8979894126480339,0.6864079784155169,0.6718590708607143,0.572926176106828,0.4865597394141315,0.4573366446355773,0.3213672099586045,6.313113022445264,-0.39707019613194133,5.5888301798340425,5.354384043888752,5.102702158663076,4.749825433242382,4.503513538493998,4.32407286751186,4.335140693587063,4.5497517100834655,4.696714091559994,4.7025913706410245,4.755939522150907,4.709990407970784,4.646271938581435,4.694297502282144,4.714219799673703,4.541881456482733,4.380583189276042,3.9996987942207,3.964555523436222,3.7964236755597094,3.5835205059715953,3.3696721861621453,3.0950307428973307,3.03945873041967,2.965072039245037,2.7993406745248555,2.391254542953035,2.0320038581196993,1.772957955047632,1.580484498747224,1.2685131910929766,0.9235213844096133,6.952344847677717,6.643750917248707,6.336452099204115,5.901183753498717,5.571447104076886,-0.9973054746699583,5.047363837166585,4.995513484633714,-1.39171439060532,4.740201798679246,4.579235769586438
0.9110000000000007,0.12695056326406573,-0.03993905848312997,4.449487354397725,4.256195213003726,4.096617632634174,3.8745112406259246,3.4753027164911354,3.1551464130162814,2.9164653492871064,8.788008295910211,2.0260759362455953,1.6515602077630502,1.2207082517662329,0.8650114048319774,0.57055909645412,0.2276982304062487,6.40805751970597,0.22439151377474909,6.647705391636167,6.881662343377552,0.7352571504523626,0.9277517952981195,1.232472303166576,1.2447718413754216,1.1859769922045555,1.0122385210572034,0.9258213867447231,0.8154248514768112,0.6034607232199143,6.757275277478317,0.23356061936215228,6.309091838914781,-0.1835404752346299,5.9337661400041615,5.466905048947477,-1.3281568993008626,4.549067748985057,-2.321084710193563,3.5056785333368894,2.964797189731747,2.667876481356972,2.521787464892358,2.3280957672211477,2.0204026638870287,1.683194476116927,7.64374648724705,1.0780006442321166,0.990537958248017,7.270394883126939,1.025572765828102,0.8948999603017609,0.6826314434269972,0.6678799888866778,0.5692678043180113,0.4837255341807837,0.4557406644262683,0.32130624874545,6.314767812322231,-0.3936563893033252,5.5937263304936495,5.3604678154111784,5.109686073790224,4.757458663536693,4.511548119143667,4.332320219619121,4.343443917527019,4.55796683189073,4.704702241985799,4.710220318845894,4.763082336908752,4.7165319167628414,4.652102571190454,4.69930453058044,4.7182750234633,4.544820112156857,4.382248288389773,3.9998646549913817,3.963262600675531,3.793702030654734,3.579561780063528,3.36484162948236,3.0898204887708633,3.0344391156136523,2.9607881543113885,2.796258235500524,2.3897850109083816,2.0322131022765433,1.7746876554384088,1.5834547614735932,1.2723940234092792,0.9278964477643834,6.956784048461641,6.647875540303479,6.339964928348097,5.903857510951009,5.573263314709895,-0.996257247480541,5.047847293860178,4.995728769502595,-1.3914207761566795,4.74095835807251,4.58083873937772
0.9210000000000007,0.12868833849227884,-0.046131709189945996,4.452304612696078,4.2604280212727295,4.102348971143313,3.8816648250701005,3.483640474569899,3.1641112668487184,2.9254000212613738,8.796200802133995,2.0328718091806164,1.6566358383616813,1.223889891718256,0.8664738566195901,0.5705975026069636,0.22656688540868905,6.405965302677935,0.22130175166085986,6.643391831317478,6.875771311043061,0.7275248932879445,0.918044639284909,1.220907860132023,1.2319181935290124,1.1725470502280677,0.9990550432467684,0.9136553257150811,0.8048680888059425,0.5948509770910928,6.7505646112176905,0.22847318256976648,6.305091015385209,-0.18706189578289803,5.930169316864552,5.462799625424613,-1.332921658543307,4.543849733965555,-2.326356938568873,3.500905776059493,2.9611008941999226,2.665484060386259,2.5207726189828406,2.32836035978496,2.0216587775097015,1.6849658512646655,7.645480138660297,1.079183072905958,0.9908023683066557,7.2695228049297596,1.0235362794872174,0.8918612873793684,0.6789235786754055,0.6639772850716953,0.5656829706212744,0.4809524138331833,0.4541863126401615,0.32126348206480676,6.316416667621759,-0.3902693468015273,5.598584180366975,5.3665100597365525,5.116631342131903,4.765059318678488,4.519555975396521,4.340544748047317,4.351726084146916,4.566161491466139,4.712670535206581,4.717830634564669,4.770208085804815,4.723057255664643,4.657916359708919,4.7042924721325425,4.722308461495421,4.547735881624082,4.383893950585594,4.000021152451129,3.961977307323696,3.791009905594826,3.575655539126019,3.360082377027703,3.084691600181283,3.029499020555041,2.956570391008076,2.793219271645587,2.388329033454392,2.032407574698874,1.776380517187981,1.5863735936304317,1.2762159086570872,0.9322123102495163,6.961170108748623,6.65195853434642,6.343451655591062,5.906523830478568,5.575090442402201,-0.9951814077227182,5.0483720135042836,4.995994834265478,-1.3910713938047536,4.74177034648906,4.582490508710815
0.9310000000000007,0.13042727651962954,-0.052197269148725856,4.455155953601955,4.264673773716891,4.108066491213616,3.888774727220569,3.491905415826441,3.172984697716712,2.9342395637791654,8.804311572459008,2.0396147799318673,1.661693676714829,1.2270869205982982,0.8679718977582938,0.5706733283765285,0.22545634258944566,6.40386762288419,0.21818035597324076,6.639031857074786,6.8698388980371075,0.7197767247540752,0.9083624025237967,1.2094142412003623,1.2191687914509601,1.15923652618818,0.9859841575587229,0.9015749523443178,0.7943559921539515,0.5862385614428063,6.743809478992309,0.22331104356380552,6.301003593065408,-0.19066253110351955,5.926517022055774,5.458676458644773,-1.3376634741986138,4.538685745066729,-2.331557243703121,3.4962022462058098,2.9574518696907357,2.663108563833041,2.519742119900064,2.3285796063380917,2.022847828001441,1.686660869387209,7.647141579934532,1.0803091481740392,0.9910342873314621,7.268646740040847,1.0215246411439545,0.8888722753712237,0.6752829399968975,0.6601494203224276,0.5621702803902852,0.47823934609916074,0.45267307543586915,0.32123899673857137,6.318060252783073,-0.3869080057535573,5.6034048331392645,5.372511624901615,5.1235383864727,4.772627389899599,4.527536845253513,4.348746156002561,4.359987020862928,4.574335685217909,4.720619055976414,4.725422359977096,4.7773166748507645,4.729566203436981,4.663713075259608,4.709261272119616,4.726320390199731,4.550629427962558,4.385521122028936,4.000169281488515,3.9607003416295115,3.788347415710633,3.571801165521435,3.355393143513555,3.0796423950304614,3.024636773729579,2.9524174660620464,2.790223138610371,2.386886733396453,2.03258797039018,1.7780375213265533,1.5892420428787455,1.2799798422674806,0.9364698606656615,6.965503783493865,6.656000473411743,6.346912618080061,5.909182769559474,5.576928281250512,-0.9940783712856059,5.04893743307148,4.996311007324345,-1.3906670228310658,4.742636858555788,4.584190057067278
0.9410000000000007,0.13216696087272797,-0.05813831964566015,4.458040359792855,4.268931644569065,4.113769822994774,3.895841309525552,3.5000988328438702,3.181768740972791,2.942986315393184,8.812342630082815,2.0463058937300898,1.6667334083554748,1.2302976470677969,0.8695029825103378,0.5707840454758017,0.22436503988414283,6.401764468256872,0.21502896173396072,6.6346282404577295,6.8638680605830436,0.7120147508460652,0.8987055805270526,1.1979900817099989,1.206520990261667,1.1460422404111412,0.973022948923905,0.8895782520675771,0.7838878214943342,0.5776241278640786,6.737011663293724,0.21807673444451192,6.296832296558537,-0.19434002621984947,5.922810769852918,5.454535823670229,-1.3423833686045465,4.533573784236052,-2.3366881345041706,3.491565616941684,2.9538486087118847,2.66074948533238,2.5186964177560727,2.3287547330573113,2.0239715284045587,1.688281377163683,7.648732476980164,1.0813801202545477,0.9912343999116267,7.267766727696775,1.0195372618661638,0.8859318336683958,0.6717081169651204,0.6563948904689461,0.5587283703774029,0.4755853215075068,0.4512004480874676,0.32123287024288016,6.319699203023754,-0.3835713457521982,5.608189352801186,5.378473336072742,5.130407630790713,4.7801628908923846,4.535490496806209,4.3569241694064615,4.368226561155851,4.582489398692495,4.728547870692253,4.732995524113515,4.784408011445168,4.736058556063041,4.669492514941516,4.714210898224764,4.7303110930518955,4.553501399043027,4.387130712946272,4.000309989656579,3.9594323599236056,3.7857146555950565,3.567998051869745,3.3507726836906144,3.0746712483147083,3.019850757760321,2.9483281298853883,2.7872691968846675,2.385458210525727,2.0327549505095703,1.779659620434505,1.5920611403715166,1.283686812689497,0.9406699832896015,6.969785820883866,6.660001923213971,6.350348147555614,5.911834386943109,5.578776632720358,-0.9929485450236125,5.049542995196135,4.9966766175204445,-1.390208444724346,4.743556990561048,4.585936376743713
0.9510000000000007,0.13390698485789923,-0.06395744827438536,4.460956841223914,4.273200845780799,4.1194586334120915,3.902864952935888,3.5082219995286574,3.190465373467684,2.9516425283884566,8.820295909006257,2.0529461378401765,1.6717547200617768,1.2335204508649207,0.87106468768661,0.5709272572658076,0.2232915044257316,6.399655838391564,0.21184912995826005,6.630183618604034,6.857861609406303,0.7042409744962106,0.8890746443293481,1.1866340773917683,1.1939722521383622,1.1329611286013583,0.9601685943058692,0.8776632624598554,0.7734628457198542,0.5690082971983139,6.73017288879332,0.21277271240783227,6.292579771678588,-0.1980920946473993,5.919052030992875,5.450377990319955,-1.3470823269339114,4.528511923870493,-2.3417520344028153,3.486993635109522,2.9502896413992223,2.658406319419155,2.5176359358678715,2.3288869233022393,2.0250315444412195,1.6898291782029047,7.650254461226367,1.0823972155372872,0.9914033794755185,7.266882810301766,1.0175735697845674,0.8830388988926635,0.668197732179694,0.6527122255682513,0.5553559079947725,0.47298935265332576,0.4497679344332275,0.32124517075705644,6.321334125368531,-0.38025838696338843,5.612938765537145,5.384395996515923,5.137239499776385,4.787665856050977,4.543416726152491,4.365078535550609,4.37644454458209,4.590622607871238,4.736457029192235,4.740550144183548,4.791482004564995,4.74253412573262,4.675254500081896,4.719141338910919,4.73428085960141,4.556352427752277,4.388723599080572,4.00044417947981,3.958173978932893,3.7831117004963475,3.5642456008321113,3.3462197904667192,3.0697765893138644,3.0151394069249458,2.944301165510931,2.784356812525105,2.3840435437094913,2.0329091443699596,1.781247739488812,1.5948319003666571,1.2873378004328797,0.9448135572498845,6.974016962446696,6.6639634417624265,6.353758570863368,5.914478742578354,5.580635305033082,-0.9917923274677299,5.0501881478808235,4.997090994505991,-1.3896964422610651,4.744529841481906,4.587728473399566
0.9610000000000007,0.13564695153017842,-0.06965723972332921,4.46390443466639,4.277480625444671,4.125132623823673,3.909846054697136,3.5162761703779095,3.1990765150288127,2.960210372385806,8.828173258791287,2.059536445585933,1.6767573011370724,1.2367537801894501,0.8726547066489675,0.5711006916029532,0.22223434733336184,6.397541743514215,0.2086423513397414,6.625700501204744,6.851822217107381,0.6964573002991304,0.8794700407294439,1.1753449803146856,1.1815201408671818,1.11999023729341,0.947418360294767,0.8658280728863674,0.7630803435592829,0.560391660999693,6.723294823824618,0.20740136139164542,6.288248587426925,-0.20191651622950743,5.915242234397144,5.446203223686016,-1.3517612984210787,4.52349830404601,-2.34675128474351,3.482484118615757,2.946773534869112,2.656078562476365,2.5165610724300946,2.3289773192260914,2.026029495616072,1.6913060336480055,7.651709129996146,1.0833616369018524,0.9915418884775434,7.265995033325774,1.0156330096482196,0.880192434249499,0.6647504405645068,0.6490999892034505,0.5520515905965607,0.4704504734915707,0.4483750463768779,0.3212759572529786,6.322965599656544,-0.3769681883336011,5.617654061490615,5.390280388494338,5.1440344183800235,4.795136338836414,4.551315355460564,4.37320902184114,4.384640816770454,4.598735280359014,4.744346566416297,4.74808622680946,4.798538564945794,4.748992739893979,4.680998874597048,4.724052601803036,4.738229984564237,4.559183132222094,4.3903006230866515,4.00057271064428,3.9569257779588036,3.7805386076127148,3.560543224889801,3.341733293136531,3.0649568989576794,3.010501204826219,2.940335387571216,2.7814853577905243,2.382642792803403,2.0330511513025087,1.7828027766983183,1.597555319934469,1.2909337772303915,0.948901455958786,6.978197943130323,6.6678855798938725,6.357144210402674,5.917115897545156,5.58250411261306,-0.9906101094650382,5.050872344239786,4.997553469098701,-1.3891317986486698,4.745554513928671,4.589565366533184
0.9710000000000008,0.13738647363759524,-0.07524026778030485,4.466882203221334,4.281770266262205,4.130791527798509,3.916785026304394,3.524262579867677,3.207604029942037,2.9686919377971352,8.835976449047887,2.0660777000904624,1.6817408445379434,1.2399961491704177,0.874270843631037,0.5713021941131611,0.22119225883005852,6.395422203523784,0.2054100497238868,6.621181277063183,6.845752425121095,0.6886655390124078,0.8698921926017531,1.164121595146662,1.1691623167172742,1.1071267194800647,0.9347696006910633,0.8540708240300116,0.7527396043691682,0.5517747829352838,6.716379081887531,0.20196499375672713,6.283841237948902,-0.205811135065804,5.911382768777053,5.442011784579369,-1.3564211975517386,4.518531129887617,-2.3516881479963283,3.478034953935879,2.943298892551907,2.6537657135792525,2.5154722020786426,2.3290270233296106,2.026966956325255,1.6927136628156148,7.653098046901775,1.084274564028114,0.991650578566595,7.265103445196759,1.0137150423943644,0.8773914289014139,0.6613649286756342,0.6455567777813169,0.5488141447653243,0.4679677386584004,0.447021303436604,0.32132527961876295,6.324594179525464,-0.3736998458911078,5.62233619641634,5.396127274100434,5.150792811386868,4.8025744102564465,4.559186231169771,4.38131541462668,4.392815229406544,4.606827376473688,4.752216503939321,4.755603769170138,4.805577605250032,4.755434240368011,4.686725503455312,4.728944712169499,4.74215876697735,4.561994116062797,4.391862595867955,4.000696402076177,3.9556883009276653,3.7779954172964794,3.5568903461208494,3.3373120557126135,3.060210707356369,3.005934682203678,2.9364296413180258,2.7786542116943105,2.3812560004014056,2.033181542397369,1.7843256043258227,1.6002323787484787,1.29447570530811,0.9529345465968327,6.982329491354174,6.671768881732582,6.360505384518313,5.919745913988548,5.584382875588999,-0.9894022747528778,5.051595042276524,4.998063373620371,-1.3885152967278542,4.74663011501108,4.591446089890667
0.9810000000000008,0.1391251735441409,-0.0807090884250748,4.469889235812223,4.28606908405836,4.136435109011111,3.9236822916097025,3.5321824419508543,3.216049728430773,2.977089239137379,8.843707173666123,2.072570737752813,1.6867050478645045,1.2432461354154123,0.8759110083589258,0.5715297218646079,0.2201640036664901,6.393297247105068,0.20215358538372705,6.61662822027432,6.839654650288306,0.680867411844134,0.8603414992676096,1.1529627757041634,1.156896531615696,1.0943678304108735,0.9222197540894556,0.842389707312456,0.7424399288119177,0.5431582001326238,6.7094272231652505,0.19646585199247923,6.279360144468046,-0.2097738575266421,5.9074749841325636,5.437803929913057,-1.3610629052170633,4.513608669070238,-2.356564810802772,3.473644093730129,2.939864353511126,2.6514672752452184,2.5143696773529536,2.329037099959128,2.0278454569668756,1.6940537438640588,7.654422742258755,1.0851371537010648,0.9917300907391462,7.264208097188168,1.011819144731027,0.8746348973594651,0.6580399140187603,0.6420812198305883,0.5456423256050124,0.4655402228198397,0.44570623233740114,0.32139317881138185,6.326220393371094,-0.3704524911354333,5.626986093228386,5.401937396028739,5.157515103018601,4.809980157451505,4.567029222317681,4.3893975181034905,4.400967640206274,4.614898850244453,4.760066851386196,4.76310276006132,4.81259904022317,4.761858482519835,4.692434271236084,4.733817711497751,4.74606750941219,4.564785968600472,4.3934102978565335,4.000816033913886,3.954462058321102,3.775482154175052,3.553286395976441,3.3329549753517655,3.0555365914833303,3.001438414875715,2.932582801679986,2.775862760481748,2.3798831934375353,2.0333008621299626,1.7858170694952984,1.6028640389496775,1.2979645367532098,0.9569136896463293,6.986412329038545,6.675613885086156,6.363842407841055,5.922368855054404,5.586271419343847,-0.9881692004736051,5.052355704692691,4.998620042220469,-1.3878477182304687,4.747755757130464,4.593369691811952
0.9910000000000008,0.14086268313446618,-0.0860662338930133,4.47292464666008,4.290376426343192,4.142063159248286,3.9305382850724486,3.540036949654204,3.2244153681274526,2.9854042181980054,8.851367054808405,2.079016351479941,1.6916496142258164,1.2465023776402713,0.8775732109544566,0.5717813374129307,0.21914841682982367,6.391166910906623,0.19887425811049902,6.61204349604919,6.833531191064433,0.6730645545382812,0.8508183369171569,1.1418674217670122,1.1447206246033748,1.0817109235558673,0.9097663414719955,0.8307829642237036,0.732180629430579,0.5345424244729172,6.702440756045599,0.1909061104385931,6.274807657195524,-0.2138026503473561,5.903520193154641,5.4335799130299,-1.3656872698333635,4.508729249441288,-2.3613833868669905,3.4693095545634938,2.936468591752305,2.6491827540985433,2.5132538300639786,2.329008576749847,2.0286664850487908,1.6953279144856115,7.65568471351644,1.0859505401117002,0.9917810554796115,7.263309043302527,1.0099448087309364,0.8719218788910642,0.6547741443760363,0.6386719753030295,0.5425349160426547,0.46316702004710586,0.44442936664279215,0.3214796870334788,6.3278447452815145,-0.3672252895096961,5.631604643452197,5.407711478294996,5.164201716560207,4.817353682379077,4.574844218983833,4.397455153292139,4.409097912879897,4.622949650326362,4.767897607737493,4.7705831808773915,4.819602786837412,4.76826533448346,4.6981250807790405,4.73867165615928,4.749956517244109,4.567559265117127,4.394944480238037,4.000932349378692,3.953247528993842,3.7729988281953535,3.549730815058632,3.3286609808708594,3.050933172998965,2.9970110218022077,2.9287937723559674,2.773110398039747,2.3785243846525397,2.0334096298812403,1.7872779949828916,1.605451245075267,1.3014012129697086,0.9608397384705335,6.990447171615795,6.679421121784523,6.36715559158223,5.924984784826407,5.588169574108427,-0.9869112576353524,5.053153798725603,4.999222811185551,-1.3871298430898733,4.748930558702047,4.595335235518458
1.0010000000000006,0.14259864370303063,-0.09131420760429276,4.475987574744284,4.29469167092102,4.147675496523589,3.937353450143673,3.547827274764934,3.2327026555329583,2.9936387470869334,8.85895764667615,2.0854152936916055,1.6965742529921617,1.2497635733777142,0.8792555571046502,0.5720552031946425,0.21814439951823225,6.389031238779055,0.19557331013121326,6.607429166207384,6.827384233387375,0.6652585212681963,0.8413230590737436,1.1308344761365818,1.132632517553809,1.0691534467288921,0.8974069638181879,0.8192488855734649,0.7219610311298721,0.5259279438303135,6.695421138639792,0.18528787701484392,6.270186057212918,-0.2178955387968336,5.89951967254026,5.429339983981114,-1.3702951084282529,4.50389125675684,-2.3661459197029724,3.4650294147240066,2.9331103155249747,2.6469116614580552,2.5121249725744295,2.328942446015603,2.0294314862900777,1.6965377726183375,7.656885425703576,1.0867158351552775,0.9918040928902477,7.2624063401520065,1.0080915414356313,0.8692514369425426,0.6515663971423603,0.6353277348790005,0.5394907261404166,0.46084724321786874,0.4431902464222644,0.32158482793021487,6.329467715945083,-0.36401743895088445,5.636192708588098,5.413450226906624,5.170853074011128,4.824695100589306,4.582631130841295,4.405488157080472,4.417205917087714,4.630979720837772,4.775708762533743,4.778045006519784,4.826588764423068,4.774654676435483,4.703797851918108,4.743506616159263,4.753826097974897,4.570314567093027,4.396465866123604,4.001046056549016,3.9520451618858434,3.7705454355976604,3.546223052900677,3.3244290313467166,3.0463991162054977,2.99265116325875,2.9250614849422667,2.770396526245577,2.377179573937045,2.0335083413596915,1.7887091799906043,1.607994924043933,1.304786664213539,0.96471353893532,6.99443472802679,6.683191117968824,6.370445243787069,5.9275937682638435,5.5900771745944375,-0.9856288115237477,5.053988796011784,4.999871019235132,-1.3863624488007467,4.750153644811482,4.597341799346492
1.0109999999999995,0.1443327058301348,-0.09645547986337,4.4790771832520635,4.2990142245471015,4.153271963294973,3.944128237775676,3.555554567598095,3.2409132474603513,3.0017946311397083,8.866480439064112,2.0917682791144814,1.7014786804448867,1.253028476763344,0.8809562434822013,0.5723495762462424,0.21715091536306655,6.386890281069347,0.19225192886421377,6.602787194358927,6.821215856225922,0.6574507883479171,0.8318559970936056,1.119862921917493,1.1206302111374722,1.0566929383651273,0.8851392997387508,0.8077858106763094,0.7117804715722523,0.517315223258003,6.688369780292546,0.179613194952146,6.2654975583265236,-0.22205060491543585,5.895474664228114,5.425084389761661,-1.374887207694283,4.499093132523821,-2.3708543852474353,3.460801812133848,2.9297882666207573,2.6446535138550864,2.5109833989973573,2.3288396660864557,2.0301418657131345,1.6976848771735384,7.6580263118870535,1.0874341287280227,0.9917998128125397,7.261500046836681,1.0062588644687955,0.8666226585751744,0.6484154786710875,0.6320472192790163,0.5365085924193711,0.45858002344263976,0.44198841795110605,0.3217086168024868,6.331089763531834,-0.3608281685134495,5.640751121393056,5.419154330489065,5.177469595759626,4.832004540085293,4.5903898858079515,4.413496381328069,4.425291528388526,4.638989002126818,4.783500296985758,4.785488206236675,4.833556894787739,4.7810263999142,4.70945252029503,4.748322673966298,4.757676560605561,4.57305242245058,4.397975151670612,4.001157830042954,3.950855377635253,3.768121959824358,3.5427625677510006,3.3202581147949055,3.041933126123451,2.9883575391143133,2.92138489809171,2.767720555260649,2.375848749561912,2.033597469932211,1.7901114009018133,1.6104959851905365,1.3081218091991138,0.9685359290703581,6.998375700705581,6.686924394336109,6.37371166955113,5.930195871139991,5.591994059662902,-0.9843222220691437,5.054860172474091,5.000564007804546,-1.385546309825539,4.751424147809518,4.59938847693045
1.0209999999999984,0.14606452924699706,-0.10149248424297544,4.482192659019376,4.303343521631624,4.158852424781239,3.950863105048808,3.563219956836761,3.2490487524597222,3.0098736117067237,8.873936860714863,2.0980759873805415,1.7063626203335487,1.256295896397328,0.8826735534026481,0.5726628032280892,0.21616698688203095,6.38474409396717,0.18891124952302893,6.598119450795332,6.815028036828207,0.6496427577704655,0.8224174606943977,1.1089517800046098,1.1087117810160994,1.0443270239473954,0.8729611031387489,0.7963921264813058,0.7016383014970741,0.5087047061220824,6.681288043078338,0.1738840445188417,6.260744308891672,-0.22626598581779944,5.891386376562343,5.420813374507514,-1.3794643250109466,4.494333371941419,-2.3755106943472817,3.4566249423480526,2.9265012196701594,2.6424078334883685,2.5098293863186925,2.3287011625955376,2.0307989887238236,1.6987707487752324,7.659108773642245,1.0881064890231165,0.9917688149417411,7.26059022482121,1.0044463136580604,0.8640346539135896,0.645320223629215,0.6288291785825547,0.533587377196061,0.45636450951543184,0.440823433439609,0.3218510608333056,6.332711324548071,-0.3576567370619006,5.645280687086864,5.424824460872063,5.184051700279376,4.839282140261985,4.598120428790092,4.4214796920277175,4.433354628181742,4.646977431472526,4.7912721849978,4.79291274439846,4.840507102323519,4.787380407180808,4.715089036247681,4.75311992341786,4.761508215056582,4.5757733657991535,4.399473007154222,4.001268312613749,3.949678570098277,3.765728372368549,3.539348826361581,3.3161472469226148,3.0375339466812212,2.9841288872049003,2.9177629967030163,2.765081903774797,2.374531889305479,2.0336774678703877,1.7914854120179842,1.6129553203438458,1.311407554770281,0.9723077387670083,7.002270785554894,6.690621466345216,6.376955171203744,5.932791159980923,5.5939200720246,-0.9829918441735087,5.055767408230125,5.001301121315225,-1.3846821970449374,4.752741207848598,4.601474377339651
1.0309999999999973,0.1477937826917956,-0.10642761457537618,4.485333211965669,4.307679022990626,4.164416767372879,3.9575585139077565,3.570824549437703,3.25711073222153,3.0178773688211966,8.881328282485116,2.1043390654436633,1.711225804349248,1.2595646932799947,0.8844058527048286,0.5729933157336089,0.21519169214792958,6.382592738899484,0.18555235757808858,6.593427717108276,6.808822655688477,0.6418357605817544,0.8130077385068663,1.0981001067586884,1.0968753742521191,1.0320534125759422,0.8608702009149478,0.7850662666557415,0.6915338849702647,0.5000968151843312,6.674177243279388,0.16810234473696056,6.255928393605712,-0.23053987205649124,5.887255985390791,5.416527179659515,-1.3840271894359046,4.489610521935405,-2.380116695129815,3.452497056636015,2.9232479814402894,2.6401741486218717,2.5086631954489453,2.3285278297166734,2.0314041821774595,1.699796870508477,7.660134181533385,1.0887339628265855,0.9917116889359922,7.259676937810523,1.0026534386646353,0.8614865556056875,0.6422794943620951,0.6256723915551811,0.5307259679326771,0.454199867387799,0.4396948507888752,0.3220121593245243,6.334332814664074,-0.35450243202837506,5.649782184488424,5.43046127363954,5.190599803847263,4.846528050918119,4.6058227205114655,4.429437968519832,4.441395103643956,4.654944943725666,4.79902439410996,4.800318581213203,4.847439314102578,4.793716610619629,4.7207073637685735,4.7578984686972605,4.7653213716329885,4.578477918680307,4.4009600779917,4.00137811666262,3.9485151077816716,3.7633646335670714,3.5359813037813597,3.3120954699510765,3.0332003590098595,2.979963981796385,2.9141947911388795,2.762479999206025,2.373228961486461,2.0337487675182224,1.79283194627611,1.6153738039416363,1.3146447956292155,0.9760297895103154,7.006120671914673,6.6942828443886135,6.380176048462069,5.935379702004663,5.595855057969303,-0.9816380280007937,5.056709987519737,5.002081707432751,-1.3837708772498438,4.754103973365009,4.603598625172556
1.0409999999999962,0.1495201437583781,-0.11126322248147534,4.488498074524765,4.312020214643259,4.16996489713303,3.9642149300001033,3.5783694305958584,3.2651007029561967,3.025807523752524,8.888656020334928,2.110558129827343,1.7160679725222245,1.2628337788195056,0.8861515858420443,0.5733396258657493,0.2142241616586743,6.380436281969966,0.18217629108521546,6.5887136905530195,6.8026015012491605,0.6340310600982697,0.8036270986445883,1.0873069918554332,1.0851192059195551,1.0198698936764459,0.848864490691464,0.7738067106314809,0.6814665995713012,0.4914919536351772,6.667038652841639,0.16226995508386716,6.251051835268551,-0.23487050604288545,5.88308463510372,5.412226044098045,-1.3885765026662538,4.484923179279615,-2.3846741752632017,3.4484164601413094,2.92002739013541,2.63795199393102,2.5074850722089033,2.3283205313542887,2.031958735428833,1.7007646886736978,7.66110387560252,1.089317575813563,0.991629014521226,7.25876025162512,1.000879802620277,0.8589775182933255,0.639292180267741,0.6225756649848777,0.5279232766014781,0.45208527966533774,0.43860223337070553,0.32219190394145414,6.335954629515038,-0.35136456823141404,5.654256367087312,5.436065408646373,5.197114320281423,4.853742431336079,4.613496736421536,4.437371102756025,4.449412847660708,4.6628914718941035,4.806756886365582,4.807705673386,4.854353459961506,4.800034932174653,4.726307479529257,4.7626584233780545,4.769116340531644,4.581166589812941,4.4024369857214385,4.001487825673245,3.9473653351932145,3.7610306933420414,3.5326594831551095,3.3081018515032516,3.0289311798357854,2.97586163213032,2.910679316471374,2.7599142778602204,2.3719399259105405,2.0338117823868194,1.7941517159465645,1.61775229317808,1.3178344141174119,0.9797028941426348,7.009926042525584,6.697909033934458,6.3833745985590316,5.937961565060681,5.5977988671210595,-0.980261119234255,5.057687398649591,5.002905117312999,-1.3828131126725292,4.755511601510061,4.605760360611833
1.050999999999995,0.15124329873914008,-0.11600161537539067,4.491686501073957,4.316366606654713,4.175496738384339,3.9708328216103346,3.5858556637614796,3.273020136748142,3.033665641449536,8.895921338150071,2.116733768715481,1.720888873551093,1.266102112909726,0.8879092721721275,0.5737003220638665,0.21326357539528537,6.3782747934401005,0.17878404288918162,6.583978988172517,6.796366274354087,0.6262298549762376,0.7942757892872954,1.0765715562940044,1.073441555903644,1.0077743338411287,0.8369419385971019,0.7626119826216033,0.6714358365237318,0.48289050607824774,6.659873500805618,0.1563886771753408,6.246116596509814,-0.2392561805219757,5.878873439618227,5.407910204252222,-1.393112939970614,4.480269988799317,-2.389184864114098,3.444381510115614,2.9168383147019576,2.6357409108021903,2.5062952482537777,2.3280801022871755,2.03246390136475,1.7016756135444893,7.662019165865629,1.089858332845221,0.9915213615928827,7.257840234076438,0.9991249817711925,0.8565067180931916,0.6363571971808017,0.6195378330283174,0.5251782390638939,0.45001994512572724,0.4375451498292713,0.32239027896322225,6.337577145475454,-0.348242486752421,5.658703964055358,5.441637490505046,5.203595660698578,4.860925449424904,4.621142465677182,4.4452789986083285,4.457407758754055,4.6708169476768875,4.814469619109176,4.815073974725965,4.861249472574845,4.806335302819769,4.731889371966585,4.767399909532078,4.772893431388271,4.583839875337932,4.403904328938615,4.00159799557197,3.9462295741151565,3.758726491894723,3.529382855528067,3.304165483552775,3.0247252599647343,2.971820681047013,2.9072156317534144,2.7573841850549106,2.370664734737921,2.0338669081811576,1.7954454133111928,1.6200916281788968,1.3209772800434667,0.9833278566565877,7.01368757348912,6.701500535642698,6.386551116348108,5.940536817569742,5.599751352216946,-0.9788614593039244,5.058699133952895,5.003770705836623,-1.3818096605547496,4.756963258533619,4.6079587394436174
1.060999999999994,0.15296294246339892,-0.12064505488855215,4.494897767363106,4.3207177320239305,4.181012232377628,3.9774126586828853,3.5932842907043754,3.28087046288276,3.0414532328780655,8.903125450407314,2.122866543897299,1.7256882650704224,1.269368702076372,0.8896775024353295,0.5740740651653917,0.21230916005557265,6.376108347248976,0.17537656271004343,6.579225150697048,6.790118592467645,0.6184332821395655,0.7849540392738147,1.0658929505521986,1.0618407658773201,0.9957646737979539,0.8251005770871668,0.7514806506141167,0.6614410007749537,0.4742928394679868,6.652682974709573,0.15046025642668256,6.241124581481816,-0.24369523709815133,5.874623483313117,5.403579894187038,-1.3976371510927847,4.475649641651592,-2.393650434808796,3.4403906142228466,2.9136796541394263,2.633540447589956,2.505093941939957,2.327807349267676,2.0329208974178785,1.7025310201266435,7.662881332814624,1.0903572182665797,0.9913892903152917,7.256916954842767,0.9973885651285735,0.8540733520873811,0.6334734867662749,0.6165577565676832,0.522489814464612,0.4480030782573775,0.43652317390247247,0.32260726153700314,6.339200720407254,-0.34513555386650585,5.6631256812025645,5.447178129044839,5.2100442332897625,4.868077280922081,4.628759910192509,4.453161571220878,4.4653797410064975,4.678721301951104,4.822162545719839,4.822423436704338,4.8681272875183215,4.81261766206044,4.7374530404270665,4.772123056897374,4.776652952861826,4.586498259061858,4.4053626841893605,4.001709156017677,3.945108124805372,3.7564519603551676,3.5261509196565295,3.300285481430393,3.0205814828507522,2.967840003680656,2.9038028193150653,2.7548891752107694,2.3694033332784885,2.03391452376364,1.7967137113215736,1.6223926322002398,1.3240742505528427,0.9869054720151825,7.017405934225724,6.705057845458639,6.389705894387631,5.9431055284641845,5.60171236890707,-0.9774393855871433,5.059744689762507,5.004677831832123,-1.3807612727507232,4.758458120123163,4.610192933044135
1.0709999999999928,0.15467877813242487,-0.12519575566316235,4.498131169945468,4.325073145615254,4.1865113360383965,3.983954911928182,3.6006563316201543,3.288653069145146,3.0491717572571253,8.910269524691708,2.128956992576653,1.730465913862777,1.2726325976895068,0.8914549354096256,0.5744595846877022,0.21136018645206853,6.373937020569061,0.17195475911944355,6.574453646233156,6.7838599936736514,0.6106424195734546,0.7756620587011356,1.0552703528765897,1.0503152364435178,0.9838389255030111,0.8133385028120006,0.7404113253487916,0.6514815110304838,0.46569930400188514,6.64546822196284,0.14448638368894728,6.236077637517755,-0.24818606480924496,5.870335821918494,5.39923534567143,-1.4021497611276974,4.471060873678283,-2.398072506203743,3.436442228909829,2.9105503368182863,2.631350159836091,2.5038813591382016,2.327503052077845,2.0333309065608973,1.7033322489164102,7.663691627923988,1.090815196205281,0.9912333512194362,7.255990485346112,0.9956701541255125,0.8516766378232903,0.630640015923034,0.6136343225785258,0.5198569846408108,0.44603390881776794,0.435535884261073,0.3228428219344971,6.340825694382136,-0.34204316002463037,5.667522201881357,5.452687919745979,5.21646044311354,4.875198108650071,4.636349083751921,4.461018746401041,4.473328703981782,4.68660446521507,4.829835616284819,4.829754008966997,4.874986843322245,4.818881957464613,4.742998494365697,4.776828002102536,4.780395212253943,4.589142212699476,4.40681260682528,4.001821811625036,3.9440012671305933,3.754207021390807,3.522963181824519,3.2964609828843523,3.0164987632445244,2.963918506221705,2.9004399840836306,2.752428711914229,2.3681556607206398,2.0339549920587645,1.797957264237485,1.6246561118477092,1.327126170035257,0.9904365259970825,7.0210817874320846,6.708581454686985,6.392839223007104,5.945667767128709,5.60368177557376,-0.9759952315848222,5.060823566395779,5.005625858287712,-1.3796686953629944,4.759995371701361,4.612462128336628
1.0809999999999917,0.15639051715215072,-0.12965588447010332,4.501386025611701,4.329432423132947,4.191994020787299,3.9904600520060063,3.607972785273789,3.2963693030896546,3.0568226241978658,8.917354684074454,2.135005629055256,1.7352215960207886,1.27589289424043,0.8932402947336562,0.5748556753166156,0.21041596706359647,6.37176089339544,0.1685195014135713,6.569665873754814,6.777591940466846,0.6028582889902052,0.766400039526533,1.0447029676968997,1.038863424433018,0.9719951693513267,0.8016538745340176,0.7294026592824701,0.6415567997475187,0.4571102339689106,6.638230351187698,0.13846869685784594,6.230977556754622,-0.2527270987464038,5.8660114833638755,5.394876788229949,-1.4066513713703563,4.4665024638273945,-2.4024526447708374,3.432534857840083,2.907449319805943,2.6291696104539835,2.502657693996841,2.327167964544145,2.0336950782801906,1.7040806066562333,7.664451274160886,1.091233210871342,0.9910540852996956,7.255060898630358,0.9939693622801281,0.8493158128225238,0.627855776197231,0.6107664435090402,0.5172787535466036,0.4441116814105658,0.4345828643638687,0.323096923809252,6.34245239037856,-0.33896471888416296,5.671894187842802,5.45816744415092,5.222844691905863,4.882288121823816,4.643910011181903,4.468850460047263,4.481254562642989,4.694466367991275,4.837488778217587,4.837065639804428,4.881828081515595,4.825128144220928,4.748525752595966,4.781514887944127,4.78412051516124,4.591772196114635,4.408254631820111,4.001936443124731,3.9429092616358536,3.7519915897768907,3.5198191556665477,3.292691147191435,3.012476045915763,2.9600551247421034,2.897126252926487,2.7500022679542533,2.36692165079928,2.033988660902914,1.7991767082456902,1.6268828573122989,1.3301338700657335,0.9939217950651316,7.024715789038655,6.712071850049089,6.395951390357693,5.9482236033418,5.605659433168086,-0.9745293270758699,5.061935268149619,5.006614152552165,-1.3785326684093173,4.76157420868505,4.614765527721399
1.0909999999999906,0.15809787896444796,-0.13402755961111115,4.5046616708283995,4.333795160137558,4.197460271430882,3.9969285487808626,3.6152346291762725,3.30402047327958,3.064407195749363,8.924382009359427,2.141012946298624,1.739955097064332,1.2791487276810285,0.8950323658881176,0.5752611935888526,0.20947585373061034,6.36958004816616,0.16507162138902062,6.564863166408747,6.771315823349009,0.5950818583733998,0.7571681561700561,1.0341900241547632,1.0274838403482474,0.9602315515014674,0.7900449110945951,0.7184533455475912,0.631666313092167,0.44852594855575373,6.630970433528445,0.13240878245326532,6.22582607772049,-0.2573168187175556,5.861651468588281,5.390504449180463,-1.4111425601384593,4.461973232639128,-2.406792366402501,3.4286670503875416,2.904375588201551,2.626998369881778,2.501423129658289,2.3268028155122074,2.0340145295284966,1.7047773670864088,7.665161466497697,1.091612186857829,0.99085202411005,7.254128269241057,0.9922858148647655,0.8469901340985683,0.6251197832056391,0.607953056671059,0.5147541466926638,0.44223565508063734,0.4336637023273041,0.32336952445361195,6.344081114953928,-0.3358996663851339,5.676242280048139,5.463617270254712,5.229197377905742,4.889347515405777,4.651442727577393,4.476656657611093,4.489157237268301,4.702306941192083,4.845121976824356,4.844358276582079,4.888650946661327,4.831356184722405,4.754034842587837,4.7861838627139575,4.787829165158481,4.594388657559339,4.409689274550258,4.00205350846402,3.941832350554022,3.7498055729314546,3.5167183619964524,3.288975154315519,3.008512304444773,2.956248824079301,2.8938607740157356,2.7476093253360294,2.365701232408043,2.034015863842975,1.8003726620592309,1.6290736426204342,1.3330981693757322,0.9973620462563683,7.028308588168196,6.71552951372582,6.39904268244893,5.950773107217864,5.607645205062109,-0.9730419982520121,5.063079303304364,5.007642086524879,-1.377353925518767,4.763193836708307,4.617102348981563
1.1009999999999895,0.15980059087774562,-0.1383128505693079,4.5079574611823405,4.338160971103009,4.20291008511899,4.003360870644338,3.6224428197904697,3.311607850496478,3.0719267883551358,8.9313525412059,2.1469794173929477,1.7446662120174294,1.2823992738236447,0.8968299933269656,0.5756750547566644,0.20853923548513495,6.367394569411512,0.16161191502736255,6.5600467946451255,6.7650329642409766,0.5873140444063095,0.7479665661150364,1.0237307747378617,1.0161750459441006,0.9485462813094466,0.7785098894318059,0.7075621169081119,0.6218095108643682,0.43994675261251753,6.62368950392671,0.12630817716771328,6.220624886885953,-0.26195374795243825,5.857256752315353,5.386118553659999,-1.4156238835693518,4.457472040793076,-2.4110931381411205,3.424837400187191,2.901328154480389,2.624836016207223,2.5001778389319265,2.3264083097831465,2.0342903456560824,1.7054237716912952,7.665823372425953,1.0919530294423472,0.9906276898601413,7.25319267310711,0.9906191485811751,0.8446988776830474,0.6224310760689851,0.6051931236429823,0.5122822106009267,0.4404051029260831,0.4327779908080895,0.3236605750542499,6.345712158892541,-0.3328474598696561,5.680567099438711,5.4690379528762225,5.235518895695928,4.896376489505256,4.658947277578893,4.484437293591023,4.497036653364801,4.710126116451087,4.852735155822829,4.851631866133767,4.895455386383411,4.837566048173937,4.759525799810777,4.790835079573273,4.791521463510543,4.596992033910715,4.411117031540876,4.00217344385088,3.9407707587590255,3.747648871417261,3.5136603286422288,3.2853122041107548,3.0046065400786772,2.952498596775319,2.8906427162137818,2.7452493752740934,2.3644943301603307,2.0340369208871905,1.8015457274974709,1.631229225895564,1.33601987385111,1.0007580370918845,7.0318608270960725,6.718954923388181,6.402113383173426,5.9533163491502386,5.609638956915313,-0.9715335678350331,5.06425518413517,5.008709036835302,-1.3761331936554162,4.764853471812202,4.619471825166995
1.1109999999999884,0.16149838789766163,-0.14251377787603003,4.511272770831478,4.3425294885132635,4.2083434703653975,4.0097574838997625,3.6295982927626325,3.319132668918805,3.0793826747242017,8.93826728213459,2.1529054969004626,1.7493547454490888,1.2856437467995496,0.8986320777503062,0.5760962298236126,0.20760553650677596,6.365204543430256,0.15814114409385632,6.555217969184055,6.758744619721033,0.5795557147900754,0.738795410504575,1.0133244940111548,1.0049356519374573,0.9369376288675786,0.7670471426496633,0.6967277447165021,0.611985866394161,0.4313729373794794,6.616388562362283,0.1201683693823154,6.215375620179584,-0.2666364518473342,5.852828283796276,5.381719324640613,-1.420095876391968,4.452997787713305,-2.415356379837142,3.421044543739828,2.8983060578483397,2.622682135266953,2.4989219849262163,2.3259851290129205,2.0345235813201636,1.706021030438889,7.666438132470747,1.0922566248891932,0.9903815955115031,7.2522541874245965,0.9889690112416059,0.8424413381604066,0.6197887168553109,0.6024856296847892,0.5098620122742026,0.43861931172645596,0.4319253268975035,0.3239700209453903,6.347345797829964,-0.3298075772421276,5.684869247667102,5.4744300340118155,5.241809636057836,4.903375248819064,4.666423714696779,4.492192331055976,4.504892741580601,4.717923826422707,4.860328257816574,4.85888635512071,4.902241351386119,4.843757710222036,4.7649986671190385,4.7954686959709365,4.795197708911367,4.599582750905697,4.412538381179106,4.0022966647448,3.939724694666164,3.7455213794129727,3.5106445902867414,3.2817015155666405,3.0007577806481276,2.948803462067429,2.8874712684790134,2.7429219181671596,2.363300864903365,2.0340521392114326,1.8026964900471873,1.6333503496290709,1.3388997765539632,1.0041105155049874,7.035373141212866,6.722348552217596,6.405163774321241,5.955853399755169,5.611640556553883,-0.9700043551782976,5.065462426929755,5.009814385011944,-1.374871192867969,4.766552340603627,4.621873204458732
1.1209999999999873,0.16319101255822452,-0.14663231316536351,4.514606991963592,4.346900361997384,4.21376044612834,4.016118852204782,3.636701963176352,3.3265961272697075,3.0867760856203,8.94512719842376,2.158791622120389,1.7540205114819116,1.2888813975741247,0.9004375735113332,0.5765237427412262,0.20667421419686158,6.36301005799089,0.15466003765536218,6.55037784382757,6.752451984099587,0.5718076904569162,0.729654814732238,1.0029704774376196,0.9937643158376247,0.9254039226440709,0.7556550581392526,0.6859490378750396,0.6021948664126511,0.42280478117653975,6.609068575059041,0.11399080064927655,6.210079864467399,-0.2713635367478053,5.848366987522972,5.377306982936981,-1.424559052674387,4.448549410228345,-2.419583465739754,3.41728715906832,2.8953083636069485,2.6205363207226697,2.497655721642689,2.325533932576159,2.0347152613723996,1.7065703225127173,7.6670068607047615,1.0925238407519888,0.9901142448742056,7.251312890542944,0.9873350614557721,0.8402168282109164,0.6171917900333989,0.5998295831652287,0.5074926386804877,0.43687758158634843,0.431105312026183,0.3242978018589616,6.348982292854408,-0.32677951616798573,5.689149307792093,5.479794043172906,5.248069985839964,4.9103440021107385,4.673872100679547,4.499921741196421,4.51272543761559,4.725700005052429,4.86790122472825,4.866121690358542,4.909008795466077,4.849931152605413,4.770453494176559,4.800084873102959,4.798858197248104,4.602161223373193,4.413953784396049,4.002423566797106,3.9386943510826953,3.743422985155642,3.5076706883141773,3.278142326092414,2.9969650795406197,2.9451624649272476,2.884345639290813,2.74062646355672,2.3621207541891045,2.0340618138238007,1.803825519405045,1.6354377409585066,1.3417386577656785,1.0074202197862296,7.0388461589897835,6.725710868917559,6.4081941355853695,5.958384329816884,5.613649873861653,-0.9684546763542382,5.066700552011383,5.010957517641153,-1.3735686360638466,4.768289680385528,4.6243057500159575
1.1309999999999862,0.16487821475418382,-0.1506703793909084,4.517959534263409,4.351273257501811,4.219161040947796,4.022445436067714,3.643754725826016,3.3339993899339486,3.094108211572814,8.951933221901628,2.1646382142619855,1.7586633337719613,1.292111512516887,0.9022454861501225,0.5769566677569327,0.20574475736332445,6.360811202056253,0.15116929352217925,6.545527518126242,6.746156192339277,0.5640707476833544,0.7205448890254467,0.9926680402815231,0.9826597398904497,0.9139435472192823,0.744332075751891,0.6752248418042187,0.592436010900729,0.41424255005695804,6.601730475655706,0.10777686713997493,6.204739158996402,-0.2761336487678616,5.843873763913799,5.372881747207176,-1.4290139065476304,4.444125881283281,-2.423775726023838,3.413563964422879,2.892334162529399,2.6183981741164604,2.4963791945342524,2.325055358395861,2.034866381724406,1.707072797035146,7.667530645261118,1.0927555261765867,0.9898261327041016,7.250368861853654,0.9857169683236668,0.8380246781619074,0.6146394019362783,0.5972240150012251,0.5051731962517121,0.43517922559356403,0.43031755187830906,0.32464385217103486,6.350621891085804,-0.32376279330891566,5.6934078449398395,5.48513049770872,5.254300327839102,4.917282961725759,4.681292504922944,4.507625502901276,4.520534682131024,4.733454587819945,4.875453998194655,4.8733378191145675,4.915757675517563,4.856086362825066,4.775890336919058,4.804683775410767,4.802503221388794,4.604727855463597,4.415363685318925,4.00255452674361,3.937679906011662,3.741353571356431,3.504738170662063,3.274633890838387,2.9932275147268244,2.9415746751453087,2.881265056093157,2.738362530071286,2.3609539127055275,2.03406622819028,1.8049333700018204,1.6374921119514014,1.3445372850487805,1.0106878785439732,7.042280501947219,6.729042337718127,6.411204744559675,5.960909210233884,5.615666780681552,-0.966884844229353,5.067969083766139,5.012137826515879,-1.3722262288062865,4.7700647392606745,4.6267687398075825
1.1409999999999851,0.16655975157482994,-0.15462985118210607,4.521329824388857,4.355647856498645,4.22454529213645,4.028737692393821,3.6507574555070916,3.341343588044036,3.101380204512791,8.958686251641018,2.1704456795357965,1.7632830454630644,1.2953334120245152,0.9040548700475081,0.5773941269043011,0.2048166845094377,6.35860806552983,0.14766957961822444,6.540668039908867,6.739858322829178,0.5563456201081853,0.7114657290202563,0.9824165165878355,0.9716206691293354,0.9025549411147176,0.7330766860242323,0.6645540374207232,0.5827088129183259,0.4056864984269471,6.594375166341429,0.10152792105808016,6.199354996802341,-0.28094547264411657,5.8393494899737455,5.368443833947968,-1.4334609129063027,4.439726208701358,-2.4279344482565657,3.4098737170330593,2.8893825702477014,2.6162673049072787,2.495092541030119,2.3245500237403127,2.0349779101913086,1.7075295737813239,7.6680105488443076,1.0929525122040222,0.9895177448008098,7.2494221816817035,0.9841144111342144,0.8358642355471697,0.6121306802348215,0.5946679781094987,0.5029028103966403,0.43352356949112136,0.42956165631419757,0.3250081011440094,6.352264826233249,-0.32075694359254897,5.697645406933446,5.490439903115396,5.260501040693632,4.924192343140368,4.688685003917229,4.515303602358839,4.528320420658207,4.741187511957216,4.882986519926349,4.880534689377312,4.922487951531553,4.862223333832646,4.781309257050993,4.80926557011584,4.806133070991954,4.607283040875503,4.416768511894889,4.002689903252139,3.936681523411751,3.7393130155913368,3.5018465916786785,3.2711754820519743,2.9895441878366067,2.9380391864583886,2.878228764756127,2.736129645357961,2.359800252671513,2.0340656548239644,1.8060205815087804,1.6395141598930851,1.3472964133253817,1.0139142106792371,7.045676784626798,6.732343418374601,6.414195876730464,5.963428111966521,5.617691150726613,-0.9652951685281125,5.069267550673582,5.013354708774599,-1.3708446691331,4.771876776210991,4.629261466430226
1.150999999999984,0.16823538713968453,-0.15851255531997713,4.52471730545706,4.360023855228752,4.229913245021457,4.034996074077912,3.6577110073208035,3.3486298205357636,3.1085931793373027,8.965387155561844,2.176214410168744,1.7678794891184386,1.2985464491950887,0.9058648261926733,0.5778352876272116,0.20388954221999023,6.356400739022285,0.14416153528367304,6.535800407683164,6.733559400021192,0.5486330006596788,0.7024174163264265,0.972215258231907,0.9606458895268343,0.8912365947109686,0.7218874284550499,0.6539355401270792,0.573012798416741,0.3971368696326653,6.587003518956277,0.09524527201728696,6.193928826081914,-0.28579773062359515,5.834795019930901,5.363993457485735,-1.4379005280866812,4.435349433992699,-2.432060878806815,3.406215211904292,2.88645272665129,2.61414333049044,2.4937958910294613,2.3240185259885546,2.0350507873134545,1.7079417438830906,7.668447609238557,1.0931156120732755,0.9891895581065275,7.2484729311797675,0.9825270790697568,0.8337348646744671,0.6096647734214284,0.5921605468703574,0.5006806250276084,0.4319099513623662,0.42883723930039497,0.3253904731640971,6.353911319131475,-0.31776151951480347,5.7018625248930075,5.495722753332513,5.266672498788271,4.931072364541787,4.696049680729912,4.52295603268018,4.536082603506443,4.7488987166433985,4.8904987320344375,4.887712250100354,4.929199586588962,4.868342063735975,4.786710321575216,4.8138304267884084,4.809748032336631,4.609827163079471,4.418168676487834,4.002830037727483,3.935699353915802,3.737301190668555,3.498995511985659,3.267766388466312,2.985914223281632,2.9345551157170604,2.875236029054657,2.733927346002883,2.3586596841982423,2.034060355840184,1.8070876793266208,1.6415045675771602,1.3500167849702531,1.017099925373673,7.0490356145670985,6.735614566161538,6.417167805462766,5.965941105986018,5.6197228594996025,-0.9636859558870562,5.0705954853399735,5.014607567030658,-1.3694246473957885,4.773725061154398,4.631783236914317
1.160999999999983,0.16990489243636145,-0.1623202713143786,4.528121436540552,4.364400963978458,4.235264952234223,4.04122102963987,3.6646162169910053,3.355859155173428,3.1157482154053024,8.972036771946673,2.1819447853483336,1.772452516632274,1.301750008551765,0.9076745000584442,0.5782793605301166,0.20296290363891445,6.354189313636798,0.14064577251391522,6.530925572914914,6.7272603969362,0.5409335433962761,0.6934000190818517,0.9620636340340111,0.9497342262409114,0.8799870482509455,0.7107628898332748,0.6433682988148143,0.5633475060363546,0.3885938965161116,6.5796163760569035,0.08893018838343254,6.188462051529719,-0.29068918138395294,5.830211185850839,5.359530829964066,-1.4423331905228365,4.430994631207884,-2.436156224200346,3.4025872806569124,2.8835437952971703,2.612025876201808,2.4924893673657906,2.3234614433656473,2.035085927156431,1.7083103705222884,7.668842839812984,1.0932456215236013,0.9888420408057318,7.247521192225369,0.9809546709163739,0.8316359462011226,0.6072408503037817,0.5897008166035886,0.49850580210076406,0.4303377213285049,0.42814391884645847,0.32579088797373673,6.355561578257032,-0.31477609047312916,5.706059713807973,5.500979531027998,5.272815072169626,4.937923246437759,4.703386624521631,4.530582793543502,4.543821185670451,4.756588143178342,4.897990577326886,4.89487045142224,4.935892546848531,4.874442555520649,4.792093602353301,4.8183785169480755,4.813348388171478,4.612360595538774,4.419564576449518,4.002975255076022,3.9347335355104174,3.7353179649740005,3.496184498345594,3.2644059147195046,2.982336767421689,2.9311216020911166,2.8722861301639133,2.7317551774419235,2.3575321156198354,2.034050583479708,1.808135175057412,1.6434640035974166,1.35269912991672,1.0202457220895877,7.052357592283228,6.7388562318631475,6.420120801982276,5.968448263224959,5.621761784220468,-0.9620575099002322,5.071952424533365,5.0158958094922115,-1.3679668461177998,4.775608874980909,4.634333372519893
1.1709999999999818,0.17156804516084825,-0.1660547320669238,4.531541692174122,4.368778906388687,4.240600473045559,4.0474130028999475,3.6714739011912316,3.3630326295450668,3.1228463579679775,8.97863591087424,2.187637172100833,1.777001989123663,1.3049435048141875,0.9094830795786328,0.5787255972470581,0.20203636703278843,6.351973880771941,0.13712287713843452,6.5260444421924575,6.720962237547098,0.5332478652648281,0.6844135924955832,0.9519610289337929,0.938884541950354,0.8688048899248823,0.6997017026167208,0.6328512948826707,0.5537124868918188,0.3800578019413837,6.572214551947754,0.08258389858091701,6.182956035640268,-0.29561861898495223,5.825598798230324,5.355056161328875,-1.4467593213813679,4.426660905834282,-2.440221652423451,3.3989887904057756,2.880654962831713,2.6099145753081907,2.491173086243878,2.3228793356489814,2.0350842180896396,1.7086364896129913,7.669197230023008,1.0933433190961774,0.9884756524257953,7.246567047321049,0.9793968947800471,0.8295668767176472,0.6048580995086497,0.5872879030563471,0.4963775211694646,0.42880624125789835,0.4274813169476782,0.3262092608986421,6.357215800224855,-0.31180024212903107,5.710237473083569,5.506210707872262,5.278929126471945,4.9447452112935,4.710695930092901,4.53818389085809,4.5515361267373935,4.764255735136337,4.905461999576577,4.902009244864228,4.9425668015297965,4.880524816786753,4.797459175694633,4.822910013694325,4.816934417581514,4.614883701927001,4.420956594666234,4.003125864432296,3.9337841941789558,3.73336320279638,3.493413123534414,3.261093380802669,2.9788109877720648,2.9277378063107165,2.8693783661707046,2.7296126938629124,2.3564174537956837,2.034036580602034,1.8091635669599884,1.645393122640137,1.3553441657737644,1.0233522905810075,7.055643311250361,6.742068861760952,6.4230551353538035,5.970949654529364,5.623807803760865,-0.9604101311570366,5.0733379092198705,5.017218850073022,-1.3664719398707592,4.777527509569714,4.636911208523544
1.1809999999999807,0.17322462956041637,-0.16971762460551204,4.534977561872651,4.373157418795335,4.245919872743691,4.053572432690905,3.678284857880118,3.370151252028134,3.1298886195364948,8.985185355575648,2.1932919261079906,1.7815277768150466,1.3081263817159365,0.9112897932220947,0.57917328842258,0.20110955443499923,6.349754531940863,0.13359340994297797,6.521157879283042,6.714665799045393,0.5255765477802166,0.6754581793788168,0.941906843220065,0.9280957352741598,0.8576887540337281,0.6887025433608179,0.6223835412711956,0.5441073043466417,0.371528799292722,6.5647988336783,0.07620759236348687,6.177412099975501,-0.30058487185011834,5.820958646571679,5.350569659311827,-1.4511793251753182,4.422347393733187,-2.4442582941776534,3.39541864267863,2.877785438424135,2.6078090689853326,2.4898471576509422,2.322272744846799,2.0350465235436817,1.7089211104722601,7.669511745907495,1.0934094664348322,0.9880908439385184,7.245610579497616,0.9778534678086681,0.8275270683393794,0.6025157289956974,0.5849209419029178,0.4942949789504761,0.4273148844864926,0.4268490595330684,0.326645503069247,6.358874170265884,-0.30883357579833537,5.714396287062881,5.511416744802376,5.285015022852483,4.9515384831942715,4.717977697459682,4.545759336446588,4.559227390793687,4.771901438501598,4.9129129437631995,4.9091285835074245,4.949222322891543,4.8865888594997635,4.802807121972449,4.827425091365016,4.820506395871364,4.61739683634247,4.422345100082233,4.003282159849577,3.9328514445100824,3.7314367646331275,3.4906809662183615,3.25782812153504,2.9753360722494775,2.9244029099411986,2.8665120516003584,2.727499458100507,2.355315604386747,2.0340185811506406,1.810173340389245,1.6472925657758686,1.357952597952862,1.0264203109148506,7.058893357891319,6.745252897619517,6.425971072456989,5.9734453506124146,5.625860798585074,-0.958744117273406,5.074751484600563,5.018576108494337,-1.3649405951675697,4.77948026778879,4.639516093997836
1.1909999999999796,0.17487443627932386,-0.1733105908780602,4.5384285496601455,4.377536249599733,4.251223222052726,4.0596997526041925,3.685049866643533,3.3772160027260782,3.1368759811899096,8.991685863717567,2.1989093924664984,1.7860297588971563,1.311298110866393,0.9130939081584728,0.5796217617981109,0.20018211036570563,6.347531358605676,0.13005790773817388,6.51626670708709,6.708371913997635,0.5179201386300112,0.6665338106633322,0.9319004918117568,0.917366739270075,0.8466373192276698,0.6777641311965749,0.6119640815148082,0.5345315337788881,0.363007092945711,6.5573699820068425,0.06980242204955447,6.171831526398203,-0.305586801777565,5.816291499938957,5.3460715294127095,-1.4555935903578336,4.41805326011591,-2.4482672440878157,3.391875772371576,2.8749344532116696,2.6057090062847816,2.4885116857436937,2.321642195850075,2.0349736827468727,1.7091652164791022,7.669787330581189,1.0934448085856043,0.9876880578625598,7.244651872220522,0.9763241159198974,0.8255159483061097,0.6002129655812607,0.5825990882562081,0.4922573889026118,0.42586303554878874,0.4262467764180156,0.3270995216363676,6.3605368626864,-0.3058757078677569,5.718536625526094,5.516598092276957,5.291073117935958,4.958303287531909,4.7252320314558665,4.553309147744421,4.566894946331703,4.7795252017868695,4.920343356290863,4.916228422150836,4.955859086206128,4.8926346997548125,4.80813752526516,4.831923925221055,4.82406459446375,4.61990034351936,4.423730448201022,4.0034444209564075,3.931935390273876,3.7295385074783973,3.4879876108353343,3.2546094860645365,2.971911228454265,2.921116114689691,2.8636865169585213,2.725415041524754,2.3542264721078974,2.033996810591944,1.811164968219795,1.6491629607498561,1.3605251198032349,1.0294504535013433,7.062108311568189,6.748408776670932,6.428868877959968,5.975935422009853,5.627920650696706,-0.9570597629172284,5.076192700148462,5.019967010378087,-1.3633734703713394,4.78146646347855,4.642147391584459
1.2009999999999785,0.1765172622074453,-0.17683522859447023,4.541894173610243,4.381915158668059,4.256510596589303,4.0657953907676205,3.6917696890419447,3.384227834376326,3.1438093938259017,8.998138168616547,2.2044899063941465,1.7905078233822427,1.314458190655424,0.9148947285108846,0.5800703803977921,0.19925370062305325,6.345304452025993,0.1265168843775528,6.511371709496107,6.70208137239759,0.5102791532076371,0.6576405059069966,0.9219414035861623,0.9066965200077555,0.8356493068166511,0.6668852263569026,0.6015919888122544,0.5249847623395714,0.35449287871296803,6.54992873233151,0.06336950372233374,6.166215558271859,-0.3106233029790425,5.8115981074969785,5.341561974881341,-1.4600024898961157,4.413777698557125,-2.452249561865888,3.3883591467399747,2.8721012597563935,2.603614044090742,2.4871667692127275,2.320988197058852,2.034866511441223,1.7093697657213682,7.670024904722009,1.0934500742949027,0.9872677283667264,7.243691009299414,0.9748085735348745,0.8235329585896639,0.5979490544720234,0.5803215161908067,0.49026398081744627,0.4244500899187898,0.4256741012610312,0.32757121998094885,6.362204041309713,-0.30292626923641297,5.722658944168234,5.521755190522439,5.2971037637675105,4.965039850713741,4.7324590413608885,4.56083334751526,4.574538766156518,4.787126976136462,4.92775318518323,4.923308717451724,4.962477069730047,4.898662357553486,4.813450473021385,4.836406691155553,4.827609280812169,4.622394559035544,4.425112981565606,4.003612913580996,3.931036124967396,3.72766828509424,3.485332647480408,3.2514368373922813,2.968535682986673,2.9178766417417723,2.860901108287372,2.7233590239242567,2.3531499609582123,2.0339714863295817,1.8121389112544557,1.6510049222704368,1.3630624127543176,1.032443379132869,7.065288744578028,6.751536931598638,6.431748814291569,5.978419939037155,5.629987243590643,-0.9553573598287527,5.0776611096451605,5.02139098733165,-1.3617712156191353,4.783485421420882,4.644804477262204
1.2109999999999774,0.17815291033192843,-0.1802930921071797,4.545373965398273,4.386293916758585,4.261782076355231,4.071859769652122,3.6984450689616635,3.3911876732302155,3.1506897793568753,9.004542980388356,2.2100337938863124,1.7949618669472187,1.3176061451993457,0.9166915936910792,0.5805185408081145,0.19832401114139633,6.343073903120639,0.12297083172774159,6.506473633159523,6.695794923619652,0.5026540760773475,0.6487782737860305,0.912029020750937,0.896084075212316,0.8247234791498852,0.6560646287503727,0.5912663651161912,0.5154665887051507,0.3459863442655974,6.542475795589142,0.05690991839515814,6.160565401627411,-0.31569330114631355,5.806879199034185,5.337041196699494,-1.4644063818262114,4.409519930043821,-2.456206273432382,3.3848677644233263,2.869285131513655,2.6015238470679956,2.485812501625638,2.320311240984074,2.0347258025782615,1.7095356916303965,7.670225367052842,1.0934259763060388,0.9868302813740746,7.2427280748008736,0.9733065833177735,0.821577555509414,0.5957232588085316,0.5780874182774396,0.4883140004217415,0.42307545376038774,0.42513067152410805,0.32806049791780145,6.36387585990084,-0.29998490478100776,5.726763685056707,5.526888469771295,5.303107307773718,4.971748399892467,4.739658840550808,4.568331963581512,4.582158827292771,4.794706715414928,4.935142380257837,4.93036942804957,4.969076254671102,4.90467185659245,4.818746055747178,4.840873565425896,4.831140718326694,4.6248798095170525,4.4264930302187055,4.0037878903451825,3.9301537323314752,3.7258259482660065,3.4827156717953383,3.248309551919657,2.9652086807952402,2.9146837311265235,2.8581551867357446,2.721330993384802,2.3520859744309734,2.0339428180955417,1.8130956186180216,1.6528190522947965,1.3655651464643612,1.0353997390305045,7.068435222152567,6.754637790521125,6.434611141612572,5.980898971748454,5.632060462209695,-0.9536371968367073,5.079156271216687,5.022847477024446,-1.3601344727596287,4.785536477294908,4.647486740110833
1.2209999999999763,0.17978118959195516,-0.18368569332180196,4.548867469864997,4.390672304975661,4.267037745264099,4.077893305905336,3.7050767329687524,3.398096419905458,3.157518031853873,9.010900987035948,2.215541372326197,1.7993917947681928,1.320741523326667,0.9184838768128403,0.5809656715460703,0.197392746912553,6.340839802341624,0.11942022059342332,6.5015731891655,6.689513278278771,0.4950453623741415,0.6399471125738245,0.9021627982565797,0.8855284329743023,0.8138586380614687,0.6453011765814191,0.58098634024249,0.5059766228254219,0.33748766953164006,6.535011859122775,0.05042471314242217,6.154882226297515,-0.3207957525440118,5.802135485470171,5.332509393563239,-1.4688056097891793,4.405279202058374,-2.460138371997497,3.381400654502663,2.866485362312019,2.599438087601818,2.4844489717501665,2.319611804825932,2.0345523269950787,1.7096639036032493,7.6703895948175,1.0933732116539148,0.9863761346667612,7.241763152964357,0.9718178959212003,0.8196492093556893,0.5935348592184673,0.5758960051286328,0.4864067089912231,0.4217385436866867,0.4246161284362281,0.32856725189327557,6.36555246257482,-0.2970512728434846,5.730851277069791,5.531998350492729,5.309084092731141,4.978429162715636,4.74683154617135,4.5758050285689125,4.589755110891798,4.80226437628246,4.942510893281133,4.937410514674875,4.975656625152465,4.910663224063181,4.82402436671409,4.845324724407182,4.834659166311947,4.62735641283916,4.4278709121439315,4.003969591229659,3.92928828684041,3.7240113450429337,3.4801362848618447,3.24522701901659,2.961929484555405,2.911536641108464,2.855448128142697,2.7193305461641892,2.3510344157049765,2.033911008319536,1.8140355281367906,1.654605940311568,1.3680339789742004,1.0383201748975475,7.071548302461892,6.757711776975936,6.437456117786489,5.983372589897293,5.634140192905527,-0.9518995598707604,5.0806777473682345,5.024335923256611,-1.358463875303733,4.787618977620629,4.650193582071754
1.2309999999999752,0.18140191473665734,-0.18701450263040129,4.552374244592065,4.395050114249373,4.272277690699863,4.083896410209946,3.7116653906645176,3.4049549502117267,3.164295018640631,9.017212855479539,2.2210129510519767,1.8037975203477288,1.3238638976021564,0.9202709831796503,0.5814112315108612,0.1964596309663791,6.338602239559554,0.11586550159949786,6.496671054640381,6.6832371100017545,0.48745343914161504,0.6311470106061741,0.8923422032463922,0.8750286505223643,0.8030536233793255,0.6345937450159516,0.5707510709997099,0.4965144856679548,0.3289970270727046,6.527537587518498,0.04391490219665884,6.149167167018852,-0.32592964312818223,5.797367659348664,5.327966761866072,-1.4732005035491487,4.401054787694264,-2.464046819103753,3.377956875589129,2.863701265844614,2.5973564457307643,2.4830762638585724,2.318890351029703,2.034346834071013,1.7097552876124429,7.670518444250571,1.0932924619576545,0.9859056979915737,7.240796328121331,0.9703422697374163,0.8177474040210477,0.5913831533795983,0.5737465049553908,0.4845413829753507,0.42043878652778216,0.4241301169596152,0.3290913751768464,6.367233984189231,-0.2941250447400168,5.734922136317196,5.5370852436163265,5.31503445674195,4.98508236709344,4.753977278831457,4.583252579664305,4.597327602139082,4.809799918258095,4.9498586781056835,4.944431940243931,4.982218168173992,4.9166364904621975,4.829285501686752,4.849760344365692,4.838164879916313,4.629824678324058,4.4292469336888125,4.004158244111999,3.9284398541661045,3.722224320964835,3.477594093098496,3.2421886406098133,2.958697374076599,2.9084346476049294,2.852779322634052,2.717357286563953,2.349995187818635,2.033876252477944,1.8149590667042972,1.6563661636198244,1.3704695568653105,1.0412053189793904,7.074628536622024,6.760759309904369,6.440283998350274,5.985840862899189,5.636226323403438,-0.9501447319709002,5.082225105017487,5.025855776019993,-1.35676004838739,4.7897322796916235,4.652924417706378
1.2409999999999741,0.1830149061862208,-0.1902809498608832,4.555893859489193,4.399427144839834,4.2775020031056,4.0898694871648,3.7182117350415815,3.411764115949975,3.1710215813400144,9.02347923253198,2.2264488318838107,1.808178965336049,1.326972863387829,0.922052348842851,0.5818547085145048,0.19552440340718297,6.3363613039596505,0.11230710603272591,6.491767874271195,6.67696705711456,0.47987870661057946,0.6223779467328628,0.8825667145411482,0.8645838130551481,0.7923073114948223,0.6239412448913146,0.5605597403390767,0.4870798089601244,0.3205145824399091,6.520053623412488,0.037381468012312125,6.143421324503077,-0.3310939876897401,5.792576395316651,5.323413495683102,-1.4775913794937972,4.396845984803129,-2.467932545631817,3.3745355149424614,2.8609321751717682,2.5952786090731164,2.4816944580143594,2.318147327819985,2.0341100523653775,1.7098107068031092,7.670612751040863,1.0931843937109886,0.9854193731660622,7.239827684617596,0.968879470655369,0.8158716366393696,0.5892674555923091,0.5716381631346875,0.4827173136327288,0.41917561910654744,0.4236722857583628,0.3296327580466144,6.368920550721528,-0.29120590429027193,5.738976666543683,5.542149550749083,5.320958733216199,4.991708240983687,4.761096162316039,4.590674658385818,4.604876290162131,4.817313303771628,4.957185690790868,4.951433669940617,4.988760873571047,4.922591689411146,4.834529558668736,4.854180601251,4.8416581100915606,4.6322849069351255,4.430621389970583,4.004354065278962,3.927608491618134,3.7204647192757134,3.4750887081610133,3.2391938307899606,2.955511645736194,2.9053770436275594,2.850148174231493,2.715410826798589,2.348968193828238,2.033838739423547,1.8158666506337056,1.6581002876040978,1.3728725154213601,1.0440557941291464,7.077676468706298,6.763780803637189,6.443095036485303,5.9883038597960345,5.638318742770585,-0.9483729932942483,5.0837979155262305,5.027406491551762,-1.3550236087456993,4.791875751497816,4.655678673952947
1.250999999999973,0.18461998989619327,-0.19348642523679777,4.559425896393032,4.4038032058650955,4.282710775600616,4.095812935187014,3.7247164428396715,3.4185247456861356,3.177698536874969,9.02970074582254,2.2318493096134704,1.8125360593472666,1.330068037939486,0.9238274392267434,0.5822956178869686,0.1945868205027253,6.334117083947683,0.10874544664499947,6.486864261755337,6.670703724249953,0.47232153942115457,0.6136398907555857,0.87283582215592,0.8541930326291324,0.7816186139905001,0.6133426214694953,0.5504115565251926,0.4776722349296716,0.312040494510225,6.512560588269004,0.030825362296816233,6.137645766477051,-0.3362878290221245,5.7877623505903,5.3188497867565525,-1.4819785411177506,4.39265211517184,-2.47179645277115,3.371135687618176,2.8581774422347928,2.593204272747702,2.480303630342411,2.3173831697142484,2.0338426902366744,1.709831002077568,7.670673330788265,1.0930496585701999,0.984917554185195,7.238857306738777,0.9674292718235069,0.8140214172327276,0.5871870963616148,0.5695702417875641,0.48093380667681646,0.41794848802199985,0.42324228716910656,0.3301912879687477,6.370612279631766,-0.28829354736594337,5.743015259516706,5.547191664386223,5.326857250860317,4.998307012192809,4.76818832331667,4.598071310364685,4.6124011679388595,4.824804498205171,4.96449188970834,4.958415671286238,4.995284733971124,4.928528857486202,4.839756637665564,4.858585670505522,4.845139103562044,4.63473739146775,4.431994565265538,4.004557259914464,3.926794248561107,3.7187323811250987,3.4726197468458277,3.2362420154364155,2.9523716119387853,2.902363138746646,2.847554100473766,2.713490786862833,2.3479533369516075,2.0337986516972015,1.8167586859973097,1.659808866005107,1.375243478792559,1.0468722138784654,7.080692635760433,6.76677666788163,6.445889482988938,5.990761649222328,5.6404173413873515,-0.9465846211197705,5.085395754730065,5.028987532380876,-1.3532551646976303,4.794048771639317,4.658455789882523
1.260999999999972,0.18621699722499524,-0.19663228034259939,4.562969948677648,4.4081781148517045,4.287904103624303,4.1017271464333405,3.7311801749003304,3.425237645499816,3.1843266784260287,9.035878004671895,2.237214672459138,1.8168687397716454,1.3331490595374944,0.9255957478172685,0.5827335011517268,0.19364665382275406,6.331869667065092,0.10518091842025103,6.481960801181324,6.664447683879599,0.46478228779090464,0.6049328038522533,0.8631490268467152,0.8438554470993467,0.7709864763234777,0.60279685323247,0.5403057523276069,0.4682914160446352,0.30357491580425877,6.505059083130195,0.024247507009628612,6.1318415286929655,-0.341510237112449,5.782926165408235,5.314275824482735,-1.4863622794894098,4.388472523728411,-2.475639412956981,3.3677565356423065,2.8554364373807544,2.591133139289749,2.478903853283519,2.316598298016534,2.033545436443716,1.7098169926673181,7.6707009794537955,1.0928888936394616,0.9844006273284486,7.237885278638935,0.9659914534183461,0.8121962683659835,0.5851414219885489,0.5675420193676218,0.479190181931597,0.41675684943984703,0.42283977717344506,0.3307668497709127,6.372309280211272,-0.2853876814576048,5.747038295398932,5.552211968116137,5.332730333671416,5.004878908191901,4.775253891179108,4.605442585137977,4.619902232206544,4.8322734699251715,4.971777235633376,4.9653779141982985,5.001789744748507,4.9344480340562535,4.844966840463784,4.862975726890334,4.848608102802759,4.637182416736753,4.433366733382763,4.004768022564543,3.925997166810604,3.7170271457578283,3.4701868309967168,3.233332631858884,2.9492766005993936,2.8993922585771705,2.8449965320496062,2.71159679439749,2.346950520698309,2.0337561658225236,1.8176355689535781,1.6614924411859298,1.3775830601621564,1.0496551825130325,7.083677567821201,6.769747307709903,6.448667586246923,5.9932142993732445,5.642522010921506,-0.944779889851296,5.087018202966018,5.030598367367678,-1.351455316140599,4.79625072923223,4.6612552164547925
1.2709999999999708,0.18780576480462224,-0.19971982909005884,4.56652562087655,4.412551697306956,4.293082084605131,4.107612506739251,3.737603576519837,3.4319035997086624,3.190906776347338,9.042011600921091,2.242545202487751,1.821176951584781,1.3362155866505265,0.9273567949110938,0.583167924767884,0.19270368942421598,6.329619139912688,0.1016138993068919,6.477058048344274,6.658199477774475,0.4572612786314689,0.596256638987766,0.8535058396847534,0.833570219110087,0.7604098765621812,0.5923029507185678,0.5302415842333003,0.4589370147534093,0.2951179927864649,6.497549689338544,0.017648795329893392,6.126009615909001,-0.34676030835548755,5.778068463472714,5.309691795900703,-1.490742873701688,4.384306577775605,-2.479462270775043,3.364397227212632,2.852708548898086,2.589064918562374,2.477495195834216,2.3157931212921268,2.033218960729101,1.709769476692483,7.670696473802692,1.092702721753407,0.9838689712672495,7.236911684272303,0.9645658024187539,0.8103957248090532,0.5831297941708131,0.5655527902596957,0.4774857729968795,0.41560016888983636,0.42246441537184115,0.3313593258097567,6.37401165391779,-0.2824880252589954,5.751046143106463,5.557210836819785,5.3385783009370495,5.011424155946808,4.782292997666538,4.612788535951619,4.62737948337142,4.839720190305648,4.97904169182323,4.97232037103911,5.008275903977232,4.940349261129369,4.850160270425082,4.867350944326167,4.852065346025546,4.639620259760378,4.434738158022965,4.0049865375805105,3.925217281008922,3.715348850692962,3.4677895874143716,3.2304651284547607,2.9462259546492513,2.8964637442854237,2.8424749124419844,2.7097284845542635,2.345959648987483,2.033711452584586,1.818497686062172,1.6631515443934068,1.379891861914525,1.0524052951522709,7.086631787938544,6.772693123549402,6.4514295922068445,5.995661877974502,5.644632644304873,-0.9429590710192208,5.088664845097884,5.032238471736868,-1.3496246545542216,4.798481023807286,4.664076416274268
1.2809999999999697,0.18938613441451485,-0.20275034868210506,4.570092528316107,4.416923786311889,4.298244817653296,4.113469395574232,3.7439872777997323,3.4385233715690093,3.1974395790430554,9.048102109717021,2.247841176007133,1.825460647154502,1.3392672971310344,0.9291101264221012,0.5835984789352385,0.19175772708046585,6.3273655880822925,0.0980447509175582,6.472156531999525,6.651959618397224,0.4497588166160157,0.587611341311383,0.8439057816563866,0.8233365351329266,0.74988782417415,0.5818599553987144,0.5202183316800545,0.44960870322559976,0.28666986614873846,6.490032969232777,0.011030092593440443,6.120151002841177,-0.3520371647898533,5.773189852379174,5.3050978856826445,-1.4951205913071455,4.380153666251116,-2.4832658438353996,3.36105695592535,2.8499931825628617,2.5869993276642407,2.476077723772789,2.314968035823984,2.0328639143854756,1.7096892317087826,7.670660571840394,1.0924917517567805,0.9833229571726806,7.235936607328059,0.9631521123859049,0.8086193332067814,0.5811515896125691,0.563601864388496,0.47581992692291436,0.4144779210695519,0.42211586495876424,0.3319685961325235,6.375719494697637,-0.2795943082678938,5.755039160653536,5.562188636864848,5.344401467240035,5.0179429817613785,4.78930577673757,4.620109219573056,4.634832925418987,4.847144633743377,4.986285224083457,4.979243016655009,5.014743212382533,4.9462325832070855,4.855337032294506,4.871711495748527,4.8555110671727775,4.642051189940891,4.4361090931231395,4.0052129795415015,3.924454618981744,3.713697331892459,3.465427647768746,3.227638964381392,2.9432190315629434,2.8935769521151866,2.8399886975832866,2.7078854998599673,2.344980626254258,2.0336646772935634,1.819345414587361,1.6647866960146114,1.3821704758043205,1.055123137832809,7.089555812201028,6.775614511174758,6.454175744352838,5.998104452254037,5.646749135712266,-0.9411224332812173,5.090335270539194,5.033907327104146,-1.3477637630126027,4.800739065202074,4.666918863347401
1.2909999999999686,0.19095795285856437,-0.20572508057089775,4.57367029676024,4.421294222134182,4.303392403275608,4.119298186011961,3.7503318939943693,3.445097703953497,3.203925813805917,9.054150090256783,2.2531028639299713,1.8297197860462253,1.3423038874412658,0.9308553127424402,0.5840247764588796,0.19080857955195882,6.325109096095805,0.09447381919783437,6.467256755057653,6.645728590229906,0.4422751851997432,0.5789968485408437,0.8343483832868237,0.8131536045494799,0.7394193588627681,0.5714669385914326,0.5102352963106219,0.44030616309427634,0.27823067107828997,6.4825094668181045,0.004392237199838364,6.114266635087036,-0.35733995335575885,5.768290924034584,5.300494276126137,-1.499495688737993,4.376013199013345,-2.487050923616656,3.3577349400262357,2.847289761195564,2.584936090833895,2.474651499872257,2.314123426051665,2.032480930805025,1.7095770152421086,7.67059401324131,1.0922565787810272,0.9827629488233598,7.234960131168115,0.961750183248863,0.8068666517563544,0.5792061996432495,0.5616885668369982,0.4741920038940114,0.4133895896543264,0.4217937926988622,0.3325945386328904,6.377432889295361,-0.27670627040278417,5.759017695484361,5.5671457262949,5.350200142468024,5.02443561113302,4.796292364338028,4.627404696113017,4.642262565825066,4.854546777665693,4.99350780082317,4.986145828406947,5.021191673291035,4.952098047146081,4.860497232021891,4.876057552976029,4.858945495917931,4.644475469241768,4.437479783187722,4.005447513657484,3.9237092020768163,3.712072423920229,3.4631006485140383,3.2248536092424036,2.940255202905728,2.8907312529324978,2.837537355521085,2.7060674900804895,2.344013357545652,2.0336160000342005,1.8201791227902464,1.666398405828244,1.384419483126255,1.0578092875953027,7.092450149764487,6.77851186170185,6.456906283681697,6.000542088915444,5.648871380542435,-0.9392702424222479,5.092029073273699,5.035604421496761,-1.3458732162045437,4.80302427344761,4.6697820428410655
1.3009999999999675,0.19252107184521308,-0.20864523140738675,4.577258562066204,4.425662851860044,4.30852494311129,4.12509924471407,3.7566380258550196,3.45162732000627,3.210366187619664,9.060156086493244,2.258330532111561,1.8339543348274094,1.3453250719086784,0.9325919476554553,0.5844464516701099,0.18985607189606996,6.32284974735113,0.09090143506552861,6.462359195723891,6.639506851040371,0.4348106475955394,0.5704130913334319,0.8248331842859516,0.8030206587765316,0.729003549450855,0.5611230004154688,0.5002918012475475,0.43102908520015476,0.269800537510663,6.474979708411582,-0.0022639585097595735,6.1083574300218455,-0.3626678451737626,5.763372255065028,5.295881147148313,-1.5038684117114234,4.371884606151751,-2.490818276281732,3.354430421685361,2.8445977242281533,2.5828749393512274,2.4732165841010896,2.3132596649934793,2.03207062601263,1.7094335653108157,7.670497519770267,1.0919977845177107,0.9821893027134128,7.233982338767865,0.9603598210957355,0.8051372498921822,0.5772930298452593,0.5598122374743681,0.4726013769208613,0.41233466711295486,0.4214978689039707,0.33323702920112874,6.379151917551399,-0.2738236616345719,5.762982084792812,5.5720824550138515,5.355974631827468,5.030902268619785,4.8032528982057,4.634675028855838,4.649668415467674,4.861926602531505,5.000709393100102,4.9930287861931495,5.027621292579822,4.957945702026828,4.865640976595666,4.880389286590993,4.86236885767246,4.646893352361549,4.438850463606871,4.0056902961537775,3.9229810454856264,3.7104739600921004,3.460808230806185,3.2221085427873204,2.937333853899958,2.887926031788093,2.8351203660941278,2.7042741120848217,2.3430577486067934,2.0335655759019335,1.8209991702101935,1.6679871732508547,1.3866394548850856,1.060464312574235,7.095315302883735,6.781385561583875,6.459621448680514,6.002974854113153,5.650999275400815,-0.9374027613541382,5.093745851873286,5.037329249368228,-1.3439535804610967,4.805336078649915,4.672665450842865
1.3109999999999664,0.1940753478706038,-0.21151197398002777,4.580856969851299,4.430029529044287,4.313642539687419,4.130872931926313,3.7629062599700926,3.4581129237764294,3.2167613879269745,9.066120627803894,2.2635244416631384,1.8381642668717022,1.3483305820096434,0.9343196472979525,0.5848631594006757,0.18890004081382505,6.320587624074497,0.08732791502197942,6.4574643085848535,6.633294833090332,0.42736544770681806,0.5618599936441937,0.8153597332146902,0.7929369504312861,0.7186394928091414,0.5508272687789262,0.4903871903884516,0.4217771693381781,0.26137959036871394,6.467444203263456,-0.00893770740323414,6.102424277667942,-0.36802003484393025,5.75843440721285,5.291258676281955,-1.50823899562073,4.3677673373208625,-2.4945686434663457,3.351142666294501,2.841916527281267,2.580815611436473,2.471773033812355,2.3123771146525414,2.0316335991831163,1.7092596009358527,7.6703717956965916,1.0917159374886296,0.9816023681604458,7.233003312659828,0.9589808379703381,0.8034307079781693,0.5754114996904348,0.5579722305932061,0.47104743154126977,0.41131265452891563,0.42122776741079226,0.3338959418687003,6.380876652688188,-0.27094624163263187,5.766932655830553,5.576999164965863,5.361725235861681,5.037343177718239,4.810187517687206,4.64192028409785,4.657050488539765,4.86928409182613,5.007889974656273,4.999891872464511,5.034032078624617,4.963775599028835,4.870768373888244,4.884706865831493,4.8657813735984465,4.649305086904317,4.440221360962476,4.0059414746380595,3.9222701585490323,3.7089017726172364,3.4585500404227236,3.2194032546237374,2.9344543830095864,2.885160687496669,2.8327372206182093,2.702505029709427,2.3421137059582158,2.033513555226426,1.821805907935866,1.6695534875778233,1.388830951965449,1.0630887720903446,7.0981517669471765,6.784235992609518,6.462321475305946,6.0054028134293125,5.653132718083869,-0.9355202501149382,5.095485209513301,5.039081311607487,-1.342005413789914,4.807673920867227,4.675568594123571
1.3209999999999653,0.19562064210472513,-0.21432644814067847,4.584465175170304,4.434394113377777,4.318745296192824,4.136619601486054,3.769137169101092,3.464555200830351,3.2231120833644367,9.072044229625046,2.268684849242452,1.8423495621632926,1.351320165680372,0.936038049169393,0.5852745740074682,0.18794033403146632,6.318322807278715,0.08375356173678931,6.4525725256452215,6.627092944288032,0.41993981101945055,0.55333747307154,0.8059275871704306,0.7829017525346237,0.7083263128277373,0.5405788984037957,0.4805208277215388,0.41255012400691066,0.25296794978833187,6.459903444155282,-0.01562824673583323,6.096468041537907,-0.37339573976485874,5.753477927723757,5.286627038673561,-1.512607665912652,4.363660861097056,-2.498302743041273,3.3478709617863753,2.839245641751356,2.5787578521471275,2.4703209039219662,2.31147612640738,2.0311704331430396,1.7090558226388664,7.670217528200732,1.0914115933125403,0.9810024874134431,7.232023134880143,0.9576130516743105,0.8017466170072918,0.5735610421851242,0.5561679145558964,0.4695295655290252,0.4103230614268236,0.42098316555909476,0.3345711489474038,6.382607161585211,-0.26807377942452815,5.770869726204165,5.581896190310971,5.367452250472708,5.0437585607514075,4.817096363566261,4.649140530993372,4.664408802462864,4.876619232050443,5.0150495219449995,5.006735072233299,5.040424042247202,4.969587791312117,4.875879532512272,4.8890104584940515,4.869183260626523,4.651710913546873,4.441592693322493,4.0062011884507625,3.9215765450477216,3.7073556927314932,3.4563257276849266,3.216737243941371,2.931616201541788,2.882434632232158,2.8303874215816114,2.7007599136232034,2.3411811369649422,2.033460083783238,1.8225996788662397,1.6710978282190483,1.3909945253012235,1.0656832167453616,7.100960030514215,6.787063531903299,6.4650065969652,6.007826031852347,5.655271607564866,-0.9336229658682708,5.097246753985207,5.0408601155427295,-1.3400292659158768,4.810037249983436,4.678490989902099
1.3309999999999642,0.19715682028049727,-0.21708976171602534,4.588082842203423,4.438756470371469,4.3238333162693054,4.142339600840045,3.7753313125139893,3.4709548188435164,3.2294189244660556,9.07792739405326,2.2738120073231567,1.8465102071019468,1.3542935866540367,0.9377468111857395,0.5856803884450162,0.18697680971489963,6.316055376726923,0.0801786646072975,6.447684257316956,6.620901569288234,0.41253394545462324,0.544845441190486,0.7965363114902165,0.7729143577503782,0.6980631594287794,0.5303770698847905,0.4706920966610583,0.40334766616110734,0.24456573133163986,6.452357907975631,-0.02233483735546452,6.090489559452212,-0.3787941994720243,5.74850334972415,5.281986407083356,-1.5169746384513825,4.359564664357256,-2.502021269849417,3.344614617974957,2.836584554407566,2.576701413273131,2.4688602470766545,2.3105570413877397,2.0306816948574116,1.7088229129284374,7.670035387773436,1.0910852949683911,0.9803899957605041,7.23104188691783,0.9562562855746131,0.8000845783083923,0.5717411035237501,0.5543986714498483,0.46804718861062666,0.4093654056038566,0.42076374417029666,0.3352625211631964,6.384343505043376,-0.2652060530687695,5.774793604161852,5.58677385759657,5.373155966946708,5.050148638766185,4.823979577902586,4.656335841407886,4.671743377801655,4.883932012704883,5.0221880141499975,5.013558373075767,5.046797196662238,4.975382333904575,4.880974561687043,4.893300230846237,4.872574731478599,4.654111066202633,4.442964670524088,4.006469568999735,3.9209002034783413,3.7058355508231706,3.454134947382074,3.214110019247338,2.9288187332648126,2.8797472911382505,2.8280704823497738,2.699038441193273,2.340259949897994,2.0334053029943178,1.8233808179619722,1.6726206649293298,1.3931307160441344,1.0682481885187505,7.103740575355281,6.789868551928076,6.467677044498792,6.010244573757132,5.657415843980908,-0.9317111629028423,5.099030097706599,5.042665174940178,-1.338025678327515,4.81242552557826,4.68143216561324
1.340999999999963,0.19868375258573828,-0.21980299140317028,4.591709643954539,4.443116471056315,4.328906703819118,4.148033271071546,3.7814892363057218,3.4773124281724606,3.2356825443367123,9.083770610415765,2.278906164444475,1.8506461943091375,1.3572506238230986,0.9394456107757968,0.586080313383254,0.18600933591518806,6.313785410901444,0.07660350029403296,6.4427998933634365,6.614721070542113,0.40514804218436534,0.5363838038737889,0.7871854794704359,0.7629740776587628,0.6878492076185275,0.5202209887814037,0.4609003994024155,0.3941695209677763,0.23617304618837914,6.444808056274157,-0.02905676293419892,6.084489644332012,-0.3842146749949381,5.743511192589008,5.277336951887237,-1.521340119869666,4.355478251678755,-2.5057248964186334,3.341372965916073,2.833932766998179,2.574646053230625,2.467391113812232,2.309620190836163,2.030167935901804,1.7085615367746072,7.669826028607413,1.090737573054988,0.979765221636344,7.230059649666768,0.9549103684163301,0.7984442032601028,0.5699511427507158,0.5526638967514221,0.4665997221896141,0.4084392129659124,0.4205691875263241,0.33596992778481655,6.386085738039173,-0.26234284934000457,5.778704588870177,5.591632485924959,5.378836671982596,5.056513631439556,4.830837303880855,4.663506289777976,4.679054238179537,4.891222426268751,5.029305433197181,5.020361765129173,5.053151557423644,4.981159283594931,4.886053571114427,4.897576347548473,4.875955994694986,4.656505772182254,4.444337494446176,4.006746740080006,3.920241127316075,3.7043411765515875,3.451977358697773,3.2115210981120685,2.9260614140412264,2.877098101953455,2.8257859268789054,2.697340296351766,2.339350053988937,2.0333493501179354,1.8241496524874798,1.6741224580334355,1.3952400557313498,1.0707842208661837,7.106493876494357,6.792651420489758,6.470333046165115,6.012658502886747,5.659565328621076,-0.9297850926322667,5.100834857728544,5.044496009998026,-1.335995184328758,4.814838216794675,4.684391658678445
1.350999999999962,0.20020131355794848,-0.2224671836482548,4.595345261959538,4.447473991698291,4.333965562827704,4.153700946935909,3.7876114737255793,3.483628662407462,3.241903559296919,9.089574355811639,2.283967565442493,1.8547575224356425,1.360191070625879,0.9411341440180033,0.5864740763681884,0.18503779004336773,6.3115129869773705,0.07302833323331476,6.437919803800757,6.608551789299517,0.39778227641140973,0.5279524616012605,0.7778746721018767,0.7530802420621815,0.6776836565772417,0.5101098847421268,0.4511451562966059,0.3850154215660055,0.22779000136614314,6.437254335794808,-0.03579332922523394,6.078469084967709,-0.3896564482326003,5.738501962300593,5.272678841080614,-1.525704307907396,4.35140114475936,-2.509414273651252,3.338145357287579,2.8312897958664274,2.572591536954562,2.4659135527027214,2.3086658964559326,2.0296296929202207,1.7082723420718668,7.669590088981522,1.0903689460470187,0.9791284867294826,7.2290765033803215,0.9535751341407062,0.7968251130117947,0.5681906314305061,0.5509629989983307,0.46518659907824805,0.40754401736826995,0.42039918334863624,0.33669323674733875,6.387833909969009,-0.2594839634260929,5.782602970681339,5.596472387117083,5.384494647723687,5.062853756993095,4.837669685669026,4.670651952977679,4.686341410195218,4.898490468175225,5.036401763759797,5.027145241083718,5.059487142370636,4.98691869883095,4.891116670863719,4.901838971584419,4.879327254665472,4.658895252351058,4.44571135927177,4.007032818179368,3.919599305264409,3.7028723989588963,3.449852625138217,3.2089700069252833,2.92334369147575,2.8744865146500214,2.8235332894382323,2.6956651694637976,2.3384513594780065,2.0332923584286675,1.8249065022440778,1.6756036586458691,1.3973230664518441,1.0732918388194936,7.109220402253858,6.79541250074417,6.472974827626851,6.015067882335782,5.661719963915548,-0.9278450035953336,5.102660655740279,5.046352147335801,-1.3339383090955819,4.817274802204032,4.687369016279869
1.360999999999961,0.20170938198184893,-0.22508335550722341,4.59898938600447,4.45182891352788,4.339009997200747,4.159342956903818,3.793698545491278,3.489904138906562,3.2480825695001743,9.095339095625258,2.2889964516643526,1.8588441959709379,1.363114734456464,0.9428121248157368,0.5868614210232258,0.18406205837296405,6.309238180800529,0.06945341612810278,6.433044339758343,6.602394046565891,0.3904368081149727,0.5195513097575359,0.7686034778190947,0.7432321983217708,0.6675657287852609,0.5000430106597905,0.4414258052436191,0.3758851088307893,0.2194166998700941,6.429697178988937,-0.042543863344576306,6.072428646763941,-0.3951188213467671,5.733476151798218,5.268012240284129,-1.5300673917381202,4.347332881857153,-2.5130900314911466,3.33493116378843,2.8286551715754777,2.5705376357904552,2.464427610500826,2.3076944707459246,2.029067488069157,1.7079559600907945,7.66932819163746,1.0899799205473797,0.9784801060890486,7.228092527628537,0.9522504217083341,0.7952269382114612,0.5664590533258415,0.5492953994703121,0.46380726323629723,0.40667936046054093,0.42025342277733096,0.33743231477079305,6.3895880648841015,-0.25662919863651545,5.78648903139141,5.601293865872622,5.390130171792108,5.0691692321151836,4.844476868285503,4.677772910190878,4.693604923340332,4.905736136782511,5.043476993257445,5.033908796169842,5.065803971573568,4.992660639622643,4.896163971264826,4.906088264199297,4.882688711664001,4.66127972128326,4.447086451740658,4.007327912770571,3.918974721492776,3.7014290465755053,3.447760414462299,3.2064562806615147,2.920665024576955,2.871911991086078,2.8213121143405977,2.6940127571967762,2.3375637776563276,2.033234457387985,1.8256516797945168,1.6770647088853747,1.3993802610113397,1.0757715590878694,7.111920614301726,6.798152151206102,6.4756026119392365,6.017472774535109,5.663879653425572,-0.9258911414568302,5.104507118071289,5.048233119979385,-1.3318555697371384,4.819734769669311,4.6903637951378645
1.3709999999999598,0.20320784078960724,-0.22765249548800937,4.602641713853327,4.456181122483318,4.3440401106146265,4.164959623211414,3.7997509600995394,3.4961394593115114,3.25422015952413,9.101065284013579,2.2939930611665265,1.8629062250546748,1.366021436097052,0.9444792841092969,0.587242106289049,0.1830820355686815,6.306961066869487,0.06587899041814034,6.428173834300898,6.596248144016064,0.383111782763964,0.5111802389185923,0.7593714922631132,0.7334293107231009,0.6574946691837531,0.490019641857004,0.43174180110444454,0.36677833114105574,0.2110532408727616,6.422137004509021,-0.04930771307670869,6.06636907246163,-0.4006011161725509,5.728434241319353,5.263337312751154,-1.5344295522838522,4.343273017249135,-2.5167527795692037,3.33172977655598,2.826028438542412,2.5684841273854717,2.4629333322702656,2.30670621732289,2.0284818294482374,1.7076130059185224,7.669040944148998,1.0895709915357445,0.9778203882311326,7.227107801257846,0.9509360749274114,0.7936493187404228,0.5647559040837371,0.547660531877875,0.4624611695167021,0.4058447915357128,0.42013160035025454,0.3381870274739839,6.391348241716303,-0.2537783661216223,5.790363044489947,5.606097219926568,5.395743517325746,5.075460271890461,4.851258997474569,4.684869242789413,4.700844809918136,4.912959433341496,5.050531111849527,5.0406524281413,5.07210206727969,4.998385167450216,4.901195582809274,4.910324384845606,4.886040561886618,4.663659387413064,4.448462951392802,4.0076321265907655,3.9183673558627286,3.700010947519469,3.4457003986134818,3.2039794626546647,2.9180248834321167,2.8693740046703877,2.8191219556811404,2.6923827623911656,2.3366872209027028,2.0331757728059663,1.826385490679244,1.6785060420842137,1.4014121430956534,1.078223890160077,7.114594967700612,6.800870725760458,6.478216619540188,6.019873241238098,5.666044301834183,-0.9239237490090121,5.106373875690797,5.050138467341915,-1.3297474753609861,4.82221761620687,4.693375561292081
1.3809999999999587,0.20469657696368565,-0.23017556437361184,4.606301950985165,4.460530508966997,4.349056006379435,4.170551261916616,3.805769214131045,3.5023352100462124,3.260316898936774,9.10675336436865,2.298957628898275,1.8669436252904972,1.368911009171892,0.9461353691228265,0.5876159057000505,0.18209762423983114,6.304681718321309,0.062305286730371175,6.423308603213556,6.5901143648669755,0.37580733199907096,0.5028391351273082,0.7501783180565539,0.7236709598695656,0.6474697443686893,0.4800390753006956,0.42209261513129653,0.3576948441520599,0.20269971987448918,6.414574217683752,-0.05608424620351443,6.060291082837744,-0.40610267364588915,5.723376698732271,5.258654219377051,-1.5387909625185685,4.3392211207080935,-2.520403107827971,3.3285406056008857,2.823409154681011,2.5664307955791155,2.4614307615104036,2.3057014312316753,2.027873211517811,1.7072440788882295,7.668728939283778,1.0891426426133397,0.977149635244623,7.226122402353215,0.9496319422869806,0.7920919034547563,0.5630806909293188,0.5460578420589149,0.4611477834178901,0.40503986738309616,0.42003341398204724,0.33895723948364365,6.393114474495227,-0.25093128460223535,5.794225275401372,5.61088274020239,5.4013349530175345,5.081727089736039,4.858016219589618,4.6919410342166294,4.708061104963316,4.920160361960233,5.057564112423587,5.047376137254428,5.078381453858884,5.004092345176473,4.906211616058504,4.914547491135688,4.889382997492306,4.666034453182649,4.449841030802897,4.007945555908844,3.917777184143263,3.6986179295901858,3.443672253653356,3.201539104381145,2.915422748894574,2.866872040039157,2.8169623770837857,2.6907748939328346,2.3358216027153977,2.0331164269946465,1.8271082336247058,1.6799280829922763,1.4034192074323033,1.0806493324075104,7.117243910958996,6.8035685736755,6.480817068242273,6.022269343508227,5.668213814937568,-0.9219430661738036,5.108260564204714,5.052067735200791,-1.3276145271420519,4.8247228478470605,4.696403889886325
1.3909999999999576,0.20617548144224196,-0.23265349602566326,4.609969810340352,4.464876967614401,4.354057787313786,4.176118182960992,3.8117537925496516,3.5084919627982227,3.2663733428387154,9.112403769756678,2.3038903868713185,1.87095641756242,1.371783299621993,0.9477801426445197,0.5879826066954434,0.18110873451714468,6.302400206920777,0.058732525310561695,6.418448945752072,6.583992974711293,0.3685235742850912,0.49452788015836713,0.7410235645903611,0.7139565421020682,0.6374902418166422,0.4701006288447792,0.41247773441566166,0.34863441057228345,0.19435622885506926,6.407009210975143,-0.06287284985574554,6.054195377383325,-0.41162285324743175,5.7183039798604565,5.253963118710115,-1.5431517877607732,4.3351767769970335,-2.5240415871262396,3.325363079259017,2.820796891053144,2.564377430293678,2.459919940273598,2.304680399243853,2.027242115503893,1.706849762997859,7.668392755357716,1.088695346243883,0.976468142896463,7.225136408202643,0.9483378767950632,0.790554349933329,0.5614329323672469,0.5444867876830118,0.45986658084252796,0.4042641521450022,0.41995856494307116,0.33974281453905697,6.394886792557006,-0.24808778010915636,5.798075981718482,5.6156507109619325,5.406904743156854,5.087969897344022,4.86474868148368,4.698988369876026,4.715253846162897,4.927338929565606,5.064575990579037,5.054079926243942,5.084642157749524,5.009782236963477,4.911212181559034,4.918757738800644,4.8927162066464716,4.6684051151871,4.451220855806473,4.0082682907813325,3.9172041782158598,3.6972498203567143,3.441675659696796,3.1991347652511486,2.9128581122829766,2.864405592744344,2.8148329514552812,2.6891888666270662,2.334966837739332,2.033056538913443,1.827820200743996,1.6813312479760876,1.4054019399502462,1.0830483781878832,7.119867886084126,6.806246039618131,6.483404173226499,6.0246611417080045,5.670388099636974,-0.9199493300057878,5.110166823850099,5.0540204756710105,-1.325457218394984,4.827249979494023,4.699448364957262
1.4009999999999565,0.2076444490270187,-0.2350871981682296,4.613645012075676,4.46922039707497,4.359045555630618,4.181660690236553,3.8177051689957735,3.5146102749838763,3.27239003238268,9.118016923334967,2.3087915643166825,1.87494462785396,1.374638165199816,0.9494133823385509,0.5883420099632766,0.1801152836517018,6.300116603052795,0.05516091643700644,6.413595145359723,6.577884222313804,0.3612606155348258,0.4862463517728005,0.7319068478213464,0.70428546894369,0.6275554691410812,0.460203640499995,0.4028966613537648,0.33959679994495245,0.18602285641707214,6.399442364418366,-0.06967292988633268,6.048082634960469,-0.4171610324624053,5.713216528798993,5.249264166964117,-1.5475121859554946,4.331139585380557,-2.5276687698242872,3.3221966436598023,2.818191231528602,2.5623238274246427,2.458400909275683,2.3036434001452313,2.02658900979082,1.706430627318259,7.668032956582087,1.0882295639906683,0.9757762007362704,7.224149895263956,0.9470537358215988,0.7890363242323362,0.5598121578906006,0.5429468379632146,0.4586170478625041,0.4035172171769858,0.41990675783816983,0.3405436155922904,6.396665220745019,-0.2452476857321465,5.80191541342843,5.620401409952107,5.412453147672878,5.094188904629934,4.87145653040683,4.706011337024794,4.722423073778302,4.934495145862443,5.071566744606648,5.060763800295622,5.090884207404508,5.015454908193222,4.916197389764014,4.922955281655143,4.896040373566752,4.670771564316307,4.452602585717911,4.008600415297344,3.9166483062697934,3.6959064472410077,3.43971030084865,3.1967660124076587,2.9103304750918437,2.861974168952972,2.8127332607465467,2.6876244010743298,2.3341228417890383,2.0329962243071176,1.8285216777301474,1.6827159452127853,1.4073608179376416,1.0854215119493957,7.122467328636672,6.808903463671143,6.48597814703791,6.027048695489196,5.672567063931094,-0.9179427746960434,5.112092299487197,5.055996247175043,-1.323276034649573,4.829798534784974,4.70250857922709
1.4109999999999554,0.20910337829365036,-0.23747755315169006,4.617327283328083,4.473560699804355,4.364019412833337,4.187179081656955,3.823623806073877,3.520690690197547,3.278367495271203,9.123593238747869,2.313661387829606,1.87890828707019,1.377475474983188,0.951034880087237,0.5886939288156746,0.17911719563477102,6.297830975717731,0.05159066081714809,6.408747470352546,6.571788340372322,0.3540185497057869,0.4779944239624738,0.7228277900798369,0.6946571665681038,0.6176647533778874,0.450347467729996,0.3933489131290431,0.33058178843426167,0.17769968792135135,6.391874046044965,-0.07648391026484641,6.041953514438804,-0.4227166062560253,5.708114778223105,5.244557518032392,-1.55187230794607,4.327109159152576,-2.531285190350464,3.319040762210454,2.8155917724531694,2.5602697887312096,2.4568737079999603,2.3025907050126726,2.0259143503019805,1.70598722639095,7.667650093403302,1.0877457467497615,0.9750740922002646,7.223162939133828,0.9457793809460948,0.7875375006462196,0.5582179076970709,0.5414374733751294,0.4573986804899446,0.4027986409115011,0.4198777005852216,0.3413595049041617,6.3984497796028945,-0.24241084137797553,5.805743813131486,5.625135108548526,5.417980422179668,5.100384319686673,4.878139913910034,4.713010024671952,4.729568830568566,4.94162902329039,5.078536375464241,5.067427767016201,5.0971076332375445,5.021110425392119,4.921167350960765,4.92714027156767,4.899355678570915,4.673133985893902,4.453986373540719,4.008942007813183,3.9161095329882203,3.6945876375963396,3.4377758651418944,3.1944324205327908,2.907839348712877,2.8595772851569596,2.8106628957210797,2.6860812235478724,2.333289531867749,2.0329355958366726,1.8292129440423504,1.684082574879144,1.409296310197546,1.08776921033522,7.125042667786913,6.811541181352401,6.488539199582948,6.029432063784258,5.674750616908843,-0.9159236315768667,5.114036640589122,5.0579946144094485,-1.3210714537289376,4.832368045949249,4.705584133900232
1.4209999999999543,0.2105521715043254,-0.23982541869663895,4.621016357986789,4.4778977818675045,4.368979459621576,4.192673649232561,3.8295101556340336,3.5267337386455897,3.2843062462335193,9.129133120502887,2.3185000815033585,1.8828474308628556,1.3802951089077042,0.9526444413620286,0.5890381885937227,0.17811440083743452,6.2955433925294715,0.048021949967898304,6.403906174574411,6.5657055462448,0.3467974593709136,0.4697719671848141,0.713786019886763,0.685071075290561,0.6078174402988679,0.4405314867727789,0.38383402121121213,0.3215891586163736,0.16938680561518005,6.384304612290066,-0.08330523249243418,6.035808655312081,-0.428288986564038,5.702999149689074,5.239843323503375,-1.556232297736063,4.323085125179816,-2.5348913657497842,3.3158949150955497,2.8129981223247724,2.5582151217270837,2.4553383747950472,2.3015225774806547,2.025218580868962,1.7055201006157261,7.667244702835507,1.0872443349793053,0.974362094714453,7.222175614518934,0.9445146778098945,0.7860575614748577,0.5566497324123172,0.5399581853831242,0.45621098445406916,0.4021080087248259,0.41987110439345376,0.3421903441360833,6.400240485560111,-0.23957709353715087,5.809561416252909,5.629852071896117,5.423486818022865,5.1065563487436005,4.88479897975508,4.7199845234808615,4.736691161714732,4.948740576978759,5.085484886748909,5.074071836400728,5.103312467569772,5.026748856159079,4.926122175203923,4.931312858435841,4.902662298126578,4.67549255981325,4.455372366170424,4.0092931411771096,3.9155878197255274,3.6932932187811933,3.435872044477194,3.1921335716611225,2.905384254166531,2.8572144678929967,2.808621455730192,2.6845590658731933,2.332466826182905,2.0328747632035697,1.8298942730853724,1.6854315293357385,1.411208877201463,1.0900919422881634,7.127594326372415,6.814159523635863,6.491087538128541,6.031811304798956,5.67693866874247,-0.91389212912741,5.1159995012292425,5.060015148308438,-1.3188439458301826,4.834958053667345,4.708674638464102
1.4309999999999532,0.21199073452273345,-0.2421316286178479,4.624711976473504,4.4822315527520855,4.373925795805982,4.1981446791489025,3.835364659047516,3.532739937565461,3.2902067874825645,9.134636964328033,2.323307867052736,1.8867620994586733,1.3830969573169234,0.9542418846219813,0.5893746261004991,0.17710683566893193,6.2932539197159665,0.04445496658040688,6.399071498023387,6.559636042644223,0.33959741626443596,0.4615788485880763,0.7047811717795724,0.6755266490803478,0.5980128937521038,0.4307550919865796,0.3743515308715065,0.3126186992752382,0.1610842887534473,6.376734408384229,-0.09013635503657169,6.029648678295448,-0.43387760179798185,5.697870053927666,5.235121732677531,-1.5605922927416631,4.3190671234605285,-2.5384877962151466,3.3127585987914676,2.810409901477515,2.556159639571661,2.4537949469669242,2.3004392739979598,2.024502133589482,1.7050297766282985,7.666817308786023,1.0867257589249222,0.9736404797970224,7.221187995209203,0.9432594959729687,0.7845961967969052,0.5551071928203338,0.5385084761734762,0.45505347498370774,0.40144491280712064,0.419886683741491,0.34303599443791033,6.402037351110479,-0.23674629505896133,5.813368451248191,5.634552559046844,5.4289725823277974,5.112705196130454,4.891433875830212,4.726934925675894,4.743790114745416,4.955829824699638,5.092412284666142,5.080696020797706,5.109498744576775,5.032370269097051,4.931061972253823,4.935473190166357,4.90596040490255,4.67784746067057,4.4567607045903666,4.009653882944712,3.915083124676399,3.692023018228862,3.433998534563799,3.1898690549996536,2.9029647218433348,2.8548852534720632,2.8066085484948555,2.68305766530945,2.3316546441584034,2.0328138332676464,1.8305659323824484,1.6867631933063327,1.4130989712406845,1.0923901691553772,7.130122720957009,6.816758816974399,6.493623367302866,6.034186476006105,5.679131130680937,-0.911848492980256,5.11798054006636,5.062057426004584,-1.316593973607273,4.837568106930205,4.711779710493999
1.440999999999952,0.21341897673123633,-0.24439699352838398,4.628413885530564,4.48656192519172,4.3788585202314385,4.203592451848105,3.841187747476415,3.538709791630524,3.2960696091529855,9.140105157511384,2.3280849639279677,1.890652337490915,1.3858809205296696,0.9558270407384456,0.5897030890608417,0.17609444225271953,6.2909626221220405,0.04088988486998136,6.394243667450754,6.553580018302804,0.3324184818039776,0.4534149322274451,0.6958128861463968,0.6660233550936653,0.5882504950280126,0.42101769521938015,0.3649010007136758,0.3036702052032652,0.15279221371332158,6.369163768730511,-0.09697675278498312,6.0234741859039564,-0.4394818963647727,5.692727891130283,5.23039289258557,-1.564952424034876,4.315054806697901,-2.5420749656017914,3.3096313255951935,2.8078267417734346,2.5541031609617435,2.4522434608654975,2.2993410440749,2.023765429174415,1.7045167676681838,7.666368422373731,1.0861904388412096,0.9729095131598978,7.220200154053051,0.9420137087751332,0.78315310424917,0.5535898596006833,0.5370878583942821,0.4539256765952986,0.400808952035495,0.4199241563551176,0.34389631653192515,6.40384038498377,-0.23391830493448845,5.817165139801949,5.639236823094576,5.434437958048871,5.118831064245746,4.898044750071134,4.733861324953056,4.750865739463587,4.9628967868194325,5.099318577996135,5.0873003348722285,5.1156665002360375,5.037974733747775,4.935986851519795,4.939621412659271,4.909250167821569,4.680198857895187,4.458151524060715,4.010024295585394,3.914595403037026,3.690776863512978,3.432155034861731,3.1876384667540876,2.900580291254524,2.852589187718142,2.804623789893936,2.6815767644328234,2.330852906443839,2.0327529101590534,1.831228183741889,1.6880779440525893,1.414967036575369,1.0946643447929851,7.132628261891018,6.819339383324311,6.496146889097752,6.036557634140372,5.681327915043512,-0.9097929459289469,5.119979420327754,5.064121030786834,-1.3143219922558613,4.840197762898937,4.714898975462143
1.450999999999951,0.2148368109501961,-0.24662230152405124,4.632121838016678,4.490888814998575,4.383777730708137,4.209017242112863,3.8469798421373014,3.54464379334101,3.3018951897209976,9.145538079223844,2.3328315894197096,1.8945181938343576,1.3886469084237993,0.9573997524447607,0.59002343560651,0.17507716811929488,6.288669563214308,0.03732687091182743,6.38942289693395,6.547537648606889,0.32526070758993425,0.445280079272264,0.6868808090679467,0.6565606732259495,0.5785296422500592,0.41131872520119955,0.35548200222031684,0.29474347700686326,0.14451065410276318,6.361593017267331,-0.10382591651809815,6.017285763012898,-0.44510133020022263,5.687573051227977,5.225656948007895,-1.5693128165778427,4.311047839887642,-2.5456533419255645,3.3065126231670257,2.8052482863018,2.552045510023878,2.4506839519659733,2.29822813052142,2.023008877284253,1.7039815739370503,7.665898542240501,1.0856387852093372,0.9721694548094226,7.219212162934568,0.9407771932015967,0.7817279888119021,0.5520973130724464,0.5356958549019631,0.4528271228862027,0.40019973184996555,0.4199832431847382,0.3447711707930839,6.405649592310783,-0.23109298808725529,5.8209516970207105,5.643905111307217,5.439883184020099,5.124934153529348,4.904631750387045,4.740763816394357,4.757918087874549,4.969941486249099,5.106203778057614,5.093884795567372,5.121815772274901,5.043562320529644,4.940896922008014,4.943757669796236,4.912531752114256,4.682546915877011,4.4595449543009895,4.010404436680364,3.9141246071588633,3.689554582409216,3.4303412485252087,3.185441409961128,2.898230510791545,2.8503258257157644,2.8026668037586075,2.6801161110218885,2.3300615349209974,2.0326920953845597,1.831881283417665,1.6893761515441998,1.4168135095813201,1.0969149156705322,7.135111353372593,6.8219015401714955,6.498658302872657,6.03892483519411,5.6835289352135305,-0.90772570793647,5.121995809790177,5.066205552056056,-1.312028449599839,4.842846586765152,4.718032066550873
1.46099999999995,0.216244153359398,-0.24880831884837687,4.635835592710094,4.49521214090487,4.388683523949993,4.214419319152605,3.8527413545589297,3.550542423401613,3.3076839964068987,9.150936100825975,2.33754795875576,1.8983597214436652,1.391394840035803,0.9589598738098079,0.5903355337854781,0.17405496591489683,6.286374805087999,0.03376608296324552,6.384609388424684,6.5415090962039475,0.31812413588312144,0.4371741482046779,0.6779845921666412,0.6471380956826915,0.5688497497890918,0.4016576269583633,0.34609411931412715,0.28583832091684663,0.13623968086324717,6.354022467817683,-0.11068335239943317,6.011083977400455,-0.45073537831611205,5.682405914163506,5.220914041495177,-1.573673589448586,4.3070458999192605,-2.5492233778455513,3.3034020340867407,2.8026741890857885,2.5499865162074316,2.4491164549453273,2.297100769676462,2.0222328768553157,1.703424682947723,7.665408154855721,1.0850711989507509,0.9714205591461209,7.218224092752554,0.9395498297527402,0.7803205625998806,0.5506291429447434,0.5343319985141951,0.45175735633316927,0.39961686413219194,0.4200636683825261,0.3456604173256525,6.407464974782095,-0.22827021517120005,5.82472833161986,5.648557665256122,5.445308495006614,5.1310146624389885,4.911195024591456,4.747642496385756,4.764947214115132,4.976963948393211,5.11306789866941,5.100449422064033,5.127946600119073,5.049133100678483,4.945792292273663,4.9478821034324145,4.915805319374086,4.6848917940912544,4.460941119666353,4.010794359112566,3.9136706866953226,3.688356002953351,3.428556882347256,3.1832774943265005,2.8959149374940223,2.8480947315660075,2.80073722167274,2.678675457944996,2.329280452707835,2.0326314879285143,1.8325254822641959,1.6906581786245356,1.4186388188944326,1.0991423209751452,7.137572393510063,6.824445600559168,6.501157805360172,6.041288134414137,5.685734105632288,-0.9056469961447027,5.124029380758876,5.068310585278248,-1.3097137861793868,4.845514151612112,4.721178624469992
1.4709999999999488,0.21764092342150856,-0.2509557905383959,4.639554914118923,4.499531824412813,4.39357599551991,4.219798946691488,3.858472686834037,3.5564061510861733,3.3134364855610214,9.156299586159747,2.3422342851900853,1.9021769771952535,1.39412464317564,0.9605072697343313,0.5906392610941645,0.17302779312523614,6.284078408475531,0.0302076717728841,6.379803332273352,6.535494511582924,0.3110088000616381,0.42909699500997517,0.6691238924625192,0.6377551265678829,0.5592102477003252,0.39203386124897177,0.33673694793366465,0.27695454860369695,0.12797936236704083,6.346452424425248,-0.11754858148329501,6.004869380273235,-0.45638353036044704,5.677226850156582,5.216164313389996,-1.5780348560584878,4.303048675190566,-2.5527855111315976,3.3002991154227916,2.8001041147963703,2.547926014178489,2.4475410037541305,2.295959191628908,2.021437816416019,1.7028465698640638,7.664897734814046,1.0844880716369965,0.9706630750635109,7.21723601340137,0.9383315023180329,0.7789305446591741,0.5491849480736829,0.5329958317691023,0.45071592809579875,0.3990599670868889,0.4201651592792525,0.3465639160363552,6.409286530800743,-0.22544986237567527,5.8284952461049295,5.653194720942895,5.450714121757084,5.137072787430382,4.91773472033745,4.754497462538515,4.7719531743841115,4.983964201098067,5.119910956110067,5.106994235739436,5.1340590248417195,5.054687146191108,4.950673070377072,4.951994853391752,4.91907102761324,4.687233647220435,4.462340139317935,4.011194111248919,3.913233588741748,3.6871809534958917,3.426801646705456,3.181146336068441,2.8936331368258084,2.845895478150587,2.798834682779074,2.67725456304969,2.3285095841601495,2.032571184348759,1.833161025885573,1.6919243811719178,1.4204433855527763,1.101346992715312,7.140011774385209,6.8269718731170785,6.503645590672998,6.0436475862994605,5.687943341793007,-0.9035570248848094,5.126079810044737,5.0704357319356035,-1.3073784353403166,4.848200038276813,4.724338297278267
1.4809999999999477,0.219027043807505,-0.25306544105154544,4.6432795722983915,4.503847789652626,4.39845523978143,4.225156383057928,3.864174231865258,3.5622354345898852,3.319153103033839,9.161628891826036,2.346890780084708,1.9059700217326774,1.3968362540562338,0.9620418154689918,0.5909345040314629,0.1719956118134601,6.281780432756654,0.026651780877619432,6.3750049077308875,6.529494033629186,0.3039147250578503,0.421048473358906,0.6602983722355085,0.6284112814892424,0.549610581182035,0.3824469040188132,0.32741009562320367,0.2680919769976584,0.11972976450935373,6.338883181677902,-0.12442113923922697,5.99864250677521,-0.4620452901905391,5.672036219962454,5.211407901849463,-1.5823967243617914,4.299055865234924,-2.556340165117238,3.2972034383141198,2.7975377384732423,2.5458638437146535,2.4459576316839873,2.2948036204304314,2.0206240743934964,1.7022476978319172,7.664367745126449,1.0838897856956868,0.969897246045933,7.216247993753508,0.9371220980539839,0.7775576607694579,0.5477643362255927,0.5316869066905536,0.44970239782485316,0.3985286651258172,0.4202874463607934,0.347481526704156,6.411114255629072,-0.2226318112371908,5.832252636947491,5.657816508923624,5.456100291056861,5.143108722940763,4.9242509850571645,4.761328813613771,4.7789360268738585,4.990942274598989,5.126732969075696,5.113519260124475,5.140153089113172,5.060224529771517,4.955539363843613,4.956096057465372,4.922329031319157,4.689572625273727,4.463742127387432,4.011603737115239,3.9128132579690234,3.686029262753455,3.4250752555088058,3.1790475577663955,2.891384682458744,2.8437276469037185,2.7969588335909865,2.675853189054165,2.327748854871151,2.032511278867759,1.8337881547794403,1.693175108256614,1.4222276231363151,1.1035293558241999,7.142429882117331,6.829480662092138,6.506121850312326,6.046003244599843,5.690156560234868,-0.9014560056885835,5.128146778939619,5.072580599475581,-1.3050228233245131,4.8509038352131615,4.7275107402090555
1.4909999999999466,0.22040244032402154,-0.2551379748739874,4.647009342674804,4.508159963248204,4.403321349856311,4.230491881275345,3.869846373605227,3.5680307213694618,3.324834284530937,9.166924367448567,2.3515176529849713,1.909738919315567,1.3995296169370604,0.9635633961531638,0.5912211576735027,0.17095838837160046,6.2794809359700645,0.023098546887605143,6.3702142834290605,6.523507790155221,0.2968419277763607,0.41302843478225126,0.6515076988936614,0.6191060871794408,0.5400502100550673,0.3728962458769896,0.31811318113628334,0.25925042811363075,0.1114909507956665,6.331315025019132,-0.13130057509262794,5.992403876480524,-0.46772017545855427,5.666834375123991,5.206644942868742,-1.5867592970574063,4.2950671803608484,-2.559887749138516,3.2941145875641844,2.7949747452526434,2.543799849600821,2.4443663714308217,2.2936342743005733,2.0197920194108767,1.7016285183013378,7.663818637504694,1.083276714612625,0.9691233102653645,7.215260101643822,0.9359215072660372,0.7762016432517662,0.5463669238463916,0.5304047845594063,0.4487163334752705,0.3980225887542604,0.4204302632443141,0.3484131090467908,6.412948141529986,-0.2198159484576312,5.836000694755817,5.662423254430594,5.4614672257817745,5.149122661375576,4.930743965905227,4.768136649450222,4.785895831703198,4.997898201466966,5.1335339586363,5.120024520860073,5.146228837151308,5.065745324779606,4.960391279627083,4.960185851412795,4.925579481511658,4.691908873703705,4.465147193136204,4.012023276564181,3.912409636751136,3.684900759857067,3.423377426145619,3.176980788214686,2.8891691560637955,2.841590827591427,2.79510932780967,2.6744711034407653,2.3269981916691154,2.0324518634592175,1.834407104475742,1.6944107022936645,1.4239919379042418,1.1056898282624383,7.144827096928084,6.831972267380367,6.508586773177567,6.048355162315203,5.6923736785370656,-0.899344147300715,5.1302299731899925,5.0747448012581415,-1.302647369361293,4.853625138356352,4.7306956155000215
1.5009999999999455,0.22176704184255192,-0.2571740771107284,4.650744005875975,4.512468274190044,4.408174417587659,4.235805689153901,3.8754894872909107,3.5737924484716816,3.33048045595353,9.172186355925103,2.356115111688658,1.9134837376721197,1.4022046837813082,0.9650719063735429,0.5914991252681254,0.16991609328479573,6.277179974826304,0.019548099760007088,6.365431617840223,6.517535898408187,0.28979041749378637,0.4050367288379085,0.6427515448469938,0.6098390811325689,0.5305286082623093,0.36338139159054594,0.30884583405254745,0.2504297288808218,0.10326298242452324,6.323748231047831,-0.1381864519809972,5.986153993870713,-0.4734077172091885,5.6616216582174,5.201875570305395,-1.591122671783298,4.2910823413034915,-2.563428658959164,3.2910321612468434,2.7924148301019014,2.5417338815260018,2.4427672551542323,2.292451365824339,2.0189420105754907,1.7009894713402964,7.663250852639299,1.0826492231301164,0.9683415006771926,7.214272403855361,0.934729623294305,0.7748622307815605,0.5449923358369626,0.529149035690545,0.4477573111237441,0.3975413744599034,0.42059334665413445,0.3493585227841662,6.414788177902804,-0.2170021657286908,5.839739604440527,5.6670151774915585,5.466815144952499,5.155114793098089,4.937213809705929,4.7749210708947345,4.792832650851525,5.004832016554783,5.140313948190786,5.126510045652707,5.152286314672606,5.071249605182241,4.965228924076347,4.964264368965797,4.928822525800517,4.6942425335204945,4.466555441109107,4.012452765436526,3.9120226652869787,3.683795274397549,3.4217078794324745,3.174945662280928,2.8869861471092393,2.839484618098,2.7932858261465427,2.673108078351533,2.3262575226132847,2.0323930279303974,1.8350181056705381,1.6956314991916397,1.4257367289299328,1.107828821120285,7.147203793206909,6.834446984560118,6.511040545577376,6.05070339169579,5.69459461531284,-0.8972216556919701,5.1323290829689405,5.076927956501303,-1.300252485759509,4.856363550988573,4.733892592226933
1.5109999999999444,0.22312078023045387,-0.2591744140579022,4.654483347567931,4.516772653715103,4.413014533508181,4.2410980493829395,3.8811039396722453,3.579521042850697,3.336092033725136,9.17741519366646,2.360683362309413,1.9172045478551658,1.4048614139260869,0.9665672497416699,0.5917683178481132,0.16886870090761477,6.274877604721843,0.016000563061910864,6.360657059717447,6.511578465555391,0.2827601962411354,0.39707320327075724,0.6340295873865863,0.6006098112551422,0.5210452633872976,0.3539018595974191,0.2996076944074829,0.24162971097710595,0.09504591836605744,6.31618306780695,-0.14507834592526728,5.979893348796784,-0.4791074594891328,5.656398403091701,5.197099915904496,-1.5954869413037185,4.287101078887631,-2.5669632771825976,3.2879557703236886,2.789857697560556,2.5396657939812335,2.4411603145331298,2.291255102142596,2.0180743977582893,1.7003309859400617,7.662664820471137,1.0820076674414947,0.9675520451149239,7.213284966106744,0.9335463424030515,0.7735391682069945,0.5436402053343865,0.5279192392155668,0.4468249147907356,0.3970846646040306,0.42077643639727985,0.35031762769873753,6.41663435141395,-0.21419035956228288,5.843469545375392,5.671592493046593,5.472144263789328,5.16108530642177,4.943660662903904,4.781682179735773,4.79974654809413,5.011743756942769,5.147072963420808,5.132975864229252,5.15832556884391,5.0767374455066205,4.970052402905026,4.968331741834644,4.9320583084433425,4.696573741403426,4.467966971283271,4.012892235716142,3.911652281716702,3.6827126364681497,3.4200663395641238,3.172941820768984,2.8848352526655825,2.8374086242193024,2.7914879961507246,2.6717638904857886,2.325526776988174,2.0323348600004016,1.8356213843550901,1.6968378284974344,1.4274623882335233,1.1099467387191229,7.149560339577067,6.836905104926461,6.513483351241893,6.053047984243073,5.696819290203515,-0.8950887340732592,5.134443802846617,5.079129690225149,-1.2978385780002453,4.859118683606119,4.737101346141469
1.5209999999999433,0.2244635902837014,-0.26113963375761595,4.65822715829764,4.521073035193207,4.41784178681323,4.246369199623927,3.886690089235153,3.585216921674523,3.341669425105047,9.182611210824081,2.365222609334885,1.9209014241017934,1.4074997737651904,0.9680493384895198,0.5920286538622593,0.16781618925185102,6.272573879754229,0.012456054222867562,6.355890748515932,6.50563558914865,0.2757512591695343,0.38913770416555976,0.6253415085686348,0.591417835530971,0.5115996761911826,0.3444571815370442,0.29039841233466995,0.23285021066803463,0.08683981543650601,6.308619795061432,-0.15197584561570818,5.973622416926626,-0.48481895896800065,5.651164935102144,5.192318109324403,-1.5998521936895425,4.2831231337017694,-2.5704919736511553,3.2848850382725137,2.7873030614878997,2.5375954461586545,2.439545580817855,2.290045685135557,2.017189521864734,1.6996534803124579,7.662060960456739,1.0813523953818973,0.9667551663838042,7.2122978530409885,0.9323715636738253,0.7722322063722573,0.5423101734989014,0.5267149828709697,0.4459187362667929,0.3966521073149693,0.4209792753387254,0.3512902836929738,6.418486646122647,-0.2113804311266918,5.847190691553466,5.676155411062614,5.477454793767318,5.16703438760517,4.950084671518116,4.788420078639511,4.806637588938764,5.018633461884263,5.153811032243659,5.139422008291272,5.164346648234927,5.082208920795771,4.974861821164027,4.972388099716534,4.935286970403679,4.698902629810194,4.46938187921199,4.013341715678866,3.9112984222328646,3.6816526767045614,3.4184525340643765,3.1709689102862493,2.8827160772169327,2.8353624594626723,2.7897155120414237,2.670438320999739,2.324805885296434,2.032277445374606,1.8362171619403973,1.6980300135372035,1.4291693009121134,1.1120439787122285,7.151897098962107,6.839346915526699,6.515915371336176,6.0553889907113385,5.699047623872469,-0.8929455829105687,5.136573831759259,5.08134963319443,-1.2954060448299523,4.8618901537880195,4.740321559513002
1.5309999999999422,0.22579540966133144,-0.26307036653576216,4.661975233341594,4.525369354019707,4.422656265338288,4.251619372603693,3.8922482864190076,3.5908804926210585,3.347213028489158,9.187774731506689,2.3697330556799767,1.924574443696527,1.4101197364439462,0.9695180930823561,0.5922800588234176,0.16675853978518687,6.27026885273819,0.008914684777521116,6.351132814796546,6.499707357568531,0.26876359490002444,0.38123007609314497,0.6166869951031578,0.5822627216992551,0.5021913601672974,0.3350469017979771,0.28121764772016383,0.22409106865043607,0.07864472836894908,6.301058664565855,-0.1588785520119001,5.967341660178225,-0.4905417845703968,5.64592157133765,5.187530278163162,-1.6042185124919555,4.279148255782948,-2.5740151058330083,3.281819600726548,2.784750644816799,2.535522701851768,2.437923084878977,2.2888233115995975,2.0162877150974325,1.6989573621791922,7.661439681827446,1.0806837466153167,0.9659510823533333,7.2113111282157645,0.9312051889021479,0.7709411019458768,0.5410018893064509,0.5255358627917013,0.4450383749430507,0.3962433563837059,0.42120160937634327,0.35227635084401937,6.42034504360185,-0.20857228608824516,5.8509032117387205,5.680704136645566,5.4827469426717,5.172962220849197,4.956485981098965,4.795134871088504,4.813505840563425,5.025501172750943,5.160528184764361,5.145848511468883,5.170349602771479,5.087664106566102,4.979657283216738,4.976433570306011,4.938508649409198,4.701229327083585,4.470800256163953,4.013801230035642,3.9109610211866506,3.680615226322469,3.416866193737901,3.1690265831150857,2.8806282324785366,2.833345744853143,2.7879680545450483,2.6691311554080985,2.3240947792504043,2.0322208678154623,1.8368056553773684,1.69920837155354,1.4308578452676135,1.114120932184755,7.1542144286527645,6.841772699196898,6.518336784474703,6.057726461109901,5.701279537999048,-0.8907923999407307,5.138718872976822,5.0835874218598835,-1.2929552783538882,4.864677586066236,4.743552920974309
1.540999999999941,0.22711617882153518,-0.2649672255232103,4.665727372559999,4.529661547514052,4.427458055540565,4.256848796207785,3.897778873828644,3.5965121541640244,3.352723233698711,9.192906073986645,2.3742149027355683,1.9282236868380382,1.412721281565683,0.9709734418480721,0.5925224649727103,0.1656957372401635,6.267962575222571,0.005376560598737867,6.346383380612279,6.493793850449353,0.2617971858581181,0.3733501622501197,0.6080657382470871,0.5731440469453034,0.492819841112612,0.3256705770819145,0.2720650698686352,0.21535212990053512,0.07046070988050197,6.293499920322222,-0.1657860779562864,5.961051527139107,-0.49627551711881596,5.640668620842443,5.182736547985443,-1.6085859769097366,4.27517620431194,-2.5775330191971326,3.278759105124141,2.7822001793136373,2.5334474293569462,2.4362928572529285,2.2875881734176784,2.015369301210754,1.6982430290534405,7.660801383842475,1.0800020528179743,0.9651400060486536,7.210324854094998,0.9300471224976626,0.7696656172538677,0.5397150093466896,0.5243814833099302,0.4441834376457959,0.3958580711616082,0.42144318741556197,0.35327568945565313,6.422209523054564,-0.20576583445829622,5.854607269613319,5.685238870150373,5.488020914653481,5.178868988296552,4.96286473668833,4.801826661322806,4.820351371755376,5.0323469329780774,5.167224453227052,5.152255409274301,5.176334483689514,5.093103078766889,4.9844388927166685,4.980468279307219,4.941723480009929,4.703553957555825,4.472222189257991,4.014270800070116,3.9106400111893915,3.6796001171527593,3.4153070526229112,3.1671144970882255,2.8785713372202326,2.83135810874574,2.786245310736927,2.667842183487709,2.323393391762474,2.032165209209856,1.8373870772728031,1.7003732138389975,1.4325283929322508,1.1161779837528867,7.1565126803741705,6.844182734599389,6.520747766736958,6.060060444705933,5.703514955272402,-0.888629380188003,5.14087863406932,5.085842698298418,-1.290486664129735,4.867480611797506,4.746795125371141
1.55099999999994,0.2284258409593427,-0.26683080716080204,4.669483380256413,4.533949554823981,4.4322472424843955,4.262057693573739,3.9032821864409923,3.602112295849161,3.358200422257496,9.198005550896543,2.378668350413051,1.9318492365093651,1.4153043949093886,0.9724153206222955,0.5927558109591207,0.16462776943291915,6.2656550975080245,0.0018417821216365486,6.341642559878412,6.487895139085804,0.2548520085937678,0.3654978045923432,0.5994774337014891,0.5640613976033012,0.4834846567153867,0.31632777598351514,0.26294035718090486,0.20663324352652265,0.06228781073617102,6.285943798828251,-0.17269804780083634,5.9547524534724445,-0.5020197489870686,5.635406384831984,5.177937042349968,-1.6129546619503663,4.271206747318451,-2.581046047576742,3.2757032103685715,2.779651405344256,2.5313695013762065,2.4346549281846745,2.2863404577235937,2.014434595757685,1.6975108685138875,7.660146456036067,1.079307637858049,0.9643221457407998,7.209339092041761,0.9288972713876527,0.7684055201176065,0.5384491976263139,0.5232514567589083,0.443353538474982,0.39549591646019,0.42170376134375287,0.3542881601076477,6.4240800614257285,-0.20296099044531574,5.858303023920708,5.68975980728865,5.493276910285144,5.184754870033213,4.969221082782364,4.808495554283443,4.8271742528513695,5.03917078800983,5.1738998719658955,5.158642739055181,5.182301343489902,5.098525913741636,4.989206752587432,4.984492350447808,4.9449315936363964,4.705876641650575,4.473647761593486,4.014750443770993,3.9103353232096114,3.6786071816745065,3.4137748479447336,3.165232315467973,2.8765450170955638,2.829399186643615,2.784546973887456,2.6665711991831373,2.322701656934377,2.0321105496332037,1.8379616360013449,1.7015248458660557,1.4341813089917501,1.1182155116621237,7.158792200353327,6.846577296261155,6.523148491683987,6.062390990027853,5.705753799385231,-0.886456715981427,5.14305282687197,5.088115110152246,-1.2880005812612718,4.870298869036902,4.750047873615599
1.5609999999999389,0.22972434194585406,-0.2686616916885683,4.673243065042591,4.5382333168350595,4.437023909830202,4.267246283184141,3.9087585518064247,3.607681298561036,3.3636449676579985,9.20307346941652,2.3830935971849803,1.9354511783516073,1.4178690681581279,0.9738436724085542,0.5929800415337299,0.16355462709119079,6.263346468665379,-0.001689555441096823,6.33691045872708,6.482011286822016,0.24792803408737799,0.3576728439623949,0.5909217815126818,0.5550143688705855,0.4741853561583661,0.3070180785854435,0.2538431968425161,0.1979342626254973,0.05412607980957184,6.278390529316584,-0.1796140970463599,5.948444862310272,-0.5077740837639333,5.630135156903342,5.173131882837347,-1.6173246385851863,4.267239661395975,-2.5845545135215486,3.2726515864976835,2.7771040716457227,2.529288794921296,2.433009327667551,2.2850803470602963,2.0134839063291543,1.6967612584713982,7.659475278458763,1.078600817971807,0.963497705035795,7.208353902312396,0.9277555449238353,0.7671605836963218,0.5372041253775898,0.522145403281791,0.4425482986465867,0.3951565624528593,0.42198308600435464,0.35531362370262615,6.42595663350987,-0.20015767231190087,5.861990628604641,5.694267139234258,5.498515126616413,5.190620044091783,4.975555163296922,4.815141655558119,4.833974555679098,5.045972785244677,5.180554477355545,5.165010539947839,5.188250235894018,5.10393268819117,4.993960965004852,4.9885059054943275,4.948133118657622,4.7081974959826285,4.475077052376619,4.015240175959339,3.9100468866658282,3.677636253045863,3.412269320070211,3.1633797068290463,2.874548904476317,2.8274686210218,2.7828727433125597,2.665318000514235,2.3220195100455157,2.032056967410461,1.8385295358135711,1.702663567413631,1.4358169521062176,1.1202338878846554,7.161053329386777,6.848956654613044,6.525539130375874,6.064718144869226,5.707995995027436,-0.8842745969729352,5.145241167449196,5.090404310567119,-1.2854974024919954,4.873132002413137,4.753310872543255
1.5709999999999378,0.23101163026897006,-0.27046044361960186,4.677006239708406,4.542512776085267,4.441788139826678,4.272414778959338,3.914208290244917,3.61321953478078,3.369057235616986,9.20811013145281,2.387490840122159,1.939029600541067,1.420415298637816,0.9752584470528415,0.5931951072579051,0.1624763036911012,6.261036736554566,-0.005217361892247933,6.332187175846967,6.476142349423854,0.24102522804246002,0.34987512021125855,0.5823984859770244,0.5460025645329091,0.46492149973688346,0.29774107606808026,0.24477328452299507,0.18925504414470085,0.04597556414069887,6.270840333985251,-0.18653387199403218,5.942129164634168,-0.5135381359267494,5.624855223240127,5.168321189078279,-1.6216959738988332,4.263274731426022,-2.588058728639211,3.2696039143630475,2.774557935103832,2.5272051912190983,2.431356085480439,2.283808019532508,2.0125175327860614,1.69599456742851,7.658788221912973,1.0778819019361698,0.9626668829625827,7.207369344051832,0.9266218547923398,0.765930586334083,0.5359794708719504,0.521062950645288,0.44176734633870296,0.3948396845785921,0.4222809191707518,0.35635194151051097,6.42783921205464,-0.19735580223651805,5.865670232944281,5.69876105272671,5.503735757229973,5.196464686456584,4.981867121535413,4.821765071329062,4.840752353499847,5.052752973981022,5.187188307761341,5.171358852830454,5.194181215800122,5.109323479138444,4.99870163138108,4.992509064268979,4.951328180438894,4.710516633455354,4.4765101370426486,4.015740008411091,3.9097746295152978,3.676687165132964,3.4107902124629166,3.1615563449449073,2.8725826382922626,2.825566061156354,2.7812223242283016,2.6640823894856265,2.3213468875404257,2.032004539174203,1.8390909769403727,1.7037896726902304,1.437435674628746,1.1222334782157926,7.1632964029083945,6.851321076029738,6.527919851390111,6.067041956293158,5.710241467879658,-0.8820832101561739,5.147443376057593,5.092709958129733,-1.2829774942985857,4.875979663005664,4.756583834773939
1.5809999999999367,0.23228765697557754,-0.27222761219900204,4.6807727210965915,4.546787876684387,4.446540013306015,4.277563390349645,3.919631715037112,3.618727368835088,3.374437584320993,9.213115833807969,2.3918602749274056,1.9425845936697888,1.42294308906596,0.9766596009319476,0.5934009642247712,0.16139279530227638,6.258725947844056,-0.008741551851119404,6.32747280280876,6.470288375435181,0.2341435511655023,0.34210447231444024,0.5739072555491793,0.537025596700205,0.4556926584912736,0.28849637033336145,0.2357303240854592,0.18059544874696523,0.037836308990921844,6.26329342821975,-0.1934570294087008,5.935805759643851,-0.5193115305246669,5.619566862812096,5.163505078782049,-1.6260687312331499,4.259311750311358,-2.591558993926318,3.266559885318353,2.7720127605361644,2.525118575618402,2.4296952312224187,2.2825236489538434,2.01153576748423,1.6952111547319224,7.658085648182906,1.077151191237772,0.9618298740597836,7.206385475290012,0.9254961149267833,0.7647153114111804,0.5347749192385398,0.5200037340580216,0.44101031654126543,0.3945449634474801,0.4225970215199203,0.3574029752106573,6.429727767860434,-0.19455530617980538,5.86934198168551,5.703241730172488,5.508938992297119,5.202288971070347,4.988157100158992,4.828365908322944,4.847507720952342,5.05951140536309,5.193801403489323,5.177687720276309,5.200094339240546,5.1146983638949095,5.003428852350585,4.996501944667598,4.954516901399254,4.71283416335593,4.477947087374292,4.016249949974959,3.9095184783389043,3.6757597525369423,3.40933727163917,3.1597619086774387,2.8706458638758914,2.8236911629587054,2.7795954276095336,2.662864171998111,2.3206837270154614,2.03195333991993,1.8396461556937656,1.7049034504538356,1.4390378227217733,1.1242146423694255,7.165521751057255,6.853670822870408,6.530290820840768,6.069362470637139,5.712490144606705,-0.8798827398860075,5.149659177107911,5.095031716804442,-1.2804412169841213,4.878841508223609,4.759866478576134
1.5909999999999356,0.23355237561514602,-0.27396373184832107,4.684542329982203,4.5510585642379535,4.451279609681897,4.282692322426955,3.92502913261039,3.624205157136779,3.379786364662136,9.218090868343193,2.3962020959662733,1.9461162506294605,1.425452447309988,0.9780470966549545,0.5935975737933389,0.16030410044086685,6.256414148030727,-0.01226204456225329,6.322767424376996,6.464449406518799,0.2272829594336049,0.33436073848273007,0.5654478027536517,0.5280830855523876,0.4464984138530161,0.2792835736422278,0.22671402730624093,0.171955340680287,0.02970835789537502,6.25575002080708,-0.20038323619356227,5.929475035114043,-0.5250939028712769,5.614270347569569,5.158683667765283,-1.6304429703257841,4.255350518717973,-2.595055600089251,3.2635192009167775,2.7694683204806,2.5230288374980328,2.428026794345032,2.2812274049886336,2.0105388954925054,1.694411370818162,7.657367910259008,1.0764089802385493,0.9609868684612702,7.205402352939409,0.9243782414243522,0.7635145471997843,0.5335901622875786,0.5189673959934726,0.44027685090931096,0.39427208474810027,0.4229311566058589,0.3584665869317612,6.431622269876205,-0.19175611375526744,5.8730060151685715,5.7077093497442934,5.514125018633269,5.208093069842399,4.994425241158926,4.834944273762758,4.854240733997793,5.066248132327159,5.200393806736156,5.183997186507181,5.20598966333969,5.120057420028431,5.008142727757866,5.000484662678718,4.957699401068639,4.715150191448401,4.479387971616441,4.016770006685939,3.909278358422374,3.6748538506191566,3.407910247124825,3.1579960818698316,2.8687382328119404,2.821843588814991,2.7779917700524437,2.6616631577619483,2.320029967204796,2.0319034430587433,1.8401952645642814,1.7060051841286223,1.440623736471219,1.126177734072484,7.16772969874551,6.8560061535200045,6.532652202398423,6.071679733518296,5.714741952850857,-0.8776733678986743,5.151888299126135,5.0973692558693555,-1.2778889247709588,4.8817172016865715,4.7631585277349044
1.6009999999999345,0.23480574218469258,-0.27566932259592786,4.688314890956546,4.555324785775513,4.4560070069500615,4.287801775975646,3.9304008427200445,3.6296532484172195,3.38510392046469,9.223035522133198,2.400516496294961,1.9496246664986248,1.4279433861548083,0.9794209027773199,0.5937849023346926,0.1592102199300643,6.254101381460087,-0.015778763711517152,6.318071118808903,6.458625477782734,0.22044340435040266,0.3266437562678122,0.5570198440994298,0.5191746590947449,0.43733835730405757,0.2701023082651841,0.2177241136042038,0.16333458765144304,0.021591752712895422,6.248210314142042,-0.20731216907580777,5.923137367739989,-0.5308848982463557,5.6089659426327545,5.153857069980889,-1.6348187474436697,4.251390844825488,-2.5985488278552324,3.260481572617039,2.766924394989142,2.5209358701763778,2.4263508041822854,2.279919453288668,2.009527194804209,1.6935955574525934,7.656635352556987,1.075655556337905,0.9601380519805545,7.204420032793561,0.9232681524648081,0.7623280867237705,0.5324248983384349,0.5179535860173918,0.43956659761968153,0.3940207391566607,0.42328309083281895,0.3595426392896269,6.433522685291655,-0.18895815810420313,5.876662469452151,5.712164085478292,5.519294019753274,5.213877152658195,5.00067168583101,4.841500275321588,4.860951469866124,5.072963209548169,5.206965561539056,5.190287297346901,5.21186724627284,5.125400725332637,5.0128433566467985,5.004457332403624,4.960875796144622,4.717464820064611,4.480832854587269,4.017300181874612,3.9090541938339904,3.6739692955247354,3.4065088914128,3.156258553242554,2.866859402791511,2.8200230074302084,2.7764110736408787,2.6604791602120006,2.3193855479658048,2.0318549204675316,1.8407384923150731,1.7070951519186002,1.4421937499984352,1.1281231011583726,7.169920565726238,6.8583273224311005,6.5350041573108175,6.073993789839036,5.716996821225049,-0.8754552733325547,5.154130474713744,5.099722249851919,-1.2753209658931934,4.884606413107294,4.766459711423289
1.6109999999999334,0.23604771507507544,-0.2773448904937063,4.692090232315475,4.559586489682968,4.460722281691195,4.292891947582681,3.935747138625658,3.635071983950903,3.390390588702818,9.227950077613963,2.4048036676856284,1.9531099384331536,1.4304159230792506,0.9807809935270023,0.5939629209896691,0.1581111567677329,6.251787691346806,-0.01929163724924975,6.313383958140804,6.452816618092522,0.21362483319077777,0.3189533626629202,0.548623099997562,0.5102999529225056,0.42821209004878225,0.26095220614548653,0.20876030977943386,0.15473306070356058,0.013486533673656709,6.24067450442612,-0.21424351430285188,5.916793123471985,-0.5366841716064604,5.603653906476128,5.14902539754716,-1.6391961155115762,4.247432544085689,-2.6020389482738864,3.2574467214978893,2.764380771426938,2.518839570822308,2.424667289978521,2.278599955625026,2.0085009365421427,1.6927640479619466,7.655888311131559,1.0748912001315085,0.9592836061939818,7.203438569526567,0.9221657682323259,0.7611557276226151,0.5312788320522781,0.516961960619567,0.43887921123107626,0.3937906222478736,0.42365259342835276,0.36063099542287874,6.435428979625898,-0.18616137577471326,5.880311476434029,5.716606107369353,5.524446175926497,5.219641387390116,5.006896574751934,4.84803402107819,4.867640007003365,5.079656693386807,5.213516713725815,5.196558100175188,5.217727147225774,5.1307283577976595,5.017530837251473,5.008420066077272,4.964046200548691,4.719778148193055,4.482281797785915,4.017840476272418,3.9088459074989714,3.673105924204513,3.4051329599213522,3.1545490162922825,2.8650090374706125,2.8182290936770014,2.774853065816332,2.6593119964247047,2.3187504102639105,2.0318078425367943,1.8412760240728616,1.7081736269182628,1.4437481915699926,1.1300510856593637,7.172094666661194,6.860634580166256,6.5373468444241425,6.076304683793033,5.719254679305933,-0.8732286327495227,5.156385440507209,5.10209037846407,-1.2727376826886272,4.887508818176244,4.769769764077083
1.6209999999999323,0.23727825501857583,-0.2789909280204958,4.695868185951842,4.563843625638811,4.465425509076009,4.297963029726813,3.941068307262784,3.640461697772456,3.3956466997098382,9.232834812723762,2.4090638006493257,1.9565721655599309,1.432870080041055,0.982127348542105,0.5941316054374886,0.1570069160007881,6.249473119795482,-0.022800597220185098,6.3087060084626065,6.447022850370106,0.20682718923484159,0.31128939419872975,0.54025729468151,0.5014586099941793,0.419119222698127,0.25183290857449264,0.19982234976100127,0.14615063409755316,0.0053927394246357585,6.233142781859239,-0.22117696734877237,5.910442657839276,-0.5424913873041223,5.59833449110793,5.144188760776958,-1.6435751242359167,4.243475438988958,-2.605526223009603,3.2544143779808024,2.7618372442763564,2.516739840367511,2.4229762809142645,2.2772690700151954,2.0074603851573625,1.6919171674605322,7.655127113885007,1.0741161855667631,0.9584237085227266,7.202458016693531,0.9210710108400864,0.7599972720192435,0.530151674269205,0.5159921830498312,0.4382143525473648,0.3935814344075171,0.42403943641619374,0.36173151902669837,6.437341116812764,-0.1833657066046433,5.883953163968385,5.721035581464356,5.529581664231597,5.225385939909419,5.0131000477574625,4.854545619474312,4.874306425020218,5.08632864183707,5.220047310864967,5.202809643881785,5.2235694263552155,5.13604039558219,5.022205266988426,5.012372974089985,4.96721072548205,4.722090271565677,4.4837348594968365,4.018390888113069,3.9086534212706567,3.672263574435445,3.4037822109530556,3.152867169193672,2.863186806332949,2.8164615284488996,2.7733174792514683,2.6581614870368413,2.318124496156963,2.031762278216222,1.8418080414158504,1.7092408772203385,1.4452873837053477,1.1319620238979313,7.174252311188428,6.86292817344082,6.539680420204948,6.078612458871552,5.721515457626808,-0.8709936201568438,5.158652937136799,5.104473326537053,-1.2701394116901774,4.890424098448102,4.7730884252729195
1.6309999999999312,0.2384973250377314,-0.2806079144726736,4.699648587251975,4.568096144554018,4.470116762872283,4.303015210866853,3.9463646294100365,3.645822716886342,3.400872577379392,9.237690001037825,2.4132970844567354,1.960011448873694,1.4353058832700871,0.9834599526195407,0.5942909356748278,0.15589750460598084,6.247157707821606,-0.026305579599876016,6.304037330180918,6.441244191879911,0.20005041199164322,0.30365168703467393,0.53192215613014,0.49265028041329234,0.4100593749653534,0.24274406587872555,0.19090997436349122,0.13758718519733287,-0.002689592926957785,6.225615330824685,-0.228112232630599,5.904086316263665,-0.5483062188153887,5.593007942244954,5.139347268206977,-1.6479558202239875,4.23951935883829,-2.609010904625008,3.251384281560593,2.759293614946022,2.5146365834202373,2.4212778061301643,2.2759269508456366,2.0064057986218877,1.691055233070299,7.654352080770675,1.07333078009501,0.9575585323135923,7.201478426731871,0.9199838042575406,0.7588525263917362,0.5290431418497205,0.5150439231582029,0.4375716884840774,0.393392880746641,0.42444339458898755,0.36284407438466487,6.439259059282852,-0.18057109360832005,5.887587655979886,5.725452669953573,5.534700658611008,5.231110974099244,5.019282243922362,4.861035179273688,4.880950804641759,5.092979114474392,5.226557402216211,5.209041978820955,5.229394144750077,5.141336916986787,5.02686674245018,5.016316165009831,4.970369479480878,4.724401282742673,4.485192094890961,4.018951413230282,3.9084766559986717,3.671442084839592,3.402456405654479,3.1512127147038687,2.861392384556779,2.8147199985178677,2.7718040517270848,2.6570274561660736,2.3175077487791977,2.0317182950581607,1.8423347224587312,1.710297166020726,1.4468116432824145,1.1338562465770063,7.1763938039897175,6.865208345166146,6.542005038762604,6.080917157870045,5.72377908767043,-0.8687504070295858,5.160932709184757,5.106870783955954,-1.2675264837166638,4.8933519412301845,4.776415439609614
1.64099999999993,0.2397048903953824,-0.28219631634228637,4.703431274996011,4.572343998515421,4.474796115453711,4.308048675528885,3.951636379851689,3.651155361469526,3.406068539358869,9.24251591189694,2.417503707156899,1.9634278911369707,1.4377233630694706,0.9847787954742411,0.594440895804846,0.15478293137675952,6.244841495372653,-0.02980652413736088,6.299377978271258,6.435480654502676,0.19329443741304334,0.29604007704585905,0.5236174159932115,0.48387462121815605,0.4010321753730135,0.23368533711822084,0.1820229310520155,0.12904259435871093,-0.010760427772168166,6.218092330067461,-0.23504902323410462,5.897724434363158,-0.5541283484754712,5.587674499482692,5.134501026627016,-1.6523382470988095,4.235564139530674,-2.6124932368558027,3.2483561805437575,2.7567496915846768,2.5125297081804727,2.4195718947491227,2.274573748989977,2.0053374286155528,1.6901785541349,7.653563523991484,1.0725352448205039,0.9566882469186102,7.2004998509634675,0.9189040742402618,0.7577213014487861,0.5279529575204658,0.5141168572390544,0.43695089193798897,0.39322467101737946,0.42486424548089097,0.36396852639877453,6.441182768042454,-0.1777774828669499,5.891215072574634,5.729857531260163,5.539803329925023,5.236816651868577,5.0254433015419275,4.86750280952263,4.887573227658301,5.099608172404334,5.233047038681108,5.215255156766394,5.235201364393512,5.1466180004283775,5.031515359399983,5.020249745605577,4.973522568471006,4.726711271195328,4.4866535561237555,4.019522045151955,3.90831553159418,3.6706412949017313,3.401155307976542,3.149585360069648,2.8596254528857052,2.813004196395991,2.770312526012395,2.6559097313332263,2.3169001123248476,2.031675959259054,1.8428562419348893,1.7113427517206967,1.448321281641079,1.1357340788691455,7.178519444857786,6.867475334493125,6.544320851872274,6.083218822895028,5.726045501861689,-0.8664991623335089,5.163224505142918,5.109282445594064,-1.2648992239629113,4.896292039472765,4.7797505565926555
1.650999999999929,0.24090091854589737,-0.2837565876830987,4.707216091261943,4.576587140732372,4.479463637810408,4.3130636043924016,3.956883827535882,3.6564599450673496,3.4112348972354094,9.24731281053029,2.4216838555940954,1.9668215967830591,1.4401225536243434,0.9860838715084607,0.5945814738357048,0.15366320681590115,6.2425245213492895,-0.03330337420381998,6.29472800251984,6.4297322449975685,0.1865591980981726,0.2884543999057562,0.5153428095192393,0.47513129617932687,0.392037260970665,0.22465638979573943,0.17316097371542155,0.12051674482189549,-0.01881973096058226,6.21057395286632,-0.24198706064876407,5.891357338245965,-0.5599574672222657,5.582334396460952,5.129650141109224,-1.6567224456097387,4.231609623345575,-2.615973454877264,3.2453298317942987,2.75420528889975,2.5104191263565245,2.417858575896728,2.2732096119229843,2.004255520707175,1.6892874324279183,7.652761748193608,1.071729834646216,0.9558130177734403,7.199522339597598,0.91783174826231,0.756603412008813,0.526880849724083,0.5132106678792021,0.4363516416597179,0.3930765195303329,0.42530176934005387,0.36510474061771225,6.443112202749478,-0.17498482342254992,5.89483553014808,5.7342503201278285,5.544889846005501,5.242503133167115,5.031583358115059,4.873948619512164,4.894173776877363,5.106215878211912,5.23951627275413,5.221449230866573,5.240991148125797,5.151883724415915,5.036151212767667,5.024173820870177,4.976670095822014,4.7290203233869335,4.488119292430298,4.020102775190966,3.9081699670923866,3.6698610449856783,3.399878684635534,3.147984816937087,2.8578856975032374,2.8113138202011574,2.768842649748534,2.6548081433862727,2.316301532031453,2.0316353356989856,1.8433727712759242,1.7123778880264486,1.4498166046846896,1.1375958405046005,7.180629528763253,6.869729376856034,6.546628008998345,6.085517495371205,5.7283146335601645,-0.8642400525484037,5.165528077369825,5.111708011247108,-1.2622579520891275,4.8992440916613536,4.7830935305217945
1.6609999999999279,0.24208537908754243,-0.28528917046495667,4.711002881333249,4.580825525486528,4.4841193995609006,4.318060174375318,3.962107235728543,3.661736774782849,3.416371956714812,9.252080958172886,2.4258377154230284,1.9701926718219915,1.4425034928179465,0.9873751795907371,0.5947126614881384,0.15253834303361846,6.240206823626607,-0.03679607664698591,6.290087447755385,6.423998965253087,0.17984462348887653,0.28089449116483467,0.5070980754856091,0.46641997560442855,0.3830742770629085,0.2156568995764454,0.16432386244742497,0.11200952260749848,-0.02686746976231241,6.203060367199767,-0.2489260745115536,5.884985344795179,-0.5657932743475169,5.57698786102508,5.1247947150372966,-1.661108453739002,4.2276556587402805,-2.619451785562656,3.242305000486806,2.7516602279805342,2.508304753083043,2.416137878720063,2.2718346838304835,2.003160314530206,1.6883821623554134,7.6519470506553775,1.0709147984165246,0.9549330064745749,7.198545941734636,0.9167667554510311,0.75549867688263,0.5258265524731113,0.5123250438098194,0.43577362212926174,0.39294814507348347,0.42575574910100317,0.3662525832634474,6.445047321786467,-0.17219306717528834,5.8984491414899916,5.738631187706646,5.54996037170913,5.248170576000908,5.037702550328772,4.880372718741641,4.900752536076764,5.112802295911564,5.2459651584741245,5.227624255600589,5.24676355960799,5.157134167527111,5.040774396646537,5.028088494044685,4.979812162400668,4.73132852285181,4.489589350217487,4.0206935925327025,3.908039880712387,3.669101176349386,3.3986263050747794,3.146410801263675,2.856172809910982,2.809648573526588,2.7673941753351827,2.653722526425997,2.3157119541629156,2.031596487979403,1.843884478688589,1.713402824046089,1.4512979129795618,1.1394418458582785,7.182724345921278,6.8719707040166185,6.54892665731829,6.087813216048792,5.7305864170525656,-0.8619732416918424,5.167843182047394,5.114147185567426,-1.259602982309493,4.902207801710874,4.7864441203816455
1.6709999999999268,0.24325824371596216,-0.2867944949168292,4.714791493609936,4.585059108084576,4.488763468965497,4.323038558717773,3.967306862163117,3.6669861514597635,3.4214800177936455,9.256820612177785,2.4299654711224714,1.9735412237494199,1.4448662220547739,0.9886527228440997,0.5948344540116599,0.1514083536508656,6.23788843907539,-0.040284581651078864,6.285456354071355,6.418280812527221,0.17315064005652825,0.2733601863252987,0.49888295613083755,0.45774033615002724,0.37414287694734033,0.20668655001766234,0.15551136333539956,0.1035208164159619,-0.03490361283157428,6.195551735906222,-0.2558658023592819,5.878608761944439,-0.5716354772553996,5.571635115382848,5.119934850135576,-1.6654963068043107,4.22370210015189,-2.6229284477338015,3.2392814598666027,2.7491143361258445,2.5061865068404554,2.4144098324050005,2.270449105715359,2.0020520439530527,1.6874630311529255,7.651119721471546,1.070090379056826,0.9540483708553487,7.197570705370438,0.9157090265242159,0.7544069187595722,0.5247898052078087,0.5114596797620746,0.435216523434397,0.39283927083261044,0.4262259703569429,0.3674119212562198,6.446988082330834,-0.16940216878411898,5.902056015886565,5.743000281637107,5.5550150689702384,5.253819136448753,5.043801014044082,4.886775216883785,4.907309589958822,5.11936749089781,5.252393751376209,5.233780286734512,5.252518663286393,5.162369408386214,5.045385004291226,5.031993866642542,4.982948866623724,4.733635950272505,4.4910637731534635,4.021294484319488,3.9079251899145078,3.668361531158876,3.3973979414269353,3.1448630332327694,2.8544864868103366,2.80800816531409,2.7659668598202267,2.652652717733305,2.3151313259923545,2.0315594784591324,1.84439152922925,1.7144178043841212,1.452765501852529,1.1412724040355917,7.184804181857885,6.874199544108368,6.551216941746898,6.090106025011047,5.732860787545038,-0.8596988913433106,5.170169579137199,5.116599677998156,-1.2569346234799348,4.905182878861779,4.78980208973522
1.6809999999999257,0.24441948617873946,-0.28827297985888345,4.718581779522895,4.589287844813751,4.493395912940874,4.327998927064727,3.972482959186209,3.672208369859447,3.426559374924852,9.26153202612343,2.43406730600749,1.9768673614583623,1.4472107860905203,0.9899165084431313,0.5949468500090044,0.15027325370757907,6.235569403583359,-0.043768842602048885,6.280834757039058,6.412577779677362,0.1664771714805777,0.26585132091208447,0.4906971970888719,0.4490920606402627,0.3652427216620283,0.19774503230833593,0.14672324825656644,0.09505051753031499,-0.04292813017176455,6.188048216838604,-0.2628059893891487,5.872227888944835,-0.577483791228304,5.566276376257161,5.115070646498033,-1.6698860375577074,4.21974880780571,-2.6264036524040764,3.2362589910167223,2.746567446676071,2.504064309375824,2.412674466192054,2.2690530154997854,2.0009309372442114,1.6865303190770973,7.650280043733011,1.0692568137101395,0.9531592650607559,7.196596677401421,0.914658493729543,0.7533279640969908,0.5237703526578008,0.5106142763263982,0.4346800411518693,0.3927496243131729,0.4267122213319895,0.3685826222379831,6.448934440422411,-0.16661208557059445,5.9056562592197555,5.747357746132417,5.560054096853099,5.259448968679231,5.049878884283158,4.893156223751098,4.913845024105633,5.125911529896607,5.258802108444171,5.2399173812783,5.258256524357818,5.167589525642779,5.049983128116437,5.035890038474169,4.98608030451004,4.735942683555157,4.492542602254352,4.021905435732004,3.9078258114552322,3.667641952501079,3.3961933684769114,3.143341237170318,2.8528264299875405,2.8063923097308847,2.7645604647923294,2.651598557698147,2.3145595957847824,2.031524368288755,1.8448940848759647,1.715423069233513,1.4542196614865754,1.1430878189571834,7.186869317475907,6.876416121680962,6.553499004960857,6.092395961681968,5.735137681155376,-0.85741716066869,5.172507032336417,5.119065202707498,-1.2542531791850344,4.908169037578056,4.793167206620348
1.6909999999999246,0.24556908223100316,-0.28972503302395985,4.7223735934514215,4.593511692899986,4.4980167970757705,4.332941445547298,3.977635773899242,3.6774037188319073,3.431610317177129,9.26621544991632,2.4381434022403825,1.9801711951537548,1.4495372328685707,0.9911665474195046,0.59504985126843,0.14913305957560452,6.233249752076342,-0.04724881595791716,6.276222687911971,6.406889855380386,0.15982413881918833,0.2583677305402681,0.4825405473253315,0.4404748378919535,0.35637347974213784,0.18883204501784434,0.13795929468133206,0.0865985197221748,-0.05094099310194984,6.18054996301356,-0.2697463882272411,5.86584301662339,-0.5833379391996089,5.560911855034638,5.110202202617086,-1.6742776762807745,4.215795647529854,-2.6298776030140476,3.233237382631546,2.7440193988494954,2.501938085625116,2.4109318093908714,2.267646548123839,1.999797217232404,1.6855842995920445,7.649428293702076,1.0684143338707415,0.9522658396210832,7.19562390363025,0.9136150907862355,0.7522616430130198,0.5227679447074532,0.5097885398152846,0.4341638762313053,0.39267893726362835,0.4272142928533559,0.3697645545943704,6.450886351028416,-0.16382277742575155,5.909249974063922,5.75170372205905,5.565077611603742,5.265060224968345,5.055936295217709,4.899515849263592,4.920358924935429,5.132434480917448,5.265190288063391,5.2460355974432655,5.263977208735618,5.172794597951389,5.054568859696505,5.039777107671808,4.989206569731984,4.738248797903114,4.494025875968397,4.022526430067839,3.90774166143983,3.6669422843956214,3.3950123636253915,3.1418451414637607,2.851192346201981,2.804800726049903,2.7631747562763644,2.6505598897500255,2.3139967127796655,2.03149121744345,1.8453923045982672,1.7164188544654209,1.455660677014589,1.1448883894425355,7.18892002912054,6.878620657744812,6.555772987423617,6.094683064834141,5.737417034905098,-0.8551282064450622,5.174855309033493,5.121543478523084,-1.2515589478240419,4.911165997447139,4.796539243448867
1.7009999999999235,0.24670700959205535,-0.2911510513687803,4.726166792643784,4.59773061046856,4.502626185647691,4.337866276862809,3.982765548296214,3.6825724814811793,3.436633128388338,9.270871129889262,2.4421939408404465,1.9834528362697397,1.4518456133627868,0.992402854475635,0.5951434626035195,0.147987788876073,6.230929518539395,-0.0507244611240165,6.271620173821681,6.401217024343317,0.1531914606722967,0.2509092509790285,0.47441275907560215,0.4318883625459074,0.3475348269853474,0.17994729385381103,0.12921928548353181,0.07816471916090274,-0.058942174224684146,6.173057122755516,-0.2766867587046872,5.859454427633349,-0.5891976515332434,5.5555417579101904,5.105329615412251,-1.6786712508763542,4.211842490575826,-2.633350495659989,3.2302164307968857,2.7414700375827947,2.4998077636368814,2.4091818913934473,2.266229835640604,1.9986511014618322,1.6846252395506232,7.648564740983387,1.0675631655148905,0.9513682415243611,7.1946524287721445,0.9125787528288627,0.7512077891825282,0.5217823362648745,0.508982182129541,0.4336677348817774,0.3926269456001579,0.42773197832350196,0.37095758747524044,6.45284376810592,-0.1610342067199643,5.912837259779848,5.756038347015622,5.570085766701212,5.270653055717686,5.061973380158487,4.905854203417777,4.926851379659992,5.138936413206187,5.271558349974326,5.252134994600159,5.269680783016504,5.17798470395228,5.0591422897657194,5.04365517071456,4.992327753666133,4.740554365888802,4.495513630257608,4.023157448817285,3.907672655372782,3.6662623718056286,3.3938547068529474,3.1403744784830376,2.849583947077619,2.803233138533418,2.7618095046315903,2.6495365602900534,2.313442627173387,2.0314600847543587,1.8458863444247577,1.7174053917166319,1.4570888286112675,1.1466744092924483,7.190956588644467,6.880813369815675,6.558039027410536,6.0969673725967235,5.739698786711435,-0.8528321830857977,5.177214180263569,5.124034228866538,-1.2488522226959604,4.914173483081698,4.799917976908549
1.7109999999999224,0.24783324790298739,-0.29255142137522566,4.7299612371407065,4.601944556507096,4.507224141640481,4.342773580353524,3.9878725193976723,3.6877149353252316,3.4416280873132057,9.27549930889542,2.446219101692676,1.9867123973896343,1.454135981426358,0.9936254478061085,0.595227691700138,0.14683746040100276,6.228608736037767,-0.054195740332939404,6.267027237965778,6.395559267504997,0.14657905333741614,0.2434757182123071,0.46631358778469534,0.4233323349041803,0.33872644622571163,0.1710904914285872,0.12050300875734453,0.06974901432583125,-0.0669316473950766,6.165569839835803,-0.28362686764119577,5.853062396696561,-0.5950626658098316,5.550166286027697,5.100452980258582,-1.6830667869569045,4.207889213444914,-2.6368225193155004,3.227195938776335,2.7389192133756017,2.497673274497331,2.407424741686125,2.264803007307909,1.9974928023427385,1.6836533993707241,7.647689648690601,1.0667035292286886,0.9504666142876391,7.193682296461726,0.9115494163532146,0.7501662397361661,0.5208132871344495,0.5081949206278922,0.4331913284609577,0.3925933893327684,0.4282650736922654,0.3721615908138665,6.4548066446619305,-0.15824633821566456,5.916418212606231,5.76036175541009,5.57507871290828,5.276227609473078,5.0679902715458836,4.912171396256893,4.933322476243124,5.1454173971986545,5.277906355226592,5.258215633237868,5.27536731444813,5.183159922252827,5.063703508219346,5.047524322453547,4.995443945443245,4.742859457523909,4.497005898676968,4.023798471736474,3.9076187082061105,3.665602060647591,3.392720180684738,3.138928984503625,2.8480009489974303,2.8016892763199017,2.7604644844525024,2.6485284186245353,2.3128972901016476,2.0314310279385714,1.846376357508575,1.7183829084748081,1.4585043915832139,1.1484461673703972,7.19297926347253,6.882994471959317,6.560297261034244,6.099248922463538,5.74198287537921,-0.8505292426659092,5.179583420663727,5.126537181688245,-1.2461332920836754,4.9171912240233056,4.803303187867661
1.7209999999999213,0.24894777868525855,-0.29392651934201025,4.733756789701676,4.606153490830792,4.511810726762703,4.347663512084063,3.992956919380983,3.692831352450604,3.4465954677655537,9.280100226398385,2.4502190635554992,1.9899499921685149,1.456408393646485,0.9948343489265526,0.5953025489702218,0.14568209403891233,6.226287436737769,-0.05766261852901382,6.262443899788048,6.389916562229146,0.13998683095849235,0.23606696849629896,0.458242792048794,0.41480646077304034,0.32994802711564103,0.16226135703408454,0.11181025764064884,0.06135130592147579,-0.07490938769103699,6.158088253606994,-0.29056648863572165,5.846667190838226,-0.6009327266192268,5.54478563561686,5.0955723910148745,-1.6874643079296223,4.203935697720155,-2.6402938560464437,3.224175716803703,2.7363667821390516,2.4955345522568035,2.405660389860457,2.263366189676826,1.9963225272973921,1.6826690332067331,7.646803273608925,1.0658356403331368,0.9495610980270955,7.192713549260398,0.9105270191641849,0.7491368351624206,0.5198605618928167,0.5074264779998565,0.4327343733667954,0.39257801249274465,0.4288133774289897,0.37337643534482334,6.456774932811152,-0.15545913898283514,5.919992925748694,5.764674078535324,5.580056598321575,5.281784032943645,5.073987100941537,4.91846753784229,4.939772303360132,5.151877504475039,5.284234366133673,5.264277574922738,5.28103687089743,5.188320331409865,5.068252604115285,5.0513846561372,4.998555231997474,4.745164140327898,4.498502712451304,4.0244494769179715,3.9075797343856897,3.6649611978003405,3.3916085701557663,3.1375083996315345,2.846443073000754,2.8001688733139978,2.7591394744722737,2.647535316900033,2.3123606536218415,2.0314041036277866,1.8468624941908365,1.7193516281615802,1.4599076364572563,1.1502039476827637,7.194988316665923,6.88516417483615,6.562547822270201,6.101527751301261,5.7442692405926135,-0.8482195349476345,5.1819628084280955,5.129052069402395,-1.2434024393371055,4.920218954647943,4.80669466128212
1.7309999999999202,0.25005058530021007,-0.29527671166706637,4.737553315733935,4.610357374049744,4.5163860014667065,4.352536224917469,3.9980189757069917,3.6979219996619612,3.4515355387552877,9.284674118558456,2.4541940040676358,1.9931657352583594,1.4586629092046899,0.9960295825096411,0.5953680474120882,0.1445217107042454,6.223965651927451,-0.06112506325712751,6.257870175151269,6.384288882489149,0.13341470566810534,0.22868283841390477,0.4502001335584093,0.4063104513114042,0.3211992659156829,0.15345961642464898,0.10314083014460136,0.05297149679564784,-0.08287537138463066,6.150612499132694,-0.29750540186400687,5.840269069614205,-0.6068075853592487,5.539399998126336,5.090687940051637,-1.6918638350784554,4.199981829903728,-2.6437646812193947,3.2211555818813573,2.7338126050481977,2.4933915338576216,2.403888865622988,2.2619195066770286,1.9951404789016538,1.6816723891162813,7.645905866353583,1.0649597090064324,0.9486518295269843,7.1917462286642255,0.9095115003255965,0.7481194192125962,0.5189239297681908,0.5066765821418097,0.4322965909316578,0.39258056306142497,0.42937669049466143,0.37460199262062766,6.458748583831531,-0.15267257831718337,5.923561489466401,5.768975444643063,5.585019568421131,5.287322471021246,5.0799639990208965,4.924742738225968,4.946200950358346,5.1583168077150585,5.290542446228266,5.270320882258551,5.286689520819716,5.193466009912793,5.072789665676344,5.055236263436583,5.001661698114839,4.7474684793949065,4.500004100549894,4.025110440858935,3.9075556478956415,3.6643396311131813,3.390519662776706,3.1361124677302046,2.844910044683448,2.798671668079505,2.757834257468706,2.6465571100398977,2.3118326706954204,2.0313793673957194,1.8473449020621249,1.720311770213571,1.4612988290670272,1.1519480294579454,7.196984006985898,6.887322685745853,6.564790842982422,6.103803895357698,5.7465578229068965,-0.845903207406223,5.184352125262847,5.131578628822344,-1.2406599429553475,4.923256414073346,4.810092186105144
1.740999999999919,0.25114165290948787,-0.2966023551209484,4.7413506832240735,4.614556167538259,4.520950024968311,4.3573918685899145,4.003058911243187,3.7029871386267508,3.456448564620364,9.289221218315326,2.45814409975417,1.9963597422356816,1.4608995897425265,0.9972111762279312,0.5954242024769701,0.14335633227041433,6.221643412037119,-0.06458304455573742,6.253306076502956,6.378676199044956,0.12686258772330047,0.22132316492627035,0.44218537704307737,0.3978440228845222,0.3124798652918007,0.14468500160767914,0.09449452898922213,0.044609491860386985,-0.09082957591447777,6.143142707312913,-0.30444339388275315,5.833868285331205,-0.612687000040437,5.534009560353246,5.085799718278775,-1.6962653876431146,4.196027501259577,-2.647235163703826,3.2181353575843037,2.7312565483982105,2.4912441590633088,2.402110198804029,2.2604630796991474,1.99394685502225,1.6806637092224144,7.644997671524332,1.0640759404035591,0.9477389423074319,7.190780375112263,0.9085028001119076,0.7471138388086376,0.5180031645229505,0.5059449660361546,0.4318777073188737,0.39260079290027294,0.42995481631407406,0.37583813502718527,6.460727548217646,-0.14988662766090605,5.927123991156339,5.773265979016282,5.589967766119314,5.292843066800239,5.085921095566684,4.9309971074241945,4.952608507218625,5.164735380653936,5.296830660218286,5.276345618847183,5.2923253332285025,5.198597036167443,5.077314780293037,5.059079234470732,5.004763426480935,4.749772537459042,4.501510089758872,4.025781338526899,3.9075463623008857,3.66373720941323,3.3894532485002618,3.1347409363492176,2.8434015941007447,2.7971974037352707,2.7565486201726164,2.6455936556822266,2.3113132951702906,2.0313568737843273,1.8478237260220962,1.721263550161404,1.462678230637837,1.1536786872243443,7.198966588956925,6.8894702086719155,6.567026452949324,6.10607739027011,5.748848563739966,-0.8435804052559018,5.186751156341144,5.134116601096307,-1.2379060766678034,4.9263033460681465,4.813495555199348
1.750999999999918,0.25222096843635083,-0.2979037971115457,4.745148762672095,4.618749833406042,4.525502855267014,4.362230589784044,4.008076944383423,3.7080270260151234,3.46133480515395,9.293741755467352,2.4620695260319194,1.9995321295316,1.4631184992325064,0.998379160603246,0.5954710319414961,0.14218598150628198,6.219320746659641,-0.0680365348538996,6.2487516130343,6.373078479612416,0.12033038563531534,0.21398778542153396,0.4341982902175288,0.3894068969227027,0.3037895341198621,0.135937250641704,0.08587116144478055,0.036265198015630405,-0.09877197985913774,6.1356790050052314,-0.3113802574401927,5.827465083260013,-0.6185707350966415,5.528614504569155,5.080907815172988,-1.7006689828952135,4.192072607661083,-2.6507054660682012,3.2151148738698345,2.7286984834642705,2.4890923703891725,2.400324419365471,2.2589970276742144,1.9927418489498958,1.6796432298713087,7.644078927856114,1.0631845347732238,0.9468225666910879,7.18981602799533,0.9075008599617338,0.7461199439537146,0.5170980443393981,0.5052313676335163,0.43147745342162275,0.39263845768222305,0.43054756074802897,0.37708473579809604,6.462711775732051,-0.1471012605259611,5.930680515435335,5.777545804040028,5.594901331809153,5.29834596159752,5.091858519463213,4.937230755392179,4.95899506451785,5.1711332980392015,5.303099073943581,5.282351849249914,5.297944377666079,5.203713488480657,5.081828034526896,5.062913657831977,5.007860497727861,4.752076374958129,4.50302070475151,4.026462143423311,3.907551790787928,3.6631537825119924,3.3884091196880703,3.133393556654794,2.8419174556727307,2.795745827853893,2.755282353178595,2.644644814119216,2.310802481763243,2.031336676328901,1.8482991083372793,1.7222071797067569,1.4640460978698755,1.15539619088724,7.200936312929346,6.891606944326068,6.569254779889685,6.108348271073601,5.751141405363912,-0.8412512714759919,5.189159690258066,5.136665731643459,-1.2351411095142704,4.929359498962828,4.8169045652512095
1.7609999999999169,0.25328852052783773,-0.299181375940404,4.748947427027878,4.622938334471146,4.5300445491666625,4.367052532200959,4.013073289164331,3.7130419136352995,3.4661945157269676,9.298235956747577,2.465970457214163,2.002683014364282,1.4653197038540338,0.9995335688623311,0.5955085557858459,0.14101068201590797,6.216997684570535,-0.07148550887217031,6.244206790832616,6.367495689025345,0.11381800629346456,0.20667653776089814,0.4262386437292711,0.38099879978487106,0.29512798729705714,0.12721610744164416,0.07727053917878117,0.027938524075540268,-0.1067025629114221,6.128221515141895,-0.31831579129283244,5.8210597018420405,-0.6244585612012774,5.523215008642579,5.076012318804874,-1.70507463621163,4.188117049443627,-2.6541757447701833,3.2120939668925894,2.726138286365057,2.4869361130342265,2.3985315574076984,2.2575214671503097,1.9915256495283842,1.6786111817856475,7.643149868365919,1.062285687572188,0.9459028298686453,7.188853225665179,0.9065056224331266,0.7451375876454904,0.5162083517086098,0.5045355297378876,0.4310955647641122,0.39269331682427333,0.4311547320655896,0.37834166902786565,6.464701215454611,-0.14431645241976368,5.934231144219871,5.7818150392707155,5.599820403412017,5.303831294972822,5.097776398691495,4.9434437919997585,4.9653607133923945,5.177510635588276,5.309347754333313,5.288339638949431,5.303546724174787,5.208815445045574,5.086329514114239,5.06673962061122,5.010952990480387,4.754380050095931,4.50453596815646,4.02715282764489,3.907571846203964,3.662589201211225,3.3873870710781255,3.132070083361985,2.8404573680923364,2.794316692363143,2.7540352508580423,2.643710448237887,2.3103001860424577,2.0313188275820915,1.848771188697141,1.7231428667975233,1.4654026830197755,1.1571008058045518,7.202893425141433,6.893733090192606,6.571475949488681,6.110616572209541,5.753436290896446,-0.8389159468371512,5.191577518985547,5.139225770090443,-1.2323653059239799,4.932424625562417,4.820319016687839
1.7709999999999158,0.25434429951777315,-0.300435421050925,4.752746551629934,4.627121634234591,4.534575162296512,4.37185783663081,4.018048155378479,3.71803204856454,3.471027947406228,9.302704045896691,2.469847066514805,2.0058125146737007,1.4675032718741723,1.000674436798522,0.5955367960773276,0.13983045818139822,6.214674253747831,-0.07492994352722612,6.239671613027563,6.361927789390678,0.10732535508342553,0.19938926032213825,0.4183062111075218,0.3726194626267721,0.2864949455599794,0.11852132159099207,0.06869247810835549,0.019629380697410565,-0.1146213058535828,6.1207703568430025,-0.32524980002815584,5.8146523728893715,-0.6303502550890758,5.517811246158148,5.071113315865702,-1.7094823611452052,4.184160731261878,-2.65764615034112,3.209072478824871,2.723575837929748,2.484775334814453,2.3967316431756625,2.2560365123665145,1.9902984412797773,1.6775677902137813,7.642210720495967,1.0613795895770466,0.9449798559632324,7.18789200544404,0.9055170311605535,0.7441666257919953,0.5153338733222939,0.5038571998946473,0.4307317814049876,0.3927651334213039,0.43177614091639954,0.37960880968407124,6.466695815829927,-0.14153218077322838,5.937775956803744,5.786073801503923,5.604725116424669,5.309299204749188,5.103674860325111,4.949636327008072,4.971705545502541,5.183867469946915,5.3155767693640925,5.294309054312527,5.3091324432690135,5.213902983927565,5.090819303970352,5.070557208423102,5.014040981401341,4.756683618902881,4.506055900623985,4.027853361942887,3.9076064410943676,3.6620433173081204,3.386386899752714,3.1307702746685235,2.8390210742357747,2.792909753450017,2.7528071112744463,2.6427904234621487,2.3098063644100892,2.031303379136921,1.8492401042684778,1.7240708157011349,1.4667482339805722,1.1587927928614916,7.204838167780905,6.895848840572539,6.573690085423952,6.112882327534006,5.755733164292278,-0.836574569927722,5.194004437827374,5.141796470208335,-1.2295789257935714,4.935498483060939,4.8237387135959935
1.7809999999999147,0.255388297390586,-0.30166625326871854,4.756546014146339,4.631299696856554,4.539094749132603,4.376646641022037,4.023001748684368,3.7229976732758674,3.4758353470683296,9.307146243733019,2.473699526052037,2.0089207490586443,1.469669273533057,1.0018018026391728,0.5955557768591315,0.13864533510870009,6.212350481391682,-0.07836981784006532,6.235146079931371,6.356374740236953,0.10085233600016531,0.19212579204065508,0.4104007687134393,0.3642686212736304,0.2778901353091144,0.10985264816065678,0.0601367982578719,0.011337680313076613,-0.12252819053332753,6.113325645525946,-0.33218209389307174,5.808243321778553,-0.6362455993831642,5.512403386532492,5.066210891693851,-1.7138921694928768,4.180203561951644,-2.6611168275650057,3.2060502576820604,2.721011023568446,2.482609986097378,2.394924707064153,2.2545422753242566,1.9890604045258133,1.6765132750747824,7.641261706253291,1.0604664269934996,0.9440537660936935,7.186932403634512,0.9045350308135163,0.743206917130034,0.514474399967576,0.5031961302813794,0.430385847842925,0.3928536741810967,0.43241160030307857,0.380886033618527,6.468695524712916,-0.1387484248710824,5.941315029933647,5.790322204840727,5.6096156039656675,5.314749827033635,5.109554030526799,4.955808470047169,4.978029652997838,5.190203878648443,5.321786188018802,5.300260162553496,5.314701605907889,5.218976183050808,5.095297488194068,5.074366505431086,5.017124545236207,4.75898713529535,4.507580520890288,4.028563715780331,3.9076554877386287,3.661515983599842,3.3854084051068623,3.1294938921902786,2.8376083210753293,2.7915247714673335,2.75159773610081,2.641884607696174,2.3093209740849567,2.0312903816488252,1.8497059897482009,1.7249912270760999,1.4680829943600886,1.1604724085441231,7.206770779045837,6.897954386627559,6.575897309391713,6.1151455703262325,5.758031970334426,-0.8342272771801561,5.196440245374266,5.144377589850082,-1.2267822245640025,4.93858083295758,4.827163463643272
1.7909999999999136,0.2564205077459225,-0.3028741850343673,4.76034569451781,4.635472487134036,4.543603363019404,4.3814190805492235,4.027934270713368,3.727939025760699,3.4806169575094925,9.311562768219776,2.4775280068515557,2.012007836715925,1.4718177809337838,1.0029157069186079,0.5955655240440328,0.13745533857619693,6.21002639394371,-0.08180511284765353,6.230630189173361,6.350836498656427,0.09439885175573251,0.18488597244817617,0.40252209569159864,0.35594601609709375,0.26931328843949165,0.101209847534227,0.05160332362158254,0.0030633370627518803,-0.13042319984061357,6.105887493011233,-0.3391124886279082,5.801832767638309,-0.6421443824273171,5.506991595126923,5.061305130300912,-1.7183040713613424,4.176245454396147,-2.6645879156520658,3.2030271571529925,2.7184437331459446,2.4804400197379555,2.393110779622322,2.2530388658561566,1.9878117155056465,1.6754478510995108,7.640303042345795,1.0595463815631716,0.9431246784367645,7.185974455529786,0.9035595670567586,0.7422583231460494,0.5136297264246339,0.5025520776014198,0.4300575129243508,0.39295870936053634,0.43306092555370707,0.3821732175774944,6.47070028941261,-0.13596516578437462,5.9448484378827295,5.794560360752587,5.6144919968211076,5.320183296237943,5.115414034545687,4.9619603305945335,4.984333128483385,5.19651994007384,5.327976080246172,5.306193031698217,5.32025428346866,5.224035120185466,5.0997641500726845,5.078167594372396,5.020203754856956,4.761290651133495,4.509109845839944,4.0292838573873375,3.9077188981848106,3.661007053887453,3.384451388817269,3.1282407008982513,2.8362188595944238,2.790161510842789,2.750406930539174,2.640992871269053,2.30884397308535,2.0312798848567915,1.8501689774145733,1.7259042980418167,1.4694072035577854,1.1621399050118222,7.208691493204967,6.900049916423814,6.578097741132853,6.1174063332970805,5.760332654625469,-0.8318742028975001,5.198884743459059,5.146968890888468,-1.2239754532963705,4.941671440974545,4.830593078001422
1.8009999999999124,0.2574409257640292,-0.3040595206288602,4.7641454749027785,4.63963997047993,4.548101056191665,4.386175287679595,4.03284591917367,3.7328563396475376,3.4853730175515087,9.315953834529635,2.481332678849389,2.015073897381725,1.473948867936607,1.0040161923563646,0.5955660653128172,0.13626049498596324,6.207702017106102,-0.08523581151788205,6.226123935828943,6.345313019441102,0.0879648038821321,0.1776696417092051,0.39466997392266295,0.3476513918962909,0.26076414217726246,0.09259268523941724,0.04309188203113131,-0.0051937332687815255,-0.13830631768517954,6.098456007624836,-0.3460408053057608,5.7954209235313865,-0.6480463981232251,5.501576033357018,5.056396114397432,-1.7227180752303513,4.172286325396559,-2.6680595484071548,3.200003036435142,2.7158738608587503,2.478265391015737,2.391289891557508,2.25152639169246,1.9865525464900355,1.6743717279677925,7.6393349403149005,1.0586196306680222,0.9421927082881564,7.185018195424153,0.9025905865120037,0.7413207079993764,0.5127996513671024,0.5019248029800641,0.4297465297532403,0.3930800127029697,0.43372393429441075,0.3834702392109767,6.472710056734234,-0.13318238630511212,5.948376252522167,5.7987883781448035,5.6193544234897095,5.325599745099538,5.12125499671518,4.968092017954484,4.990616064987014,5.202815733412631,5.334146516921111,5.312107730548959,5.32579054772076,5.229079872935456,5.104219372087203,5.08196055658278,5.023278681305089,4.763594216277705,4.510643890566555,4.0300137538145355,3.90779658428259,3.660516382979269,3.3835156548117316,3.1270104690570744,2.834852444704888,2.7888197399904007,2.7492345032421817,2.6401150868807064,2.3083753202119723,2.031271937603616,1.8506291971769615,1.7268102222467034,1.4707210968401006,1.163795530168654,7.2106005406573965,6.902135614975436,6.580291498459024,6.119664648597476,5.762635163578742,-0.829515479279915,5.201337737112058,5.1495701391545925,-1.2211588587466584,4.944770076976579,4.834027371271693
1.8109999999999113,0.25844954817188914,-0.305222556391935,4.767945239624411,4.643802112903397,4.5525878797964205,4.390915392238158,4.037736887951303,3.737749844316845,3.4901037621439577,9.320319655106797,2.4851137108943755,2.018119051275026,1.4760626100572873,1.0051033037405142,0.5955574300172223,0.1350608313175459,6.205377375860401,-0.08866189866771655,6.221627312543361,6.33980425521289,0.08155009282949126,0.17047664065531554,0.3868441879772039,0.3393844977828421,0.2522424389219788,0.08400093178546911,0.03460230502775356,-0.013433613313700903,-0.14617752897477257,6.091031294297207,-0.3529668701770036,5.78900799663073,-0.6539514457726252,5.496156858799157,5.05148392541828,-1.72713418801371,4.168326095546666,-2.671531854393103,3.196977760074485,2.7133013051152877,2.476086057573316,2.389462073738395,2.2500049585251305,1.9852830658920888,1.6732851104418274,7.638357606664824,1.0576863474324025,0.9412579681225574,7.184063656623789,0.9016280367211746,0.7403939384478119,0.5119839772651787,0.5013140718633645,0.42945265560294543,0.39321736137670293,0.43440044642205744,0.38477697708114156,6.474724773019633,-0.13040007088295524,5.951898543390821,5.803006363418606,5.624203010227234,5.330999304702474,5.127077040451423,4.974203641238434,4.996878555927372,5.209091338624617,5.340297569805749,5.318004328649883,5.331310470800525,5.234110518726754,5.108663235917853,5.0857454720211095,5.026349393833903,4.765897878643693,4.512182668431631,4.030753370984709,3.9078884577149253,3.660043826693655,3.3826010092390453,3.1258029681649644,2.833508835166357,2.7874992312242495,2.748080266236615,2.639251129549019,2.307914975031027,2.031266587855344,1.8510867766241492,1.727709189934704,1.4720249054143142,1.1654395277336735,7.212498147991662,6.904211664287826,6.582478697278673,6.121920547826838,5.764939444409497,-0.8271512364512139,5.203799034516542,5.152181104376907,-1.2183326834393877,4.947876514892124,4.837466161412206
1.8209999999999102,0.25944637321008873,-0.30636358093357136,4.771744875119505,4.647958880991479,4.557063883915106,4.395639521471485,4.042607367208361,3.7426197650122504,3.4948094224628496,9.324660439726662,2.488871270750357,2.0211434190430593,1.4781590843694332,1.0061770878158438,0.5955396490871939,0.13385637508414686,6.203052494486026,-0.0920833608844151,6.217140309650368,6.334310156548178,0.07515461805971388,0.1633068108173817,0.3790445250706274,0.3311450870696711,0.24374792609435816,0.07543436250628899,0.02613442773900327,-0.02165638418046004,-0.15403681959403343,6.083613454659065,-0.3598905145187861,5.782594188390158,-0.6598593299241533,5.490734225294117,5.046568643547649,-1.7315524151180923,4.164364689111526,-2.6750049570891843,3.193951197809901,2.710725968419196,2.4739019793560266,2.387627357197558,2.2484746700697142,1.9840034383746725,1.6721881984959202,7.637371242988597,1.056746700822796,0.940320567652566,7.1831108714577985,0.9006718661110408,0.7394778837754351,0.511182510291351,0.5007196539194535,0.42917565183000483,0.3933705359146165,0.4350902840770748,0.3860933106699089,6.476744384186111,-0.12761820556390707,5.955415377763028,5.807214420531838,5.629037881090231,5.336382104498435,5.132880288252331,4.980295309345953,5.003120695082876,5.21534683640242,5.34642931151127,5.323882896253248,5.336814125186583,5.2391271347962585,5.1130958224498855,5.0895224192937745,5.029415959949981,4.768201684256228,4.513726191121781,4.031502673742694,3.9079944300284275,3.659589241861308,3.381707260439372,3.1246179728950803,2.8321877935077304,2.786199760674462,2.746944034848847,2.6384008765581757,2.3074628978574614,2.0312638827199283,1.8515418410712774,1.7286013880102118,1.4733188565009674,1.1670721373101558,7.214384538044163,6.9062782434006635,6.584659451623018,6.1241740620414875,5.767245445126011,-0.8247816024853953,5.20626844696447,5.154801560120845,-1.2154971657401825,4.950990532636098,4.84090926966724
1.8309999999999091,0.260431400600398,-0.3074828753388606,4.775544269889158,4.65211024189188,4.561529117585742,4.400347800110163,4.047457543478447,3.74746632294821,3.499490226005828,9.328976395553235,2.49260552509811,2.024147121708732,1.4802383694106929,1.0072375931767068,0.595512754942264,0.13264715429108573,6.200727396578487,-0.09550018644970067,6.21266291528606,6.3288306720970375,0.06877827813581487,0.15615999445583487,0.371270775019164,0.3229329171634703,0.2352803559893248,0.066892757409112,0.017688088759849098,-0.029862125510964302,-0.16188417638400426,6.076202587134095,-0.3668115744893416,5.776179694709725,-0.6657698602247707,5.485308283047792,5.041650347743679,-1.7359727604997344,4.160402033909982,-2.6784789750448494,3.1909232244219887,2.7081477572556536,2.4717131185528896,2.385785773133424,2.246935628125033,1.9827138249545855,1.671081187442639,7.636376046090902,1.055800855745298,0.9393806138865658,7.18215987128948,0.8997220239592466,0.738572415722615,0.5103950602286811,0.5001413229423273,0.42891528378988897,0.3935393201548787,0.4357932716163998,0.3874191203857422,6.478768835763719,-0.12483677793093276,5.95892682071456,5.811412651058335,5.6338591579791215,5.341748272327779,5.138664861697136,4.98636713094663,5.009342576561513,5.22158230813485,5.352541815460482,5.3297435042863235,5.342301583675873,5.244129798181143,5.117517211779584,5.093291475678861,5.032478445453906,4.770505677301598,4.515274468704261,4.032261625903606,3.908114412662471,3.6591524863270517,3.380834218915066,3.1234552610382433,2.8308890859506257,2.7849211082053507,2.7458256276321613,2.6375642074081727,2.3070190497383845,2.0312638684651425,1.8519945136054532,1.729487000101462,1.4746031734048666,1.1686935944537666,7.216259929956959,6.9083355284306345,6.58683387367195,6.126425221763008,5.769553114520661,-0.8224067034331558,5.208745788812427,5.157431283729026,-1.2126525399272472,4.954111912034244,4.844356520498409
1.840999999999908,0.2614046315140449,-0.3085807133664747,4.779343314451164,4.656256163296835,4.565983628825132,4.405040350429912,4.052287599759463,3.7522897354142515,3.50414639668409,9.333267727194361,2.4963166395370693,2.027130280619972,1.4823005450926472,1.0082848701643436,0.5954767814068692,0.13143319739643092,6.198402105067309,-0.09891236526677798,6.208195115498044,6.323365748697267,0.06242097080711698,0.149036034589031,0.36352273019688325,0.3147477494606783,0.2268394856341288,0.05837590102848885,0.00926313003798636,-0.038050915535671005,-0.16971958712222582,6.068798787028668,-0.3737298909869395,5.769764706095949,-0.6716828512756311,5.479879178729097,5.036729115762691,-1.7403952267190945,4.156438061200909,-2.6819540220288673,3.187893719586161,2.705566581980645,2.469519439538777,2.383937352911691,2.245387932630791,1.9814143831035984,1.6699642680555054,7.635372208107788,1.0548489731408808,0.9384382111855547,7.1812106865278045,0.8987784603616731,0.7376774084181351,0.5096214403815736,0.49957885675802793,0.4286713207546345,0.39372350118273597,0.4365092355865701,0.3887542875696792,6.4807980729310835,-0.1220557770464492,5.962432935186831,5.8156011542459565,5.638666960680594,5.3470979344405745,5.144430881446433,4.9924192144626955,5.015544294771511,5.22779783587109,5.358635155851143,5.335586224319012,5.347772919360309,5.2491185857087155,5.121927483220508,5.097052717150093,5.0355369144802085,4.772809900178762,4.516827509680915,4.033030190299447,3.9082483169771076,3.6587334189511567,3.3799816973019547,3.1223146134469864,2.829612482334761,2.783663057335656,2.7447248662958774,2.636741003765468,2.306583392436658,2.0312665905357847,1.8524449151300804,1.7303662066224337,1.4758780755847039,1.170304130739682,7.218124539234902,6.910383692613843,6.589002073779828,6.128674056986566,5.77186240216098,-0.8200266633483626,5.211230877437791,5.16007005626208,-1.209799036261747,4.957240438749052,4.847807741517664
1.850999999999907,0.2623660685406675,-0.3096573616409465,4.783141901294035,4.660396613428008,4.5704274646510585,4.409717292311381,4.057097715603793,3.7570902158759165,3.508778154911148,9.337534636754881,2.5000047785868613,2.030093017400923,1.4843456926142726,1.0093189707684946,0.5954317636294365,0.13021453327369056,6.196076642233639,-0.10231988879008705,6.203736894350148,6.3179153314835235,0.05608259309048371,0.1419347750198116,0.35580018549369724,0.30658934924683756,0.21842507665135183,0.04988358228540129,0.0008593967632165825,-0.04622283112668074,-0.17754304050339179,6.061402146618707,-0.3806453095133199,5.763349407817062,-0.6775981224922508,5.474447055565164,5.031805024183019,-1.7448198149935559,4.1524727055730635,-2.685430207174016,3.1848625677299065,2.7029823567131053,2.4673209088177828,2.382082128066238,2.243831681723178,1.980105266846459,1.668837626688298,7.6343599166233655,1.053891210078483,0.937493461318942,7.180263346639082,0.8978411262010826,0.7367927383133784,0.5088614674889614,0.49903203713316185,0.4284435358323267,0.3939228692733653,0.4372380046969639,0.39009869450063733,6.482832040549781,-0.11927519339662505,5.96593378204936,5.819780027073344,5.643461406909339,5.352431215517614,5.1501784672426885,4.9984516680523905,5.021725944392811,5.233993502285683,5.364709407620045,5.341411128532155,5.353228205604051,5.254093573986735,5.126326715309899,5.100806218400528,5.038591429536552,4.775114393549273,4.51838532104058,4.033808328824175,3.908396054279823,3.6583318996102245,3.37914951034106,3.121195813980877,2.828357756045205,2.7824253951608124,2.743641575636238,2.6359311494147604,2.3061558884146818,2.0312720935702195,1.8528931644079611,1.7312391848333095,1.4771437787213184,1.1719039738286667,7.219978577802115,6.912422906347899,6.591164160501164,6.1309205971891885,5.774173258380679,-0.8176416043144707,5.2137235331951866,5.162717662440104,-1.2069368810571046,4.960375902207204,4.851262763422064
1.8609999999999058,0.2633157156579249,-0.3107130798389715,4.78693992483263,4.664531561022359,4.574860671104426,4.414378743298653,4.06188806720596,3.761867974072523,3.513385717688556,9.341777323887882,2.5036701056887045,2.033035453904966,1.486373894378838,1.0103399485331241,0.5953777380050675,0.12899119117645896,6.193751029727538,-0.10572274995769551,6.199288234022836,6.312479363991724,0.04976304134775672,0.13485606036033693,0.3481029382743155,0.2984574855992011,0.21003689512661583,0.0414155943513176,-0.007523262739248221,-0.054377947848883765,-0.18535452612053271,6.054012755233764,-0.38755768004145624,5.756933980053454,-0.6835154979688536,5.469012053433868,5.026878148428451,-1.7492465252482492,4.148505904838421,-2.6889076351174683,3.1818296578940863,2.7003949992298595,2.4651174949677896,2.3802201302995614,2.24226697178853,1.978786626855951,1.6677014453910803,7.633339354783528,1.052927719845978,0.9365464635193241,7.179317880158791,0.8969099731170063,0.7359182841185091,0.5081149616398436,0.4985006496856962,0.4282317058883838,0.3941372178357654,0.4379794097931997,0.3914522244000266,6.484870683197356,-0.11649501883743661,5.96942942016057,5.823949364305397,5.648242612349097,5.357748238691387,5.155907737911176,5.00446459959403,5.0278876203493645,5.240169390644335,5.3707646464078636,5.347218289686555,5.358667516021408,5.259054839394186,5.130714985815277,5.104552052866004,5.041642051542165,4.777419196385968,4.519947908309975,4.034596002477249,3.908557535851186,3.6579477891976535,3.378337474850754,3.1200986494530953,2.8271246839414426,2.7812079122771847,2.742575583469001,2.6351345302118565,2.3057365008183655,2.0312804214162776,1.8533393781032066,1.7321061088995309,1.4784004947846345,1.1734933475321252,7.221822254057805,6.914453337233681,6.59332024061618,6.133164871337976,5.776485634270654,-0.8152516464708669,5.216223579373216,5.165373890584746,-1.204066296747213,4.963518095528513,4.854721419930274
1.8709999999999047,0.2642535782017509,-0.31174812086992654,4.790737281365272,4.668660975318915,4.579283293271328,4.419024818656444,4.066658827487818,3.7666232161118574,3.5179692986887425,9.345995985844011,2.50731278320668,2.0359577121694934,1.488385233914109,1.0113478584660918,0.595314742101665,0.12776320070492356,6.191425288584978,-0.1091209431262273,6.1948491149095215,6.307057788258906,0.04346221135955725,0.12779973605526757,0.34043078833812057,0.2903519312924684,0.20167471148081878,0.032971734517008064,-0.015884997111694787,-0.06251634000922383,-0.19315403444670146,6.046630699338463,-0.39446685688749655,5.750518598043459,-0.6894348063467627,5.463574308953779,5.021948562791274,-1.7536753561650589,4.144537599928887,-2.6923864061369867,3.178794883598166,2.6978044308633025,2.4629091685862012,2.3783513914827648,2.2406938975151247,1.9774586105451015,1.6665559020230296,7.632310701406798,1.0519586520390558,0.9355973145362532,7.178374314703574,0.8959849534768276,0.7350539267405911,0.5073817461911103,0.4979844837979741,0.4280356114686031,0.3943663433576727,0.43873328383070265,0.39281476143570354,6.486913945199012,-0.11371524654242203,5.972919906426938,5.828109258547513,5.653010690693044,5.363049125566997,5.161618811361333,5.01045811667077,5.034029417782219,5.2463255847705055,5.376800948524747,5.353007781092685,5.364090924455318,5.264002458072484,5.135092371741165,5.108290292748304,5.044688839865499,4.779724346020481,4.521515275603147,4.035393171405745,3.9087326729694363,3.657580949623707,3.3775454096993447,3.119022909578207,2.825913046288187,2.780010402708216,2.7415267205636953,2.6343510340376177,2.30532519346131,2.031291617146555,1.8537836708220088,1.732967149949493,1.479648432099296,1.1750724718761267,7.223655772931416,6.91647515011673,6.595470419156221,6.135406907898257,5.778799481669977,-0.8128569080391274,5.218730842151499,5.168038532561954,-1.2011875019535685,4.96666681545635,4.858183547720717
1.8809999999999036,0.26517966283723654,-0.31276273105080027,4.7945338690323265,4.672784826046397,4.583695375304999,4.423655631426058,4.0714101661813755,3.7713561445618966,3.522529108335035,9.350190817519085,2.510932972428922,2.0388599143723876,1.4903797957957392,1.0123427569526102,0.5952428145893501,0.12653059177413903,6.189099439244489,-0.11251446400823646,6.190419515708922,6.3016505449187665,0.037179998395605596,0.12076564840336651,0.33278353787993137,0.28227246270753015,0.19333830034672786,0.02455180406594605,-0.0242259520631648,-0.07063808070414049,-0.20094155681713446,6.039256062611383,-0.40137269858673685,5.744103432224648,-0.6953558806867197,5.458133955571584,5.0170163404549175,-1.75810630522989,4.140567734796271,-2.6958666162830736,3.175758142709253,2.6952105764017302,2.460695902236833,2.376475943655136,2.2391125519431747,1.976121362156624,1.6654011703621592,7.631274131092351,1.0509841526480712,0.934646108689009,7.177432676983353,0.89506602034802,0.734199549223588,0.5066616476875964,0.4974833325318933,0.42785503672392844,0.39461004535148164,0.43949946184844446,0.39418619072529415,6.488961770658001,-0.11093587095208442,5.9764052958605705,5.832259800298594,5.657765753683494,5.368333996243005,5.167311804588486,5.01643232655603,5.0401514320233956,5.2524621690127935,5.382818390916664,5.358779676581072,5.369498504956424,5.268936505917091,5.139458949335956,5.1120210090380445,5.047731852361165,4.78202987818957,4.523087425669497,4.036199794945065,3.9089213769340487,3.6572312438152115,3.376773135778081,3.117968386921122,2.824722626687901,2.77883266383242,2.74049482057948,2.6335805507529457,2.304921930809196,2.0313057230731353,1.85422615515231,1.733822476130917,1.4808877954090316,1.1766415631644258,7.225479335937089,6.918488507128294,6.597614799429011,6.137646734841681,5.781114753156893,-0.8104575053491742,5.221245150558033,5.1707113837253855,-1.198300711551323,4.9698218622895025,4.86164898637136
1.8909999999999025,0.26609397753012215,-0.3137571502757224,4.798329587776172,4.676903083411637,4.5880969604476425,4.428271292480053,4.076142249909277,3.776066958539676,3.5270653538790255,9.354362011499951,2.514530833568739,2.041742182790169,1.4923576655737263,1.0133247016723284,0.595161995173025,0.1252933945839799,6.186773501563524,-0.1159033096119351,6.185999413513626,6.296257573293019,0.030916297281705155,0.11375364457759314,0.3251609914516247,0.27421885974311094,0.18502744044976854,0.016155608152127496,-0.0325462704651869,-0.07874324186524899,-0.20871708541186565,6.031888926021458,-0.4082750677734916,5.7376886483707485,-0.7012785583450083,5.452691123647071,5.012081553516169,-1.762539368778255,4.136596256315419,-2.6993483575071906,3.1727193373148435,2.6926133639922787,2.4584776703979374,2.3745938190233375,2.2375230265130863,1.9747750228496808,1.6642374202120254,7.63022981432529,1.050004364142894,0.9336929379183923,7.176492992813578,0.8941531274714998,0.7333550366901879,0.5059544957842969,0.4969969925461924,0.427689769336899,0.39486812630115353,0.4402777809428655,0.3955663983389191,6.491014103484808,-0.10815688772488964,5.979885641635211,5.836401078002871,5.662507911150938,5.3736029693321585,5.172986833675954,5.022387336199564,5.046253758570516,5.258579228213114,5.3888170511324995,5.364534050473383,5.3748903317627335,5.273857058569543,5.143814794098883,5.115744271537281,5.050771145406123,4.784335827080315,4.524664359940428,4.037015831658302,3.909123559088317,3.6568985357148946,3.3760204759745713,3.1169348768471816,2.823553212014957,2.7776744963131734,2.7394797200025853,2.632822972154792,2.3045266779643834,2.031322780761766,1.8546669417024058,1.7346722526659373,1.4821187859397744,1.178200834040481,7.227293141227458,6.920493567725985,6.599753483043735,6.13988437965422,5.783431402039797,-0.8080535528653147,5.223766336426897,5.173392242860489,-1.1954061367342734,4.972983039815469,4.865117578301063
1.9009999999999014,0.2669965315188866,-0.31473161218026946,4.8021243393025,4.681015718088756,4.59248809105209,4.432871910575689,4.080855242263045,3.7807558537973978,3.531578239475354,9.358509758108783,2.5181065257656927,2.04460463975775,1.4943189297018251,1.0142937515199033,0.5950723245279448,0.12405163959068924,6.184447494834465,-0.1192874781831888,6.181588783895028,6.290878811478774,0.02467100246353177,0.10676357264375468,0.31756295592458683,0.2661909057302013,0.1767419144928528,0.007782955682147561,-0.04084609244410907,-0.08683189430331542,-0.2164806132387698,6.024529367902015,-0.415173831064724,5.7312744077243725,-0.7072026808532696,5.447245940535729,5.007144273007021,-1.7669745420392466,4.132623114190376,-2.702831717786163,3.1696783735991687,2.690012725046389,2.456254449411353,2.37270504996024,2.2359254111120466,1.9734197307840509,1.6630648175054952,7.629177917579257,1.049019425555812,0.9327378918375455,7.175555287127551,0.8932462292360503,0.7325202762853962,0.5052601231706908,0.49652526401579117,0.42753960044974,0.39514039161009623,0.44106808024198413,0.39695527130134717,6.49307088742513,-0.10537829368981193,5.983360995140749,5.840533178100533,5.667237271052419,5.378856161982037,5.178644013797469,5.028323252214142,5.052336493062191,5.264676847675636,5.39479700729189,5.37027097755417,5.380266479279825,5.278764191409838,5.1481599807870895,5.119460148881813,5.05380677393514,4.786642225374196,4.526246078574672,4.037841239374301,3.909339130840997,3.65658269028039,3.375287255146603,3.1159221774733514,2.8224045923513987,2.7765357040302403,2.7384812580852653,2.6320781919331764,2.3041394006507327,2.0313428310455226,1.8551061391385306,1.7355166419049444,1.483341601461562,1.1797504935484866,7.229097383646772,6.9224904887340575,6.601886569935953,6.142119869344119,5.785749382348228,-0.805645163212155,5.22629423435631,5.17608091212926,-1.1925039850787882,4.976150155245128,4.868589168712449
1.9109999999999003,0.2678873352874189,-0.3156863443007208,4.805918027042912,4.685122701209034,4.596868808603285,4.437457592407155,4.085549303879124,3.785423022805869,3.536067966254025,9.362634245445816,2.5216602070866587,2.047447407629755,1.496263675469802,1.0152499665289083,0.5949738442381648,0.12280535747994317,6.182121437800338,-0.12266696914969605,6.1771876009847535,6.285514196432097,0.01844400806736471,0.09979528157778096,0.30998924045296833,0.2581883873491765,0.1684815090450973,-0.000566340798620594,-0.04912555547015144,-0.09490410775058356,-0.2242321341170159,6.017177464022525,-0.42206885894730983,5.724860867125643,-0.7131280938018967,5.441798530669022,5.002204568916079,-1.7714118191779575,4.1286482608635255,-2.7063167812429003,3.166635161723034,2.687408594147736,2.4540262174327436,2.370809669003419,2.234319794118991,1.9720556212017797,1.6618835244056618,7.628118603416426,1.048029472562519,0.9317810577818214,7.174619583988884,0.8923452806537842,0.7316951571218471,0.5045783654971132,0.49606795055313285,0.42740432459405886,0.39542664954999807,0.44187020087970197,0.39835269759360614,6.495132066086708,-0.10260008680037865,5.986831406036256,5.844656185077219,5.671953939509224,5.3840936898955745,5.184283459219928,5.034240180862836,5.058399731254132,5.270755113136499,5.400758338053796,5.375990533043297,5.385627022061636,5.283657979549212,5.152494583422784,5.123168708563185,5.056838791475522,4.7889491042900865,4.527832580502319,4.038675975224462,3.9095680036870397,3.656283573482925,3.3745733000963662,3.1149300896204988,2.821276560924254,2.775416094012995,2.7374992767862385,2.6313461056291674,2.3037600651986474,2.0313659140379765,1.8555438542214546,1.7363558033792097,1.4845564363492456,1.1812907471934286,7.230892254783318,6.924479424383283,6.604014158392313,6.144353230449743,5.788068648823858,-0.8032324472003716,5.22882868166704,5.178777197015698,-1.1895944606066757,4.979323019148782,4.872063605536257
1.9209999999998992,0.2687664005382571,-0.31662156822843396,4.809710556118727,4.689224004351433,4.601239153739569,4.4420284426565795,4.090224592512802,3.7900686548353737,3.5405347323903618,9.366735659430653,2.525192034526884,2.0502706087433578,1.4981919909384322,1.0161934077989492,0.5948665967377407,0.12155457914135634,6.1797953486701775,-0.12604178306727146,6.172795837552756,6.280163664047884,0.012235207957887198,0.09284862128168413,0.3024396564377157,0.25021109454950236,0.16024601443428793,-0.008892465215894292,-0.057384794443295674,-0.10295995090150777,-0.23197164266090925,6.00983328765813,-0.4289600256688089,5.7184481791368995,-0.7190546467268962,5.436349015632413,4.997262510209583,-1.7758511933364032,4.12467165142756,-2.7098036282635327,3.163589615707055,2.6848009089625644,2.451792954382938,2.3689077088533463,2.2327062624480205,1.9706828265063898,1.660693699403983,7.62705203058494,1.0470346375612367,0.9308225208577071,7.17368590660397,0.8914502373366006,0.7308795702267794,0.5039090613031177,0.4956248591314778,0.4272837396221094,0.39572671121059927,0.4426839859703085,0.3997585661540745,6.497197582965056,-0.09982226609016848,5.99029692230159,5.848770181512372,5.676658020843939,5.38931566735143,5.18990528330643,5.040138228046893,5.064443568995991,5.276814110734273,5.406701122585809,5.3816927925690266,5.390972034791762,5.288538497823254,5.156818675300458,5.126870016950386,5.059867250181139,4.791256493626176,4.529423863467591,4.0395199956783205,3.909810089227459,3.65600105230571,3.3738784395450656,3.1139584167667005,2.820168914044344,2.774315476375277,2.736533620712569,2.630626610593835,2.3033886385303384,2.031392069145893,1.8559801918421224,1.7371898938523402,1.4857634816420278,1.1828217970001758,7.232677943021185,6.926460526350428,6.60613634507507,6.146584489047359,5.790389156911508,-0.8008155138523327,5.231369518361222,5.181480906271952,-1.1866777638470123,4.982501445393525,4.8755407393771275
1.9309999999998981,0.26963374016638136,-0.3175374997594978,4.813501833305974,4.6933195995337575,4.605599166273737,4.446584564043875,4.094881263110059,3.794692936034061,3.5449787331726763,9.370814183842134,2.528702164011057,2.0530743653825922,1.5001039648771308,1.0171241374258575,0.5947506252545595,0.12029933564435637,6.177469245134093,-0.12941192156815493,6.168413465082181,6.27482714923624,0.006044495793180147,0.08592344259826258,0.2949140174913565,0.24225882047193387,0.15203522464295224,-0.0171955980725407,-0.06562394177612291,-0.11099949145194513,-0.2396991342641056,6.00249690965707,-0.43584720913162456,5.712036492163566,-0.7249821930001183,5.430897514241187,4.99231816485202,-1.7802926566730097,4.1206932435402255,-2.71329233561107,3.160541653318198,2.682189610152375,2.449554641900317,2.3669992023712916,2.2310849015903185,1.9693014763397292,1.6594954974157246,7.625978354113885,1.046035049750008,0.9298623639908195,7.172754277334567,0.8905610554736064,0.7300734084906276,0.5032520519477803,0.4951958000100978,0.4271776466395878,0.3960403904503863,0.44350928058319183,0.40117276687908376,6.499267381468132,-0.09704483162971793,5.993757590287599,5.852875248126483,5.681349617616834,5.394522207224239,5.195509598519597,5.0460174992941464,5.0704681022089,5.282853926981188,5.412625440534178,5.3873778321417465,5.396301592265316,5.293405820785365,5.161132328994161,5.130564139311238,5.062892200865741,4.793564421800855,4.531019924070393,4.040373256577975,3.9100652991883584,3.6557349947420392,3.373202504107916,3.1130069650015737,2.81908145104656,2.7732336642518414,2.7355841370629466,2.629919605948121,2.3030250881453282,2.0314213350814927,1.856415255056382,1.7380190673705849,1.4869629251018615,1.1843438415716157,7.234454633591326,6.928433943797315,6.6082532250463935,6.148813670758816,5.792710862750168,-0.7983944704275567,5.233916587081543,5.1841918518651635,-1.1837540918969278,4.985685251081935,4.879020423460778
1.940999999999897,0.2704893682335482,-0.3184343490398228,4.817291767001519,4.6974094592043585,4.609948885213866,4.451126057375403,4.099519467877407,3.7992960495039343,3.549400161067756,9.374870000356932,2.5321907503944074,2.0558587997440947,1.5019996867041276,1.0180422184348312,0.5946259737566866,0.11903965821535918,6.175143144377998,-0.13277738731127395,6.164040453841129,6.269504585995476,-0.00012823492297025152,0.07901959732460664,0.2874121394035139,0.2343313613731156,0.14384893720790753,-0.02547591655096547,-0.07384312747370833,-0.11902279613685864,-0.24741460508417906,5.995168398506036,-0.4427302907904373,5.705625950571342,-0.730910589722747,5.42544414261415,4.987371599826319,-1.7847362004007108,4.116712997341725,-2.7167829765357085,3.157491195959515,2.6795746412888866,2.447311263294256,2.3650841825769566,2.2294557956546184,1.9679116976565272,1.658289069872778,7.624897725405829,1.0450308352021993,0.9289006679729858,7.171824717710392,0.8896776918094628,0.7292765666171795,0.5026071815418857,0.49478058666132413,0.42708584993992604,0.39636750384819086,0.4443459317177611,0.40259519062305166,6.501341404939968,-0.09426778448479418,5.997213454764977,5.856971463827255,5.686028830661596,5.399713421004692,5.201096516425144,5.05187809974799,5.076473426863695,5.288874648735074,5.418531371994565,5.393045728128371,5.401615769371291,5.298260022700546,5.165435616364823,5.134251139833453,5.0659136930355775,4.795872915892576,4.532620757806691,4.041235713171351,3.910333545439154,3.6554852697931284,3.372545326269521,3.1120755429815903,2.8180139742315466,2.772170473736345,2.7346506755723303,2.6292249925436306,2.3026693821061723,2.0314537498742844,1.8568491451188196,1.7388434753120292,1.488154951270727,1.1858570761458516,7.236222508621948,6.930399823409459,6.610364891792457,6.151040800759144,5.795033723164046,-0.7959694224479982,5.23646973307084,5.186909848925008,-1.1808236384813695,4.988874256492039,4.882502513582523
1.950999999999896,0.2713332999431519,-0.3193123207058182,4.8210802671902675,4.701493556234397,4.614288348783899,4.455653021591499,4.104139356349785,3.8038781753745297,3.553799205784251,9.378903288586848,2.535657947463855,2.058624033904227,1.5038792464290867,1.0189477147164117,0.5944926869011221,0.11777557821618109,6.172817063098025,-0.13613818393438593,6.159676772951473,6.264195907481875,-0.006283090791339454,0.07213693822446043,0.2799338401071294,0.22642851655249682,0.13568695312315704,-0.033733594611963784,-0.08204247921067691,-0.12702993076658112,-0.2551180520275289,5.987847820393555,-0.4496091555527999,5.699216694799804,-0.7368396976219511,5.419989014245236,4.982422881153667,-1.7891818148237155,4.112730875374709,-2.7202756208818624,3.154438168563002,2.6769559487712264,2.4450628034996016,2.3631626826458754,2.227819027406283,1.966513614796731,1.657074564813931,7.623810292327021,1.0440221169402544,0.9279375115084214,7.170897248441773,0.8888001036236245,0.7284889410752534,0.5019742968819472,0.4943790356994016,0.42700815694004884,0.39670787065567986,0.4451937882785843,0.4040257291981714,6.503419596683308,-0.09149112667599202,6.000664558971785,5.861058905754694,5.690695759120421,5.404889418819457,5.206666147695704,5.0577201341568605,5.082459638959823,5.29487636317205,5.424418997483485,5.398696557227355,5.406914641075436,5.303101177539488,5.169728608567604,5.137931081645397,5.068931774921335,4.798182001678739,4.534226359107727,4.0421073201443924,3.9106147400100224,3.655251747465694,3.3719067403596146,3.1111639618863505,2.8169662888087665,2.771125723820843,2.7337330884579196,2.6285426729243118,2.302321489024426,2.0314893508824983,1.8572819615157437,1.7396632664347091,1.4893397415268141,1.1873616926524682,7.237981747188222,6.932358309434291,6.612471437247306,6.153265903784053,5.797357695653639,-0.7935404737231532,5.2390288041321,5.189634715691948,-1.177886594011846,4.992068285018537,4.885986868057106
1.9609999999998948,0.2721655516156032,-0.3201716140207978,4.824867245413416,4.705571863910608,4.618617594443948,4.460165553812877,4.108741075456559,3.8084394908743606,3.558176054334042,9.382914226114911,2.5391039079392064,2.0613701897875494,1.5057427345980796,1.0198406909651767,0.5943508099848592,0.11650712712362472,6.1704910175146175,-0.1394943160080334,6.155322390454805,6.258901046076367,-0.01242017846999549,0.06527531903949317,0.2724789396453714,0.21855008828147773,0.12754907674601168,-0.04196880309016201,-0.090222122405521,-0.1350209602616892,-0.26280947273460953,5.980535239271471,-0.45648369168278696,5.6928088614725665,-0.742769380950604,5.414532240073104,4.9774720739129075,-1.7936294893729905,4.1087468425067595,-2.723770335192037,3.151382499485474,2.6743334817452986,2.4428092490321482,2.3612347359065735,2.2261746783050333,1.965107349555691,1.6558521269726578,7.622716199295263,1.0430090150077387,0.9269729712590189,7.169971889432303,0.8879282487104412,0.7277104300518474,0.5013532473860101,0.49399096681110216,0.4269443781175591,0.39706131275072104,0.4460527010507465,0.4054642753736784,6.5055018999813115,-0.08871486113961503,6.004110944659688,5.865137649325157,5.6953505004784635,5.410050309450933,5.212218602114861,5.06354370686423,5.088426834504898,5.300859157759918,5.430288397910482,5.4043303964443545,5.412198282403639,5.307929358972974,5.174011376059275,5.141604026836501,5.0719464935093885,4.800491703673575,4.535836721378129,4.042988031652182,3.910908795108607,3.6550342987692965,3.371286582529177,3.11027203537579,2.815938202840891,2.7700992363367356,2.732831230366414,2.627872551289009,2.3019813780468374,2.0315281748041416,1.8577138019973418,1.7404785869236743,1.4905174741396339,1.188857879767878,7.239732525361299,6.934309543718928,6.614572951816489,6.155489004137348,5.799682738386839,-0.7911077263749736,5.2415936505889,5.192366273466196,-1.174943145644165,4.995267163115247,4.889473347669804
1.9709999999998937,0.27298614066420984,-0.3210124230072613,4.828652614737691,4.709644355928516,4.622936658910335,4.464663749385917,4.113324769585671,3.8129801704002038,3.562530891091669,9.386902988530357,2.542528783474426,2.064097389136591,1.507590242240832,1.0207212126210412,0.5942003888981464,0.11523433651018178,6.16816502338631,-0.1428457889912457,6.15097727337565,6.253619933448222,-0.018539604629390385,0.058434594499529584,0.26504726013921076,0.21069588173470677,0.11943511570632045,-0.05018170978617333,-0.09838218029227681,-0.14299594868653442,-0.2704888655654704,5.973230716914581,-0.4633537907075975,5.686402583504074,-0.7486995073899759,5.409073928548765,4.972519242259546,-1.7980792126405074,4.104760865855295,-2.7272671828076316,3.1483241204073877,2.671707192025257,2.4405505879451157,2.3593003758375377,2.2245228285413843,1.9636930212522585,1.6546218978625025,7.621615587365568,1.041991646539706,0.9260071218887609,7.169048659791525,0.8870620853600849,0.726940933406718,0.5007438850311884,0.4936162026880538,0.42689432694932145,0.3974276545916074,0.4469225226754329,0.4069107228747181,6.5075882581183055,-0.08593899168980117,6.007552652138939,5.869207768274382,5.6999931505976456,5.415196200356815,5.217753988581405,5.069348921799085,5.094375109494912,5.306823120232271,5.436139654550968,5.409947323068498,5.417466768425796,5.312744640366559,5.178283988605609,5.145270036477377,5.074957894572391,4.802802045165107,4.537451837032932,4.043877801349034,3.9112156231360036,3.654832795713455,3.3706846907269066,3.109399579548295,2.8149295271894936,2.769090835897129,2.7319449583225266,2.627214533454864,2.30164901884178,2.0315702576876857,1.8581447626090373,1.741289580437029,1.4916883243240775,1.1903458229697634,7.241475016256668,6.936253665747531,6.616669524400457,6.157710125698232,5.802008810190063,-0.7886712808625826,5.244164125246253,5.195104346557377,-1.1719934773351806,4.998470720238767,4.8929618156287535
1.9809999999998926,0.27379508557154975,-0.32183493657517853,4.8324362897255595,4.713711006386109,4.627245578175349,4.4691477019268735,4.117890580646014,3.8175003855843026,3.566863897851896,9.390869749462464,2.545932724658979,2.066805753482885,1.5094218608201497,1.021589345813062,0.5940414700798573,0.11395723802579608,6.165839096023192,-0.1461926091889232,6.146641387782059,6.248352500615899,-0.024641475909711066,0.05161462033178872,0.2576386257556439,0.20286570492345213,0.11134488081869542,-0.058372479555586256,-0.10652277398965415,-0.15095495928147717,-0.2781562295855924,5.965934312978496,-0.4702193473270096,5.679997990203174,-0.7546299479553088,5.403614185701306,4.967564449444373,-1.8025309724123029,4.100772914714809,-2.730766223966769,3.145262966234507,2.6690770340170467,2.438286809786601,2.3573596360639826,2.2228635570718316,1.962270746794864,1.653384015860117,7.620508594313621,1.040970125831431,0.9250400361072716,7.168127577847598,0.8862015723402764,0.7261803526283432,0.5001460642928879,0.49325456896074166,0.42685781985141086,0.3978067231721281,0.4478031076257388,0.40836496638083153,6.509678614399671,-0.08316352298185566,6.010989720322131,5.8732693346995095,5.704623803749846,5.4203271976894705,5.223272415113775,5.075135882466872,5.10030455989506,5.312768338563292,5.44197284901977,5.415547414649282,5.422720174240151,5.317547094775541,5.182546515288767,5.148929170639592,5.0779660226992025,4.805113048251175,4.539071697533533,4.044776582417607,3.9115351367020583,3.6546471113045493,3.370100904676037,3.1085464128997007,2.8139400754620016,2.768100349840574,2.7310741316787226,2.626568526821546,2.3013243815859217,2.031615634942414,1.8585749377220784,1.742096388150979,1.4928524642934518,1.191825704590625,7.2432093900818275,6.938190812678204,6.618761242417721,6.159929291928533,5.804335870539432,-0.7862312360067841,5.246740083351893,5.197848762234903,-1.1690377698985481,5.00167878879331,4.8964521375184695
1.9909999999998915,0.27459240586632494,-0.32263933864641386,4.836218186406347,4.717771789777906,4.6315443875266915,4.473617503365024,4.122438648128071,3.8220003053595604,3.5711752538854853,9.394814680613377,2.5493158810192624,2.0694954041192277,1.511237682183451,1.022445157305646,0.5938741004748778,0.11267586338063416,6.163513250300056,-0.1495347837108425,6.142314698843667,6.2430986780051665,-0.030725898880394505,0.044815253269177124,0.2502528626765437,0.1950593686309739,0.10327818599762377,-0.06654127439490023,-0.1146440225677093,-0.15889805449386846,-0.2858115645520084,5.958646085055798,-0.47708025932559067,5.6735952073735465,-0.7605605769041838,5.398153115201748,4.962607757831674,-1.8069847557003862,4.0967829604863635,-2.734267515899239,3.142198975002349,2.6664429646439527,2.4360179055579887,2.355412550354454,2.221196941652829,1.9608406407456362,1.6521386162860237,7.619395354717112,1.0399445644055405,0.9240717847125186,7.167208661159975,0.8853466688787787,0.7254285907912299,0.4995596420856685,0.49290589413413866,0.42683467612039505,0.3981983479774692,0.4486943121827126,0.40982690152408324,6.511772912170859,-0.08038846047675517,6.014422186766766,5.877322419100126,5.7092425526494575,5.425443406315138,5.22877398885469,5.080904691940909,5.106215281621208,5.3186949009432345,5.447788063245332,5.421130748974057,5.427958574958115,5.3223367949401945,5.186799024514703,5.152581488415124,5.080970921324175,4.807424733874556,4.540696293422646,4.045684327597039,3.9118672486400015,3.654477119542519,3.3695350658515153,3.10771235628315,2.8129696639598634,2.7671276081761373,2.730218612066139,2.625934440336306,2.3010074369511284,2.031664341348439,1.8590044200633828,1.7428991488039134,1.4940100633115034,1.193297703870446,7.244935814183278,6.940121119379458,6.620848191827748,6.162146525879803,5.806663879551982,-0.7837876890143602,5.2493213825580165,5.200599350679059,-1.1660762010595156,5.004891204076688,4.899944181254537
2.0009999999998906,0.2753781221006846,-0.32342580827541256,4.839998222248232,4.721826680989402,4.635833121566643,4.478073243984761,4.12696910916285,3.8264800960227885,3.5754651359932446,9.398737951789924,2.5526784010201284,2.0721664620731226,1.5130377985163246,1.0232887144470617,0.5936983274934243,0.11139024432881411,6.16118750066924,-0.1528723204322242,6.137997170887328,6.237858395504595,-0.03679298000171456,0.038036351057681134,0.24288979906812272,0.18727668634982594,0.09523484817536194,-0.07468825352451852,-0.12274604311214903,-0.16682529600782228,-0.2934548708996965,5.951366088730531,-0.4839364274875724,5.667194357411104,-0.7664912716475994,5.392690818425106,4.957649228917078,-1.8114405487735519,4.092790976609284,-2.7377711129186437,3.1391320877833273,2.663804943274105,2.4337438676732996,2.353459152617267,2.2195230588736106,1.9594028153826204,1.6508858314831674,7.618276000034993,1.0389150710775792,0.9231024366326807,7.166291926532042,0.8844973346466314,0.7246855525145206,0.4989844777057025,0.4925700095249231,0.4268247178759217,0.39860236094093154,0.44959599441163167,0.41129642488684587,6.513871094835588,-0.0776138104067872,6.017850087716654,5.881367090418332,5.71384948848533,5.430544929832912,5.2342588160759345,5.086655452854228,5.112107370521938,5.324602895754587,5.453585379444596,5.42669740404612,5.433182045689541,5.327113813281251,5.191041584020546,5.15622704793549,5.083972632755801,4.809737121857188,4.542325614358234,4.046600989210172,3.9122118720204417,3.654322695417376,3.368987017457503,3.1068972328697875,2.812018111627911,2.7661724435297725,2.7293782633466726,2.6253121844598115,2.3006981560916056,2.03171641106641,1.8594333007446602,1.7436979987395418,1.495161287743463,1.1947619970084862,7.246654453092855,6.942044718466222,6.6229304571536245,6.164361850200342,5.808992797976921,-0.7813407355021482,5.251907882883446,5.203355944932791,-1.1631089455087507,5.00810780422743,4.903437817039405
2.0109999999998895,0.2761522558280065,-0.32419451976627334,4.843776316131101,4.725875655291872,4.640111814230899,4.482515012466664,4.131482098579217,3.830939921296079,3.579733718558423,9.402639730934489,2.556020432066508,2.0748190480813697,1.514822302298037,1.0241200851201686,0.5935141989722068,0.11010041265304275,6.158861861173165,-0.15620522795580752,6.133688767450418,6.232631582518547,-0.042842825588352826,0.03127777246290106,0.23554926505099036,0.17951747422101966,0.08721468722251143,-0.08281357346890443,-0.13082895078634973,-0.17473674477282136,-0.30108614972823644,5.944094377631103,-0.4907877555142999,5.660795559398453,-0.7724219126636767,5.3872273945106866,4.952688923345001,-1.8158983371871262,4.088796938494959,-2.7412770665118344,3.136062248596499,2.6611629316498906,2.431464689919463,2.3514994768968105,2.217841984187887,1.9579573807601602,1.6496257908933134,7.61715065868472,1.037881752020047,0.9221320589671901,7.165377390023745,0.8836535297420958,0.7239511439218651,0.49842043277478215,0.4922467492002447,0.42682777000457905,0.39901859640145,0.45050801413851693,0.41277343399926286,6.5159731058732415,-0.07483957974229036,6.02127345814219,5.885403416077894,5.718444700952115,5.435631870593527,5.239727002183319,5.092388267391847,5.117980922361193,5.3304924115488825,5.45936488009854,5.43224745806338,5.438390661528443,5.331878221895635,5.195274260881966,5.159865906390552,5.086971198204721,4.812050230933546,4.543959649146502,4.047526519189873,3.912568920164747,3.654183714905534,3.368456604405233,3.1061008681102726,2.8110852400048776,2.7652346910919547,2.728552951566184,2.624701671132763,2.300396510631278,2.0317718776469245,1.859861669290844,1.7444930719491214,1.496306301106122,1.196218757214221,7.24836546857339,6.94396174033541,6.625008121504445,6.166575287142109,5.8113225871869405,-0.7788904695208912,5.254499446676261,5.206118380854205,-1.160136174955222,5.011328430172997,4.906932917319281
2.0209999999998884,0.2769148295811283,-0.32494564278632077,4.8475523883201985,4.7299186883374995,4.644380498807102,4.486942895927568,4.135977748959601,3.835379942386364,3.5839811735975093,9.406520184154957,2.559342120505138,2.077453282565777,1.5165912862589197,1.0249393376952665,0.5933217631373604,0.1088064001501183,6.1565363454565665,-0.1595335155753751,6.129389451331908,6.227418168017744,-0.04887554177486839,0.024539377275768236,0.2282310926707884,0.17178155097498432,0.07921752587118037,-0.09091738813400288,-0.1388928588911731,-0.18263246103119546,-0.3087054027887175,5.936831003481651,-0.49763414994417066,5.654398929196511,-0.7783523834139072,5.381762940420683,4.947726900925728,-1.820358105811689,4.084800823462692,-2.744785425425713,3.13298940431987,2.658516893819224,2.429180367417497,2.349533557369713,2.2161537919444627,1.956504444767491,1.648358621131355,7.61601945611751,1.0368447108249383,0.9211607170269693,7.164465066964172,0.8828152146752839,0.7232252726025137,0.4978673711858357,0.49193594991799866,0.4268436601050029,0.3994468910619019,0.45143023292688667,0.4142578273364058,6.518078888855494,-0.07206577615946295,6.024692331779518,5.889431462022438,5.7230282782809905,5.440704329717931,5.245178651721762,5.098103237283447,5.123836032801496,5.3363635370241775,5.465126647928351,5.437780989397612,5.443584497539156,5.336630092552446,5.199497121520521,5.163498120046992,5.089966657811137,4.814364078783168,4.54559838577392,4.048460869104479,3.9129383066578307,3.6540600549659694,3.367943673291176,3.1053230896970825,2.810170873175032,2.764314188566537,2.7277425449088026,2.6241028137432707,2.300102472651399,2.031830774039653,1.860289613667847,1.7452845001127884,1.4974452641169644,1.1976681547574304,7.250069019663709,6.945872313201028,6.627081266597457,6.168786858567532,5.813653209169571,-0.7764369835788604,5.257095938576884,5.208886497069762,-1.1571580581781444,5.01455292557908,4.910429356742084
2.0309999999998873,0.27766586685101496,-0.32567934247629765,4.851326360440569,4.733955756154806,4.648639207953048,4.49135697995964,4.140456190694187,3.8398003180432276,3.5882076708094996,9.410379475753809,2.562643611626401,2.0800692856099303,1.5183448433395619,1.0257465409849884,0.5931210685690682,0.10750823861725357,6.154210966778432,-0.16285719324067693,6.1250991846412735,6.222218080587538,-0.054891234482986204,0.01782102631748434,0.22093511586938971,0.16406873787426157,0.07124318964063754,-0.09899984888202558,-0.1469378789226569,-0.19051250434451356,-0.31631263247089086,5.929576016151903,-0.5044755200749809,5.648004579533374,-0.7842825702618756,5.376297550997111,4.942763220652113,-1.8248198388608157,4.080802610677529,-2.7482962357514835,3.1299135046051614,2.655866796068635,2.4268908965845757,2.3475614283409025,2.2144585554168112,1.955044113185608,1.6470844460575889,7.614882514891699,1.035804048564821,0.9201884743738687,7.163554971964097,0.8819823503534493,0.7225078475735979,0.4973251590499099,0.4916374510685696,0.4268722184342001,0.39988708394818956,0.45236251405475203,0.4157495043151416,6.520188387462203,-0.06929240800920757,6.0281067411686315,5.893451292752767,5.7276003072698085,5.445762407115654,5.250613868380528,5.10380046379646,5.129672797387729,5.342216361003152,5.470870765872247,5.443298076574263,5.448763628742928,5.341369496689159,5.203710231710974,5.167123744266473,5.092959050671593,4.816678682062346,4.547241811438351,4.04940399018241,3.913319945360369,3.6539515935362252,3.367448072375543,3.1045637275275926,2.8092748377209125,2.7634107761208067,2.7269469136522995,2.6235155270949706,2.299816014678406,2.0318931326022036,1.8607172203096674,1.746072412640027,1.4985783347423782,1.1991103570174546,7.2517652627229685,6.947776563128842,6.629149972779927,6.170996585956213,5.815984626518591,-0.7739803686652378,5.259697225481611,5.211660134928178,-1.1541747610780029,5.017781136799957,4.913927012116402
2.0409999999998862,0.27840539206585696,-0.32639577955727606,4.85509815545224,4.737986835144364,4.6528879737145585,4.495757348668501,4.1449175520335935,3.844201204615015,3.592413377623688,9.41421776825638,2.5659250496662795,2.082667176937024,1.5200830666517493,1.0265417642011487,0.5929121641678022,0.10620595983917924,6.151885738023639,-0.16617627152370162,6.120817928845353,6.217031248473958,-0.060890009390625575,0.011122581443720607,0.21366117045664482,0.15637885865787396,0.06329150676537008,-0.10706110460369458,-0.15496412062765683,-0.19837693361892686,-0.32390784179055415,5.922329463705626,-0.5113117778885958,5.641612620090531,-0.79021236239437,5.370831319017135,4.937797940715914,-1.8292835199178645,4.076802281090018,-2.7518095410064283,3.126834501794977,2.6532126068581086,2.4245962750969685,2.345583124239557,2.2127563468316476,1.9535764897424563,1.645803386848016,7.61373995474421,1.0347598638524846,0.9192153928593223,7.162647118928469,0.8811548980669086,0.72179877924356,0.49679366464457836,0.4913510946180084,0.4269132778550621,0.40033901636908403,0.4533047224918568,0.41724836529072856,6.522301545496582,-0.06651948428697982,6.031516717690424,5.897462971363276,5.732160873312636,5.450806201502947,5.256032754998563,5.10948004772952,5.135491311531469,5.348050972411847,5.476597317062919,5.448798798252822,5.453928130104927,5.34609650540805,5.20791365658858,5.170742833523473,5.095948414865177,4.818994056435023,4.548889912579285,4.050355833335961,3.9137137504204627,3.653858209528264,3.366969651561102,3.103822613667905,2.8083969626771177,2.7625242963366943,2.7261659301245027,2.622939727375857,2.2995371096719937,2.031958985108725,1.8611445741448684,1.7468569367092917,1.4997056682449565,1.2005455285316284,7.253454351474349,6.949674614070576,6.631214319050757,6.173204490411535,5.8183168024255,-0.7715207142732619,5.262303176506613,5.214439138455022,-1.151186446726667,5.021012912829882,4.917425762371475
2.050999999999885,0.27913343057058665,-0.32709511043440376,4.85886769762612,4.742011902074769,4.657126827543056,4.500144084710394,4.149361959140104,3.8485827561033212,3.59659845924604,9.418035222438318,2.569186577808424,2.08524707588869,1.5218060494410761,1.0273250769134736,0.5926950991221146,0.10489959557598771,6.149560671714299,-0.16949076158624873,6.116545644813206,6.2118575996276295,-0.06687197190259539,0.004443905548113062,0.20640909408266245,0.1487117394873093,0.05536230812545884,-0.11510130178803502,-0.1629716920575118,-0.20622580712949978,-0.3314910343771638,5.915091392447659,-0.518142837977872,5.635223157586486,-0.7961416517448153,5.365364335246817,4.932831118523759,-1.8337491319618526,4.072799817377803,-2.7553253822132904,3.123752350842305,2.650554296757655,2.4222965018538303,2.3435986796149653,2.211047237396531,1.9521016761665,1.6445155620627205,7.612591892660199,1.0337122528991938,0.918241532662234,7.161741521068844,0.8803328194755751,0.7210979793766968,0.49627275836373586,0.49107672505260547,0.42696667378504066,0.40080253187681697,0.45425672487716273,0.4187543115531536,6.5244183068996895,-0.06374701460361225,6.034922291602714,5.901466559577511,5.736710060428736,5.455835810420719,5.261435413569964,5.115142089406306,5.141291670495846,5.353867460259022,5.482306384805584,5.454283233207739,5.459078076521658,5.350811189472827,5.212107460656332,5.174355441422797,5.098934787479134,4.821310216602908,4.550542674907209,4.05131634918431,3.914119636284777,3.6537797828241785,3.3665082623723075,3.103099582317417,2.8075370794851313,2.761654594163119,2.7253994686607195,2.6223753321278416,2.2992657310134392,2.032028362758269,1.861571758622448,1.7476381973068078,1.5008274172299152,1.2019738310429058,7.255136437048084,6.951566587897668,6.63327438308182,6.175410592667163,5.820649700671042,-0.7690581084231264,5.2649136629524,5.217223354308004,-1.148193275416607,5.024248105255469,4.9209254885181135
2.060999999999884,0.2798500086068037,-0.3277774872975803,4.86263491252059,4.746030934078856,4.661355800312765,4.5045172693284306,4.1537895361374835,3.8529451242158883,3.6007630787042015,9.421831997352301,2.572428338186348,2.0878091014048055,1.523513885051173,1.0280965490101317,0.59246992287791,0.10358917755168157,6.147235780020828,-0.17280067514875136,6.112282292859078,6.206697061745669,-0.07283722712288333,-0.002215137434911506,0.19917872621061009,0.14106720889406613,0.04745542717918918,-0.12312058458980525,-0.17096069961980398,-0.21405918254356515,-0.33906221446166585,5.907861846969624,-0.5249686174757536,5.628836295857898,-0.8020703329189569,5.359896688493358,4.927862810712756,-1.8382166573924505,4.068795203889034,-2.7588437979773204,3.1206670092322835,2.647891838385551,2.419991576941839,2.3416081291323083,2.209331297326531,1.9506197722387122,1.6432210877123827,7.61143844294094,1.0326613095715735,0.917266952326104,7.1608381909157535,0.8795160765960773,0.7204053610587858,0.4957623126687421,0.49081418932482435,0.42703224414596036,0.4012774762284071,0.4552183894965813,0.4202672453232269,6.526538615764239,-0.06097500915708355,6.038323492075291,5.905462117782868,5.741247951290968,5.460851330252239,5.266821945249539,5.120786688669722,5.147073969380935,5.359665913616099,5.487998052556663,5.459751460309867,5.464213542808785,5.355513619305477,5.216291707792166,5.177961620716779,5.101918204633894,4.823627176334795,4.552200083432133,4.052285488075759,3.9145375177091672,3.6537161942717744,3.3660637579347394,3.102394469774105,2.8066950219491553,2.760801516869428,2.724647405562149,2.6218222602169794,2.2990018524941425,2.0321012961829226,1.8619988557371183,1.7484163172645737,1.5019437316906414,1.2033954235466815,7.25681166802385,6.953452604434564,6.635330241239036,6.177614913093447,5.822983285616796,-0.7665926376846327,5.267528558268746,5.220012631732948,-1.1451954047092305,5.027486568209092,4.924426073610565
2.070999999999883,0.28055515329310254,-0.328443058219163,4.866399726958753,4.750043908650132,4.66557492233762,4.508876982387934,4.15820040515942,3.857288458417982,3.604907396891187,9.425608250354014,2.5756504718857407,2.090353372004247,1.5252066668894906,1.0288562506600014,0.5922366851091381,0.10227473744338952,6.144911074772713,-0.17610602446030774,6.10802783278353,6.201549562311613,-0.07878587982847157,-0.008854682527945619,0.19196990809002204,0.1334450977287063,0.03957069989781764,-0.13111909489464854,-0.1789312481282813,-0.22187711694313847,-0.34662138686453736,5.900640870194331,-0.5317890359864732,5.622452135938299,-0.807998303122721,5.354428465655847,4.922893073165755,-1.8426860780541283,4.064788426587499,-2.7623648245610704,3.117578436906164,2.64522520634821,2.4176815016006468,2.3396115075683697,2.2076085958699956,1.949130875843042,1.6419200773229803,7.610279717269959,1.031607125447163,0.9162917087954139,7.1599371403309995,0.8787046317894435,0.7197208386637542,0.49526220204087457,0.4905633368005624,0.42710982931494157,0.40176369734770834,0.45618958626095474,0.42178706974844826,6.528662416347799,-0.05820347870520513,6.041720347223974,5.90944970506447,5.745774627253616,5.465852856240611,5.272192450358456,5.126413944876447,5.15283830310965,5.365446421597721,5.493672403903026,5.465203558508443,5.469334603689334,5.360203864983302,5.220466461256121,5.181561423322162,5.104898701507545,4.82594494849517,4.553862122491303,4.053263200109235,3.9149673097688105,3.653667325680025,3.3656359929548407,3.101707114400502,2.805870626192916,2.759964913999904,2.723909619055257,2.6212804318043883,2.298745448304403,2.032177815455719,1.862425946054018,1.7491914172975795,1.5030547590533907,1.2048104623368319,7.258480190472523,6.95533278149157,6.637381968603171,6.179817471703715,5.8253175221968325,-0.764124387199588,5.27014773802008,5.2228068225204565,-1.1421929894823435,5.030728158323222,4.927927402709285
2.080999999999882,0.2812488926057915,-0.3290919672487979,4.870162069006319,4.754050803639416,4.669784223387808,4.51322330241089,4.162594686396637,3.861612905982287,3.609031572607811,9.429364137127436,2.578853118946906,2.092880005766554,1.5268844883945771,1.0296042522766011,0.5919954356898451,0.10095630687121826,6.142586567469024,-0.17940682226987406,6.103782223912806,6.196415028633472,-0.08471803444461329,-0.015474863709015445,0.1847824827306016,0.12584523911136322,0.03170796470241836,-0.13909697238204763,-0.18688344085100758,-0.22967966684642438,-0.3541685569840331,5.893428503418934,-0.5386040155187869,5.616070776134472,-0.8139254620921943,5.348959751774578,4.917921961026254,-1.8471573752594834,4.060779472999449,-2.765888495956999,3.114486596187421,2.642554377181647,2.415366278189136,2.3376088498071854,2.2058792013334516,1.9476350830154028,1.6406126419987215,7.609115824777495,1.0305497898686604,0.9153158574512767,7.159038380519877,0.8778984477493256,0.7190443278213658,0.4947723029350582,0.4903240192077042,0.42719927207640845,0.40226104528816764,0.4571701866842851,0.4233136888986585,6.530789653085343,-0.055432434539196315,6.045112884143752,5.913429379238224,5.750290168379684,5.470840482506037,5.277547028389997,5.132023956891793,5.158584766414145,5.371209073342877,5.499329522541851,5.470639606813587,5.474441333782297,5.364881996236148,5.224631783697451,5.185154900336666,5.107876312359742,4.828263545072057,4.555528775776116,4.0542494351550795,3.915408927867868,3.653633059814408,3.365224823699955,3.101037356590362,2.805063730617424,2.7591446373293174,2.723185989252087,2.620749768317823,2.2984964930224274,2.032257950098338,1.86285310873287,1.749963616040273,1.5041606442211535,1.2062191010509755,7.260142147997296,6.957207234897234,6.639429638990373,6.182018288160467,5.827652375909429,-0.761653440703952,5.272771079851345,5.225605780963246,-1.1391861819767612,5.033972734685722,4.931429362844593
2.0909999999998807,0.28193125535999525,-0.3297243545054694,4.8739218679501,4.758051597251672,4.673983732706002,4.517556306609539,4.166972498142722,3.8659186120373827,3.613135762603891,9.433099811709466,2.582036418367325,2.0953891203144837,1.5285474430048005,1.0303406244836122,0.5917462246675242,0.09963391738870671,6.140262269288635,-0.18270308179858102,6.09954542513651,6.191293387879996,-0.0906337950215074,-0.02207581391056898,0.17761629487650554,0.11826746838365779,0.023867062402735662,-0.147054354586161,-0.19481737955680442,-0.23746688822844844,-0.36170373078463003,5.886224786356871,-0.545413480421179,5.609692312100568,-0.8198517120256494,5.343490630078974,4.912949528712961,-1.8516305298117801,4.056768332162047,-2.769414843957954,3.111391451709929,2.639879329294487,2.413045910152472,2.335600190835643,2.2041431811056595,1.9461324879912254,1.6392988904832695,7.607946872103313,1.0294893899969018,0.9143394521463694,7.158141922043306,0.8770974874907471,0.7183757453858907,0.4942924937348324,0.4900960905859338,0.42730041757515835,0.4027693721962792,0.4581600638622139,0.4248470077614881,6.532920270601223,-0.05266188845812322,6.0485011289409885,5.917401196883087,5.754794653467607,5.475814302062848,5.282885778015364,5.137616823084902,5.164313453822691,5.376953957996597,5.5049694922610275,5.476059684279297,5.4795338075915865,5.369548082443816,5.228787737161674,5.188742102055247,5.110851070555074,4.83058297720415,4.557200026358269,4.055244142875134,3.915862287748685,3.6536132803921375,3.3648301079786567,3.1003850387359795,2.8042741758596654,2.758340540819484,2.7224763981114775,2.6202301924238918,2.2982549616035532,2.032341729088612,1.8632804215516066,1.7507330300822779,1.5052615296167045,1.2076214907149723,7.261797681774166,6.959076078530284,6.641473324972418,6.184217381781469,5.829987812808865,-0.7591798805497263,5.275398463454313,5.228409363814169,-1.1361751318420696,5.037220158796063,4.934931842981172
2.1009999999998796,0.2826022711911331,-0.330340356266852,4.877679054277093,4.762046268043008,4.678173479023244,4.521876070919107,4.171333956838691,3.8702057196148347,3.6172201216182813,9.436815426513917,2.585200508104348,2.097880832797412,1.5301956241284547,1.031065438081939,0.5914891022377118,0.0983076004738531,6.137938191100171,-0.18599481671313012,6.095317394943657,6.186184567115211,-0.09653326521230993,-0.02865766501900873,0.17047119098109936,0.11071162306197277,0.016047836137972393,-0.15499137695461582,-0.20273316456004525,-0.24523883654084525,-0.36922691478566544,5.879029757178627,-0.5522173573189689,5.603316836910033,-0.825776957517561,5.338021182034139,4.907975829934034,-1.85610552202673,4.052754994573393,-2.772943898225589,3.1082929703481654,2.637200042912486,2.410720401989925,2.3335855657390407,2.202400601680874,1.9446231832516214,1.6379789292192977,7.606772963457911,1.0284260108625864,0.9133625452391567,7.1572477748298935,0.8763017143393496,0.7177150094057263,0.49382265470852493,0.4898794072377764,0.4274131132704678,0.40328853227572253,0.45915909245075137,0.42638693223761603,6.535054213720571,-0.04989185274417455,6.051885106764736,5.921365213372543,5.759288160077459,5.480774406836299,5.28820879708958,5.143192641324257,5.170024459647041,5.382681164692214,5.510592396920151,5.481463869986948,5.484612099495375,5.37420219263365,5.232934383097581,5.192323077986056,5.113823008585898,4.832903255207264,4.558875856715144,4.056247272742166,3.916327305500551,3.653607872077293,3.3644517051213665,3.099750005196167,2.8035018047521882,2.757552480576812,2.7217807294011807,2.6197216280009044,2.2980208293697095,2.03242918086783,1.8637079609294738,1.751499774003396,1.5063575552248532,1.2090177797866706,7.2634469305918,6.960939424351128,6.643513097896712,6.186414771545741,5.832323799497274,-0.7567037877265831,5.278029770534388,5.231217430244884,-1.133159986181559,5.04047029452244,4.938434733983405
2.1109999999998785,0.2832619705367645,-0.3309401050560535,4.881433559654117,4.766034794917841,4.682353490574498,4.526182670029724,4.175679177116329,3.874474369694953,3.6212848024177777,9.44051113235489,2.5883455250780107,2.100355259875566,1.5318291251152036,1.0317787640182405,0.5912241187197751,0.09697738752068547,6.135614343471721,-0.1892820411002327,6.09109809145717,6.181088493331305,-0.10241654825242558,-0.03522054787474102,0.16334701918217165,0.10317754279204142,0.008250131319445764,-0.16290817290533052,-0.2106308947638604,-0.2529955667308341,-0.37673811605016067,5.871843452551381,-0.5590155750532626,5.596944441125404,-0.831701105494545,5.332551487386109,4.9030009177009735,-1.8605823317535386,4.048739452144069,-2.77647568635679,3.105191121149374,2.634516500024522,2.4083897592234456,2.3315650096966074,2.2006515286813095,1.9431072595681989,1.636652862406427,7.605594200682173,1.0273597354167912,0.9123851876274225,7.156355948187874,0.8755110919211221,0.7170620390939441,0.49336266796659656,0.48967382768083584,0.42753720889121144,0.40381838175217355,0.4601671486452572,0.42793336913585095,6.537191427480132,-0.047122340138749566,6.055264841837182,5.925321482905335,5.763770764556606,5.4857208876791415,5.2935161826574255,5.148751508973479,5.17571787797024,5.388390782534166,5.516198320432051,5.486852243029283,5.489676283735778,5.37884439547829,5.237071782364182,5.195897876866079,5.1167921580946505,4.835224388600089,4.560556248754465,4.0572587740586314,3.9168038975680393,3.653616720475849,3.3640894759612516,3.0991321022648526,2.802746462283571,2.7567803148108156,2.721098868660835,2.6192240001123417,2.297794071999088,2.0325203333478763,1.8641358019496377,1.7522639604079076,1.5074488586339123,1.2104081141989134,7.265090030890789,6.962797382432889,6.64554902790599,6.1886104760994485,5.834660303116584,-0.7542252418832333,5.280664884777852,5.234029841805208,-1.1301408895963405,5.043723008059768,4.941937928581514
2.1209999999998774,0.28391038461879403,-0.3315237297258305,4.885185316908003,4.770017157126201,4.686523795113874,4.530476177417522,4.180008271840369,3.8787247012512656,3.625329955834925,9.444187078469584,2.591471605173974,2.102812517705055,1.5334480392288115,1.0324806733548733,0.5909513245338406,0.09564330983134935,6.133290736680246,-0.1925647694420526,6.0868874724668744,6.176005093479926,-0.10828374694002375,-0.04176459227271507,0.15624362927759705,0.09566506930480585,0.0004737955750455668,-0.17080487388143714,-0.21851066770181088,-0.26073713325941117,-0.3842373421738275,5.864665907677536,-0.5658080646216846,5.5905752128660575,-0.8376240651531691,5.32708162420581,4.898024844342194,-1.8650609383952501,4.044721698150177,-2.780010233948161,3.1020858752676292,2.6318286843300127,2.4060539883669914,2.329538557977001,2.198896026878868,1.9415848060465735,1.6353207920575896,7.604410683305502,1.0262906445802917,0.9114074287811155,7.155466450816985,0.8747255841525916,0.7164167547997289,0.4929124174201255,0.48947921260119903,0.427672556391972,0.4043587788387753,0.4611841101596719,0.42948622616804544,6.539331857138585,-0.044353363819333934,6.058640357483246,5.929270058535426,5.768242542064845,5.490653834387967,5.298808030959454,5.154293522887432,5.1813938026348945,5.394082900581332,5.521787346744873,5.492224882494866,5.494726434408889,5.383474759293599,5.241199995237577,5.199466546676491,5.119758549895628,4.8375463861292785,4.562241183838263,4.058278595974809,3.9172919807589306,3.653639712130618,3.3637432828154017,3.0985311781403038,2.8020079955597477,2.7560239037935443,2.7204307031657913,2.6187372349809173,2.2975746655160387,2.0326152139181812,1.8645640183812995,1.7530256999581801,1.5085355750763998,1.2117926374018158,7.266727116802287,6.964650060991994,6.647581183957764,6.190804513761693,5.836997291340518,-0.7517443213485339,5.28330369181958,5.236846462383103,-1.127117984228656,5.046978167888543,4.945441321338483
2.1309999999998763,0.284547545426028,-0.33209135554035674,4.888934260006297,4.773993334261173,4.690684419929511,4.534756665374942,4.184321352149494,3.8829568512937387,3.629355730804783,9.447843412540527,2.594578883246593,2.1052527219236725,1.5350524596211084,1.0331712372411923,0.5906707701788134,0.09430539860868437,6.130967380720773,-0.19584301659261782,6.0826854954610425,6.170934294501967,-0.11413496361772507,-0.04828992696342619,0.1491608727014368,0.08817404637350333,-0.007281321304568381,-0.17868160940437047,-0.22637257957808424,-0.2684635901187868,-0.3917246012742518,5.857497156332202,-0.5725947591208371,5.584209237873964,-0.843545747899572,5.321611668931778,4.893047661516287,-1.8695413209284066,4.040701727187785,-2.783547564658625,3.0989772058997564,2.6291365811877303,2.403713096896576,2.327506245933785,2.197134160216132,1.9400559101686132,1.6339828180538625,7.60322250860247,1.025218817291728,0.9104293167745273,7.154579290820226,0.873945155231459,0.7157790779806871,0.49247178874039943,0.4892954248079767,0.42781900991011745,0.4049095837022572,0.4622098562059984,0.4310454119438547,6.5414754481863335,-0.04158493737713978,6.062011676159346,5.933210992201264,5.772703566599025,5.495573335719318,5.3040844374380445,5.159818779408588,5.1870523272318865,5.399757607830901,5.527359559824686,5.497581867453027,5.4997626254551575,5.3880933520367345,5.2453190814177875,5.203029134657706,5.12272221399628,4.839869255793894,4.563930642806116,4.059306687506325,3.9177914722517455,3.653676734516111,3.363412989466277,3.0979470828949447,2.8012862537661656,2.755283109819943,2.719776121891762,2.618261259963237,2.2973625862811824,2.0327138494525183,1.8649926827013437,1.7537851014076178,1.5096178374689884,1.2131714904043247,7.2683583201860475,6.9664975664183295,6.649609633843489,6.192996902530196,5.839334732366677,-0.7492611031523302,5.285946079211232,5.239667158165333,-1.1240914098044021,5.050235644734542,4.948944808617725
2.1409999999998752,0.28517348569707623,-0.3326431042546182,4.892680324038459,4.777963306256459,4.694835391858148,4.539024205040265,4.18861852749625,3.8871709549107973,3.633362274400673,9.451480280717279,2.5976674931221098,2.107675987637439,1.5366424793071491,1.0338505268861562,0.5903825062114451,0.09296368494926749,6.128644285315307,-0.1991167977551648,6.078492117656569,6.165876023355887,-0.1199703001554084,-0.05479667965435853,0.14209860250046732,0.08070431977193931,-0.01501536741809008,-0.18653850712518966,-0.23421672530626647,-0.2761749908490961,-0.39919990198024835,5.850337230899647,-0.5793755936904256,5.577846599577516,-0.8494660672908385,5.316141696411665,4.888069420224953,-1.8740234579220534,4.036679535128776,-2.787087700270211,3.0958650882230487,2.626440177565981,2.4013670932210274,2.3254681090008913,2.1953659918266655,1.9385206578334537,1.6326390381978144,7.602029771648028,1.0241443305546294,0.9094508983178093,7.1536944757155085,0.8731697696276602,0.7151489311759939,0.492040669319585,0.48912232918895315,0.4279764257238254,0.40547065842969093,0.46324426747403513,0.43261083596535027,6.543622146354812,-0.0388170747954864,6.065378819481363,5.937144334754295,5.777153911017156,5.50047947940557,5.309345496743497,5.165327374363685,5.192693545089504,5.405414993202745,5.532915043638608,5.50292327693924,5.504784930650092,5.392700241304382,5.249429100035507,5.206585687324142,5.1256831796180045,4.842193004869208,4.565624605997735,4.060342997551081,3.918302289602892,3.6537276760333177,3.3630984611434327,3.097379668445768,2.800581088130752,2.7545577971690873,2.7191350154802634,2.6177960035250254,2.2971578109817363,2.032816266315641,1.8654218661155249,1.7545422716329515,1.5106957764517226,1.2145448118150708,7.2699837706678645,6.968340003304951,6.65163444420746,6.195187660086905,5.841672594908702,-0.7467756630460333,5.288591936389884,5.242491797598747,-1.1210613036748724,5.053495311529342,4.952448288551502
2.150999999999874,0.28578823890359084,-0.333179094191514,4.896423445197545,4.781927053384045,4.6989767372993425,4.5432788664264,4.192899905685861,3.8913671453101752,3.6373497318689534,9.455097827637639,2.600737567601967,2.110082429407878,1.5382181911415214,1.03451861353218,0.5900865832263972,0.0916181998368971,6.126321459921521,-0.20238612846038267,6.074307296027804,6.160830207044638,-0.12578985793408906,-0.06128497701184378,0.1350566733111268,0.07325573723390892,-0.02272848880407084,-0.1943756928741941,-0.24204319854674053,-0.2838713885544091,-0.4066632534213849,5.843186162408749,-0.5861505054590025,5.571487379153482,-0.8553849389780783,5.310671779942573,4.883090170825641,-1.8785073275561115,4.032655119078031,-2.79063066074706,3.092749499334731,2.6237394619940932,2.399015986653446,2.323424182688081,2.1935915840546345,1.936979133397328,1.6312895482654088,7.6008325653713005,1.023067259483336,0.9084722187878447,7.152812012447217,0.8723993920748387,0.7145262379803555,0.4916189482324442,0.48895979266731476,0.4281446622110304,0.40604186699587175,0.46428722611135875,0.43418240862149715,6.5457718976253085,-0.03604979042890131,6.068741808251826,5.9410701359868066,5.7815936470620235,5.505372352170591,5.314591302740174,5.170819403060631,5.198317549263,5.411055145524292,5.538453882138463,5.508249189940977,5.509793423595291,5.397295494331132,5.253530109658793,5.210136250478682,5.128641475216444,4.8445176399298955,4.567323053274903,4.061387474905613,3.9188243507534493,3.653792426004417,3.362799564505493,3.09682878852531,2.7998923518876784,2.7538478320662825,2.7185072762048574,2.617341395216922,2.296960316622052,2.032922490369762,1.8658516385792105,1.7552973156658993,1.5117695204265116,1.215912737882526,7.2716035956764165,6.970177474477349,6.653655680565441,6.197376803803473,5.844010848188507,-0.7442880755229341,5.29124115464713,5.245320251352203,-1.1180278008577358,5.056757043371652,4.955951661010049
2.160999999999873,0.28639183923383554,-0.33369944031672993,4.900163560762357,4.7858845562519825,4.7031084822293865,4.547520718448912,4.197165592913998,3.89554555385864,3.6413182466628493,9.45869619644833,2.603789238466245,2.1124721612399786,1.5397796877957521,1.0351755684301938,0.5897830518372695,0.0902689741364964,6.1239989137411825,-0.2056510245455255,6.070130987334111,6.155796772641251,-0.13159373783082168,-0.06775494466331342,0.12803494133687016,0.06582814841372855,-0.030420829489858556,-0.20219329070889458,-0.24985209174276077,-0.29155283591806636,-0.41411466521766926,5.836043980567499,-0.5929194334912744,5.565131655587169,-0.861302280651155,5.305201991310252,4.878109963043875,-1.8829929076391398,4.028628477331903,-2.7941764642927254,3.0896304181931256,2.621034424515209,2.396659787383353,2.321374502576399,2.1918109984737852,1.9354314197122386,1.6299344420565003,7.5996309806080244,1.021987677347835,0.9074933222584842,7.15193190739764,0.8716339875622099,0.7139109230187598,0.4912065161990692,0.48880768415943227,0.42832357980927643,0.40662307523131364,0.4653386157035567,0.4357600411825068,6.547924648237331,-0.033283098982917945,6.072100662486317,5.9449884446590735,5.786022845384312,5.510252039745156,5.319821948512661,5.176294960285668,5.2039244325245475,5.4166781535159085,5.543976159244906,5.513559685383974,5.5147881777097885,5.401879177987995,5.2576221682996875,5.21368086922686,5.131597128501329,4.846843166872605,4.569025964042752,4.062440068280879,3.9193575740355935,3.6538708746674176,3.362516167622399,3.0962942986531945,2.799219900241892,2.7531530826460093,2.71789279793814,2.6168973656508188,2.2967700805143623,2.033032546980901,1.8662820688176962,1.7560503367242029,1.512839195594917,1.217275402534476,7.273217920479536,6.972010081022286,6.655673407323016,6.199564350746666,5.8463494619286,-0.7417984138382492,5.293893627098646,5.248152392279123,-1.114991034077266,5.0600207174894285,4.9594548275713946
2.170999999999872,0.2869843215765776,-0.334204254311457,4.903900609080023,4.789835795802239,4.707230652214882,4.551749828953343,4.201415693803531,3.8997063101206235,3.6452679604753806,9.462275528825222,2.60682263647722,2.114845296570832,1.5413270617367816,1.0358214628158493,0.5894719626585395,0.08891603858841536,6.121676655728368,-0.2089115021343586,6.065963148146205,6.1507756473131465,-0.13738204020458217,-0.07420670719992283,0.12103326432592294,0.05842140484784187,-0.038092531539026836,-0.2099914229603974,-0.25764349615525045,-0.2992193852173654,-0.421554147469398,5.828910713796564,-0.599682318736923,5.558779505730809,-0.8672180119850137,5.299732400827179,4.8731288459852955,-1.8874801756255082,4.024599609337961,-2.7977251274058035,3.086507825560466,2.6183250566403204,2.394298506449491,2.319319104313641,2.190024295905788,1.9338775981635126,1.6285738114439663,7.59842510615165,1.0209056556175367,0.9065142515301585,7.15105416639829,0.8708735213268042,0.7133029119219912,0.4908032655486077,0.48866587453366783,0.42851304097645154,0.40721415079084755,0.4663983212547089,0.43734364579407164,6.550080344696531,-0.03051701549455142,6.075455401439151,5.948899308525841,5.7904415755652465,5.515118626882151,5.325037526371963,5.181754140300771,5.209514287353598,5.422284105776736,5.549481958832068,5.518854842118953,5.519769266221715,5.406451358781056,5.261705333420768,5.217219587990768,5.134550166455824,4.849169590937963,4.570733317270446,4.063500726317521,3.9199018781786834,3.6539629131707425,3.362248139957904,3.095776056108215,2.7985635903343975,2.752473418915684,2.717291476119487,2.616463846476739,2.296587080269736,2.03314646102509,1.8667132243461,1.7568014362420639,1.5139049259952513,1.2186329374168183,7.2748268682198916,6.973837922316193,6.657687687793685,6.201750317683666,5.84868840634448,-0.739306750028902,5.296549248654191,5.250988095380661,-1.111951133803828,5.063286213202745,4.962957691491851
2.180999999999871,0.287565721505298,-0.3346936446430192,4.907634529549019,4.793780753308646,4.711343272426012,4.555966264741827,4.205650311440278,3.9038495418958017,3.6491990132714065,9.465835964993126,2.60983789138304,2.117201948258916,1.5428604052064585,1.0364563678868384,0.5891533662883841,0.08755942380310977,6.119354694597422,-0.21216757761791175,6.061803734871295,6.145766758345196,-0.14315486488308593,-0.08064038817952664,0.11405150154942642,0.05103535991746496,-0.045743735097346076,-0.21777021027825744,-0.2654175018963681,-0.30687108833762133,-0.4289817107471602,5.821786389261938,-0.6064391039808917,5.552431004360269,-0.8731320545875626,5.2942630773695765,4.868146868147404,-1.8919691086320027,4.020568515655938,-2.8012766649339444,3.083381703947311,2.6156113513035364,2.391932155713293,2.3172580236098232,2.1882315364379785,1.9323177487062753,1.6272077464215142,7.597215028803141,1.0198212640040254,0.9055350481588776,7.15017879474112,0.8701179588460706,0.7127021313028864,0.4904090901839502,0.48853423657018313,0.428712910152386,0.4078149631228115,0.4674662291681177,0.43893313547149293,6.552238933782201,-0.027751555313429568,6.078806043628318,5.952802774362158,5.794849906138758,5.519972197371537,5.330238127861716,5.18719703684129,5.215087205927632,5.4278730907710155,5.554971364712664,5.524134738908746,5.5247367621602415,5.411012102850261,5.265779661941642,5.220752450522679,5.137500615355451,4.851496916731975,4.5724450915112405,4.064569397600588,3.9204571823150114,3.6540684335677485,3.3619953523523214,3.095273919900954,2.7979232812082757,2.7518087127202246,2.7167032077235156,2.6160407703602386,2.2964112937892347,2.0332642568944452,1.867145171488851,1.757550713899985,1.514966833538994,1.219985471931699,7.276430559950109,6.975661096053153,6.659698584216683,6.203934721087271,5.851027652137116,-0.736813154933039,5.299207915988082,5.253827237769491,-1.1089082282926432,5.066553411887433,4.966460157677162
2.1909999999998697,0.28813607526271123,-0.3351677166334786,4.911365262602596,4.797719410374916,4.7154463676494816,4.560170091599016,4.209869547407813,3.9079753752556483,3.6531115433188326,9.469377643745103,2.612835131921517,2.1195422285740113,1.5443798102020185,1.037080354781272,0.5888273132923418,0.08619916025617835,6.1170330388307015,-0.21541926763600935,6.057652703777108,6.140770033161616,-0.1489123111505019,-0.08705611012998576,0.10708951377996387,0.04366986881223733,-0.0533745784373466,-0.2255297716738543,-0.2731741979618873,-0.3145079967856264,-0.43639736608199586,5.814671032906744,-0.6131897337950922,5.546086224230109,-0.8790443319490577,5.288794088413371,4.863164077431025,-1.896459683453882,4.016535197919871,-2.804831090126305,3.080252037558524,2.6128933028185344,2.389560747832985,2.3151912962326717,2.18643277944052,1.9307519499008692,1.6258363351501965,7.596000833419507,1.0187345705027928,0.9045557524846307,7.149305797189609,0.8693672658308302,0.7121085087333071,0.49002388554735343,0.48841264492172054,0.4289230537212942,0.40842538343882173,0.46854222722728484,0.44052842409370757,6.5544003625543565,-0.0249867340835617,6.082152606859723,5.956698887988563,5.79924790461318,5.524812834055101,5.33542384376443,5.192623743113818,5.220643280113257,5.43344519681487,5.560444460623572,5.52939945441584,5.529690738347836,5.415561475968328,5.269845210245346,5.224279499918395,5.1404485007865395,4.853825148246885,4.574161264921963,4.065646030673768,3.9210234059852422,3.654187328811197,3.3617576770055226,3.0947877507469235,2.797298833775413,2.751158837707385,2.716127891229264,2.6156280709603226,2.2962426992552705,2.033385958503122,1.867577975398784,1.75829826765404,1.516025038046547,1.2213331332749968,7.278029114667318,6.977479698272436,6.6617061577745345,6.206117577141024,5.853367170485512,-0.7343176982092781,5.301869527510086,5.2566696986342025,-1.105862443621839,5.069822196939444,4.969962132654282
2.2009999999998686,0.2886954197455882,-0.3356265725262769,4.91509274969259,4.801651748932721,4.719539962301163,4.564361374317329,4.2140735018213125,3.9120839345789946,3.6570056872189967,9.4729007024614,2.615814485824031,2.121866249187719,1.5458853684575111,1.0376934945570804,0.5884938541877777,0.08483527828374011,6.1147116966861,-0.21866658905954856,6.0535100110148115,6.1357853993467355,-0.15465447773602162,-0.09345399455278684,0.1001471632704608,0.03632478849484616,-0.06098519800152217,-0.23327022456234367,-0.2809136722624317,-0.32213016170252967,-0.4438011249557029,5.807564669482167,-0.619934154491485,5.53974523612705,-0.8849547693929465,5.2833255000691475,4.858180521151491,-1.9009518765804052,4.012499658801367,-2.808388414684472,3.0771188122407587,2.610170906836174,2.3871842962383165,2.313118958003132,2.1846280835829948,1.9291802789472565,1.6244596640036724,7.594782602961106,1.0176456414339912,0.9035764036591936,7.148435177989725,0.8686214082185616,0.7115219727218086,0.4896475485869742,0.48830097607533535,0.42914333997504034,0.40904528468411455,0.4696262045771347,0.4421294263972243,6.5565645783604305,-0.022222567725724694,6.085495108250746,5.960587694295656,5.803635637492485,5.529640618840961,5.340594764107724,5.19803435179427,5.226182601457712,5.439000512063521,5.565901330211883,5.534649067190331,5.534631267392791,5.420099543539778,5.273902034184695,5.227800778630338,5.143393847664247,4.856154288881472,4.575881815281923,4.066730574053104,3.921600469143538,3.6543194927476774,3.3615349874601703,3.0943174110402167,2.7966901107839326,2.7505236692938615,2.7155654265900506,2.6152256829078597,2.2960812751231643,2.0335115892931435,1.8680117000758527,1.7590441937645769,1.5170796572823362,1.2226760464731634,7.2796226493471545,6.979293823385633,6.663710468610348,6.208298901744226,5.855706933039349,-0.7318204483556945,5.304533983336789,5.259515359204285,-1.1028139037297977,5.073092453739921,4.973463524543779
2.2109999999998675,0.2892437924898792,-0.33607031155097394,4.91881693327364,4.805577751239833,4.723624080438408,4.56854017672156,4.218262273360522,3.916175342586649,3.660881579936273,9.476405277127956,2.61877607981955,2.1241741211645624,1.5473771714261362,1.0382958581723947,0.5881530394291226,0.08346780807813389,6.1123906762043525,-0.22190955897349915,6.049375612640905,6.130812784664658,-0.16038146280324547,-0.09983416192695628,0.09322431373345036,0.028999977666592833,-0.06857572844422037,-0.24099168480323324,-0.28863601165360697,-0.32973763387615895,-0.4511929992912923,5.800467322577579,-0.6266723140764909,5.533408108921893,-0.8908632940281264,5.27785737711611,4.853196246049555,-1.9054456642098523,4.008461901973993,-2.8119486488119123,3.0739820154314206,2.607444160303236,2.3848028151059033,2.3110410447908984,2.18281750685046,1.9276028117184325,1.6230778176122505,7.593560418537744,1.0165545414822204,0.9025970396733595,7.147566940880776,0.8678803521670072,0.7109424526919804,0.4892799777242876,0.48819910831505337,0.4293736390772107,0.40967454150844834,0.4707180517054836,0.4437360579699752,6.558731528841578,-0.019459072420448864,6.088833564253113,5.9644692372680455,5.8080131702970865,5.534455632717872,5.345750978170585,5.20342895502618,5.231705261180695,5.444539124498967,5.571342057021391,5.539883655658257,5.539558421682042,5.424626370600089,5.2779501890885525,5.231316328480354,5.146336680250155,4.858484341460817,4.577606720011267,4.067822976240254,3.922188292162389,3.6544648201119823,3.3613271585851963,3.0938627648276444,2.7960969767862944,2.749903084632132,2.7150157152040193,2.614833541784487,2.2959270001128975,2.0336411722401184,1.868446408385466,1.7597885868243779,1.518130806989278,1.224014334419436,7.281211278977198,6.981103564203357,6.665711575844855,6.2104787105168775,5.858046911911724,-0.7293214727285403,5.3072011852633825,5.262364102715715,-1.0997627304518174,5.076364069620988,4.976964243032826
2.2209999999998664,0.2897812316561265,-0.3364990299861451,4.922537756787743,4.809497399878314,4.727698745772073,4.57270656169283,4.2224359593018255,3.920249720375071,3.6647393548269136,9.479891502354535,2.621720039638756,2.1264659549536504,1.5488553102634597,1.0388875164668683,0.5878049193938465,0.0820967796839246,6.110069985216121,-0.22514819466059816,6.045249464638083,6.125852117077909,-0.16609336394035018,-0.10619673171325174,0.08632083032069643,0.021695296733871473,-0.0761463026722647,-0.2486942667396322,-0.29634130196506847,-0.3373304637528073,-0.45857300144358704,5.79337901464986,-0.6334041622066925,5.5270749096199525,-0.8967698347025742,5.2723897830351,4.848211298302035,-1.9099410222640483,4.004421932078721,-2.8155118012619944,3.0708416361090576,2.6047130614222698,2.3824163193351717,2.308957592509977,2.181001106558977,1.9260196227928827,1.621690878905749,7.592334359453608,1.015461333735377,0.9016176973836002,7.146701089106118,0.8671440640480856,0.7103698789614418,0.48892107282236574,0.4881069216854307,0.42961382302797235,0.41031303023755444,0.4718176604247508,0.4453482352450898,6.560901161938621,-0.01669626459158463,6.0921679906751365,5.968343560007719,5.8123805675841735,5.539257955769294,5.350892574489626,5.208807644419197,5.23721135016655,5.450061121918066,5.576766724479522,5.545103298110331,5.544472273374254,5.42914202181496,5.281989729768027,5.2348261906722815,5.149277022169436,4.8608153082555505,4.579335956188792,4.068923185735268,3.92278679583716,3.6546232065214452,3.3611340665595164,3.0934236777833752,2.795519298108072,2.749296962578019,2.7144786598853323,2.614451584101991,2.2957798532010543,2.033774729858851,1.8688821620764682,1.760531539786277,1.5191786009226185,1.2253481179094257,7.282795116589884,6.982909011961542,6.667709537593174,6.212657018804517,5.860387079671953,-0.7268208375607013,5.309871036735902,5.26521581437711,-1.0967090435560987,5.0796369338322105,4.980464199348787
2.2309999999998653,0.29030777601516494,-0.33691282122048777,4.926255164649186,4.813410677752745,4.731763981678247,4.5768605911919265,4.226594655549467,3.924307187449161,3.6685791436671527,9.483359511392468,2.6246464900182764,2.1287418603808885,1.5503198758114725,1.0394685401439017,0.5874495443691424,0.08072222299419766,6.107749631348881,-0.22838251358571648,6.041131522935157,6.120903324765065,-0.17179027815100303,-0.1125418223586141,0.07943657960316691,0.014410607775530772,-0.0836970518843514,-0.2563780832362204,-0.3040296280285637,-0.3449087014485024,-0.4659411441899623,5.786299767051957,-0.6401296501457833,5.520745703410037,-0.9026743219583067,5.266922780040664,4.843225723532203,-1.914437926402412,4.000379754690424,-2.8190778793846185,3.067697664745137,2.601977609612505,2.3800248245248894,2.306868637114275,2.179178939370636,1.9244307854861082,1.6202989291552021,7.5911045032510565,1.0143660797225862,0.9006384125381698,7.14583762542376,0.8664125104420989,0.709804182721466,0.4885707351549929,0.4880242979559927,0.42986376562970247,0.4109606288451289,0.47292492385391405,0.4469658754945999,6.563073425897628,-0.013934160890433601,6.095498402703312,5.972210704756814,5.81673789296763,5.544047667187246,5.35601964086535,5.21417051104778,5.242700958956796,5.45556659192105,5.582175415884703,5.550308072691044,5.54937289439317,5.433646561479679,5.286020710522596,5.238330405804244,5.1522148964276155,4.8631471910005795,4.581069500569223,4.070031151048929,3.923395901390355,3.654794548470241,3.3609555888559672,3.093000017184035,2.7949569428173664,2.748705183658952,2.7139541648360077,2.614079747282165,2.295639813612957,2.0339122842088413,1.8693190217987643,1.7612731439902614,1.5202231508831605,1.2266775156760952,7.284374273294863,6.984710256347325,6.669704410981328,6.214833841682984,5.862727409338483,-0.7243186079798903,5.312543442823892,5.268070381336479,-1.0936529607790668,5.08291093750773,4.983963306233351
2.240999999999864,0.29082346493410066,-0.33731177581219857,4.929969102229802,4.817317568088508,4.735819811209665,4.5810023262820305,4.230738456665932,3.928347861754175,3.672401076680608,9.48680943615206,2.6275555547050216,2.1310019466417094,1.5517709585834587,1.0400389997537351,0.5870869645392838,0.07934416774713038,6.1054296220336,-0.23161253338086943,6.037021743426035,6.115966336137441,-0.17747230184598795,-0.11886955130086439,0.07257142955134935,0.0071457745110909306,-0.09122810560926288,-0.2640432457159824,-0.311701073704986,-0.3524723967597804,-0.4732974407212248,5.779229600060689,-0.6468487307227279,5.514420553712022,-0.9085766879876295,5.261456429112238,4.838239566819919,-1.918936352035551,3.996335376285362,-2.822646889171492,3.0645500932571754,2.59923780547181,2.377628346950267,2.304774214593226,2.177351061308093,1.9228363718812533,1.6189020480134504,7.589870925753299,1.0132688394512321,0.8996592198026624,7.144976552116814,0.8656856581322205,0.7092452960172194,0.4882288673765931,0.4879511205865313,0.43012334245336864,0.4116172169253532,0.4740397364007044,0.4485888968230801,6.565248269275171,-0.011172778180426512,6.0988248149232875,5.976070712919826,5.821085209137525,5.548824845285929,5.3611322643684,5.21951764545008,5.24817417774297,5.461055621900448,5.587568214394137,5.555498057388134,5.554260356421218,5.438140053518616,5.290043185146154,5.241829013880697,5.155150325426932,4.86547999091332,4.582807329599988,4.071146820714645,3.924015530475619,3.654978743323651,3.3607916042254797,3.0925916518842778,2.79440978069485,2.7481276300429265,2.7134421356183864,2.6137179696371113,2.2955068608149842,2.0340538568996913,1.8697570471206029,1.7620134891900556,1.52126456674989,1.2280026444241396,7.285948858310841,6.986507385524525,6.671696252162511,6.2170091939630785,5.865067874371873,-0.7218148480265801,5.315218310193495,5.270927692648518,-1.090594597860042,5.086185973634042,4.98746147791724
2.250999999999863,0.2913283383625669,-0.3376959815466664,4.93367951584456,4.821218054430086,4.739866257106839,4.5851318271508505,4.23486745590154,3.932371859706807,3.6762052825649953,9.490241407219635,2.630447356460623,2.1332463222943105,1.5532086487496484,1.040598965677375,0.5867172299736302,0.07796264352282246,6.1031099645112175,-0.23483827183085132,6.032920081987808,6.111041079854858,-0.18313953083551204,-0.12518003497363064,0.06572524951590235,-9.933773021094012e-05,-0.09873959174293756,-0.271689864195749,-0.31935572191047445,-0.36002159917398224,-0.4806419046326287,5.772168532903837,-0.653561358291093,5.508099522223076,-0.9144768665906378,5.255990790024446,4.8332528727115065,-1.9234362743384041,3.9922888042096627,-2.826218835300112,3.0613989149631795,2.5964936507396614,2.375226903540626,2.3026743609674547,2.175517527768638,1.9212364528588588,1.6175003135546397,7.588633701105998,1.0121696714431183,0.8986801527850304,7.144117871003836,0.8649634740992554,0.708693151728593,0.48789537349295004,0.48788727469323545,0.43039243080564465,0.41228267566593463,0.475161993744042,0.45021721816123267,6.567425640943236,-0.00841213352233135,6.102147241340249,5.979923625085261,5.82542257787917,5.553589567515158,5.366230531345818,5.2248491376269985,5.253631096359807,5.466528299030399,5.5929452030120075,5.560673330022429,5.559134730893377,5.442622561484785,5.294057206932999,5.245322054324225,5.158083330982293,4.867813708711452,4.584549419437496,4.072270143299929,3.92464560518148,3.6551756893122977,3.360641992681469,3.092198452292808,2.793877683204433,2.747564185508123,2.7129424791282055,2.6133661903499985,2.295380974507077,2.034199469096413,1.8701962965455272,1.7627526635792101,1.522302956512014,1.2293236188637697,7.287518978996903,6.988300486158716,6.673685116333086,6.219183090195157,5.867408448667869,-0.7193096206716765,5.31789554708098,5.273787639242482,-1.0875340685752697,5.089461937018429,4.990958630095432
2.260999999999862,0.2918224368192474,-0.3380655234925385,4.937386352737474,4.825112120639403,4.7439033418089,4.589249153132179,4.238981745223234,3.9363792962254425,3.679991888518181,9.49365555387424,2.633322017065969,2.1354750952533808,1.55463303612362,1.041148508111316,0.5863403906152547,0.0765776797403744,6.100790665838934,-0.2380597468594699,6.0288264944979915,6.106127484840533,-0.18879206032216306,-0.13147338881148984,0.05889791020863535,-0.0073248620395731465,-0.10623163658443491,-0.27931804732058835,-0.3269936546415947,-0.36755635787909025,-0.48797454991502437,5.765116583786518,-0.6602674886895151,5.50178266896255,-0.9203747931339283,5.250525921376546,4.828265685229399,-1.9279376682629665,3.988240046648726,-2.829793721176461,3.0582441245373597,2.5937451482611085,2.3728205118576104,2.3005691122844802,2.1736783935378092,1.91963109812577,1.6160938023126654,7.587392901817808,1.0110686327697704,0.8977012440600798,7.143261583449025,0.8642459255166579,0.7081476835516078,0.48757015883269456,0.48783264701563833,0.4306709096967452,0.412956887821657,0.4762915928167077,0.4518507592594195,6.569605490093833,-0.0056522441599762465,6.105465695398702,5.983769481046736,5.829750060091785,5.55834191047355,5.37131452742729,5.230165077041432,5.259071804278709,5.4719847102563675,5.598306464578068,5.565833968238017,5.563996088991281,5.447094148559536,5.298062828683735,5.248809565987103,5.161013934336853,4.870148344630184,4.586295745962922,4.073401067417454,3.925286048034846,3.6553852855263593,3.3605066354844473,3.0918202903488488,2.7933605234645245,2.747014735413187,2.7124551035682685,2.613024349456252,2.295262134615419,2.034349141524646,1.8706368275290042,1.7634907538167002,1.52333842630042,1.2306405517439223,7.289084740883304,6.990089643441914,6.675671057748347,6.221355544673626,5.869749106550561,-0.7168029878339303,5.320575063266682,5.276650113890598,-1.0844714847713268,5.092738724258001,4.994454679902907
2.270999999999861,0.2923058013786643,-0.33842048405620573,4.941089561067809,4.828999750894181,4.747931087464151,4.593354362726873,4.243081415342626,3.940370284759638,3.6837610202635918,9.49705200410406,2.6361796573258327,2.137688372784291,1.5560442101494243,1.0416876970530369,0.5859564962701621,0.07518930565520025,6.098471732896311,-0.24127697651635832,6.024740936850931,6.101225480295135,-0.19442998489448546,-0.13774972725531173,0.05208928368381017,-0.01453092995800434,-0.11370436487083277,-0.2869279023970869,-0.3346149529996339,-0.37507672177312457,-0.49529539094614083,5.75807376991689,-0.6669670792032687,5.495470052315605,-0.9262704045104899,5.245061880621067,4.823278047881533,-1.932440508550593,3.984189112597552,-2.833371548976481,3.0550857179670876,2.5909923019517014,2.3704091900739437,2.2984585046144654,2.1718337128025724,1.918020376243221,1.614682589318588,7.586148598799907,1.0099657790869019,0.8967225251934455,7.1424076903723,0.8635329797457978,0.707608825980378,0.4872531300195396,0.48778712588435685,0.43095865980896103,0.4136397376884319,0.4774284317882522,0.45348944068114966,6.571787766243292,-0.002893127506471751,6.108780190001694,5.987608319823562,5.8340677158067455,5.5630819499215205,5.376384337531373,5.235465552617677,5.264496390601536,5.477424942285216,5.603652081756633,5.570980049492785,5.568844501637568,5.451554877552326,5.3020601027110965,5.252291587162601,5.163942156177217,4.872483898439072,4.5880462847975245,4.074539541735728,3.925936782004257,3.65560743190975,3.360385415126852,3.0914570394990357,2.79285817621988,2.7464791666681383,2.711979918422699,2.612692387825175,2.2951503212853006,2.034502894475783,1.8710786964947341,1.7642278450520497,1.5243710804185724,1.2319535538848918,7.290646247701779,6.991874941116862,6.6776541297380305,6.22352657144136,5.87208982276563,-0.7142950103970959,5.323256770049363,5.279515011177025,-1.0814069563979065,5.096016233709354,4.997949545890905
2.28099999999986,0.2927784736582254,-0.3387609430347527,4.944789089896588,4.8328809296863176,4.751949515940358,4.597447513623312,4.247166555743295,3.94434493731883,3.6875128020750134,9.50043088462248,2.639020397073597,2.1398862614977436,1.5574422598894044,1.0422166022872277,0.5855655965970783,0.07379755035656163,6.096153172391174,-0.24448997896434524,6.02066336497343,6.096334995710017,-0.20005339852114903,-0.14400916375779046,0.04529924331975777,-0.021717671504945277,-0.12115789981109294,-0.2945195354255577,-0.34221969721404133,-0.3825827394731146,-0.5026044424819969,5.751040107531182,-0.673660088526899,5.489161729075597,-0.9321636391007325,5.239598724091614,4.818290003670523,-1.936944769743907,3.9801360118319566,-2.8369523196863446,3.0519236925110493,2.58823511676335,2.367992956952699,2.296342574046008,2.1699835391640723,1.9164043546541263,1.6132667481370497,7.584900861404509,1.0088611646680687,0.8957440267650637,7.141556192259232,0.8628246043314635,0.7070765142896126,0.4869441949452424,0.4877506011896044,0.4312555634658814,0.41433111107784104,0.4785724100481385,0.45513318379652784,6.5739724192362745,-0.00013480113091638183,6.112090737529477,5.991440179680795,5.838375604205451,5.567809760794056,5.381440045871721,5.2407506527409975,5.269904944054684,5.482849081575676,5.608982137025952,5.576111651049275,5.573680039490456,5.45600481090058,5.3060490808457175,5.255768155596065,5.166868016648272,4.874820369458372,4.5898010113175,4.075685514989357,3.926597730502907,3.655842029254287,3.3602782153180852,3.0911085746747426,2.7923705178140246,2.745957367705909,2.711516834431762,2.612370247141979,2.295045514874154,2.0346607478120147,1.8715219588506575,1.764964020949988,1.5254010213728533,1.233262734210405,7.2922036014153235,6.9936564615009305,6.679634384721576,6.225696184294039,5.874430572473685,-0.711785748226831,5.325940580220978,5.2823822274673455,-1.078340591540002,5.099294365458824,5.0014431480036725
2.2909999999998587,0.29324049580552486,-0.3390869776674244,4.948484889173379,4.836755641820288,4.75595864883474,4.601528662717277,4.2512372547073705,3.9483033645003065,3.691247356800786,9.503792320883887,2.6418443551760635,2.1420688673448542,1.5588272740126852,1.0427352933727259,0.5851677410977809,0.07240244276531214,6.093834990865357,-0.2476987724673613,6.016593734839608,6.0914559608797045,-0.20566239454568305,-0.15025181078915253,0.0385276638008038,-0.028885215206160646,-0.12859236311892955,-0.3020930511312156,-0.34980796666504504,-0.3900744593236631,-0.5099017196484403,5.744015611918105,-0.6803464767278927,5.482857754485258,-0.9380544367346231,5.234136507029928,4.813301595102605,-1.9414504261983216,3.976080754880644,-2.840536033141575,3.0487580466585777,2.5854735986511073,2.365571831827093,2.2942213566819825,2.168127925649987,1.9147830997095963,1.6118463509017193,7.58364975746241,1.0077548424375227,0.8947657783921439,7.1407070891708555,0.8621207669975937,0.706550684517639,0.48664326274327285,0.48772296435045875,0.43156150460228626,0.41503089529216064,0.4797234281891165,0.45678191077566643,6.576159399249492,0.002622717254428082,6.115397349857628,5.995265098148784,5.842673783636784,5.572525417213287,5.38648173596328,5.246020465257352,5.275297552983433,5.488257214329157,5.614296712667957,5.581228849965881,5.578502772938557,5.4604440106696455,5.310029814441813,5.259239308495769,5.169791535367645,4.87715775657496,4.5915599006683925,4.076838935988953,3.9272688173914454,3.656088979193838,3.3601849209697665,3.090774772269819,2.7918974261622327,2.745449228454489,2.7110657635672397,2.6120578698902324,2.29494769594476,2.034822720971293,1.871966669004662,1.7656993637146527,1.5264283499023585,1.2345681997791411,7.293756902247502,6.995434285509628,6.681611874223151,6.22786439678441,5.8767713312436705,-0.7092752601873454,5.3286264080418615,5.285251660878595,-1.0752724964494949,5.102573021293319,5.004935407555683
2.3009999999998576,0.2936919104858919,-0.3393986626856487,4.952176909723353,4.840623872411541,4.7599585074837085,4.605597866131349,4.255293599341418,3.9522456755164543,3.694964805887423,9.50713643709915,2.6446516495383507,2.1442362956126515,1.5601993407843024,1.043243839630132,0.5847629791079537,0.07100401163184136,6.091517194700245,-0.2509033753788631,6.012532002485042,6.08658830591362,-0.21125706568174785,-0.15647777984302796,0.031774421099496644,-0.036033688120923495,-0.13600787504471354,-0.3096485529943528,-0.3573798399054748,-0.3975519294051182,-0.5171872379328116,5.737000297442618,-0.687026205211346,5.476558182276719,-0.9439427386548948,5.228675283612163,4.808312864196351,-1.9459574520931888,3.9720233529981073,-2.8441226880650294,3.0455887800901156,2.582707754540831,2.363145834580776,2.2920948886354324,2.1662669247264783,1.9131566766947081,1.6104214683497933,7.582395353319594,1.006646864002292,0.8937878087516568,7.139860380753336,0.8614214356432275,0.7060312734499331,0.4863502437631696,0.48770410828486366,0.43187636873469354,0.41573897909985874,0.480881387990829,0.458435544582069,6.578348656795168,0.005379409806505715,6.118700038374645,5.999083112042222,5.846962311634202,5.577228992500845,5.391509490628475,5.25127507747327,5.2806743053466025,5.493649426480922,5.619595890758374,5.586331723088358,5.583312772095899,5.46487253855283,5.314002354382793,5.262705082543527,5.17271273143983,4.879496058257822,4.593322927779065,4.077999753630672,3.927949966980556,3.6563481841984515,3.3601054181811834,3.0904555101187285,2.791438780725051,2.7449546403096536,2.7106266190083446,2.6117551993346946,2.2948568452586238,2.034988832972215,1.8724128803799966,1.7664339541133451,1.5274531650081613,1.2358700558157103,7.295306248711266,6.997208492679753,6.68358664888643,6.230031222226457,5.879112075046388,-0.7067636041577962,5.331314169216302,5.288123211249797,-1.0722027755761652,5.105852104671719,5.008426247209327
2.3109999999998565,0.29413276087018553,-0.33969607036165883,4.9558651032346175,4.844485606884926,4.763949112972335,4.609655179233773,4.259335675601652,3.9561719782213207,3.698665269402669,9.510463356250849,2.6474423971088714,2.146388650919985,1.5615585480549525,1.0437423101300771,0.584351359788536,0.06960228553420644,6.089199790122167,-0.25410380613075595,6.008478124020191,6.081731961247116,-0.21683750400892043,-0.16268718144247385,0.025039392459132,-0.043163215868513884,-0.14340455440644556,-0.3171861432795507,-0.3649353946818195,-0.40501519754137005,-0.5244610131757339,5.729994177569095,-0.6936992366856065,5.470263064710402,-0.9498284874812952,5.223215106974444,4.803323852491184,-1.950465821442588,3.967963818138344,-2.8477122821037946,3.042415893638788,2.5799375922977217,2.360714985628614,2.289963206025513,2.164400588309772,1.9115251498535506,1.6089921698555796,7.581137713872897,1.0055372796835007,0.8928101456023416,7.139016066247512,0.8607265783386598,0.7055182186031401,0.48606504954556334,0.48769392738034734,0.43220004293254677,0.41645525271155626,0.48204619240364494,0.46009400896598873,6.580540142724233,0.008135258563394702,6.121998813999028,6.002894257478723,5.851241244932457,5.58192055919003,5.396523392003371,5.256514576155871,5.286035288711443,5.499025803691597,5.624879753157192,5.591420347041633,5.588110106797178,5.469290455871514,5.317966751086806,5.266165513905095,5.175631623469954,4.881835272573121,4.595090067375249,4.0791679169053845,3.9286411040333378,3.6566195475684764,3.3600395942249515,3.0901506674750894,2.790994462482358,2.7444734961082826,2.710199315118169,2.6114621795045556,2.2947729437695177,2.0351591024188322,1.872860645430407,1.7671678714998544,1.5284755639820544,1.237168405741096,7.296851737637284,6.998979161192151,6.685558758489141,6.232196673699507,5.881452780248077,-0.704250837048434,5.334003780868525,5.290996780113018,-1.0691315315981234,5.1091315206968435,5.011915590953045
2.3209999999998554,0.2945630906228269,-0.3399792705557598,4.9595494222457805,4.848340830973109,4.767930486143561,4.61370065665682,4.2633635683184865,3.960082379136498,3.702348866058018,9.513773200108211,2.6502167138843937,2.1485260372138195,1.5629049832513364,1.0442307736821137,0.5839329321175531,0.06819729287644298,6.08688278320761,-0.2573000832227967,6.004432055643169,6.076886857651822,-0.22240380096897067,-0.16888012514613907,0.018322456376567993,-0.0502739226540528,-0.150782518619828,-0.32470592306396234,-0.37247470795454685,-0.4124643113072846,-0.531723061563023,5.722997264883918,-0.7003655351288571,5.463972452612821,-0.9557116271758461,5.217756029237709,4.798334601055659,-1.9549755081057676,3.9639021629293425,-2.8513048118650186,3.039239389253043,2.577163120695699,2.358279305897954,2.287826344973485,2.1625289677773716,1.9098885824135583,1.6075585234631873,7.579876902604791,1.0044261385469442,0.8918328158062484,7.138174144498298,0.8600361633218002,0.7050114582095682,0.48578759279784983,0.4876923174654388,0.4325324157900287,0.41717960775644364,0.48321774553271907,0.4617572284577661,6.582733808229268,0.010890245455807147,6.1252936871958585,6.006698569896909,5.855510639483945,5.586600189037754,5.401523521543812,5.261739047533025,5.291380590248818,5.5043864313390225,5.630148381499485,5.5964947982219515,5.592894846593201,5.473697823575355,5.321923054512208,5.269620638240345,5.178548229577207,4.884175397198854,4.596861293992684,4.080343374907531,3.9293421537674726,3.6569029734286675,3.3599873375328717,3.0898601249905973,2.7905643539079388,2.7440056901022345,2.7097837674206433,2.6111787551770407,2.294695972617184,2.03533354750539,1.8733100156549891,1.767901193837351,1.5294956424347792,1.2384633512025764,7.298393464201811,7.000746367894102,6.6875282519573735,6.234360764052255,5.883793423604104,-0.7017370148165034,5.336695161519066,5.293872270664923,-1.0660588654516887,5.112411176087947,5.015403364079913
2.3309999999998543,0.29498294389006696,-0.34024833076227723,4.963229820133798,4.852189530715,4.771902647607153,4.617734352314686,4.267377361220448,3.9639769834763547,3.7060157132307094,9.517066089241808,2.6529747149151732,2.150648557765905,1.5642387333670715,1.04470929882421,0.5835077448824004,0.06678906188704506,6.08456617988827,-0.26049222521245896,6.000393753651848,6.072052926245341,-0.2279560473626034,-0.17505671955455968,0.0116234925853251,-0.057365931293691406,-0.15814188372746604,-0.3322079922646948,-0.3799978559177112,-0.41989931803579095,-0.5389733996177186,5.716009571117484,-0.7070250657566125,5.457686395413322,-0.9615921030090798,5.212298101531857,4.79334515049556,-1.9594864857972492,3.9598384006483394,-2.854900272950714,3.0360592699603433,2.5743843493876026,2.3558388168103495,2.2856843415987678,2.160652113978912,1.9082470366091722,1.6061205959183524,7.578612981617279,1.003313488432945,0.8908558453498172,7.137334613963954,0.8593501589947194,0.7045109312021433,0.48551778737049506,0.487699175781765,0.43287337739848486,0.4179119372591433,0.4843959526222767,0.46342512836114996,6.584929604847203,0.013644352318173777,6.128584667992903,6.010496084074048,5.8597705504746935,5.591267953036313,5.406509960031531,5.266948577293647,5.2967102967286195,5.509731394510423,5.635401857186564,5.601555152789285,5.597667060746557,5.478094702242559,5.325871314162957,5.273070490713228,5.181462567407944,4.886516429439123,4.5986365819898465,4.081526076843613,3.93005304185721,3.657198366722287,3.359948537681978,3.089583764694336,2.7901483389445727,2.7435511179327747,2.7093798925780015,2.610904871861397,2.294625913121198,2.035512186020996,1.873761041612777,1.7686339977208692,1.5305134943237535,1.239754992103125,7.299931521954083,7.002510188321373,6.68949517737966,6.236523505906714,5.886133982252722,-0.6992221924818949,5.339388231061534,5.296749587738828,-1.0629848763607141,5.11569097915375,5.018889493166654
2.340999999999853,0.29539236528848517,-0.3405033161542259,4.966906251102025,4.856031692454178,4.775865617748398,4.621756319420902,4.271377136957476,3.9678558951726344,3.709665926985215,9.520342143037974,2.655716514310166,2.1527563151698073,1.5655598849541577,1.0451779538128165,0.5830758466725665,0.06537762061760403,6.082249985955942,-0.2636802507052456,5.996363174455368,6.067230098500335,-0.23349433334664615,-0.18121707231657497,0.004942382038965314,-0.06443936323917528,-0.16548276442722687,-0.3396924496653257,-0.38750491401787607,-0.42732026482463537,-0.5462120441922353,5.70903110716567,-0.7136777949901003,5.451404941179797,-0.9674698615272269,5.206841374019227,4.78835554096179,-1.9639987280966071,3.9557725451977994,-2.858498659991559,3.0328755398318656,2.5716012888761903,2.353393540263753,2.283537232015049,2.158770077246685,1.9066005737048308,1.604678452699416,7.577346011664935,1.0021993759855008,0.8898792593645107,7.136497472725225,0.8586685339203802,0.7040165771998086,0.48525554823395317,0.4877144009568106,0.433222819319446,0.4186521356170104,0.48558072004011943,0.46509763474660776,6.587127484461803,0.016397560899326733,6.131871765996229,6.01428683414324,5.864021032340001,5.595923921424937,5.411482787580242,5.272143250588117,5.302024494515442,5.515060777994904,5.640640261377472,5.606601486660052,5.602426818227466,5.48248115208022,5.3298115790939455,5.2765151060015265,5.184374654148469,4.888858366237992,4.600415905560298,4.082715972040377,3.930773694435155,3.6575056332051963,3.359923085380787,3.0893214699724454,2.7897463029796135,2.7431096766055423,2.7089876083687368,2.61064047578324,2.2945627467749925,2.035695035354219,1.8742137729370676,1.7693663583993797,1.531529211980304,1.2410434266303099,7.301466002843261,7.004270696719863,6.691459582020828,6.238684911662092,5.888474433708924,-0.6967064241425563,5.342082910739755,5.299628637777244,-1.0599096618653727,5.118970839766,5.022373906053055
2.350999999999852,0.29579139989371256,-0.3407442896267397,4.9705786701685115,4.8598673028373165,4.779819416736564,4.625766610505282,4.2753629771236055,3.971719216898438,3.7132996220942323,9.523601479713015,2.6584422252423026,2.154849411338279,1.5668685241149647,1.04563680661349,0.5826372858727747,0.06396299694159949,6.079934207067266,-0.26686417834542914,5.992340274585028,6.062418306253008,-0.23901874843165977,-0.187361290135855,-0.0017209931052550049,-0.0714943386018023,-0.17280527409978466,-0.3471593929415823,-0.39499595697237505,-0.434727198542815,-0.5534390124606283,5.702061883110754,-0.7203236904255029,5.445128136653395,-0.9733448505203226,5.201385895917426,4.783365812158051,-1.9685122084579325,3.9517046110821137,-2.8620999666797315,3.029688203948195,2.568813950485915,2.3509434986151514,2.2813850523264434,2.1568829074058278,1.9049492540173232,1.603232158047487,7.576076052187126,1.001083846680741,0.8889030821470033,7.1356627184943395,0.8579912568195417,0.7035283364933559,0.48500079145618263,0.48773789297732456,0.43358063455823415,0.4194000985778642,0.4867719552623513,0.46677467444462706,6.589327399305905,0.019149852872791667,6.135154990405378,6.018070853610156,5.86826213877974,5.600568163701162,5.416442083641691,5.277323152028828,5.307323269564492,5.520374666276251,5.6458636749808,5.611633875500112,5.607174187709838,5.486857232924748,5.333743897916256,5.2799545183064005,5.1872845065374875,4.891201204192987,4.602199238744646,4.083913009952691,3.93150403809388,3.65782467943995,3.3599108724557274,3.0890731255481634,2.7893581328210555,2.74268126446604,2.70860683366604,2.6103855138692573,2.294506455240027,2.0358821124976285,1.8746682583494896,1.770098349797466,1.5325428861364192,1.242328751284689,7.302996997244921,7.006027966066943,6.693421512335617,6.2408449934986,5.890814755858385,-0.6941897629896623,5.344779123125301,5.302509328804889,-1.0568333178504148,5.122250669333523,5.025856531821802
2.360999999999851,0.2961800932293784,-0.34097131183929735,4.974247033154526,4.8636963488126,4.783764064533118,4.629765277430439,4.279334962279088,3.97556705009162,3.7169169120592085,9.526844216327138,2.6611519599538367,2.156927947500976,1.5681647364947342,1.0460859248920436,0.5821921106565235,0.06254521855333328,6.077618848748305,-0.2700440268072065,5.988325010704622,6.057617481711011,-0.24452938147995334,-0.19348947877752976,-0.008366749502463851,-0.07853097617579269,-0.18010952483537804,-0.3546089186862116,-0.4024710587869362,-0.4421201658367043,-0.5606543219109771,5.695101908241817,-0.7269627208040308,5.4388560272822755,-0.9792170189912095,5.195931715521516,4.778376003348354,-1.9730269002189946,3.9476346133849898,-2.8657041858007926,3.0264972683659654,2.5660223463354637,2.348488714663641,2.279227838623723,2.1549906537841963,1.903293136937516,1.6017817749958057,7.574803161339405,0.9999669448547113,0.8879273371789387,7.134830348623882,0.8573182965678315,0.7030461500316747,0.4847534341807423,0.4877695531633568,0.433946717538138,0.42015572321813893,0.48796956685832277,0.46845617503901116,6.591529301963461,0.021901209846701557,6.138434350028066,6.02184817536936,5.872493922773301,5.605200748631999,5.421387927011684,5.282488365690847,5.31260670741773,5.525673143526035,5.651072178646806,5.616652394718037,5.6119092375675095,5.491223004242337,5.337668318802347,5.2833887613617225,5.190192140878269,4.893544939568217,4.603986555442139,4.0851171401710955,3.932243999887366,3.658155412789878,3.359911791837763,3.0888386174622227,2.7889837166740694,2.742265781175636,2.708237488416705,2.610139933732258,2.2944570203401145,2.036073434052271,1.8751245456738215,1.7708300445366076,1.5335546059510268,1.2436110609077202,7.304524593987095,7.0077820680924106,6.695381013982093,6.243003763381185,5.893154926951487,-0.6916722613225458,5.3474767920953825,5.305391570402189,-1.053755938572908,5.125530380776781,5.029337300778699
2.37099999999985,0.2965584912562724,-0.34118444125677827,4.977911296673285,4.867518817628145,4.787699580899701,4.633752371407844,4.283293171971918,3.979399494977598,3.7205179091303986,9.530070468798185,2.663845829761753,2.1589920242024845,1.5694486072745593,1.0465253760062079,0.5817403689800127,0.061124312966998134,6.075303916398988,-0.273219814786252,5.984317339620218,6.052827557460822,-0.2500263207039832,-0.1996017430749117,-0.014995002635989126,-0.08554939346108828,-0.18739562745980567,-0.3620411224330706,-0.4099302927726911,-0.44949921313588737,-0.5678579903378818,5.688151191074641,-0.7335948559828049,5.43258865725442,-0.9850863171254038,5.190478880225597,4.773386153364332,-1.9775427766101084,3.943562567747506,-2.8693113092646647,3.0233027400854433,2.5632264893110337,2.3460292116339283,2.277065626980597,2.153093365221937,1.9016322809514783,1.6003273653983299,7.573527396024133,0.9988487137304985,0.886952047146263,7.134000360115518,0.8566496221929759,0.7025699594084058,0.4845133946054517,0.48780928414290947,0.43432096407514703,0.4209189079214495,0.4891734644757898,0.47014206486017557,6.593733145371364,0.02465161337334377,6.141709853294477,6.025618831720193,5.876716436594229,5.609821744264924,5.426320395836085,5.287638975112699,5.317874893200242,5.530956293597008,5.656265852759862,5.6216571194586535,5.616632035870665,5.495578525129528,5.341584889491174,5.28681786844323,5.193097573050496,4.8958895683071315,4.605777829421897,4.086328312429079,3.9329935073322653,3.6584977414131767,3.359925737549195,3.0886178330535867,2.788622944118012,2.741863127688072,2.707879493620492,2.6099036836565643,2.2944144240558977,2.0362690162320805,1.875582681849569,1.7715615139560887,1.5345644590358076,1.2448904487091879,7.306048880375882,7.00953307329911,6.697338131834816,6.245161233063201,5.895494925597418,-0.689153970563394,5.350175842811121,5.308275273679231,-1.0506776166894662,5.128809888502914,5.032816144433285
2.380999999999849,0.29692664036172234,-0.3413837341893841,4.981571418118893,4.871334696830402,4.7916259854058785,4.637727943013478,4.287237684758825,3.98321665059161,3.72410272432648,9.533280351915133,2.6665239450632368,2.1610417413006586,1.5707202211648432,1.046955226997781,0.5812821085764339,0.059700307515875094,6.072989415297407,-0.2763915609916542,5.980317218289415,6.04804846647459,-0.2555096536651169,-0.20569818693630393,-0.021605866832916036,-0.09254970668559862,-0.19466369155968555,-0.36945609868046214,-0.41737373156259305,-0.4568643866587061,-0.5750500358350729,5.681209739371107,-0.7402200669065216,5.42632606952954,-0.9909526962618048,5.185027436543794,4.768396300612369,-1.9820598107627154,3.939488490346818,-2.8729213281357153,3.0201046270190086,2.5604263930403253,2.343565013160249,2.2748984534500543,2.151191090080756,1.899966743661019,1.598868989957575,7.572248811920313,0.997729195444717,0.8859772339581421,7.133172749628607,0.8559852028721832,0.7020997068489864,0.4842805919616008,0.4878569898271854,0.4347032713532293,0.4216895523575622,0.49038355882628626,0.4718322729784461,6.5959388828210885,0.027401044958351762,6.14498150827111,6.029382854382266,5.880929731824522,5.61443121793867,5.431239567616772,5.292775063297249,5.323127911616826,5.536224200016784,5.661444777431185,5.6266481245968425,5.6213426503824415,5.499923854313819,5.345493657293239,5.290241872377465,5.196000818521819,4.898235086044926,4.607573034333789,4.087546476610055,3.933752488409014,3.658851574256998,3.359952604690647,3.0884106609405375,2.7882757060838697,2.7414732062264533,2.7075327713099417,2.609676712583731,2.2943786485194644,2.0364688748682402,1.8760427129452997,1.7722928281335273,1.5355725314805526,1.2461670062941559,7.307569942220622,7.011281050983221,6.699292909997819,6.247317414090002,5.89783473075838,-0.6866349412717099,5.3528762016961755,5.311160351250176,-1.0475984432829808,5.1320891083812565,5.0362929954798155
2.3909999999998477,0.2972845873491786,-0.3415692448314609,4.985227355655491,4.87514397426256,4.795543297436656,4.641692042203048,4.291168578225724,3.9870186148004225,3.72767146745373,9.536473979351383,2.6691864153412057,2.163077197965253,1.5719796623991993,1.0473755445852455,0.5808173769506139,0.058273229351650885,6.07067535060397,-0.2795592841382225,5.976324603830086,6.043280142116482,-0.2609794672727455,-0.21177891335188492,-0.02819945527939139,-0.09953203082690974,-0.20191382550700168,-0.37685394091374397,-0.42480144712726275,-0.46421573241753855,-0.5822304767881324,5.674277560158123,-0.7468383255798787,5.420068305870098,-0.9968161088642171,5.1795774301306485,4.763406483080561,-1.9865779757176931,3.9354123978754987,-2.87653423266198,3.016902937960524,2.5576220718672382,2.341096143270697,2.272726354060768,2.1492838762529156,1.8982965818036552,1.5974067082517127,7.5709674635127,0.9966084310733639,0.8850029187654728,7.132347513488668,0.8553250079296723,0.7016353351980757,0.4840549464936927,0.48791257538642163,0.43509353790014255,0.42246755746176257,0.49159976167070685,0.4735267291973614,6.5981464679601265,0.03014948606955197,6.148249322674223,6.0331402745105445,5.885133859368611,5.619029236293847,5.436145519217565,5.297896712712696,5.32836584694879,5.541476945981807,5.666609032491865,5.631625484731601,5.626041148555712,5.504259050154328,5.349394669095568,5.293660805550534,5.19890189235913,4.9005814881206105,4.60937214371898,4.088771582754066,3.934520871562777,3.65921682105154,3.3599922894282264,3.088216991002086,2.787941894832161,2.74109592026072,2.707197244530622,2.6094589700985944,2.294349676009111,2.0366730254134824,1.8765046841717519,1.7730240559050425,1.5365789078780747,1.2474408236894567,7.309087863858651,7.013026069254201,6.701245391817347,6.249472317802478,5.90017432174386,-0.6841152231585448,5.355577796415734,5.314046717208124,-1.044518507888862,5.135367957719305,5.039767787778605
2.4009999999998466,0.29763237942800735,-0.3417410252992485,4.988879068206593,4.878946638062933,4.7994515361997925,4.645644718326824,4.295085929007643,3.990805484323519,3.731224247124793,9.539651463677822,2.671833349169887,2.1650984926768446,1.5732270147287872,1.0477863951568374,0.5803462213739928,0.05684310544384974,6.068361727365421,-0.2827230029391501,5.972339453528653,6.0385225181485565,-0.2664358477837263,-0.21784402440066344,-0.034775880035679524,-0.10649647963347185,-0.2091461364829612,-0.3842347416272335,-0.43221351079028525,-0.47155329622381575,-0.589399331867324,5.667354659746074,-0.753449605040739,5.413815406871467,-1.002676508493667,5.17412890580097,4.758416738345499,-1.9910972444333952,3.931334307521478,-2.8801500123035457,3.0136976825555473,2.5548135408272503,2.338622626371949,2.270549364813562,2.1473717711699423,1.8966218512720319,1.595940578760967,7.569683404120153,0.995486460657065,0.8840291219789942,7.131524647695705,0.8546690068343394,0.7011767879073472,0.48383637943970575,0.487975947226291,0.4354916635637643,0.42325282541461356,0.4928219858050989,0.47522536404698573,6.6003558547932535,0.03289691814547695,6.15151330388287,6.036891122710039,5.889328869467034,5.623615865283371,5.44103832687012,5.303004005293667,5.333588783050962,5.546714614351578,5.671758697486183,5.636589274180341,5.630727597530017,5.508584170642535,5.353287971366626,5.297074699916679,5.201800809239543,4.902928769588731,4.611175131020136,4.090003581064213,3.9352985857042486,3.659593392304147,3.3600446889808566,3.088036714359714,2.7876214039312597,2.7407311744855836,2.706872837321804,2.609250406415634,2.294327488944239,2.036881482946335,1.8769686398947112,1.7737552648850656,1.537583671348683,1.2487119893697243,7.310602728179627,7.014768195054398,6.703195619894409,6.251625955340521,5.9025136782049925,-0.6815948651005014,5.358280555855857,5.3169342871004215,-1.0414378985208017,5.138646355239162,5.043240456337744
2.4109999999998455,0.29797006420348215,-0.34189912566759584,4.992526515444611,4.882742676663337,4.803350720732868,4.649586020144059,4.298989812808139,3.994577354753775,3.7347611707770336,9.542812916375706,2.674464854220458,2.167105723226019,1.5744623614170599,1.0481878447640423,0.5798686888799246,0.05540996257937315,6.066048550518728,-0.2858827360990182,5.968361724847873,6.033775528736173,-0.27187888080214034,-0.22389362125749537,-0.04133525205097472,-0.11344316564528095,-0.21636073050118462,-0.39159859234543504,-0.4396099932429756,-0.47887712369278973,-0.596556620020532,5.660441043746842,-0.7600538793340111,5.407567411991278,-1.0085338497814844,5.168681907549123,4.753427103578884,-1.9956175897934343,3.9272542369485874,-2.883768655760125,3.0104888712723916,2.5520008156234577,2.336144487234382,2.268367521677941,2.145454821811081,1.8949426071328013,1.594470658893308,7.5683966859233,0.9943633232257227,0.8830558632870075,7.130704147932429,0.8540171691975579,0.7007240090236383,0.48362481301185944,0.488047012964858,0.43589754948893145,0.4240452596220961,0.49405014504666056,0.4769281087772317,6.602566997683613,0.03564332260355378,6.15477345895155,6.040635429050125,5.893514811709812,5.628191170182716,5.445918066179777,5.3080970224424116,5.338796803348897,5.551937287643153,5.676893851665199,5.641539566973445,5.635402064128692,5.512899273403065,5.357173610161172,5.300483587006657,5.204697583461112,4.905276925230779,4.612981969591309,4.091242421912822,3.936085560210302,3.6599811992934144,3.3601097016077905,3.087869723359436,2.7873141282361473,2.740378874798922,2.70655947469756,2.609050972365648,2.294312069880397,2.03709426217532,1.877434623647671,1.7744865214858003,1.5385869035642243,1.2499805902829761,7.312114616649461,7.016507494178346,6.705143636097099,6.25377833764643,5.904852780129005,-0.6790739151535109,5.36098441010317,5.319822977904399,-1.0383567016960642,5.141924221054397,5.046710937295142
2.4209999999998444,0.29829768966697634,-0.3420435940056651,4.996169657780573,4.886532078787459,4.80724086991016,4.653515995837036,4.302880304418243,3.9983343205776305,3.7382823446904943,9.545958447849326,2.6770810372667233,2.1690989867128256,1.5756857852349135,1.0485799591155074,0.5793848262592827,0.05397382736214147,6.063735824894843,-0.2890385023071315,5.964391375434202,6.029039108452975,-0.2773086512793482,-0.229927804200157,-0.04787768117797451,-0.12037220021406946,-0.2235577124302505,-0.3989455836436113,-0.44699096455863385,-0.48618726024806247,-0.6037023604663084,5.653536717091353,-0.7666511234862236,5.401324359577954,-1.0143880884031313,5.1632364785678,4.748437615553983,-2.0001389846142175,3.923172204277668,-2.8873901509978377,3.0072765153739804,2.549183912603262,2.3336617509775692,2.2661808605886744,2.1435330747114882,1.893258903644989,1.5929970050094822,7.567107359991497,0.9932390568225795,0.8820831616727146,7.1298860095723215,0.8533694647711048,0.7002769431774438,0.4834201703778719,0.48812568141007484,0.4363110980947753,0.42484476469612414,0.4952841542199419,0.47863489535119663,6.604779851353636,0.038388680847979674,6.158029794622478,6.044373223078481,5.897691735049511,5.632755215599989,5.450784812131377,5.313175845030074,5.343989990836282,5.557145048025897,5.682014573980616,5.646476436849048,5.6400646148561195,5.517204415694526,5.361051631125034,5.303887497935953,5.207592228953271,4.907625949566265,4.614792632707504,4.092488055847365,3.936881724924506,3.6603801540633,3.3601872265962855,3.0877159115541706,2.7870199638675692,2.740038928280614,2.706257082628257,2.6088606193827277,2.2943034015044503,2.03731137744309,1.8779026781442725,1.77521789093634,1.5395886847717073,1.2512467118757569,7.313623609333835,7.018244031291724,6.707089481572738,6.255929475468249,5.907191607833752,-0.6765524205663888,5.363689290424902,5.322712708003536,-1.0352750024603155,5.145201476647362,5.050179167900913
2.4309999999998433,0.29861530418634785,-0.3421744764116585,4.9998084563540095,4.8903148334492075,4.811122002449306,4.657434693024749,4.3067574777348945,4.002076475194796,3.741787874005475,9.549088167438496,2.6796820041908522,2.171078379546484,1.5768973684562184,1.0489628035713523,0.5788946800563626,0.05253472621283086,6.061423555222336,-0.2921903202311713,5.96042836312471,6.02431319228545,-0.28272524351432887,-0.23594667261646696,-0.05440327618721867,-0.1272836935230199,-0.23073718601561619,-0.40627580516772105,-0.45435649420630636,-0.4934837511258851,-0.6108365726870248,5.64664168404673,-0.7732413134807726,5.395086286898457,-1.0202391810527494,5.1577926612662655,4.743448310651915,-2.0046614016522395,3.9190882280682455,-2.8910144852752246,3.0040606268904937,2.5463628487356895,2.331174443056146,2.263989417442456,2.1416065759701794,1.8915707942778504,1.5915196724473806,7.565815476309122,0.992113698527714,0.881111035431179,7.129070227687576,0.8527258634452068,0.6998355355717446,0.4832223756426934,0.488211862537805,0.43673221305254245,0.4256512464354275,0.49652392914324794,0.4803456564385168,6.6069943708858,0.04113297427729276,6.1612823173374816,6.048104533834675,5.901859687814018,5.637308065485835,5.45563863909504,5.3182405533980734,5.349168428072519,5.562337977316487,5.6871209430789005,5.651399957248053,5.644715315895169,5.521499654410407,5.364922079499828,5.307286463412809,5.210484759287016,4.909975836863501,4.61660709357394,4.0937404335961185,3.937687010157496,3.6607901694172464,3.3602771642494464,3.0875751736864214,2.786738808191602,2.739711243171817,2.705965588022462,2.6086792994915364,2.2943014666298835,2.0375328427305335,1.8783728452905353,1.7759494373014515,1.5405890938165103,1.2525104381178462,7.31512978492132,7.019977869950014,6.709033196759781,6.25807937936305,5.909530141962316,-0.6740304277941688,5.366395129249252,5.32560339716406,-1.0321928844120019,5.148478044846918,5.053645086500102
2.440999999999842,0.2989229564965159,-0.3422918170465946,5.003442873023015,4.894090929951055,4.814994136917763,4.661342158776206,4.310621405778939,4.005803910937476,3.745277862739743,9.55220218343084,2.682267859989146,2.1730439974453235,1.5780971928537144,1.049336443137855,0.5783982965650635,0.051092685368701596,6.059111746130902,-0.29533820851115355,5.9564726459536015,6.01959771563709,-0.28812874115428894,-0.24195032501145122,-0.060912144781198066,-0.13417775460601594,-0.2378992539009335,-0.413589345653746,-0.4617066510640734,-0.5007666413792374,-0.6179592764221297,5.639755948233007,-0.7798244262338287,5.388853230165287,-1.0260870854184136,5.15235049728811,4.7384592248678015,-2.0091848136111423,3.915002327300734,-2.8946416451685186,3.0008412185927793,2.5435376415893214,2.328682589246043,2.2617932280946174,2.1396753712577388,1.8898783317282446,1.5900387155457734,7.5645210838012,0.9909872844809797,0.8801395021859209,7.128256797056922,0.8520863352467021,0.6993997319711576,0.48303135383070445,0.48830546747035936,0.4371607992638899,0.42646461180679546,0.49776938661524134,0.4820603254087393,6.60921051172323,0.04387618429164917,6.164531033249535,6.051829389863383,5.906018717719041,5.641849783143166,5.460479620831904,5.323291227359559,5.354332197180502,5.567516156974155,5.692213037295672,5.656310201309366,5.6493542331047655,5.525785046080018,5.368785000127615,5.310680513746071,5.213375187684827,4.912326581150061,4.618425325335021,4.094999506073599,3.938501346687225,3.661211158912315,3.3603794158742324,3.0874474056712513,2.7864705597996124,2.739395728854661,2.705684918709223,2.6085069652948643,2.2943062481922354,2.0377586716608134,1.8788451661968837,1.7766812235000289,1.5415882081651844,1.253771851526542,7.316633220746104,7.0217090726168365,6.710974821399558,6.260228059700148,5.911868363477707,-0.6715079825112207,5.369101860146104,5.328494966511932,-1.029110429726282,5.151753849806583,5.057108632515717
2.450999999999841,0.2992206956902241,-0.34239565816716255,5.007072870354482,4.897860357882359,4.81885729173907,4.665238439623392,4.314472160712658,4.009516719089149,3.7487524138053745,9.555300603073912,2.684838708777851,2.174995935436967,1.5792853396952622,1.0497009424625054,0.57789572182534,0.04964773088351132,6.05680040215476,-0.2984821857536818,5.95252418215833,6.014892614332168,-0.29351922719552626,-0.2479388590145456,-0.06740439360823777,-0.14105449136644338,-0.24504401764877998,-0.42088629294642704,-0.4690415034318775,-0.5080359758816978,-0.6250704916615085,5.6328795126394455,-0.7864004395708731,5.382625224562745,-1.0319317601580615,5.146910027528516,4.733470393816747,-2.0137091931485482,3.910914521359173,-2.898271616596196,2.997618303966503,2.540708309310821,2.3261862156310738,2.259592328355906,2.137739505823795,1.88818156793753,1.5885541876674285,7.5632242303584025,0.9898598499044006,0.8791685789051505,7.127445712173302,0.8514508503373107,0.6989694786914018,0.4828470308683645,0.48840640845553307,0.4375967628396434,0.4272847689266735,0.49902044440174026,0.4837788363247159,6.611428229670156,0.046618292299813055,6.1677759482339525,6.055547819227276,5.910168871880311,5.64638043123672,5.465307830499814,5.328327946200941,5.35948137984456,5.572679668096169,5.697290934650327,5.661207241865358,5.653981432017614,5.5300606468694795,5.372640437455479,5.314069678852889,5.216263527030341,4.914678176222955,4.620247301083009,4.0962652243857525,3.939324665759079,3.6616430368533317,3.3604938837696268,3.08733250457956,2.7862151184885993,2.739092295832364,2.705415003420748,2.6083435699614808,2.2943177292446504,2.0379888775033725,1.8793196811899682,1.7774133113232276,1.5425861039278603,1.255031033190525,7.318133992810337,7.023437700681989,6.712914394547803,6.262375526664259,5.914206253657636,-0.6689851296241522,5.371809417808063,5.331387338510263,-1.026027719178528,5.155028816983073,5.0605697464320825
2.46099999999984,0.2995085712089884,-0.3424860401576779,5.010698411614488,4.901623107117672,4.8227114851989095,4.669123581573869,4.318309813856867,4.013214989902905,3.752211629025254,9.558383532587127,2.6873946537990143,2.1769342878587215,1.5804618897404281,1.0500563658294106,0.5773870016199111,0.048199888627508625,6.054489527735929,-0.30162227052648355,5.948582930185333,6.010197824619163,-0.2988967839845364,-0.25391237138682926,-0.07388012827615867,-0.1479140105955547,-0.2521715777608238,-0.42816673401742916,-0.4763611190439119,-0.5152917993311102,-0.6321702386389476,5.62601237964046,-0.792969332203855,5.376402304272482,-1.0377731648760866,5.141471292151058,4.728481852739679,-2.018234512882674,3.9068248300144734,-2.9019043848428185,2.9943918971870276,2.537874870604043,2.3236853485898594,2.2573867539893278,2.135799024504285,1.8864805541080014,1.5870661412216227,7.561924962861418,0.9887314291240386,0.8781982819176496,7.126636967251436,0.8508193790120112,0.6985447225890661,0.4826693335672994,0.4885145988461303,0.4380400110790083,0.4281116270431063,0.5002770212227117,0.48550112393601913,6.613647480892227,0.04935927972587102,6.171017067899231,6.0592598495195595,5.914310196825523,5.650900071802467,5.47012334065898,5.333350788683512,5.364616057308586,5.577828591413555,5.702354712840918,5.666091151437532,5.658596977838066,5.534326512582762,5.376488435540069,5.317453988266233,5.219149789877783,4.917030615658518,4.622072993866406,4.097537539834924,3.940156899085874,3.6620857182870443,3.3606204712149643,3.0872303686216407,2.785972385241915,2.7388008557097514,2.705155771775433,2.608189067214252,2.2943358929535655,2.0382234731778888,1.8797964298242917,1.7781457614522826,1.5435828558802616,1.2562880627933122,7.319632175806092,7.025163814479167,6.714851954585981,6.26452179025861,5.916543794089363,-0.6664619132845003,5.374517738031811,5.334280436937112,-1.0229448321673975,5.158302873115256,5.064028369778496
2.470999999999839,0.2997866328342248,-0.3425630015611692,5.01431946075886,4.905379167815044,4.826556735450988,4.672997630123059,4.322134435707585,4.016898812619353,3.7556556091492315,9.56145107717353,2.6899357974263634,2.178859148358195,1.5816269232373998,1.0504027771550286,0.5768721814712146,0.04674918428750298,6.052179127227394,-0.304758481353219,5.944648848695423,6.005513283173816,-0.3042614932193479,-0.2598709580282849,-0.08033945336572167,-0.15475641799040982,-0.2592820336974407,-0.43543075498295625,-0.48366556508058256,-0.5225341562530601,-0.6392585378256974,5.619154551011159,-0.7995310837089469,5.37018450249835,-1.043611260100569,5.1360343306040415,4.723493636509051,-2.022760745398736,3.9027332734081495,-2.905539934582195,2.991162013094985,2.535037344709711,2.3211800147831063,2.2551765407070574,2.133853971728491,1.8847753407188792,1.585574627686072,7.560623327204703,0.9876020555913425,0.8772286269283069,7.125830556235247,0.8501918916975134,0.6981254110516716,0.48249818960781504,0.4886299530799641,0.43849045244922336,0.42894509651802104,0.501539036739456,0.48722712367238513,6.615868221916684,0.052099128015678405,6.174254397597568,6.062965507876195,5.918442738506012,5.655408766256827,5.474926223277591,5.33835983304513,5.369736310374314,5.582963007287015,5.707404449239265,5.670962002232392,5.6632009354401305,5.5385826986627675,5.380329038052054,5.320833471142253,5.22203398846115,4.919383892822011,4.623902376698087,4.098816403924608,3.9409979788477405,3.662539118996297,3.3607590824584146,3.087140897131022,2.785742262210357,2.7385213211741712,2.70490715426127,2.6080434113185365,2.2943607225945106,2.0384624712581862,1.8802754508936435,1.7788786334760196,1.5445785374853398,1.2575430186363072,7.321127843136963,7.026887473303408,6.71678753923245,6.2666668603079785,5.918880966664631,-0.6639383769012117,5.377226757699792,5.337174186863684,-1.0198618467374876,5.161575946203479,5.067484445113182
2.480999999999838,0.300054930678555,-0.3426265791096194,5.017935982423864,4.909128530414291,4.83039306052273,4.676860630266193,4.325946095952284,4.020568275484122,3.7590844538699484,9.564503341031388,2.692462241171228,2.180770609894107,1.5827805199202059,1.0507402399842312,0.5763513066385968,0.04529564336700526,6.04986920489616,-0.307890836708552,5.940721896568807,6.000838927101872,-0.3096134359510756,-0.2658147139850798,-0.08678247244385838,-0.16158181817140427,-0.2663754838968002,-0.44267844112083243,-0.4909549081800609,-0.5297630910041636,-0.6463354099241359,5.6123060279425125,-0.8060856745048802,5.363971851490592,-1.0494460072611291,5.130599181636391,4.718505779634398,-2.0272878632551445,3.8986398720365356,-2.9091782498998873,2.9879286671725374,2.5321957513856383,2.318670241141202,2.252961724167397,2.1319043915258806,1.8830659775418686,1.584079697628291,7.559319368319667,0.9864717619039927,0.8762596290333148,7.125026472805171,0.8495683589508292,0.6977114919880191,0.4823335275228262,0.4887523866603207,0.43894799656564576,0.4297850888098432,0.5028064115419808,0.4889567716371821,6.61809040963241,0.054837818643044954,6.177487942435046,6.066664820987788,5.922566542308144,5.659906575405751,5.4797165497373825,5.343355157001988,5.374842219399776,5.5880829957030915,5.712440220886292,5.675819866137531,5.667793369365604,5.54282926019245,5.3841622882805265,5.3242081562674795,5.224916134703171,4.921738000876951,4.625735422563136,4.100101768363982,3.941847837691887,3.66300315549422,3.3609096227056194,3.087063990548587,2.785524652693614,2.738253605976796,2.704669082219607,2.6079065570708435,2.294392201548029,2.0387058839761085,1.8807567824423415,1.7796119859080621,1.5455732209145299,1.2587959776614541,7.32262106693928,7.028608735428222,6.718721185553408,6.268810746461683,5.9212177535746795,-0.6614145631529186,5.379936414762198,5.340068514632914,-1.0167788396015804,5.164847965489284,5.070937916007535
2.4909999999998367,0.30031351517728505,-0.34267680775338444,5.02154794191706,4.912871185635269,4.834220478320788,4.680712626509933,4.329744863485744,4.0242234657649405,3.7624982618383447,9.567540427365623,2.6949740856884863,2.1826687647372975,1.583922759006238,1.0510688174866674,0.5758244221157275,0.04383929118643577,6.047559764926214,-0.3110193550134751,5.93680203290978,5.996174693941499,-0.31495269258567926,-0.2717437334568633,-0.09320928807669256,-0.1683903146993974,-0.2734520257934385,-0.44990987688706996,-0.4982292144494414,-0.5369786477751816,-0.6534008758615324,5.605466811056149,-0.8126330858318486,5.3577643825693775,-1.0552773686673855,5.125165883313125,4.713518316267759,-2.031815838989503,3.8945446467354636,-2.9128193143150645,2.9846918755202974,2.5293501108874956,2.3161560548521387,2.2507423399718176,2.1299503275327423,1.8813525136562967,1.5825814007263994,7.558013130197254,0.9853405798262524,0.8752913027350336,7.124224710385342,0.8489487514579309,0.69730291381881,0.4821752766821885,0.4888818161368744,0.43941255417226005,0.43063151645643905,0.5040790671365624,0.49069000460090906,6.620314001289854,0.05757533311566965,6.18071770728152,6.070357815111178,5.9266816530644855,5.664393559453627,5.484494390839163,5.348336837750429,5.379933864297894,5.593188636270524,5.717462104487602,5.680664814717893,5.672374343822348,5.547066251895981,5.387988229137351,5.327578072065875,5.2277962402240306,4.924092932794178,4.627572104426446,4.101393585072243,3.942706408732261,3.6634777450184357,3.3610719981084793,3.086999550406958,2.7853194611220693,2.7379976249143096,2.7044414878292433,2.6077784597877445,2.294430313295715,2.0389537232253407,1.881240461776295,1.7803458762037447,1.5465669770686405,1.2600470154735,7.324111918102981,7.030327658122446,6.7206529299736735,6.27095345819652,5.923554137305334,-0.6588905140000085,5.382646648219278,5.342963347838425,-1.0136958861624854,5.168118861435489,5.074388727030652
2.5009999999998356,0.3005624370800565,-0.3427137206898155,5.025155305208315,4.916607124476108,4.838039006636376,4.684553662883705,4.33353080642551,4.027864469768347,3.7658971306788565,9.570562438399072,2.6974714307825436,2.184553704471922,1.5850537191940584,1.0513885724534267,0.5752915726282293,0.04238015288339609,6.045250811421365,-0.31414405463087397,5.932889217051118,5.9915205216654,-0.3202793428859165,-0.2776581098040765,-0.09962000184235585,-0.1751820100924514,-0.28051175583633364,-0.45712514593193954,-0.5054885494755181,-0.5441808705939634,-0.6604549567839075,5.598636900418816,-0.8191732997309564,5.3515621261477,-1.0611053074879977,5.119734473030396,4.708531280208976,-2.0363446451244154,3.890447618665396,-2.9164631108017356,2.981451654834899,2.526500443950094,2.31363748334975,2.2485184236620475,2.1279918229986294,1.8796349974638413,1.5810797857893906,7.556704655909986,0.984208540308839,0.8743236619565332,7.1234252621506435,0.8483330400324963,0.6968996254675376,0.4820233672774223,0.4890181590870437,0.43988403712259816,0.4314842930583787,0.5053569259334907,0.4924267599947247,6.622538954500826,0.06031165298083183,6.183943696780192,6.074044516080708,5.930788115064682,5.668869778012043,5.4892598168082944,5.353304951968851,5.385011324535242,5.598280008216819,5.722470176409248,5.685496919212239,5.676943922682685,5.551293728139956,5.391806903161442,5.330943246605722,5.2306743163498775,4.926448681360651,4.6294123952400446,4.102691806182727,3.9435736255491043,3.663962805525281,3.361246115754094,3.0869474793151532,2.7851265930389504,2.7377532938109557,2.7042243040908804,2.6076590752950466,2.29447504141636,2.039206000565203,1.8817265254738835,1.781080360776735,1.5475598755983806,1.2612962063618758,7.325600466292111,7.032044297666809,6.7225828082872825,6.273095004819647,5.925890100632172,-0.6563662706964962,5.385357398103934,5.3458586153038565,-1.0106130605344898,5.171388565706631,5.07783682373413
2.5109999999998345,0.30080174744266447,-0.34273734939110556,5.028758038920933,4.920336338211457,4.84184866315044,4.688383782950704,4.337303992126968,4.031491372856004,3.7692811570043037,9.573569475383628,2.699954375413325,2.1864255199968246,1.5861734786614807,1.0516995672939826,0.5747528026315134,0.040918253412998914,6.0429423484079985,-0.317264953861329,5.928983408558134,5.986876348682639,-0.3255934659734802,-0.28355793555526876,-0.10601471434360166,-0.18195700584219268,-0.28755476950649916,-0.46432433111556065,-0.5127329783351948,-0.5513698033282296,-0.6674976740499898,5.591816295556482,-0.8257062990242028,5.3453651117536625,-1.0669297877302757,5.114304987530141,4.703544704910848,-2.040874254173103,3.886348809296991,-2.920109621809376,2.978208022387188,2.5236467717691777,2.3111145543022578,2.2462900107172317,2.126028920792618,1.877913476702864,1.5795749007768758,7.5553939876334395,0.9830756735083238,0.8733567200558149,7.122628121033649,0.8477211956147348,0.6965015763516343,0.48187773030681785,0.4891613340977765,0.4403623583610636,0.4323433332625117,0.5066399112349973,0.4941669759040085,6.624765227238194,0.06304675983084623,6.187165915356878,6.07772494931921,5.934885972066126,5.673335290108384,5.494012897300138,5.358259575819652,5.3900746791309375,5.603357190385013,5.727464512673741,5.690316250529797,5.681502169481927,5.555511742934637,5.395618352522992,5.334303707606367,5.23355037412111,4.928805239188006,4.631256267950194,4.103996384046853,3.9444494221884008,3.66445825568405,3.3614318836538444,3.0869076809434954,2.784945955082809,2.7375205295009555,2.704017464811892,2.6075483599172022,2.2945263695822193,2.039462727224397,1.8822150093966605,1.7818154950153724,1.5485519849245326,1.2625436233222012,7.327086779964991,7.033758709370225,6.724510855667897,6.275235395471408,5.928225626615759,-0.6538418738016956,5.388068605464638,5.348754247062558,-1.0075304355644203,5.174657011149774,5.081282152637148
2.5209999999998334,0.3010314976190404,-0.34274772363138467,5.032356110322927,4.9240588183906935,4.845649465438641,4.69220302981863,4.341064487198055,4.03510425946065,3.7726504364304922,9.576561638611174,2.7024230177023036,2.1882843015270823,1.5872821150639147,1.0520018640334075,0.57420815630881,0.03945361754825464,6.040634379837727,-0.3203820709391394,5.925084567232459,5.982242113840188,-0.3308951403313099,-0.28944330241441757,-0.11239352522022092,-0.18871540242980547,-0.2945811613341117,-0.4715075145230285,-0.5199625656055403,-0.5585454896882005,-0.6745290492252685,5.585004995468111,-0.8322320672949823,5.3391733680521725,-1.072750774220344,5.108877462914315,4.698558623484177,-2.045404638644844,3.8822482403970975,-2.923758829282961,2.97496099600103,2.5207891159837175,2.3085872956011153,2.244057136551151,2.1240616634093854,1.8761879984623608,1.578066792818321,7.5540811666672045,0.9819420088060756,0.872390489839721,7.1218332797314305,0.8471131892702903,0.6961087163738708,0.4817382975609121,0.48931126074775394,0.4408474319046497,0.43320855274585135,0.5079279472233632,0.4959105910619558,6.626992777835455,0.06578063530828909,6.190384367229005,6.0813991398486875,5.93897526730436,5.677790154194284,5.498753701405438,5.363200784951246,5.395124006655688,5.608420261230632,5.732445188956243,5.695122879247085,5.6860491474170045,5.559720349935219,5.399422619027634,5.337659482444822,5.2364244243004485,4.931162598720848,4.63310369550423,4.105307271237872,3.945333733161241,3.6649640148712592,3.3616292107326244,3.08688006000878,2.7847774549703397,2.7372992498112745,2.7038209045914208,2.6074462704669705,2.2945842815553745,2.0397239141047145,1.882705948699883,1.7825513332987275,1.5495433722577772,1.2637893380774206,7.328570926394026,7.035470947585798,6.726437106679053,6.277374639128117,5.93056069859698,-0.6513173631916964,5.390780212348623,5.351650174337652,-1.0044480828523268,5.1779241317756455,5.084724661211801
2.5309999999998323,0.30125173925339765,-0.34274487151308064,5.035949487318445,4.927774556836121,4.849441430976195,4.696011446150119,4.344812357513603,4.0387032131016865,3.7760050635905267,9.579539027424422,2.7048774549385377,2.190130138595709,1.5883797055329596,1.0522955243098469,0.5736576775693878,0.03798626988051008,6.0383269095899585,-0.323495424028564,5.9211926531155505,5.977617756424221,-0.3361844438060656,-0.2953143012682491,-0.11875653316126343,-0.19545729934166842,-0.3015910249151862,-0.47867477747909126,-0.5271773753735047,-0.5657079732290752,-0.6815491040761407,5.578202998639108,-0.838750588869089,5.332986922866055,-1.0785682325838388,5.103451934658773,4.6935730687026815,-2.0499357710502353,3.8781459340151567,-2.927410714682432,2.971710594032704,2.5179274986586795,2.3060557353501463,2.241819836509501,2.122090092975116,1.8744586091955389,1.5765555082317866,7.552766233455315,0.9808075748267543,0.8714249835775416,7.121040730712263,0.8465089921892189,0.6957209959139966,0.4816050016083251,0.48946785959000194,0.4413391728250425,0.43407986819975997,0.5092209589492023,0.497657544843208,6.62922156498621,0.06851326111100342,6.193599056414322,6.085067112300733,5.943056043503256,5.682234428153934,5.503482297655681,5.368128654500132,5.400159385230963,5.613469298818846,5.737412280580974,5.699916875604917,5.690584919345232,5.563919602443159,5.403219744120559,5.341010598162223,5.239296477380806,4.9335207522448155,4.634954650857191,4.10662442055442,3.946226493443076,3.6654800031649266,3.3618380068182074,3.08686452225969,2.784621001479514,2.7370893735447384,2.7036345588057924,2.607352764235306,2.2946487611842143,2.039989571784711,1.883199377842874,1.7832879290123895,1.550534103618177,1.2650334210985736,7.330052971685189,7.0371810657265685,6.728361595284218,6.279512744604784,5.932895300192423,-0.6487927780706488,5.393492161785368,5.354546329522427,-1.0013660727717977,5.1811898627401325,5.088164297868691
2.540999999999831,0.30146252427253584,-0.3427288194925725,5.0395381384392985,4.9314835456411545,4.853224577142541,4.699809074172906,4.348547668229337,4.04228831640042,3.7793451321488436,9.582501740227565,2.707317783584733,2.191963120055519,1.5894663266752445,1.0525806093722403,0.5731014100469517,0.036516234819936357,6.036019941474351,-0.32660503122026974,5.917307626491905,5.973003216161148,-0.34146145361075736,-0.3011710221935528,-0.1251038359170682,-0.20218279508464407,-0.30858445292781417,-0.48582620056239584,-0.534377471245305,-0.5728572973533709,-0.6885578605641502,5.571410303054451,-0.8452618487962066,5.3268058031966055,-1.0843821292271263,5.098028437626751,4.6885880730078,-2.0544676239062865,3.874041912470008,-2.9310652590016018,2.9684568353508807,2.515061942268267,2.3035199018549677,2.2395781458672355,2.1201142512532374,1.87272535473303,1.575041092542188,7.551449227606178,0.9796723994563695,0.8704602130143207,7.120250466222194,0.8459085756850341,0.6953383658206165,0.48147777578194817,0.48963105213490077,0.4418374972310996,0.43495719731442956,0.5105188723199227,0.49940777725751895,6.631451547743543,0.07124461899688932,6.196809986739324,6.088728890926647,5.947128342884961,5.6866681693122345,5.508198754028388,5.3730432590930155,5.405180892528308,5.618504380821789,5.742365862517811,5.704698309505572,5.695109547783182,5.568109553407508,5.407009768890562,5.3443570814701395,5.242166543592951,4.935879691894412,4.636809106978195,4.107947785023914,3.9471276384728946,3.6660061413388796,3.3620581826307596,3.0868609744624584,2.7844765044330364,2.7368908204634876,2.7034583635942395,2.6072677989814825,2.2947197924000116,2.0402597105233413,1.883695330599218,1.7840253345639858,1.5515242438543262,1.2662759416252132,7.331532980797168,7.038889116280988,6.730284354856691,6.281649720557797,5.935229415289848,-0.6462681569818596,5.396204397770388,5.3574426461610996,-0.9982844744899063,5.184454140326099,5.091601011942784
2.55099999999983,0.3016639048783013,-0.3426995924051522,5.043122032836643,4.935185777168492,4.8569989212258555,4.703595955689716,4.352270483795528,4.045859651094965,3.7826707348149715,9.585449874496808,2.709744099283317,2.1937833340811363,1.590542054571493,1.0528571800782824,0.5725393970982129,0.03504353659606222,6.033713479233201,-0.32971091052797963,5.913429447892032,5.968398433218403,-0.34672624632752047,-0.30701355446449,-0.13143553031110602,-0.20889198720103072,-0.3155615371479779,-0.4929618636193141,-0.5415629163554965,-0.5799935053131271,-0.6955553408403218,5.5646269062115055,-0.8517658328318771,5.320630035243589,-1.0901924313190223,5.092607006082005,4.683603668513376,-2.059000169741346,3.8699361983370815,-2.934722442786517,2.965199739317151,2.5121924696796207,2.3009798236126953,2.2373320998259723,2.1181341796499953,1.870988280295756,1.5735235904990854,7.550130187912014,0.9785365098599127,0.8694961893838707,7.119462478291497,0.8453119111938203,0.694960777403294,0.4813565541654724,0.4898007608335822,0.44234232225169784,0.4358404587636525,0.5118216140883569,0.5011612289434595,6.63368268551929,0.07397469078848737,6.2000171618474305,6.09238449960731,5.951192207179618,5.691091434442812,5.512903137952384,5.37794467284898,5.410188605768778,5.623525584516068,5.747306009379069,5.709467250510135,5.699623094905659,5.572290255426295,5.410792734074045,5.347698958756765,5.245034632912981,4.938239409660592,4.638667036856615,4.109277317905761,3.9480371041523052,3.6665423508570756,3.362289649772489,3.086869324386764,2.784343874682102,2.736703511272759,2.7032922558449246,2.607191332923444,2.294797359213603,2.040534340263559,1.8841938400667948,1.7847636013984398,1.552513856662169,1.267516967685471,7.333011017560183,7.040595150828134,6.732205418189335,6.283785575487552,5.937563028043734,-0.6437435378186976,5.39891686524927,5.3603390589299025,-0.9952033559868065,5.187716901925524,5.095034753679495
2.560999999999829,0.30185593354020085,-0.34265721348931855,5.046701140272761,4.9388812440482575,4.860764480427424,4.707372132087889,4.355980867970319,4.04941729805481,3.7859819633570346,9.588383526790762,2.712156496862522,2.195590868171144,1.591606964775813,1.0531252968926093,0.5719716818016205,0.03356819925835096,6.031407526543738,-0.3328130798853144,5.909558078095182,5.963803348205031,-0.35197889791052644,-0.31284198655988993,-0.13775171225163826,-0.21558497228318615,-0.32252236846495413,-0.5000818457773649,-0.5487337733757373,-0.5871166402119805,-0.7025415672395837,5.557852805132549,-0.8582625274199287,5.314459644424724,-1.0959991067730084,5.0871876737015915,4.678619887010225,-2.0635333810998717,3.8658288144359667,-2.9383822461533033,2.9619393257671103,2.509319104136962,2.298435529301915,2.235081733511453,2.1161499192198754,1.8692474305074516,1.57200304609402,7.548809152367804,0.9773999324985712,0.8685329234214998,7.118676758741028,0.8447189702734069,0.6945881824248756,0.48124127158024876,0.48997690906170416,0.44285356601893816,0.43672957218987557,0.5131291118415661,0.50291784116216,6.63591493808323,0.07670345837736035,6.203220585206894,6.096033961862774,5.955247677634872,5.695504279775889,5.517595516313004,5.38283296938171,5.415182601722494,5.628532986780442,5.752232795416478,5.714223767835994,5.704125622544791,5.576461760747927,5.414568680058956,5.351036256092947,5.247900755069588,4.940599897398142,4.640528413508033,4.110612972694409,3.948954826844544,3.667088553867957,3.3625323207174276,3.086889480791871,2.784223024090467,2.7365273676049955,2.7031361731812606,2.6071233247283696,2.294881445712169,2.04081347063588,1.8846949386776557,1.7855027800129708,1.5535030046034992,1.2687565661157783,7.334487144694486,7.042299220052664,6.734124817504134,6.285920317741036,5.939896122870881,-0.6412189578353199,5.401629510102013,5.363235503618501,-0.9921227840749739,5.190978086021975,5.09846547422102
2.570999999999828,0.30203866298816767,-0.34260170441041427,5.050275431112979,4.942569939176147,4.864521271865843,4.711137644348751,4.359678883832731,4.052961337295078,3.7892789086149956,9.591302792760693,2.7145550703424894,2.1973858091503726,1.5926611323151973,1.0533850198852028,0.5713983069562503,0.03209024667681731,6.029102087020331,-0.33591155714281595,5.905693478131832,5.9592179021720275,-0.35721948368902384,-0.3186564061705331,-0.1440524767431948,-0.2222618459878322,-0.3294670368963198,-0.5071862254582447,-0.5558901045232598,-0.5942267450071171,-0.7095165622752813,5.5510879963769915,-0.8647519196753514,5.308294655394642,-1.1018021242299147,5.081770473588314,4.673636759970609,-2.0680672305470424,3.861719783818348,-2.942044648805493,2.958675614991967,2.5064418692461703,2.295887047772931,2.232827081971073,2.1141615106708707,1.8675028494068548,1.5704795025774072,7.547486158189781,0.9762626931465379,0.8675704253764599,7.117893299188441,0.8441297246026045,0.6942205330940271,0.48113186357247184,0.4901594211035949,0.44337114765170327,0.4376244581895324,0.5144412939898085,0.5046775557910946,6.638148265562188,0.0794309037282817,6.206420260118465,6.099677300861609,5.9592947950251425,5.699906761006022,5.522275955457261,5.387708221801752,5.420162956708327,5.63352666409367,5.757146294518328,5.718967930354498,5.70861719218922,5.580624121272634,5.4183376468886815,5.354368999238125,5.25076491955115,4.942961146832834,4.642393209979979,4.111954703122229,3.949880743373391,3.6676446731988213,3.3627861088013513,3.0869213534129867,2.7841138655188047,2.736362312004269,2.7029900539485228,2.6070637335034577,2.2949720360561146,2.041097110961914,1.8851986582077394,1.7862429199718415,1.5544917491241392,1.2699948025802525,7.335961423828556,7.04400137375952,6.7360425844616,6.2880539555143695,5.942228684446102,-0.6386944536572128,5.404342279127624,5.366131917111755,-0.9890428244181061,5.19423763217338,5.1018931255929045
2.5809999999998268,0.30221214620547426,-0.3425330852836373,5.053844876317701,4.946251855711545,4.868269312581103,4.714892533056732,4.3633645937953425,4.056491847990451,3.792561660513649,9.594207767160631,2.716939912941376,2.199168243172314,1.5937046316892256,1.0536364087300054,0.5708193150808432,0.030609702542683054,6.02679716421663,-0.3390063600651493,5.901835609285944,5.954642036612487,-0.3624480783704996,-0.3244569002064165,-0.15033791789787407,-0.22892270305004855,-0.33639563160257246,-0.5142750803904812,-0.5630319715690589,-0.6013238625111069,-0.7164803486337802,5.54433247605332,-0.8712339973676101,5.302135092063347,-1.1076014530410718,5.076355438282836,4.6686543185525915,-2.0726016906732223,3.8576091297563,-2.9457096300508594,2.955408627720665,2.503560788959786,2.2933344080382634,2.2305681801714603,2.1121689943696045,1.86575458045958,1.5689530024749985,7.546161241833466,0.975124816907423,0.8666087050241194,7.117112091054304,0.8435441459804932,0.6938577820579785,0.48102826640067636,0.4903482221367552,0.4438949872395572,0.4385250382986489,0.5157580897556768,0.5064403153179041,6.6403826284390455,0.08215700888323423,6.209616189722808,6.103314539429996,5.963333599660712,5.704298933299692,5.526944521198972,5.392570502718829,5.425129746593694,5.6385066925325065,5.762046580206793,5.7236998065887565,5.713097864983391,5.5847773885539285,5.422099674265876,5.357697213646098,5.2536271356126365,4.945323149568369,4.6442613993574815,4.113302463162247,3.9508147910220184,3.668210632350219,3.3630509282118286,3.0869648529478577,2.784016312809362,2.7362082679110147,2.702853837200736,2.6070125187869237,2.2950691144760365,2.041385270257861,1.8857050297864424,1.7869840699208612,1.5554801505718128,1.2712317415897478,7.337433915516961,7.045701660888376,6.737958750170015,6.290186496855295,5.944560697697972,-0.6361700612915568,5.407055120028992,5.369028237371784,-0.9859635415496869,5.1974954809951015,5.105317660690842
2.5909999999998257,0.3023764364217908,-0.34245137469643194,5.0574094474345515,4.949926987075636,4.872008619538512,4.71863683840824,4.3670380596166805,4.060008908488813,3.795830308075372,9.597098543857369,2.7193111170814652,2.200938255721659,1.5947375368699608,1.0538795227037305,0.5702347484129842,0.029126590369066098,6.024492761627602,-0.3420975063284757,5.8979844330970055,5.9500756934615575,-0.36766475604395343,-0.33024355480399936,-0.15660812894646906,-0.23556763729696484,-0.3433082409013776,-0.5213484876217207,-0.5701594358458069,-0.608408035393627,-0.7234329491691577,5.537586239830755,-0.8777087489043796,5.295980977614205,-1.1133970632519061,5.070942599775469,4.663672593604296,-2.0771367340982776,3.853496875730915,-2.9493771688177692,2.9521383851025127,2.5006758875624207,2.290777639263405,2.2283050629961227,2.1101724103463133,1.864002666569676,1.5674235876039215,7.544834439011244,0.9739863282302795,0.8656477716778671,7.116333125568102,0.842962206325768,0.693499882395468,0.4809304170235389,0.4905432382167114,0.4444250058269801,0.43943123497871556,0.5170794291633949,0.5082060628342617,6.642617987551677,0.08488175596522803,6.21280837700768,6.106945700060578,5.9673641313965895,5.708680851302776,5.531601278823821,5.3974198842441865,5.430083046794458,5.6434731477698765,5.76693372563543,5.728419464711605,5.717567701726938,5.588921613800092,5.425854801556258,5.361020924470694,5.256487412282324,4.9476858970931055,4.6461329547684,4.114656207030717,3.95175690753176,3.668786355490374,3.3633266939783986,3.0870198910435764,2.783930280770885,2.736065159647066,2.702727462687842,2.606969640539196,2.2951726652697917,2.04167795723797,1.8862140839060353,1.787726277601644,1.556468268213709,1.272467446520582,7.338904679257931,7.047400129527858,6.739873345194517,6.2923179496656285,5.946892147804663,-0.6336458161374134,5.409767981398011,5.3719244034203575,-0.9828849988912208,5.200751574143325,5.108739033267686
2.6009999999998246,0.30253158710638817,-0.34235658973028565,5.0609691165906305,4.953595326949494,4.875739209632492,4.722370600220304,4.370699342413301,4.063512596324589,3.799084939432638,9.599975215840315,2.721668774395287,2.202695931616949,1.5957599213020304,1.0541144206848667,0.5696446489084183,0.02764093349170367,6.022188882691525,-0.3451850135179889,5.894139911361878,5.9455188150962055,-0.3728695901832785,-0.33601645533342667,-0.16286320224942202,-0.24219674166115907,-0.35020495228145315,-0.5284065235306638,-0.5772725582555052,-0.6154793061830776,-0.7303743868979808,5.530849282950641,-0.8841761633156919,5.28983233452144,-1.1191889255859728,5.0655319895176625,4.658691615668069,-2.0816723334757548,3.8493830454212823,-2.9530472436710675,2.948864908690295,2.497787189656567,2.2882167707578223,2.226037765243148,2.108171798299694,1.8622471500908822,1.5658912990883174,7.543505784709533,0.9728472509252494,0.8646876342007525,7.115556393774128,0.8423838776761327,0.6931467876098788,0.48083825308797723,0.4907443962622096,0.4449611253979303,0.4403429716028218,0.5184052430282785,0.5099747420297818,6.644854304091812,0.08760512718194069,6.2159968248148845,6.110570804921078,5.971386429641178,5.713052569147871,5.5362462930944,5.402256437992984,5.43502293227495,5.648426105073181,5.771807803586824,5.7331269725436895,5.7220267628741714,5.593056847875698,5.429603067792324,5.364340156571312,5.259345758368354,4.9500493807866155,4.648007849388583,4.116015889189549,3.9527070311008137,3.6693717674496336,3.363613321962878,3.0870863802836115,2.7838556851638394,2.735932912400988,2.7026108708431433,2.6069350591343197,2.2952826727996474,2.0419751803179764,1.8867258504309325,1.78846958986563,1.5574561602537507,1.2737019796329447,7.340373773510639,7.049096826929499,6.741786399566026,6.294448321703662,5.949223020189822,-0.6311217529957392,5.412480812700972,5.3748203553215985,-0.9798072587701446,5.204005854298721,5.112157197920696
2.6109999999998235,0.3026776519614801,-0.34224874598194505,5.064523856484894,4.9572568692721655,4.879461099690242,4.726093857938987,4.374348502671601,4.067002988231795,3.8023256418403006,9.602837875231232,2.7240129757317426,2.2044413550133415,1.5967718579028853,1.0543411611528626,0.5690490582404956,0.026152755069706088,6.01988553079188,-0.3482688991256079,5.8903020061364275,5.940971344334792,-0.37806265365074126,-0.3417756864057271,-0.1691032293076109,-0.24881010819376992,-0.3570858524161038,-0.5354492638386579,-0.5843713992768841,-0.6225377172680961,-0.7373046849941707,5.52412160023757,-0.8906362302384849,5.283689184567186,-1.124977011429409,5.060123638433178,4.653711414984525,-2.0862084614969163,3.845267662693778,-2.9567198328275057,2.9455882204238604,2.4948947201488023,2.2856518319662023,2.22376632162296,2.1061671976016174,1.860488072837591,1.5643561773745769,7.542175313205507,0.9717076081788418,0.8637283010168706,7.114781886537258,0.8418091321877408,0.6927984516225666,0.4807517129175373,0.49095162404074283,0.4455032688607271,0.44126017244204696,0.5197354629463528,0.511746297185971,6.647091539603828,0.09032710482918789,6.219181535846997,6.114189875862681,5.975400533364746,5.717414140461505,5.54087962825518,5.407080235086716,5.439949477548074,5.6533656393027645,5.776668886470416,5.7378223975517155,5.726475108533641,5.59718314130315,5.4333445116770465,5.367654934518342,5.2622021824651,4.9524135919260015,4.649886056446831,4.117381464348596,3.953665100382871,3.6699667937149383,3.363910728849797,3.087164234175048,2.7837924426858884,2.735811452213699,2.702504002770998,2.606908735351552,2.295399121489528,2.0422769476184945,1.887240358606822,1.7892140526878724,1.5584438838495673,1.2749354020889878,7.341841255712166,7.050791799521474,6.743697942790033,6.296577620586533,5.951553300518548,-0.6285979060792313,5.4151935642641975,5.377716034164975,-0.9767303824374215,5.207258265150408,5.115572110078981
2.6209999999998224,0.302814684915704,-0.34212785758406955,5.068073640380614,4.960911608238734,4.8831743064752615,4.729806650647563,4.37798560025932,4.070480160156806,3.805552501687653,9.60568661329385,2.726343811162224,2.206174609405478,1.5977734190632267,1.0545598021874865,0.5684480177997392,0.024662078086338073,6.017582709259185,-0.35134918054782094,5.886470679736981,5.936433224436501,-0.3832440187005542,-0.347521331879984,-0.17532830077297054,-0.2554078280773311,-0.36395102717641536,-0.5424767836209622,-0.5914560189725555,-0.6295833108989757,-0.7442238667839512,5.5174031861102515,-0.8970889399015384,5.277551548858097,-1.130761292815802,5.054717576928977,4.648732021496535,-2.090745090894649,3.84115075159168,-2.96039491417073,2.9423083426141727,2.4919985042363697,2.2830828524599305,2.2214907667561428,2.104158647301718,1.8587254760955259,1.5628182622461935,7.540843058083427,0.9705674225688515,0.8627697801224905,7.114009594548631,0.841237942134682,0.6924548287663653,0.48067073550106126,0.49116485015440253,0.4460513600332448,0.4421827626521025,0.521070021284127,0.513520673170225,6.649329655983467,0.09304767129422893,6.222362512673877,6.117802934428182,5.9794064811077074,5.721765618371204,5.54550134803746,5.411891346155677,5.444862756675538,5.658291824910515,5.781517046320465,5.742505806846803,5.73091279846781,5.601300544264236,5.437079171587493,5.370965282598466,5.265056692959392,4.9547785216920595,4.651767549229675,4.118752887467796,3.954631054485682,3.670571360424327,3.364218832136951,3.087253367136037,2.7837404709576448,2.7357007059643745,2.7024068002347787,2.606890630367154,2.2955219958223467,2.0425832669683874,1.88775763706965,1.7899597111806007,1.5594314951291786,1.2761677739706112,7.343307182294197,7.0524850929220975,6.745608003855225,6.2987058537925416,5.953882974693404,-0.6260743090220019,5.41790618725994,5.3806113820486035,-0.9736544300848265,5.210508751380185,5.118983725991172
2.6309999999998213,0.3029427401177381,-0.34199393722533444,5.0716184420979715,4.964559538298377,4.886878846690761,4.7335090170744945,4.381610694436798,4.073944187270863,3.8087656045102642,9.608521520443345,2.728661369986738,2.207895777630454,1.5987646766475938,1.054770401468352,0.5678415686935315,0.023168925349826945,6.0152804213727595,-0.35442587508367535,5.882645894741591,5.93190439910059,-0.38841375698253405,-0.35325347487047715,-0.18153850645895164,-0.2619899916383348,-0.3708005616441191,-0.5494891573176924,-0.5985264769959338,-0.636616129188989,-0.751131955740884,5.510694034592126,-0.9035342831107898,5.271419447841517,-1.1365417424114497,5.049313834905825,4.643753464853087,-2.0952821944472415,3.837032336325089,-2.96407246526584,2.939025297927805,2.4890985673941284,2.2805098619288007,2.2192111351713075,2.1021461861318587,1.8569594006321404,1.5612775928382392,7.539509052250558,0.969426716078924,0.8618120790969416,7.113239508331207,0.840670279908511,0.6921158737792715,0.48059526048162904,0.4913840040260463,0.44660532362841315,0.44311066826022155,0.5224088511685219,0.5152978154298689,6.651568615476494,0.09576680905891244,6.225539757738963,6.121410001859941,5.983404310988713,5.726107055512441,5.550111515664246,5.416689841341452,5.449762843268157,5.6632047359386135,5.786352354794167,5.747177267183006,5.7353398920927905,5.605409106601722,5.440807085578418,5.374271224819851,5.26790929803655,4.957144161175234,4.653652301085986,4.120130113759189,3.955604832969562,3.6711853943614607,3.3645375501260797,3.0873536944834483,2.783699688508681,2.735600601356628,2.702319205645086,2.606880705746367,2.2956512803374167,2.0428941459081047,1.888277713854472,1.7907066096065543,1.5604190492073982,1.2773991542969418,7.34477160869942,7.05417675195309,6.747516611241977,6.3008330286634315,5.956212028850524,-0.62355099488909,5.420618633692511,5.383506342062845,-0.9705794608619261,5.213757258647049,5.122392002713282
2.64099999999982,0.30306187193005163,-0.34184699617000813,5.075158236006727,4.968200654152398,4.890574736982942,4.737200995601178,4.385223843867951,4.077395143982305,3.8119650350016108,9.611342686255721,2.730965740740025,2.2096049418708783,1.5997457019951082,1.0549730162746014,0.567229751745913,0.021673319494195806,6.012978670362428,-0.35749899993290607,5.878827613991133,5.927384812465502,-0.3935719395458414,-0.3589721977537921,-0.18773393535082053,-0.26855668835953234,-0.37763454012413716,-0.5564864587444575,-0.6055828325979276,-0.6436362141156267,-0.7580289754809834,5.503994139321731,-0.9099722512350168,5.265292901321238,-1.1423183335010114,5.043912441768616,4.6387757744130775,-2.099819744982035,3.8329124412611404,-2.9677524633735235,2.9357391093718754,2.4861949353618678,2.2779328901729525,2.2169274613030265,2.10012985251048,1.8551898867067504,1.5597342076514773,7.538173327952706,0.96828551011278,0.8608552051132551,7.112471618245234,0.8401061180178155,0.6917815417982988,0.480525228145765,0.49160901588577444,0.4471650852400163,0.4440438161522891,0.5237518864769494,0.5170776699862426,6.653808380677282,0.09848450070266712,6.228713273365366,6.125011099107591,5.987394060712551,5.730438504035477,5.5547101938551,5.421475790299433,5.45464981048627,5.668104446018402,5.7911748831699255,5.7518368449559345,5.739756448478179,5.609508877820955,5.444528291385782,5.377572784917216,5.270760005686284,4.959510501381401,4.655540285431402,4.1215130986887925,3.956586375845832,3.671808822950178,3.3648668019136667,3.087465132420725,2.7836700147637923,2.7355110669049667,2.702241162048208,2.6068789234355747,2.295786959627948,2.043209591692984,1.8888006164041642,1.7914547913920966,1.5614066002019602,1.2786296010415168,7.346234589397654,7.055866820652624,6.749423792930682,6.302959152406627,5.958540449355766,-0.6210279961858096,5.423330856384655,5.38640085827419,-0.9675055328927593,5.217003733571973,5.12579689809677
2.650999999999819,0.3031721349227857,-0.3416870442770076,5.078692997019012,4.971834950752266,4.894261993944156,4.7408826242694975,4.38882510663099,4.080833103948544,3.8151508770244895,9.614150199477073,2.7332570111976744,2.2113021836580318,1.6007165659203635,1.055167703484745,0.5666126074974858,0.020175282980119457,6.0106774594101395,-0.3605685721941965,5.875015800590243,5.922874409107817,-0.39871863684279324,-0.36467758217589674,-0.193914675615802,-0.2751080068919775,-0.38445304615681747,-0.5634687611026976,-0.6126251446334137,-0.6506436075217512,-0.7649149497579166,5.497303493562842,-0.9164028361918798,5.259171928472843,-1.1480910399735333,5.038513426436427,4.633798979249016,-2.104357715378954,3.828791090914514,-2.9714348854637964,2.9324498002794015,2.4832876341319636,2.2753519670950215,2.214639779489816,2.0981096845468343,1.8534169740804036,1.5581881445661174,7.536835916789366,0.9671438255081013,0.8598991649485702,7.111705914493597,0.8395454290878235,0.6914517883534959,0.480460579412903,0.49183981675770666,0.4477305713287822,0.4449821340602093,0.5250990618275426,0.5188601834288334,6.656048914527356,0.10120072890534343,6.231883061761765,6.128606246835573,5.991375767577881,5.7347600156120535,5.559297444830934,5.426249262201377,5.459523731040229,5.672991028369402,5.7959847023457565,5.7564846062015,5.744162526346962,5.613599907091485,5.448242826430252,5.380869986356808,5.2736088237084235,4.961877533237473,4.657431475752599,4.122901797978358,3.9575756235752046,3.6724415742490795,3.3652065073818536,3.087587598025934,2.783651370029513,2.7354320319215057,2.702172613114815,2.606885245754642,2.295929018338627,2.0435296112965307,1.8893263715780058,1.7922042991401186,1.562394201249369,1.279859171149174,7.347696177901696,7.057555342288139,6.751329576409959,6.305084232097443,5.960868222800943,-0.618505344866937,5.426042808964159,5.389294875709409,-0.964432703292227,5.220248123722946,5.1291983707768125
2.660999999999818,0.30327358386776504,-0.3415140900184548,5.082222700582206,4.975462423297625,4.897940634115954,4.7445539407891735,4.39241454022889,4.0842581400877975,3.818323213622236,9.616944148032708,2.7355352683822365,2.2129875838750976,1.6016773387144558,1.055354519576641,0.5659901762054227,0.018674838095800332,6.008376791651548,-0.363634608863569,5.8712104179080855,5.918373134041085,-0.4038539187327468,-0.3703697090591819,-0.2000808146130685,-0.28164403506682095,-0.391256162529869,-0.570436136989736,-0.6196534715675017,-0.6576383511166707,-0.7717899024582828,5.490622090214357,-0.9228260304343089,5.2530565478586615,-1.153859836308842,5.033116817352316,4.628823108150633,-2.108896078573919,3.824668309938222,-2.975119708229341,2.9291573942950735,2.4803766899373856,2.2727671226925077,2.2123481239721747,2.096085720045106,1.851640702025495,1.556639440855226,7.53549684972851,0.9660016825500937,0.8589439649943086,7.110942387127072,0.8389881858600421,0.6911265693621276,0.48040125582510274,0.49207633844705256,0.44830170920875856,0.44592555054950495,0.5264503125695309,0.5206453029094543,6.65829018031387,0.10391547644991074,6.2350491250281,6.1321954654304305,5.995349468484786,5.739071641441988,5.563873330318766,5.431010325737981,5.464384677190989,5.677864555798439,5.80078188283783,5.761120616594794,5.74855818407551,5.617682243248712,5.451950727820626,5.38416285234126,5.2764557597185044,4.964245247596826,4.659325845611387,4.124296167607004,3.958572517066113,3.6730835769461363,3.3655565871894786,3.087721009240013,2.783643675480875,2.7353634265029494,2.702113503128896,2.6068996353894307,2.296077441163271,2.0438542114136613,1.8898550056601284,1.7929551746427241,1.5633819045204853,1.2810879205526549,7.349156426782901,7.059242359368949,6.753233988684709,6.3072082746812415,5.9631953360000995,-0.6159830723457419,5.428754445850709,5.39218834034,-0.9613610281821937,5.223490377600284,5.132596380160751
2.670999999999817,0.30336627373263386,-0.3413281404977474,5.085747322671913,4.979083067234309,4.901610673992013,4.748214982544912,4.395992201599622,4.087670324590563,3.82148212702974,9.619724619036196,2.7378005985693195,2.2146612227604847,1.6026280901461458,1.0555335206276164,0.5653624978435701,0.017172006957865107,6.006076670177516,-0.36669712683289757,5.867411429578983,5.9138809327145125,-0.4089778544860444,-0.3760486586094655,-0.2062324389035785,-0.2881648599068613,-0.398043971290005,-0.5773886584085501,-0.6266678714815939,-0.6646204864771383,-0.778653857596974,5.483949921819979,-0.9292418269372339,5.246946777442336,-1.1596246975642872,5.027722642492868,4.623848189628419,-2.1134348075621436,3.8205441231146664,-2.978806908098459,2.9258619153614225,2.4774621292400303,2.2701783870503496,2.210052528890679,2.094057996508429,1.8498611093351376,1.5550881331977997,7.534156157121003,0.9648591009847282,0.857989611266122,7.110181026049483,0.838434361191934,0.6908058411230074,0.4803471995370107,0.4923185135274676,0.44887842703396624,0.44687399500714386,0.5278055747737628,0.5224329761364698,6.660532141668027,0.10662872622501529,6.238211465161093,6.1357787750079344,5.999315199942145,5.743373432259644,5.568437911556424,5.435759049121485,5.469232720750773,5.682725100698899,5.805566494779146,5.7657449414490785,5.752943479693632,5.621755934795543,5.45565203235724,5.387451405814338,5.279300821153201,4.966613635244566,4.661223368648657,4.12569616381273,3.9595769976729867,3.6737347603533337,3.3659169627632175,3.0878652848551993,2.7836468531484075,2.735305181517819,2.702063776976928,2.6069220553844867,2.2962322128425616,2.0441833984639244,1.8903865443678405,1.7937074588937123,1.5643697612358507,1.2823159041889243,7.350615387686499,7.060927913658634,6.755137056284038,6.309331286975557,5.965521775985869,-0.6134612095028636,5.4314657222429465,5.395081199066906,-0.9582905627073088,5.2267304446221745,5.135990886416735
2.6809999999998158,0.3034502596751186,-0.34112920146715325,5.089266839785029,4.9826968782523275,4.905272130020961,4.7518657866033704,4.399558147126134,4.091069728930866,3.8246276986842687,9.62249169879828,2.7400530872936883,2.216323179911215,1.6035688894631535,1.0557047623147193,0.5647296121026446,0.015666811512278615,6.003777098035567,-0.3697561428885377,5.86361879950289,5.909397751011541,-0.41409051278801967,-0.3817145103229573,-0.2123696342597658,-0.29467056763785987,-0.40481655375430464,-0.5843263967772736,-0.6336684020792512,-0.6715900550482794,-0.7855068393126146,5.477286980577654,-0.9356502191846398,5.240842634603008,-1.1653855993618327,5.0223309293774845,4.618874251917085,-2.117973875401321,3.816418555346967,-2.9824964612476603,2.922563387705383,2.4745439787193804,2.2675857903337087,2.2077530282841304,2.092026551142799,1.8480782343322932,1.5535342576915137,7.532813868714678,0.96371610003167,0.8570361094136182,7.109421821022744,0.8378839280566218,0.690489560310982,0.48029835330605897,0.49256627532868746,0.4494606537853249,0.44782739762958784,0.5291647852233691,0.5242231513690677,6.662774762563462,0.10934046122740253,6.241370084059568,6.139356195420009,6.003272998074856,5.747665438340296,5.572991249297206,5.440495500088297,5.474067933083819,5.687572735050103,5.810338607918345,5.770357645714883,5.757318470884722,5.625821029904074,5.459346776535293,5.390735669465609,5.282144015275625,4.968982686902632,4.663124018588174,4.1271017430938075,3.9605890071944803,3.674395054401339,3.3662875562888495,3.0880203445036507,2.7836608259053697,2.7352572285939325,2.7020233801372613,2.606952469135895,2.296393318161849,2.044517178594684,1.8909210128598226,1.7944611921008538,1.5653578216807507,1.283543176015217,7.352073111346653,7.06261204618721,6.757038805269052,6.3114532756721955,5.967847530005885,-0.6109397866950345,5.434176594105773,5.397973399705486,-0.9552213610505507,5.229968275110483,5.139381850462556
2.6909999999998147,0.30352559703741216,-0.34091727734495136,5.0927812289329175,4.986303852283864,4.908925018609093,4.75550638971993,4.403112432646109,4.094456423877279,3.827760009236101,9.625245472835688,2.7422928193553444,2.217973534286392,1.6044998053935682,1.0558682999150968,0.5640915583905179,0.014159273535273785,6.001478078231273,-0.3728116737100713,5.859832491845742,5.904923535248304,-0.4191919617430551,-0.38736734299318404,-0.21849248567508345,-0.3011612436996243,-0.41157399052129956,-0.5912494229384394,-0.6406551206918715,-0.6785470981444504,-0.7923488718630785,5.470633258348813,-0.9420512011569454,5.234744136149156,-1.1711425178754795,5.016941705077448,4.613901322978939,-2.122513255214705,3.812291631650547,-2.986188343613881,2.9192618358252362,2.4716222652614803,2.264989362780941,2.205449656087751,2.0899914208608896,1.8462921148786704,1.551977849865148,7.531470013668061,0.9625726983969058,0.8560834647298708,7.108664761671818,0.8373368595426222,0.6901776839715617,0.4802546604828946,0.49281955792443505,0.45004831925784466,0.44878568941106095,0.5305278814045682,0.5260157774115803,6.665018007314562,0.11205066456420884,6.244524983529603,6.142927746261455,6.0072228986308716,5.7519477095063705,5.577533403814493,5.445219745901645,5.478890385107205,5.692407530416795,5.815098291618629,5.774958793979211,5.7616832149859505,5.629877576417282,5.46303499654817,5.394015665734979,5.284985349180471,4.97135239323473,4.665027769240212,4.128512862210073,3.9616084878716467,3.675064389634203,3.3666682907026257,3.0881861086462497,2.7836855174552126,2.73521950010613,2.7019922586697334,2.6069908403842983,2.2965607419490386,2.0448555576842864,1.8914584357442041,1.7952164136979667,1.5663461352200276,1.284769789024808,7.353529647601251,7.064294797263112,6.758939261240505,6.313574247339274,5.970172585519252,-0.6084188337636526,5.436887018157862,5.400864890970754,-0.9521534764485022,5.233203820276795,5.142769233954639
2.7009999999998136,0.3035923413406784,-0.3406923712321201,5.096290467634645,4.989903985501245,4.912569356122975,4.7591368283452935,4.406655113461491,4.097830479503695,3.830879138558981,9.627986025879837,2.7445198788255962,2.2196123642107284,1.6054209061473792,1.0560241883064931,0.5634483758325844,0.012649414634297054,5.999179613729603,-0.3758637358691579,5.856052471039665,5.900458232171968,-0.4242822688786902,-0.39300723471787274,-0.2246010773734046,-0.3076369727568684,-0.4183163614817962,-0.5981578071679691,-0.647628084284185,-0.6854916569500334,-0.7991799796210844,5.463988746667384,-0.9484447673186926,5.2286512983320685,-1.176895429819017,5.011554996224746,4.608929430507185,-2.12705292019408,3.808163377144963,-2.989882530906355,2.9159572844779165,2.468697015948216,2.2623891346967744,2.2031424461314377,2.0879526422857646,1.8445027883833967,1.5504189446907068,7.530124620563765,0.9614289142850723,0.8551316821607146,7.1079098374895695,0.836793128853608,0.68987016951569,0.4802160650020346,0.4930782961205915,0.4506413540480775,0.44974880213203,0.5318948014976095,0.5278108036078517,6.667261840574759,0.11475931945512756,6.2476761652895085,6.146493446876514,6.011164936988102,5.75622029513358,5.582064434906321,5.449931853354238,5.483700147291757,5.697229557948734,5.819845614856817,5.779548450464859,5.766037768988553,5.63392562185073,5.466716728290683,5.397291416817153,5.287824829799033,4.973722744851123,4.666934594505052,4.129929478184107,3.962635382386072,3.6757426972040848,3.3670590896827566,3.0883624985615783,2.7837208523192687,2.73519192916423,2.7019703592054967,2.6070371332080713,2.2967344690725375,2.0451985413451874,1.8919988370865146,1.7959731623567994,1.5673347503126465,1.2859957952625163,7.354985045406461,7.065976206484957,6.760838449346331,6.315694208423249,5.972496930193075,-0.6058983800432091,5.4395969518594,5.403755622462892,-0.94908696120636,5.236437032208698,5.146152999277238
2.7109999999998124,0.3036505482796763,-0.34045448492859887,5.099794533910333,4.993497274314913,4.916205158891966,4.762757138631913,4.410186244347796,4.101191965199899,3.8339851657603883,9.630713441885433,2.746734349053116,2.2212397473781413,1.6063322594181133,1.0561724819678642,0.562800103272208,0.011137256248967864,5.996881707456206,-0.3789123458284908,5.8522787017830655,5.896001788958983,-0.4293615011497747,-0.39863426290579096,-0.23069549281828167,-0.31409783870985336,-0.42504374582943866,-0.605051619183919,-0.6545873494595761,-0.6924237725201701,-0.8060001870698692,5.4573534367486145,-0.9548309126065383,5.222564136858978,-1.1826443124340864,5.006170829020669,4.603958601929162,-2.1315928436026357,3.804033817045986,-2.993578998618139,2.9126497586666824,2.465768258046894,2.259785136445666,2.2008314321380635,2.085910251754506,1.8427102918114728,1.5488575765952348,7.528777717421557,0.9602847654114943,0.8541807663138343,7.107157037841525,0.8362527093081961,0.6895669747146504,0.48018251137274015,0.4933424254436262,0.4512396895418224,0.4507166683478962,0.5332654843678539,0.529608179835655,6.669506227334757,0.11746640923445258,6.250823630974639,6.150053316365236,6.0150991481611396,5.760483244156963,5.5865844018999,5.454631888770959,5.4884972896630115,5.702038888380406,5.824580646222517,5.784126679029837,5.770382189538159,5.6379652133942955,5.470392007362292,5.400562944665997,5.290662463904092,4.976093732313268,4.668844468376332,4.131351548302299,3.963669633857958,3.676429908866017,3.3674598776409987,3.0885494363350783,2.783766755824657,2.735174449601226,2.7019576289370555,2.6070913120166606,2.2969144844392786,2.0455461349270596,1.892542240417521,1.7967314759987163,1.5683237145260127,1.2872212458399488,7.3564393528510275,7.067656312753117,6.762736394289043,6.317813165250891,5.974820551899057,-0.6033784543695676,5.442306353400023,5.4066455446529815,-0.9460218667126834,5.239667863856295,5.149533109531784
2.7209999999998113,0.30370027371749847,-0.340203618949128,5.103293406274586,4.9970837153713825,4.919832443210616,4.7663673564402265,4.413705879563214,4.104540949681925,3.8370781691916314,9.633427804038977,2.748936312669985,2.2228557608554054,1.6072339323845777,1.0563132349800974,0.5621467792712465,0.009622819652050092,5.994584362298641,-0.38195751994085164,5.848511149040602,5.891554153213215,-0.43442972494266147,-0.40424850428354314,-0.23677581472206818,-0.3205439247048154,-0.4317562220710228,-0.6119309281549915,-0.6615329724652371,-0.6993434857814363,-0.8128095187989324,5.450727319497681,-0.9612096324175418,5.2164826669058595,-1.1883891434785514,5.000789229244196,4.5989888644095,-2.1361329987777395,3.7999029766579144,-2.9972777220373095,2.9093392836291385,2.4628360190001133,2.25717739844535,2.1985166477218283,2.0838642853217437,1.8409146616920133,1.5472937794723403,7.52742933171111,0.959140269013942,0.8532307214676507,7.106406351970536,0.835715574339757,0.689268057695105,0.4801539446701027,0.49361188212927876,0.4518432579020791,0.4516892213778912,0.5346398695569874,0.5314078565011566,6.671751132920749,0.1201719173530042,6.2539673821420365,6.153607373589676,6.019025566807834,5.764736605076793,5.591093363656101,5.459319918011566,5.493281881802257,5.70683559203082,5.829303453917401,5.788693543166877,5.7747165329352,5.641996397913902,5.474060869070274,5.403830270998795,5.29349825811466,4.978465346138302,4.6707573649442695,4.132779030115832,3.9647111858441684,3.677125956972691,3.367870579714353,3.0887468448483735,2.7838231540924125,2.7351669959617024,2.701954015608511,2.607153341544068,2.297100772992809,2.0458983435198688,1.8930886687409456,1.7974913918061983,1.5693130745500552,1.288446190950484,7.357892617170333,7.06933515428109,6.764633120333007,6.319931124031242,5.977143438710147,-0.6008590850881051,5.445015181686979,5.409534608869014,-0.9429582434538898,5.242896269018941,5.152909528526412
2.7309999999998102,0.3037415736804261,-0.3399397725386804,5.1067870637300015,5.000663305551201,4.923451225340989,4.769967517344759,4.417214072857485,4.107877501002198,3.840158226457773,9.63612919476715,2.751125851597718,2.22446048108586,1.6081259917127033,1.0564465010268393,0.5614884421106462,0.008106125950435295,5.992287581107566,-0.38499927444826126,5.844749778043038,5.887115272964016,-0.4394870060794376,-0.4098500349023221,-0.24284212505490393,-0.3269753131441865,-0.43845386803656716,-0.6187958027088171,-0.6684650091971597,-0.706250837532463,-0.8196079994998592,5.444110385518108,-0.9675809225977414,5.2104069031299085,-1.194129901215168,4.995410222260166,4.594020244853214,-2.140673359133614,3.7957708813661153,-3.00097867625783,2.9060258848255907,2.459900326415922,2.25456595116056,2.1961981263866623,2.081814778763108,1.8391159341262784,1.5457275866934328,7.526079490364446,0.9579954418641101,0.8522815515800051,7.1056577690013505,0.8351816974962486,0.6889733769342614,0.48013031052633776,0.4938866031114861,0.4524519920572434,0.45266639529417435,0.5360178972743684,0.5332097845334309,6.673996522992568,0.12287582737994159,6.257107420274919,6.157155637179926,6.022944227235728,5.768980425964413,5.595591378573878,5.463996006473412,5.498053992847647,5.711619738803428,5.834014105754595,5.79324910600305,5.779040855135376,5.646019221953267,5.477723348432845,5.40709341730043,5.296332218900609,4.980837576803385,4.672673258398738,4.134211881441544,3.965759982336232,3.677830774469281,3.368291121756865,3.0889546477687735,2.783889974025815,2.7351695034904835,2.7019594675060072,2.607223186842487,2.2972933197114456,2.046255171956926,1.8936381445410702,1.7982529462341554,1.5703028762110736,1.2896706798840043,7.359344884760217,7.071012768606678,6.766528651311591,6.322048090857525,5.97946557889724,-0.5983403000617094,5.447723396333479,5.4124227672821315,-0.9398961410284982,5.246122202332221,5.1562822207656485
2.740999999999809,0.3037745043528956,-0.3396629436874988,5.110275485760765,5.004236041966888,4.9270615215148785,4.773557656640035,4.420710877480593,4.111201686559465,3.84322541442739,9.63881769574512,2.7533030470532736,2.2260539838931703,1.6090085035574797,1.0565723333954196,0.5608251297911053,0.006587196086135876,5.989991366697875,-0.38803762548122095,5.840994554286998,5.882685096664179,-0.444533409822186,-0.41543893014461314,-0.2488945050535669,-0.33339208569661294,-0.4451367608891484,-0.625646310940017,-0.67538351520497,-0.7131458684445035,-0.8263956539622166,5.437502625119995,-0.9739447794310082,5.204336859681699,-1.1998665644005444,4.990033833027234,4.58905276990873,-2.1452138981639193,3.7916375566297957,-3.0046818361901138,2.9027095879277347,2.4569612080582455,2.251950825096934,2.193875901524676,2.0797617675785864,1.8373141447955086,1.5441590311186835,7.524728219788072,0.956850300278828,0.851333260296652,7.1049112779450985,0.8346510524400695,0.6886828912551626,0.48011155512228065,0.4941665260115495,0.45306582568954024,0.4536481249111278,0.537399508388504,0.5350139153790213,6.676242363541821,0.12557812300446464,6.260243746787019,6.160698125539987,6.026855163408344,5.773214754467941,5.600078504594669,5.468660219094179,5.502813691495366,5.716391398186122,5.838712669158185,5.7977934302994685,5.783355211750174,5.650033731735671,5.481379480182258,5.410352404827466,5.2991643525871694,4.983210414749907,4.674592123032219,4.135650060362724,3.9668159677583055,3.678544294888298,3.368721430331536,3.0891727695389295,2.7839671432989355,2.7351819081214894,2.701973933448373,2.6073008132760873,2.2974921096064964,2.0466166248179105,1.894190689790229,1.7990161750210574,1.571293164485351,1.2908947610413777,7.360796201190562,7.0726891926029865,6.768423010634199,6.324164071709031,5.981786960925949,-0.5958221266786393,5.450430957647268,5.415309972893102,-0.9368356081611293,5.249345619255118,5.159651151440262
2.750999999999808,0.3037991220725761,-0.33937312914574924,5.113758652326336,5.007801921960881,4.930663347935949,4.777137809346348,4.424196346191255,4.1145135731085505,3.846279809242161,9.64149338790472,2.7554679795550445,2.2276363444851364,1.6098815335649832,1.0566907849778697,0.5601568800338018,0.0050660508372875005,5.987695721849787,-0.3910725890580421,5.837245443534607,5.878263573187827,-0.44956900087727897,-0.42101526473085227,-0.2549330352301939,-0.33979432330677645,-0.45180497713450823,-0.632482520418052,-0.6822885456966137,-0.7200286190619544,-0.8331725070695197,5.430904028328057,-0.9803011996281723,5.198272550217035,-1.2055991122743794,4.984660086105636,4.584086465970855,-2.1497545894442482,3.787503027974985,-3.0083871765712695,2.8993904188076725,2.4540186918375864,2.249332050795082,2.191550006414657,2.077705286995806,1.8355093289685613,1.5425881451077128,7.523375545874834,0.9557048601310071,0.8503858509595591,7.104166867703673,0.8341236129479322,0.6883965598220977,0.48009762517907717,0.49445158912753495,0.4536846932236878,0.4546343457748438,0.5387846444186556,0.5368202009965527,6.67848862088998,0.12827878803740975,6.263376363026767,6.164234856853466,6.030758408951319,5.777439637817886,5.604554799206735,5.473312620354624,5.507561046000861,5.721150639251331,5.843399211162811,5.802326578451089,5.787659658047455,5.654039973165709,5.485029298767837,5.413607254612139,5.301994665359311,4.985583850387555,4.676513933242638,4.137093525229777,3.9678790869651053,3.679266452344466,3.3691614327023256,3.089401135366663,2.784054590345382,2.735204146466816,2.701997362777961,2.6073861865149377,2.2976971277205416,2.046982706431868,1.8947463259561894,1.7997811131998878,1.5722839835125464,1.2921184819486977,7.362246611218644,7.07436446248922,6.770316221293179,6.326279072452969,5.98410757345342,-0.5933045918602511,5.453137826619379,5.418196179519036,-0.9337766927162638,5.2525664760574236,5.163016286417283
2.760999999999807,0.3038154833255551,-0.33907032443780427,5.117236543855202,5.011360943103463,4.934256720781777,4.780708010215374,4.427670531265207,4.117813226769894,3.8493214863263034,9.644156351442584,2.7576207289288313,2.2292076374575456,1.6107451468744878,1.056801908272031,0.5594837302811829,0.0035427108191603894,5.985400649309899,-0.3941041810842581,5.833502411813043,5.873850651828217,-0.4545938433996954,-0.42657911272603544,-0.2609577953808721,-0.3461821062050239,-0.458458592630439,-0.6393044981948649,-0.6891801555428962,-0.7268991298028276,-0.8399385837952728,5.424314584889482,-0.9866501803164153,5.192213987908515,-1.2113275245489772,4.979289005664762,4.579121359183658,-2.154295406634529,3.783367320987728,-3.0120946719750554,2.8960684035272313,2.4510728058019846,2.2467096588248303,2.1892204742206194,2.0756453719732417,1.8337015215093595,1.5410149605300183,7.522021494015471,0.9545591368603307,0.8494393266150211,7.103424527074036,0.8335993529107529,0.6881143421361289,0.48008846795006604,0.4947417314239022,0.45430852981578806,0.455624994152802,0.5401732475265701,0.5386285938513912,6.680735261686446,0.13097780641274354,6.266505270281333,6.1677658490891325,6.034653997158411,5.78165512283268,5.609020319449462,5.477953274281338,5.5122961241801365,5.725897530656207,5.848073798413369,5.8068486124865855,5.791954248952086,5.658037991831087,5.4886728383589904,5.416857987466274,5.304823163266007,4.987957874098256,4.6784386635360535,4.138542234660844,3.9689492852397983,3.6799971815296444,3.3696110568262596,3.089639671214948,2.7841522443472417,2.735236155806015,2.70202970535167,2.607479272529071,2.297908359125778,2.0473534208801816,1.8953050740094282,1.8005477951089193,1.5732753766088614,1.2933418892712807,7.363696158802278,7.076038613841309,6.772208305870614,6.328393098846289,5.986427405325204,-0.5907877220685898,5.455843964913087,5.421081341780332,-0.9307194417117663,5.255784729807337,5.166377592230154
2.770999999999806,0.30382364474163287,-0.3387545238761624,5.12070914123872,5.014913103190694,4.9378416562058085,4.7842682937356384,4.431133484503324,4.121100713038913,3.852350520395851,9.646806665828118,2.759761374313791,2.230767936798067,1.6115994081206546,1.0569057553827483,0.558805717697813,0.002017196485177074,5.983106151792173,-0.3971324173521168,5.8297654254140046,5.869446282295487,-0.4596080009973612,-0.43213054754627883,-0.2669688645941042,-0.3525555139168095,-0.46509768259595363,-0.6461123108123238,-0.6960583992818845,-0.7337574409591796,-0.8466939091990796,5.417734284281608,-0.9929917190289195,5.186161185456788,-1.217051781399024,4.973920615490528,4.574157475443323,-2.1588363234813497,3.779230461307487,-3.0158042968215444,2.8927435683275964,2.4481235781282358,2.244083679779621,2.186887337990392,2.073582057203333,1.831890756884153,1.539439508775143,7.5206660891099,0.9534131454836919,0.8484936900215908,7.102684244752424,0.8330782463335582,0.6878361980307308,0.48008403121284676,0.4950368925213547,0.4549372713424382,0.45662000702373234,0.5415652605083362,0.5404390469103533,6.682982252906585,0.13367516218895661,6.2696304697805285,6.171291120006304,6.038541960997367,5.785861255924089,5.613475121917616,5.48258224444952,5.517018993411097,5.730632140642903,5.852736497164809,5.8113595940683265,5.796239039046633,5.662027833004408,5.492310132848172,5.420104623985112,5.307649852224376,4.990332476239977,4.6803662885292505,4.1399961475423,3.970026508291864,3.6807364177077724,3.370070231345644,3.089888303792055,2.784260035224219,2.735277874075585,2.7020709115321577,2.6075800375826867,2.2981257889224267,2.0477287719995187,1.8958669544302966,1.8013162544023194,1.5742673862799885,1.2945650288274326,7.365144887112707,7.077711681602352,6.77409928654501,6.330506156537467,5.988746445572184,-0.588271543313851,5.458549334853055,5.42396541508784,-0.9276639013321767,5.259000338359291,5.169735036069063
2.7809999999998047,0.30382366308972,-0.3384257205750215,5.124176425825031,5.018458400242342,4.94141817033924,4.787818694137831,4.434585257239538,4.124376096795177,3.855366985467774,9.649444409811428,2.7618899941683663,2.2323173158901843,1.6124443814358023,1.0570023780231441,0.5581228791712769,0.0004895281279367961,5.980812231978914,-0.40015731354015005,5.826034450893063,5.8650504147143145,-0.4646115367355093,-0.43766964196533015,-0.27296632125914794,-0.3589146252719545,-0.4717223216202468,-0.652906024309472,-0.7029233311231717,-0.7406035926974995,-0.8534385084228246,5.411163115719429,-0.9993258136947684,5.180114155101547,-1.222771863451628,4.968554938992571,4.569194840400925,-2.1633773138201873,3.775092474620741,-3.0195160253865088,2.8894159396192336,2.4451710371133535,2.241454144271073,2.1845506306542606,2.0715153771155457,1.8300770691686046,1.5378618207625954,7.5193093555782315,0.9522669006053898,0.8475489436578318,7.1019460093384845,0.8325602673354064,0.6875620876675375,0.4800842632615272,0.4953370126869067,0.45557085439005834,0.4576193220676587,0.542960626786361,0.5422515136364658,6.685229561849734,0.13637083955036286,6.2727519627005695,6.174810687160107,6.042422333115654,5.790058083102541,5.617919262765558,5.487199593985747,5.5217297206349505,5.73535453703893,5.857387373282027,5.815859584492416,5.800514082572105,5.666009541644968,5.49594121585381,5.423347184551052,5.310474738023722,4.9927076471504135,4.682296782952212,4.141455223029191,3.9711107022549226,3.6814840967098483,3.370538885580361,3.0901469605418455,2.784377893622969,2.7353292398586606,2.7021209321792274,2.6076884482284806,2.2983494022371906,2.0481087633847506,1.8964319872160846,1.8020865240605841,1.5752600542338457,1.2957879456019774,7.366592838547303,7.079383700092879,6.775989185097855,6.332618251068269,5.9910646834075605,-0.5857560811617142,5.461253899414667,5.42684835563026,-0.9246101169417748,5.262213260341959,5.173088585771406
2.7909999999998036,0.3038155952733398,-0.33808390646351216,5.1276383794130505,5.021996832499792,4.944986279292811,4.79135924539999,4.438025900348593,4.127639442311407,3.8583709548689566,9.652069661431145,2.764006666276193,2.2338558475171695,1.6132801304522435,1.0570918275159682,0.5574352513131352,-0.0010402741197542112,5.978518892521682,-0.40317888521281536,5.822309455068968,5.860662999621524,-0.46960451314105484,-0.4431964681210287,-0.2789502430742344,-0.3652595184137298,-0.4783325836714535,-0.6596857042295906,-0.7097750049520161,-0.7474376250590576,-0.8601724066869222,5.404601068162938,-1.005652462629092,5.174072908632229,-1.2284877517766053,4.963191999211269,4.564233479465146,-2.167918351577568,3.770953386654778,-3.023229831810529,2.886085543972103,2.442215211166276,2.238821082923701,2.182210385023648,2.069445365879349,1.8282604920547008,1.5362819269515275,7.517951317371499,0.9511204164270827,0.8466050897298976,7.1012098093393154,0.8320453901493232,0.6872919715321978,0.4800891128991483,0.4956420328241624,0.4562092162444304,0.4586228776561215,0.5443592904014705,0.5440659479837723,6.687477156137182,0.13906482280830554,6.275869750167703,6.178324567906575,6.046295145846065,5.794245649982367,5.62235279771142,5.49180538557077,5.526428372357664,5.740064787257595,5.862026492239838,5.820348644688822,5.804779433428737,5.669983162400561,5.499566120723191,5.426585689337318,5.313297826329457,4.995083377150549,4.6842301216504705,4.142919420545578,3.9722018136845305,3.6822401549289387,3.3710169495202766,3.090415569634218,2.784505750906613,2.735390192374895,2.7021797186413985,2.6078044713021127,2.298579184221777,2.0484933983918485,1.8970001918879804,1.8028586364008095,1.5762534213931019,1.2970106837595652,7.368040054742042,7.081054703020946,6.777878022920078,6.334729387875478,5.993382108223873,-0.5832413607405474,5.463957622213541,5.4297301203617465,-0.9215581330974238,5.265423455146471,5.176438209812411
2.8009999999998025,0.3037994983262325,-0.33772907229860155,5.131094984246541,5.025528398423969,4.948545999158534,4.794889981252541,4.441455464253612,4.130890813262297,3.8613625012450243,9.654682498022142,2.7661114677519825,2.2353836038660773,1.6141067183046953,1.0571741547950222,0.5567428704599287,-0.0025721902838473976,5.976226136042177,-0.4061971478202066,5.818590405022844,5.8562839879636375,-0.47458699220698536,-0.448711097521715,-0.2849207070546655,-0.3715902708077638,-0.4849285421052105,-0.6664514156270812,-0.7166134743333518,-0.754259577960218,-0.8668956292866355,5.398048130324286,-1.0119716645234498,5.168037457398468,-1.2341994278770132,4.957831818824581,4.559273417804938,-2.172459410773146,3.766813223171677,-3.026945690107838,2.8827524081061533,2.439256128799809,2.236184526369781,2.1798666337898407,2.0673720574071286,1.8264410588574926,1.5346998573501764,7.5165919979821645,0.9499737067575109,0.8456621301789367,7.100475633173408,0.83153358912225,0.6870258104303305,0.4800985294302785,0.49595189446379956,0.45685229488044315,0.45963061284257434,0.5457611960051244,0.545882304392191,6.689725003710126,0.14175709640227438,6.278983833261719,6.181832779407608,6.050160431212192,5.798424001786942,5.626775782041217,5.496399681442301,5.531115014651462,5.74476295829852,5.866653919123056,5.824826835221582,5.809035145176833,5.673948739609296,5.503184880535319,5.42982015831155,5.316119122686919,4.997459656548103,4.686166279587354,4.144388699784809,3.9732997895559548,3.683004529315224,3.371504353817737,3.090694059955703,2.784643539144437,2.7354606714705385,2.7022472227476446,2.6079280739167947,2.2988151200514717,2.048882680140752,1.8975715874979306,1.8036326230867943,1.5772475279074942,1.298233286657753,7.369486576583764,7.082724723492059,6.779765821018392,6.3368395722926,5.995698709590097,-0.5807274067484909,5.466660467495232,5.432610666989723,-0.9185079935611946,5.268630882914832,5.179783877295887
2.8109999999998014,0.3037754294080589,-0.33736120767768224,5.134546223008253,5.029053096693248,4.952097346011325,4.798410935183212,4.4448739989335175,4.134130272733157,3.86434169656903,9.657282996223183,2.7682044750473778,2.2369006565317835,1.6149242076327477,1.0572494104066499,0.5560457726742308,-0.004106200548012929,5.973933965133083,-0.4092121166978336,5.814877268097323,5.851913331094368,-0.47955903539676054,-0.4542136010525889,-0.29087778954079296,-0.3779069592507827,-0.49151026967302675,-0.6732032230741728,-0.723438792515683,-0.7610694911927173,-0.8736082015884613,5.391504290674801,-1.018283418436446,5.162007812320276,-1.239906873679917,4.952474420154718,4.554314680352149,-2.177000465521699,3.76267200996247,-3.030663574174909,2.879416558882087,2.436293818622794,2.2335445052443683,2.1775194095227643,2.0652954853570358,1.824618802521671,1.5331156415250748,7.515231420454342,0.9488267850219906,0.8447200666883331,7.099743469174542,0.8310248387150023,0.6867635654835805,0.48011246265377455,0.49626653975425544,0.4575000289520393,0.4606424673529521,0.5471662888517518,0.5477005377824201,6.691973072827614,0.1444476449009375,6.282094213019324,6.185335338635803,6.0540182209337905,5.802593183353743,5.63118827061295,5.500982543397821,5.535789713156379,5.74944911674823,5.871269718626635,5.82929421628908,5.813281271037654,5.677906317301419,5.5067975281037205,5.433050611239308,5.318938632525095,4.999836475640844,4.688105231846133,4.145863020709717,3.974404577261917,3.683777157371074,3.3720010297801535,3.090982361100204,2.7847911911017746,2.7355406176087005,2.7023233967993017,2.608059223458008,2.299057194923767,2.0492766115182146,1.8981461926354009,1.8044085151389888,1.5782424131659436,1.2994557968598697,7.370932444222239,7.0843937940189186,6.781652600021541,6.338948809551527,5.998014477248769,-0.5782142434604162,5.469362400125101,5.4354899539629224,-0.9154597413127761,5.271835504528507,5.183125557945133
2.8209999999998003,0.3037434458002026,-0.3369803010508508,5.137992078814133,5.032570926201376,4.955640335910583,4.8019221404418015,4.448281553930262,4.137357883228407,3.86730861215,9.659871231984472,2.7702857639567884,2.2384070765210424,1.6157326605833977,1.0573176445112962,0.5553439937457437,-0.005642285252597064,5.9716423823588745,-0.41222380706646367,5.811170011895616,5.847550980772058,-0.4845207036487197,-0.45970404898201533,-0.29682156620588107,-0.3842096598791851,-0.49807783853046766,-0.6799411906674602,-0.7302510124348596,-0.7678674044239093,-0.8803101490265817,5.38496953745183,-1.0245877237845684,5.155983983897973,-1.245610071527391,4.947119825174656,4.549357291804062,-2.181541490035057,3.758529772841487,-3.034383457798786,2.8760780232923926,2.4333283093325058,2.2309010501804565,2.175168744669792,2.0632156831357653,1.8227937556279865,1.531529308610038,7.513869607393789,0.9476796642716842,0.8437789006907831,7.0990133055955695,0.8305191135022408,0.6865051981257692,0.4801308628557054,0.49658591145260833,0.458152357782359,0.46165838157640576,0.5485745147911982,0.5495206035508943,6.694221332064453,0.14713645300309067,6.285200890437398,6.188832262379154,6.057868546432002,5.806753239139308,5.635590317860634,5.505554032797373,5.540452533081852,5.754123328780827,5.875873955055913,5.8337508477243905,5.817517863894346,5.68185593920113,5.5104040959792195,5.4362770676875165,5.321756361160223,5.0022138247198145,4.69004695363205,4.147342343552738,3.9755161246103095,3.6845579771461536,3.3725069093626914,3.0912804033598777,2.7849486402300614,2.7356299718597996,2.7024081935621433,2.6081978875783394,2.2993053940570434,2.049675195180625,1.8987240254340372,1.8051863429442814,1.5792381158084696,1.3006782561476617,7.372377697082018,7.086061946531017,6.783538380186432,6.341057104784198,6.00032940111317,-0.5757018947347661,5.47206338557837,5.438367940459616,-0.9124134185616761,5.27503728159722,5.186463222093978
2.8309999999997992,0.30370360490166987,-0.33658633973289076,5.141432535207615,5.036081886055363,4.959174984901689,4.805423630044846,4.4516781783559205,4.140573706679891,3.8702633186413404,9.662447280575105,2.7723554096231977,2.2399029342565684,1.6165321388136378,1.0573789068851254,0.5546375691924358,-0.00718042489357682,5.969351390256591,-0.4152322340320242,5.807468604280502,5.843196889157073,-0.4894720573804955,-0.46518251096777785,-0.3027521120638553,-0.3904984481774553,-0.50463132024516,-0.686665382034278,-0.7370501867177438,-0.7746533571969811,-0.8870014970993825,5.37844385866544,-1.0308845803332523,5.149965982221877,-1.251309004167741,4.94176805551449,4.544401276625916,-2.1860824586239604,3.7543865376408694,-3.0381053146651773,2.8727368284526373,2.4303596297072607,2.2282541918042753,2.1728146715546,2.0611326839012793,1.8209659503995097,1.5299408873149327,7.512506580977662,0.9465323571926556,0.8428386333752088,7.0982851306121315,0.8300163881724505,0.6862506700991394,0.48015368080243254,0.4969099529156502,0.458809221354077,0.46267829655620185,0.5499858202612874,0.5513424575647857,6.696469750309106,0.14982350553852455,6.288303866476133,6.192323567245598,6.061711438834473,5.810904213224126,5.639981977798308,5.510114210566391,5.545103539208365,5.75878566015872,5.880466692326916,5.838196788995703,5.821744976292905,5.685797648728423,5.514004616452688,5.43949954702782,5.324572313799319,5.004591694072432,4.691991420274268,4.148826628815965,3.9766343798218875,3.6853469272325676,3.3730219251610363,3.0915881177161655,2.785115820657062,2.7357286758921937,2.7025015662586167,2.608344034192435,2.299559702689303,2.050078433556804,1.8993051035782342,1.8059661362656323,1.5802346737379114,1.301900705533732,7.373822373874085,7.087729212384066,6.785423181404161,6.3431644630242,6.002643471264563,-0.5731903840202778,5.474763389930335,5.4412445863760475,-0.9093690667592158,5.278236176447921,5.189796840677951
2.840999999999798,0.3036559642250837,-0.3361793099149653,5.144867576153977,5.039585975573407,4.962701309017437,4.808915436780139,4.455063920899615,4.143777804455048,3.8732058860491136,9.66501121659046,2.774413486543934,2.241388299581146,1.617322703493098,1.057433246921699,0.5539265342617185,-0.008720600121512549,5.967060991336577,-0.4182374125855635,5.803773013373259,5.838851008809151,-0.49441315649343165,-0.47064905606327895,-0.30866950147693883,-0.3967733989864214,-0.5111707858046208,-0.6933758603389156,-0.743836367685768,-0.7814273889311409,-0.8936822713660341,5.371927242104966,-1.0371739881881512,5.143953816981754,-1.257003654746946,4.93641913246762,4.539446659053357,-2.1906233456998385,3.7502423302052543,-3.0418291183663073,2.869393001593005,2.427387808599243,2.2256039607307296,2.1704572223760707,2.0590465205654627,1.8191354187077429,1.5283504059342354,7.511142362964026,0.9453848761147124,0.8418992656935191,7.097558932326285,0.829516637527927,0.6859999434506898,0.48018086773384333,0.49723860809114556,0.45947056029992717,0.4637021539807823,0.5514001522804939,0.5531660561570602,6.69871829676158,0.1525087874688172,6.291403142062057,6.195809269667471,6.065546928980355,5.815046149317433,5.644363304023987,5.514663137198496,5.549742795889125,5.763436176233428,5.885047993966748,5.842632099206805,5.825962660443203,5.6897314890009225,5.517599121557739,5.4427180684398815,5.327386495543584,5.006970073985485,4.693938607227701,4.150315837271132,3.9777592915279474,3.6861439467600325,3.3735460104042603,3.091905435830944,2.7852926671772704,2.7358366719629834,2.702603468560235,2.608497631472073,2.2998201060769494,2.0504863288507704,1.8998894443096077,1.8067479242515556,1.5812321241314555,1.303123185273768,7.37526651260733,7.089395622369269,6.787307023205951,6.3452708892083685,6.00495667794947,-0.570679734362588,5.477462379846762,5.444119852315077,-0.906326726610323,5.281432152113927,5.1931263852255976
2.850999999999797,0.3036005813927723,-0.3357591966760334,5.14829718603476,5.043083194282794,4.966219324279394,4.812397593211153,4.458438829834295,4.146970237364913,3.876136383740182,9.667563113959472,2.77646006857643,2.2428632417617504,1.6181044153067374,1.0574807136337079,0.5532109239316616,-0.010262791740498493,5.964771188083193,-0.4212393576032672,5.800083207552534,5.834513292684719,-0.49934406037699985,-0.4761037527236875,-0.3145738081631778,-0.4030345865113587,-0.5176963056239173,-0.7000726882886802,-0.7506096073583904,-0.7881895389217773,-0.9003524974431393,5.365419675345401,-1.0434559477866223,5.137947497476031,-1.2626940068003092,4.931073076996808,4.534493463094848,-2.1951641257765275,3.7460971763866198,-3.045554842408539,2.866046570050083,2.4244128749275315,2.2229503875589716,2.168096429207222,2.056957225796726,1.8173021920785837,1.526757892355382,7.509776974701152,0.9442372330200413,0.8409607983672133,7.096834698770077,0.8290198364847734,0.6857529805285959,0.48021237535673494,0.4975718215092723,0.46013631589341203,0.4647298961749828,0.552817458440725,0.5549913561215765,6.700966940931281,0.1551922838880508,6.294498718090954,6.199289385905808,6.0693750474252,5.819179090761919,5.64873434972358,5.519200872758316,5.554370367051785,5.768074941946452,5.889617923114056,5.847056837097618,5.830170968220025,5.693657502835715,5.521187643073405,5.445932650914603,5.330198911391741,5.009348954748034,4.69588849007477,4.151809929959535,3.97889080876797,3.686948975391083,3.3740790989477722,3.0922322900378316,2.785479115242472,2.7359539029089883,2.7027138545801286,2.6086586478413474,2.3000865894936213,2.050898883044499,1.9004770644333746,1.8075317354454543,1.5822305034519768,1.3043457348785676,7.376710150599799,7.09106120672242,6.789189924768979,6.347376388178354,6.007269011577,-0.5681699684107271,5.480160322574436,5.446993699574998,-0.9032864380851262,5.284625172324261,5.196451827849921
2.860999999999796,0.30353751413294955,-0.33532598399399544,5.15172134964227,5.046573541917801,4.969729046699209,4.815870131681324,4.461802953023355,4.150151065671975,3.8790548804502203,9.670103045951869,2.778495228943938,2.244327829493698,1.6188773344575857,1.0575213556547576,0.5524907729122434,-0.01180698070711273,5.962481982955483,-0.42423808384652617,5.79639915545317,5.830183694134152,-0.5042648279132169,-0.48154666881203245,-0.32046510520385907,-0.4092820843299445,-0.5242079495531594,-0.7067559281398097,-0.7573699574564507,-0.7949398463405979,-0.9070122010014404,5.358921145753662,-1.0497304598894137,5.131947032620789,-1.2683800442443172,4.925729909740074,4.529541712534034,-2.199704773471922,3.741951102039293,-3.0492824602197683,2.8626975612588894,2.421434857671333,2.2202935028680986,2.16573232399419,2.0548648320225507,1.8154663016981487,1.525163374066915,7.508410437136582,0.9430894395516399,0.8400232318938379,7.0961124179090165,0.8285259600729009,0.6855097439787167,0.48024815583834174,0.4979095382742409,0.46080643003969085,0.46576146609140423,0.5542376869002104,0.5568183147082375,6.7032156526348725,0.15787398002345834,6.29759059543067,6.202763932054546,6.07319582444572,5.823303080538372,5.6530951676747705,5.523727476884307,5.558986316200201,5.772702021830201,5.894176542519563,5.851471061044823,5.834369951164174,5.697575732751202,5.524770212526765,5.449143313257278,5.33300956624326,5.011728326654191,4.697841044527051,4.153308868191883,3.980028880987259,3.687761953316313,3.3746211252663576,3.0925686133336137,2.7856751009524694,2.7360803121378936,2.702832678865747,2.6088270519719625,2.3003591382290685,2.051316097900636,1.901067980324644,1.8083175977948025,1.58322984745919,1.3055683931258653,7.37815332448979,7.092725995132884,6.791071904922108,6.34948096468216,6.009580462716224,-0.5656611084234988,5.4828571859318815,5.449866090138564,-0.9002482404303545,5.28781520149314,5.199773141239939
2.870999999999795,0.3034668202759861,-0.334879654756579,5.155140052174126,5.050057018417615,4.973230492279844,4.819333084318239,4.465156337927132,4.153320349097892,3.881961444291606,9.672631085185266,2.780519040241226,2.2457821309047987,1.6196415206695243,1.0575552212412014,0.551766115646631,-0.013353148129366818,5.960193378387824,-0.4272336059620556,5.792720825964954,5.825862166899021,-0.5091755174810586,-0.4869778716052431,-0.32634346505082024,-0.4155159654000672,-0.5307057868848347,-0.7134256417032424,-0.7641174694054306,-0.8016783502357391,-0.9136614077625919,5.352431640494691,-1.0559975255725458,5.1259524309585345,-1.2740617513686987,4.920389651016447,4.5245914309320545,-2.204245263509559,3.737804133015109,-3.0530119451566025,2.8593460027451267,2.418453785863409,2.217633337212984,2.163364938555242,2.052769371431976,1.8136277784184547,1.5235668781664409,7.5070427708259775,0.9419415070215553,0.8390865665532955,7.095392077645487,0.8280349834360378,0.685270196741183,0.4802881618000057,0.4982517040560848,0.46148084526664473,0.4667968073019363,0.5556607863764979,0.5586468896181881,6.705464401994105,0.16055386123599982,6.300678774923809,6.2062329240445955,6.077009290044479,5.827418161270225,5.65744581025085,5.5282430087915655,5.563590706416227,5.777317480008992,5.898723914546666,5.855874829062516,5.838559660483589,5.701486220968947,5.528346861195563,5.452350074090679,5.335818464901505,5.014108180005831,4.699796246426844,4.154812613548091,3.981173458034546,3.6885828212496463,3.3751720244472967,3.0929143393698046,2.78588056104597,2.736215843619563,2.702959896391702,2.6090028127786384,2.3006377375880773,2.051737974965202,1.9016622079346137,1.8091055386601913,1.5842301912206247,1.3067911980719604,7.379596070246734,7.094390016752387,6.79295298215153,6.351584623375649,6.011891022093593,-0.5631531762757517,5.485552938300229,5.452736986662189,-0.897212172180548,5.2910022047096446,5.203090298652398
2.8809999999997937,0.3033885577507692,-0.3344201907719748,5.158553279227901,5.053533623924227,4.976723677016748,4.822786483037711,4.468499031609244,4.156478146831053,3.8848561427611887,9.675147303632228,2.7825315744402377,2.2472262135595336,1.6203970331901127,1.0575823582740207,0.5510369863124962,-0.014901275265654773,5.957905376790549,-0.4302259384820617,5.789048188231339,5.821548665109294,-0.5140761869608682,-0.4923974278001345,-0.33220895953365587,-0.4217363020674933,-0.5371898863609851,-0.7200818903502473,-0.7708521943386214,-0.8084050895318612,-0.9203001434959913,5.345951146537445,-1.0622571462193928,5.119963700666752,-1.2797391128286781,4.915052320831595,4.519642641629817,-2.2087855707201407,3.7336562951587235,-3.0567432705113253,2.855991922117661,2.4154696885836877,2.2149699211202267,2.1609943045798308,2.05067087597804,1.8117866527629694,1.5219684313683874,7.505673995941767,0.9407934464189247,0.8381508024140095,7.094673665822077,0.8275468818317409,0.6850343020470642,0.48033234631098265,0.4985982650826213,0.46215950471611295,0.46783586398942945,0.5570867061395527,0.5604770389990625,6.707713159433647,0.1632319130208721,6.303763257390343,6.209696377647812,6.080815473954443,5.831524375228031,5.6617863294245065,5.532747527274648,5.568183600361544,5.781921380200086,5.903260101172107,5.860268198802947,5.842740147054507,5.705389009415515,5.531917620110752,5.4555529518580865,5.338625612076787,5.016488505115175,4.701754071748655,4.15632112787702,3.982324490159591,3.689411520423644,3.375731732183582,3.0932694024443332,2.7860954328916225,2.736360441877513,2.7030954625527643,2.6091858994146184,2.300922372889438,2.0521645155702717,1.9022597627966848,1.8098955848242293,1.5852315691224173,1.3080141870631523,7.381038423181911,7.096053300203692,6.794833174606298,6.353687368824041,6.014200680590403,-0.5606461934645429,5.488247548614258,5.455606352465339,-0.8941782711690808,5.294186147727561,5.206403273903577
2.8909999999997926,0.30330278458115106,-0.3339475727792286,5.161961016795798,5.057003358780353,4.980208616898984,4.82623035954774,4.471831080742789,4.159624517534005,3.8877390427479295,9.677651772627229,2.784532902895725,2.2486601444632366,1.6211439307934519,1.0576028142607488,0.5503034188233559,-0.016451343523702425,5.955617980550528,-0.4332150958244528,5.785381211648102,5.817243143280519,-0.5189668937387583,-0.4978054035193399,-0.3380616598668193,-0.4279431660733959,-0.5436603161802326,-0.7267247350179193,-0.7775741831002043,-0.8151201030302185,-0.926928434015674,5.339479650660725,-1.0685093235129444,5.113980849566257,-1.2854121136374168,4.909717938883304,4.514695367750227,-2.213325670042997,3.7295076143030683,-3.060476409518655,2.852635347061226,2.4124825949530746,2.212303285084225,2.158620453627691,2.0485693773801605,1.8099429549320258,1.5203680600115839,7.504304132281583,0.9396452684178327,0.8372159393389482,7.093957170224843,0.8270616306314132,0.684802023415113,0.48038066288238346,0.49894916813157614,0.4628423521352976,0.468878580939511,0.5585153960049598,0.5623087214402788,6.709961895678895,0.1659081210079559,6.306844043630114,6.213154308480843,6.084614405643449,5.835621764333868,5.666116776771592,5.537241090710381,5.57276506027952,5.786513785714808,5.907785163986695,5.8646512275572915,5.846911461422661,5.709284139724338,5.535482520059049,5.458751964826235,5.341431012389347,5.018869292307308,4.703714496600588,4.157834373296151,3.983481928010756,3.6902479925848435,3.376300184767201,3.0936337374933633,2.7863196544792173,2.7365140519805458,2.703239333157,2.6093762812672807,2.301213029464961,2.0525957208366226,1.902860660032486,1.8106877625003033,1.5862340148799303,1.309237396746988,7.3824804179589805,7.097715873589105,6.796712500103784,6.35578920550338,6.01650942924031,-0.5581401811151946,5.4909409863535705,5.4584741515201,-0.8911465745389977,5.297366996955368,5.209712041361234
2.9009999999997915,0.30320955888248313,-0.3334617804583984,5.165363251259419,5.060466223527338,4.983685327910278,4.829664745352379,4.475152531616437,4.162759519350739,3.890610210540432,9.680144562873528,2.7865230963508454,2.2500839900662855,1.6218822717830805,1.0576166363374342,0.5495654468299436,-0.018003334459518402,5.9533311920317304,-0.4362010922930954,5.7817198658619695,5.812945556310973,-0.5238476947110038,-0.5032018643171877,-0.3439016366566237,-0.43413662856174695,-0.5501171440046582,-0.7333542362145454,-0.7842834862482435,-0.8218234294087131,-0.9335463051772649,5.333017139458902,-1.0747540594282563,5.108003885129343,-1.2910807391586403,4.904386524566837,4.509749632200377,-2.217865536527486,3.725358116264951,-3.0642113353623035,2.8492763053293344,2.409492534127427,2.2096334595633715,2.1562434171279605,2.046464907126474,1.8080967148081155,1.5187657900666556,7.502933199276491,0.9384969833849819,0.8362819769915139,7.093242578586506,0.8265792053203248,0.6845733246485847,0.48043306546124565,0.4993043605228693,0.4635293318683321,0.46992490353254485,0.5599468063272272,0.5641418959683806,6.71221058175379,0.1685824709622,6.309921134425242,6.216606732008877,6.088406114318577,5.839710370165661,5.670437203474826,5.54172375706069,5.577335147997103,5.791094759459695,5.912299164196108,5.869023972256489,5.8510736538045105,5.713171653237559,5.539041591585428,5.461947131088225,5.344234670372232,5.02125053192259,4.70567749722566,4.159352312191208,3.9846457226325738,3.6910921799891283,3.376877319082518,3.094007280083226,2.786553164411028,2.736676619534534,2.703391464419044,2.6095739279538526,2.3015096926585263,2.0530315916763686,1.9034649143578124,1.8114820973412062,1.5872375615481968,1.3104608630833214,7.383922088604332,7.099377764498857,6.798590976135038,6.357890137801965,6.0188172592268705,-0.5556351599872479,5.493633221533931,5.461340348440923,-0.8881171187536749,5.300544719446403,5.213016575936664
2.9109999999997904,0.3031089388582346,-0.332962792440492,5.168759969384577,5.0639222189030715,4.987153826030037,4.8330896717554905,4.47846343014036,4.165883209913844,3.8934697118343533,9.682625744449975,2.788502224942732,2.251497816268307,1.622612113994908,1.0576238712706443,0.5488231037216027,-0.019557229776345355,5.951045013575768,-0.43918394207810935,5.7780641207691925,5.808655859478788,-0.528718646288425,-0.5085868751855247,-0.34972895990814384,-0.44031676008657844,-0.5565604369665368,-0.7399704540248425,-0.7909801540575984,-0.8285151072219318,-0.9401537828749893,5.326563599347489,-1.0809913562250757,5.102032814487727,-1.2967449750994433,4.899058096980158,4.504805457673692,-2.222405145334342,3.721207826840792,-3.0679480211813326,2.8459148247374015,2.406499535291719,2.2069604749763543,2.1538632263783524,2.044357496476122,1.806247961961053,1.5171616471432445,7.501561215999035,0.937348601387186,0.835348914841294,7.092529878589567,0.8260995814976353,0.6843481698321272,0.4804895084247307,0.49966379011105727,0.4642203888480104,0.47097477773572993,0.5613808879931881,0.5659765220424293,6.7144591889786,0.17125494878394684,6.312994530542444,6.220053663549287,6.092190628930398,5.843790233961429,5.674747660327482,5.546195583875395,5.581893924926742,5.795664363937708,5.9168021626217415,5.873386489472131,5.855226774088495,5.71705159100789,5.542594864995593,5.465138468566345,5.347036590474113,5.023632214318981,4.707643050003043,4.160874907215728,3.985815825463292,3.6919440253971376,3.3774630725997263,3.0943899664024843,2.786795901893303,2.7368480906743664,2.7035518129535085,2.6097788093172225,2.3018123478251837,2.0534721287955673,1.9040725400884837,1.812278614447628,1.5882422415321993,1.3116846213551892,7.385363468517277,7.101039000019326,6.800468619870045,6.3599901700217805,6.021124161881147,-0.5531311504803137,5.49632422469875,5.464204908474544,-0.8850899396073019,5.30371928288917,5.216316853076881
2.9209999999997893,0.30300098279669563,-0.3324505863171807,5.172151158316171,5.067371345839904,4.990614127234292,4.836505169864408,4.4817638218520495,4.168995646351533,3.896317611739699,9.685095386817752,2.790470358208027,2.252901688422377,1.623333514800176,1.057624565459503,0.5480764226277074,-0.02111301132361369,5.948759447502393,-0.4421636592562034,5.774413946514089,5.804374008439063,-0.5335798044007591,-0.5139605005594847,-0.3555436990320186,-0.44648363061911345,-0.5629902616749342,-0.7465734481150735,-0.7976642365227559,-0.8351951749011679,-0.9467508930387434,5.320119016568604,-1.0872212164406443,5.09606764444031,-1.30240480750327,4.893732674929048,4.499862866652036,-2.226944471736963,3.7170567718024996,-3.0716864400763297,2.8425509331560668,2.4035036276543713,2.2042843616985746,2.1514799125443513,2.0422471764614953,1.8043967256530218,1.5155556564970551,7.500188201171091,0.9362001321986878,0.8344167521696837,7.0918190578693645,0.825622734876421,0.6841265233287427,0.4805499465744459,0.5000274052779277,0.4649154685876728,0.47202815009533555,0.5628175924155012,0.5678125595494392,6.716707688967727,0.17392554050920037,6.316064232735258,6.223495118275167,6.095967978177166,5.847861396623469,5.679048197737014,5.55065662829503,5.586441452068338,5.800222661249493,5.9212942197016085,5.877738835417401,5.859370871836318,5.720923993800469,5.546142370358422,5.468325995014862,5.349836777062013,5.026014329874285,4.709611131449214,4.162402121290575,3.9869921883324166,3.6928034720697007,3.378057383368385,3.0947817332541097,2.7870478067279043,2.7370284120560338,2.7037203357685264,2.609990895421849,2.3021209803302884,2.0539173326968028,1.904683551146117,1.8130773383765153,1.5892480865969771,1.3129087061795108,7.386804590480056,7.102699606741148,6.802345448162923,6.3620893063798825,6.023430128679341,-0.5506281726398236,5.499013966910711,5.467067797490068,-0.8820650722351886,5.306890655597817,5.219612848756903
2.930999999999788,0.3028857490677615,-0.3319251386503099,5.175536805573146,5.070813605462559,4.994066247496599,4.839911270593507,4.485053751922013,4.172096885294535,3.899153974788013,9.687553558827002,2.7924275650883823,2.2542956713392357,1.6240465311084495,1.0576187649377635,0.5473254364191027,-0.022670661095896664,5.946474496110001,-0.4451402577910475,5.770769313487548,5.80009995922095,-0.5384312245010173,-0.519322804323203,-0.36134592285115835,-0.4526373095547719,-0.5694066842221672,-0.7531632777380454,-0.804335783360587,-0.8418636707544268,-0.9533376616312199,5.313683377196306,-1.0934436428826684,5.090108381460744,-1.3080602227430607,4.888410276932074,4.494921881407785,-2.231483491122641,3.712904976893468,-3.075426565115389,2.8391846585047174,2.400504840441748,2.2016051500586786,2.149093506658449,2.0401339778904255,1.8025430348435043,1.513947843036739,7.498814173171527,0.9350515853083048,0.8334854880753774,7.091110104017052,0.8251486412837014,0.6839083497768159,0.4806143351308863,0.5003951549252439,0.46561451717324587,0.47308496772907055,0.5642568715262467,0.5696499687998643,6.718956053627484,0.17659423230983973,6.319130241746185,6.22693111121878,6.099738190508885,5.851923898722459,5.683338865728666,5.555106947053644,5.5909777900112205,5.804769713094688,5.925775395491312,5.882081065948049,5.86350599628428,5.7247889020947085,5.549684137508369,5.471509728022723,5.3526352344239605,5.028396868988311,4.711581718219049,4.163933917603416,3.9881747634582307,3.6936704637633113,3.3786601900110327,3.0951825180477788,2.7873088193040823,2.7372175308488655,2.7038969902594245,2.610210156549761,2.302435575548673,2.0543672036817506,1.9052979610638185,1.8138782931493025,1.5902551278775754,1.3141331515176073,7.388245486667682,7.104359610767161,6.804221477557006,6.364187551009775,6.025735151240467,-0.5481262461626817,5.501702419743543,5.469928981969226,-0.8790425511239061,5.31005880650275,5.2229045394721645
2.940999999999787,0.30276329611979835,-0.33138642498120663,5.178916899043476,5.074248999086069,4.997510202788893,4.843308004667674,4.4883332651593495,4.175186982882864,3.901978864939451,9.690000328723414,2.7943739139359325,2.255679829291499,1.6247512193706306,1.0576065153759104,0.5465701777095668,-0.024230161231867258,5.944190161676084,-0.4481137515336784,5.767130192325494,5.795833668224729,-0.5432729615698298,-0.5246738498154747,-0.3671356996073567,-0.4587778657200534,-0.5758097701901334,-0.7597400017379924,-0.8109948440130295,-0.848520632966421,-0.9599141146450922,5.307256667141813,-1.0996586386224532,5.084155031704827,-1.3137112075145678,4.8830909212254765,4.489982524005854,-2.2360221789937493,3.708752467824712,-3.0791683693399183,2.8358160287451954,2.397503202892816,2.198922870335188,2.1467040396194177,2.038017931348341,1.8006869181940939,1.5123382313306104,7.497439150043688,0.9339029699264094,0.8325551214797368,7.090403004582527,0.8246772766604678,0.6836936140872091,0.4806826297279923,0.5007669884676351,0.46631748125543154,0.4741451783185835,0.5656986777706169,0.5714887105231278,6.721204255153875,0.1792610104937792,6.3221925583087515,6.2303616572748926,6.103501294131303,5.855977780501504,5.687619713949026,5.559546596481601,5.595502998936147,5.809305580773274,5.93024574966505,5.886413236563431,5.8676321963446005,5.728646356086163,5.553220196047847,5.474689685016232,5.355431966771569,5.03077982208495,4.713554787106835,4.165470259608135,3.989363503445311,3.6945449447256316,3.3792714317168824,3.0955922587922866,2.7875788805903947,2.7374153947279085,2.704081734202523,2.6104365631966537,2.302756118863867,2.0548217418537136,1.9059157829917992,1.8146815022600162,1.59126339588883,1.31535799068555,7.3896861886576275,7.106019037720241,6.806096724289858,6.366284907962759,6.028039221324076,-0.5456253904028198,5.504389555273928,5.472788428996801,-0.8760224101212566,5.313223705141405,5.226191902231032
2.950999999999786,0.30263368247658795,-0.3308344198397958,5.182291426979241,5.077677528213692,5.000946009082289,4.84669540262569,4.491602406017202,4.1782659947724685,3.9047923455897537,9.692435764154725,2.7963094725187236,2.2570542260178703,1.6254476355820004,1.057587862083294,0.5458106788572916,-0.02579149401325901,5.941906446457673,-0.4510841542229414,5.76349655390733,5.791575092218865,-0.5481050701197724,-0.5300136998353611,-0.37291309696780955,-0.4649053673792995,-0.5821995846565121,-0.7663036785553469,-0.8176414676497004,-0.8551660995985507,-0.9664802781002515,5.300838872158594,-1.1058662069882013,5.078207601017709,-1.3193577488298287,4.877774625767912,4.485044816305694,-2.2405605109688715,3.7045992702711192,-3.0829118257702723,2.8324450718757026,2.3944987442539665,2.19623755275324,2.1443115421916077,2.0358990672003783,1.7988284040732014,1.5107268456132075,7.496063149502705,0.9327542949917464,0.8316256511320339,7.089697747077275,0.8242086170617126,0.6834822814404188,0.48075478640782315,0.5011428558256279,0.46702430804204315,0.47520873010209247,0.5671429641006991,0.573328745863201,6.723452266030377,0.1819258615050779,6.3252511831494775,6.23378677120404,6.107257317009805,5.860023081880101,5.691890791669551,5.56397563250838,5.600017138617329,5.813830325186976,5.934705341516689,5.890735402407572,5.8717495206068016,5.732496395688369,5.556750575349578,5.477865883261647,5.358226978242544,5.033163179614166,4.715530315047208,4.167011111024218,3.990558361282034,3.695426859691029,3.379891048235587,3.0960108940880704,2.7878579321267587,2.7376219518664455,2.704274525749059,2.610670086068073,2.3030825956673415,2.0552809471201434,1.9065370297029065,1.8154869886832523,1.5922729205349975,1.3165832563643365,7.391126727439344,7.107677912750998,6.807971204298196,6.368381381209258,6.030342330828013,-0.5431256243766583,5.50707534607355,5.475646106251202,-0.8730046824460808,5.316385321649161,5.229474914547423
2.960999999999785,0.30249696673435106,-0.3302690967535312,5.185660377991741,5.081099194534843,5.004373682347839,4.8500734948235245,4.494861218598096,4.18133397614176,3.907594479577111,9.694859932177145,2.7982343080261143,2.258418924727356,1.626135835285279,1.0575628500102876,0.5450469719663824,-0.027354641863828334,5.9396233526917666,-0.4540514794859609,5.759868369354341,5.787324188337058,-0.5529276041996766,-0.5353424166477397,-0.3786781820315419,-0.47101988224133823,-0.5885761922008427,-0.7728543662314044,-0.8242757031704402,-0.8618001085888762,-0.9730361780411014,5.29442997784737,-1.1120663515584661,5.072266094940934,-1.3249998340107954,4.872461408245104,4.480108779963261,-2.245098462783875,3.700445409867825,-3.086656907411206,2.8290718159248742,2.391491493773986,2.1935492274814266,2.1419160450042853,2.033777415593447,1.79696752056065,1.5091137097916971,7.494686188942628,0.9316055691780909,0.8306970756145747,7.088994318977168,0.8237426386564585,0.683274317283797,0.4808307616153397,0.5015227074188169,0.4677349452904846,0.47627557186713904,0.5685896839693512,0.5751700363742285,6.725700059025713,0.1845887719240009,6.328306116989777,6.237206467635666,6.1110062868732316,5.864059842458045,5.696152147790052,5.568394110665358,5.604520268424483,5.818344006840692,5.939154229960874,5.895047618270297,5.875858017339098,5.7363390605347115,5.560275304558906,5.481038339867734,5.361020272903119,5.035546932053931,4.7175082791160365,4.168556435836072,3.99175929033807,3.6963161538761513,3.38051897987109,3.096438363119846,2.7881459160166346,2.737837150928651,2.704475323419232,2.610910696075687,2.303414991357799,2.055744819195131,1.9071617135980834,1.8162947748820322,1.593283731119228,1.3178089806099027,7.3925671334236265,7.109336260545342,6.809844933222744,6.370476974640138,6.032644471786209,-0.540626966768473,5.50975976520128,5.4785019819952,-0.8699894006979063,5.319543626750402,5.232753554433551
2.970999999999784,0.30235320755884654,-0.32969042825615086,5.189023741046679,5.084513999923033,5.007793238557235,4.853442311437547,4.498109746659173,4.18439098169802,3.910385329188923,9.697272899261701,2.8001484870741424,2.2597739881034724,1.6268158735737066,1.0575315237504754,0.5442790888883727,-0.02891958734832041,5.93734088259572,-0.457015740838642,5.756245610028083,5.783080914075276,-0.5577406173989221,-0.5406600619888003,-0.38443102133574497,-0.4771214774660155,-0.594939656910479,-0.7793921224128819,-0.8308975992077914,-0.8684226977520791,-0.979581840533904,5.28802996966097,-1.1182590761557603,5.066330518719309,-1.3306374506831158,4.867151286074385,4.475174436432932,-2.2496360102929467,3.6962909122067016,-3.09040358725717,2.8256962889460384,2.388481480699179,2.1908579246287316,2.1395175785510006,2.031653006458264,1.795104295452165,1.5074988474521311,7.493308285443398,0.9304568009007498,0.8297693933477043,7.088292707725191,0.8232793177277868,0.6830696873288291,0.48091051219329634,0.5019064941591698,0.4684493413003698,0.4773456529434676,0.570038791324166,0.5770125440161968,6.727947607191616,0.1872497284670326,6.33135736054778,6.240620761071215,6.114748231217609,5.868088101519264,5.70040383084214,5.572802086088605,5.609012447324891,5.8228466858439765,5.943592473534188,5.899349938588374,5.879957734489812,5.740174389980264,5.563794412596092,5.484207071788266,5.36381185475042,5.037931069912061,4.7194886565312295,4.170106198292324,3.9929662443618694,3.6972127729755258,3.381155167475542,3.0968746056493557,2.7884427749193477,2.738060941062382,2.704684086096372,2.6111583643336433,2.303753291340491,2.0562133576018824,1.9077898467117493,1.8171048828155387,1.5942958563528886,1.319035194862967,7.394007436451817,7.11099410533193,6.811717926412986,6.372571692067978,6.034945636366525,-0.538129435935669,5.512442786195491,5.48135602506683,-0.8669765968664351,5.322698591749711,5.236027800392758
2.9809999999997827,0.30220246368254783,-0.32909838589626245,5.192381505459393,5.087921946433805,5.011204693683482,4.856801882467648,4.501348033617307,4.187437065683704,3.913164956168465,9.699674731300526,2.8020520757108534,2.2611194783084545,1.6274878050941417,1.0574939275428568,0.5435070612237549,-0.030486313171439225,5.93505903836763,-0.4599769516861998,5.752628247528728,5.778845227288782,-0.5625441628517096,-0.5459666970714876,-0.39017168086202453,-0.4832102196706128,-0.6012900423864292,-0.7859170043563779,-0.8375072041294142,-0.8750339047794141,-0.9861172916641824,5.281638832909105,-1.1244443848403105,5.0604008773076155,-1.3362705867700633,4.861844276409127,4.470241806969403,-2.2541731294695757,3.692135802832968,-3.0941518382974427,2.8223185190116444,2.3854687342686414,2.188163674241567,2.137116173188986,2.0295258695113434,1.7932387562637673,1.5058822818655544,7.491929455777647,0.9293079983229146,0.8288426025946983,7.087592900734101,0.8228186306728665,0.6828683575484721,0.48099399537723664,0.5022941674444653,0.4691674449062792,0.4784189231960242,0.5714902406015252,0.5788562311506517,6.730194883860618,0.1899087179868457,6.334404914540069,6.244029665887104,6.118483177309791,5.8721078980356,5.704645888992641,5.57719961352165,5.6134937338854956,5.827338421912556,5.948020130396361,5.903642417446717,5.884048719688818,5.744002423103654,5.567307928158578,5.48737209582447,5.366601727714767,5.040315583727999,4.72147142465348,4.171660362905067,3.994179177478145,3.698116663157203,3.381799552443294,3.097319562008216,2.788748452042531,2.7382932718920987,2.7049007730212176,2.611413062155013,2.3040974810265746,2.056686561675169,1.9084214407171047,1.8179173339467312,1.5953093243647345,1.3202619299587162,7.3954476658048645,7.112651470889481,6.813590198931858,6.3746655372283465,6.037245816868621,-0.5356330499139669,5.515124383066496,5.484208204870425,-0.8639663023408779,5.325850188523214,5.239297631412452
2.9909999999997816,0.30204479390189237,-0.3284929402457684,5.195733660890156,5.091323036302688,5.014608063701517,4.860152237740283,4.504576122554122,4.190472281882619,3.915933421721444,9.70206549361307,2.8039451394215917,2.262455456987456,1.6281516840501735,1.0574501052740775,0.5427309203235244,-0.03205480217682008,5.932777822186701,-0.46293512532371506,5.749016253693407,5.774617086189159,-0.5673382932413132,-0.5512623825908886,-0.39590022604256203,-0.4892861749361564,-0.607627411749079,-0.7924290689327317,-0.8441045660404423,-0.8816337672386554,-0.9926425575341717,5.27525655276303,-1.1306222819039606,5.054477175377156,-1.3418992304866082,4.856540396143083,4.465310912629552,-2.2587097964074903,3.687980107241902,-3.0979016335211043,2.818938534207855,2.382453283709669,2.1854665063009007,2.1347118591385876,2.0273960342569493,1.791370930236059,1.5042640359939718,7.490549716417344,0.9281591693618632,0.827916701466539,7.086894885389033,0.8223605540029796,0.6826702941745472,0.48108116879059254,0.5026856791518595,0.4698892054706496,0.47949533301807534,0.5729439867207391,0.5807010605364586,6.732441862643801,0.1925657274722265,6.337448779683368,6.247433196337625,6.1222111521910305,5.876119270670516,5.708878370046973,5.5815867473182585,5.617964186275006,5.83181927436988,5.952437258331514,5.907925108579614,5.888131020248998,5.7478231987088995,5.5708158797232095,5.490533428627421,5.369389895661908,5.042700464074513,4.723456560986953,4.173218894449064,3.995398044185346,3.6990277710584247,3.3824520767049666,3.097773173090884,2.7890628911346953,2.7385340935119187,2.7051253437863134,2.61167476104831,2.304447545832501,2.0571644305637564,1.9090565069313672,1.8187321492498458,1.5963241627099345,1.3214892161363303,7.39688785021223,7.114308380553971,6.815461765560353,6.376758513781043,6.039545005721863,-0.5331378264224998,5.5178045302891325,5.487058491367816,-0.8609585479191356,5.328998389510042,5.24256302695716
3.0009999999997805,0.3018802570746045,-0.3278740609081349,5.199080197339523,5.094717271943145,5.018003364588795,4.863493406911441,4.507794056220897,4.193496683626006,3.91869078652247,9.704445250952228,2.805827743134263,2.2637819852727503,1.6288075642052529,1.0574001004806797,0.5419506972907375,-0.033625037346006185,5.930497236213581,-0.46589027493671514,5.745409600594508,5.770396449341324,-0.5721230608043113,-0.5565471787295663,-0.4016167217661903,-0.49534940881361983,-0.6139518276438045,-0.7989283726312901,-0.8506897327857783,-0.8882223225740332,-0.999157664260325,5.268883114260081,-1.1367927718642166,5.048559417322155,-1.3475233703336311,4.851239661914608,4.460381774274267,-2.263245987321548,3.683823850875666,-3.1016529459218605,2.815556362629309,2.379435158233308,2.182766450719481,2.1323046664827223,2.0252635299890116,1.7895008443384195,1.5026441324961743,7.489169083540283,0.9270103216950184,0.8269916879265832,7.08619864905005,0.821905064343546,0.6824754636951891,0.4811719904398833,0.5030809816315772,0.47061457287679587,0.48057483332444173,0.5743999850782731,0.5825469953256106,6.734688517428585,0.19522074404795933,6.340488956696137,6.250831366557768,6.125932182680467,5.880122257782747,5.71310132145248,5.585963541445196,5.622423862266022,5.836289302148709,5.956843914749453,5.912198065372006,5.892204683167725,5.7516367553272545,5.574318295548452,5.493691086700392,5.37217636239519,5.045085701559338,4.725444043179918,4.174781757960923,3.9966227993531245,3.6999460437813245,3.383112682721584,3.098235380347712,2.7893860364779255,2.738783356478788,2.7053577583305177,2.6119434327141002,2.3048034711794334,2.0576469632328105,1.9096950563209296,1.8195493492177812,1.5973403983789534,1.3227170830483546,7.398328017860641,7.115964857225714,6.817332640802057,6.378850625311328,6.041843195483275,-0.5306437828688221,5.520483202795451,5.489906855069676,-0.8579533638168334,5.332143167703948,5.245823966961671
3.0109999999997794,0.301708912117091,-0.32724171652651685,5.202421105143735,5.09810465594453,5.021390612325831,4.866825419469529,4.511001877043385,4.19651032379851,3.921437110721421,9.70681406751042,2.8076999512245493,2.265099123787911,1.6294554988858292,1.0573439563513671,0.5411664229820793,-0.0351970017974295,5.928217282590694,-0.46884241360177764,5.74180826053798,5.766183275660547,-0.5768985173347949,-0.5618211451628408,-0.40732123238438406,-0.5013999863300215,-0.6202633522464767,-0.8054149715640803,-0.8572627519523354,-0.8947996081061682,-1.0056626379708695,5.262518502308149,-1.142955859458427,5.042647607265988,-1.3531429950922707,4.845942090110815,4.455454412570244,-2.267781678548585,3.679667059120238,-3.1054057485027116,2.812172032374035,2.3764143870300467,2.1800635373391395,2.1298946251663704,2.023128385793016,1.787628525273104,1.5010225937334323,7.48778757303642,0.9258614627658662,0.8260675597951223,7.085504179054624,0.8214521384341474,0.6822838328523443,0.48126641871000986,0.5034800277007269,0.47134349752206,0.4816573755448469,0.5758581915420576,0.5843939990590774,6.7369348223764876,0.19787375497466986,6.343525446300111,6.254224190565956,6.129646295378536,5.884116897429893,5.717314790301735,5.590330049484973,5.626872819237167,5.840748563792737,5.961240156686999,5.916461340860779,5.896269755128366,5.755443131219063,5.577815203676566,5.496845086401151,5.374961131657657,5.047471286826745,4.727433849025302,4.176348918738234,3.9978533982198066,3.70087142888867,3.3837813134787886,3.098706125778116,2.7897178328806995,2.7390410118057904,2.705597976933617,2.6122190490416797,2.3051652424927,2.0581341584662884,1.9103370995064488,1.820368953869369,1.5983580578062913,1.323945559769915,7.399768196402713,7.117620923376326,6.819202838887601,6.380941875331126,6.044140378835519,-0.5281509363538344,5.52316037596754,5.492753267026997,-0.8549507796762049,5.335284496645031,5.249080431824277
3.0209999999997783,0.30153081800190623,-0.3265958747917428,5.205756374970179,5.101485191070058,5.024769822896703,4.870148304738188,4.514199627126509,4.199513254844035,3.9241724539497223,9.70917200692559,2.8095618275211,2.2664069326519978,1.6300955409845015,1.057281715729289,0.540378128009444,-0.036770678785395895,5.925937963442542,-0.47179155428715697,5.738212206061605,5.761977524409455,-0.5816647141885527,-0.5670843410640147,-0.4130138217171684,-0.5074379719944199,-0.6265620472688592,-0.8118889214698944,-0.8638236708712227,-0.901365661031997,-1.0121575048034106,5.256162701690015,-1.1491115496381035,5.036741749067292,-1.3587580938184038,4.840647696871612,4.4505288479917615,-2.272316846548223,3.6755097573024367,-3.109160014280484,2.808785571538522,2.3733909992656264,2.1773577959281956,2.1274817649960918,2.020990630547843,1.7857539994792513,1.499399441775053,7.486405200514065,0.9247125997897342,0.8251443147538357,7.084811462720072,0.8210017531285467,0.6820953686393242,0.4813644123596462,0.5038827706372346,0.4720759303110857,0.4827429116173768,0.5773185624458814,0.5862420356627032,6.739180751920909,0.2005247476486313,6.346558249221774,6.257611682266708,6.133353516670305,5.888103227371942,5.721518823335813,5.594686324638605,5.631311114175256,5.845197117458241,5.965626040809348,5.9207149877361065,5.9003262825018,5.759242364375587,5.581306631935753,5.49999544394421,5.3777442071341115,5.049857210559041,4.729425956461214,4.177920342338667,3.9990897963898457,3.7018038743996313,3.3844579124811145,3.0991853519238393,2.7900582256708173,2.7393070109555637,2.705845960211053,2.6125015821058337,2.305532845201271,2.0586260148692954,1.9109826467678652,1.8211909827565387,1.5993771668790842,1.3251746748077873,7.401208412965414,7.119276601055563,6.82107237377904,6.383032267280213,6.046436548584912,-0.5256593036766251,5.525836025630469,5.495597698822723,-0.8519508245748364,5.338422350411608,5.252332402400108
3.030999999999777,0.3013460337552882,-0.32593650245016736,5.209085997812897,5.104858880254776,5.028141012289522,4.873462091879037,4.517387348258989,4.2025055287715265,3.9268968753265288,9.711519132287131,2.811413435310676,2.2677054714837253,1.6307277429631795,1.0572134211143387,0.5395858427415228,-0.03834605169907443,5.923659280876003,-0.4747377098534313,5.734621409933242,5.757779155195047,-0.5864217022872331,-0.5723368251095469,-0.418694553058945,-0.5134634298038098,-0.6328479739639064,-0.8183502777182883,-0.8703725366198801,-0.9079205184246958,-1.0186422909025887,5.249815697067611,-1.155259847563367,5.0308418463259095,-1.364368655837256,4.835356498093661,4.445605100822422,-2.276851467903632,3.6713519706870588,-3.1129157162902166,2.805397008212942,2.3703650240769947,2.1746492561789337,2.1250661156395743,2.0188502929275915,1.783877293136805,1.4977746984038145,7.485021981305923,0.9235637397594366,0.824221950350142,7.08412048734592,0.820553885394706,0.6819100382984062,0.48146593051672015,0.5042891641738952,0.47281182264921484,0.4838313939820494,0.5787810545838651,0.5880910694431454,6.741426280764904,0.20317370960153372,6.349587366193769,6.26099385545323,6.137053872728748,5.8920812850747515,5.725713466947526,5.599032419728338,5.6357388036774605,5.849635020915768,5.970001623411481,5.924959058342816,5.904374311347952,5.763034492520848,5.5847926079422905,5.503142175403028,5.380525592453094,5.052243463478015,4.731420343571399,4.179495994579037,4.000331949831283,3.7027433287855804,3.3851424237463372,3.0996730018623175,2.7904071606884577,2.739581305833844,2.7061016691087443,2.612791004163669,2.3059062647372754,2.059122530870437,1.9116317080493526,1.8220154549713667,1.6003977509455671,1.326404456109315,7.402648694158398,7.120931911898054,6.822941259174175,6.385121804527389,6.048731697659477,-0.5231689013392279,5.528510128045347,5.498440122563509,-0.848953527034266,5.341556703612202,5.255579859994576
3.040999999999776,0.3011546184547616,-0.3252635653113982,5.212409964988157,5.108225726603542,5.031504196496864,4.87676680989433,4.520565081917857,4.205487197160615,3.9296104334648203,9.713855506141766,2.8132548373432615,2.26899479940562,1.631352156856249,1.0571391146654654,0.5387895973054025,-0.039923104061491216,5.9213812369806105,-0.4776808930541695,5.731035845149083,5.753588127965708,-0.5911695321224812,-0.577578655484172,-0.424363489184239,-0.519476423248921,-0.6391211931309582,-0.8247990953134948,-0.8769093960241614,-0.9144642172335996,-1.0251170224177832,5.243477472986174,-1.1614007585975294,5.024947902388706,-1.3699746707381366,4.83006850943425,4.440683191156852,-2.281385519322254,3.6671937244741017,-3.1166728275894107,2.8020063704765157,2.3673364905683716,2.1719379477051697,2.122647706625208,2.0167074014033597,1.7819984321703444,1.4961483851212707,7.4836379304750045,0.9224148894507884,0.823300464001448,7.083431240216222,0.8201085123148002,0.6817278093184821,0.4815709326739858,0.5046991624925367,0.4735511264360049,0.48492277557449065,0.580245625205017,0.5899410650838585,6.7436713838789695,0.20582062850021798,6.35261279795624,6.264370723809924,6.140747389517925,5.896051107713459,5.729898767184617,5.603368387200385,5.640155943953486,5.85406233155184,5.974366960419607,5.929193604681788,5.9084138874173435,5.766819553113461,5.588273159102622,5.506285296712176,5.383305291188813,5.054630036346321,4.733416988585642,4.181075841534335,4.001579814873202,3.703689740965931,3.3858347917998914,3.100169019200134,2.790764584279344,2.7398638487831213,2.7063650648980246,2.613087287651522,2.3062854865355336,2.059623704724133,1.9122842929641983,1.822842389153026,1.6014198348234048,1.327634931071185,7.404089066082203,7.122586877129927,6.824809508510786,6.387210490371626,6.051025819107036,-0.5206797455513005,5.531182659902499,5.501280510871624,-0.8459589150284473,5.3446875313776605,5.258822786356903
3.050999999999775,0.3009566312268095,-0.3245770282559087,5.215728268130067,5.111585733389013,5.034859391516168,4.880062487629576,4.523732869272883,4.208458311167193,3.932313186477407,9.716181190499322,2.815086095837138,2.2702749750481725,1.631968834273746,1.057058838202996,0.5379894215881693,-0.04150181952852737,5.919103833828816,-0.4806211165366144,5.72745548493188,5.749404403008219,-0.5959082537600496,-0.5828098898859684,-0.4300206923533656,-0.5254770153199202,-0.64538176512084,-0.831235428898258,-0.8834342956603709,-0.9209967942841185,-1.0315817255008641,5.23714801387832,-1.1675342883017932,5.019059920355247,-1.3755761283692933,4.824783746315066,4.435763138902408,-2.2859189776364888,3.6630350437960852,-3.120431321262149,2.7986136863930207,2.3643054278074453,2.1692239000398974,2.120226567341684,2.0145619842449958,1.780117442252833,1.4945205231529366,7.482253062820378,0.9212660554279901,0.8223798529993009,7.08274370860183,0.8196656110852302,0.6815486494327544,0.4816793786846824,0.5051127202182967,0.4742937940588619,0.4860170098197165,0.5817122320078656,0.5917919876411203,6.745916036498816,0.2084654921463757,6.355634545258127,6.2677423009148345,6.144434092796114,5.900012732175842,5.7340747697529215,5.607694279127638,5.644562590827771,5.858479106370702,5.978722107392623,5.9334186784113845,5.91244505615267,5.77059758334846,5.591748312615433,5.50942482366945,5.386083306863021,5.057016919968797,4.735415869880123,4.182659849536747,4.002833348203185,3.704643060304005,3.3865349616693505,3.100673348066581,2.7911304432880173,2.7401545925764137,2.706636109170667,2.613390405181933,2.306670496033126,2.060129534512926,1.91294041079962,1.8236718034946233,1.6024434428078873,1.32886612654806,7.405529554336311,7.124241517575318,6.8266771349708,6.389298328043198,6.053318906093318,-0.5181918522347227,5.533853598314756,5.504118836876983,-0.8429670159920752,5.347814809353381,5.262061163673732
3.060999999999774,0.3007521312446101,-0.32387685524253623,5.219040899186246,5.114938904049648,5.0382066133500985,4.883349153776057,4.526890751190919,4.211418921528881,3.9350051919828477,9.718496246838493,2.81690727248392,2.271546056553967,1.6325778264045325,1.0569726332109721,0.5371853452385216,-0.043082181887922906,5.916827073476234,-0.48355839284238494,5.7238803027291585,5.7452279409447815,-0.600637916843884,-0.5880305855313708,-0.43566622431802027,-0.5314652685120214,-0.6516297498408669,-0.8376593327575866,-0.8899472818572522,-0.9275182862776522,-1.0380364263039923,5.230827304068012,-1.1736604424300792,5.01317790308334,-1.3811730188328908,4.8195022239259036,4.430844963780828,-2.2904518198043418,3.658875953715464,-3.1241911704230776,2.7952189840064428,2.361271864821683,2.1665071426330123,2.117802727037627,2.0124140695228228,1.778234348809286,1.4928911334533508,7.48086739288282,0.9201172440488871,0.8214601145134431,7.082057879762597,0.8192251590166285,0.681372526616477,0.48179122875827834,0.5055297924140075,0.47503977838678896,0.48711405062601737,0.5831808331351709,0.5936438025401032,6.748160214123175,0.2111082884762175,6.358652608858393,6.271108600242016,6.148114008118867,5.903966195065622,5.738241520019512,5.612010147212375,5.648958799741691,5.862885401996079,5.983067119523624,5.937634330848898,5.916467862690377,5.774368620159122,5.5952180954737,5.512560771937939,5.3888596429468345,5.059404105193729,4.737416965977721,4.184247985174607,4.0040925068647635,3.7056032366029314,3.387242878878975,3.101185933107301,2.79150468505123,2.7404534904111513,2.7069147638340167,2.613700329540695,2.307061278668986,2.0606400181497557,1.913600070521511,1.824503715749939,1.6034685986799984,1.3300980688610708,7.406970184027078,7.125895853662773,6.8285441514843965,6.391385320704804,6.055610951900116,-0.5157052370281183,5.536522920810859,5.5069550742093165,-0.8399778568287779,5.350938513691678,5.265294974562848
3.070999999999773,0.3005411777258397,-0.32316300931587905,5.222347850413546,5.118285242187698,5.0415458780068825,4.886626836873305,4.530038768240147,4.214369078570406,3.9376865071112817,9.720800736112482,2.8187184284535514,2.272808101581808,1.6331791840194787,1.0568805408394917,0.536377397668387,-0.04466417505828466,5.914550957961878,-0.4864927344081935,5.720310272211427,5.741058702730038,-0.6053585706001813,-0.5932407991601341,-0.4413001463267916,-0.5374412448310047,-0.6578652067597556,-0.8440708608224335,-0.8964484006979332,-0.9340287297915029,-1.0444811509774632,5.224515327774443,-1.1797792269239706,5.007301853194459,-1.3867653324801008,4.81422395722828,4.425928685329855,-2.294984022910032,3.65471647922213,-3.127952348221273,2.7918222913367576,2.3582358305947575,2.163787704849114,2.115376214821247,2.010263685109333,1.7763491770203566,1.4912602367110288,7.479480934950304,0.9189684614701081,0.8205412455957709,7.081373740949531,0.8187871335338638,0.6811994090847395,0.4819064434562982,0.5059503345746863,0.47578903276424633,0.48821385237894377,0.5846513871687118,0.5954964755709852,6.750403892511579,0.2137490055601108,6.3616669895271984,6.274469635163847,6.151787160841996,5.907911532705718,5.7423990630157835,5.6163160427889665,5.65334462575578,5.867281274672976,5.987402051641435,5.941840612972036,5.920482351862252,5.778132700218792,5.5986825344667075,5.515693157048057,5.391634302862498,5.061791582914053,4.739420255548277,4.185840215291362,4.0053572482548665,3.7065702201015833,3.387958489444329,3.101706719478035,2.7918872573914406,2.740760495903164,2.707200991106211,2.614017033683963,2.3074578198835187,2.061155153380223,1.914263280779126,1.82533814324006,1.6044953257143555,1.3313307838061705,7.408410979775526,7.127549905431549,6.830410570734043,6.393471471452653,6.057901949923475,-0.5132199152912983,5.539190605328977,5.509789196990456,-0.8369914639191798,5.354058621044242,5.268524202066975
3.0809999999997717,0.30032382993053824,-0.32243545261359596,5.2256491143738195,5.12162475156723,5.044877201500605,4.889895565311508,4.533176960694252,4.217308832208882,3.94035718851018,9.723094718754625,2.82051962439927,2.274061167310822,1.6337729574746456,1.056782601907061,0.5355656080545443,-0.046247783088099986,5.912275489308391,-0.4894241535665779,5.716745367270377,5.7368966496480995,-0.6100702638414215,-0.5984405870402416,-0.44692251913059977,-0.5434050057986454,-0.6640881949124479,-0.850470066673298,-0.9029376980218271,-0.9405281612787872,-1.0509159256676008,5.21821206911584,-1.1858906479077738,5.001431773079023,-1.3923530599063059,4.808948960958968,4.4210143229048615,-2.2995155641645657,3.650556645230998,-3.1317148278439775,2.7884236363758417,2.355197354063087,2.1610656159653794,2.1129470596600184,2.0081108586808507,1.7744619518258449,1.4896278533532958,7.478093703063383,0.9178197136520826,0.819623243184204,7.0806912794069055,0.8183515121760403,0.6810292652902946,0.4820249836882299,0.50637430262213,0.47654151100512093,0.4893163699353905,0.5861238531241474,0.5973499728851065,6.752647047682175,0.216387631602187,6.3646776880470295,6.277825418953263,6.155453576124509,5.9118487811414475,5.746547443440522,5.62061201682655,5.657720123551949,5.871666780269478,5.991726958212176,5.946037575420427,5.9244885681970425,5.781889859942687,5.602141656182055,5.5188219943995325,5.394407289985099,5.064179344068523,4.741425717408794,4.187436506984481,4.0066275301212855,3.707543961470541,3.388681739866956,3.1022356528384476,2.7922781086104154,2.7410755630807904,2.707494753511505,2.614340490735443,2.307860105118246,2.0616749377848262,1.9149300499096993,1.826175102859916,1.605523646687025,1.3325642966623543,7.409851965725027,7.129203692537808,6.832276405158459,6.395556783317557,6.060191893671899,-0.5107359021096307,5.54185663021032,5.512621179826766,-0.8340078631288332,5.35717510855474,5.271748829647665
3.0909999999997706,0.300100147159039,-0.3216941463736167,5.2289446839297495,5.124957436112151,5.048200599851488,4.893155367333853,4.536305368536495,4.220238231959016,3.943017292350013,9.725378254683918,2.8223109204625247,2.2753053104445553,1.6343591967144675,1.0566788569029533,0.5347500053402517,-0.04783299015475462,5.910000669522249,-0.4923526625466473,5.71318556201707,5.732741743309585,-0.6147730449703713,-0.6036300049727644,-0.45253340298806066,-0.5493566124580559,-0.670298772904845,-0.8568570035437595,-0.9094152194264925,-0.9470166170683472,-1.0573407765146936,5.211917512113167,-1.191994711683694,4.995567664901575,-1.3979361919464135,4.803677249633472,4.416101895680426,-2.304046420906275,3.646396476579678,-3.1354785825202147,2.7850230470835147,2.3521564641124852,2.158340905169516,2.110515290380383,2.0059556177191706,1.7725726979281315,1.4879940035510166,7.476705711020431,0.9166710063639416,0.8187061041064613,7.080010482374313,0.8179182725964927,0.6808620639214261,0.4821468107075117,0.5068016528996097,0.47729716738680356,0.49042155861777836,0.587598190445954,0.599204260991166,6.754889655909518,0.2190241549399214,6.367684705213757,6.281175964785945,6.1591132789314536,5.9157779761436675,5.75068670566294,5.624898119931719,5.662085347435722,5.876041974278595,5.99604189334085,5.950225268497148,5.928486555922072,5.785640135489719,5.6055954870076246,5.5219472992633545,5.3971786076442365,5.066567379642796,4.743433330523616,4.1890368276043475,4.007903310560115,3.708524411808092,3.389412577129126,3.1027726793460504,2.792677187482937,2.741398646379073,2.7077960138756714,2.6146706739836327,2.308268119815475,2.062199368781181,1.9156003859430026,1.8270146110847174,1.6065535838832128,1.333798632199748,7.411293165548829,7.130857234260714,6.834141666956522,6.397641259265984,6.062480776764602,-0.508253212298337,5.54452097419287,5.515450997801677,-0.8310270798160238,5.360287953851509,5.274968841179268
3.1009999999997695,0.29987018874995974,-0.32093905094126907,5.232234552240707,5.128283299904229,5.051516089086128,4.89640627103881,4.539424031463727,4.223157326938198,3.9456668743298313,9.727651403310507,2.824092376277865,2.276540587215043,1.6349379512749365,1.056569345989573,0.5339306182368754,-0.04941978056355665,5.907726500593964,-0.49527827347483955,5.709630830780123,5.728593945648667,-0.619466961984059,-0.6088091082966667,-0.45813285767077744,-0.5552961253789431,-0.6764969989184587,-0.8632317243239391,-0.9158810102694541,-0.9534941333646626,-1.0637557296509765,5.2056316406937695,-1.19809142472712,4.989709530605824,-1.4035147196702769,4.798408837549398,4.411191422651896,-2.308576570601325,3.6422359980262327,-3.1392435855242997,2.781620551383709,2.3491131895749158,2.15561360155778,2.1080809356674823,2.0037979895131697,1.7706814397955362,1.4863587072232125,7.475316972382784,0.9155223451883053,0.8177898250837512,7.07933133708867,0.8174873925627774,0.6806977738998565,0.48227188610759425,0.5072323421666655,0.47805595664436995,0.491529374208331,0.5890743590024328,0.6010593067514589,6.757131693722401,0.2216585640436854,6.370688041837667,6.28452128574242,6.1627662940367385,5.919699153211873,5.75481689372567,5.629174402351171,5.666440351338475,5.88040691182012,6.00034691077296,5.954403742170274,5.9324763589648795,5.789383562764284,5.609044053133531,5.525069086783683,5.399948259125625,5.068955680670493,4.745443074004543,4.190641144753135,4.009184548013219,3.7095115226362605,3.3901509486886328,3.1033177456502083,2.7930844432506094,2.7417297006340795,2.708104735321511,2.6150075568791302,2.3086818494179884,2.0627284436262183,1.9162742966058377,1.8278566839762942,1.6075851591048345,1.3350338146875642,7.412734602457499,7.13251054950842,6.836006368091103,6.399724902201108,6.064768592929784,-0.5057718604067141,5.547183616405214,5.518278626468357,-0.8280491388394531,5.363397135040368,5.278184220943002
3.1109999999997684,0.299634014078254,-0.32017012577633064,5.235518712758684,5.131602347181141,5.054823685237716,4.899648304382357,4.542532988890302,4.226066165871542,3.94830598968278,9.729914223541094,2.8258640509777835,2.2777670533868744,1.6355092702867835,1.0564541090048252,0.5331074752255238,-0.051008138746765214,5.905452984498265,-0.4982009983756926,5.706081148103885,5.7244532189201225,-0.6241520624777215,-0.6139779518935621,-0.46372094246856016,-0.5612236046627821,-0.6826829307149773,-0.8695942815638955,-0.9223351156699838,-0.959960746247763,-1.0701608111986545,5.199354438694906,-1.204180793682018,4.983857371919575,-1.4090886343782183,4.793143738789785,4.406282922636923,-2.3131059908441793,3.6380752342470073,-3.143009810179218,2.7782161771607528,2.3460675592253506,2.152883734133063,2.1056440240649072,2.0016380011603894,1.7687882016656082,1.4847219840415768,7.473927500479739,0.9143737355259591,0.816874402734374,7.0786538307861715,0.8170588499566573,0.6805363643786945,0.4824001718180784,0.5076663275939965,0.47881783396486494,0.49263977294344424,0.5905523190807898,0.6029150773781584,6.759373137901659,0.22429084751627454,6.373687698744423,6.287861394810129,6.166412646025864,5.923612347577246,5.758938051347739,5.633440913974377,5.6707851888196865,5.8847616476425,6.004642063896149,5.9585730460744575,5.93645802095485,5.793120177418075,5.612487380554049,5.528187371979717,5.402716247672675,5.071344238234189,4.747454927110921,4.192249426283644,4.010471201265679,3.7105052458968713,3.3908968024736668,3.103870798886232,2.793499825615768,2.7420686810773023,2.7084208812644346,2.6153511130320064,2.309101279368763,2.0632621594183624,1.9169517893264694,1.8287013371893424,1.608618393677969,1.3362698679019298,7.414176299206215,7.134163656823969,6.837870520292848,6.401807714963838,6.0670553360029364,-0.5032918607222883,5.549844536360481,5.521104041842493,-0.8250740645657989,5.366502630697542,5.2813949536210805
3.1209999999997673,0.2993916825533228,-0.319387329460011,5.238797159224248,5.134914582334522,5.058123404346221,4.902881495180149,4.545632279951929,4.228964797096807,3.9509346931815204,9.732166773784295,2.8276260031975236,2.2789847642612266,1.636073202478658,1.056333185464487,0.5322806045586822,-0.052598049262625325,5.903180123194283,-0.5011208491726239,5.702536488746618,5.720319525696397,-0.6288283936487208,-0.6191365901924174,-0.46929771619457555,-0.5671391099479076,-0.6888566256407531,-0.8759447274769542,-0.9287775805108458,-0.9664164916731415,-1.076556047267972,5.193085889867224,-1.2102628253564318,4.97801119035956,-1.4146579275966569,4.787881967226338,4.4013764142769825,-2.317634659358045,3.633914209834543,-3.1467772298599126,2.7748099522557768,2.3430196017787344,2.1501513318030554,2.103204583974473,1.9994756795686004,1.766893007548343,1.483083853434888,7.472537308413458,0.9132251826004208,0.815959833577239,7.077977950704203,0.8166326227740851,0.6803778047404185,0.48253163010092565,0.5081035667584448,0.4795827549816869,0.49375271150814765,0.5920320313822863,0.6047715404296357,6.76161396547801,0.22692099409240937,6.3766836767759925,6.291196304885417,6.170052359298607,5.927517594205655,5.7630502219275,5.63769770433621,5.675119913069189,5.8891062361247375,6.008927405741867,5.962733229512515,5.94043158522488,5.796850014851865,5.615925495069519,5.531302169747524,5.405482576487996,5.073733043466371,4.749468869249674,4.193861640298135,4.01176322944326,3.7115055339476406,3.3916500868777377,3.1044317866695565,2.7939232847354885,2.742415543330171,2.7087444154081406,2.615701316209237,2.309526395110706,2.0638005130996873,1.9176328712389998,1.829548585977574,1.6096533084601916,1.3375068151335905,7.415618278101944,7.13581657439109,6.83973413506389,6.40388970033384,6.069340999925173,-0.5008132272748967,5.5525037139503635,5.523927220395204,-0.8221018808771537,5.369604419862689,5.284601024290949
3.130999999999766,0.29914325361718513,-0.318590619701872,5.2420698856625645,5.138220009908025,5.0614152624585556,4.906105871109641,4.548721943509442,4.231853268569266,3.9535530391435847,9.734409111955937,2.829378291079851,2.280193774679896,1.6366297961803038,1.056206614564585,0.5314500342618494,-0.05418949679440738,5.900907918625715,-0.5040378376887216,5.698996827678663,5.7161928288646795,-0.6334960023004345,-0.624285077174207,-0.4748632371904272,-0.573042700414526,-0.6950181406312089,-0.8822831139429733,-0.9352084494400059,-0.9728614054716702,-1.0829414639553223,5.186825977878148,-1.2163375267180825,4.972170987236131,-1.4202225910738304,4.782623536522609,4.396471916038863,-2.3221625539952746,3.629752949295563,-3.150545817996449,2.771401904463232,2.339969345887042,2.1474164233784645,2.100762643656018,1.9973110514573336,1.7649958812293334,1.4814443345933233,7.471146409063744,0.912076691462402,0.8150461140353013,7.0773036840832,0.8162086891251762,0.6802220645948979,0.4826662235467385,0.5085440176380716,0.48035067576906965,0.494868147030655,0.5935134570174578,0.6066286638068199,6.763854153729888,0.22954899263821557,6.379675976791528,6.294526028775477,6.173685458071649,5.931414927800603,5.767153448545538,5.6419448226195765,5.679444576909426,5.893440731278294,6.013202988987053,5.966884341457049,5.944397094813035,5.800573110217296,5.61935842228822,5.5344134948618375,5.40824724873489,5.076122087550336,4.751484879975314,4.195477755147116,4.013060592009875,3.712512339558309,3.392410750754667,3.1050006570900033,2.7943547712156884,2.7427702433986574,2.709075301740372,2.6160581403321927,2.309957182086412,2.0643435014580582,1.9183175491876812,1.830398445199778,1.610689923847794,1.3387446791954896,7.417060561010517,7.137469320039907,6.8415972236815055,6.4059708610305215,6.071625578741605,-0.49833597384070283,5.55516112943927,5.526748139046045,-0.819132611178348,5.372702482032034,5.287802418419588
3.140999999999765,0.29888878674270525,-0.31777995334669207,5.245336886379457,5.141518634595391,5.064699275628718,4.909321459712132,4.551802018152493,4.234731627866469,3.9561610814366497,9.736641295484294,2.8311209722797837,2.281394139029293,1.637179099325729,1.0560744351837685,0.5306157921351746,-0.055782466149452536,5.8986363727209765,-0.5069519756475435,5.695462140080604,5.712073091623988,-0.6381549348461111,-0.6294234663765166,-0.48041756333116753,-0.5789344347896491,-0.7011675322151698,-0.8886094925115486,-0.9416277668723068,-0.9792955233495169,-1.0893170873414015,5.180574686315186,-1.2224049048900731,4.966336763657874,-1.4257826167756182,4.7773684601371,4.391569446216139,-2.3266896527377483,3.625591477049033,-3.1543155480770864,2.767992061527524,2.3369168201364348,2.144679037571304,2.098318231227222,1.9951441433593924,1.7630968462728531,1.4798034464726755,7.4697548150927195,0.9109282669941647,0.8141332404389154,7.076631018168465,0.8157870272341823,0.6800691137774487,0.4828039150711107,0.5089876386073231,0.48112155283666086,0.4959860370770029,0.5949965575014002,0.608486415749602,6.76609368018129,0.23217483215068033,6.382664599668193,6.297850579200232,6.177311966381143,5.935304382806133,5.771247773967544,5.646182317658038,5.683759232797721,5.897765186749031,6.017468865955855,5.971026430552071,5.948354592464218,5.804289498418658,5.622786187628235,5.537521361977818,5.411010267538767,5.078511361721056,4.753502938989904,4.197097739428137,4.01436324876505,3.713525615906796,3.39317874341363,3.105577358706122,2.794794236105326,2.7431327376679775,2.7094135045287566,2.6164215594741873,2.310393625737947,2.064891121129246,1.9190058297311703,1.8312509293257877,1.6117282597828921,1.3399834824302261,7.41850316936358,7.139121911252545,6.8434597972017075,6.408051199714029,6.073909066599721,-0.495860113946142,5.557816763458538,5.529566775156151,-0.8161662784041562,5.375796797151613,5.290999121857894
3.150999999999764,0.2986283414318779,-0.31695528638128256,5.2485981559575166,5.144810461238529,5.067975459917899,4.9125282883947845,4.554872542203178,4.237599922192946,3.9587588734837427,9.73886338131525,2.8328541039692814,2.2825859112444347,1.637721159456373,1.0559366858856913,0.5297779057550946,-0.057376942258224005,5.896365487393354,-0.5098632746739251,5.691932401341449,5.707960277482268,-0.6428052373127005,-0.6345518108980971,-0.48596075203024286,-0.5848143713519524,-0.7073048565191195,-0.894923914405157,-0.9480355769911091,-0.9857188808880649,-1.0956829434894007,5.174331998689175,-1.2284649671466894,4.960508520536094,-1.431337996881454,4.772116751326309,4.38666902293063,-2.3312159336972154,3.621429817424296,-3.1580863936512404,2.7645804511397496,2.3338620530445064,2.1419392029932425,2.095871374663452,1.9929749816223419,1.7611959260248764,1.478161207798476,7.468362538949383,0.9097799139137785,0.8132212090291113,7.075959940211938,0.8153676154394554,0.6799189223469232,0.4829446679110451,0.5094343884322841,0.48189534312419396,0.49710633964577566,0.5964812947491246,0.6103447648332745,6.76833252259963,0.23479850175708766,6.385649546301959,6.301169968794166,6.18093190808523,5.939185993409683,5.775333240647161,5.6504102379384005,5.688063932828532,5.9020796558191435,6.021725088621348,5.975159545114653,5.952304120631852,5.807999214114665,5.62620881631929,5.540625785632777,5.413771635988541,5.080900857265983,4.755523026142986,4.19872156198454,4.015671159841395,3.7145453165753897,3.3939540146142684,3.1061618405396136,2.7952416308906916,2.743502982897385,2.709758988316733,2.61679154785808,2.310835711506646,2.065443368599025,1.9196977191467262,1.8321060524423638,1.6127683357604217,1.3412232467173926,7.419946124165422,7.140774365168648,6.845321866462783,6.410130718986203,6.076191457747813,-0.4933856608718037,5.560470597000768,5.532383106521468,-0.81320290502639,5.378887345610603,5.2941911208351495
3.160999999999763,0.29836197721416785,-0.3161165739412612,5.2518536892522505,5.1480954948256095,5.071243831394582,4.91572638443258,4.557933553719593,4.240458198384825,3.961346468268366,9.741075425917433,2.8345777428419057,2.2837691448129047,1.6382560237242654,1.0557934049213877,0.5289364024759727,-0.05897291017336374,5.894095264541143,-0.512771746294794,5.688407587056788,5.703854350253509,-0.64744695534465,-0.6396701634033696,-0.4914928602443724,-0.5906825679365568,-0.7134301692713825,-0.9012264305222429,-0.9544319237499033,-0.992131513543837,-1.1020390584432405,5.168097898437443,-1.2345177209092957,4.954686258589213,-1.4368887237803312,4.766868423147714,4.381770664133819,-2.3357413751156155,3.6172679946592665,-3.1618583283323503,2.7611671009345455,2.3308050730576295,2.139196948154015,2.0934221017976222,1.9908035924099758,1.7592931436160375,1.4765176370700237,7.466969592874083,0.9086316367792769,0.8123100159607914,7.07529043747392,0.8149504321934076,0.6797714605838338,0.483088445621436,0.5098842262660156,0.48267200399625226,0.4982290131629139,0.5979676310709755,0.6122036799650125,6.770570658993603,0.23741999071443365,6.3886308176083535,6.304484210108102,6.184545306866507,5.943059793544904,5.779409890728795,5.6546286316033205,5.692358728735739,5.90638419140913,6.025971708607288,5.979283733136594,5.956245721479561,5.81170229172022,5.629626333404546,5.543726780247858,5.416531357137964,5.083290565525827,4.757545121431473,4.200349191904208,4.016984285702088,3.7155713955469705,3.3947365145618473,3.1067540520698342,2.7956969074897877,2.743880936215057,2.710111717919546,2.6171680798539385,2.311283424832934,2.066000240205256,1.9203932234343513,1.8329638282589844,1.6138101708350245,1.3424639934807971,7.421389445999714,7.142426698590814,6.847183442088769,6.41220942139154,6.078472746533425,-0.4909126276562465,5.563122611414241,5.535197111366118,-0.8102425130608808,5.381974108234767,5.29737840195356
3.170999999999762,0.2980897536449052,-0.3152637703177908,5.2551034813882875,5.151373740489169,5.074504406134604,4.918915774970226,4.560985090499313,4.2433065029143675,3.9639239183395563,9.743277485287262,2.83629194511743,2.2849438927787973,1.6387837388951774,1.0556446302316482,0.5280913094317332,-0.06057035506875408,5.891825706047778,-0.5156774019399917,5.684887673026956,5.699755274054858,-0.6520801342076725,-0.6447785761268807,-0.49701394447836234,-0.5965390819397376,-0.7195435258062381,-0.9075170914402498,-0.9608168508738872,-0.9985334566484196,-1.1083854582258441,5.161872368926898,-1.2405631737423257,4.948869978347064,-1.442434790066896,4.761623488462679,4.3768743876082805,-2.3402659553653677,3.6131060328987097,-3.165631325800648,2.757752038487035,2.3277459085483776,2.1364523014598946,2.0909704403200773,1.9886300017037593,1.7573885219645224,1.4748727525643286,7.465575988902862,0.9074834399927185,0.8113996573058546,7.074622497224762,0.814535456062467,0.679626698988509,0.48323521207161585,0.510337111643979,0.48345149323712217,0.499354016476607,0.5994555291681162,0.6140631303803926,6.7728080676110585,0.24003928840882222,6.39160841452317,6.307793315610938,6.188152186234431,5.946925816894429,5.783477766050399,5.658837546453876,5.696643671894893,5.910678846079754,6.030208777189875,5.983399042286098,5.960179436882866,5.815398765408177,5.6330387637424195,5.546824360129701,5.419289434006944,5.085680477895283,4.759569204999516,4.201980598518289,4.018302587138339,3.716603807201264,3.395526193902482,3.1073539432283694,2.7961600182468027,2.744266555113066,2.7104716584203326,2.61755112997675,2.311736751156164,2.0665617321399408,1.9210923483208753,1.8338242701135523,1.6148537836278307,1.3437057436955684,7.422833155036122,7.144078927989936,6.849044534492881,6.414287309418132,6.080752927401822,-0.4884410270997524,5.56577278839742,5.5380087683358505,-0.8072851240743505,5.385057066279994,5.3005609521828685
3.1809999999997607,0.2978117303037339,-0.3143968289642879,5.258347527755621,5.15464520350422,5.077757200221215,4.922096487024016,4.564027190082823,4.246144881894445,3.9664912758168716,9.745469614953945,2.837996766546417,2.2861102077466415,1.6393043513517669,1.055490399449396,0.5272426535374962,-0.062169262238586404,5.8895568137819545,-0.5185802529431006,5.681372635255213,5.695663013303771,-0.6567048187924824,-0.6498771008777091,-0.5025240607898561,-0.6023839703235632,-0.7256449810679622,-0.9137959474185934,-0.9671904018615193,-1.004924745408393,-1.1147221688374505,5.155655393457057,-1.2466013333493622,4.943059680155086,-1.44797618853763,4.756381959939321,4.3719802109690535,-2.3447896529496353,3.608943956192568,-3.169405359805838,2.7543352913098778,2.3246845878130453,2.133705291212217,2.088516417778497,1.986454235304253,1.7554820837789091,1.473226572339962,7.464181738871731,0.9063353278041532,0.8104901290562432,7.073956106746502,0.8141226657270252,0.6794846082792798,0.4833849314419652,0.510793004479538,0.484233769045735,0.5004813088522653,0.6009449521280751,0.6159230856399528,6.775044726936885,0.24265638435484352,6.39458233800314,6.311097297691315,6.191752569527681,5.950784096892594,5.787536908146226,5.663037029952125,5.7009188133255115,5.914963672034041,6.034436345299538,5.98750551990947,5.964105308430878,5.8190886691110935,5.636446132008336,5.549918539472063,5.4220458695828055,5.088070585823717,4.761595257138318,4.203615751399904,4.019626025266901,3.717642506311124,3.3963230037184116,3.1079614643936986,2.7966309159266727,2.7446597974424463,2.710838775166269,2.6179406728841883,2.3121956759144755,2.0671278404512647,1.921795099263986,1.8346873909780177,1.6158991923331292,1.3449485178951492,7.424277271036822,7.145731069510451,6.850905153880879,6.416364385498577,6.083031994894495,-0.4859708717680158,5.568421109993567,5.540818056491605,-0.8043307591911762,5.388136201425932,5.303738758855049
3.1909999999997596,0.297527966793113,-0.31351570250311295,5.261585824005892,5.157909889286374,5.081002229745091,4.92526854748364,4.567059889756855,4.248973381082932,3.9690485923953074,9.747651869984432,2.839692262414758,2.2872681418853,1.6398179070967134,1.0553307499020594,0.5263904614912119,-0.06376961709643476,5.887288589597741,-0.5214803105422766,5.677862449945912,5.691577532715166,-0.6613210536185,-0.6549657890438251,-0.5080232647940213,-0.6082172896204611,-0.7317345896148028,-0.9200630484015844,-0.9735526199860378,-1.0113054149052647,-1.1210492162539663,5.149446955262994,-1.2526322075693102,4.937255364178424,-1.4535129121871142,4.7511438500553025,4.367088151665035,-2.3493124465025574,3.6047817884943654,-3.1731804041696785,2.7509168868504195,2.3216211390692445,2.1309559456059715,2.08606006157782,1.9842763188325148,1.753573851560944,1.4715791142408277,7.46278685442082,0.9051873043154959,0.8095814271269198,7.07329125333446,0.8137120399813809,0.6793451593906966,0.4835375682205816,0.5112518650595432,0.48501879003069437,0.5016108499675727,0.6024358634203567,0.6177835156257873,6.7772806156909065,0.24527126819493428,6.397552589026568,6.314396168659257,6.195346479916475,5.954634666728127,5.79158735824956,5.667227129223664,5.705184203693336,5.919238721119265,6.038654463522731,5.991603213032822,5.9680233774280085,5.822772036522972,5.639848462696483,5.553009332357404,5.424800666821503,5.090460880815816,4.7636232582859455,4.20525462036284,4.020954561527547,3.718687448038849,3.397126895523334,3.1085765663859206,2.7971095537097215,2.745060621408342,2.711213033764803,2.618336683374432,2.3126601845446664,2.067698561045614,1.9225014814562034,1.8355532034639153,1.6169464147249424,1.3461923361781774,7.4257218133629035,7.147383138975515,6.852765310254372,6.418440652010905,6.085309943647677,-0.48350217399577194,5.571067558585418,5.54362495530318,-0.8013794391000494,5.391211495769729,5.306911809659075
3.2009999999997585,0.2972385227368693,-0.31262034273224176,5.264818366048729,5.1611678033899855,5.084239510804356,4.928431983113956,4.570083226557691,4.251792045887027,3.9715959193501473,9.749824304988309,2.8413784875481727,2.28841774693185,1.6403244517558446,1.0551657186139407,0.5255347597752901,-0.0653714051743355,5.885021035334694,-0.5243775858810861,5.674357093502669,5.687498797298586,-0.6659288828375264,-0.6600446915964002,-0.5135116116681753,-0.6140390959377175,-0.7378124056228904,-0.9263184440212993,-0.9799035482969579,-1.0176755000954065,-1.127366626425353,5.143247037518236,-1.258655804372652,4.931457030405941,-1.4590449542043746,4.745909171100572,4.362198226980325,-2.3538343147894625,3.600619553659668,-3.176956432788482,2.74749685248793,2.318555590453589,2.1282042927284333,2.083601398980187,1.9820962777314832,1.7516638476082627,1.469930395899846,7.461391346998452,0.9040393734843124,0.808673547358772,7.072627924298802,0.8133035577336768,0.6792083234717768,0.4836930872000093,0.5117136540399934,0.48580651520538787,0.5027425999076178,0.6039282268921123,0.6196443905381822,6.779515712825782,0.24788392969872156,6.400519168593926,6.317689940747749,6.198933940404828,5.9584775593467905,5.795629157295401,5.6714078910601575,5.709439893312615,5.923504044828966,6.042863182103753,5.995692168363797,5.9719336848956655,5.826448901101002,5.643245780121538,5.556096752758451,5.427553828648827,5.092851354432203,4.765653189027078,4.206897175460229,4.0222881576805705,3.719738587932529,3.397937821257793,3.109199200461564,2.7975958851863973,2.7454689855652394,2.7115944000799534,2.618739136384027,2.313130262482091,2.0682738896895807,1.9232114998288024,1.8364217198278212,1.6179954681634934,1.3474372182152574,7.427166800980676,7.14903515189209,6.854625013414092,6.42051611127946,6.087586768390905,-0.48103494589036633,5.573712116889959,5.54642944464301,-0.7984311840605296,5.394282931819837,5.310080092635755
3.2109999999997574,0.29694345777880216,-0.31171070063192996,5.268045150048118,5.16441895150629,5.087469059504566,4.931586820556709,4.573097237274378,4.254600921367512,3.9741333075417433,9.75198697412261,2.84305549631667,2.289559074195441,1.6408240305812516,1.0549953423085825,0.5246755746582281,-0.06697461212187261,5.882754152817949,-0.5272720900093466,5.670856542526545,5.683426772355397,-0.670528350237385,-0.6651138590940716,-0.5189891561563499,-0.6198494449619084,-0.7438784828900831,-0.9325621836003998,-0.9862432296215385,-1.0240350358099966,-1.1336744252740567,5.137055623337574,-1.26467213185779,4.925664678654131,-1.464572307969312,4.7406779351800585,4.357310454035568,-2.358355236707051,3.596457275444605,-3.180733419635522,2.744075215530938,2.315487970019453,2.1254503605578625,2.081140457104899,1.97991413726734,1.7497520940170592,1.4682804347425575,7.459995227865114,0.9028915391275136,0.8077664855214484,7.071966106966052,0.812897198005832,0.6790740718842794,0.4838514534740257,0.5121783324417718,0.48659690398318073,0.5038765191601005,0.6054220067638728,0.6215056808922871,6.781749997524928,0.25049435876235154,6.403482077728423,6.320978626114277,6.202514973832769,5.962312807453981,5.799662345923143,5.675579361921869,5.713685932148375,5.92775969430496,6.047062550946568,5.9997724322933,5.975836271573976,5.830119296067291,5.646638108420382,5.559180814539721,5.430305357961543,5.095241998290008,4.767685030092756,4.20854338698321,4.0236267758043,3.7207958819224234,3.3987557332846223,3.1098293183084604,2.7980898643520846,2.74588484881228,2.7119828402286843,2.6191480069858084,2.313605895160561,2.0688538220119406,1.9239251590556805,1.8372929519767307,1.619046369601574,1.3486831832556263,7.428612252467873,7.150687123455937,6.856484272963083,6.422590765575791,6.089862463945586,-0.47856919933526415,5.576354767953297,5.549231504780026,-0.795486013909498,5.3973504924899505,5.313243596172635
3.2209999999997563,0.296642831581336,-0.3107867263713768,5.271266172418825,5.1676633394615745,5.0906908919586815,4.934733086332214,4.5761019584519,4.257400052242936,3.9766608074202368,9.754139931096617,2.844723342638971,2.2906921745611224,1.6413166884543935,1.0548196574111282,0.5238129321962353,-0.0685792237052692,5.880487943858321,-0.5301638338839714,5.667360773814226,5.679361423475985,-0.6751194992455324,-0.6701733416871566,-0.524455952573795,-0.6256483919632637,-0.7499328748397491,-0.9387943161549052,-0.9925717065662268,-1.0303840567549654,-1.1399726386934688,5.130872695779826,-1.270681198247474,4.919878308570952,-1.4700949670492038,4.7354501542162915,4.3524248497892755,-2.362875191283557,3.592294977504452,-3.1845113387633597,2.7406520032146604,2.31241830573481,2.1226941769622485,2.0786772629284007,1.9777299225308527,1.7478386126846988,1.4666292479906486,7.4585985080973405,0.9017438049249679,0.8068602373161274,7.071305788680576,0.8124929399334664,0.6789423762010074,0.4840126324344845,0.5126458616464595,0.48738991617269073,0.5050125686106133,0.6069171676253398,0.6233673575148236,6.783983449200438,0.2531025454078033,6.4064413174765305,6.324262236842329,6.206089602878515,5.9661404435172845,5.803686964479208,5.6797415879401605,5.717922369818702,5.932005720339367,6.051252619616656,6.003844050897241,5.979731177923495,5.83378325441059,5.650025471553784,5.562261531459023,5.433055257628509,5.0976328040634025,4.769718762360079,4.210193225459579,4.024970378292609,3.7218592863173696,3.3995805843844398,3.110466872040699,2.798591445601997,2.746308170388661,2.7123783205773435,2.6195632703868603,2.314087068012278,2.0694383535056224,1.9246424635571775,1.8381669114733532,1.6200991355908174,1.3499302501337125,7.430058186019751,7.152339068556552,6.858343098309871,6.424664617119515,6.0921370252236065,-0.476104945993501,5.578995495145592,5.552031116373622,-0.7925439480675095,5.400414161092997,5.316402308998986
3.230999999999755,0.2963367038242237,-0.30984836931539206,5.274481429822854,5.170900973215339,5.093905024287018,4.937870806840993,4.57909742639428,4.260189482893732,3.9791784690302023,9.756283229176573,2.846382079986892,2.29181709849366,1.6418024698891924,1.0546387000506785,0.5229468582348543,-0.07018522580648431,5.8782224102523895,-0.5330528283698152,5.6638697643562095,5.675302716536971,-0.6797023729326387,-0.6752231891218236,-0.5299120548114251,-0.6314359917999695,-0.7559756345244888,-0.9450148903969166,-0.9988890215180771,-1.0367225975109478,-1.146261292546426,5.12469823785053,-1.2766830118853039,4.914097919639574,-1.4756129251952879,4.730225839951986,4.347541431039126,-2.367394157678883,3.588132683392269,-3.188290164306089,2.737227242698509,2.3093466254801527,2.1199357696981034,2.076211843284275,1.9755436584387032,1.7459234253122764,1.4649768526653997,7.457201198591518,0.9005961744230252,0.8059547983782189,7.070646956806016,0.8120907627658202,0.6788132082041394,0.4841765897682138,0.5131162033922181,0.4881855119731414,0.5061507095379979,0.6084136744312353,0.6252293915408323,6.786216047491027,0.2557084797821885,6.4093968889084785,6.327540784942842,6.209657850060591,5.969960499769018,5.807703053019661,5.6838946149199945,5.722149255597001,5.936242173376648,6.055433437342855,6.00790706993829,5.983618444126927,5.837440808888,5.65340789330807,5.5653389171689245,5.43580353049176,5.100023763484109,4.771754366851892,4.211846661652433,4.026318927852437,3.7229287578012182,3.4004123277511984,3.1111118141936447,2.7991005837261578,2.7467389098691113,2.712780807738175,2.6199849019265287,2.314573766467768,2.0700274795296463,1.9253634175038392,1.8390436095413307,1.6211537822878712,1.3511784372755893,7.431504619455097,7.153991001781998,6.860201498671561,6.426737668079176,6.094410447225947,-0.47364219731107765,5.581634282156089,5.554828260467725,-0.7896050055450468,5.4034739213352445,5.319556220180848
3.240999999999754,0.29602513420329735,-0.308895578031077,5.277690919165952,5.174131858858486,5.0971114726171916,4.941000008365371,4.5820836771676285,4.262969257366273,3.9816863420152444,9.758416921190355,2.8480317613896937,2.29293389604132,1.6422814190351134,1.0544525060626408,0.5220773784105776,-0.0717926044223162,5.875957553782583,-0.535939084240524,5.6603834913350015,5.671250617698466,-0.6842770140161343,-0.6802634507442145,-0.5353575163402062,-0.6372122989224037,-0.7620068146297962,-0.9512239547372949,-1.0051952166461453,-1.0430506925332388,-1.1525404126637464,5.118532232504574,-1.2826775812323183,4.908323511182031,-1.4811261763394163,4.725005003952568,4.342660214423262,-2.3719121151847147,3.5839704165575954,-3.1920698704815034,2.733800961063692,2.3062729570464735,2.1171751664093135,2.0737442248632614,1.9733553697347934,1.744006553407129,1.463323265591058,7.455803310067586,0.8994486510379647,0.805050164280002,7.069989598726694,0.8116906458656685,0.6786865398835842,0.4843432914539673,0.5135893197697444,0.4889836519697926,0.5072909036097724,0.6099114924972098,0.6270917544104537,6.788447772259979,0.25831215215703823,6.412348793118729,6.330814282355613,6.213219737739918,5.973773008208689,5.811710651312788,5.688038488342413,5.7263666384142775,5.940469103515648,6.059605053019234,6.011961534867639,5.987498110090842,5.841091992026689,5.656785397296772,5.568412985218189,5.43855017936755,5.102414868341868,4.773791824736435,4.213503666558789,4.027672387501322,3.7240042534293094,3.4012509169877845,3.111764097719029,2.7996172339044496,2.7471770271594456,2.713190268565893,2.620412877074476,2.3150659759558425,2.0706211953110536,1.9260880248201337,1.8399230570703815,1.6222103254604747,1.3524277627053307,7.4329515702221345,7.15564293742368,6.862059483076892,6.42880992057308,6.096682725041332,-0.47118096452029834,5.584271112988229,5.557622918484948,-0.7866692049486775,5.4065297573104765,5.3227053191161495
3.250999999999753,0.29570818242926455,-0.30792830029452145,5.280894637594146,5.177356002611513,5.100310253084033,4.944120717071036,4.585060746603133,4.26573941937686,3.984184475622515,9.76054105953208,2.8496724394383857,2.294042616839631,1.6427535796802344,1.0542611109910753,0.5212045181524599,-0.07340134566351064,5.873693376217253,-0.5388226121793839,5.656901932123309,5.667205093401311,-0.688843464863725,-0.6852941755045223,-0.5407923902154854,-0.6429773673773136,-0.7680264674776636,-0.9574215572882939,-1.0114903339028638,-1.0493683761517576,-1.158810024842798,5.1123746626487785,-1.2886649148636569,4.902555082362808,-1.4866347145907834,4.7197876576086495,4.3377812164215515,-2.376429043224613,3.5798082003452003,-3.19585043159318,2.7303731853108957,2.303197328133333,2.1144123946260307,2.0712744342132847,1.9711650809915362,1.7420880182852942,1.4616685033981378,7.4544048530726705,0.898301238059357,0.8041463305331988,7.0693337018489775,0.8112925687092283,0.6785623434353628,0.48451270375942773,0.5140651732182963,0.4897842971294461,0.508433112877629,0.6114105874958063,0.6289544178657478,6.790678603593113,0.2609135529275782,6.415297031226405,6.33408274095067,6.216775288121851,5.977578000605463,5.815709798841661,5.6921732533670015,5.7305745668614,5.94468656051164,6.063767515206961,6.016007490826779,5.991370215447404,5.844736836125585,5.6601580069622575,5.571483749053193,5.441295207047369,5.1048061104848745,4.775831117326973,4.215164211408202,4.029030720564933,3.7250857306249636,3.4020963061016714,3.1124236759801054,2.800141351701749,2.7476224824921913,2.713606670154326,2.6208471714287835,2.3155636819035585,2.07121949594681,1.926816289188118,1.8408052646213646,1.6232687804934467,1.3536782440512614,7.43439905540434,7.157294889481026,6.86391706036924,6.430881376670131,6.0989538538448995,-0.46872125864305414,5.5869059719548275,5.5604150722208425,-0.7837365644871156,5.409581653494267,5.3258495955298795
3.260999999999752,0.29538590822655386,-0.30694648309752914,5.284092582490339,5.180573410822723,5.103501381829501,4.947232959008556,4.588028670299991,4.2685000123156485,3.986672918707179,9.762655696166702,2.851304166289998,2.2951433101151237,1.6432189952543006,1.0540645500910284,0.5203283026837264,-0.07501143575387617,5.871429879310746,-0.5417034227801739,5.653425064282249,5.663166110364356,-0.6934017674968778,-0.6903154119610223,-0.546216729081266,-0.6487312508119285,-0.7740346450301272,-0.9636077458661517,-1.0177744150253913,-1.0556756825710119,-1.1650701548461033,5.106225511144396,-1.2946450214652965,4.896792632192335,-1.4921385342327247,4.714573812138459,4.332904453356858,-2.380944921354079,3.575646057993883,-3.1996318220324906,2.726943942358042,2.300119766346983,2.1116474817636157,2.068802497739506,1.9689728166111284,1.740167841073924,1.4600125825266468,7.4530058379846205,0.8971539386533525,0.8032432925914862,7.0686792536026,0.8108965108860587,0.6784405912600139,0.4846847932382617,0.5145437265217833,0.49058740879602647,0.5095772997730035,0.6129109254524802,0.6308173539475472,6.792908521796754,0.2635126726119908,6.4182416043757025,6.33734617252961,6.220324523258177,5.981375508500559,5.819700534806659,5.696298954834344,5.734773089191371,5.948894593778386,6.067920872136202,6.020044982649268,5.9952347995560915,5.848375373257068,5.6635257455773464,5.574551222019299,5.444038616298919,5.107197481820185,4.777872226081404,4.216828267661372,4.030393890674627,3.726173147176019,3.4029484495006237,3.113090502746879,2.8006728930631324,2.7480752364222973,2.714029979833122,2.6212877607140945,2.316066869736214,2.0718223764057004,1.9275482140510525,1.8416902424312733,1.624329162394576,1.3549298985521132,7.4358470917261625,7.158946871666099,6.865774239209584,6.4329520383906456,6.101223828896893,-0.466263090494053,5.589538843673345,5.563204703838237,-0.7808071019771905,5.412629594738335,5.328989039469361
3.2709999999997508,0.29505837133220253,-0.30595007265437163,5.287284751470926,5.183784089966446,5.106684875002568,4.950336760114857,4.590987483628291,4.271251079250507,3.9891517197368187,9.764760882634487,2.852926993671811,2.2962360246890423,1.6436777088317678,1.0538628583308665,0.5194487570233752,-0.07662286102940451,5.869167064803468,-0.5445815265480181,5.649952865559559,5.659133635581766,-0.6979519635942707,-0.6953272082840598,-0.551630585174425,-0.654474002478016,-0.7800313988927603,-0.9697825679936385,-1.024047501536944,-1.0619726458700725,-1.1713208283999772,5.100084760809577,-1.3006179098308657,4.891036159530416,-1.4976376297195804,4.709363478590222,4.328029941396264,-2.3854597292606035,3.57148401263533,-3.203414016280544,2.723513259038135,2.2970402991985717,2.1088804551216236,2.066328441704385,1.9667786008268069,1.7382460427136484,1.4583555192292474,7.451606275015487,0.8960067558658896,0.802341045852947,7.068026241441964,0.810502452098958,0.6783212559610247,0.4848595267272237,0.5150249428049248,0.49139294868623273,0.510723427102709,0.6144124727416733,0.6326805349923467,6.795137507395717,0.2661095018506682,6.421182513736267,6.340604588826884,6.223867465049076,5.985165563209633,5.823682898127983,5.700415637268457,5.738962253321584,5.953093252390198,6.0720651717079965,6.0240740548625356,5.999091901505423,5.8520076352686505,5.666888636246896,5.577615417362224,5.446780409867075,5.109588974314088,4.779915132601832,4.218495807008738,4.031761861764994,3.7272664612313875,3.4038073019884516,3.1137645321913956,2.8012118143091587,2.7485352498229116,2.714460165164514,2.6217346207797996,2.3165755248773374,2.072429831530195,1.9282838026169726,1.8425780004181531,1.625391485800426,1.3561827430630835,7.437295695558658,7.160598897408144,6.867631028079401,6.435021907707153,6.103492645541374,-0.4638064706839959,5.592169713061223,5.565991795861676,-0.7778808348497229,5.415673566264978,5.33212364129954
3.2809999999997497,0.29472563149479003,-0.3049390144085871,5.290471142382462,5.1869880466412654,5.109860748759103,4.953432146214679,4.593937221731841,4.273992662930829,3.991620926795775,9.766856670055503,2.8545409728855544,2.297320808981036,1.6441297631348306,1.053656070394596,0.5185659059877745,-0.07823560793739688,5.866904934421955,-0.5474569339002366,5.646485313887815,5.655107636320313,-0.7024940944952147,-0.7003296122599916,-0.5570340103288779,-0.6602056752358786,-0.78601678031811,-0.9759460709025627,-1.0303096347481038,-1.068259300002553,-1.177562071193199,5.093952394421762,-1.306583588858526,4.885285663089563,-1.5031319956736318,4.704156667844491,4.323157696552318,-2.389973446763694,3.567322087293016,-3.20719698891005,2.7200811620971743,2.293958954102406,2.1061113418828383,2.0638522922277636,1.9645824577040911,1.7363226439608928,1.4566973295743455,7.450206174214891,0.8948596926258328,0.8014395856624634,7.067374652847389,0.8101103721638511,0.678204310343284,0.4850368713433085,0.5155087855294732,0.49220087888526154,0.5118714580446398,0.6159151960829433,0.6345439336292271,6.797365541131312,0.26870403140545257,6.424119760503543,6.343858001511058,6.227404135245033,5.988948195825111,5.827656927448126,5.704523344879213,5.743142106836086,5.957282585083994,6.076200461496171,6.02809475168966,6.002941560114686,5.855633653784661,5.6702467019093765,5.580676348229361,5.449520590474788,5.111980579992451,4.781959818634132,4.220166801369068,4.0331345980714275,3.728365631297646,3.404672818760812,3.1144457188830947,2.8017580721312236,2.7490024838812332,2.7148971939401516,2.6221877275982672,2.3170896327487007,2.073041856038301,1.9290230578622063,1.84346854818595,1.6264557649820486,1.3574367940617946,7.438744882925021,7.162250979858043,6.869487435283543,6.43709098654519,6.105760299204965,-0.4613514096227009,5.594798565331307,5.568776331171929,-0.7749577801553111,5.418713553661594,5.335253391698378
3.2909999999997486,0.29438774847341503,-0.3039132530398189,5.293651753298374,5.1901852875682755,5.113029019261734,4.956519143021971,4.596877919530942,4.276724805791265,3.994080587589432,9.768943109134014,2.8561461548115563,2.2983977110128215,1.6445752005364342,1.0534442206841765,0.5176797741922549,-0.07984966303559611,5.864643489878916,-0.5503296551671981,5.643022387382667,5.651088080116725,-0.707028201203041,-0.7053226712950834,-0.5624270559796882,-0.6659263215582931,-0.7919908402090811,-0.9820983015362392,-1.036560855758114,-1.074535678796593,-1.1837939088757141,5.08782839472003,-1.3125420675479287,4.879541141438278,-1.5086216268820987,4.69895339061644,4.318287734684236,-2.39448605381488,3.5631603048811598,-3.2109807145871168,2.716647678192151,2.2908757583742765,2.1033401691123492,2.0613740752869605,1.9623844111420052,1.7343976653901545,1.455038029449114,7.448805545473353,0.8937127517480326,0.80053890731405,7.066724475326337,0.8097202510096737,0.6780897274115576,0.4852167944809512,0.5159952184904991,0.49301116184259974,0.5130213561435393,0.6174190625371446,0.6364075227768143,6.799592603959354,0.27129625215886993,6.427053345899103,6.347106422186028,6.230934555448723,5.992723437218491,5.831622661134318,5.708622121564752,5.747312696987833,5.961462640261374,6.080326788749246,6.032107117051179,6.006783813935659,5.859253460207897,5.6735999653384255,5.58373402767109,5.452259160823994,5.11437229094104,4.784006266067482,4.221841222888027,4.034512064127698,3.7294706162356523,3.405544955401061,3.1151340177842344,2.80231162358699,2.749476900094431,2.7153410341779898,2.622647057263111,2.317609178770341,2.073658444525399,1.9297659825348505,1.8443618950292853,1.6275220138506101,1.3586920676541647,7.440194669506043,7.163903131892723,6.871343468953041,6.439159276784081,6.108026785395595,-0.45889791752217707,5.597425385987331,5.571558293000604,-0.7720379545700299,5.421749542875281,5.338378281652294
3.3009999999997475,0.2940447820367135,-0.30287273247071106,5.296826582515689,5.193375819589326,5.1161897026797005,4.959597776141277,4.599809611725107,4.279447549955413,3.9965307494484423,9.771020250162849,2.8577425899128652,2.299466778411823,1.6450140630632737,1.0532273433218269,0.5167903860526945,-0.08146501299132522,5.862382732873297,-0.55319970059317,5.639564064341071,5.647074934775026,-0.7115543243884582,-0.7103064324193654,-0.5678097731671252,-0.6716359935343948,-0.79795362912227,-0.9882393065519177,-1.0428012054561466,-1.0808018159548503,-1.1900163670573731,5.08171274440739,-1.3184933549972357,4.8738025930042435,-1.5141065182942022,4.693753657458106,4.313420071499092,-2.398997530497704,3.558998688203721,-3.214765168072982,2.7132128338891093,2.2877907392298584,2.100566963756666,2.0588938167168807,1.9601844848742895,1.7324711273962308,1.453377634562455,7.447404398525515,0.8925659359363195,0.7996390060531322,7.066075696414608,0.8093320686782491,0.6779774803689864,0.4853992638092726,0.5164842058127388,0.493823760367885,0.5141730853068319,0.6189240395026628,0.6382712756402716,6.8018186770481845,0.27388615511335224,6.429983271170946,6.350349862392215,6.234458747116853,5.996491318042617,5.835580137280969,5.712712010913868,5.751474070700934,5.965633465990692,6.0844442003923485,6.036111194566892,6.010618701254339,5.862867085721287,5.6769484491443905,5.586788468642053,5.4549961235964615,5.116764099305802,4.786054456933879,4.2235190439367605,4.035894224763538,3.7305813752571972,3.4064236678761546,3.1158293842453695,2.8028724260958797,2.749958460265639,2.715791654119238,2.623112585987497,2.318134148360597,2.074279591466061,1.9305125791581974,1.845258049938163,1.628590245962933,1.3599485795801853,7.441645070645478,7.165555366119463,6.873199137047888,6.441226780257702,6.110292099701294,-0.4564460043996472,5.600050160819479,5.574337664924837,-0.7691213744010388,5.424781520207515,5.3414983024516625
3.3109999999997464,0.29369679196192006,-0.30181739587386247,5.2999956285518355,5.196559649665304,5.119342815188696,4.962668071069068,4.602732332795738,4.282160937239452,3.9989714593328944,9.773088143027715,2.859330328239332,2.30052805841478,1.6454463923987772,1.0530054721523205,0.5158977657870991,-0.08308164458063126,5.86012266509033,-0.5560670803371696,5.636110323239531,5.643068168363917,-0.7160725043928771,-0.7152809422904417,-0.5731822125406697,-0.6773347428735059,-0.8039051972712471,-0.9943691323231729,-1.0490307245225583,-1.0870577450544976,-1.196229471306696,5.075605426153015,-1.3244374604002098,4.8680700160774615,-1.519586665018289,4.688557478760587,4.308554722553024,-2.4035078570276838,3.554837259953449,-3.2185503242256748,2.709776655661284,2.28470392378316,2.097791752642882,2.056411542210143,1.9579827024705951,1.7305430501964072,1.4517161604478928,7.446002742953311,0.8914192477864246,0.7987398770787679,7.065428303677486,0.808945805324159,0.6778675426156053,0.48558424726937066,0.5169757119470029,0.49463863762683224,0.5153266098005185,0.6204300947116985,0.6401351657083263,6.804043741776711,0.27647373139045306,6.432909537593777,6.35358833360771,6.2379767315619645,6.0002518687339075,5.839529393712054,5.71679305620839,5.755626274572905,5.969795110009128,6.088552743029143,6.04010702755767,6.014446260092668,5.8664745612895395,5.680292175775842,5.589839684002406,5.457731481454629,5.119155997293127,4.7881043734076405,4.225200237110454,4.037281045102235,3.731697867921681,3.4073089125325975,3.1165317740009026,2.8034404374346438,2.750447126500007,2.716249022225362,2.623584290102492,2.318664526936152,2.0749052912158406,1.9312628500341162,1.8461570216026073,1.6296604745269512,1.361206345219607,7.44309610135532,7.167207694880167,6.8750544473597675,6.44329349875524,6.112556237788973,-0.45399568008052155,5.602672875900023,5.577114430862062,-0.7662080555921083,5.427809472308907,5.344613445686384
3.3209999999997453,0.2933438380339689,-0.30074718567884906,5.303158890141451,5.199736784874416,5.122488372970687,4.9657300531950535,4.605646117008756,4.284865009155702,4.001402763836429,9.775146837211457,2.8609094194316502,2.3015815978713428,1.6458722298860728,1.052778640745273,0.5150019374171753,-0.08469954468743511,5.857863288201567,-0.5589318044738114,5.6326611427323625,5.63906774921416,-0.7205827812317028,-0.7202462471972588,-0.5785444243629677,-0.6830226209089103,-0.8098455945297898,-1.000487824942259,-1.055249453430127,-1.0933034995472262,-1.2024332471496735,5.069506422594424,-1.330374393043371,4.862343408813304,-1.5250620623190168,4.683364864756212,4.303691703252386,-2.408017013752265,3.550676042710977,-3.2223361580016157,2.706339169887307,2.2816153390450378,2.0950145624778753,2.05392727731722,1.9557790873376628,1.7286134538326057,1.4500536224664122,7.44460058818906,0.8902726897888341,0.7978415155458158,7.064782284710868,0.8085614412146083,0.6777598877468831,0.48577171307165457,0.5174697016666423,0.4954557571372258,0.5164818942451326,0.6219371962266037,0.64199916675033,6.806267779732464,0.2790589722300547,6.435832146469255,6.356821847249393,6.241488529954207,6.004005119514568,5.843470467983495,5.720865300425551,5.7597693548769024,5.9739476197247665,6.092652462943747,6.044094659047265,6.018266528210257,5.870075917660778,5.683631167521081,5.592887686519058,5.4604652370424125,5.121547977170085,4.790155997804874,4.2268847752268845,4.03867249055824,3.7328200541328207,3.4082006460924386,3.1172411431646814,2.804015615732998,2.7509428612008344,2.716713107175149,2.624062146055447,2.3192002999120978,2.075535538013065,1.9320167972463913,1.8470588184172345,1.6307327124070832,1.362465379597536,7.444547776321,7.168860130255542,6.87690940751472,6.445359434021936,6.114819195403258,-0.4515469542013237,5.60529351757902,5.579888575064875,-0.7632980137290593,5.430833386174041,5.347723703241512
3.330999999999744,0.29298598004463483,-0.2996620435793169,5.306316366233247,5.202907232410484,5.125626392213742,4.968783747803465,4.60855099841717,4.287559806916143,4.0038247091902965,9.77719638179827,2.862479912725362,2.302627443247626,1.6462916165309391,1.0525468823974162,0.514102924769897,-0.08631870030268735,5.85560460386494,-0.5617938829941546,5.6292165016499505,5.635073645915996,-0.7250851945975967,-0.7252023930638308,-0.5838964585137344,-0.6886996786015758,-0.8157748704350677,-1.0065954302224283,-1.0614574324452735,-1.0995391127592562,-1.2086277200685938,5.063415716339623,-1.3363041623032157,4.856622769235513,-1.5305327056145972,4.6781758255206505,4.298831028854915,-2.4125249811507565,3.5465150589439536,-3.2261226444571545,2.7029004028494765,2.278525011921767,2.0922354198475435,2.0514410474465907,1.953573662720491,1.7266823581734867,1.4483900358092305,7.443197943518483,0.8891262643315772,0.7969439165670507,7.0641376271423555,0.8081789567292832,0.6776544895522828,0.48596162969322243,0.5179661400640728,0.49627508276497473,0.5176389036117592,0.6234453124362664,0.6438632528133514,6.808490772709649,0.28164186898956867,6.438751099126222,6.360050414674025,6.244994163323072,6.007751100394755,5.84740339738551,5.724928786240325,5.763903357563965,5.9780910422186775,6.096743406102676,6.04807413176414,6.02207954310611,5.8736711853681784,5.686965446509619,5.595932488866871,5.463197392985981,5.123940031264632,4.792209312582934,4.228572631324979,4.040068526834779,3.7339478941353854,3.409098825649311,3.1179574482256713,2.8045979194693236,2.7514456270657544,2.717183877861823,2.624546130408419,2.3197414527019964,2.0761703259805904,1.9327744226640133,1.8479634484857543,1.631806972129524,1.3637256973899459,7.446000109906501,7.170512684069214,6.878764024975809,6.447424587759815,6.1170809683653165,-0.44909983621256866,5.607912072480092,5.582660082115963,-0.7603912640451207,5.4338532491363765,5.350829067292937
3.340999999999743,0.29262327779171293,-0.29856191054016185,5.309468055986905,5.206070999581254,5.128756889111831,4.9718291800742875,4.611447010863615,4.290245371435882,4.006237341267357,9.779236825477867,2.864041856954832,2.3036656406297493,1.64670459300474,1.0523102301348666,0.5132007514790651,-0.08793909852352962,5.853346613724786,-0.5646533258065459,5.6257763789970285,5.631085827316573,-0.729579783863706,-0.7301494254529227,-0.5892383644936077,-0.6943659665438245,-0.8216930741907816,-1.012691993700214,-1.0676547016292621,-1.1057646178913527,-1.2148129155009038,5.057333289969187,-1.3422267776434988,4.850908095239122,-1.535998590474099,4.672990370974994,4.293972714470878,-2.4170317398342345,3.5423543310062224,-3.2299097587500483,2.699460380732096,2.2754329692136706,2.089454351216085,2.048952877864907,1.9513664517034857,1.7247497829165161,1.4467254155005151,7.441794818083673,0.8879799737029486,0.7960470752152253,7.063494318632313,0.8077983323602049,0.6775513220138403,0.4861539658752806,0.5184649925473567,0.4970965787202314,0.5187976032181112,0.624954412052545,0.6457273982193026,6.810712702707236,0.2842224131431288,6.441666396920919,6.363274047179299,6.248493652559089,6.011489841174713,5.851328218944945,5.728983556027768,5.768028328265232,5.982225424246988,6.100825618156766,6.052045488143272,6.02588534202034,5.877260394731581,5.69029503471365,5.598974103629844,5.465927951894517,5.126332151965796,4.794264300339873,4.230263778663358,4.041469119921481,3.7350813485119643,3.4100034086645223,3.1186806460436776,2.805187307466433,2.7519553870829903,2.717661303390217,2.6250362198366255,2.3202879707179647,2.076809649127549,1.933535727944429,1.8488709196254116,1.6328832658874552,1.3649873129291017,7.447453116159389,7.172165367891791,6.880618307045707,6.449488961628413,6.1193415525717265,-0.4466543353815938,5.610528527496256,5.585428936923123,-0.7574878214262051,5.436869048863236,5.353929530303129
3.350999999999742,0.2922557910782366,-0.2974467268047923,5.3126139587700045,5.209228093806721,5.131879879864624,4.974866375084487,4.614334187982833,4.292921743336557,4.008640705586035,9.781268216549602,2.8655953005571733,2.304696235727344,1.6471111996473429,1.0520687167153795,0.5122954409868595,-0.0895607265524618,5.851089319411892,-0.5675101427374624,5.622340753950958,5.627104262517406,-0.734066588086862,-0.7350873895696919,-0.5945701914279542,-0.7000215349629525,-0.827600254670255,-1.0187775606376808,-1.0738413008393928,-1.1119800480188502,-1.220988858838095,5.051259126038294,-1.3481422486125778,4.845199384593325,-1.5414597126148035,4.6678085108878005,4.289116775064194,-2.4215372705454503,3.53819388113704,-3.233697476140874,2.696019129619875,2.2723392376138034,2.0866713829253127,2.0464627936971773,1.9491574772116003,1.7228157475899952,1.4450597764000421,7.440391220885968,0.8868338200941687,0.7951509865250843,7.0628523468749025,0.8074195487115752,0.6774503593047633,0.48634869062060315,0.5189662248368367,0.4979202095535697,0.519957958724665,0.62646446410675,0.6475915775620963,6.8129335519270375,0.2868005962807796,6.444578041237167,6.366492756004867,6.251987018415503,6.015221371446891,5.855244969427565,5.733029651865335,5.772144312294175,5.986350812242971,6.104899144443125,6.056008770327995,6.029683961935895,5.880843575859107,5.6936199539495,5.602012543302278,5.4686569163609375,5.128724331723841,4.796320943813854,4.231958190718877,4.0428742360920165,3.736220378179755,3.4109143529631836,3.119410693845126,2.8057837388874045,2.7524721045276728,2.7181453530739947,2.6255323911269417,2.3208398393707586,2.077453501351077,1.9343007145367463,1.8497812393713589,1.6339616055461796,1.3662502402089,7.448906808815773,7.173818193044852,6.882472260869256,6.451552557245487,6.121600943993347,-0.4442104607953445,5.613142869785839,5.588195124714359,-0.7545877004161056,5.439880773350859,5.357025085016943
3.360999999999741,0.29188357971173196,-0.2963164319024894,5.315754074154998,5.212378522617473,5.134995380677277,4.977895357809189,4.61721256320412,4.295588962949697,4.011034847314211,9.783290602926535,2.8671402915761472,2.3057192738770356,1.647511476470018,1.0518223746305955,0.5113870165453858,-0.09118357169651524,5.848832722543522,-0.5703643435323497,5.618909605860034,5.623128920871843,-0.7385456460107458,-0.7400163302652881,-0.5998919880706255,-0.7056664337247996,-0.833496460419482,-1.0248521760246427,-1.0800172697301724,-1.11818543609168,-1.2271555754246244,5.045193207078716,-1.3540505848408138,4.839496634944273,-1.54691606789962,4.662630254877091,4.284263225453571,-2.426041554158705,3.534033731460338,-3.2374857719943946,2.692576675496392,2.2692438437066884,2.0838865411940053,2.0439708199269564,1.9469467620114624,1.7208802715550475,1.4433931332058,7.438987160788795,0.885687805601981,0.7942556454953261,7.062211699599083,0.8070425864996184,0.6773515757880486,0.48654577319103254,0.5194698029618288,0.4987459401522244,0.5211199361308527,0.6279754379461734,0.6494557657048373,6.815153302771829,0.2893764101076571,6.447486033486532,6.369706552333336,6.255474281509896,6.018945720598015,5.8591536853403445,5.737067115535179,5.776251354648809,5.990467252319117,6.108964029987068,6.0599640201718055,6.03347543958027,5.88442075864876,5.696940225879061,5.605047820289912,5.471384288962602,5.1311165630504,4.798379225882566,4.233655841185164,4.044283841901742,3.7373649443873913,3.4118316167303924,3.120147549218908,2.8063871732314767,2.7529957429582175,2.718635996432923,2.6260346211764234,2.3213970440698755,2.0781018764380272,1.9350693836848993,1.8506944149809685,1.6350420026481722,1.3675144928901266,7.4503612013051725,7.1754711706048715,6.884325893435985,6.4536153761877095,6.123859138674214,-0.4417682213631144,5.61575508676844,5.590958631033046,-0.7516909152216118,5.442888410919534,5.3601157244574775
3.3709999999997398,0.29150670350350905,-0.29517096465587134,5.31888840191622,5.215522293653029,5.138103407760211,4.980916153122834,4.620082169753719,4.29824707032002,4.0134198112730735,9.785304032139459,2.868676877666019,2.3067348000459025,1.6479054631583232,1.0515712361082719,0.510475501218211,-0.09280762136643168,5.84657682472345,-0.5732159378564577,5.615482914241784,5.619159771982567,-0.7430169960690252,-0.7449362920404137,-0.6052038028076677,-0.71130071233727,-0.839381739660131,-1.0309158845808457,-1.0861826477544736,-1.1243808149344086,-1.2333130905568568,5.039135515600754,-1.3599517960380354,4.833799843817817,-1.5523676523345502,4.6574556124123205,4.279412080313597,-2.4305445716797176,3.5298739039840212,-3.241274621780857,2.6891330442426176,2.2661468139671057,2.0810998521172923,2.041476981396552,1.9447343287124847,1.7189433740075744,1.441725500456537,7.437582646520416,0.8845419322311894,0.7933610470905177,7.061572364569583,0.8066674265524145,0.6772549460151166,0.4867451831050177,0.5199756932573616,0.49957373573638864,0.5222835017713116,0.6294873032306642,0.6513199377770432,6.817371937843456,0.2919498464431671,6.450390375108479,6.372915447291242,6.258955462325804,6.022662917811133,5.863054402933711,5.741095988526444,5.780349500013899,5.99457479026922,6.113020319504067,6.0639112792402035,6.037259811427223,5.887991972790024,5.700255872011212,5.60807994691104,5.47411007226199,5.133508838518592,4.8004391295626085,4.23535670397115,4.04569790418537,3.738515008711789,3.4127551585074505,3.1208911701122712,2.8069975703300054,2.753526266212766,2.7191332031902054,2.6265428869908676,2.321959570223661,2.07875476806666,1.9358417364307667,1.8516104534380808,1.6361244684180607,1.368780084305631,7.451816306755323,7.177124311407087,6.886179211582587,6.455677419991368,6.126116132730454,-0.439327625819242,5.618365166120974,5.593719441733182,-0.7487974797175503,5.44589195020879,5.363201441921988
3.3809999999997387,0.2911252222679881,-0.2940102631884654,5.32201694202692,5.218659414660212,5.1412039773288765,4.983928785800316,4.622943040657171,4.3008961052087,4.015795641940908,9.787308551340882,2.870205106095382,2.3077428588349047,1.6482931990749672,1.051315333114506,0.5095609178818951,-0.09443286307584753,5.844321627541993,-0.5760649352956732,5.612060658781289,5.615196785699113,-0.747480676388457,-0.7498473190488419,-0.610505683660985,-0.7169244199538058,-0.8452561402925047,-1.0369687307581246,-1.0923374741646814,-1.1305662172462796,-1.2394614294820416,5.033086034095149,-1.3658458919910568,4.82810900862219,-1.5578144620662053,4.652284592816304,4.274563354175853,-2.4350463042454704,3.5257144205993036,-3.245064001077243,2.685688261635495,2.263048174758934,2.078311341666079,2.0389813028072448,1.942520199767965,1.7170050739801708,1.440056892534259,7.436177686676643,0.8833962018971363,0.7924671862429621,7.060934329587835,0.80629404980973,0.677160444724464,0.4869468901351905,0.5204838623609729,0.500403561855569,0.5234486223121877,0.6310000299292505,0.6531840691718976,6.819589439940963,0.29452089722015673,6.453291067570497,6.3761194519499815,6.2624305812142795,6.026372992067638,5.86694715820379,5.745116312037533,5.784438792763169,5.998673471570451,6.117068057401694,6.06785058881251,6.041037113698487,5.891557247765438,5.703566913703214,5.611108935397608,5.476834268807359,5.135901150763122,4.802500638008874,4.237060753199605,4.0471163900546285,3.739670533055028,3.4136849371881315,3.121641514826774,2.8076148903424807,2.754063638405682,2.71963694326985,2.627057165683404,2.3225274032394227,2.0794121698083234,1.9366177736172538,1.8525293614571918,1.6372090137675268,1.3700470274654217,7.4532721379969,7.178777626049296,6.888032221995366,6.457738690153034,6.128371922349218,-0.436888682725763,5.620973095773762,5.596477542974698,-0.7459074074517485,5.448891380172675,5.366282230977862
3.3909999999997376,0.29073919582205976,-0.29283426493239967,5.325139694656348,5.221789893491522,5.144297105603524,4.986933280518073,4.625795208741643,4.303536107096565,4.018162383456844,9.78930420730896,2.8717250237509417,2.308743494482286,1.648674723262659,1.051054697355945,0.508643289227513,-0.09605928444048406,5.842067132576035,-0.5789113453573473,5.608642819329516,5.611239932115398,-0.7519367247919624,-0.7547494551008965,-0.6157976782919554,-0.7225376053768131,-0.8511197098984596,-1.0430107587425232,-1.0984817880138236,-1.1367416756012654,-1.2456006173973122,5.02704474503492,-1.37173288256125,4.822424126650622,-1.5632564933793769,4.64711720526711,4.269717061429987,-2.4395467331240464,3.5215553030800852,-3.248853885568469,2.6822423533465827,2.259947952334039,2.075521035686497,2.036483808719515,1.9403043974761767,1.7150653903440085,1.438387323666671,7.434772289723475,0.8822506164281237,0.7915740578545182,7.060297582492904,0.8059224373228384,0.6770680468403327,0.4871508643059795,0.520994277209552,0.5012353843849964,0.5246152647474943,0.6325135883168057,0.6550481355435348,6.821805792058752,0.2970895544840827,6.456188112368208,6.37931857732673,6.265899658395436,6.030075972149258,5.870831986894596,5.7491281269783645,5.788519276961486,6.002763341385438,6.121107287781569,6.071781989883704,6.044807382365476,5.895116612852179,5.706873372162105,5.614134797896291,5.479556881133383,5.138293492480342,4.8045637345139065,4.238767963205662,4.048539266895953,3.740831479641255,3.4146209120149886,3.1223985420142903,2.808239093752609,2.75460782392411,2.7201471867940983,2.6275774344731233,2.32310052852356,2.08007407512911,1.9373974958913318,1.8534511454875797,1.638295649300134,1.371315335061684,7.45472870756816,7.180431124895613,6.889884931212622,6.45979918813024,6.13062650378763,-0.43445140047502084,5.62357886390669,5.59923292121886,-0.7430207116499239,5.4518866900750815,5.369358085458637
3.4009999999997365,0.2903486839844797,-0.29164290663621684,5.328256660166861,5.224913738103525,5.147382808808949,4.989929661855176,4.628638706638184,4.306167115187252,4.020520079624552,9.79129104645139,2.8732366771412665,2.309736750866953,1.6490500744469379,1.0507893602819847,0.5077226377621695,-0.09768687317734351,5.8398133413890445,-0.5817551774711215,5.605229375901653,5.607289181567286,-0.7563851788016663,-0.7596427436668908,-0.6210798340050036,-0.7281403170610412,-0.8569724957442839,-1.0490420124563915,-1.1046156281566897,-1.1429072224481218,-1.2517306794487155,5.021011630877173,-1.377612777682177,4.816745195083916,-1.568693742694655,4.641953458799925,4.264873216324797,-2.4440458397144487,3.517396573082358,-3.252644251048527,2.678795344940745,2.2568461728312132,2.072728959899391,2.033984523553285,1.9380869439814425,1.7131243418106852,1.436716807929572,7.433366463999683,0.881105177567777,0.7906816567983761,7.059662111162364,0.8055525702543395,0.6769777274713966,0.4873570758912598,0.5215069050362349,0.5020691695220915,0.5257833963955223,0.63402794897076,0.6569121128043534,6.824020977384727,0.2996558103921765,6.459081511025466,6.382512834385331,6.269362713959965,6.033771886640016,5.874708924500238,5.753131473972624,5.792590996367056,6.006844444564337,6.12513805444131,6.07570552316624,6.048570653150986,5.898670097123621,5.710175268446067,5.6171575464695485,5.482277911761762,5.140685856428314,4.806628402507258,4.24047830853534,4.04996650236818,3.7419978110136216,3.4155630425757084,3.123162210673071,2.8088701413644483,2.755158787424585,2.720663904080893,2.6281036706837297,2.323678931481695,2.0807404773915015,1.9381809037070348,1.8543758117173736,1.6393843853160865,1.3725850194737172,7.456186027719527,7.182084818080139,6.891737345627029,6.461858915342128,6.132879873371754,-0.43201578729223494,5.626182458945438,5.6019855632237245,-0.7401374052204983,5.454877869485158,5.372428999460089
3.4109999999997354,0.2899537465752945,-0.29043612437282346,5.331367839111075,5.228030956555262,5.150461103174237,4.992917954294362,4.63147356678397,4.308789168410329,4.022868773915878,9.793269114809245,2.874740112400504,2.310722671511825,1.6494192910389827,1.0505193530869557,0.5067989858105038,-0.09931561710391089,5.837560255531106,-0.5845964409897465,5.601820308675467,5.603344504630174,-0.7608260756419107,-0.7645272278805284,-0.6263521977511268,-0.7337326031169187,-0.8628145447835348,-1.055062535560449,-1.1107390332509373,-1.1490628901104532,-1.2578516407302671,5.014986674064876,-1.3834855873572687,4.81107221099295,-1.5741262065660961,4.636793362308877,4.260031832969286,-2.448543605546403,3.5132382521436547,-3.256435073421579,2.675347261874902,2.2537428622751596,2.0699351398998407,2.0314834715881718,1.9358678612751994,1.7111819469340392,1.4350453592491978,7.4319602177193325,0.8799598869773537,0.7897899779207885,7.059027903513163,0.8051844298779691,0.6768894619094634,0.48756549541203803,0.5220217133673453,0.5029048837829861,0.526952984895304,0.6355430827678541,0.6587759771223617,6.826234979298481,0.3022196572126052,6.461971265094433,6.385702234037155,6.2728197678706135,6.037460763928166,5.878578006267067,5.757126393359974,5.796653994433594,6.010916825646903,6.129160400876485,6.079621229091887,6.0523269615309,5.902217729450898,5.713472623465777,5.620177193096656,5.484997363201807,5.143078235426845,4.808694625554818,4.242191763944071,4.051398064400254,3.743169490031244,3.416511288799501,3.1239324801438553,2.8095079942986056,2.755716493829705,2.721187065641398,2.628635851742227,2.324262597518812,2.0814113698559935,1.9389679973284222,1.855303366077561,1.6404752318169118,1.3738560927727994,7.45764411041809,7.1837387155105965,6.893589471487947,6.463917873170107,6.1351320274955805,-0.4295818512380276,5.628783869557747,5.604735456039676,-0.7372575007593422,5.457864908272781,5.375494967336359
3.4209999999997343,0.2895544434153003,-0.2892138535475771,5.334473232229044,5.231141557006664,5.15353200493251,4.99589818222308,4.6342998214244915,4.3114023054243455,4.025208509474458,9.79523845806079,2.876235375292058,2.311701299587154,1.6497824111384056,1.0502447067122977,0.5058723555161889,-0.10094550413736086,5.83530787653894,-0.5874351451898991,5.59841559798967,5.599405872116582,-0.7652594522422349,-0.7694029505422652,-0.6316148161313786,-0.739314511313842,-0.8686459036598372,-1.0610723714558221,-1.1168520417581864,-1.1552087107867826,-1.2639635262830304,5.008969857028571,-1.3893513216575613,4.805405171341138,-1.5795538816789354,4.6316369245488325,4.255192925333725,-2.453040012280154,3.509080361682529,-3.2602263287030033,2.6718981294968334,2.250638046575523,2.0671396011567067,2.02898067696375,1.9336471711970538,1.7092382241119328,1.4333729914045175,7.43055355897426,0.8788147462379993,0.7888990160427581,7.058394947502454,0.8048179975784059,0.6768032256281925,0.48777609363417157,0.5225386700193837,0.5037424939990952,0.5281239982031272,0.6370589608809372,0.6606397049185527,6.828447781369475,0.3047810873236307,6.464857376155635,6.388886787141944,6.2762708399636455,6.041142632208098,5.882439267195828,5.761112925198284,5.800708314312498,6.014980528864564,6.133174370282554,6.083529147813547,6.0560763427358815,5.905759538504442,5.716765457985751,5.623193749674726,5.487715237951021,5.145470622357496,4.810762387358142,4.2439083043952195,4.05283392118895,3.744346479866192,3.417465610953537,3.124709310106034,2.810152613988486,2.756280908324856,2.721716642177563,2.629173955177639,2.3248515120394115,2.082086745682708,1.9397587768324975,1.8562338142459414,1.6415681985100752,1.3751285667269737,7.45910296735204,7.185392826871895,6.89544131490372,6.465976062958493,6.137382962620016,-0.4271496002109113,5.631383084649766,5.607482587005024,-0.734381010554445,5.460847796604086,5.378555983696137
3.430999999999733,0.28915083432553157,-0.28797602890652163,5.33757284044547,5.234245547716976,5.156595530320652,4.998870369934474,4.6371175026157125,4.314006564619861,4.027539329119258,9.797199121525228,2.8777225112122276,2.312672677913826,1.6501394725360274,1.0499654518487187,0.504942768843421,-0.1025765222937706,5.833056205935917,-0.5902712992729932,5.595015224342296,5.595473255073786,-0.7696853452403254,-0.7742699541226318,-0.6368677354003073,-0.7448860890834235,-0.8744666187096437,-1.0670715632860532,-1.1229546919451014,-1.1613447165506285,-1.2700663610942249,5.0029611621880585,-1.395209990719481,4.799744072986834,-1.5849767648473487,4.626484154137152,4.250356507250688,-2.4575350417062367,3.5049229229980643,-3.2640179930203956,2.6684479730440267,2.247531751525965,2.0643423690122145,2.026476163679828,1.9314248954358204,1.7072931915880025,1.4316997180294802,7.429146495736487,0.8776697568529499,0.7880087659616826,7.057763231128412,0.8044532548510706,0.6767189942818274,0.4879888415661221,0.5230577430960636,0.5045819673137417,0.5292964045890997,0.6385755547758067,0.662503272864308,6.830659367355242,0.3073400932127655,6.467739845818011,6.392066504508616,6.279715949950267,6.044817519482218,5.88629274204377,5.765091109265812,5.80475399885501,6.019035598142482,6.13718000555682,6.087429319207081,6.059818831753064,5.909295552755524,5.720053792625667,5.626207228019702,5.490431538495645,5.147863010163578,4.812831671753762,4.2456279050586065,4.054274041196599,3.745528744000505,3.4184259696394226,3.1254926605738684,2.810803962176605,2.756851996354987,2.722252604579728,2.629717958619746,2.3254456604476603,2.082766597932984,1.9405532421120888,1.8571671616510181,1.6426632948135251,1.3764024528057621,7.460562609935039,7.1870471616296445,6.897292881843924,6.468033486015127,6.139632675271917,-0.4247190419497355,5.633980093362443,5.610226943741678,-0.731507946590519,5.463826524937064,5.381612043398904
3.440999999999732,0.2887429791267801,-0.2867225845447773,5.340666664866964,5.237342937043217,5.159651695579036,5.001834541628375,4.639926642226191,4.316601984122409,4.02986127534808,9.799151150166416,2.8792015651938208,2.3136368489666275,1.6504905127166294,1.0496816189383449,0.5040102475784003,-0.1042086596873382,5.830805245232079,-0.5931049123659853,5.591619168389091,5.591546624781464,-0.774103790984935,-0.7791282807655201,-0.642111001469355,-0.7504473835226951,-0.8802767359649573,-1.0730601539390854,-1.1290470218844637,-1.1674709393505898,-1.2761601700963576,4.996960571954046,-1.4010616047426776,4.794088912685682,-1.5903948530122591,4.621335059555431,4.245522592416081,-2.4620286757452483,3.5007659572694245,-3.267810042614515,2.664996817642585,2.2444240028032834,2.0615434686815592,2.023969955596727,1.9292010555305552,1.7053468674533812,1.43002555261522,7.427739035860579,0.8765249202496834,0.7871192224529587,7.057132742431001,0.8040901833019213,0.6766367437039442,0.4882037104567416,0.5235789009853896,0.5054232711788321,0.5304701726337634,0.6400928362080893,0.6643666578788318,6.832869721199604,0.3098966674759267,6.470618675718947,6.395241396896067,6.283155117418028,6.04848545356281,5.890138465326751,5.769060985063398,5.808791090614369,6.023082077101618,6.141177349300376,6.0913217828731305,6.063554463327744,5.912825800477781,5.723337647861675,5.629217639867337,5.493146267311185,5.150255391850139,4.814902462712485,4.247350541309025,4.05571839314885,3.74671624622324,3.4193923257897145,3.126282491892755,2.8114620009109528,2.757429723621439,2.7227949239242806,2.6302678397978676,2.3260450281475573,2.083450919570954,1.9413513928786943,1.85810341347584,1.6437605298601692,1.3776777621848089,7.46202304931051,7.188701729033615,6.899144178141581,6.470090143612006,6.141881162043108,-0.4222901840360944,5.63657488506798,5.6129685141508805,-0.7286383205535307,5.466801084017236,5.38466314155121
3.450999999999731,0.2883309376391424,-0.28545345391509536,5.343754706779315,5.240433733438624,5.1627005169512525,5.00479072141224,4.642727271939153,4.319188601795434,4.032174390341019,9.801094588596548,2.880672581909725,2.3145938548774896,1.6508355688616925,1.0493932381768567,0.5030748133308034,-0.10584190452960696,5.82855499592416,-0.5959359935221777,5.588227410941918,5.587625952749355,-0.778514825538774,-0.7839779722914298,-0.6473446599102115,-0.7559984413972703,-0.8860763011560175,-1.0790381860492189,-1.13512906945623,-1.1735874110104358,-1.2822449781663792,4.990968068729744,-1.406906173987909,4.788439687092915,-1.5958081432391846,4.616189649151187,4.240691194390176,-2.4665208964475966,3.4966094855554246,-3.271602453840194,2.661544688306175,2.241314825966574,2.0587429252525458,2.0214620764355806,1.926975672871576,1.7033992696483868,1.4283505085122121,7.42633118708597,0.8753802377820207,0.786230380271545,7.056503469492746,0.8037287646472406,0.6765564499062138,0.4884206717930904,0.5241021123567842,0.5062663733515815,0.5316452712247556,0.6416107772201627,0.6662298371266127,6.835078827030895,0.31245080281658855,6.473493867524289,6.39841147501393,6.2865883618322,6.0521464620738525,5.893976471321313,5.773022591816611,5.812819631847948,6.027120009060791,6.145166443820049,6.095206578138949,6.067283271965052,5.916350309748732,5.7266170440276944,5.632224996874157,5.4958594268629355,5.15264776048392,4.816974744338693,4.249076188724763,4.057166946032408,3.7479089506275356,3.420364640664481,3.127078764735541,2.8121266925414052,2.7580140560788347,2.7233435714713456,2.630823576539656,2.326649600543103,2.0841397034651097,1.9421532286652874,1.8590425746617842,1.6448599125022847,1.378954505750449,7.463484296355873,7.190356538121137,6.900995209495348,6.472146036985891,6.144128419589438,-0.4198630338966972,5.6391674493663375,5.615707286409007,-0.7257721438351673,5.469771464873371,5.387709273503016
3.46099999999973,0.2879147696815956,-0.2841685698365819,5.346836967644811,5.243517945451126,5.165742010683807,5.007738933302098,4.645519423254548,4.321766455243173,4.034478715963883,9.803029481079777,2.882135605676444,2.3155437374387042,1.6511746778521135,1.049100339515608,0.5021364875352476,-0.1074762451286943,5.8263054594955905,-0.5987645517220128,5.584839932967168,5.583711210714952,-0.7829184846813694,-0.7888190702006812,-0.6525687559581286,-0.7615393091444648,-0.89186535971395,-1.0850057019990411,-1.1412008723485834,-1.179694163229205,-1.288320810124864,4.984983634912433,-1.4127437087749726,4.782796392765611,-1.6012166327161328,4.6110479311395505,4.235862326598614,-2.4710116859932425,3.4924535287941407,-3.275395203167202,2.6580916099350245,2.2382042464564287,2.0559407636852542,2.0189525497786347,1.9247487687014728,1.7014504159641837,1.4266745989323877,7.424922957039204,0.8742357107321777,0.7853422341534856,7.055875400439464,0.8033689807134209,0.676478089077178,0.48863969729828716,0.5246273461582537,0.5071112418912873,0.5328216695535195,0.6431293501381188,0.668092788014915,6.837286669160213,0.3150024920449338,6.476365422928345,6.401576749523331,6.290015702537125,6.055800572452831,5.897806794066737,5.776975968477922,5.816839664519399,6.0311494370387315,6.149147331130346,6.099083744060213,6.0710052919316375,5.919869108451286,5.729892001316689,5.635229310618403,5.498571019606456,5.155040109193305,4.819048500869611,4.25080482308612,4.058619669092818,3.749106821607714,3.4213428758478925,3.1278814400988892,2.8127979997162034,2.758604959932004,2.7238985186625237,2.631385146769928,2.327259363038476,2.0848329423898404,1.9429587488290876,1.859984649912286,1.645961451315862,1.3802326941042105,7.464946361686704,7.192011597720456,6.902845981471661,6.474201167338899,6.146374444629843,-0.4174375988057,5.6417577760818,5.618443248963435,-0.722909427537236,5.472737658813266,5.390750434844084
3.4709999999997287,0.2874945350715996,-0.2828678645036012,5.349913449099585,5.246595581721834,5.168776193025846,5.010679201223454,4.648303127491053,4.324335581813496,4.036774293771549,9.804955871535796,2.883590680457602,2.316486538106113,1.6515078762709015,1.0488029526637384,0.5011952914527453,-0.10911166988852727,5.8240566374165255,-0.6015905958738659,5.581456715584193,5.579802370641218,-0.7873148039118938,-0.7936516156765874,-0.6577833345151921,-0.7670700328763762,-0.8976439567733813,-1.090962743921337,-1.1472624680589731,-1.1857912275813096,-1.2943876907352156,4.9790072528949825,-1.4185742194806823,4.777159026164899,-1.6066203187515333,4.6059099136048856,4.231036002333413,-2.475501026691427,3.488298107802549,-3.2791882671810635,2.654637607314971,2.2350922895941827,2.0531370088117322,2.0164413990695635,1.9225203641161068,1.6995003240444149,1.4249978369512044,7.423514353236162,0.8730913403127691,0.7844547788173948,7.055248523440967,0.803010813436741,0.6764016375810398,0.4888607589293888,0.5251545716135989,0.5079578451561503,0.5339993371120595,0.6446485275687647,0.6699554881912982,6.839493232079672,0.31755172807700266,6.479233343653875,6.40473723103761,6.293437158757541,6.059447811952518,5.901629467367072,5.780921153728825,5.8208512303007724,6.035170403756126,6.153120052955392,6.102953319422837,6.074720557257338,5.923382224275239,5.733162539781936,5.638230592600949,5.501281047988059,5.157432431168245,4.821123716674593,4.252536420373935,4.060076531832244,3.7503098238564023,3.4223269932448606,3.1286904792996912,2.8134758853784687,2.759202401632972,2.7244597371186714,2.631952528509516,2.32787430103821,2.085530629026967,1.9437679525542906,1.8609296436965144,1.647065154604885,1.381512337567244,7.4664092556608335,7.193666916454025,6.904696499506851,6.476255535839107,6.148619233945425,-0.4150138858870012,5.644345855259589,5.621176390528473,-0.720050182475996,5.475699657419609,5.393786621400402
3.4809999999997276,0.28707029362472747,-0.28155126949486536,5.352984152950993,5.249666650983541,5.171803080228859,5.013611549012177,4.6510784157880565,4.326896018600714,4.039061165011298,9.806873803543407,2.885037849867413,2.3174222980022705,1.6518352004058587,1.0485011070902668,0.5002512461721509,-0.11074816730808257,5.821808531143849,-0.6044141348148291,5.578077740063747,5.575899404714306,-0.7917038184519669,-0.7984756495885938,-0.6629884401535561,-0.7725906583829257,-0.903412137175019,-1.096909353700969,-1.1533138938951453,-1.1918786355166449,-1.3004456447028945,4.973038905067356,-1.424397716536892,4.771527583658108,-1.6120191987722157,4.600775604502419,4.226212234753955,-2.4799889009803886,3.4841432432761863,-3.2829816225838373,2.6511827051165477,2.2319789805811907,2.050331685335713,2.013928647613791,1.9202904800656018,1.6975490113868061,1.4233202355096763,7.422105383084218,0.8719471276687663,0.7835680089659041,7.054622826711755,0.8026542448631392,0.6763270719564669,0.48908382887530094,0.5256837582196666,0.508806151800144,0.535178243689743,0.6461682823966642,0.6718179155411641,6.84169850046068,0.32009850393384365,6.482097631452076,6.407892930123027,6.296852749599885,6.06308820764272,5.905444524793158,5.784858185981964,5.82485437057463,6.039182951637669,6.157084650730866,6.106815342744794,6.078429101736841,5.9268896847187635,5.7364286793382755,5.641228854246222,5.503989514445268,5.159824719660182,4.82320037625437,4.254270956768101,4.061537504007269,3.751517922361683,3.4233169550777083,3.1295058439715286,2.814160312762783,2.7598063478779893,2.725027198637714,2.632525699874152,2.328494399947386,2.0862327559672496,1.9445808388547674,1.861877560252998,1.6481710304055437,1.3827934461846871,7.467872988382394,7.1953225027417504,6.906546768909216,6.478309143621129,6.150862784378546,-0.41259190211650015,5.64693167716253,5.623906700081346,-0.7171944191864289,5.478657452545873,5.396817829230672
3.4909999999997265,0.28664210515431787,-0.2802187157827193,5.356049081175028,5.252731162059224,5.174822688546368,5.016536000415375,4.653845319107595,4.329447802448337,4.041339370626091,9.808783320344016,2.8864771571741135,2.3183510579195787,1.652156686252237,1.0481948320261734,0.4993043726115966,-0.11238572598063297,5.81956114212119,-0.6072351773114925,5.574702987826442,5.572002285341324,-0.7960855632484258,-0.8032912124953799,-0.6681841171186358,-0.778101231134859,-0.9091699454681993,-1.1028455729767384,-1.1593551869761614,-1.1979564183607105,-1.306494696674667,4.967078573818051,-1.4302142104285613,4.765902061520895,-1.6174132703214223,4.595645011659821,4.221391036887977,-2.4844752914270707,3.4799889557888486,-3.2867752461948574,2.647726927894117,2.22886434449815,2.047524817832359,2.011414318578822,1.9180591373553229,1.6955964953447427,1.4216418074163635,7.420696053884358,0.8708030738794086,0.7826819192870712,7.053998298511679,0.8022992571479801,0.6762543689154081,0.4893088795547175,0.5262148757436403,0.5096561307699278,0.5363583593701482,0.6476885877812171,0.6736800481853319,6.843902459152216,0.3226428127406617,6.484958288102537,6.411043857299445,6.300262494053567,6.06672178641202,5.909251999684611,5.788787103383229,5.828849126436155,6.043187122814096,6.161041165605941,6.110669852277922,6.082130958931347,5.930391517089885,5.739690439763354,5.64422410690309,5.506696421407249,5.16221696798194,4.82527846424031,4.256008408646089,4.063002555626706,3.75273108240427,3.4243127238828825,3.1303274960611773,2.814851245391809,2.760416765604611,2.7256008751925083,2.6331046390733697,2.329119645171824,2.0869393157118905,1.9453974065767243,1.8628284035931952,1.649279086490391,1.3840760297299628,7.469337569705781,7.196978364804192,6.908396794861085,6.480361991786689,6.153105092831939,-0.41017165432432046,5.649515232267776,5.626634166858255,-0.7143421479264449,5.481611036312283,5.3998440546228474
3.5009999999997254,0.28621002947115465,-0.2788701337426287,5.359108235913754,5.255789123860578,5.177835034233639,5.019452579092235,4.656603868236271,4.331990969951789,4.0436089512578155,9.810684464845098,2.887908645303366,2.3192728583233997,1.6524723695153782,1.0478841564664672,0.4983546915199224,-0.11402433459299767,5.817314471778938,-0.6100537320607158,5.571332440441216,5.568110985148101,-0.8004600729760675,-0.8080983446479253,-0.673370409332262,-0.7836017962867092,-0.9149174259133995,-1.10877144314322,-1.1653863842334113,-1.2040246073147323,-1.3125348712378824,4.961126241535518,-1.436023711691868,4.760282455939291,-1.6228025310568652,4.590518142778763,4.216572421632538,-2.4889601807268145,3.4758352657923104,-3.2905691149514253,2.6442703000850485,2.2257484063044553,2.044716430748034,2.0088984349945824,1.9158263566468496,1.6936427931288183,1.419962565349319,7.419286372833245,0.8696591799600705,0.7817965044557541,7.053374927146581,0.8019458325558173,0.6761835053419223,0.489535883614089,0.5267478942203723,0.5105077513018063,0.5375396545279538,0.6492094171537753,0.6755418644776385,6.846105093179132,0.32518464772596734,6.487815315413204,6.414190023041005,6.303666410992224,6.070348574969472,5.913051925151805,5.7927079438138565,5.832835538695247,6.047182959124219,6.164989638445215,6.114516886009724,6.08582616217022,5.93388774850795,5.742947840698846,5.6472163618457305,5.509401771295243,5.164609169507622,4.827357965393668,4.257748752581475,4.064471656949418,3.7539492695547114,3.4253142625077038,3.131155397825166,2.815548647072967,2.761033621988826,2.726180738928733,2.633689324409432,2.32975002211828,2.0876503006740115,1.9462176544013299,1.8637821775050183,1.650389330372429,1.3853600977090093,7.470803009239566,7.198634510665705,6.910246582420824,6.482414081405189,6.155346156267826,-0.4077531491969988,5.652096511263578,5.629358780350486,-0.7114933786810246,5.484560401101844,5.4028652940907
3.5109999999997243,0.28577412638316785,-0.2775054531628789,5.362161619472793,5.258840545386557,5.180840133547361,5.022361308614862,4.659354093787125,4.334525557461096,4.045869947250471,9.812577279623635,2.8893323568416265,2.320187739355133,1.6527822856133352,1.0475691091722426,0.4974022234780939,-0.11566398192479932,5.815068521534253,-0.6128698076903984,5.567966079623808,5.564225476976992,-0.8048273820403605,-0.8128970859925417,-0.6785473603957966,-0.7890923986797231,-0.9206546224847192,-1.1146870053525795,-1.1714075224116154,-1.210083233455796,-1.3185661929197638,4.955181890609551,-1.4418262309123613,4.754668763011739,-1.6281869787488161,4.585395005436458,4.211756401754998,-2.4934435517030455,3.4716821936160716,-3.2943632059094803,2.6408128460089313,2.2226311908375864,2.0419065484000942,2.0063810197537695,1.9135921584589357,1.6916879218083598,1.4182825218580013,7.417876347025243,0.8685154468640842,0.7809117591349496,7.052752700968917,0.8015939534601499,0.6761144582910202,0.48976481392561855,0.5272827839497543,0.5113609829187323,0.5387220998258734,0.6507307442147983,0.6774033430025699,6.848306387740477,0.32772400222072595,6.4906687152203135,6.4173314377767685,6.307064519174959,6.073968599846298,5.916844334077815,5.796620744892495,5.836813647878604,6.051170502116952,6.168930109830632,6.1183564816651845,6.089514744552639,5.937378405905091,5.746200901651661,5.650205630274497,5.512105566522969,5.167001317672472,4.829438864604817,4.2594919653424625,4.065944778482154,3.7551724496706176,3.426321534107154,3.131989511826369,2.8162524818951558,2.7616568844422287,2.7267667621628284,2.634279734276291,2.3303855161946485,2.0883657031801213,1.9470415808473052,1.8647388855563025,1.6515017693091427,1.3866456593644456,7.472269316350351,7.200290948157534,6.912096136524824,6.484465413514265,6.157585971707064,-0.40533639327963755,5.654675505046107,5.63208053030058,-0.708648121166302,5.487505539556409,5.405881544370442
3.5209999999997232,0.2853344556951582,-0.2761246032544931,5.3652092343188125,5.261885435721923,5.183838002745343,5.025262212469079,4.662096026201485,4.337051601083518,4.048122398653335,9.814461806929497,2.8907483340394737,2.321095740835274,1.6530864696794698,1.0472497186727177,0.496446988900612,-0.11730465684772598,5.812823292791073,-0.6156834127602406,5.5646038872352666,5.560345733884687,-0.8091875245801292,-0.8176874761738704,-0.6837150135932115,-0.7945730828447494,-0.9263815788723304,-1.1205923005163612,-1.1774186380698182,-1.2161323277369849,-1.3245886861867289,4.949245503432629,-1.4476217787231564,4.74906097875107,-1.6335666112782383,4.580275607087157,4.206942989893963,-2.497925387306947,3.46752975946713,-3.2981574962442157,2.6373545898668342,2.2195127228125404,2.0390951949767047,2.003862095612206,1.9113565631684637,1.6897318983129257,1.416601689365145,7.416465983454405,0.8673718754845198,0.7800276779770953,7.052131608378349,0.8012436023431749,0.6760472049875176,0.48999564358528575,0.5278195154941246,0.5122157954273534,0.5399056662116323,0.6522525429310426,0.6792644625729148,6.850506328207813,0.33026086965750767,6.493518489388333,6.420468111891346,6.310456837247542,6.0775818873975425,5.920629259120357,5.800525543977272,5.840783494231805,6.055149793053335,6.172862620063412,6.122188676708554,6.093196738949233,5.9408635160276635,5.749449641995145,5.653191923316763,5.5148078094970225,5.169393405972743,4.831521146892479,4.261238023890412,4.067421890977407,3.7564005888939134,3.427334502140694,3.1328298009306508,2.8169627142255247,2.762286520609237,2.7273589173799624,2.6348758471585576,2.331026112810172,2.089085515471567,1.9478691842734839,1.8656985310982288,1.6526164103064676,1.3879327236796808,7.473736500166565,7.201947684920868,6.9139454619894565,6.486515989120332,6.159824536228291,-0.40292139297802565,5.657252204716319,5.634799406698561,-0.7058063848335877,5.4904464445728225,5.408892802417401
3.530999999999722,0.2848910772085427,-0.27472751266137885,5.368251083077072,5.26492380403581,5.1868286580862,5.028155314055225,4.664829695750788,4.3395691366861655,4.050366345224068,9.8163380886888,2.8921566188149166,2.3219969022664446,1.6533849565650345,1.046926013267262,0.49548900803691465,-0.11894634832479842,5.810578786940131,-0.6184945557624997,5.5612458452804425,5.556471729140062,-0.8135405344702095,-0.8224695545378439,-0.6888734118941299,-0.8000438930050903,-0.9320983384848958,-1.1264873693072637,-1.1834197675823745,-1.2221719209875233,-1.330602375443727,4.943317062401241,-1.4534103658031694,4.743459099086439,-1.638941426634952,4.575159955063643,4.20213219856024,-2.5024056706171245,3.463377983429784,-3.3019519632506698,2.6338955557406014,2.2163930268212884,2.0362823945366824,2.0013416851892054,1.9091195910113852,1.6877747394337792,1.4149200801685962,7.415055289016405,0.8662284666559249,0.7791442556253398,7.05151163782233,0.8008947617955333,0.6759817228249011,0.4902283459108966,0.5283580596757145,0.5130721589151,0.5410903249149853,0.6537747875327894,0.6811252022274482,6.852704900123564,0.3327952435696375,6.496364639809874,6.423600055725507,6.313843383743603,6.081188463803722,5.924406732713703,5.804422378167834,5.8447451177213665,6.059120872908545,6.1767872091659655,6.126013508345146,6.09687217800372,5.944343105437699,5.752694080970264,5.6561752520277455,5.5175085026172495,5.1717854279655375,4.8336047974029555,4.262986905378374,4.068902965431271,3.7576336536481185,3.4283531303691284,3.133676228303554,2.8176793087062904,2.762922498364357,2.7279571772320397,2.6354776416305064,2.3316717973756518,2.089809729705968,1.9487004628813345,1.866661117268697,1.6537332601227044,1.3892212993829491,7.475204569582185,7.203604728409836,6.915794563512988,6.488565809199136,6.1620618469670845,-0.400508154560725,5.659826601576879,5.637515399778231,-0.7029681788733301,5.493383109299112,5.41189906540273
3.540999999999721,0.28444405072112,-0.2733141094707112,5.3712871685289825,5.267955659580309,5.189812115829025,5.031040636688927,4.667555132538352,4.3420781998985545,4.052601826431797,9.818206166507208,2.893557252756655,2.322891262836394,1.6536777808417318,1.0465980210274073,0.49452830097276756,-0.12058904540964238,5.808335005358963,-0.6213032451227389,5.557891935906522,5.552603436222025,-0.8178864453240758,-0.8272433601346153,-0.6940225979568295,-0.8055048730793186,-0.9378049444519566,-1.1323722521608854,-1.1894109471399268,-1.228202043912928,-1.3366072850335988,4.93739654991716,-1.4591920028753929,4.737863119865223,-1.6443114229158367,4.570048056578678,4.197324040137775,-2.5068843848392617,3.459226885465453,-3.305746584344277,2.6304357675921852,2.21327212733227,2.0334681710093565,1.9988198109679445,1.906881262083659,1.6858164618253366,1.4132377064431132,7.413644270510432,0.8650852211560218,0.7782614867147791,7.050892777796655,0.8005474145160523,0.6759179893642046,0.4904628944401606,0.5288983875741289,0.513930043747316,0.5422760474447768,0.6552974525111063,0.6829855412286379,6.854902089199368,0.33532711759034683,6.499207168405617,6.426727279576786,6.3172241770858,6.084788355072428,5.928176787070575,5.808311284307377,5.848698558036808,6.063083782373907,6.18070391688381,6.129831013523128,6.100541094134532,5.947817200514323,5.755934237686771,5.659155627391321,5.52020764827711,5.174177377268646,4.835689801409341,4.264738587149617,4.070387973081324,3.758871610635652,3.4293773828514964,3.134528757407029,2.8184022302516007,2.7635647858094896,2.728561514535743,2.636085096355094,2.3323225553036644,2.0905383379586358,1.9495354147174508,1.8676266469956526,1.6548523252723688,1.390511394951294,7.476673533260424,7.205262085894462,6.9176434456774905,6.490614874696267,6.1642979011151535,-0.39809668416112504,5.662398687129124,5.640228500013499,-0.7001335122190189,5.496315527130719,5.414900330710167
3.55099999999972,0.28399343602685695,-0.2718843212235586,5.374317493609699,5.270981011689064,5.192788392233085,5.033918203601855,4.670272366501151,4.344578826115141,4.054828881460149,9.820066081673211,2.894950277127319,2.323778861420977,1.6539649768042557,1.046265769798848,0.4935648876316463,-0.12223273724576651,5.8060919494119165,-0.6241094892005713,5.5545421414015586,5.548740828817412,-0.8222252904964393,-0.8320089317214537,-0.6991626141312121,-0.8109560666840598,-0.9435014396262917,-1.1382469892774587,-1.195392212750375,-1.2342227270951682,-1.3426034392364559,4.931483948388702,-1.4649667007052105,4.732273036854881,-1.6496765983230666,4.564939918726448,4.192518526884589,-2.5113615133057663,3.4550764854125227,-3.309541337061387,2.6269752492630163,2.2101500486899206,2.0306525481944533,1.996296495295844,1.904641596342177,1.683857082006594,1.4115545802421277,7.412232934641049,0.8639421397073662,0.77737936587366,7.050275016846,0.8002015433114827,0.6758559823328971,0.49069926292879223,0.5294404705238647,0.5147894205644292,0.5434628055860395,0.656820512615144,0.6848454590603791,6.85709788131445,0.33785648545192587,6.502046077124204,6.429849793700049,6.320599235586961,6.088381587039943,5.9319394541840165,5.812192298984662,5.852643854592682,6.067038561858892,6.184612782687481,6.133641228935307,6.104203519536434,5.9512858274551785,5.7591701311243675,5.662133060320832,5.5229052488640225,5.17656924756037,4.837776144310734,4.266493046736171,4.071876885404512,3.760114426835159,3.4304072239420047,3.1353873519962074,2.819131444044445,2.7642133512712777,2.72917190227061,2.6366981900830053,2.3329783720087827,2.0912713322239824,1.9503740376760117,1.8685951230003632,1.6559736120299915,1.391803018614486,7.478143399637343,7.206919764463572,6.91949211295069,6.492663186527702,6.166532695919521,-0.3956869877794638,5.664968453070078,5.642938698114791,-0.6973023935510347,5.499243691706807,5.417896595932829
3.560999999999719,0.2835392929156911,-0.2704380749257653,5.377342061405747,5.273999869775869,5.195757503557484,5.036788037942465,4.672981427411528,4.347071050497812,4.0570475492102425,9.821917875161366,2.896335732866669,2.3246597365871033,1.6542465784728129,1.0459292872034236,0.4925987877761093,-0.12387741306584542,5.803849620450167,-0.6269132962903976,5.551196444193019,5.544883880818884,-0.8265571030858196,-0.8367663077656067,-0.7042935024617338,-0.816397517136738,-0.9491878665862453,-1.1441116206235558,-1.2013636002398382,-1.240234000992826,-1.3485908622690814,4.92557924023194,-1.4707344700987484,4.726688845744774,-1.6550369511623817,4.559835548483962,4.187715670933696,-2.515837039475407,3.450926802986218,-3.31333619905975,2.6235140244734154,2.2070268151142285,2.027835549762001,1.9937717603849534,1.9024006136056801,1.6818966163625277,1.4098707134994755,7.410821288020004,0.8627992229789655,0.7764978877245525,7.049658343564442,0.7998571310962316,0.6757956796237825,0.4909374253486387,0.5299842801118626,0.5156502602791615,0.5446505713971341,0.6583439428494687,0.686704935425753,6.85929226251401,0.34038334098487916,6.504881367942145,6.4329676083080605,6.323968577451217,6.091968185372807,5.935694765829257,5.8160654585360145,5.856581046530623,6.070985251493113,6.188513845774428,6.1374441910208954,6.107859486182146,5.954749012277835,5.762401780133849,5.665107561659858,5.525601306759706,5.178961032579333,4.839863811631446,4.268250261857359,4.073369674115063,3.7613620694988676,3.4314426182869915,3.136251976116214,2.819866915533606,2.7648681632985004,2.7297883135771475,2.637316901651715,2.3336392329077964,2.092008704416908,1.9512163295012057,1.8695665478006522,1.657097126433857,1.3930961783588849,7.479614176925417,7.208577771027663,6.92134056968781,6.494710745580305,6.16876622868173,-0.39327907128481937,5.6675358912895115,5.645645985025494,-0.6944748313004371,5.502167596906613,5.420887858870063
3.5709999999997177,0.28308168117335336,-0.2689752970590941,5.380360875152672,5.277012243333297,5.198719466060841,5.039650162776715,4.675682344878902,4.34955490797834,4.059257868303647,9.823761587635499,2.8977136605947655,2.3255339265956576,1.6545226195956226,1.045588600641089,0.4916300210091612,-0.1255230621910073,5.801608019811728,-0.6297146746221345,5.5478548268463515,5.541032566322854,-0.830881915937087,-0.8415155264471283,-0.7094153046903056,-0.8218292674582895,-0.9548642676380285,-1.1499661859337813,-1.2073251452536107,-1.2462358959412705,-1.3545695782843494,4.9196824078719015,-1.476495321901265,4.721110542147941,-1.660392479841391,4.55473495271245,4.182915484294027,-2.5203109469329434,3.4467778577784935,-3.3171311481189654,2.6200521168220288,2.2039024507003218,2.025017199252255,1.9912456283123465,1.9001583335556704,1.6799350811454743,1.4081861180310913,7.409409337168003,0.8616564715878602,0.7756170468854912,7.049042746595949,0.7995141608920888,0.6757370592939075,0.4911773558858311,0.5305297881750941,0.5165125340737797,0.5458393172069267,0.6598677184714258,0.6885639502448113,6.861485219007608,0.3429076781170802,6.507713042863694,6.436080733572032,6.327332220775103,6.095548175569376,5.9394427535655465,5.819930799047304,5.860510172721356,6.074923891128308,6.19240714507092,6.141239935967301,6.111509025823936,5.95820678082119,5.765629203438234,5.668079142182997,5.5282958243404945,5.181352726124279,4.841952789020199,4.270010210418344,4.074866311162403,3.7626145061499656,3.4324835308219255,3.1371225940990266,2.8206086104306625,2.7655291906595054,2.73041072175497,2.637941209984577,2.3343051234199446,2.0927504463741746,1.9520622877896256,1.870540923714084,1.6582228742896894,1.394390881931239,7.481085873117043,7.210236112321714,6.923188820133376,6.496757552712347,6.170998496757059,-0.39087294041706844,5.670100993867037,5.648350351918466,-0.6916508336526996,5.505087236845839,5.423874117524324
3.5809999999997166,0.28262066058120544,-0.2674959135926399,5.383373938232717,5.280018141931331,5.201674296000969,5.042504601088778,4.6783751483514395,4.352030433260811,4.061459877085311,9.82559725945185,2.89908410061511,2.326401469404405,1.6547931336513995,1.0452437372918706,0.49065860677560685,-0.12716967403012733,5.7993671488214575,-0.6325136323619397,5.544517272063557,5.537186859627429,-0.8351997616439791,-0.8462566256616783,-0.714528062259153,-0.8272513603758427,-0.9605306848179913,-1.1558107247124425,-1.213276883257109,-1.2522284421528318,-1.3605396113706654,4.913793433743724,-1.4822492669955756,4.7155381216028465,-1.6657431828679077,4.5496381381587225,4.178117978851331,-2.524783219388744,3.4426296692579474,-3.320926162140909,2.6165895497853118,2.2007769794180843,2.022197520075647,1.9887181210205203,1.8979147757373112,1.6779724924764878,1.4065008055366717,7.407997088516455,0.8605138861006676,0.7747368379710853,7.048428214634863,0.7991726158279508,0.6756800995634831,0.4914190289389602,0.5310769667981806,0.5173762133973827,0.5470290156120051,0.6613918149885393,0.6904224836523845,6.8636767371675935,0.34542949087292946,6.5105411039207315,6.4391891796221525,6.330690183548652,6.099121582961357,5.943183448737976,5.823788356355926,5.86443127176672,6.078854520340323,6.196292719233936,6.145028499711872,6.115152169995226,5.961659158746855,5.76885241963389,5.671047812596616,5.53098880397765,5.183744322053869,4.84404306224933,4.271772870508681,4.076366768729087,3.7638717045800054,3.433529926768438,3.137999170560369,2.8213564947070244,2.7661964023396806,2.7310391002609853,2.6385710940899267,2.334976028967143,2.0934965498557725,1.9529119099926306,1.8715182528611054,1.6593508611742847,1.3956871368424322,7.482558495987995,7.211894794907965,6.925036868422998,6.498803608754001,6.173229497553753,-0.38846860078881645,5.672663753069269,5.65105179019259,-0.6888304085513913,5.508002605873104,5.426855370098113
3.5909999999997155,0.28215629091609296,-0.2659998499945233,5.3863812541725435,5.283017575216007,5.204622009634538,5.045351375781728,4.681059867117694,4.354497660824009,4.0636536136264345,9.827424930662225,2.900447092917747,2.3272624026708546,1.6550581538518119,1.0448947241178064,0.48968456436339597,-0.12881723807912612,5.797127008791071,-0.635310177612929,5.541183762681784,5.533346735230382,-0.8395106725515886,-0.8509896430232858,-0.7196318163136466,-0.8326638383253652,-0.9661871598948674,-1.1616452762352028,-1.2192188495368137,-1.2582116697169856,-1.3665009855514223,4.907912300293788,-1.4879963163005134,4.709971579575081,-1.671089058848318,4.544545111456513,4.173323166369084,-2.5292538406784,3.4384822567697553,-3.32472121915012,2.6131263467170314,2.197650425111806,2.019376535512745,1.986189260317804,1.8956699595603212,1.6760088663466766,1.4048147876013055,7.4065845484091675,0.8593714670350894,0.7738572555936001,7.047814736426368,0.7988324791395393,0.6756247788148141,0.49166241911727543,0.5316257883110475,0.5182412699632274,0.5482196394739327,0.6629162081559429,0.6922805159959168,6.865866803527521,0.3479487733725153,6.513365553172639,6.442292956548106,6.3340424836564635,6.102688432715327,5.946916882479284,5.827638166052743,5.868344382001659,6.082777178431075,6.200170606653049,6.148809917943678,6.118788950012186,5.965106171540541,5.772071447191636,5.6740135835396,5.53368024803765,5.186135814286453,4.846134617213975,4.273538220400855,4.077871019228748,3.765133632846332,3.434581771631393,3.1388816703966507,2.822110534591019,2.7668697675389695,2.7316734227075967,2.639206533060209,2.3356519349742193,2.09424700654626,1.9537651934186786,1.8724985371681433,1.6604810924390871,1.3969849503711715,7.484032053100833,7.213553825178652,6.926884718585115,6.500848914507836,6.175459228532265,-0.386066057887296,5.67522416134701,5.653750291469387,-0.6860135637018019,5.510913698566457,5.42983161499093
3.6009999999997144,0.28168863195021376,-0.2644870312438743,5.389382826640953,5.286010552908087,5.207562623216749,5.0481905096782205,4.683736530308229,4.35695662492377,4.065839115727319,9.829244641017066,2.9018026771823435,2.328116763755112,1.6553177131439254,1.0445415878648725,0.48870791290495824,-0.13046574392027302,5.794887601019153,-0.6381043184158866,5.537854281671925,5.529512167827137,-0.8438146807588255,-0.8557146158670834,-0.724726607705097,-0.8380667434542788,-0.9718337343719919,-1.1674698795507163,-1.2251510792012024,-1.2641856086005414,-1.3724537247844806,4.902038989980817,-1.4937364807694264,4.704410911459039,-1.6764301064859788,4.539455879127803,4.168531058489375,-2.5337227947623284,3.434335639535629,-3.3285162972941604,2.609662530847811,2.194522811499854,2.016554268714241,1.9836590678787707,1.8934239042998617,1.6740442186185134,1.4031280756970725,7.405171723104005,0.8582292148613838,0.7729782943640104,7.047202300766921,0.7984937341691144,0.6755710755912385,0.4919075012389069,0.532176225286608,0.5191076757460922,0.5494111619165375,0.6644408739738424,0.6941380278333228,6.868055404780592,0.3504655198307755,6.516186392706155,6.445392074399572,6.337389138878747,6.106248749834228,5.950643085711639,5.831480263484037,5.872249541496216,6.086691904430524,6.204040845452301,6.152584226105252,6.122419396975313,5.968547844513424,5.77528630445784,5.676976465584078,5.536370158882485,5.188527196799851,4.848227439931263,4.27530623854885,4.079379035304053,3.7664002592695316,3.4356390311959903,3.139770058781943,2.822870696565018,2.767549255669421,2.732313662860947,2.639847506071121,2.3363328268691492,2.0950018080561,1.9546221352356266,1.8734817783706568,1.661613573213715,1.3982843295676204,7.485506551808238,7.215213209358693,6.928732374542724,6.502893470749301,6.177687687204511,-0.3836653170762363,5.677782211332477,5.65644584758967,-0.6832003065745158,5.513820509729917,5.4328028507963015
3.6109999999997133,0.281217743450999,-0.2629573818431112,5.392378659446667,5.288997084801717,5.210496153000999,5.0510220255211475,4.686405166897206,4.359407359595301,4.068016420920174,9.831056429968523,2.903150892781228,2.328964589722695,1.655571844212623,1.0441843550648977,0.48772867137852877,-0.13211518122149446,5.792648926791167,-0.6408960627499696,5.534528812137237,5.525683132308773,-0.8481118181208511,-0.860431581252009,-0.729812476993516,-0.8434601176240423,-0.9774704494894934,-1.1732845734822448,-1.2310736071816795,-1.270150288647838,-1.3783978529616616,4.8961734852769565,-1.4994697713887069,4.698856112579556,-1.6817663245796457,4.534370447584123,4.163741666733795,-2.538190065725371,3.4301898366537893,-3.3323113748439495,2.6061981252847057,2.191394162174375,2.0137307427009534,1.9811275652446576,1.891176629097414,1.6720785650271335,1.401440681184611,7.403758618774525,0.8570871300038025,0.7720999488930226,7.04659089650468,0.7981563643651852,0.6755189685960786,0.4921542503291096,0.5327282505384805,0.5199754029796742,0.5506035563232401,0.6659657886850133,0.6959949999308693,6.870242527778103,0.3529797245566627,6.519003624635245,6.4484865431867195,6.340730166892366,6.109802559158846,5.954362089148401,5.835314683753426,5.876146788057512,6.0905987370986185,6.207903473492089,6.156351459394339,6.12604354177101,5.971984202803502,5.778497009655502,5.679936469236145,5.53905853886991,5.190918463631106,4.850321516539494,4.277076903586695,4.080890789824688,3.767671552430912,3.43670167152489,3.1406643011649917,2.823636947362601,2.7682348363527813,2.732959794639189,2.6404939923807755,2.3370186900832963,2.0957609459229745,1.9554827324730022,1.874467978016148,1.6627483084094343,1.3995852812569745,7.4869819992563285,7.216872953508342,6.930579840115077,6.504937278227206,6.17991487113313,-0.38126638359770526,5.680337895836596,5.659138450610262,-0.6803906444089329,5.516723034390078,5.435769076298812
3.6209999999997122,0.2807436851810064,-0.2614108258305287,5.395368756536109,5.291977180763122,5.213422615238554,5.0538459459742855,4.689065805703954,4.361849898655473,4.070185566471902,9.832860336673463,2.904491778782406,2.3298059173473282,1.6558205794830079,1.0438230520374587,0.486746858609465,-0.1337655397356877,5.790410987379476,-0.6436854185334041,5.5312073373119786,5.521859603760063,-0.8524021162514863,-0.8651405759634789,-0.7348894644503463,-0.8488440024127046,-0.983097346226458,-1.179089396629256,-1.2369864682334957,-1.276105739580945,-1.3843333939082614,4.890315768668813,-1.5051961991763534,4.693307178193502,-1.6870977120219326,4.52928882312783,4.158955002504316,-2.542655637776383,3.4260448670989643,-3.3361064301940666,2.6027331530108015,2.188264500601022,2.0109059803638454,1.9785947738237928,1.8889281529616504,1.670111921181606,1.399752615314658,7.402345241511564,0.8559452128419944,0.7712222137920717,7.04598051253992,0.7978203532822149,0.6754684366915987,0.49240264161853003,0.533281837118735,0.5208444241540251,0.5517967963344143,0.6674909287723243,0.6978514132610805,6.872428159527928,0.3554913819523116,6.521817251100938,6.451576372880677,6.344065585271854,6.113349885369266,5.95807392329588,5.839141461723779,5.880036159231712,6.094497714927243,6.211758528371016,6.160111652765639,6.129661415073153,5.975415271376956,5.781703580885329,5.682893604936559,5.5417453903537215,5.193309608876245,4.852416833297331,4.278850194327046,4.082406255885338,3.7689474811699992,3.437769658955387,3.141564363266277,2.8244092539657655,2.7689264794181216,2.733611792110787,2.6411459713288865,2.337709510051657,2.096524411613089,1.956346982024244,1.8754571374671296,1.663885302722582,1.4008878120429882,7.488458402387894,7.218533063525789,6.932427119019351,6.5069803376641895,6.182140777930763,-0.3788692625739207,5.682891207846303,5.661828092800753,-0.677584584216739,5.519621267792757,5.438730290471206
3.630999999999711,0.2802665168978256,-0.2598472867932001,5.398353121991227,5.2949508507293075,5.216342026178201,5.056662293622932,4.691718475394505,4.36428427570507,4.072346589386822,9.834656399996462,2.9058253739525393,2.330640783113714,1.656063951122784,1.0434577048917657,0.4857624932715526,-0.1354168093000388,5.7881737840433365,-0.6464723936241763,5.527889840560043,5.518041557457516,-0.8566856065255938,-0.8698416365160264,-0.7399576100611585,-0.8542184391174259,-0.9887144653030712,-1.1848843873690071,-1.242889696936665,-1.2820519909998698,-1.390260371382582,4.884465822658483,-1.5109157751805675,4.687764103491362,-1.692424267797797,4.524211011953373,4.154171077084163,-2.547119495247815,3.4219007497223966,-3.3399014418630264,2.599267636884852,2.185133850118715,2.0080800044640648,1.9760607148920242,1.8866784947692985,1.6681443025661875,1.3980638892295556,7.400931597324797,0.8548034637123744,0.7703450836742908,7.045371137825412,0.7974856845803221,0.6754194588979746,0.49265265054149393,0.5338369583156711,0.5217147120130202,0.5529908558447846,0.6690162709562962,0.6997072490006675,6.874612287192984,0.35800048651220995,6.524627274271176,6.454661573414004,6.347395411490402,6.116890752986324,5.961778618455063,5.842960632019115,5.883917692305975,6.098388876142163,6.2156060474277615,6.163864840932538,6.13327304734465,5.978841075029482,5.784906036126793,5.685847883061444,5.5444307156839905,5.195700626690016,4.85451337658297,4.280626089759735,4.083925406803687,3.770228014582061,3.438842960096603,3.142470211075097,2.8251875836021685,2.7696241548995038,2.7342696294928492,2.6418034223359608,2.3384052722130995,2.0972921965224613,1.9572148806489138,1.8764492579040513,1.6650245606379364,1.4021919283114455,7.48993576794561,7.220193545149737,6.9342742148722945,6.509022649757185,6.184365405259342,-0.3764739590090357,5.685442140521914,5.664514766640303,-0.6747821327853242,5.522515205399685,5.441686492471509
3.64099999999971,0.27978629835399343,-0.2582666878802056,5.401331760027344,5.29791810470677,5.2192544020659275,5.059471090974516,4.694363204483118,4.366710524131023,4.074499526409385,9.836444658512757,2.907151716759899,2.3314692232202723,1.656301991044618,1.04308833952853,0.48477559388830327,-0.13706897983534586,5.785937318028935,-0.6492569958207149,5.524576305373622,5.514228968867445,-0.8609623200814333,-0.8745347991559147,-0.7450169535283168,-0.8595834687569692,-0.9943218471827309,-1.19066958385811,-1.248783327696873,-1.2879890723827707,-1.3961788090754794,4.878623629764539,-1.5166285104783808,4.682226883598766,-1.697745990983056,4.51913702014853,4.149389901638674,-2.551581622595289,3.4177575032518837,-3.34369638849353,2.5958015996409376,2.1820022339394107,2.005252837632997,1.9735254095931585,1.8844276732659968,1.6661757245415563,1.3963745139647328,7.399517692144266,0.8536618829094628,0.7694685531554529,7.044762761366804,0.7971523420249772,0.6753720143922703,0.4929042527343152,0.5343935876516255,0.522586239551861,0.5541857090008576,0.6705417921926888,0.7015624885284795,6.876794898089733,0.3605070328223714,6.527433696340654,6.45774215468113,6.3507196629208575,6.120425186373019,5.9654762047233305,5.846772229026484,5.887791424310408,6.10227225870494,6.219446067742922,6.167611058368837,6.136878468839,5.982261638387624,5.78810439323918,5.688799313922965,5.547114517207312,5.198091511285628,4.856611132893314,4.282404569050352,4.0854482161184515,3.7715131220156524,3.4399215418267195,3.1433818108467024,2.8259719037424156,2.7703278330336785,2.734933281149484,2.6424663249025233,2.3391059620106147,2.098064291978197,1.9580864249748786,1.877444340328183,1.6661660864320433,1.4034976362335791,7.491414102475173,7.221854403961927,6.936121131191845,6.511064215177877,6.18658875082939,-0.37408047779089515,5.687990687194516,5.6671984648145,-0.6719832966811542,5.525404842885253,5.444637681640197
3.650999999999709,0.2793030892969176,-0.2566689518161962,5.404304674991025,5.300878952770222,5.222159759144575,5.0622723604592075,4.697000021333766,4.369128677108594,4.076644414026842,9.838225150511171,2.9084708453772876,2.3322912735818604,1.6565347309084812,1.0427149816418186,0.48378617883424224,-0.13872204134534735,5.783701590569379,-0.6520392328625682,5.521266715371879,5.5104218136440695,-0.8652322878229919,-0.8792200998637166,-0.7500675342736128,-0.8649391320741627,-0.9999195320741393,-1.1964450240340816,-1.2546673947463816,-1.2939170130861761,-1.402088730609929,4.8727891725229995,-1.5223344161743133,4.676695513577995,-1.7030628807429287,4.514066853695631,4.144611487216168,-2.5560420043971708,3.4136151462918214,-3.347491248852688,2.5923350638881586,2.178869675147913,2.002424502372338,1.9709888789394008,1.8821757070671454,1.664206202346027,1.3946845004501573,7.398103531821874,0.8525204706871903,0.7685926168548883,7.044155372222977,0.7968203094866965,0.675326082507425,0.49315742403362567,0.5349516988808075,0.5234589800146126,0.555381330198386,0.672067469670119,0.7034171134234783,6.878975979686687,0.3630110155595122,6.530236519530649,6.460818126538804,6.354038356836678,6.123953209735922,5.969166711996158,5.850576286897828,5.891657392019993,6.1061479003148635,6.223278626140867,6.171350339310472,6.140477709601824,5.9856769859100964,5.791298669962623,5.6917479077699955,5.549796797267025,5.200482256934479,4.858710088843156,4.284185611538832,4.08697465758739,3.772802773070188,3.441005371290238,3.14429912909946,2.8267621820973847,2.7710374842578265,2.735602721590195,2.6431346586083486,2.339811564891564,2.0988406892397493,1.9589616115004662,1.878442385564462,1.6673098841764873,1.4048049417694384,7.492893412328413,7.2235156453896225,6.9379678713987305,6.51310503457315,6.18881081239933,-0.371688823692767,5.690536841363409,5.66987918021226,-0.6691880822530909,5.528290176133296,5.4475838574973965
3.660999999999708,0.27881694946880936,-0.2550540009152991,5.40727187135798,5.303833405061336,5.225058113653512,5.065066124430511,4.699628954161608,4.371538767603547,4.078781288471879,9.839997913996976,2.9097827976849264,2.3331069698324653,1.6567622021239732,1.0423376567208953,0.4827942663361867,-0.14037598391605569,5.781466602884722,-0.6548191124310738,5.517961054299631,5.506620067627609,-0.8694955404222877,-0.883897574356867,-0.7551093914408687,-0.8702854695383324,-1.0055075599333683,-1.2022107456168762,-1.2605419321449267,-1.2998358423452074,-1.4079901595406075,4.8669624334882755,-1.528033503399063,4.671169988429455,-1.708374936330607,4.509000518472764,4.139835844748781,-2.5605006253541287,3.409473697323274,-3.351286001832219,2.5888680521103513,2.175736196701698,1.9995950210541784,1.9684511438118046,1.8799226146587478,1.6622357510967483,1.3929938595117615,7.396689122132843,0.8513792272601738,0.7677172693963756,7.0435489595063885,0.79648957094073,0.6752816427312478,0.49341214047472437,0.5355112659871644,0.5243329068917733,0.5565776940798671,0.6735932808077065,0.7052711054627363,6.881155519602936,0.365512429490232,6.533035746088852,6.4638894988065125,6.357351510412888,6.127474847126566,5.972850169968791,5.854372839551846,5.895515631956506,6.110015838410848,6.22710375919157,6.175082717757222,6.144070799472415,5.989087141889095,5.794488883919139,5.694693674788775,5.5524775582034245,5.202872857965877,4.860810231164342,4.285969196738029,4.088504705185364,3.774096937593533,3.442094415895269,3.1452221326120546,2.8275583866155864,2.771753079207325,2.7362779254682876,2.6438084031117097,2.34052206630793,2.099621379500167,1.95984043659659,1.8794433942642947,1.6684559577411209,1.4061138506712074,7.4943737036663425,7.225177274708073,6.9398144388180345,6.515145108565529,6.1910315877748,-0.3692990013750447,5.693080596693584,5.672556905922782,-0.6663964956356645,5.531171201233923,5.45052501974013
3.6709999999997067,0.2783279386066228,-0.2534217570953777,5.410233353730988,5.30678147178749,5.227949481828287,5.067852405165842,4.702250031034436,4.37394082837427,4.080910185725214,9.841762986694768,2.911087611273317,2.333916347327869,1.6569844358526222,1.0419563900520459,0.4817998744745146,-0.1420307977150945,5.779232356181977,-0.6575966421500212,5.514659306026047,5.502823706842434,-0.8737521083216494,-0.8885672580921854,-0.7601425638985109,-0.8756225213477065,-1.011085970465902,-1.207966786110403,-1.2664069737806092,-1.3057455892738112,-1.413883119353491,4.861143395234083,-1.5337257833082243,4.66565030309312,-1.7136821570858514,4.503938020254954,4.13506298505332,-2.5649574702886944,3.405333174704056,-3.3550806264486233,2.5854005866658327,2.172601821430764,1.9967644159211086,1.9659122249607226,1.8776684143982465,1.6602643857908805,1.391302601872838,7.395274468777135,0.85023815280496,0.7668425054090084,7.042943512383398,0.796160110466748,0.6752386747054211,0.49366837828994775,0.5360722631822732,0.5252079939178775,0.5577747755320732,0.6751192032527508,0.707124446619455,6.883333505606676,0.36801126947019686,6.5358313782891875,6.466956281266905,6.360659140727016,6.13099012244281,5.97652660813792,5.858161920675823,5.899366180390431,6.11387611017335,6.230921503212436,6.178808227474422,6.147657768085258,5.992492130451594,5.797675052613633,5.697636625103558,5.5551568023539755,5.2052633087667575,4.8629115467049395,4.287755304332309,4.0900383331023935,3.7753955856796186,3.4431886433108567,3.1461507884207247,2.8283604854805637,2.772474588713557,2.736958867579321,2.644487538148647,2.341237451716568,2.100406353887327,1.9607228965088461,1.880447366908323,1.6696043107972438,1.4074243684864727,7.495854982462174,7.226839297042916,6.941660836680742,6.517184437753627,6.193251074807996,-0.3669110153869256,5.695621947013238,5.67523163523253,-0.6636085427522997,5.534047914480402,5.453461168239588
3.6809999999997056,0.27783611644199996,-0.251772141892656,5.413189126837849,5.309723163220539,5.2308338799003,5.0706312248670935,4.704863279874087,4.37633489197389,4.083031141518178,9.843520406051281,2.9123853234460775,2.334719441148294,1.6572014630101706,1.041571206720389,0.480803021184424,-0.14368647299104162,5.776998851655132,-0.6603718295863076,5.511361454543362,5.4990327074951955,-0.8780020217359689,-0.8932291862683689,-0.7651670902421122,-0.880950327431792,-1.016654803128658,-1.2137131828040308,-1.272262553370785,-1.3116462828649944,-1.4197676334654705,4.855332040354337,-1.5394112670810356,4.660136452449947,-1.7189845424336117,4.4988793647153384,4.130292918832102,-2.569412524144812,3.401193596668834,-3.358875101843336,2.5819326897871675,2.1694665720375066,1.993932709086334,1.9633721430062632,1.8754131245153525,1.6582921213067594,1.389610738155415,7.393859577380873,0.8490972474612414,0.7659683195280375,7.042339020074577,0.7958319122485205,0.6751971582245128,0.4939261139070578,0.5366346649032612,0.5260842150691285,0.5589725496836141,0.6766452148784337,0.7089771190610071,6.885509925613761,0.37050753044332624,6.5386234184316265,6.4700184836661805,6.363961264760008,6.134499059430201,5.98019605580332,5.861943563727458,5.9032090733428575,6.1177287525262445,6.234731894270121,6.182526901994648,6.151238644871554,5.995891975560647,5.80085719343491,5.700576768777249,5.557834532053503,5.207653603781383,4.865014022428412,4.289543914176152,4.091575515741722,3.776698687666083,3.444288021464332,3.147085063816537,2.8291684471083234,2.7732019838017496,2.73764552285957,2.645172043532251,2.3419577065794623,2.1011956034651593,1.9616089873595854,1.8814543038091502,1.6707549468207354,1.4087365005614436,7.497337254504279,7.228501717372562,6.943507068125268,6.519223022712557,6.195469271397003,-0.3645248701680627,5.698160886311319,5.677903361622278,-0.6608242293184946,5.536920312366067,5.456392303038449
3.6909999999997045,0.2773415427012203,-0.2501050764767136,5.416139195529357,5.312658489695593,5.233711324096458,5.073402605661196,4.707468728457862,4.378720990752344,4.085144191335248,9.845270209238175,2.91367597122274,2.3355162861010195,1.657413314268836,1.041182131611673,0.4798037242571827,-0.14534300007277612,5.774766090485165,-0.6631446822505861,5.508067483965601,5.495247045973008,-0.8822453106549316,-0.8978833938284589,-0.7701830087969054,-0.8862689274537229,-1.0222140971319809,-1.219449972774073,-1.2781087044629444,-1.3175379519910637,-1.4256437252239789,4.849528351464026,-1.5450899659191561,4.654628431323263,-1.7242820918826747,4.493824557426309,4.125525656673779,-2.573865771987382,3.3970549813292434,-3.36266940728285,2.5784643835809695,2.1663304710966114,1.9910999225338084,1.9608309184387531,1.8731567631128674,1.6563189724050345,1.3879182788815996,7.39244445349769,0.8479565113330424,0.7650947063956901,7.041735471855013,0.7955049605735968,0.675157073234995,0.49418532394765063,0.5371984458107524,0.5269615445610639,0.5601709919025305,0.6781712937815526,0.7108291051470002,6.887684767686261,0.37300120744098403,6.541411868842009,6.473076115714499,6.367257899397139,6.138001681683308,5.983858542069487,5.865717801936681,5.90704434658736,6.121573802138714,6.238534968182352,6.186238774619414,6.154813459060722,5.9992867010166595,5.80403532365666,5.703514115812022,5.560510749634384,5.210043737511049,4.8671176454127805,4.291335006292739,4.093116227717916,3.7780062141319273,3.4453925185386898,3.148024926342695,2.8299822401448127,2.7739352356888487,2.738337866384529,2.6458618991519596,2.3426828163639777,2.101989119234846,1.9624987051499576,1.8824642051140303,1.6719078690951432,1.4100502520441238,7.498820525399102,7.230164540530532,6.945353136198954,6.521260863994369,6.197686175485149,-0.36214057005019173,5.700697408735127,5.680572078764184,-0.6580435608449526,5.539788391581294,5.459318424348226
3.7009999999997034,0.2768442771051541,-0.24842048166586153,5.419083564777306,5.3155874616098036,5.236581830638847,5.0761665696006535,4.710066404419889,4.381099156858421,4.0872493704165525,9.84701243315478,2.9149595913415265,2.336306916722973,1.6576200200595574,1.0407891894140582,0.4788020013413692,-0.1470003693688311,5.772534073840053,-0.6659152075979078,5.504777378527317,5.491466698841633,-0.8864820048452203,-0.9025299154622775,-0.7751903576202684,-0.8915783608125811,-1.0277638914416203,-1.2251771928852624,-1.2839454604355907,-1.323420625403874,-1.43151141790664,4.843732311200055,-1.5507618910454706,4.649126234480113,-1.7295748050243378,4.488773603860647,4.120761209054161,-2.5783171990018086,3.392917346674013,-3.366463522158827,2.5749956900277153,2.163193541054973,1.9882660781183799,1.9582885716192033,1.8708993481674994,1.6543449537298,1.3862252344749015,7.391029102610085,0.8468159444898775,0.764221660661966,7.041132857054582,0.7951792398329783,0.6751183998342736,0.49444598522558203,0.5377635807868406,0.5278399568462514,0.561370077793919,0.6796974182802813,0.7126803874273602,6.8898580200310455,0.3754922955811731,6.544196731871844,6.476129187086358,6.370549061428906,6.141498012647038,5.987514095847261,5.869484668307437,5.910872035651881,6.125411295427125,6.242330760519721,6.189943878420853,6.158382239681915,6.002676330458669,5.807209460438452,5.706448676149936,5.563185457426716,5.212433704513783,4.869222402849788,4.29312856087258,4.094660443854959,3.7793181358952044,3.4465021029700074,3.1489703437918735,2.83080183346342,2.7746743157814207,2.739035873367426,2.6465570849728723,2.343412766543118,2.102786892136021,1.9633920457619256,1.8834770708075166,1.6730630807147262,1.4113656278874342,7.500304800574045,7.231827771207765,6.94719904385954,6.523297962128461,6.199901785060374,-0.3597581192587332,5.70323150858793,5.683237780518928,-0.6552665426406721,5.542652149010499,5.462239532546658
3.7109999999997023,0.2763443793692179,-0.2467182779429137,5.422022239672514,5.31851008942117,5.239445415744386,5.078923138664082,4.712656335252498,4.383469422241782,4.089346713760346,9.848747114430836,2.9162362202620904,2.3370913672833025,1.6578216105742176,1.0403924046198862,0.47779786994410295,-0.14865857136675034,5.770302802874801,-0.6686834130283578,5.501491122582345,5.487691642843703,-0.8907121338526948,-0.9071687856088378,-0.7801891745041789,-0.8968786666456918,-1.0333042247806807,-1.2308948797922086,-1.2897728544991107,-1.3292943317350803,-1.437370734720926,4.8379439022220705,-1.5564270537029201,4.6436298566325975,-1.7348626815311017,4.4837265093926435,4.115999586337042,-2.582766790493527,3.38878071056912,-3.3702574259881732,2.571526630981589,2.160055804231627,1.98543119756595,1.95574512277978,1.868640897530674,1.6523700798097052,1.3845316152615295,7.38961353013073,0.8456755469678813,0.7633491769854084,7.040531165058222,0.7948547345207893,0.6750811182697225,0.4947080747454132,0.538330044933089,0.5287194266120134,0.5625697831975877,0.6812235669119551,0.7145309486404385,6.892029670998367,0.3779807900677344,6.546978009898124,6.47917770742096,6.373834767551901,6.144988075617951,5.991162745855421,5.873244195619482,5.914692175820586,6.129241268556881,6.2461193066074925,6.193642246243383,6.161945015565495,6.006060887365607,5.810379620826696,5.709380459673537,5.565858657758497,5.214823499404022,4.871328282044068,4.294924558272107,4.09620813918437,3.7806344240107186,3.447616743444881,3.1499212842036,2.8316271961625232,2.7754191956735896,2.7397395191577747,2.64725758103508,2.3441475425957856,2.1035889130479477,1.964289004960258,1.8844929007140754,1.6742205845874525,1.4126826328522915,7.501790085280291,7.233491413954884,6.949044793976623,6.525334317621989,6.20211609815459,-0.35737752191437044,5.705763180326628,5.685900460932861,-0.6524931798159875,5.545511581729186,5.465155628175125
3.720999999999701,0.2758419092033312,-0.24499838547135608,5.424955225422872,5.321426383647353,5.2423020956245026,5.081672334756727,4.715238548307534,4.385831818654952,4.091436256125454,9.850474289429167,2.9175058941682366,2.3378696717859158,1.6580181157678495,1.0399918015274314,0.47679134743226675,-0.15031759663244962,5.768072278731454,-0.6714493058876811,5.498208700602566,5.483921854896928,-0.8949357270045468,-0.911800038458726,-0.7851794969776423,-0.9021698838308908,-1.0388351356315526,-1.2366030699408415,-1.2955909196966429,-1.3351590994963922,-1.4432216988038329,4.832163107213259,-1.5620854651533616,4.638139292439168,-1.7401457211553937,4.47868327929919,4.1112407987750075,-2.5872145318875384,3.384645090757944,-3.3740510984131094,2.5680572281703493,2.1569172828177114,1.9825953024736482,1.9532005920242776,1.8663814289293363,1.650394365059045,1.3828374314716645,7.388197741403748,0.8445353187709126,0.7624772500338577,7.039930385306189,0.7945314292339437,0.6750452089377273,0.49497156970087247,0.5388978135685523,0.5295999287781826,0.5637700841857403,0.6827497184308859,0.7163807717111387,6.894199709080457,0.38046668618954954,6.549755705323112,6.482221686322582,6.377115034369671,6.1484718937455405,5.994804520622273,5.876996416430143,5.918504802135721,6.1330637574442814,6.249900641527383,6.197333910705382,6.165501815344541,6.0094403950575455,5.813545821755609,5.7123094762064515,5.568530352955777,5.21721311685231,4.873435270412307,4.296722979012313,4.09775928894333,3.7819550497677588,3.448736408897893,3.15087771586166,2.832458297563055,2.7761698471450074,2.7404487792399417,2.647963367453003,2.344887130007036,2.1043951727906833,1.965189578394491,1.8855116945006651,1.6753803834379548,1.414001271510641,7.503276384595594,7.235155473184436,6.950890389333089,6.527369930960275,6.204329112843072,-0.35499878203460317,5.708292418559453,5.688560114235226,-0.6497234772855706,5.548366687001042,5.4680667119361
3.7309999999997,0.2753369263118731,-0.24326072411193086,5.4278825273514215,5.324336354864509,5.245151886484784,5.084414179710979,4.717813070797698,4.388186377655281,4.093518032033689,9.852193994248372,2.918768648970608,2.3386418639720032,1.6582095653608224,1.0395874042426423,0.47578245103371836,-0.1519774358095836,5.765842502539112,-0.6742128934679056,5.4949300971766855,5.480157312092362,-0.8991528134114327,-0.9164237079564569,-0.7901613623090913,-0.9074520509887668,-1.0443566622378229,-1.2423017995698442,-1.301399688904939,-1.341014957079839,-1.449064333221572,4.826389908881135,-1.5677371366764512,4.632654536505902,-1.7454239237283067,4.473643918760866,4.106484856510237,-2.591660408727932,3.380510504861443,-3.3778445192012057,2.5645875031952183,2.1537779988764405,1.9797584143100166,1.9506549993285986,1.8641209599667474,1.64841782377884,1.3811426932407098,7.386781741705985,0.84339525987163,0.7616058744851784,7.039330507294293,0.7942093086718091,0.675010652382736,0.4952364474733358,0.5394668622278278,0.5304814384948856,0.564970957060691,0.6842758518062031,0.7182298397490638,6.896368122910149,0.38294997931974756,6.552529820574153,6.485261133360929,6.380389878393579,6.151949490033513,5.99843944848722,5.880741363076074,5.922309949399445,6.136878797758366,6.253674800119341,6.201018904200836,6.169052667456306,6.012814876696948,5.816708080048164,5.715235735513973,5.571200545342813,5.21960255158496,4.875543355482406,4.298523803777367,4.099313868572832,3.7832799846878427,3.4498610685091156,3.151839607291536,2.833295107206121,2.776926242158851,2.7411636292317425,2.648674424414752,2.3456315142683413,2.1052056621262376,1.9660937616008698,1.8865334516792747,1.6765424798104442,1.4153215482484427,7.504763703427031,7.2368199531730975,6.95273583262652,6.5294048026072025,6.206540827243842,-0.352621903535278,5.71081921804369,5.6912167348354,-0.6469574397713863,5.551217462275056,5.47097278469065
3.740999999999699,0.27482949039363785,-0.24150521343963785,5.430804150894453,5.327240013706127,5.247994804524653,5.087148695286865,4.72037992979783,4.390533130606881,4.09559207577223,9.85390626472542,2.9200245203093442,2.3394079773225323,1.6583959888410067,1.0391792366808643,0.47477119783849375,-0.1536380796189159,5.763613475413952,-0.6769741830079554,5.491655297009026,5.476397991692661,-0.9033634219695812,-0.9210398278028016,-0.7951348075087569,-0.9127252064848784,-1.0498688426061626,-1.2479911047120678,-1.3071991948352222,-1.3468619327580356,-1.4548986609692725,4.82062428995829,-1.5733820795685554,4.627175583387756,-1.750697289158367,4.468608432863009,4.101731769575311,-2.5961044066774086,3.376376970378341,-3.3816376682454097,2.5611174775307908,2.1506379743431014,1.9769205544152109,1.948108364541235,1.861859508123278,1.646440470157899,1.379447410610518,7.385365536248226,0.8422553702125442,0.7607350450279691,7.038731520574132,0.7938883576358664,0.6749774292963173,0.49550268563032357,0.5400371666591274,0.5313639311403549,0.5661723783526075,0.6858019462197184,0.7200781360466849,6.8985349012595,0.3854306649149163,6.555300358103463,6.488296058071473,6.383659316043634,6.155420887341045,6.00206755760232,5.884479067674998,5.92610765217566,6.1406864249227455,6.257441816983317,6.204697258900992,6.172597600143694,6.016184355289902,5.819866412417036,5.718159247303625,5.573869237242213,5.221991798383739,4.877652524892644,4.30032701341325,4.100871853715832,3.784609200522489,3.450990691701631,3.1528069272578816,2.8341375948506347,2.7776883528598537,2.741884044883063,2.649390732181497,2.346380680877848,2.1060203717597115,1.967001550004259,1.887558171609431,1.6777068760715788,1.4166434672686146,7.506252046513696,7.238484858063825,6.954581126470589,6.531438933005607,6.20875123951707,-0.35024689023209604,5.713343573683454,5.693870317320194,-0.6441950718056066,5.5540639051826926,5.473873847455946
3.750999999999698,0.2743196611417871,-0.23973177276117086,5.433720101599625,5.330137370861884,5.2508308659370275,5.089875903172544,4.72293915224619,4.392872108682538,4.097658421395976,9.855611136438288,2.9212735435567145,2.3401680450607207,1.6585774154659227,1.0387673225685532,0.4737576048000001,-0.15529951885769513,5.761385198459253,-0.6797331816942573,5.488384284918332,5.472643871130372,-0.9075675813628771,-0.9256484314570906,-0.8000998693310146,-0.9179893884319452,-1.0553717145081951,-1.253671021195935,-1.3129894700340383,-1.3527000546844525,-1.4607247049706982,4.814866233203137,-1.5790203051416847,4.621702427589782,-1.7559658174303208,4.463576826596759,4.096981547893997,-2.600546511516796,3.3722445046853293,-3.38543052556404,2.557647172524966,2.147497231025067,1.974081744001209,1.9455607073837562,1.8595970907571906,1.6444623182738662,1.3777515935305953,7.383949130176417,0.8411156497070432,0.7598647563622487,7.038133414753298,0.793568561029367,0.6749455205162251,0.49577026192401497,0.5406087028223752,0.5322473823187684,0.567374324817283,0.6873279810638193,0.7219256440775292,6.9007000330384365,0.3879087385143184,6.558067320387916,6.491326469955794,6.386923363649312,6.158886108384029,6.005688875933825,5.888209562127437,5.929897944791829,6.144486674117421,6.261201726481025,6.208369006755989,6.176136641456717,6.0195488536873425,5.823020835465527,5.7210800212257364,5.576536430975065,5.22438085208553,4.879762766390848,4.302132588926397,4.102433220215427,3.785942669251012,3.4521252481390894,3.153779644762027,2.834985730470995,2.7784561515723603,2.742610002074495,2.6501122710868503,2.3471346153406367,2.1068392923404238,1.9679129389200314,1.8885858535006665,1.6788735744132917,1.4179670325939318,7.507741418429378,7.24015019186801,6.956426273396412,6.533472322577663,6.2109603478644875,-0.347873745842097,5.715865480527475,5.696520856451165,-0.6414363777334833,5.556906013535109,5.4767699014028235
3.760999999999697,0.2738074982437992,-0.2379403211327922,5.436630385124115,5.33302843707651,5.2536600869079875,5.092595824984784,4.725490764945709,4.395203342865593,4.099717102729872,9.857308644708505,2.922515753819723,2.3409221001544838,1.6587538742648682,1.03835168544497,0.4727416887362005,-0.15696174439903418,5.759157672765413,-0.6824898966613416,5.485117045836584,5.468894928006236,-0.9117653200649238,-0.9302495521394899,-0.8050565842767018,-0.923244634692014,-1.0608653154823455,-1.2593415846468312,-1.3187705468841076,-1.3585293508936955,-1.4665424880779807,4.809115721400627,-1.584651824722455,4.616235063568333,-1.7612295086039431,4.458549104860105,4.0922342012820465,-2.6049867091445598,3.36811312503728,-3.389223071300776,2.5541766093988993,2.144355790601827,1.9712420041520373,1.9430120474512957,1.8573337251054225,1.6424833820942526,1.3760552518592857,7.382532528572835,0.8399760982403952,0.7589950032001244,7.037536179495585,0.7932499038569867,0.6749149070254721,0.49603915428977824,0.5411814468873278,0.5331317678581179,0.5685767734339344,0.6888539359393857,0.7237723474943889,6.902863507293397,0.39038419573911054,6.560830709928839,6.494352378481906,6.3901820374503755,6.162345175736293,6.0093034312637075,5.891932878118423,5.933680861340773,6.148279580280604,6.264954562737697,6.212034179496503,6.179669819253941,6.022908394586266,5.8261713656884915,5.723998066873985,5.579202128861077,5.226769707582,4.881874067833549,4.303940511482339,4.103997944113035,3.7872803630783305,3.4532647077232856,3.154757729039512,2.835839484254795,2.779229610798415,2.7433414768160063,2.650839021536262,2.3478933031689886,2.107662414463031,1.9688279235559305,1.8896164964149595,1.6800425768555811,1.4192922480698826,7.509231823585175,7.2418159584675745,6.958271275853908,6.535504971725266,6.213168150528802,-0.34550247398512124,5.718384933766939,5.6991683471620025,-0.6386813617161772,5.559743785320389,5.4796609478533735
3.7709999999996957,0.273293061381413,-0.23613077737865998,5.439535007232789,5.33591322314867,5.256482483616447,5.095308482269434,4.728034794565237,4.3975268639518035,4.101768153371204,9.858998824603708,2.9237511859426837,2.341670175318857,1.6589253940410287,1.0379323486638632,0.47172346633078854,-0.15862474719129513,5.756930899409968,-0.6852443349924362,5.481853564807832,5.465151140087515,-0.9159566663410814,-0.9348432228332506,-0.810004988595409,-0.9284909828786021,-1.0663496828356678,-1.2650028304884815,-1.3245424576051674,-1.3643498493017867,-1.4723520330713633,4.803372737362942,-1.5902766496510696,4.610773485732232,-1.7664883628128671,4.453525272458898,4.0874897394479675,-2.6094249855763123,3.3639828485674714,-3.3930152857246236,2.550705809246978,2.1412136746250385,1.9684013558240008,1.9404624042130472,1.8550694282843563,1.6405036754774556,1.3743583953649328,7.381115736457243,0.8388367156707234,0.7581257802664383,7.036939804521176,0.7929323712244762,0.6748855699514075,0.4963093408447177,0.5417553752317179,0.5340170638081022,0.5697797014030302,0.6903797906537319,0.7256182301275484,6.905025313206014,0.392857032291569,6.563590529251796,6.497373793084576,6.39343535359767,6.165798111830833,6.012911251191174,5.895649047119195,5.937456435682467,6.152065178110512,6.268700359643817,6.215692808635353,6.1831971612039345,6.026263000530939,5.829318019473245,5.726913393785944,5.581866333218685,5.229158359819252,4.883986417185151,4.305750762404365,4.1055660016466,3.7886222544328056,3.45440904059177,3.155741149557653,2.8366988266005535,2.7800087032158824,2.744078445245626,2.6515709640064316,2.34865672988264,2.1084897286686255,1.969746499013912,1.8906500992691326,1.6812138852492569,1.420619117367483,7.510723266232085,7.243482161617038,6.960116136213118,6.537536880830404,6.215374645793121,-0.343133078185251,5.7209019287333405,5.701812784555924,-0.6359300277335513,5.562577218700835,5.482546988278558
3.7809999999996946,0.27277641023056565,-0.23430306010961408,5.442433973796389,5.338791739929852,5.259298072233822,5.098013896501888,4.730571267640757,4.399842702551175,4.103811606691863,9.860681710940149,2.9249798745097753,2.3424123030184014,1.659092003373567,1.0375093353951375,0.4707029541343539,-0.1602885182574779,5.754704879457618,-0.6879965037200514,5.478593826987039,5.461412485306329,-0.9201416482504818,-0.9394294762869347,-0.8149451182877474,-0.9337284703588153,-1.0718248536456543,-1.2706547939443162,-1.3303052342548114,-1.370161577706449,-1.4781533626589582,4.797637263930177,-1.5958947912803272,4.605317688443922,-1.7717423802634364,4.448505334107864,4.082748171993805,-2.6138613269443196,3.359853692287825,-3.3968071492298577,2.547234793036808,2.138070904518589,1.965559819845932,1.9379117970127573,1.8528042172905896,1.6385232121737607,1.3726610337270178,7.3796987587880265,0.8376975018299617,0.7572570822993973,7.036344279606826,0.7926159483383093,0.6748574905648038,0.4965807998862356,0.5423304644394203,0.5349032464380483,0.5709830861441445,0.6919055252185735,0.7274632759830331,6.907185440091776,0.39532724395431823,6.5663467809063665,6.500390723165633,6.396683328153907,6.169244938960999,6.016512363134158,5.899358100388894,5.941224701445817,6.155843502067165,6.272439150856868,6.219344925469124,6.186718694786697,6.0296126939140935,5.832460813100469,5.72982601144362,5.58452904636518,5.231546803797489,4.8860998025170925,4.307563323172175,4.107137369248802,3.789968315964095,3.4555582171154833,3.15672987601314,2.8375637281154886,2.7807934016765854,2.744820883628149,2.6523080790447273,2.3494248810090514,2.109321225445831,1.9706686602919556,1.8916866608372234,1.6823875012786476,1.4219476439860497,7.512215750463549,7.24514880494556,6.961960856765517,6.53956805025553,6.2175798319803945,-0.3407655618722288,5.723416460896387,5.704454163903121,-0.6331823795869207,5.5654063120102935,5.485428024295861
3.7909999999996935,0.27225760446132174,-0.2324570877424364,5.4453272907897485,5.341663998323268,5.262106868923698,5.100712089087528,4.733100210576589,4.402150889089776,4.1058474958405915,9.862357338285193,2.9262018538475605,2.3431485154695775,1.659253730619695,1.037082668626509,0.46968016856553896,-0.16195304869461388,5.75247961396025,-0.6907464098265607,5.475337817638937,5.457678941758021,-0.9243202936480222,-0.9440083450166139,-0.8198770091075868,-0.9389571342554421,-1.0772908647620243,-1.276297510038823,-1.3360589087293264,-1.3759645637873992,-1.483946499476518,4.791909283970998,-1.6015062609746515,4.599867666020592,-1.776991561233575,4.443489294431593,4.078009508415912,-2.618295719496995,3.355725673089158,-3.4005986423359564,2.5437635816092254,2.134927501578681,1.9627174169194457,1.9353602450692284,1.8505381090016964,1.636542005826332,1.3709631765372843,7.378281600463301,0.8365584565247842,0.7563889040511814,7.035749594586022,0.7923006205053273,0.6748306502789494,0.4968535098906111,0.5429066912986402,0.5357902922348575,0.5721869052938363,0.693431119848018,0.7293074692408753,6.909343877398726,0.3977948265895654,6.569099467465936,6.503403178094268,6.39992597709445,6.172685679281688,6.020106794330803,5.903060068976229,5.944985692030431,6.159614586374166,6.276170969803044,6.22299056107977,6.190234447295078,6.032957496978114,5.8355997627451,5.732735929273985,5.587190270616799,5.23393503457066,4.888214212007019,4.309378175420552,4.108712023545288,3.7913185205410276,3.4567122078964143,3.1577238783296657,2.8384341596133136,2.781583679204483,2.7455687683538716,2.653050347268623,2.350197742083663,2.1101568952318766,1.9715944022858576,1.8927261797528192,1.6835634264642696,1.4232778312559307,7.513709280217962,7.246815891958952,6.963805439725289,6.541598480343919,6.21978370745285,-0.33839992838285354,5.725928525861917,5.707092480638252,-0.6304384209017627,5.568231063751513,5.488304057666981
3.8009999999996924,0.27173670373779535,-0.23059277851958934,5.448214964290037,5.3445300092827726,5.264908889841499,5.103403081362174,4.735621649646571,4.404451453811514,4.107875853745187,9.864025740959756,2.927417158027485,2.3438788446431005,1.6594106039167278,1.0366523711651447,0.46865512591218583,-0.16361832967316345,5.750255103956966,-0.6934940602447733,5.472085522136893,5.453950487699535,-0.9284926301863354,-0.9485798613080447,-0.8248006965642715,-0.9441770114490254,-1.0827477528084961,-1.2819310135988868,-1.3418035127645243,-1.3817588351066412,-1.4897314660872183,4.786188780383281,-1.6071110701091436,4.594423412735287,-1.7822359060716781,4.438477157965527,4.073273758105717,-2.622728149598405,3.3515988077414387,-3.404389745687512,2.5402921956783278,2.1317834869739314,1.9598741676192066,1.9328077674768176,1.8482711201769837,1.634560069972188,1.369264833300836,7.3768642663219905,0.835419579537513,0.7555212402885345,7.035155739349136,0.791986373132381,0.6748050306487478,0.497127449511593,0.5434840328001235,0.5366781779009778,0.5733911367035569,0.6949565549565798,0.7311507942534006,6.911500614706165,0.40025977613833813,6.5718485915274645,6.50641116720734,6.40316331630807,6.176120354810514,6.023694571840935,5.906754983721138,5.948739440608368,6.163378465020473,6.279895849678967,6.226629746336208,6.193744445836197,6.036297431816219,5.838734884477212,5.735643156649486,5.589850008288838,5.236323047246108,4.890329633937943,4.311195300938034,4.110289941352915,3.7926728412495025,3.457870983765293,3.1587231266555755,2.83931009211207,2.782379508993864,2.746322075937338,2.6537977493651415,2.3509752986501615,2.1109967284136637,1.9725237197909973,1.8937686545113614,1.6847416621654572,1.4246096823411982,7.515203859281142,7.248483426041651,6.965649887230598,6.543628171420032,6.221986270611452,-0.3360361809623587,5.728438119369862,5.709727730357942,-0.627698155130391,5.571051472593539,5.491175090295535
3.8109999999996913,0.27121376771805916,-0.2287100505294466,5.45109700047501,5.347389783811789,5.267704151134175,5.1060868945925115,4.738135610995228,4.406744426779904,4.109896713114692,9.865686953040743,2.92862582086835,2.344603322266275,1.6595626511841157,1.0362184656392879,0.46762784233247445,-0.16528435243641834,5.748031350474099,-0.6962394618585002,5.468836925961793,5.450227101547808,-0.9326586853177389,-0.9531440572188196,-0.8297162159248096,-0.9493881385799112,-1.0881955541845387,-1.2875553392551204,-1.347539077936569,-1.3875444191087667,-1.4955082849814538,4.780475736094732,-1.6127092300686565,4.58898492281798,-1.7874754151955234,4.433468929156913,4.068540930350476,-2.6271586037277546,3.3474731128940642,-3.408180440054126,2.5368206558315167,2.1286388817454793,1.9570300923932054,1.930254383205944,1.8460032674582445,1.6325774180431645,1.3675660134372176,7.3754467611448975,0.8342808706270053,0.7546540857933381,7.034562703843573,0.79167319172597,0.6747806133698225,0.49740259757900845,0.5440624661353872,0.5375668803524,0.5745957584375814,0.6964818111572176,0.7329932355435327,6.913655641723366,0.4027220886197292,6.5745941557112735,6.509414699809653,6.406395361597699,6.179548987428973,6.027275722547514,5.910442875256439,5.952485980125887,6.1671351717621565,6.283613823453402,6.2302625118959005,6.1972487173328465,6.039632520373617,5.841866194262892,5.738547702888555,5.592508261695738,5.238710836984211,4.892446056697421,4.3130146816655985,4.111871099677998,3.7940312513904053,3.459034515779296,3.1597275913615595,2.8401914968319844,2.7831808644075764,2.7470807830161106,2.6545502660903093,2.35175753626074,2.1118407153288214,1.9734566075040827,1.8948140834724159,1.6859222095829578,1.4259432002422985,7.516699491288763,7.25015141045867,6.967494201344841,6.545657123789863,6.224187519895358,-0.3336743227657675,5.730945237292228,5.712359908818356,-0.6249615855545899,5.573867537369151,5.494041124224809
3.82099999999969,0.27068885605404414,-0.22680882172702332,5.453973405621297,5.3502433329622505,5.2704926689398555,5.108763549976528,4.740642120638919,4.409029837879807,4.111910106441543,9.86734100836345,2.929827875938753,2.3453219798253,1.6597099001254632,1.0357809744998723,0.4665983338560517,-0.16695110829990822,5.745808354525252,-0.6989826215031131,5.4655920147009365,5.446508761878188,-0.9368184862961619,-0.9577009645804918,-0.8346236022160395,-0.9545905520502742,-1.0936343050671073,-1.2931705214431768,-1.3532656356628008,-1.3933213431212599,-1.5012769785766447,4.774770134063492,-1.6183007522468909,4.583552190456643,-1.7927100890911993,4.428464612365765,4.0638110343340355,-2.6315870684788845,3.3433486050761365,-3.4119707063302966,2.5333489825295654,2.125493706807121,1.9541852115630465,1.927700111103595,1.843734567370501,1.6305940633668639,1.3658667262814785,7.374029089655741,0.8331423295295175,0.7537874353631656,7.033970478073897,0.7913610618918793,0.6747573802776307,0.4976789330973858,0.5446419686949723,0.5384563767166803,0.5758007487709664,0.6980068692593956,0.7348347778031167,6.915808948288306,0.4051817601301444,6.577336162660812,6.51241378517424,6.409622128681179,6.182971598883584,6.030850273158073,5.914123774009458,5.95622534330518,6.170884740124155,6.287324923868939,6.233888888206441,6.2007472885248855,6.042962784448682,5.844993707965108,5.741449577256119,5.595165033151173,5.241098398998031,4.894563468776709,4.314836299695353,4.113455475714591,3.795393724477545,3.460202775219792,3.1607372430383602,2.841078345193352,2.783987718975277,2.7478448663495656,2.655307878268631,2.352544440476358,2.1126888462667472,1.974393060024871,1.895862464861913,1.6871050697614833,1.4272783877986666,7.518196179728755,7.25181984835752,6.969338384057862,6.547685337741289,6.226387453781394,-0.3313143568592285,5.733449875631114,5.714989011932775,-0.6222287152882109,5.576679257072332,5.49690216163553
3.830999999999689,0.27016202839142467,-0.22488900995522013,5.456844186102699,5.3530906678335475,5.27327445938754,5.111433068643921,4.743141204466971,4.411307716819138,4.113916066003709,9.868987940523942,2.931023356559512,2.3460348485675575,1.659852378230523,1.0353399200221192,0.46556661638515107,-0.16861858865081128,5.743586117111316,-0.7017235459660974,5.46235077404694,5.442795447422866,-0.9409720601790509,-0.9622506150006792,-0.8395228902267695,-0.9597842880261219,-1.0990640414123571,-1.298776594405058,-1.3589832172025555,-1.3990896343548043,-1.5070375692170566,4.769071957278727,-1.6238856480455122,4.578125209798275,-1.7979399283120538,4.423464211865798,4.059084079137575,-2.6360135305597523,3.339225300696759,-3.4157605255352803,2.529877196106697,2.1223479829454486,1.9513395453242446,1.9251449698938374,1.841465036322748,1.6286100191675905,1.3641669810852153,7.372611256522174,0.832003955959549,0.7529212838118216,7.03337905210196,0.7910499693348129,0.6747353133465787,0.49795643524459243,0.5452225180667163,0.5393466443309851,0.5770060861875319,0.6995317102671672,0.7366754058912606,6.9179605243663955,0.4076387868425556,6.58007461504244,6.5154084325426425,6.412843633191988,6.186388210787024,6.034418250206151,5.9177977102036525,5.959957562646088,6.174627203402008,6.291029183443687,6.237508905507113,6.20424018597063,6.046288245694094,5.848117441344552,5.74434878896408,5.597820324968138,5.243485728552949,4.896681858769952,4.316660137269228,4.115043046842761,3.796760234235611,3.4613757335901014,3.1617520524945206,2.8419706088144605,2.7848000463917093,2.7486143028176975,2.6560705667925624,2.3533359968670085,2.1135411114696367,1.975333071857866,1.8969137967743557,1.6882902435922313,1.4286152476913008,7.519693927943665,7.2534887427700925,6.971182437287177,6.549712813544409,6.22858607078352,-0.32895628622133205,5.735952030516756,5.717615035769231,-0.6194995472797342,5.579486630855769,5.4997582048436735
3.840999999999688,0.2696333443694898,-0.2229505329665859,5.459709348388519,5.35593179957149,5.276049538596769,5.114095471656507,4.745632888242797,4.4135780931305675,4.115914623866796,9.870627782881384,2.932212295806054,2.3467419595038748,1.6599901127771786,1.034895324307123,0.4645327056957034,-0.17028678494736973,5.7413646392204996,-0.7044622419875972,5.459113189796658,5.439087137069325,-0.9451194338292532,-0.9667930398651418,-0.8444141145098952,-0.9649693824392758,-1.104484798957344,-1.3043735921904094,-1.3646918536579815,-1.4048493199035945,-1.5127900791736306,4.763381188761185,-1.6294639288732873,4.572703974949921,-1.8031649334776603,4.418467731845359,4.054360073740352,-2.6404379767919215,3.3351032160453373,-3.419549878812943,2.5264053167706826,2.1192017308200093,1.9484931137465291,1.92258897817833,1.8391946906086871,1.6266252985672753,1.3624667870175957,7.371193266356778,0.8308657496106646,0.7520556259698623,7.032788416047008,0.7907398998580256,0.674714394689149,0.4982350833704861,0.5458040920340459,0.5402376607401612,0.5782117493778678,0.7010563153772821,0.7385151048326954,6.920110360049245,0.4100931650057599,6.58280951554519,6.518398651125169,6.416059890679963,6.1897988446192524,6.037979680052701,5.92146471386022,5.96368267042781,6.178362594663589,6.2947266344729496,6.241122593830454,6.2077274360482315,6.049608925617979,5.851237410060497,5.7472453471718135,5.600474139459013,5.245872820966295,4.898801215373343,4.318486176777689,4.116633790626888,3.7981307545981497,3.462553362613285,3.162771990754148,2.842868259509529,2.785617820515006,2.7493890694199523,2.6568383126220056,2.3541321910119737,2.1143975011335017,1.9762766374139986,1.8979680771749983,1.6894777318153664,1.4299537824452975,7.521192739132983,7.25515809661453,6.973026362879147,6.551739551451884,6.230783369452323,-0.326600113744406,5.738451698205608,5.72023797654816,-0.6167740843147915,5.582289658028391,5.5026092562982925
3.850999999999687,0.2691028636209978,-0.22099330844561152,5.462568899041901,5.358766739367286,5.278817922677312,5.116750780008628,4.748117197604983,4.415840996173181,4.117905811886119,9.87226056856037,2.9333947265107896,2.34744334341077,1.6601231308334035,1.0344472092834234,0.4634966174384389,-0.1719556887183088,5.739143921828362,-0.7071987162609551,5.455879247850111,5.435383809858804,-0.9492606339168798,-0.9713282703398366,-0.8492973093844932,-0.9701458709893321,-1.1098966132217063,-1.3099615486577985,-1.3703915759748508,-1.410600426745655,-1.5185345306438274,4.7576978115637605,-1.6350356061452447,4.567288479979673,-1.8083851052728008,4.4134751764083395,4.049639027020438,-2.6448603941100415,3.330982367291889,-3.4233387474315973,2.5229333646029515,2.1160549709634764,1.9456459367741588,1.9200321544368393,1.8369235464074571,1.624639914586389,1.3607661531663675,7.369775123718047,0.8297277101562979,0.7511904566851009,7.03219856008578,0.7904308393629514,0.6746946065550282,0.49851485699558074,0.5463866685742904,0.5411294036948274,0.5794177172373653,0.7025806659773134,0.7403538598161528,6.922258445553418,0.4125448909436417,6.585540866880548,6.521384450101163,6.419270916612012,6.1932035217286145,6.041534588887493,5.9251248147996884,5.967400698710598,6.182090946750824,6.298417309030886,6.244729983003805,6.211209064957041,6.052924845585045,5.854353629671631,5.750139260986638,5.603126478935638,5.248259671606987,4.9009215273843045,4.320314400758443,4.118227684813975,3.7995052597055627,3.46373563422996,3.163797029054717,2.8437712692866803,2.786441015365016,2.750169143274079,2.6576110967838047,2.354933008500088,2.1152580054091765,1.9772237510122765,1.8990253039019949,1.690667535022467,1.4312939944323517,7.522692616355431,7.256827912697055,6.974870162610169,6.553765551699259,6.2329793483745055,-0.32424584223579356,5.740948875078432,5.722857830640101,-0.614052329018655,5.5850883380529455,5.505455318579386
3.860999999999686,0.26857064577201456,-0.21901725403156547,5.465422844718198,5.361595498456522,5.281579627728837,5.119399014627544,4.750594158068388,4.418096455134134,4.1198896617087595,9.873886330453216,2.93457068126545,2.348139030832666,1.6602514592592037,1.0339955967085603,0.4624583671399803,-0.17362529156226097,5.736923965897843,-0.7099329754332445,5.452648934209431,5.431685444984787,-0.9533956869211482,-0.9758563373729505,-0.8541725089378912,-0.9753137891456005,-1.115299519509327,-1.3155404974759892,-1.3760824149433684,-1.4163429817431574,-1.5242709457514785,4.752021808772021,-1.6406006912818487,4.561878718917649,-1.8136004444464682,4.4084865495750725,4.044920947755459,-2.6492807695613267,3.3268627704873652,-3.427127112783827,2.5194613595587207,2.1129077237818326,1.9427980342262463,1.917474517027755,1.834651619784359,1.6226538801448398,1.3590650885388473,7.3683568331113385,0.8285898372505345,0.7503257708230954,7.031609474452597,0.7901227738488303,0.674675931330245,0.4987957358097258,0.5469702258570132,0.5420218511494909,0.58062396886427,0.7041047436438089,0.7421916561927605,6.924404771219213,0.41499396105444286,6.588268671782219,6.524365838619251,6.422476726372811,6.196602263332936,6.045083002730503,5.928778042643504,5.9711116793374455,6.185812292281398,6.302101238972175,6.2483311026508455,6.214685098718971,6.056236026817706,5.857466115636884,5.7530305394642856,5.605777345709379,5.25064627589516,4.903042783700665,4.3221447918951545,4.119824707331979,3.800883723903122,3.464922520596134,3.16482713884489,2.844679610345942,2.787269605121656,2.7509545016149923,2.65838890037126,2.3557384349299992,2.1161226144033143,1.9781744068814224,1.9000854746685143,1.6918596536589376,1.432635885873222,7.52419356253123,7.258498193713779,6.976713838187816,6.555790814505301,6.235174006172385,-0.32189347441911065,5.743443557638437,5.72547459456342,-0.6113342838586889,5.587882670543601,5.508296394395787
3.8709999999996847,0.26803675044173164,-0.2170222873418797,5.468271192163366,5.364418088118168,5.2843346698405975,5.12204019637382,4.753063795025205,4.4203444990302785,4.121866204775595,9.87550510122223,2.935740192423411,2.3488290520840924,1.6603751247085432,1.0335405081706202,0.4614179702039258,-0.1752955851471935,5.7347047723792866,-0.7126650261057959,5.449422234977812,5.427992021791499,-0.9575246191322027,-0.9803772716969097,-0.8590397470277151,-0.9804731721490224,-1.120693552909983,-1.3211104721252025,-1.3817644011989767,-1.4220770116427468,-1.5299993465466504,4.746353163504732,-1.646159195708199,4.55647468575694,-1.818810951810884,4.403501855283226,4.040205844623314,-2.653699090305032,3.322744441563981,-3.4309149563862955,2.515989321467139,2.109760009554568,1.9399494257970884,1.9149160841886113,1.832378926691577,1.6206672080628608,1.3573636020628927,7.366938398989812,0.8274521305288757,0.7494615632676227,7.031021149439449,0.7898156894123324,0.6746583515363106,0.4990776996707987,0.5475547422423639,0.5429149812606859,0.5818304835577601,0.7056285301404617,0.7440284794744555,6.92654932750945,0.417440371810035,6.590992933005893,6.5273428257976,6.425677335265504,6.199995090520613,6.048624947433278,5.932424426815592,5.974815643935758,6.189526663650449,6.305778455933658,6.2519259821931294,6.218155563179846,6.059542490397186,5.860574883316246,5.755919191609367,5.608426742091183,5.2530326293017895,4.905164973319839,4.323977333016185,4.1214248362881385,3.802266121739007,3.4661139940810686,3.1658622917823704,2.8455932550772705,2.7881035641232885,2.7517451217936593,2.6591717045436463,2.356548455910427,2.116991318179367,1.9791285991614798,1.901148587064832,1.6930540880263856,1.4339794588401542,7.525695580444311,7.260168942252477,6.978557391251984,6.557815340072315,6.237367341503403,-0.31954301293548637,5.745935742509437,5.728088264982071,-0.6086199511467688,5.59067265526359,5.511132486583081
3.8809999999996836,0.26750123724226477,-0.21500832599609587,5.471113948212364,5.367234519673577,5.287083065091127,5.124674346041703,4.755526133746006,4.422585156709765,4.1238354723232975,9.877116913301945,2.9369032921019818,2.349513437251861,1.660494153631252,1.0330819650897654,0.46037544191192503,-0.1769665612098405,5.732486342210485,-0.7153948748347152,5.446199136358488,5.424303519772428,-0.9616474566529162,-0.9848911038303662,-0.8638990572839135,-0.9856240550140681,-1.126078748300975,-1.3266715058983665,-1.3874375652231568,-1.4278025430758685,-1.5357197550055197,4.740691858914353,-1.6517111308532442,4.551076374454556,-1.8240166282405348,4.398521097388682,4.0354937262029,-2.658115343611929,3.3186273963355544,-3.43470225987954,2.512517270031442,2.106611848434889,1.9371001310565068,1.9123568740366073,1.8301054829688932,1.6186799110618884,1.3556617025878595,7.365519825755347,0.8263145896089839,0.7485978289211351,7.030433575396061,0.7895095722471793,0.6746418498293669,0.4993607286034108,0.5481401962794472,0.543808772385132,0.5830372408160469,0.707152007416303,0.7458643153324139,6.928692105008269,0.4198841197551985,6.59371365332902,6.530315420724153,6.42887275851237,6.203382024251677,6.0521604486803104,5.936063996543925,5.978512623919007,6.1932340930322605,6.309448991335976,6.255514650851604,6.221620484010747,6.062844257264636,5.863679947971585,5.758805226375827,5.6110746703916305,5.255418727348329,4.907288085338003,4.325812007093319,4.123028049967338,3.803652427962357,3.4673100272651634,3.1669024597317805,2.846512176058605,2.788942866865116,2.752540981276006,2.6599594905257424,2.3573630570604203,2.117864106758558,1.9800863219054081,1.9022146385603884,1.6942508382849635,1.4353247152592732,7.527198672744516,7.261840160794349,6.980400823376006,6.559839128586453,6.239559353059635,-0.3171944603447839,5.748425426434033,5.73069883870338,-0.6059093330416645,5.5934582921228735,5.513963598101556
3.8909999999996825,0.26696416577843013,-0.2129752876403821,5.473951119787579,5.3700448044855165,5.289824829547913,5.1273014843594975,4.757981199380791,4.424818456853627,4.125797495386318,9.878721798901351,2.9380600121846787,2.350192216197219,1.6606085722749147,1.032619988719751,0.45933079742474514,-0.17863821155513937,5.7302686763167,-0.7181225281313975,5.442979624653696,5.420619918568859,-0.9657642254006702,-0.989397864080162,-0.8687504731107599,-0.9907664725306143,-1.1314551403487425,-1.3322236319023555,-1.3931019373442266,-1.4335196025590986,-1.5414321930302584,4.7350378781875335,-1.6572565081490176,4.545683778932345,-1.8292174746712224,4.393544279666394,4.030784600974833,-2.6625295168637773,3.3145116504978507,-3.438489005027757,2.509045224829124,2.1034632604499404,1.9342501694501941,1.9097969045691292,1.8278313043443977,1.6166920017654238,1.3539593988855396,7.364101117759444,0.82517721409141,0.7477345627052044,7.029846742729955,0.7892044086437651,0.6746264089993406,0.49964480279762613,0.5487265667047128,0.5447032030779188,0.584244220334497,0.7086751576039162,0.7476991495954983,6.9308330944199446,0.42232520150690667,6.596430835550571,6.53328363245687,6.432063011255515,6.206763085358859,6.055689531990381,5.939696780862053,5.982202650488395,6.196934612381928,6.313112876385196,6.259097137648123,6.225079886709336,6.0661413482222235,5.866781324767442,5.761688652667387,5.6137211329209915,5.257804565606317,4.909412108949284,4.327648797240511,4.124634326830458,3.8050426175213476,3.468510592937866,3.1679476147625625,2.8474363460539442,2.7897874879976063,2.753342057641832,2.660752239607376,2.35818222400962,2.118740970120844,1.9810475690806488,1.9032836265058197,1.6954499044556808,1.4366716569129407,7.52870284194976,7.263511851715732,6.982244136067761,6.561862180218035,6.241750039567313,-0.31484781912680365,5.750912606271823,5.733306312675884,-0.6032024315513903,5.596239581175855,5.516789732034173
3.9009999999996814,0.26642559564749696,-0.21092308997262996,5.476782713897286,5.37284895395719,5.292559979267092,5.12992163198993,4.760429016960003,4.427044427977347,4.127752304798835,9.880319790006059,2.939210384323472,2.3508654185579805,1.6607184066867424,1.03215460014943,0.458284051783328,-0.18031052805567085,5.728051775610707,-0.7208479924630332,5.439763686263676,5.416941197968418,-0.9698749511091161,-0.9938975825432732,-0.8735940276888331,-0.9959004592658004,-1.136822763510463,-1.3377668830592198,-1.3987575477381342,-1.4392282164944816,-1.5471366824489279,4.729391204545581,-1.6627953390298889,4.540296893077887,-1.8344134920991337,4.388571405811254,4.026078477322155,-2.666941597552794,3.3103972196289364,-3.4422751737185737,2.5055732053121234,2.1003142655010376,1.9313995603000702,1.9072361936642785,1.8255564064351963,1.6147034926998898,1.352256699651086,7.362682279304104,0.8240400035603022,0.7468717595609485,7.029260641906505,0.7889001849887725,0.6746120119691001,0.4999299026076931,0.5493138324403615,0.5455982520907067,0.5854514020037783,0.7101979630176706,0.7495329682487226,6.932972286567704,0.4247636137536146,6.59914448249081,6.536247470023958,6.435248108557516,6.210138294548632,6.059212222717886,5.9433228086106435,5.985885754634469,6.20062825343703,6.316770142074428,6.262673471406945,6.228533796601189,6.069433783934215,5.869879028771831,5.764569479337993,5.61636613198926,5.260190139697015,4.911537033444951,4.329487686712631,4.126243645512764,3.806436665561281,3.469715664095604,3.1689977291469114,2.848365738011451,2.7906374023249363,2.754148328583756,2.6615499331429646,2.359005942398512,2.119621898205864,1.9820123345706753,1.904355548134962,1.6966512864226782,1.4380202854420774,7.530208090448144,7.2651840172898146,6.9840873307707545,6.563884495121852,6.24393939978636,-0.312503091682469,5.753397278997644,5.735910683987172,-0.6004992485355227,5.599016522619104,5.519610891584575
3.9109999999996803,0.26588558643891574,-0.20885165076814086,5.479608737634104,5.375646979531283,5.295288530293143,5.132534809530507,4.7628696113955415,4.429263098432394,4.129699931196693,9.881910918380493,2.940354439941004,2.3515330737506424,1.6608236827154272,1.0316858203042414,0.457235219909839,-0.18198350265110388,5.725835640992822,-0.7235712742531083,5.436551307685672,5.413267337903652,-0.9739796593299165,-0.9983902891087297,-0.878429753976975,-1.0010260495658663,-1.142181652035634,-1.343301292107406,-1.4044044264292501,-1.444928411169867,-1.5528332450153846,4.7237518212449165,-1.6683276349318334,4.534915710745386,-1.8396046815799219,4.383602479438923,4.021375363531052,-2.6713515732811204,3.306284119189545,-3.446060747962806,2.502101230807019,2.0971648833639147,1.928548322804645,1.9046747590813955,1.8232808047481084,1.6127143962954706,1.3505536135039204,7.3612633146426845,0.8229029575840968,0.7460094144494459,7.028675263448978,0.7885968877647895,0.6745986417936216,0.5002160085507886,0.5499019725927695,0.5464938983699538,0.5866587659080265,0.711720406151976,0.751365757431732,6.935109672392567,0.42719935325455366,6.601854596991057,6.5392069424241,6.438428065402088,6.213507672402255,6.0627285460541795,5.946942108439,5.989561967138774,6.204315047719278,6.320420819185432,6.266243680756232,6.231982238841101,6.072721584928067,5.872973074957021,5.767447715192244,5.619009669906193,5.262575445291022,4.913662848212595,4.331328658904236,4.127855984822298,3.8078345474227007,3.4709252139397364,3.1700527753577257,2.8493003250615807,2.791492584803459,2.7549597719061643,2.6623525525510794,2.359834197878686,2.120506880913877,1.9829806121765223,1.905430400566826,1.6978549839354737,1.4393706023484505,7.531714420500065,7.266856659688304,6.985930408865192,6.565906073437468,6.246127432509913,-0.3101602803349947,5.755879441699828,5.73851194986178,-0.597799785707484,5.601789116789134,5.522427080075104
3.920999999999679,0.2653441977340196,-0.2067608879059105,5.482429198173488,5.378438892689025,5.298010498658576,5.135141037513869,4.76530300748175,4.431474496407753,4.131640405019304,9.883495215570013,2.9414922102327896,2.3521952109724715,1.6609244260129794,1.0312136699476901,0.4561843166087073,-0.18365712734764356,5.723620273350945,-0.7262923798818973,5.433342475512947,5.409598318450601,-0.9780783754344654,-1.0028760134595154,-0.8832576847142274,-1.0061432775579704,-1.147531839967641,-1.3488268916029642,-1.4100426032911526,-1.450620212759251,-1.5585219024091954,4.718119711577521,-1.6738534072917213,4.529540225756529,-1.8447910442278053,4.378637504086675,4.016675267791544,-2.6757594317602926,3.3021723645234444,-3.449845709894208,2.4986293205152434,2.094015133688976,1.9256964760393864,1.902112618461589,1.8210045146803646,1.6107247248869458,1.3488501489886242,7.359844227980753,0.8217660757161934,0.745147522352135,7.0280905979385695,0.7882945035499234,0.6745862816591579,0.5005031013057736,0.5504909664509307,0.5473901210551587,0.587866292323033,0.7132424696795566,0.7531975034373003,6.937245242952191,0.42963241683903114,6.604561181913453,6.542162058626671,6.441602896694727,6.216871239376793,6.066238527028865,5.950554708806562,5.993231318575441,6.207995026536164,6.324064938290216,6.269807794129529,6.235425238414395,6.076004771595479,5.876063478200316,5.77032336898582,5.621651748981358,5.264960478107889,4.9157895427353235,4.333171697348323,4.129471323738285,3.809236238639519,3.472139215874535,3.1711127260665886,2.8502400805152353,2.7923530105401944,2.755776365524184,2.6631600793140073,2.36066697611309,2.1213959081066895,1.9839523956182927,1.9065081808075455,1.699060996611173,1.4407226089969278,7.533221834240268,7.268529780983078,6.987773371669036,6.567926915289514,6.248314136563876,-0.3078193873310381,5.758359091578498,5.741110107659102,-0.595104044636794,5.604557364160191,5.5252383009448645
3.930999999999678,0.26480148910569606,-0.2046507193955247,5.4852441027722305,5.381224704949237,5.300725900383633,5.137740336408139,4.767729229896399,4.433678649931426,4.133573756511534,9.88507271290304,2.942623726169391,2.352851859203575,1.6610206620365469,1.0307381696828093,0.45513135656765696,-0.18533139421748432,5.7214056735605885,-0.7290113156869513,5.4301371764338,5.405934119827405,-0.9821711246155916,-1.007354785074446,-0.888077852421749,-1.0112521771519882,-1.1528733611453084,-1.3543437139207493,-1.4156721080474126,-1.4563036473231228,-1.5642026762355619,4.712494858871365,-1.6793726675466196,4.5241704319013385,-1.8499725812146834,4.373676483214207,4.011978198198188,-2.680165160810701,3.2980619708578147,-3.4536300417692063,2.4951574935133025,2.090865036001567,1.9228440389570978,1.899549789328265,1.8187275515202992,1.6087344907145114,1.3471463145758171,7.358425023476911,0.8206293574956116,0.7442860782712001,7.027506636014427,0.7879930190174101,0.6745749148824133,0.5007911617119624,0.551080793484916,0.548286899477128,0.5890739617144553,0.7147641364497456,0.7550281927098441,6.939378989419722,0.4320628014057353,6.607264240140734,6.54511282757196,6.44477261726334,6.220229015806132,6.069742190511107,5.95416063798441,5.996893839312804,6.211668220982584,6.327702529752619,6.273365839767238,6.238862820138218,6.079283364193467,5.879150253284822,5.773196449425903,5.624292371524143,5.267345233915748,4.917917106590962,4.335016785715112,4.131089641409544,3.810641714937165,3.473357643505181,3.172177554141771,2.8511849778619403,2.793218654791335,2.7565980874626708,2.66397249497733,2.3615042627762857,2.1222889696085683,1.9849276785366456,1.907588885752297,1.7002693239366513,1.4420763066176998,7.53473033367989,7.27020338314781,6.989616220439037,6.569947020787987,6.250499510806467,-0.30548041484183264,5.760836225943873,5.743705154871338,-0.5924120267512906,5.607321265342088,5.528044557747803
3.940999999999677,0.26425752011803155,-0.20252106340466908,5.488053458766998,5.384004427867428,5.30343475147598,5.140332726617258,4.770148303201655,4.435875586871914,4.135500015725564,9.886643441493147,2.9437490184985697,2.3535030472089513,1.6611124160502164,1.0302593399536115,0.45407635435872995,-0.18700629539826588,5.719191842484926,-0.7317280879635785,5.426935397230612,5.402274722392918,-0.986257931889241,-1.0118266332300276,-0.8928902894047086,-1.0163527820422908,-1.158206249204438,-1.3598517912556098,-1.421292970272374,-1.4619787408088125,-1.5698755880252526,4.7068772464908175,-1.6848854271331155,4.518806322938992,-1.8551492937692642,4.3687194202044575,4.007284162750775,-2.684568748361056,3.2939529533036307,-3.457413725966627,2.4916857687530145,2.08771460970225,1.9199910303883003,1.8969862890876588,1.8164499304480353,1.6067437059245897,1.3454421186630205,7.357005705243603,0.8194928024476323,0.7434250772299433,7.026923368373675,0.7876924209352272,0.674564524909724,0.5010801707679029,0.5516714333443491,0.5491842131562608,0.590281754736047,0.7162853894867974,0.7568578118439518,6.941510903082671,0.4344905039220454,6.609963774575981,6.54805925817138,6.447937241858884,6.223581021901982,6.073239561210914,5.957759924056735,6.000549559514987,6.215334661942462,6.331333623729889,6.2769178457180805,6.242295008662822,6.0825573828454065,5.882233414900211,5.776066965171595,5.6269315398438,5.269729708530921,4.920045529451241,4.336863907810828,4.132710917152933,3.812050952230752,3.4745804706357895,3.173247232646261,2.852134990768047,2.7940894929607816,2.7574249158552133,2.664789781149506,2.3623460435547003,2.1231860552071513,1.9859064544942677,1.908672512187196,1.7014799652707029,1.4434316963084712,7.536239920708457,7.271877468059573,6.991458956371764,6.571966390028533,6.252683554127765,-0.30314336496430605,5.763310842214615,5.7462970891214695,-0.5897237333393189,5.610080821078057,5.530845854150809
3.950999999999676,0.26371235032592205,-0.20037183828726815,5.49085727357286,5.386778073034866,5.3061370679304165,5.142918228481321,4.772560251845026,4.4380653349396875,4.137419212522733,9.888207432241135,2.9448681177474145,2.354148803540518,1.6611997131268015,1.0297772010465274,0.45301932443930015,-0.18868182309253423,5.71697878097482,-0.734442702965319,5.42373712477889,5.398620106645337,-0.9903388220961408,-1.0162915870022933,-0.89769502775416,-1.0214451257095085,-1.1635305375793308,-1.3653511556235691,-1.4269052193919316,-1.467645519050843,-1.5755406592345476,4.701266857837058,-1.6903916974866526,4.513447892598651,-1.8603211831762065,4.363766318364404,4.002593169355015,-2.6889701824478482,3.289845326856054,-3.4611967449874106,2.4882141650617533,2.0845638740670895,1.917137469041623,1.8944221350293666,1.814171666536168,1.6047523825706316,1.3437375695755045,7.355586277347916,0.8183564100844235,0.7425645142731452,7.02634078577142,0.7873926961656997,0.6745550953162426,0.5013701096301679,0.5522628658568997,0.5500820418008533,0.5914896522279083,0.7178062119882215,0.7586863475829297,6.94364097534179,0.4369155214233479,6.612659788142403,6.551001359307675,6.451096785155977,6.226927277754874,6.076730663680413,5.961352594922321,6.004198509143482,6.218994380090366,6.334958250174251,6.280463839840558,6.2457218284728535,6.0858268475420845,5.885312977643476,5.778934924834318,5.629569256249457,5.272113897817539,4.922174801081008,4.338713047576491,4.134335130451779,3.8134639266232635,3.475807671267452,3.1743217348358126,2.8530900930749588,2.794965500598694,2.7582568289431464,2.6656119195014614,2.3631923041468808,2.1240871546543394,1.9868887169773197,1.9097590567911646,1.702692919846158,1.444788779036617,7.5377505970958625,7.273552037500411,6.993301580604605,6.573985023092731,6.254866265449282,-0.3008082397221813,5.765782937916184,5.748885908161263,-0.5870391655518901,5.612836032242641,5.53364219393185
3.960999999999675,0.26316603927465176,-0.19820296261225978,5.493655554681863,5.389545652077682,5.308832865728567,5.14549686227691,4.774965100160312,4.4402479216886235,4.139331376575347,9.889764715837062,2.945981054224449,2.3547891565391192,1.6612825781496097,1.0292917730918314,0.45196028115307946,-0.190357969567206,5.71476648986887,-0.7371551669044136,5.420542346046322,5.394970253220852,-0.9944138199034445,-1.0207496752686185,-0.9024920993488963,-1.0265292414222706,-1.1688462595042923,-1.370841838862995,-1.4325088846843044,-1.4733040077712851,-1.5811979112451875,4.695663676348453,-1.6958914900408846,4.508095134580249,-1.86548825077528,4.358817180925853,3.997905225823221,-2.6933694512148088,3.2857391063948316,-3.4649790814543153,2.48474270114271,2.08141284824795,1.914283373504198,1.8918573443268798,1.8118927747504423,1.6027605326139074,1.342032675567123,7.354166743812349,0.8172201799056492,0.7417043844674109,7.025758879020751,0.7870938316651084,0.6745466098051298,0.5016609596121588,0.5528550710267922,0.5509803653054245,0.5926976352147567,0.7193265873231324,0.7605137868173626,6.94576919770996,0.4393378510123564,6.615352283783088,6.553939139835117,6.454251261753517,6.230267803335136,6.080215522315115,5.9649386782959954,6.0078407179587145,6.222647405893101,6.338576438834464,6.28400384980439,6.249143303888611,6.089091778142726,5.888388956019678,5.781800336978223,5.63220552305014,5.274497797687156,4.9243049113374235,4.340564189086711,4.135962260954351,3.814880614403752,3.4770392195963,3.1754010341570256,2.854050258797379,2.7958466534000648,2.759093805074593,2.6664388917661883,2.3640430302637436,2.1249922576671794,1.9878744593968691,1.9108485161377744,1.7039081867719732,1.446147555641308,7.539262364494311,7.275227093158896,6.995144094216761,6.576002920048373,6.257047643723521,-0.29847504106706224,5.768252510679222,5.751471609869306,-0.5843583244048073,5.615586899839611,5.536433580978129
3.9709999999996737,0.26261864649943656,-0.19601435519301422,5.496448309661608,5.39230717665598,5.311522160838591,5.148068648217409,4.777362872368519,4.442423374517447,4.141236537368487,9.891315322762283,2.9470878580217152,2.355424134336513,1.6613610358141953,1.028803076065053,0.45089923873111476,-0.1920347271530371,5.712554969993446,-0.7398654859522671,5.417351048091855,5.391325142892306,-0.99848294980636,-1.0252009267095188,-0.9072815358572829,-1.0316051622389337,-1.1741534480151283,-1.3763238726357634,-1.4381039952808043,-1.4789542325801133,-1.5868473653643367,4.690067685500941,-1.701384816227042,4.50274804255528,-1.8706504979605336,4.3538720110462235,3.993220339874983,-2.6977665429123694,3.281634306684696,-3.4687607181116142,2.4812713955751557,2.078261551272805,1.9114287622420616,1.8892919340381182,1.8096132699504268,1.600768167924287,1.3403274448211335,7.352747108615581,0.8160841113990633,0.7408446829015044,7.025177638992741,0.7867958144832934,0.6745390522067489,0.5019527021829203,0.5534480290333316,0.551879163749059,0.5939056849042188,0.7208464990306206,0.7623401165836906,6.947895561811099,0.4417574898584384,6.61804126446078,6.556872608579716,6.457400686175283,6.233602618493865,6.083694161355161,5.9685182017100775,6.0114762155216015,6.226293769611294,6.3421882192573555,6.287537903091952,6.252559459067304,6.092352194376024,5.891461364442679,5.784663210120576,5.634840342554787,5.276881404098364,4.926435850169173,4.3424173165485085,4.137592288472324,3.816300992045562,3.478275090011595,3.176485104245439,2.855015462121583,2.7967329272033106,2.759935822703504,2.667270679738356,2.3648982076288267,2.1259013539287395,1.9888636750903008,1.9119408866970629,1.7051257650352913,1.4475080268356086,7.5407752244402335,7.276902636631659,6.996986498230227,6.578020080949741,6.259227687933561,-0.2961437708795031,5.770719558237969,5.754054192249062,-0.5816812107807652,5.618333424999902,5.539220019284265
3.9809999999996726,0.2620702315249309,-0.1938059351174049,5.49923554615385,5.395062658462952,5.3142049692149,5.150633606453327,4.779753592578779,4.444591720671127,4.143134724201767,9.892859283291434,2.948188559016837,2.3560537648573434,1.6614351106300929,1.0283111297883778,0.44983621129277707,-0.193712088244095,5.710344222162737,-0.7425736662399026,5.414163218064766,5.3876847565678725,-1.0025462361297572,-1.0296453698104262,-0.9120633687390717,-1.036672921009284,-1.179452135950622,-1.3817972884284067,-1.4436905801666085,-1.4845962189755684,-1.5924890428245502,4.684478868808389,-1.7068716874733196,4.497406610167559,-1.875807926179484,4.348930811809311,3.9885385191378537,-2.7021614458971186,3.2775309423757775,-3.4725416378247833,2.477800266814728,2.0751100020460465,1.9085736536005615,1.8867259211059662,1.8073331668901829,1.5987753002810146,1.3386218854510052,7.351327375693219,0.8149482040410896,0.7399854046866705,7.024597056616425,0.7864986317632573,0.6745324064778658,0.5022453189659661,0.5540417202294431,0.5527784173937692,0.5951137826851401,0.7223659308181403,0.7641653240628012,6.950020059379068,0.444174435196947,6.620726733157636,6.5598017743394035,6.4605450728705325,6.236931742963894,6.08716660488657,5.972091192515809,6.015105031195096,6.229933501300977,6.345793620789376,6.291066026999698,6.25597031800431,6.095608115841155,5.894530217235876,5.787523552732161,5.637473717072255,5.279264713056408,4.928567607615679,4.344272414300113,4.139225192979264,3.8177250362045676,3.479515257093835,3.177573918923656,2.855985677403711,2.797624297988887,2.7607828603887294,2.6681072652739215,2.365757821978532,2.1268144330889727,1.9898563573227097,1.9130361648373266,1.7063456535034687,1.4488701932085417,7.542289178356176,7.278578669424898,6.998828793610746,6.5800365058378745,6.261406397092628,-0.29381443097006177,5.773184078428692,5.756633653426968,-0.5790078254314186,5.621075608979596,5.542001512950496
3.9909999999996715,0.2615208538646961,-0.1915776217785419,5.502017271873114,5.397812109224008,5.316881306797851,5.153191757072608,4.782137284789252,4.4467529872422755,4.145025966191095,9.894396627494416,2.9492831868750553,2.356678075821083,1.6615048269225374,1.0278159539320335,0.44877121284674204,-0.19539004529723478,5.708134247178792,-0.7452797138584148,5.4109788432037575,5.3840490752897505,-1.0066037030297592,-1.0340830328634458,-0.916837629247196,-1.0417325503762287,-1.1847423559539996,-1.387262117553262,-1.449268668181519,-1.4902299923445204,-1.5981229647837514,4.6788972098229396,-1.7123521152042724,4.492070831033979,-1.88096053693231,4.34399358622605,3.98385977114801,-2.7065541486312594,3.273429028004017,-3.4763218235801707,2.4743293331937157,2.0719582193488146,1.9057180658047699,1.8841593223588093,1.80505248021893,1.5967819413734676,1.3369160055012126,7.349907548938527,0.813812457297385,0.739126544956945,7.0240171228787895,0.7862022707407683,0.674526656700855,0.5025387917381166,0.5546361251402299,0.5536781066828763,0.5963219101259144,0.7238848665599158,0.7659893965786364,6.952142682256598,0.44658868432855814,6.623408692875,6.562726645884225,6.463684436214591,6.240255196360739,6.090632876842463,5.975657677884785,6.018727194145722,6.233566630815157,6.349392672578106,6.294588248639586,6.25937590453441,6.09885956200879,5.897595528632928,5.790381373237645,5.640105648911332,5.281647720612801,4.930700173806307,4.346129466809798,4.140860954609126,3.819152723717427,3.480759695612878,3.1786674521994884,2.8569608791680845,2.798520741877915,2.7616348967930904,2.668948630289754,2.366621859062379,2.127731484765568,1.9908524992882766,1.9141343468268883,1.7075678509260774,1.4502340552271231,7.5438042275526636,7.2802551929558605,7.000670981268765,6.582052194740839,6.263583770243688,-0.29148702308033875,5.7756460691881335,5.759209991650545,-0.5763381689794211,5.62381345315792,5.5447780661809105
4.000999999999671,0.26097057302062904,-0.1893293349061764,5.504793494605333,5.400555540695917,5.319551189513471,5.155743120100937,4.784513972888013,4.44890720117252,4.146910292270406,9.895927385238357,2.95037177105125,2.357297094743966,1.6615702088341668,1.0273175680156659,0.4477042572919623,-0.19706859083157974,5.705925045831559,-0.747983634859413,5.4077979108360665,5.380418080232871,-1.0106553744953146,-1.0385139439690934,-0.921604348429545,-1.0467840827774686,-1.1900241404743799,-1.3927183911496024,-1.4548382880207262,-1.4958555779628335,-1.6037491523252168,4.673322692135355,-1.7178261108402315,4.486740698745244,-1.886108331771067,4.33906033723527,3.9791841033509203,-2.710944639682062,3.269328577991589,-3.480101258484672,2.47085861292136,2.0688062218393286,1.902862016959901,1.8815921545110714,1.8027712244817038,1.5947881028019122,1.3352098129480143,7.348487632203138,0.8126768706233911,0.7382680988694535,7.023437828824733,0.7859067187439593,0.674521787082909,0.5028331024283443,0.5552312244615447,0.5545782122394087,0.5975300489728324,0.7254032902953659,0.7678123215968146,6.954263422394219,0.44900023461861227,6.626087146633161,6.565647231956529,6.466818790509434,6.243572998183542,6.094093001004284,5.979217684810356,6.022342733345087,6.237193187805363,6.3529854035737845,6.298104594940475,6.262776242333027,6.102106552222095,5.900657312778461,5.793236680015976,5.642736140380735,5.284030422864929,4.932833538959597,4.3479884586747115,4.142499553654766,3.8205840315998536,3.4820083805261017,3.179765678264122,2.857941042105548,2.799422235130838,2.7624919106824732,2.6697947567632623,2.367490304643248,2.1286524985447937,1.9918520941116233,1.9152354288358384,1.7087923559368776,1.4515996132383677,7.54532037323003,7.28193220855431,7.002513062060366,6.58406714767399,6.265759806459036,-0.28916154888400064,5.7781055285519995,5.761783205286541,-0.5736722419204356,5.626546959035272,5.547549683281696
4.010999999999674,0.26041944848234855,-0.18706099459878078,5.507564222206498,5.403292964665961,5.322214633273171,5.158287715502049,4.786883680653928,4.45105438925386,4.148787731193372,9.897451586189531,2.9514543407919382,2.357910848940897,1.6616312803267064,1.0268159914096995,0.4466353584186316,-0.19874771742800462,5.703716618898935,-0.7506854352554587,5.404620408376561,5.376791752703615,-1.014701274349754,-1.0429381310380135,-0.9263635571307198,-1.0518275504471513,-1.1952975217682127,-1.398166140184765,-1.4603994682355659,-1.5014730009957358,-1.6093676264575714,4.667755299375339,-1.7232936857967318,4.48141620686659,-1.89125131229891,4.334131067704435,3.974511523102006,-2.7153329077213235,3.2652296066473263,-3.4838799257653847,2.4673881240841657,2.0656540280532245,1.9000055250517347,1.8790244341637523,1.8004894141200152,1.5927937960782468,1.3335033157002245,7.3470676292977695,0.8115414434648697,0.7374100616046982,7.022859165557042,0.7856119631929274,0.6745177819552535,0.5031282331166341,0.5558269990585767,0.555478714864519,0.5987381811484492,0.7269211862275443,0.7696340867232672,6.956382271849211,0.4514090834964626,6.628762097471127,6.568563541271145,6.469948149984261,6.246885167816,6.097547001002997,5.982771240109035,6.025951677571398,6.240813201723193,6.356571842530807,6.3016150926495245,6.26617135491744,6.105349105697722,5.903715583728793,5.796089481400737,5.645365193789116,5.286412815955677,4.9349676933824735,4.349849374619713,4.144140970566465,3.822018937044909,3.4832612869765622,3.180868571490303,2.8589261410718225,2.8003287541460895,2.7633538809249356,2.6706456267320338,2.368363144497624,2.1295774639823306,1.9928551348491528,1.916339406937755,1.7100191670557614,1.4529668674712652,7.546837616480224,7.283609717463967,7.004355036788186,6.586081364640225,6.267934504839891,-0.28683800998778874,5.780562454653447,5.764353292819098,-0.5710100446251193,5.629276128231279,5.550316368659421
4.0209999999996775,0.25986753972653875,-0.18477252135631472,5.51032946260133,5.406024392951087,5.324871653973454,5.1608255631780136,4.78924643175752,4.45319457813001,4.150658311535083,9.898969259815276,2.952530925137244,2.3585193655273393,1.6616880651826411,1.0263112433366883,0.4455645299091405,-0.20042741772862394,5.701508967146806,-0.7533851210205004,5.4014463233268835,5.373170074138558,-1.018741426252326,-1.047355621792679,-0.9311152859937718,-1.0568629854175093,-1.2005625319007025,-1.4036053954552654,-1.4659522372342746,-1.5070822864981899,-1.6149784081147862,4.6621950152118545,-1.7287548514839526,4.476097348938497,-1.8963894801693308,4.329205780430374,3.9698420376672976,-2.719718941524819,3.2611321281671524,-3.487657808769259,2.463917884646215,2.0625016564039105,1.8971486079470425,1.8764561778049667,1.798207063472501,1.5907990326267378,1.331796521599966,7.345647543992897,0.8104061752584257,0.7365524283668338,7.022281124236343,0.7853179915993311,0.6745146257723662,0.503424166032851,0.5564234299644522,0.5563795955359184,0.5999462887499697,0.7284385387216004,0.7714546797028903,6.958499222784553,0.4538152284548277,6.6314335484463935,6.571475582515566,6.473072528796061,6.250191724527284,6.100994900320296,5.9863183704218805,6.029554055410966,6.244426701821852,6.36015201800922,6.305119768333579,6.2695612656480035,6.108587241526794,5.906770355452623,5.798939785680526,5.647992811445057,5.288794896073031,4.937102627469478,4.35171219949622,4.14578518595046,3.823457417421305,3.4845183902911896,3.18197610643055,2.8599161510858915,2.8012402754587797,2.7642207864898243,2.6715012222934744,2.3692403644158393,2.1305063706040928,1.9938616144903678,1.9174462771113994,1.7112482826906714,1.4543358180387302,7.5483559582885915,7.285287720843925,7.006196906202317,6.588094845630246,6.2701078645160075,-0.2845164079325138,5.783016845721611,5.766920252847953,-0.568351577341076,5.632000962482875,5.5530781268193365
4.030999999999681,0.2593149062162455,-0.18246383611368258,5.513089223781968,5.408749837397086,5.32752226749565,5.163356682969532,4.791602249761824,4.455327794297713,4.152522061693727,9.900480435385873,2.953601552922856,2.359122671421186,1.6617405870068676,1.0258033428726538,0.44449178533902434,-0.20210768443628363,5.699302091329099,-0.7560826980902996,5.398275643274569,5.369553026103218,-1.022775853699719,-1.0517664437690717,-0.9358595654619198,-1.061890419520481,-1.2058192027472194,-1.409036187587909,-1.4714966232827407,-1.5126834594152672,-1.6205815181561896,4.656641823353417,-1.7342096193061742,4.470784118477382,-1.9015228370854078,4.324284478140002,3.965175654224087,-2.724102729971754,3.257036156634517,-3.4914348909627413,2.460447912449497,2.059349125182918,1.8942912833940249,1.873887401810483,1.7959241867755724,1.588803823784746,1.3300894384234152,7.344227380019436,0.8092710654320159,0.7356951943839329,7.021703696081061,0.785024791565987,0.674512303111202,0.5037208835556177,0.5570204983788523,0.5572808354063272,0.6011543540476525,0.7299553323032538,0.7732740884182104,6.960614267467892,0.456218667049151,6.634101502634703,6.574383364350121,6.4761919410301765,6.2534926874729635,6.104436722289774,5.989859102215874,6.0331498952596805,6.248033717157673,6.363725958376212,6.308618648380553,6.272945997729353,6.111820978675882,5.9098216418317255,5.8017876010993055,5.650618995657066,5.291176659449692,4.939238331701993,4.353576918281071,4.147432180567501,3.8248994502717277,3.4857796659789955,3.1830882578153865,2.8609110473283983,2.8021567757394017,2.7650926064469084,2.6723615256044613,2.3701219502023125,2.131439207907042,1.9948715259591765,1.918556035242387,1.7124797011394877,1.455706464939522,7.549875399535624,7.286966219770057,7.008038671001208,6.5901075906228055,6.2722798846452825,-0.28219674419403545,5.785468700080142,5.769484084086657,-0.565696840194786,5.634721463642419,5.555834962363686
4.040999999999684,0.25876160740012677,-0.18013486027489542,5.515843513806669,5.4114693098777655,5.330166489705634,5.165881094656232,4.793951158123223,4.457454064108059,4.154379009892237,9.90198514197643,2.9546662527819594,2.3597207933446125,1.6617888692283331,1.0252923089484085,0.44341713817790257,-0.20378851031405584,5.697095992187828,-0.7587781723628516,5.395108355892195,5.365940590290816,-1.0268045800275634,-1.0561706243183462,-0.9405964257802516,-1.0669098843893157,-1.2110675659946954,-1.4144585470408888,-1.4770326545052532,-1.5182765445825246,-1.6261769773664807,4.6510957075483965,-1.7396580006612476,4.465476508976271,-1.9066513847990658,4.319367163491043,3.9605123798615756,-2.7284842620442196,3.2529417060208377,-3.4952111559314116,2.4569782252142467,2.0561964525602674,1.891433569022743,1.8713181224442639,1.7936407981640585,1.5868081808034453,1.3283820738815333,7.342807141069406,0.8081361134054452,0.734838354908241,7.021126872367358,0.7847323507864654,0.6745107986704204,0.5040183682112048,0.5576181856666427,0.5581824158019437,0.6023623594832312,0.7314715516572882,0.7750923008880644,6.962727398270514,0.45861939689696307,6.636765963129823,6.577286895408146,6.479306400700856,6.256788075695898,6.107872490098109,5.993393461785286,6.0367392253244985,6.251634276591625,6.367293691807578,6.312111759000792,6.276325574211598,6.115050335987971,5.91286945666164,5.804632935856768,5.653243748733559,5.293558102362694,4.941374796647476,4.355443516075384,4.149081935331402,3.8263450133111814,3.4870450897293033,3.184205000551592,2.861910805140071,2.803078231792559,2.7659693199655218,2.673226518880997,2.371007887675794,2.132375965359989,1.9958848621151772,1.9196686771248366,1.7137134205918938,1.4570788080601338,7.551395940998696,7.288645215236387,7.009880331832536,6.5921195995849535,6.274450564413364,-0.27987902018422744,5.787918016145775,5.772044785360818,-0.5630458331935051,5.637437633675818,5.558586879990066
4.0509999999996875,0.25820770271165394,-0.17778551574793283,5.518592340798535,5.414182822294148,5.33280433645354,5.168398817956938,4.796293180192289,4.459573413767765,4.15622918417992,9.903483408468711,2.9557250531471504,2.3603137578259084,1.661832935101657,1.0247781603508717,0.4423406017904108,-0.20546988818473805,5.694890670453134,-0.7614715496988017,5.391944448936533,5.362332748521064,-1.0308276284119202,-1.0605681906084712,-0.9453258969974061,-1.0719214114601598,-1.2163076531430108,-1.419872504104879,-1.4825603588852483,-1.5238615667263802,-1.6317648064557568,4.645556651585292,-1.7451000069400764,4.460174513905472,-1.9117751251103503,4.31445383907273,3.9558522215815177,-2.7328635268266455,3.2488487901859426,-3.4989865873796053,2.4535088405392838,2.0530436565848396,1.8885754823455645,1.868748355859005,1.791356911671846,1.5848121148485321,1.3266744356207865,7.341386830796565,0.8070013185908501,0.73398190521642,7.020550644429078,0.7844406570446839,0.6745100972696199,0.5043166026724296,0.558216473356518,0.5590843182209302,0.6035702876683532,0.7329871816260605,0.7769093052662934,6.964838607666332,0.4610174156772524,6.639426933043313,6.580186184296154,6.4824159217518,6.2600779081271325,6.11130222678622,5.996921475253027,6.040322073624897,6.255228408790822,6.3708552462891905,6.315599126228429,6.279700017991515,6.118275332183422,5.915913813652356,5.80747579810868,5.655867072982865,5.295939221133018,4.943512012958704,4.357311978103434,4.150734431307623,3.8277940844253404,3.488314637409996,3.185326309720474,2.862915400020165,2.8040046205557023,2.766850906313725,2.6740961843978717,2.3718981626695967,2.1333166324043864,1.9969016157549286,1.9207841984629959,1.7149494391312106,1.458452847176662,7.552917583353758,7.290324708156452,7.0117218892940745,6.594130872472281,6.276619903033282,-0.2775632372519295,5.790364792426904,5.774602355606377,-0.5603985562271401,5.640149474660694,5.561333884489777
4.060999999999691,0.25765325156826074,-0.17541572498032384,5.521335712944245,5.416890386573663,5.33543582357351,5.170909872529959,4.798628339214592,4.461685869340452,4.158072612434071,9.904975263552984,2.9567779822523272,2.3609015912012943,1.6618728077087381,1.0242609157243685,0.4412621894371243,-0.20715181093035606,5.692686126843345,-0.764162835921855,5.388783910247719,5.358729482738957,-1.0348450218707492,-1.064959169625858,-0.9500480089672378,-1.076925031973632,-1.2215394955063639,-1.4252780889041174,-1.4880797642660508,-1.5294385504644978,-1.6373450260595388,4.640024639293001,-1.7505356495261117,4.454878126713232,-1.9168940598667135,4.309544507406502,3.9511951862988592,-2.73724051350525,3.244757422878525,-3.5027611691300393,2.4500397759023693,2.0498907551847556,1.8857170407576074,1.8661781180966766,1.7890725412325157,1.5828156370009272,1.3249665312238543,7.339966452817065,0.8058666803931693,0.7331258406097828,7.019975003657676,0.7841496982145009,0.6745101838485745,0.5046155697575633,0.5588153431396611,0.5599865243319131,0.6047781213830369,0.7345022072080262,0.7787250898404507,6.966947888230885,0.4634127211298389,6.642084415504293,6.583081239593998,6.485520518056702,6.2633622035867855,6.114725955250425,6.000443168571998,6.04389846799434,6.258816142230011,6.374410649618452,6.319080775922744,6.283069351813718,6.121495985860918,5.91895472642898,5.810316195967229,5.658488970713197,5.298320012125194,4.945649971373003,4.359182289711532,4.152389649711857,3.8292466416689233,3.489588285065783,3.1864521605761635,2.863924807624922,2.8049359190978893,2.767737344857474,2.6749705044883343,2.3727927610318376,2.1342611984551128,1.9979217796132005,1.9219025948728456,1.716187754736208,1.4598285819566412,7.554440327177018,7.2920046993646395,7.013563343934547,6.596141409229156,6.2787878997450655,-0.2752493966838858,5.7928090275221935,5.777156793867899,-0.5577550090700953,5.642856988784568,5.564075980746225
4.070999999999694,0.2570983133704401,-0.17302541099544344,5.524073638492812,5.419592014669371,5.33806096688341,5.173414277973361,4.800956658331513,4.463791456747908,4.159909322361561,9.906460735729794,2.9578250681345617,2.361484319616715,1.6619085099603448,1.0237405935719197,0.4401819142754737,-0.20883427149167028,5.690482362065018,-0.7668520368191803,5.385626727748419,5.355130775013573,-1.0388567832653637,-1.0693435881769677,-0.9547627913504639,-1.0819207769763783,-1.2267631242146324,-1.4306753313974814,-1.493590898351613,-1.5350075203061673,-1.6429176567388106,4.634499654541079,-1.7559649397948602,4.449587340826368,-1.9220081909623081,4.304639170946702,3.946541280842372,-2.7416152113674914,3.240667617736594,-3.50653488512342,2.446571048660564,2.0467377661677575,1.882858261537191,1.8636074250890642,1.7867877006799735,1.580818758257468,1.3232583682103278,7.338546010710054,0.8047321982106032,0.7322701564145169,7.019399941502145,0.7838594622593065,0.6745110434664765,0.5049152524292503,0.559414776868414,0.5608890159725021,0.6059858435741444,0.736016613556282,0.7805396430305244,6.969055232640339,0.4658053110547545,6.6447384136592165,6.585972069855036,6.488620203419782,6.266640980784925,6.118143698243572,6.003958567526415,6.047468436081709,6.262397505193048,6.377959929405736,6.322556733769491,6.2864335982718345,6.124712315498415,5.921992208532402,5.8131541375013684,5.661109444232644,5.300700471746927,4.947788662711499,4.361054436366912,4.15404757190862,3.8307026632640806,3.4908660089164893,3.187582528543929,2.8649390037660543,2.8058721046185635,2.7686286150598036,2.675849461543765,2.373691668625669,2.135209652901245,1.998945346364212,1.9230238618836806,1.7174283652828897,1.4612060119608579,7.5559641729466,7.293685189617506,7.015404696254472,6.5981512097889645,6.280954553815376,-0.2729374997056698,5.795250720119194,5.779708099296893,-0.5551151913830964,5.645560178343071,5.5668131737333235
4.0809999999996975,0.2565429475007859,-0.1706144974295348,5.526806125754352,5.422287718559169,5.34067978218457,5.175912053825232,4.803278160581043,4.465890201771319,4.161739341500414,9.90793985331178,2.9588663386359513,2.3620619690296194,1.661940064597692,1.02321721225652,0.43909978936065297,-0.2105172628676857,5.688279376812995,-0.7695391581418102,5.38247288944302,5.351536607536902,-1.0428629353018675,-1.073721472889902,-0.9594702736162931,-1.0869086773226126,-1.2319785702147188,-1.436064261379556,-1.499093788707253,-1.54056850065269,-1.6484827189800648,4.62898168123999,-1.7613878891134052,4.444302149650902,-1.927117520337296,4.299737832081242,3.941890511955285,-2.7459876098015212,3.2365793882879337,-3.5103077194180545,2.443102676050598,2.0435847072216053,1.8799991618462886,1.8610362926583084,1.7845024037490782,1.5788214895315968,1.3215499540373952,7.337125508018294,0.8035978714350592,0.7314148479818996,7.018825449468945,0.7835699372316148,0.6745126613011834,0.5052156337934361,0.5600147565549652,0.5617917751478232,0.6071934373538723,0.7375303859771242,0.7823529533876713,6.971160633670504,0.4681951833116282,6.647388930671645,6.588858683606288,6.491714991576318,6.26991425832243,6.121555478376185,6.007467697733134,6.0510320053527415,6.265972525774373,6.3815031130758255,6.326027025282233,6.289792779809661,6.127924339454074,5.9250262734199595,5.815989630737147,5.663728495849148,5.303080596448708,4.949928077878366,4.362928403656637,4.155708179409873,3.8321621275988016,3.4921477853553586,3.1887173892185086,2.8659579644092457,2.8068131544463415,2.7695246964800218,2.6767330380133556,2.3745948713295117,2.1361619851068268,1.999972308622849,1.9241479949396691,1.7186712685462526,1.4625851366451341,7.5574891210441635,7.295366179595072,7.017245946706977,6.600160274074342,6.283119864537152,-0.2706275474825951,5.797689868992991,5.782256271150159,-0.5524791027149863,5.648259045738173,5.569545468513928
4.090999999999701,0.25598721332297775,-0.1681829085694627,5.5295331830988745,5.42497751024503,5.343292285261524,5.178403219563951,4.805592868898569,4.467982130052506,4.163562697221355,9.909412644425414,2.9599018214054524,2.3626345652107177,1.6619674941940006,1.022690790002402,0.43801582764651953,-0.2122007781151658,5.686077171770447,-0.7722242056050327,5.379322383416822,5.3479469626226805,-1.0468635005325753,-1.0780928502159768,-0.9641704850440392,-1.0918887636756436,-1.2371858642718865,-1.441444908481692,-1.5045884627603878,-1.546121515797766,-1.6540402331953497,4.623470703341343,-1.766804508839937,4.439022546572671,-1.9322220499771676,4.294840493132293,3.937242886295914,-2.7503576982956357,3.2324927479505643,-3.514079656189449,2.4396346751892413,2.0404315959144683,1.8771397587309866,1.858464736517447,1.782216664076266,1.5768238416540363,1.3198412961005166,7.335704948248764,0.8024636994525881,0.7305599106885038,7.01825151912191,0.783281111272654,0.6745150226484682,0.5055166970983029,0.5606152643700467,0.5626947840290689,0.6084008859982577,0.7390435099286212,0.7841650095929663,6.973264084195857,0.470582335819076,6.650035969722014,6.591741089348587,6.49480489619316,6.273182054691853,6.1249613181175775,6.010970584642955,6.0545892030914565,6.269541231880468,6.3850402278693315,6.329491675803662,6.293146918722317,6.131132075967188,5.928056934466086,5.818822683658037,5.666346127870483,5.305460382723426,4.95206820786008,4.364804177286494,4.157371453873637,3.833625013225332,3.4934335909473786,3.1898567183624675,2.86698166567267,2.807759046037824,2.7704255687729153,2.6776212164037982,2.3755023550372867,2.137118184411615,2.001002658945868,1.925274989401393,1.7199164622020229,1.463965955362088,7.559015171756518,7.297047669902106,7.019087095698624,6.602168601997391,6.285283831229238,-0.2683195411206134,5.800126473004866,5.78480130878815,-0.5498467425044972,5.6509535934764505,5.572272870238289
4.100999999999704,0.25543117018070716,-0.16573056939120187,5.532254818955075,5.427661401752236,5.345898491881735,5.18088779460845,4.8079008061176545,4.470067267095132,4.165379416729354,9.910879137012758,2.9609315439006934,2.363202133745727,1.661990821156043,1.022161344896293,0.43693004198648644,-0.21388481034814977,5.683875747608931,-0.7749071848887803,5.376175197835237,5.344361822705239,-1.0508585013574199,-1.0824577464312786,-0.9688634547247158,-1.096861066509384,-1.2423850369710823,-1.4468173021730593,-1.510074947801262,-1.5516665899278828,-1.6595902197223291,4.617966704838121,-1.772214810323298,4.433748524957935,-1.9373217819120692,4.289947156356936,3.9325984104382776,-2.7547254664377254,3.228407710033209,-3.5178506797299,2.436167063073693,2.037278449695334,1.874280069121943,1.8558927722709555,1.7799304952001709,1.5748258253734608,1.3181324017340927,7.334284334873228,0.8013296816438068,0.7297053399363927,7.017678142082166,0.7829929726119546,0.6745181129212744,0.5058184257332174,0.5612162826416469,0.5635980249520625,0.6096081729457022,0.7405559710192036,0.785975800456164,6.975365577188583,0.4729667665540973,6.652679534007416,6.5946192955567415,6.4978899308692535,6.27644438827827,6.128361239796962,6.0144672535419295,6.058140056401554,6.273103651231301,6.388571300844108,6.332950710506909,6.296496037157392,6.134335543159103,5.93108420496296,5.821653304205271,5.6689623426042335,5.307839827105985,4.954209043724675,4.366681743079914,4.159037377102635,3.8350912988586137,3.4947234024276215,3.1910004919045676,2.8680100838255314,2.8087097569764228,2.7713312116879707,2.6785139792789736,2.3764141056586436,2.138078240131833,2.002036389833084,1.926404840547362,1.7211639438283644,1.4653484673628694,7.560542325277195,7.298729661069385,7.0209281435902104,6.60417619345992,6.287446453236039,-0.2660134816672008,5.802560531100975,5.787343211673364,-0.5472181100819972,5.653643824167363,5.574995384142524
4.1109999999997076,0.25487487739654213,-0.1632574055990642,5.534971041809161,5.43033940512863,5.348498417795355,5.183365798318471,4.8102019949707975,4.472145638265901,4.16718952706514,9.912339358833197,2.9619555333897645,2.3637647000370903,1.6620100677256753,1.0216288948886545,0.435842445134407,-0.21556935273747332,5.681675104988446,-0.7775881016380133,5.373031320943009,5.3407811703383565,-1.0548479600253398,-1.0868161876382036,-0.9735492115626152,-1.101825616109846,-1.2475761187182464,-1.4521814717616892,-1.5155532709836768,-1.557203747122707,-1.6651326988243442,4.612469669764905,-1.7776188049025394,4.428480078153965,-1.9424167182161443,4.285057823947832,3.92795709087272,-2.7590909039147293,3.2243242877357616,-3.5216207744480847,2.432699856581964,2.0341252858944148,1.8714201098348544,1.8533204154152891,1.7776439105622388,1.5728274513571587,1.316423278212116,7.332863671328832,0.8001958173843103,0.7288511311533076,7.0171053100280245,0.782705509566939,0.6745219176489764,0.5061208032276848,0.5618177938537351,0.5645014804158391,0.6108152817955106,0.7420677550062683,0.7877853149144738,6.9774651057176165,0.4753484735514766,6.655319626741371,6.597493310679681,6.500970109136145,6.27970127736012,6.131755265604556,6.017957729552643,6.06168459220782,6.276659811361769,6.392096358876654,6.336404154396844,6.299840157116074,6.137534759034129,5.9341080981211425,5.824481500278154,5.671577142357764,5.3102189261729205,4.9563505766210065,4.368561086976894,4.160705931042931,3.8365609633747337,3.4960171966996074,3.1921486859381605,2.869043195286621,2.809665264971195,2.772241605068602,2.6794113092596525,2.3773301091191894,2.1390421415609038,2.00307349372854,1.9275375435755107,1.7224137109075648,1.466732671798866,7.562070581708019,7.30041215355493,7.02276909069756,6.606183048353652,6.289607729927169,-0.2637093701122299,5.804992042311054,5.789881979368761,-0.544593204671214,5.656329740521561,5.577713015547112
4.120999999999711,0.2543183942707308,-0.16076334366566922,5.537681860203683,5.433011532443876,5.351092078734959,5.185837249994821,4.812496458090201,4.474217268795737,4.168993055106698,9.913793337465117,2.962973816952996,2.3643222893056874,1.662025255981348,1.021093457794915,0.4347530497454523,-0.2172543985102931,5.679475244557478,-0.7802669614630957,5.36989074106343,5.337204988194143,-1.0588318986356562,-1.0911681997669813,-0.9782277842768704,-1.1067824425766222,-1.252759139741611,-1.457537446395513,-1.5210234593257155,-1.5627330113554758,-1.6706676906904832,4.606979582198075,-1.7830165039064874,4.423217199489619,-1.9475068610068826,4.280172498033857,3.923318934006525,-2.7634540005120827,3.2202424941497596,-3.5253899248686444,2.4292330724732754,2.030972121723562,1.868559897570923,1.8507476813394226,1.7753569235073423,1.5708287301916875,1.3147139327488178,7.331442961018648,0.799062106045075,0.7279972797928457,7.016533014694894,0.7824187105425089,0.6745264224766419,0.5064238132503144,0.5624197806449985,0.5654051330812407,0.6120221963064455,0.743578847794798,0.7895935420313483,6.979562662947693,0.477727454903189,6.657956251153608,6.600363143140603,6.5040454444584865,6.2829527401100345,6.135143417592673,6.021442037635496,6.0652228372575125,6.280209739623122,6.395615428663511,6.339852032311368,6.303179300454274,6.140729741480448,5.937128627070213,5.827307279734378,5.674190529438195,5.312597676542015,4.958492797778015,4.370442195032928,4.162377097782601,3.838033985809395,3.497314950833681,3.1933012767196,2.870080976622893,2.810625547855706,2.7731567288513914,2.680313189023195,2.3782503513607116,2.140009877970179,2.004113963021666,1.9286730936046752,1.7236657608276997,1.4681185677233928,7.563599941060632,7.30209514774524,7.024609937292296,6.6081891665604555,6.291767660697109,-0.26140720738883083,5.8074210057471305,5.792417611536189,-0.5419720253909333,5.659011345349215,5.580425769855404
4.130999999999714,0.2537617800799375,-0.15824831087266328,5.540387282736377,5.435677795788726,5.353679490415298,5.188302168879619,4.814784218008513,4.476282183780954,4.17079002757076,9.915241100307627,2.963986421484711,2.364874926592522,1.662036407839613,1.0205550512966886,0.4336618683769797,-0.21893994094961508,5.677276166953062,-0.7829437699401688,5.366753446597577,5.333633259061924,-1.0628103391394297,-1.0955138085771787,-0.9828992014030018,-1.1117315758243513,-1.25793413009299,-1.462885255063389,-1.526485539710463,-1.568254406493391,-1.6761952154356563,4.601496426256019,-1.78840791865332,4.4179598822759205,-1.952592212444481,4.275291180680755,3.9186839461645255,-2.767814746113172,3.2161623422588588,-3.5291581156317595,2.42576672738846,2.0278189742766894,1.8656994489173253,1.8481745853253926,1.7730695472843887,1.5688296723835224,1.313004372499301,7.330022207312235,0.7979285469928481,0.7271437813346305,7.01596124787517,0.7821325640306325,0.6745316131643,0.5067274396077913,0.5630222258075928,0.5663089657695259,0.6132289003952983,0.7450892354359961,0.7914004709952829,6.981658242138417,0.48010370875781233,6.6605894104898296,6.603228801337119,6.507115950234536,6.286198794595672,6.138525717676798,6.024920202589969,6.068754818121742,6.28375346318438,6.399128536722637,6.343294368922698,6.306513488883751,6.143920508271004,5.940145804859397,5.830130650390346,5.676802506152369,5.314976074871919,4.960635698503994,4.372325053417942,4.1640508595503976,3.8395103453563943,3.498616642065406,3.19445824066667,2.8711234045480563,2.8115905835868946,2.774076563065343,2.681219601303257,2.379174818341402,2.1409814386096526,2.0051577900484165,1.9298114856760473,1.72492009088427,1.469506154093349,7.565130403258014,7.303778643956489,7.0264506836026195,6.6101945479525455,6.293926244964866,-0.2591069943742383,5.80984742060227,5.794950107934847,-0.5393545712566733,5.661688641558369,5.5831336525521635
4.140999999999718,0.2532050940759149,-0.1557122353521876,5.543087318059041,5.438338207274288,5.356260668533046,5.190760574156548,4.817065297159564,4.478340408184411,4.172580471014263,9.9166826745822,2.9649933736949614,2.365422636760392,1.662043545056604,1.0200136929429837,0.4325689134893953,-0.22062597339382564,5.675077872800834,-0.7856185326115172,5.363619426023549,5.330065965847139,-1.0667833033408043,-1.0998530396591932,-0.9875634912944464,-1.1166730455841705,-1.2631011196490531,-1.4682249265961231,-1.5319395388867258,-1.5737679562980162,-1.6817152931006782,4.596020186099319,-1.7937930604501582,4.412708119806608,-1.957672774731214,4.270413873891769,3.914052133589709,-2.772173130698785,3.212083844939313,-3.5329253314927183,2.4223008378503694,2.0246658605301957,1.8628387803476878,1.8456011425488366,1.7707817950469247,1.5668302883596976,1.3112946045601686,7.328601413546177,0.7967951395905287,0.7262906312844725,7.015390001418122,0.7818470586099309,0.6745374755862138,0.5070316662438593,0.5636251122859026,0.5672129614609948,0.6144353781354758,0.7465989041259354,0.7932060911186299,6.983751836643336,0.4824772333199447,6.6632191080115115,6.606090293641397,6.510181639796645,6.289439458780521,6.14190218763667,6.0283922490558774,6.0722805611968385,6.287291009033737,6.40263570939479,6.346731188738631,6.309842743973213,6.147107077064401,5.943159644458182,5.8329516200214675,5.679413074806823,5.317354117861767,4.962779270185872,4.374209648415248,4.165727198714434,3.8409900213661254,3.49992224779398,3.1956195543570356,2.8721704559211854,2.8125603502439613,2.775001087831141,2.68213052888951,2.380103496036079,2.141956812708676,2.0062049670923967,1.9309527147546086,1.726176698281817,1.4708954297708572,7.566661968135975,7.30546264243572,7.0282913298140555,6.612199192392701,6.296083482173641,-0.25680873189062925,5.812271286149318,5.797479468419761,-0.5367408411823379,5.664361632153314,5.585836669202115
4.150999999999721,0.2526483954841049,-0.1531550461290977,5.545781974876397,5.440992779031331,5.358835628766557,5.193212484951096,4.819339717879095,4.480391966836646,4.174364411835797,9.918118087334328,2.9659947001112488,2.3659654444955462,1.6620466892295116,1.0194694001514009,0.4314741974470084,-0.22231248923622673,5.672880362715083,-0.7882912549859311,5.360488667895721,5.3265030915702605,-1.0707508128983372,-1.1041859184357226,-0.9922206821240721,-1.1216068814051514,-1.268260138112591,-1.4735564896674866,-1.5373854834697473,-1.5792736844256743,-1.6872279436523534,4.590550845930941,-1.7991719405926643,4.407461905358677,-1.9627485501108115,4.265540579608266,3.909423502443821,-2.7765291443465627,3.2080070149604554,-3.5366915573214874,2.4188354202642874,2.021512797343396,1.8599779082225636,1.843027368079535,1.7684936798537383,1.5648305884684384,1.309584635970135,7.327180583024609,0.7956618831975383,0.7254378251745228,7.014819267229782,0.7815621829452635,0.6745439957301562,0.5073364772383105,0.5642284231753171,0.5681171032936276,0.6156416137556,0.7481078402042217,0.7950103918364241,6.985843439909014,0.48484802684962547,6.665845346995667,6.608947628400306,6.513242526411749,6.292674750524721,6.145272849117338,6.031858201514626,6.075800092705699,6.290822403979963,6.406136972844885,6.35016251610382,6.3131670871494245,6.150289465405777,5.946170158756939,5.835770196362469,5.682022237707753,5.319731802250797,4.964923504288486,4.376095966420489,4.167406097780878,3.842472993344087,3.5012317455806694,3.196785194526707,2.873222107745351,2.8135348260272717,2.7759302833604287,2.6830459546273504,2.3810363704364077,2.142935989476654,2.0072554863859744,1.9320967757305474,1.7274355801355175,1.4722863935248751,7.5681946354446215,7.30714714336201,7.030131876070204,6.614203099734472,6.298239371790501,-0.25451242070594543,5.814692601739688,5.8000056929402835,-0.5341308339818448,5.667030320232984,5.588534825448514
4.160999999999724,0.25209174350217045,-0.1505766731639402,5.548471261944997,5.443641523209559,5.361404386775617,5.195657920330794,4.821607502405484,4.482436884437009,4.176141876277039,9.919547365435163,2.9669904270802196,2.366503374309322,1.6620458617980394,1.0189221902093162,0.4303777325188779,-0.2239994819245747,5.670683637298818,-0.7909619425390639,5.3573611608439995,5.322944619365708,-1.0747128893263125,-1.1085124701632252,-0.9968708018856759,-1.1265331126557252,-1.2734112150137693,-1.4788799727952184,-1.542823399941921,-1.584771614427845,-1.6927331869835696,4.585088389996398,-1.8045445703646523,4.402221232192931,-1.967819540867853,4.260671299710358,3.9047980588079625,-2.7808827772304525,3.2039318649851807,-3.54045677810227,2.415370490918351,2.018359801458959,1.857116848789911,1.8404532768819515,1.766205214669454,1.5628305829797895,1.3078744737106374,7.325759719019742,0.7945287771701797,0.7245853585634174,7.014249037272827,0.7812779257873145,0.674551159696689,0.5076418568059847,0.5648321417210151,0.5690213745617392,0.616847591638125,0.7496160301526722,0.7968133627052205,6.987933045474141,0.4872160876617638,6.668468130734628,6.611800813935549,6.516298623281852,6.295904687585855,6.148637723630211,6.035318084290436,6.079313438699151,6.294347674653777,6.409632353063344,6.353588375201014,6.316486539698283,6.1534676907276795,5.949177360567524,5.838586387107694,5.684629997160974,5.322109124817974,4.967068392353865,4.377983993940615,4.169087539392669,3.8439592409494137,3.502545113147248,3.197955138068523,2.874278337166263,2.8145139892572693,2.7768641299550865,2.6839658614176263,2.3819734275511166,2.1439189581037383,2.0083093401113743,1.9332436634206536,1.7286967334727519,1.4736790440327872,7.5697284048498075,7.308832146847626,7.031972322473471,6.616206269822381,6.300393913306048,-0.25221806153470666,5.817111366802138,5.8025287815386175,-0.5315245483707319,5.669694708989376,5.591228127011751
4.170999999999728,0.2515351972984536,-0.14797704739668097,5.551155188072123,5.446284451976928,5.363966958201212,5.1980968993054555,4.823868672880447,4.484475185554766,4.177912890424165,9.920970535583116,2.967980580769349,2.3670364505397647,1.6620410840458482,1.0183720802750595,0.42927953087965237,-0.22568694496062158,5.668487697143814,-0.793630600713783,5.354236893573095,5.319390532480796,-1.07866955399604,-1.1128327199333643,-1.0015138783954665,-1.1314517685250907,-1.2785543797113699,-1.484195404342027,-1.5482533146534998,-1.5902617697515675,-1.6982310429133949,4.579632802583926,-1.8099109610377084,4.396986093554485,-1.9728857493271617,4.255806036017516,3.900175808683183,-2.785234019620162,3.1998584075704337,-3.5442209789330636,2.4119060659839744,2.0152068895033413,1.854255618185574,1.8378788838157714,1.7639164123651299,1.5608302820862368,1.3061641247064275,7.324338824772373,0.7933958208619892,0.7237332270364165,7.013679303566444,0.7809942759721765,0.6745589536984484,0.5079477892957758,0.5654362513167636,0.569925758714644,0.6180532963179675,0.7511234605940068,0.7986149934019452,6.9900206469686115,0.4895814141255707,6.6710874625358425,6.614649858543798,6.519349943544497,6.299129287619741,6.151996832554108,6.0387719215515725,6.082820625057269,6.297866847509239,6.413121875867443,6.357008790052314,6.31980112276592,6.1566417703509355,5.952181262623885,5.841400199911391,5.687236355471885,5.3244860823816085,4.969213926000522,4.379873717592842,4.170771506328225,3.8454487439934177,3.50386232837447,3.199129362030659,2.875339121470933,2.815497818373405,2.777802608006529,2.6848902322163637,2.3829146534062127,2.144905707761511,2.009366520401758,1.9343933725696958,1.7299601552346533,1.4750733798819713,7.57126327593456,7.310517652939164,7.033812669085787,6.618208702492133,6.302547106234108,-0.24992565503881112,5.819527580841587,5.80504873434836,-0.5289219829677427,5.672354801705995,5.59391657968795
4.180999999999731,0.2509788160103577,-0.1453561007911937,5.55383376211471,5.448921577518952,5.366523358665274,5.200529440827403,4.826123251349746,4.486506894630201,4.179677480209249,9.922387624305456,2.9689651871686045,2.3675646973532345,1.6620323771019814,1.0178190873790751,0.4281796046104021,-0.22737487189966105,5.666292542830675,-0.7962972349205174,5.351115854861792,5.315840814274675,-1.0826208281371423,-1.1171466926744302,-1.0061499392935325,-1.1363628780246102,-1.2836896613940247,-1.4895028125165815,-1.5536752538233038,-1.595744173739841,-1.7037215311871816,4.574184068024639,-1.815271123870821,4.3917564826732995,-1.9779471778532154,4.250944790289174,3.8955567579910735,-2.789582861880611,3.195786655167698,-3.547984145025212,2.4084421615162777,2.0120540779872393,1.8513942324337687,1.8353042036364426,1.761627285718847,1.5588296959033172,1.3044535958261652,7.322917903492376,0.7922630136240775,0.7228814262055319,7.013110058186214,0.7807112224209363,0.674567364059432,0.5082542591896477,0.5660407355037254,0.5708302393553387,0.6192587124811524,0.7526301182905545,0.8004152737227568,6.992106238112651,0.4919440046639967,6.673703345721643,6.617494770496833,6.522396500273243,6.302348568181227,6.155350197136289,6.042219737311564,6.08632167749071,6.301379948825097,6.416605566902645,6.3604237845204015,6.3231108573597625,6.159811721485507,5.955181877582657,5.844211642388011,5.689841314945437,5.3268626717989855,4.971360096922737,4.381765124103643,4.172457981500175,3.8469414824381465,3.5051833693005494,3.200307843615137,2.8764044380863547,2.8164862919330833,2.778745697995006,2.685819050034499,2.383860034045196,2.1458962276036564,2.010427019342293,1.9355458978517783,1.731225842277634,1.4764693995713447,7.572799248200489,7.312203661618666,7.035652915929329,6.620210397570799,6.304698950111403,-0.24763520182832574,5.82194124343793,5.807565551593054,-0.5263231362963859,5.675010601756308,5.596600189347601
4.190999999999734,0.2504226587426548,-0.14271376638049985,5.556506992978283,5.451552912038032,5.369073603770462,5.202955563791713,4.828371259763873,4.488532035975701,4.181435671411646,9.92379865795989,2.969944272092089,2.36808813874599,1.662019761942284,1.0172632284250775,0.42707796569944423,-0.22906325635007688,5.664098174928895,-0.7989618505375995,5.347998033562243,5.312295448217303,-1.0865667328388224,-1.1214544131527537,-1.0107790120452944,-1.1412664699891928,-1.2888170890814346,-1.4948022253744997,-1.5590892435394244,-1.6012188496320279,-1.709204671476674,4.568742170692677,-1.82062507011002,4.386532392764673,-1.983003828849564,4.246087564225326,3.8909409125743517,-2.793929294471387,3.1917166201234854,-3.55174626170295,2.4049787934545224,2.0089013833060307,1.8485327074475675,1.8327292509957138,1.7593378474162948,1.556828834470229,1.3027428938829941,7.3214969583592,0.7911303548054602,0.7220299517096517,7.012541293263972,0.7804287541392574,0.674576377214291,0.5085612511016578,0.5666455779692815,0.5717348002391958,0.620463824963472,0.7541359901429731,0.8022141935819215,6.994189812715931,0.4943038577531751,6.676315783629039,6.620335558041674,6.525438306478121,6.305562546724958,6.158697838493481,6.0456615554304065,6.089816621542021,6.304887004706153,6.420083451643926,6.363833382309765,6.326415764349604,6.162977561231347,5.958179218023755,5.847020722112494,5.692444877886081,5.329238889965981,4.973506896889865,4.383658200307722,4.174146947954109,3.8484374363949523,3.5065082141196537,3.201490560176372,2.8774742645781965,2.8174793886106184,2.779693380488918,2.6867522979376135,2.384809555529272,2.1468905067666313,2.011490828971202,1.9367012338716802,1.7324937913748915,1.4778671015128857,7.574336321069173,7.31389017280472,7.0374930629872114,6.622211354877021,6.306849444497249,-0.24534670246226428,5.824352354244889,5.8100792335847835,-0.523728006786478,5.677662112602233,5.5992789619342105
4.200999999999738,0.24986678456571185,-0.140049978312766,5.559174889615915,5.454178467752777,5.3716177090999215,5.205375287036425,4.830612719978748,4.490550633776829,4.183187489659353,9.925203662736113,2.970917861179673,2.3686067985457635,1.6620032593908007,1.0167045201911917,0.42597462604316033,-0.23075209197289528,5.661904593996912,-0.8016244529116026,5.344883418599257,5.308754417888407,-1.0905072890511234,-1.1257559059741038,-1.0154011239429421,-1.1461625730786622,-1.2939366916255812,-1.5000936708193227,-1.5644953097599235,-1.6066858205642587,-1.7146804833801217,4.563307095005349,-1.8259728109880282,4.381313817029736,-1.9880557047582554,4.241234359467124,3.8863282781974444,-2.798273307946198,3.1876483146798336,-3.5555073144029508,2.4015159776225543,2.0057488217402306,1.8456710590293899,1.830154040442173,1.7570481100513564,1.554827707750431,1.3010320256351144,7.320075992522343,0.7899978437533821,0.7211787992146541,7.011973000987669,0.7801468602169654,0.6745859797076272,0.5088687497769886,0.5672507625458622,0.5726394252726706,0.6216686187491601,0.755641063188982,0.8040117430106986,6.996271364676694,0.4966609719218699,6.678924779609505,6.623172229400701,6.528475375106115,6.308771240606152,6.162039777612893,6.049097399615756,6.0933054825869535,6.3083880410846,6.423555555397077,6.36723760696792,6.3297158644686595,6.166139306579239,5.961173296450952,5.849827446620551,5.695047046597734,5.3316147338166955,4.975654317745631,4.385552933147025,4.175838388867324,3.8499365861230785,3.5078368411804233,3.202677489219719,2.8785485786495144,2.818477087196207,2.780645636144137,2.6876899590456764,2.385763203937559,2.147888534370317,2.0125579412808037,1.9378593751661755,1.733763999217889,1.4792664840331338,7.575874493883521,7.315577186353551,7.039333110204184,6.624211574221205,6.30899858897325,-0.2430601574493543,5.826760912988862,5.8125897807227656,-0.5211365927756612,5.68030933779264,5.601952903462972
4.210999999999741,0.2493112525136361,-0.13736467189805668,5.56183746102717,5.4567982568973505,5.374155690217056,5.207788629342777,4.83284765375638,4.492562712093381,4.1849329604303644,9.92660266465736,2.971885979898598,2.3691207004133177,1.661982890121165,1.016142979331086,0.424869597446807,-0.23244137248134017,5.659711800582172,-0.804285047357674,5.341771998969605,5.305217706976482,-1.0944425175861703,-1.1300511955850665,-1.0200163021068573,-1.1510512157791142,-1.2990484977119245,-1.5053771766034867,-1.5698934783135354,-1.6121451095698387,-1.7201489864223978,4.55787882542327,-1.8313143577239188,4.376100748655946,-1.9931028080592685,4.236385177597459,3.881718860547068,-2.802614892952329,3.1835817509747986,-3.559267288673863,2.3980537297292424,2.0025964094559465,1.8428093028714905,1.8275785864217857,1.754758086126687,1.5528263256322379,1.299320997786344,7.318655009101826,0.7888654798136294,0.7203279644135162,7.011405173601233,0.7798655298276305,0.6745961581932907,0.5091767400909868,0.5678562732097895,0.5735440985120237,0.6228730789695792,0.7571453246021096,0.8058079121562377,6.998350887980888,0.49901534575092915,6.681530337028766,6.626004792771796,6.531507719041595,6.311974667081362,6.165376035353223,6.05252729342412,6.096788285835749,6.311883083721363,6.42702190330002,6.370636481886612,6.33301117831462,6.169296974411635,5.9641641252924655,5.85263182340894,5.697647823383733,5.333990200323074,4.977802351407437,4.387449309669731,4.177532287547586,3.851438912028261,3.5091692289844993,3.2038686084000463,2.8796273581394796,2.8194793665949094,2.78160244570334,2.688632016532786,2.3867209653672976,2.148890299518672,2.013628348218534,1.939020316205336,1.7350364624178225,1.4806675453746723,7.577413765909127,7.3172647020600925,7.041173057487305,6.6262110554057045,6.311146383142983,-0.24077556724879381,5.829166919467799,5.815097193491978,-0.5185488925109024,5.682952280961872,5.60462202001944
4.220999999999744,0.24875612158233776,-0.13465778365583347,5.564494716257105,5.4594122917208185,5.3766875626653015,5.210195609435425,4.835076082765541,4.494568294860436,4.186672109053997,9.927995689581913,2.9728486535450784,2.369629867843979,1.6619586746579726,1.0155786223750924,0.42376289162531994,-0.23413109164039234,5.657519795221186,-0.8069436391598622,5.338663763741329,5.301685299277774,-1.0983724391193985,-1.1343403062744133,-1.0246245734870234,-1.155932426404257,-1.3041525358605952,-1.5106527703292905,-1.5752837749003599,-1.6175967395796527,-1.725610200055122,4.55245734645048,-1.836649721522783,4.370893180817552,-1.998145141269961,4.231540020141537,3.8771126652328007,-2.806954040230098,3.1795169410429502,-3.5630261701758483,2.3945920653689305,1.9994441625053399,1.8399474545564531,1.8250029032784327,1.7524677880542894,1.5508246979294062,1.2976098169866748,7.317234011188654,0.7877332623308364,0.7194774430264149,7.010837803404425,0.7795847522281502,0.6746068994336856,0.5094852070482104,0.5684620940801317,0.574448804162053,0.624077190901923,0.7586487616904519,0.8076026912804883,7.0004283767013185,0.5013669778727423,6.68413245926659,6.628833256328455,6.534535351106784,6.3151728433092265,6.16870663244566,6.055951260262025,6.100265056334422,6.315372158207416,6.430482520324095,6.374030030303016,6.336301726350684,6.172450581503491,5.967151716901525,5.8554338599357525,5.700247210546788,5.3363652864945434,4.979950989865673,4.38934731702927,4.179228627431916,3.8529443946613413,3.5105053561850705,3.205063895520323,2.88071058102212,2.8204862058256515,2.7825637899953493,2.68957845362692,2.387682825934054,2.14989579130037,2.0147020416879595,1.9401840513938142,1.7363111775070597,1.4820702836975843,7.5789541363355895,7.318952719659041,7.0430129047066234,6.628209798225008,6.313292826631714,-0.23849293227099802,5.831570373550084,5.817601472461802,-0.5159649041499703,5.685590945828297,5.607286317758239
4.230999999999748,0.24820145072750752,-0.13192925136320843,5.567146664395246,5.462020584486497,5.379213341967899,5.212596245982659,4.8372980285824205,4.496567405889384,4.18840496071222,9.92938276320463,2.973805907245871,2.3701343241691695,1.6619306333781394,1.0150114657313172,0.4226545202041095,-0.23582124326635162,5.655328578439597,-0.8096002335714405,5.335558702053066,5.298157178695302,-1.102297074190771,-1.138623262174452,-1.0292259648644175,-1.1608062330967428,-1.3092488344275715,-1.5159204794498504,-1.5806662250925547,-1.6230407334225732,-1.7310641436567873,4.5470426426345725,-1.8419789135754094,4.365691106676063,-2.003182706944517,4.226698888567461,3.872509697787656,-2.811290740612313,3.1754538968158768,-3.56678394468011,2.3911310000218906,1.9962920968270879,1.8370855295576856,1.8224270052544458,1.7501772281560897,1.5488228343817192,1.2958984898328159,7.3158130018452665,0.786601190648781,0.7186272308008222,7.010270882752687,0.7793045167583335,0.6746181902990767,0.509794135781484,0.5690682094175675,0.5753535265748415,0.6252809399679294,0.7601513618954465,0.8093960707591197,7.002503824996794,0.5037158669707045,6.686731149716577,6.631657628219924,6.537558284062203,6.318365786351226,6.172031589494864,6.059369323387189,6.103735818966036,6.318855289965095,6.433937431275346,6.377418275300931,6.339587528906598,6.175600144523086,5.970136083556943,5.858233563620673,5.702845210388939,5.338739989377634,4.982100225183031,4.391246942483346,4.180927392085373,3.8544530147168947,3.511845201585437,3.2062633285302193,2.8817982254050767,2.8214975840202343,2.7835296499344846,2.69052925360969,2.3886487717719245,2.1509049987894375,2.0157790135497744,1.9413505750721112,1.7375881409405622,1.48347469708089,7.580495604277823,7.3206412388258935,7.044852651695823,6.630207802465921,6.315437919086089,-0.23621225287833414,5.833971275173459,5.8201026182846745,-0.5133846257628913,5.688225336192866,5.609945802901781
4.240999999999751,0.24764729886250494,-0.12917901410393656,5.569793314574594,5.464623147471322,5.381733043627683,5.21499055759662,4.839513512691285,4.4985600688689535,4.19013154044095,9.930763911058426,2.9747577659598377,2.370634092557907,1.6618987865122508,1.0144415256867412,0.421544494719851,-0.2375118212264019,5.653138150752232,-0.8122548358152245,5.332456803113368,5.2946333292378664,-1.1062164432059771,-1.1429000872623651,-1.033820502852391,-1.1656726638294852,-1.314337421605849,-1.5211803312700531,-1.5860408543350257,-1.6284771138258716,-1.736510836532893,4.541634698566799,-1.8473019450579675,4.360494519380712,-2.00821550767341,4.221861784286785,3.8679099636686516,-2.815624985023728,3.171392630122683,-3.5705405980684244,2.3876705490547794,1.9931402282468502,1.834223543239914,1.819850906491144,1.7478864186645038,1.5468207446555602,1.294187022868734,7.314391984105979,0.7854692641106733,0.7177773235115918,7.009704404056986,0.7790248128404831,0.6746300177669005,0.5101035115509609,0.5696746036232612,0.5762582502485146,0.6264843117326103,0.7616531127906573,0.8111880410804524,7.004577227111296,0.5060620117786842,6.689326411785954,6.6344779165713135,6.540576530607106,6.32155351317242,6.17535092697996,6.062781505909679,6.107200598451971,6.322332504249405,6.437386660795794,6.380801239811951,6.34286860617968,6.178745680032838,5.973117237463671,5.861030941845254,5.705441825211509,5.341114306055616,4.984250049493829,4.393148173392956,4.182628565199843,3.855964753031871,3.5131887441375826,3.2074668855247315,2.8828902695283825,2.822513480422357,2.7845000065199206,2.6914843998160936,2.389618789033737,2.1519179110458717,2.0168592556227805,1.9425198815178244,1.7388673490972901,1.484880783523966,7.582038168777349,7.322330259177976,7.0466922982528875,6.632205067907751,6.317581660173856,-0.2339335293858461,5.836369624343923,5.822600631694774,-0.5108080553333877,5.690855455937701,5.612600481739002
4.250999999999754,0.24709372485615913,-0.1264070123181508,5.57243467597065,5.467219992965222,5.384246683126848,5.217378562833512,4.841722556485116,4.5005463073662195,4.191851873131339,9.932139158515733,2.975704254479487,2.371129196018305,1.6618631541458946,1.013868818408309,0.42043282662126685,-0.23920281943818045,5.6509485126631755,-0.8149074510838886,5.329358056200051,5.291113735019085,-1.1101305664376258,-1.1471708053615326,-1.0384082138980357,-1.170531746406963,-1.3194183254266005,-1.5264323529474975,-1.5914076879461148,-1.633905903415626,-1.7419502979160815,4.536233498882178,-1.8526188271317037,4.355303412068893,-2.0132435460828706,4.217028708655087,3.863313468257369,-2.819956764480505,3.16733315269049,-3.5742961163326656,2.3842107277210998,1.9899885724777417,1.8313615108596824,1.8172746210293689,1.7455953717230046,1.544818438344485,1.2924754225861825,7.312970960977424,0.7843374820594349,0.7169277169610416,7.009138359783668,0.7787456299789773,0.6746423689210802,0.5104133197431935,0.570281261237748,0.5771629598260143,0.6276872919029927,0.7631540020805735,0.8129785928444011,7.006648577373145,0.508405411080496,6.691918248895369,6.637294129483723,6.543590103379926,6.324736040642177,6.178664665255498,6.0661878307930515,6.110659419353167,6.325803826149315,6.4408302333647,6.384178946616643,6.346144978235829,6.1818872044901125,5.976095190753369,5.863826001953182,5.708037057315057,5.34348823364813,4.98640045500333,4.395050997221433,4.184332130592862,3.857479590584252,3.5145359629407755,3.2086745447428116,2.8839866917632446,2.8235338743866523,2.785474840835056,2.6924438756342792,2.390592863891251,2.152934517116264,2.0179427596848627,1.9436919649468811,1.7401487982815806,1.4862885409479392,7.583581828803561,7.324019780275448,7.048531844140735,6.634201594322479,6.319724049583568,-0.23165676206197,5.838765421134675,5.825095513506717,-0.5082351907602933,5.693481309024694,5.6152503606241195
4.260999999999758,0.24654078753047648,-0.12361318785283122,5.575070757800439,5.4698111332704995,5.386754275926748,5.219760280193815,4.843925181266235,4.502526144827601,4.1935659835310535,9.933508530789975,2.976645397432503,2.371619657399045,1.6618237562209808,1.013293359944009,0.4193195272699022,-0.24089423186934963,5.648759664665823,-0.8175580845402736,5.326262450659524,5.287598380256434,-1.1140394640264184,-1.151435440142841,-1.0429891242835354,-1.175383508466513,-1.3244915737603231,-1.5316765714934344,-1.5967667511182824,-1.6393271247171326,-1.7473825469662772,4.530839028259596,-1.8579295709426433,4.350117777866607,-2.018266824834362,4.212199662972505,3.8587202168605184,-2.82428607008967,3.163275476144946,-3.578050485574325,2.380751551161665,1.9868371451208022,1.828499447565849,1.814698162810019,1.743304099386684,1.542815924969783,1.2907636954252248,7.311549935438973,0.7832058438379726,0.71607840697903,7.008572742454289,0.778466957759855,0.6746552309513452,0.5107235458702101,0.5708881669398306,0.5780676400938803,0.6288898663268725,0.7646540175994201,0.8147677167614277,7.008717870194182,0.5107460637093806,6.694506664478682,6.64010627503436,6.5465990149587014,6.327913385534911,6.18197282455242,6.069588320855492,6.114112306071378,6.329269280589034,6.444268173299824,6.387551418345705,6.349416665010544,6.185024734248025,5.979069955484939,5.866618751250535,5.710630908999321,5.345861769310828,4.988551433987075,4.396955401533487,4.186038072206434,3.858997508491718,3.515886837240169,3.209886284566022,2.8850874706108507,2.8245587453777365,2.786454134046891,2.693407664505308,2.39157098253535,2.153954806034402,2.019029517473941,1.9448668195147507,1.7414324847245133,1.4876979671970658,7.585126583254977,7.325709801622305,7.050371289087849,6.636197381474933,6.321865087024309,-0.2293819511292384,5.841158665685067,5.827587264614268,-0.5056660298589515,5.696102899494133,5.617895445975395
4.270999999999761,0.24598854565825573,-0.12079748401300085,5.5777015693215555,5.472396580701218,5.389255837467675,5.2221357281224865,4.846121408246947,4.504499604579841,4.19527389624553,9.934872052937013,2.97758121928325,2.37210549939084,1.6617806125370498,1.0127151662239433,0.41820460794089404,-0.24258605253717216,5.646571607242951,-0.8202067413176927,5.323169975906146,5.284087249270307,-1.1179431559823125,-1.15569401512598,-1.0475632601275033,-1.1802279774796096,-1.3295571943179807,-1.536913013773699,-1.6021180689187902,-1.6447408001553159,-1.752807602770833,4.525451271421893,-1.8632341876213026,4.3449376098888886,-2.0232853466240655,4.207374648484307,3.854130214710491,-2.8286128930485743,3.1592196120107237,-3.5818036920040344,2.377293034405065,1.9836859616654758,1.8256373684000895,1.8121215456745845,1.7410126136228132,1.5408132139810387,1.2890518477747495,7.310128910443155,0.7820743487894425,0.7152293894230234,7.0080075446454515,0.7781887858503963,0.6746685911525532,0.5110341755686006,0.5714953055454842,0.5789722759810474,0.6300920209915822,0.7661531473099814,0.8165554036515063,7.0107851000689525,0.5130839685474855,6.697091661982776,6.642914361276654,6.549603277861507,6.3310855645307935,6.185275424979022,6.072982998770946,6.117559282850395,6.3327288923292935,6.447700504758669,6.390918677481119,6.352683686309914,6.18815828555624,5.982041543645086,5.869409197006041,5.713223382563179,5.348234910234999,4.990702978790212,4.398861373994257,4.187746374105852,3.8605184880103316,3.5172413464254286,3.2111020835172006,2.886192584701187,2.82558807296927,2.787437867405411,2.6943757499229237,2.392553131176244,2.154978766821874,2.020119520688921,1.9460444393176453,1.742718404585252,1.4891090600400871,7.586672430960479,7.327400322667351,7.052210632788904,6.638192429122965,6.324004772225405,-0.22710909676497582,5.843549358199567,5.830075885989077,-0.5031005703625929,5.6987202314633425,5.62053574427393
4.280999999999764,0.24543705796060636,-0.11795984561364016,5.580327119831221,5.474976347582599,5.391751383168655,5.224504925009178,4.848311258550151,4.506466709830995,4.196975635739214,9.936229749856546,2.978511744334274,2.3725867445278825,1.6617337427525651,1.0121342530613844,0.4170880798237329,-0.24427827550808973,5.644384340866775,-0.8228534265202326,5.320080621421596,5.280580326483066,-1.121841662185672,-1.1599465536807225,-1.0521306473863086,-1.185065180753134,-1.3346152146521308,-1.5421417065096321,-1.6074616662903771,-1.6501469520551426,-1.7582254843446785,4.520070213135951,-1.868532688282407,4.339762901240232,-2.0282991141823716,4.202553666381413,3.849543466965917,-2.8329372246443594,3.155165571712032,-3.585555721941079,2.3738351923681433,1.980535037490088,1.8227752882973973,1.8095447833656773,1.738720926311398,1.5388103147566827,1.2873398859729772,7.308707888916065,0.780942996257506,0.7143806601781604,7.0074427589886445,0.7779111039987057,0.6746824369240157,0.5113451945986073,0.572102662006774,0.5798768525576529,0.631293742022771,0.7676513793024359,0.8183416444430978,7.012850261573904,0.5154191245253553,6.699673244867342,6.645718396240373,6.552602904546885,6.3342525942164745,6.188572486521887,6.076371887070236,6.12100037377728,6.336182685968605,6.451127251739708,6.394280746357301,6.355946061811615,6.191287874561749,5.985009967148847,5.872197346451337,5.7158144803045845,5.350607653647221,4.992855081826843,4.400768902368372,4.1894570204785495,3.862042510533232,3.518599470029371,3.2123219202591424,2.8873020127918676,2.826621836843028,2.788426022242982,2.695348115433319,2.393539296043654,2.1560063884886613,2.0212127609906183,1.9472248183936984,1.7440065539523701,1.4905218171715675,7.588219370680522,7.329091342805167,7.05404987490537,6.640186737017619,6.326143104936157,-0.22483819910198377,5.8459374989467365,5.832561378679435,-0.5005388099236943,5.7013333091253395,5.6231712620624625
4.290999999999768,0.24488638310436922,-0.11510021903231675,5.582947418665353,5.47755044625043,5.3942409284272355,5.2268678891884255,4.850494753209953,4.508427483671378,4.198671226336804,9.937581646293545,2.979436996727772,2.3730634151892747,1.6616831663861977,1.0115506361538282,0.41596995402301856,-0.24597089489730414,5.642197865999025,-0.8254981452230502,5.316994376754227,5.277077596418128,-1.1257350023884043,-1.164193079028195,-1.0566913118553851,-1.1898951454306295,-1.3396656621580465,-1.547362676279002,-1.6127975680519364,-1.6555456026420352,-1.7636362106304737,4.514695838212774,-1.8738250840246193,4.334593645015,-2.03330813027338,4.197736717800938,3.844959978712209,-2.837259056253414,3.1511133665731212,-3.5893065618129123,2.370378039856467,1.9773843878623287,1.8199132220865863,1.8069678895275652,1.7364290492457313,1.5368072366045393,1.2856278163079615,7.307286873757777,0.7798117855865798,0.7135322151573098,7.00687837817007,0.7776339020332952,0.6746967557688291,0.5116565888432248,0.5727102214107793,0.5807813550338558,0.632495015683196,0.7691487017932048,0.8201264301721352,7.014913349366587,0.5177515306214229,6.702251416604683,6.648518387931744,6.555597907414253,6.33741449108578,6.191864029046836,6.079755008142164,6.124435602783571,6.339630685944512,6.454548438083629,6.397637647162228,6.359203811065893,6.194413517309665,5.987975237840132,5.874983206781216,5.718404204520528,5.35297999680899,4.995007735579358,4.4026779745190145,4.1911699956329524,3.8635695575893436,3.519961187726614,3.213545773593298,2.888415733766982,2.8276600167879877,2.789418579973748,2.696324744634915,2.394529463387008,2.157037660033722,2.022309230002683,1.9484079507241334,1.7452969288451567,1.4919362362132131,7.589767401108338,7.330782861377068,7.0558890150661275,6.6421803049032935,6.328280084925564,-0.2225692582292158,5.848323088258226,5.835043743809034,-0.49798074611531856,5.703942136747517,5.625802005944189
4.300999999999771,0.24433657969943778,-0.1122185522625138,5.585562475197647,5.4801188890504715,5.396724488619281,5.229224638939854,4.852671913172274,4.510381949074525,4.200360692224453,9.938927766839626,2.9803570004470603,2.3735355336004487,1.6616289028180928,1.0109643310840306,0.4148502415592084,-0.2476639048683626,5.6400121830909935,-0.8281409024726637,5.313911231518449,5.273579043699044,-1.129623196215086,-1.1684336142421303,-1.0612452791705336,-1.1947178984935451,-1.3447085640748262,-1.5525759495169145,-1.6181257988991886,-1.6609367740422827,-1.7690398004987646,4.5093281315075595,-1.8791113859302742,4.3294298342978355,-2.038312397694407,4.192923803826727,3.8403797549621133,-2.8415783793408425,3.147063007818795,-3.5930561981546667,2.366921591564805,1.9742340279397341,1.8170511844907962,1.8043908777067015,1.7341369941329416,1.5348039887623692,1.2839156450180838,7.305865867842717,0.7786807161220792,0.712684050301122,7.006314394930462,0.7773571698626667,0.6747115352932072,0.5119683443073063,0.573317968978531,0.5816857687586671,0.6336958283715277,0.7706451031238103,0.8219097519810197,7.016974358184877,0.5200811858615075,6.704826180679525,6.651314344333558,6.558588298804328,6.3405712715404245,6.1951500722998505,6.083132384234623,6.12786499364649,6.343072916534845,6.457964087474531,6.40098940193857,6.362456953496542,6.197535229743991,5.990937367492252,5.877766785153876,5.720992557506977,5.355351937016366,4.997160932597785,4.404588578406997,4.192885283997338,3.8650996108421,3.5213264793322465,3.2147736224584857,2.889533726635956,2.828702592699421,2.790415522093046,2.697305621178136,2.3955236194756258,2.1580725704455723,2.023408919312505,1.949593830234409,1.7465895252149035,1.4933523147151722,7.591316520871111,7.3324748776720305,7.057728052868054,6.64417313251791,6.330415711982061,-0.22030227419244458,5.850706126527785,5.837522982575754,-0.4954263764324369,5.706546718670333,5.628427982581606
4.310999999999774,0.24378770629597724,-0.10931479496765276,5.588172298838667,5.482681688337881,5.399202079098783,5.231575192488382,4.854842759295445,4.512330128898131,4.202044057450978,9.940268135934454,2.9812717793180186,2.3740031218345656,1.6615709712911277,1.0103753533210376,0.41372895336935944,-0.24935729963274578,5.637827292583613,-0.8307817032872425,5.310831175394105,5.270084653048599,-1.1335062631640744,-1.1726681822501106,-1.065792574809203,-1.1995334667624702,-1.3497439474864954,-1.5577815525167198,-1.6234463834053499,-1.666320488283458,-1.7744362727481442,4.503967077919757,-1.8843916050651206,4.32427146216405,-2.0433119192754954,4.188114925489875,3.835802800656249,-2.8458951854599266,3.143014506574915,-3.5968046176086608,2.363465862077612,1.9710839727701766,1.814189190127996,1.8018137613522545,1.7318447725945416,1.5328005803984046,1.2822033782925377,7.304444874020071,0.7775497872106507,0.7118361615780748,7.005750802064924,0.7770808974748944,0.6747267632058184,0.512280447116675,0.5739258900639554,0.5825900792187934,0.6348961666211667,0.7721405717597476,0.8236916011176277,7.019033282846174,0.5224080893183187,6.707397540588813,6.654106273405292,6.56157409099954,6.343722951890698,6.198430635907998,6.086504037455676,6.131288569990142,6.346509401858941,6.46137422344115,6.404336032584803,6.365705508401869,6.200653027708384,5.993896367808444,5.880548088691168,5.723579541558818,5.3577234715996145,4.999314665499151,4.406500702089851,4.194602870118711,3.8666326520881764,3.522695324800506,3.2160054459296155,2.8906559705324244,2.8297495445780037,2.7914168301768187,2.6982907287651954,2.396521750598909,2.1591111087028523,2.0245118204721093,1.9507824507953548,1.7478843389461751,1.4947700501573156,7.592866728531145,7.334167390927629,7.059566987876608,6.646165219593067,6.332549985913252,-0.21803724699491775,5.853086614210279,5.839999096250469,-0.49287569829323197,5.709147059306037,5.631049198695351
4.320999999999778,0.24323982138153946,-0.10638889853579306,5.590776899034956,5.485238856476645,5.401673715197648,5.233919568004409,4.857007312350799,4.514272045884977,4.203721345929046,9.941602777867077,2.9821813570105253,2.37446620181391,1.6615093909121554,1.0097837182212055,0.412606100307864,-0.25105107344945843,5.635643194907522,-0.833420552656891,5.307754198125871,5.26659440928791,-1.1373842226086088,-1.176896805834795,-1.0703332240917653,-1.2043418768983536,-1.3547718393230996,-1.562979511430912,-1.6287593460218004,-1.671696767294831,-1.7798256461054167,4.498612662393145,-1.8896657524780707,4.319118521680022,-2.0483066978789415,4.1833100837692365,3.8312291206636466,-2.8502094662515938,3.138967873868914,-3.600551806923908,2.360010865869509,1.967934237292349,1.8113272535114897,1.7992365538166386,1.729552396166968,1.5307970206118808,1.28049102227181,7.303023895114154,0.7764189982004033,0.7109885449845157,7.005187592422744,0.7768050749372098,0.6747424273171266,0.5125928835172465,0.5745339701528301,0.58349427203749,0.6360960170990715,0.7736350962893662,0.8254719689343264,7.02109011824665,0.5247322401109618,6.709965499841517,6.656894183083204,6.564555296224433,6.346869548356155,6.201705739380347,6.089869989774649,6.13470635528669,6.3499401658788805,6.4647788693580415,6.40767756085632,6.368949494955656,6.203766926946923,5.996852250422388,5.883327124478832,5.726165158969811,5.360094597922855,5.001468926966828,4.408414333720908,4.196322738661691,3.8681686632562364,3.5240677042234814,3.2172412232164307,2.891782444713116,2.8308008525289337,2.7924224858810414,2.699280051149874,2.397523843066524,2.16015326377489,2.0256179249990356,1.9519738062242877,1.74918136585806,1.4961894399504998,7.594418022587011,7.335860400330937,7.06140581962642,6.648156565854207,6.334682906545642,-0.21577417659800646,5.855464551820726,5.842472086175867,-0.49032870904038306,5.711743163137388,5.633665661063076
4.330999999999781,0.24269298337807196,-0.1034408161350024,5.5933762852681514,5.48779040583901,5.404139412225506,5.236257783604013,4.859165593023254,4.51620772266385,4.20539258143635,9.942931716777295,2.983085757039866,2.3749247953112578,1.661444180653237,1.0091894410292117,0.4114816931471784,-0.252745220624624,5.633459890483123,-0.8360574555439273,5.3046802895226435,5.263108297335551,-1.1412570937978992,-1.1811195076351362,-1.0748672521827745,-1.2091431554037149,-1.3597922663617865,-1.5681698522720213,-1.634064711078747,-1.677065632907785,-1.785207939225764,4.49326486991587,-1.8949338392009596,4.3139710059035785,-2.05329673639882,4.1785092795919585,3.8266587197822837,-2.8545212134438844,3.1349231206303085,-3.60429775295562,2.3565566173057717,1.9647848363362606,1.8084653890504252,1.7966592683560392,1.727259876302125,1.5287933184335618,1.2787785830481535,7.301602933924786,0.7752883484411273,0.7101411965446972,7.004624758907213,0.7765296923955831,0.6747585155387351,0.5129056398741538,0.5751421948617477,0.584398332973426,0.6372953666045998,0.7751286654227657,0.8272508468870005,7.023144859360474,0.5270536374044505,6.712530061958443,6.659678081280457,6.567531926646074,6.350011077066296,6.204975402108868,6.093230263023194,6.1381183728575435,6.353365232400696,6.4681780484467755,6.4110140083665375,6.372188932208112,6.206876943104861,5.999805026898725,5.8861038995667405,5.728749412032527,5.3624653133837095,5.003623709749903,4.410329461548405,4.198044874407403,3.869707626405693,3.525443597829814,3.2184809336622675,2.892913128556758,2.83185649676106,2.7934324709411538,2.700273572137311,2.39852988320858,2.1611990246222588,2.026727224377209,1.9531678902861136,1.750480601705404,1.497610481437813,7.595970401474675,7.3375539050194245,7.063244547621844,6.650147171020767,6.336814473724392,-0.213513062921844,5.857839939933348,5.84494195376528,-0.48778540594233344,5.71433503471641,5.636277376518329
4.340999999999784,0.2421472506388194,-0.1004705027693784,5.595970467054117,5.490336348804925,5.40659918546952,5.238589857349143,4.861317621911891,4.518137181750451,4.207057787616771,9.944254976656978,2.9839850027681396,2.375378923951239,1.6613753593528593,1.0085925368790538,0.4103557425785457,-0.2544397355110821,5.6312773797206574,-0.8386924168831609,5.301609439456956,5.259626302206673,-1.1451248958582023,-1.1853363101475827,-1.0793946840922137,-1.2139373286238417,-1.3648052552278804,-1.5733526009135033,-1.6393625027858856,-1.682427106856231,-1.790583170692919,4.4879236855205065,-1.900195876248307,4.308828907884362,-2.0582820377605207,4.17371251383397,3.8220916027396172,-2.8588304188514186,3.1308802576912047,-3.608042442664706,2.3531031306428187,1.9616357846237267,1.805603611050299,1.7940819181309393,1.7249672243679157,1.5267894828262623,1.2770660666660536,7.300181993227654,0.7741578372845109,0.7092941123108077,7.004062294475439,0.7762547400743076,0.6747750158827348,0.5132187026708815,0.5757505499370891,0.5853022479195591,0.6384942020683603,0.7766212679907001,0.8290282265340889,7.025197501239055,0.5293722804092249,6.715091230472042,6.662457975887219,6.570503994374452,6.353147554061243,6.208239643369335,6.096584878896357,6.141524645874506,6.356784625075577,6.471571783777118,6.414345396587974,6.375423839086822,6.209983091729375,6.002754708733567,5.888878420969137,5.731332303038292,5.364835615412947,5.005779006662538,4.412246073914586,4.199769262252386,3.871249523725482,3.526822985983431,3.2197245567428188,2.894048001562987,2.832916457586023,2.794446767171501,2.7012712755837947,2.3995398573758124,2.162248380197323,2.027839710057804,1.9543646966944155,1.7517820421800288,1.4990331718958008,7.597523863568616,7.339247904081852,7.065083171337523,6.652137034806335,6.338944687313058,-0.21125390584595513,5.860212779180635,5.847408700501539,-0.4852457861945418,5.716922678663158,5.638884351949451
4.350999999999788,0.24160268144511515,-0.09747791533571086,5.598559453942077,5.492876697761497,5.409053050194195,5.240915807247806,4.863463419530525,4.520060445548299,4.208716987981524,9.945572581351406,2.984879117405643,2.375828609211685,1.6613029457171458,1.0079930207950423,0.4092282592127115,-0.2561346125079884,5.62909566302027,-0.8413254415821634,5.298541637864377,5.256148409012143,-1.148987647793887,-1.1895472357272703,-1.08391554467673,-1.218724422747978,-1.369810832395947,-1.578527783090619,-1.644652745233058,-1.6877812107770263,-1.7959513590193368,4.482589094284091,-1.9054518746170892,4.303692220664205,-2.0632626049202893,4.168919787320492,3.8175277741931115,-2.8631370743748685,3.126839295786819,-3.6117858631172757,2.349650420028701,1.9584870967688641,1.802741933713467,1.7915045162066483,1.7226744516487793,1.5247855226853617,1.2753534791226873,7.298761075774666,0.7730274640843485,0.708447288362996,7.0035001921381586,0.7759802082755834,0.6747919164610547,0.5135320585084064,0.5763590212540067,0.586206002902023,0.639692510551076,0.7781128929434946,0.8308040995356311,7.027248039010296,0.5316881683806712,6.717649008926212,6.665233874770768,6.573471511462872,6.356278995292413,6.211498482322218,6.099933858953631,6.144925197360951,6.3601983674010745,6.474960098268201,6.4176717468533395,6.378654234397675,6.213085388270306,6.005701307354995,5.891650695664861,5.733913834277137,5.367205501474135,5.007934810583347,4.414164159254821,4.201495887207503,3.8727943375328433,3.5282058491822754,3.2209720720649213,2.895187043351275,2.833980715417406,2.795465356464779,2.7022731453965525,2.4005537519397593,2.163301319444778,2.0289553734600827,1.955564219112524,1.753085682911929,1.5004575085356762,7.599078407182921,7.340942396559133,7.066921690218947,6.654126156918796,6.341073547193344,-0.2089967052098768,5.862583070252412,5.849872327935842,-0.4827098469207134,5.719506099664501,5.641486594298489
4.360999999999791,0.24105933400306043,-0.0944630126807624,5.601143255513781,5.495411465102448,5.411501021641189,5.243235651254257,4.865603006308262,4.5219775363496035,4.210370205910298,9.946884554560546,2.9857681240122433,2.3762738724249597,1.6612269583210495,1.0073909076927816,0.4080992535806339,-0.257829846060418,5.626914740772077,-0.8439565345215368,5.29547687474294,5.252674602957689,-1.152845368488487,-1.1937523065891973,-1.0884298586408576,-1.2235044638105015,-1.3748090241908506,-1.5836954244013106,-1.6499354623909106,-1.693127966210388,-1.8013125226463749,4.477261081328166,-1.9107018452865179,4.2985609372774904,-2.0682384408647767,4.164131100826537,3.8129672387307623,-2.867441172000428,3.1228002455559842,-3.6155280014841376,2.3461984995035983,1.9553387872785881,1.7998803711396496,1.7889270755538222,1.7203815693462206,1.5227814468393155,1.2736408263683774,7.297340184294317,0.7718972281967411,0.707600720809394,7.002938444959554,0.7757060873791017,0.6748092054848174,0.5138456941043426,0.5769675948154153,0.5871095840790244,0.6408902792424598,0.7796035293499739,0.8325784576523226,7.029296467877848,0.5340013006186489,6.720203400876128,6.668005785775605,6.57643448990835,6.359405416623169,6.214751938013562,6.103277224620008,6.148320050192959,6.363606482722273,6.478343014689679,6.420993080356615,6.381880136825801,6.216183848080894,6.008644834123566,5.894420730597583,5.736494008037736,5.369574969063299,5.010091114454773,4.416083706096722,4.203224734396874,3.8743420502721215,3.5295921680570603,3.222223459365352,2.8963302336598713,2.835049250769896,2.796488220791491,2.7032791655335515,2.401571553292937,2.1643578313021856,2.0300742059722388,1.956766451154574,1.754391519470457,1.5018834885045134,7.600634030572368,7.342637381445194,7.068760103682991,6.656114537060487,6.34320105326485,-0.20674146081377137,5.8649508138949376,5.852332837686634,-0.48017758517401815,5.722085302472916,5.6440841105601205
4.370999999999794,0.24051726644009064,-0.09142575565915818,5.603721881382661,5.4979406632275785,5.413943115029132,5.245549407269182,4.86773640259007,4.523888476336152,4.212017464652368,9.94819091984036,2.9866520454987335,2.376714734779278,1.6611474156095378,1.0067862123801428,0.4069687361341867,-0.2595254306589725,5.624734613356229,-0.8465857005551789,5.292415140152566,5.249204869343055,-1.156698076705743,-1.1979515448093943,-1.0929376505382278,-1.228277477692086,-1.3797998567888001,-1.588855550307071,-1.6552106781115428,-1.698467394600312,-1.8066666799444717,4.471939631818815,-1.9159457992178226,4.2934350507515004,-2.073209548610592,4.159346455077392,3.8084100008716195,-2.871742703799286,3.118763117541664,-3.6192688450402946,2.342747383000311,1.9521908705531104,1.7970189373264445,1.7863496090489888,1.7180885885793353,1.5207772640501613,1.2719281143070413,7.295919321492019,0.7707671289802944,0.7067544057861319,7.002377046057057,0.7754323678416292,0.6748268712636968,0.5141595962920962,0.5775762567509926,0.5880129777397505,0.6420874954601001,0.7810931663963996,0.8343512927445819,7.03134278312038,0.536311676467021,6.722754409888039,6.670773716723555,6.579392941652004,6.362526833829492,6.218000029375861,6.1066149971870045,6.151709227100454,6.3670089942329815,6.481720555662886,6.424309418154108,6.385101564936493,6.219278486418511,6.011585300332808,5.897188532676032,5.739072826607349,5.371944015708572,5.012247911282463,4.418004703059273,4.204955789056805,3.8758926445135726,3.530981923370033,3.2234786985096386,2.8974775523447525,2.8361220442584556,2.797515342199406,2.7042893200032956,2.4025932478490133,2.1654179047004987,2.0311961989522147,1.9579713863865473,1.755699547365487,1.5033111088864215,7.602190731933492,7.344332857687823,7.070598411118452,6.658102174928339,6.3453272054448355,-0.20448817241902964,5.867316010909996,5.854790231438513,-0.47764899793828824,5.724660291905313,5.6466769077805985
4.380999999999798,0.2399765368014257,-0.08836610719185949,5.606295341193008,5.500464304542244,5.416379345553437,5.247857093139885,4.869863628637314,4.52579328758018,4.21365878732772,9.949491700604076,2.9875309046281737,2.3771512173200087,1.6610643358987647,1.0061789495582258,0.4058367172468569,-0.26122136083938907,5.622555281142987,-0.8492129445105416,5.289356424214498,5.245739193561164,-1.1605457910906354,-1.2021449723260746,-1.097438944772767,-1.2330434901208605,-1.38478335621839,-1.5940081861338073,-1.6604784161291608,-1.703799517294989,-1.8120138492133322,4.4666247309666804,-1.9211837473540452,4.288314554106762,-2.078175931203868,4.154565850749115,3.803856065066302,-2.876041661927102,3.1147279221914683,-3.6230083811644396,2.3392970843447634,1.9490433608864393,1.7941576461698332,1.7837721294750692,1.7157955203853372,1.518772983014019,1.2702153487966303,7.294498490050442,0.7696371657963078,0.7059083394573501,7.001815988601149,0.7751590401965931,0.67484490220528,0.5144737520200245,0.5781849933161891,0.5889161703032867,0.6432841466483581,0.78258179338542,0.836122596771624,7.033386980090848,0.5386192953131901,6.725302039539093,6.673537675413865,6.582346878579432,6.36564326260062,6.221242775228932,6.109947197813703,6.155092750668339,6.370405924976896,6.485092743661973,6.427620781165517,6.38831853717612,6.222369318445377,6.014522717209702,5.89995410877422,5.741650292271762,5.374312638969852,5.014405194134656,4.4199271388519685,4.2066890365347405,3.877446102952187,3.532375096013752,3.224737769490884,2.898628979378587,2.8371990765975057,2.798546702813028,2.705303592864627,2.4036188220429793,2.166481528564583,2.0323213437285172,1.9591790183273001,1.7570097620485665,1.5047403667037047,7.603748509405642,7.346028824189502,7.072436611886574,6.660089070214024,6.347452003667971,-0.20223683974886705,5.8696786621540165,5.857244510941134,-0.4751240821292011,5.727231072841862,5.649264993056709
4.390999999999801,0.23943720304640348,-0.0852840323252034,5.608863644619163,5.502982401456835,5.418809728386126,5.250158726660467,4.871984704628313,4.527691992045216,4.215294196928134,9.950786920123447,2.9884047240172196,2.377583340950971,1.6609777373772305,1.005569133822315,0.40470320721443503,-0.26291763118215306,5.620376744492788,-0.8518382711888898,5.2863007171107395,5.242277561097299,-1.164388530170399,-1.206332610940777,-1.1019337655998844,-1.2378025266735506,-1.3897595483616294,-1.5991533570726966,-1.6657387000607222,-1.7091243555472224,-1.8173540486821131,4.461316364026993,-1.9264157006198348,4.283199440357391,-2.083137591719828,4.149789288469011,3.799305435697516,-2.8803380386234783,3.110694669858168,-3.6267465973384474,2.335847617256494,1.94589627246688,1.7912965114646926,1.781194649521899,1.7135023757200756,1.5167686123615882,1.2685025356495667,7.2930776926298515,0.7685073380089577,0.705062518015206,7.001255265815177,0.7748860950536666,0.6748632868144323,0.5147881483506024,0.5787937908912452,0.5898191483175463,0.6444802203772756,0.78406939973503,0.8378923617905467,7.035429054215776,0.5409241565876369,6.727846293417152,6.676297669623311,6.585296312521096,6.368754718539705,6.224480194280766,6.113273847527763,6.15847064333761,6.373797297848755,6.488459601015049,6.430927190174979,6.39153107187303,6.225456359229285,6.017457095915173,5.902717465731663,5.744226407315234,5.376680836438463,5.0165629561415805,4.421851002273957,4.208424462288209,3.879002408406522,3.533771667009879,3.226000652428605,2.8997844948497122,2.8382803286001157,2.7995822848330736,2.7063219682265323,2.4046482623313135,2.1675486918137272,2.0334496316010204,1.960389340449577,1.7583221589140476,1.5061712589180036,7.605307361072007,7.347725279808229,7.07427470532157,6.662075222604092,6.349575447886109,-0.1999874624889102,5.872038768537197,5.859695678008151,-0.47260283459544583,5.729797650224836,5.651848373534732
4.400999999999804,0.23889932304469355,-0.08217949829048748,5.611426801364707,5.505494966386257,5.421234278675656,5.252454325572006,4.874099650658869,4.529584611586938,4.21692371631828,9.952076601529997,2.989273526137438,2.378011126435707,1.6608876381069317,1.0049567796628238,0.40356821625570044,-0.2646142363121132,5.618199003756312,-0.8544616853655527,5.2832480090835015,5.238819957528279,-1.1682263123555345,-1.2105144823194958,-1.1064221371276473,-1.2425546127766136,-1.3947284589549644,-1.6042910881810417,-1.6709915534065818,-1.714441930514846,-1.822687296509613,4.456014516299591,-1.9316416699212535,4.278089702511425,-2.088094533262356,4.145016768816105,3.7947581170805655,-2.8846318262114417,3.106663370800204,-3.630483481146872,2.332398995349166,1.9427496193775389,1.7884355469053048,1.7786171817867458,1.7112091654585557,1.514764160658638,1.266789680633171,7.2916569318684274,0.7673776449854766,0.7042169376798769,7.00069487097514,0.7746135230983543,0.6748820136926655,0.5151027724595932,0.5794026359802182,0.5907218984582072,0.6456757043414943,0.7855559749775406,0.8396605799554221,7.037469000994543,0.5432262597634665,6.730387175120613,6.679053707106302,6.588241255252706,6.371861217164441,6.2277123051283905,6.116594967226439,6.161842927406473,6.377183135595497,6.4918211499053,6.434228665832109,6.3947391872384545,6.228539623744305,6.020388447544575,5.905478610353598,5.746801174020429,5.379048605736814,5.018721190494839,4.42377628221319,4.210162051883802,3.8805615438175463,3.53517161750798,3.2272673275675805,2.9009440789611203,2.839365781177209,2.8006220705359497,2.707344430247944,2.405681555192153,2.1686193833621497,2.0345810538417535,1.9616023461810097,1.7596367333002065,1.507603782431422,7.606867284960647,7.349422223358326,7.076112690731134,6.664060631780116,6.351697538068043,-0.19774004028777642,5.874396331022639,5.8621437345161445,-0.47008525211987406,5.732360029057489,5.65442705640944
4.410999999999808,0.2383629545723909,-0.07905247456407544,5.613984821161677,5.508002011749437,5.423653011546737,5.2547439075627365,4.876208486742804,4.53147116795401,4.2185473682367824,9.95336076781626,2.9901373333166035,2.3784345943987524,1.6607940560244967,1.0043419014662305,0.4024317545130999,-0.2663111708981001,5.616022059274557,-0.8570831917901739,5.280198290434657,5.235366368521662,-1.1720591559408073,-1.2146906079937985,-1.1109040833179438,-1.2472997737073617,-1.3996901135902917,-1.6094214043831132,-1.6762369995511315,-1.71975226326114,-1.8280136107844642,4.45071917312893,-1.936861666145585,4.27298533357114,-2.093046758963582,4.140248292321624,3.790214113463856,-2.8889230170969196,3.102634035182203,-3.634219020276431,2.328951232131065,1.9396034155968247,1.785574766085867,1.776039738774829,1.7089159003954517,1.5127596364064957,1.265076789470089,7.29023621038259,0.7662480860963259,0.7033715946995585,7.000134797409502,0.774341315091579,0.6749010715375106,0.5154176116352286,0.5800115152100173,0.5916244075276621,0.6468705863591855,0.787041508758561,0.8414272435164012,7.039506815998682,0.5455256043559557,6.732924688258225,6.681805795594975,6.591181718495587,6.374962773907703,6.230939126258706,6.119910577677578,6.165209625031436,6.380563460817392,6.495177412372104,6.43752522865303,6.3979429013674,6.231619126871491,6.023316783128161,5.908237549411205,5.7493745946683665,5.381415944518068,5.020879890446812,4.425702967645583,4.211901790996136,3.8821234922474956,3.536574928784346,3.2285377752767164,2.902107712029462,2.840455415336771,2.801666042273242,2.7083709631375594,2.406718687125459,2.1696935921194966,2.035715601695683,1.9628180289051023,1.7609534804903433,1.5090379340876356,7.608428279045492,7.35111965361124,7.077950567396946,6.666045297418827,6.35381827419928,-0.19549457275764484,5.876751350625505,5.864588682403594,-0.4675713314206337,5.7349182144029225,5.657001048923082
4.420999999999811,0.23782815530798654,-0.0759029329280027,5.6165377137697865,5.510503549968817,5.426065942100168,5.257027490268226,4.878311232812488,4.533351682788904,4.2201651752972875,9.954639441837005,2.9909961677399886,2.378853765326884,1.660697008942315,1.0037245135160058,0.40129383205342023,-0.2680084296525476,5.613845911378899,-0.8597027951869567,5.277151551525201,5.231916779834936,-1.175887079106231,-1.2188610093619314,-1.1153796279876356,-1.2520380345950752,-1.4046445377159633,-1.6145443304709928,-1.6814750617634406,-1.7250553747552497,-1.8333330095253277,4.445430319904088,-1.94207570016115,4.267886326533383,-2.097994271983465,4.1354838594694545,3.7856734290294045,-2.893211603768219,3.098606673075493,-3.6379532025155026,2.3255043410056033,1.9364576749989566,1.7827141825010016,1.7734623328998351,1.7066225912456188,1.5107550480425267,1.2633638678387067,7.2888155307673035,0.7651186607153624,0.7025264853504587,6.999575038498973,0.774069461869268,0.6749204491418919,0.5157326532773926,0.5806204153294462,0.5925266624539748,0.6480648543709888,0.7885259908359875,0.8431923448188264,7.041542494871175,0.5478221899221063,6.735458836448918,6.684553942799294,6.5941177139170515,6.378059404118182,6.234160676049327,6.123220699520615,6.168570758228413,6.383938295969179,6.498528410312149,6.440816899021401,6.4011422322395335,6.234694883399576,6.026242113631554,5.910994289641814,5.751946671538358,5.383782850465803,5.023039049310064,4.427631047634181,4.213643665406846,3.883688236878744,3.53798158224082,3.2298119760479245,2.9032753744840596,2.841549212183071,2.802714182471211,2.709401551153642,2.4077596446531726,2.1707713069913357,2.036853266381481,1.9640363819622035,1.7622723957138697,1.510473710672988,7.6099903412473395,7.352817569296329,7.079788334575166,6.6680292191922454,6.355937656281815,-0.19325105947481885,5.879103828412174,5.867030523669846,-0.4650610691522878,5.737472211382984,5.659570358364405
4.430999999999814,0.237294982828214,-0.07273084753105066,5.619085488975648,5.512999593469863,5.428473085412665,5.259305091271548,4.880407908719352,4.5352261776287275,4.221777159989507,9.95591264631042,2.9918500514516326,2.3792686595703607,1.6605965145496504,1.0031046299935302,0.40015445886845474,-0.2697060073311173,5.611670560391169,-0.8623205002549069,5.274107782774717,5.228471177314735,-1.179710099918045,-1.223025707689917,-1.1198487948096976,-1.2567694204221063,-1.4095917566377858,-1.6196598911054063,-1.6867057631978906,-1.7303512858726038,-1.838645510681091,4.440147942058774,-1.947283782817129,4.262792674389877,-2.102937075509388,4.130723470696608,3.7811360678933377,-2.8974975787955133,3.0945812944586177,-3.6416860157536073,2.3220583352718274,1.9333124113544677,1.7798538095462675,1.770884976484433,1.7043292486446033,1.508750403940615,1.2616509213735656,7.28739489559639,0.7639893682200003,0.7016816059367887,6.999015587676322,0.7737979543419405,0.6749401353935065,0.5160478848968123,0.5812293232082557,0.5934286502898501,0.6492584964389636,0.790009411079006,0.8449558763023509,7.043576033325769,0.550116016060204,6.737989623321618,6.6872981564071505,6.5970492531307725,6.381151123060993,6.237376972769415,6.126525353267567,6.171926348873796,6.387307663361183,6.501874165480515,6.444103697189432,6.404337197720055,6.237766908025671,6.029164449956223,5.913748837749123,5.7545174069079446,5.386149321293679,5.025198660456755,4.42956051132833,4.21538766100358,3.8852557610126794,3.539391559403635,3.2310899104950064,2.904447046865925,2.842647152915896,2.8037664736302923,2.710436178603845,2.4088044143193823,2.171852516879638,2.0379940390922835,1.965257398650466,1.7635934741473782,1.5119111089175663,7.61155346943483,7.354515969101632,7.081625991496928,6.67001239676782,6.358055684333898,-0.19100949998028224,5.881453765499417,5.869469260374101,-0.46255446190691835,5.7400220251771845,5.662134992067677
4.440999999999818,0.23676349460377127,-0.06953619495026955,5.6216281565920205,5.515490154680582,5.430874456536696,5.26157672810346,4.88249853423441,4.537094673906026,4.223383344680258,9.957180403819338,2.9926990063556027,2.3796792973441514,1.660492590413745,1.0024822649790053,0.39901364487566415,-0.2714038987323256,5.609496006623726,-0.8649363116680707,5.271066974660848,5.225029546896061,-1.1835282363296804,-1.2271847241126361,-1.12431160731435,-1.2614939560249714,-1.414531795520006,-1.6247681108165544,-1.6919291268948078,-1.7356400173953304,-1.843951132131069,4.434872025071325,-1.9524859249433912,4.25770437012753,-2.1078751727557523,4.1259671263936735,3.776602034106391,-2.9017809348303203,3.0905579092178455,-3.6454174479809023,2.318613228124921,1.930167638330712,1.7769936605186691,1.7683076817607883,1.7020358831491476,1.5067457124116348,1.2599379556657664,7.285974307422831,0.7628602079913674,0.7008369527907496,6.998456438426151,0.7735267834942962,0.6749601192742061,0.5163632941142549,0.581838225836202,0.5943303582116106,0.6504515007455494,0.7914917594671023,0.8467178305000692,7.0456074271462805,0.5524070824093793,6.7405170525150835,6.690038444084465,6.599976347697141,6.384237945918305,6.240588034580498,6.129824559304007,6.175276418705541,6.390671585160434,6.505214699491777,6.447385643278886,6.407527815560576,6.240835215355944,6.032083802939933,5.916501200403404,5.757086803052841,5.3885153547451115,5.027358717318046,4.431491347962863,4.217133763778995,3.8868260480685968,3.5408048419222764,3.2323715593525586,2.905622709826799,2.843749218829783,2.8048228983246037,2.711474829845022,2.409852982690474,2.172937210683262,2.0391379109964385,1.9664810722267891,1.764916710915701,1.513350125496268,7.613117661425415,7.356214851674637,7.083463537368815,6.671994829808552,6.360172358389823,-0.18876989378024658,5.883801163053579,5.871904894634415,-0.46005150621521407,5.74256766102161,5.664694957411724
4.450999999999821,0.2362337479949134,-0.06631895425291612,5.624165726457062,5.517975246031041,5.43327007050032,5.2638424182425645,4.884583129048764,4.538957192949585,4.224983751614485,9.958442736812389,2.9935430542172377,2.3800856987291468,1.6603852539809136,1.0018574324523524,0.39787139991883097,-0.27310209869717356,5.607322250379515,-0.8675502340757708,5.26802911771878,5.221591874601513,-1.187341506182715,-1.2313380796349012,-1.1287680888901763,-1.266211666095435,-1.4194646793862955,-1.629869014004933,-1.6971451757810947,-1.7409215900126753,-1.8492498916852036,4.4296025544647,-1.9576821373503246,4.252621406728737,-2.1128085669635825,4.121214826905278,3.7720713316544034,-2.9060616646049917,3.0865365271476883,-3.649147487287666,2.3151690326567196,1.927023369492374,1.774133748617169,1.7657304608710747,1.6997425052376915,1.504740981703919,1.258224976263374,7.2845537687790625,0.7617311794144572,0.699992522272513,6.997897584284704,0.7732559403848027,0.6749803898593816,0.5166788686597296,0.5824471103221158,0.5952317735181831,0.6516438555925361,0.7929730260890825,0.8484782000376561,7.04763667218593,0.5546953886491746,6.743041127677728,6.692774813475272,6.602899009123627,6.387319887789948,6.243793879537295,6.133118337890025,6.178620989324225,6.394030083391766,6.50855003382108,6.450662757282085,6.410714103399974,6.243899819906304,6.035000183357215,5.919251384241708,5.759654862246869,5.390880948592938,5.029519213383525,4.433423546857281,4.218881959829783,3.8883990815826026,3.542221411568341,3.2336569034748837,2.9068023441281974,2.844855391313278,2.805883439201458,2.7125174892830475,2.4109053363552957,2.174025377298421,2.0402848732382464,1.9677073959077527,1.7662421010929463,1.514790757029845,7.614682914986292,7.357914215623034,7.085300971373341,6.673976517973131,6.362287678499701,-0.18653224034669152,5.886146022289782,5.874337428626714,-0.4575521985475436,5.745109124207868,5.6672502618189835
4.460999999999824,0.23570580024691887,-0.06307910705877658,5.626698208433585,5.520454879952899,5.435659942307019,5.266102179115492,4.886661712774103,4.5408137559852255,4.226578402916282,9.959699667605186,2.9943822166643814,2.3804878836733607,1.6602745225776239,1.0012301462941084,0.39672773376870896,-0.27480060210877993,5.605149291952158,-0.8701622721028374,5.2649942025407235,5.218158146540524,-1.1911499272078179,-1.235485795132518,-1.1332182627852303,-1.2709225751815836,-1.4243904331207207,-1.634962624942156,-1.7023539326708559,-1.7461960243214196,-1.8545418070842716,4.424339515806471,-1.9628724308286767,4.247543777171678,-2.1177372614001393,4.1164665725305305,3.767543964458806,-2.9103397609321964,3.0825171579514112,-3.6528761218637844,2.311725761856215,1.9238796183019753,1.7712740869431949,1.763153325867987,1.6974491253108754,1.5027362200037264,1.2565119886718117,7.283133282177265,0.7606022818782746,0.6991483107702021,6.997339018839641,0.7729854161452858,0.675000936317353,0.5169945963716966,0.5830559638929773,0.596132883630097,0.652835549400045,0.7944532011421042,0.8502369776325129,7.0496637643666675,0.5569809344991142,6.74556185246745,6.695507272201829,6.605817248865147,6.390396963694016,6.246994525588512,6.136406709161203,6.18196008219411,6.397383179938918,6.511880189805212,6.4539350590629025,6.413896078765255,6.24696073610307,6.03791360191981,5.92199939586807,5.762221586761904,5.393246100639099,5.031680142200629,4.435357097414953,4.2206322353556835,3.88997484520652,3.5436412502344177,3.2349459238349207,2.907985930640467,2.8459656518481844,2.8069480789808785,2.7135641413726392,2.411961461925302,2.1751170056191502,2.041434916938684,1.968936362870534,1.7675696397035294,1.5162330000859403,7.616249227835362,7.359614059515452,7.08713829266942,6.675957460916053,6.364401644729245,-0.18429653911789706,5.888488344471126,5.876766864583825,-0.45505653531501483,5.747646420082047,5.669800912754566
4.470999999999828,0.23517970848542485,-0.05981663760284824,5.629225612408331,5.522929068878943,5.43804408693555,5.268356028097061,4.888734304943217,4.542664384136581,4.228167320589885,9.960951218381478,2.995216515188604,2.3808858719931223,1.6601604134115697,1.0006004202863066,0.3955826561236658,-0.2764994038920164,5.602977131626005,-0.8727724303498358,5.261962219775407,5.214728348908601,-1.194953517025684,-1.239627891353337,-1.1376621521081347,-1.275626707688887,-1.4293090814687108,-1.6400489677717651,-1.707555420266024,-1.7514633408262967,-1.8598268960000894,4.419082894708811,-1.9680568161493983,4.242471474430602,-2.122661259358526,4.111722363523464,3.763019936377115,-2.9146152167044113,3.078499811241546,-3.656603339998238,2.3082834286100637,1.9207363981203842,1.7684146885011516,1.7605762887152474,1.6951557536920343,1.5007314354356986,1.254798998354255,7.281712850109642,0.7594735147759777,0.6983043146998655,6.9967807357298355,0.772715201980519,0.6750217479087599,0.5173104651962817,0.5836647738929993,0.5970336760884878,0.654026570705519,0.7959322749307156,0.8519941560929244,7.051688699678503,0.5592637197182811,6.748079230551466,6.6982358278647,6.608731078324404,6.393469188567475,6.25018999057766,6.139689693129566,6.185293718644191,6.400730896545614,6.515205188643668,6.457202568357739,6.417073759072397,6.250017978283649,6.0408240692771304,5.924745241853715,5.764786978867812,5.3956108087143075,5.0338414973740715,4.437291989122319,4.222384576658519,3.891553322706823,3.545064339932979,3.2362386015231763,2.909173450341855,2.8470799820088377,2.8080168004551305,2.7146147706171795,2.4130213460347103,2.176212084537768,2.042588033196124,1.970167966253815,1.768899321723181,1.5176768511801046,7.617816597642134,7.361314381882193,7.088975500392819,6.677937658287752,6.366514257159559,-0.18206278949896915,5.890828130907912,5.8791932047945155,-0.45256451287051747,5.750179554043675,5.672346917725337
4.480999999999831,0.2346555297116301,-0.05653153279834004,5.631747948291255,5.525397825242621,5.440422519339782,5.270603982510448,4.890800925010464,4.54450909842587,4.229750526520676,9.962197411194284,2.996045971146404,2.381279683374248,1.6600429435727326,0.9999682681133529,0.3944361766103208,-0.27819849901314714,5.600805769676214,-0.875380713393294,5.258933160127578,5.211302467986587,-1.1987522931479604,-1.2437643889182923,-1.1420997798291668,-1.2803240878812576,-1.4342206490380138,-1.645128066510036,-1.7127496611569801,-1.7567235599404094,-1.8651051760357253,4.413832676828472,-1.9732353040634916,4.237404491476109,-2.1275805641573173,4.106982200093478,3.7584992512034123,-2.9188880248934117,3.074484496540405,-3.6603291300785865,2.304842045703105,1.917593722207327,1.7655555661989306,1.757999361288115,1.6928624006276938,1.4987266360633196,1.2530860107320148,7.280292475048714,0.7583448775050142,0.6974605305054495,6.996222728645156,0.7724452891678135,0.6750428139859579,0.5176264631864956,0.5842735277827196,0.5979341385541131,0.655216908162722,0.797410237865906,0.8537497283172225,7.053711474178858,0.5615437441048944,6.75059326560614,6.700960488042859,6.611640508852253,6.396536577266755,6.253380292243837,6.142967309684521,6.188621919869232,6.404073254816646,6.518525051399702,6.460465304776504,6.420247161627197,6.253071560697192,6.0437315960166975,5.927488928737248,5.767351040832385,5.397975070677732,5.0360032725652735,4.439228211548089,4.224138970141241,3.893134497963567,3.5464906627952826,3.237534917746678,2.910364884317586,2.8481983634613752,2.809089586488247,2.7156693615685414,2.414084975340651,2.1773106029453286,2.0437442130870425,1.9714021991586759,1.7702311420799457,1.519122306776799,7.619385022028646,7.363015181215953,7.090812593656618,6.6799171097347205,6.36862551588693,-0.17983099086235788,5.893165382956867,5.881616451602548,-0.4500761275097532,5.7527085315447115,5.674888284279
4.4909999999998345,0.23413332079736748,-0.053223782299961934,5.634265226014807,5.527861161477603,5.442795254448548,5.27284605962735,4.892861592352276,4.546347919774671,4.231328042476148,9.963438267967028,2.996870605760405,2.3816693373732103,1.6599221300344291,0.9993337033628935,0.3932883047841759,-0.27989788247946956,5.598635206368823,-0.8779871257859226,5.255907014357501,5.207880490139924,-1.20254627297816,-1.2478953083224327,-1.146531168781335,-1.2850147398820908,-1.4391251602996464,-1.650199945046783,-1.717936677823174,-1.7619767019856465,-1.8703766647257063,4.408588847866767,-1.9784079053018664,4.2323428212754415,-2.1324951791401787,4.102246082405763,3.753981912668833,-2.9231581785497633,3.0704712232805895,-3.664053480590454,2.3014016258188663,1.9144516037218953,1.7626967328484193,1.755422555373893,1.6905690762880599,1.4967218298893656,1.2513730311849207,7.27887215944758,0.7572163694672538,0.6966169546587659,6.995664991326253,0.77217566905661,0.6750641239924153,0.5179425785014612,0.5848822131380991,0.5988342588063773,0.6564065505407501,0.7988870804641642,0.855503687292958,7.0557320839919075,0.5638210074958931,6.753103961316822,6.703681260293775,6.614545551748035,6.399599144568335,6.256565448222531,6.146239578593806,6.191944706930803,6.4074102762189415,6.521839799001381,6.463723287803579,6.423416303626102,6.256121497505251,6.0466361926645815,5.930230463024859,5.769913774921288,5.400338884416681,5.038165461491802,4.441165754342477,4.225895402306973,3.8947183549693305,3.5479202010702826,3.238834853827934,2.9115602137589547,2.849320777963023,2.8101664200155647,2.7167278988269157,2.4151523365233096,2.1784125497320663,2.044903447666719,1.9726390546494756,1.7715650956551667,1.5205693632903874,7.620954498570357,7.3647164559725296,7.0926495715516555,6.681895814899624,6.370735421022612,-0.1776011425483682,5.895500102020384,5.884036607405754,-0.44759137547225153,5.755233358088533,5.6774250200032075
4.500999999999838,0.23361313848004178,-0.04989337856746397,5.636777455533247,5.530319090017323,5.44516230716549,5.275082276668152,4.894916326267635,4.548180869004664,4.232899890106893,9.96467381049466,2.9976904401205378,2.382054853418289,1.6597979896543542,0.9986967395266741,0.39213905013024236,-0.2815975493389584,5.596465441960824,-0.8805916720568338,5.252883773280472,5.204462401817919,-1.206335473812567,-1.2520206699359393,-1.1509563416614454,-1.2896986876753023,-1.444022639588836,-1.6552646271461535,-1.7231164926337383,-1.7672227871930997,-1.875641379536236,4.403351393569543,-1.983574630575198,4.227286456792742,-2.137405107675501,4.0975140105817465,3.749467924442037,-2.927425670802314,3.0664600008055056,-3.667776380117013,2.297962181540077,1.9113100557230598,1.7598382011660099,1.7528458826724311,1.688275790767508,1.494717024856353,1.2496600650516967,7.2774519057401905,0.7560879900691156,0.6957735836594576,6.995107517564337,0.7719063330680707,0.6750856674621166,0.518258799405643,0.5854908176496287,0.5997340247423624,0.6575954867230501,0.8003627933465463,0.857256026096083,7.05775052530794,0.5660955097665246,6.75561132137768,6.706398152153514,6.617446218259939,6.402656905169348,6.25974547604639,6.149506519504415,6.1952621007583035,6.410741982082618,6.5251494522426166,6.466976536798786,6.426581202157042,6.2591678027824305,6.049537869685846,5.932969851190522,5.772475183397987,5.4027022478462765,5.040328057926812,4.443104607236409,4.2276538597580755,3.8963048778281792,3.5493529371235604,3.24013839120391,2.9127594199624234,2.8504472073613876,2.8112472840432687,2.717790367040642,2.4162234162860754,2.179517913787838,2.04606572796992,1.9738785257547193,1.7729011772844536,1.52201801708611,7.622525024797024,7.366418204571518,7.094486433146972,6.683873773421429,6.372843972692629,-0.17537324386566422,5.897832289545778,5.886453674655109,-0.44511025294237005,5.757754039228956,5.679957132524673
4.510999999999841,0.233095039357432,-0.04654031692939311,5.639284646821947,5.532771623294545,5.4475236923689145,5.277312650802089,4.896965145978548,4.550007966838393,4.234466090947544,9.965904060444755,2.9985054951852064,2.3824362508107115,1.6596705391756086,0.9980573900013902,0.3909884220636608,-0.283297494679913,5.594296476700222,-0.8831943567117571,5.249863427766334,5.2010481895530285,-1.2101199128411324,-1.256140494005135,-1.1553753210311573,-1.294375955106354,-1.448913111105957,-1.6603221364474197,-1.728289127848104,-1.7724618357034798,-1.8808993378654075,4.398120299727152,-1.988735490573792,4.222235390989327,-2.142310353156032,4.092785984699504,3.7449572901296895,-2.9316904948576914,3.062450838369873,-3.67149781733847,2.2945237253491846,1.908169091170179,1.756979983773106,1.7502693547966315,1.685982554085068,1.4927122288469843,1.2479471176303316,7.276031716341612,0.7549597387216903,0.6949304140349586,6.994550301200964,0.771637272694672,0.6751074340189666,0.518575114268086,0.5860993291214432,0.600633424375871,0.6587837057064476,0.8018373672377535,0.8590067378901388,7.05976679438272,0.5683672508299352,6.758115349491543,6.70911117113682,6.620342519585328,6.405709873688129,6.262920393146002,6.152768151943517,6.198574122149972,6.414068393602051,6.528454031784198,6.470225070998323,6.429741874200245,6.262210490517037,6.052436637484977,5.935707099676175,5.775035268523701,5.405065158909145,5.042491055698494,4.445044760040763,4.229414329195218,3.897894050754629,3.5507888534362557,3.241445511425008,2.9139624843287333,2.8515776335937577,2.8123321616479378,2.718856750906036,2.4172982013556843,2.1806266840025597,2.047231045011585,1.9751206054679162,1.7742393817586386,1.5234682644810453,7.62409659819359,7.368120425397008,7.096323177490243,6.685850984935516,6.374951171037568,-0.17314729409176616,5.900161947024539,5.888867655853828,-0.44263275605028285,5.760270580569251,5.6824846295082905
4.5209999999998445,0.2325790798823589,-0.04316459564701688,5.641786809876711,5.535218773740937,5.449879424911649,5.279537199147408,4.899008070630518,4.551829233900002,4.236026666417735,9.967129039358614,2.999315791782446,2.382813548725785,1.6595397952277189,0.997415668089529,0.3898364299303158,-0.28499771363060694,5.592128310826127,-0.8857951842332519,5.2468459687389934,5.19763783996014,-1.2138996071483603,-1.2602548006534837,-1.1597881293180268,-1.299046565883272,-1.4537965989174548,-1.665372496465765,-1.7334546056166098,-1.7776938675675327,-1.8861505570434218,4.392895552174419,-1.9938904959674544,4.2171896168239495,-2.147210918998522,4.08806200479419,3.7404500132769316,-2.9359526439998023,3.0584437451402327,-3.675217781031546,2.291086269628868,1.9050287229235112,1.7541220931966341,1.7476929832729475,1.6836893761849085,1.490707449684586,1.2462341941784487,7.27461159364829,0.75383161484086,0.6940874423404545,6.993993336127815,0.7713684794997976,0.6751294133761977,0.5188915115616576,0.5867077354704429,0.6015324458364762,0.659971196600186,0.8033107929652189,0.8607558159254532,7.061780887536853,0.5706362306367674,6.760616049369737,6.711820324737215,6.623234466871091,6.408758064664825,6.266090216850668,6.15602449531938,6.201880791773897,6.417389531836899,6.531753558154811,6.473468909515723,6.432898336629053,6.265249574611712,6.05533250640631,5.938442214891919,5.777594032557328,5.407427615575104,5.044654448689522,4.446986202645603,4.231176797416449,3.8994858580726235,3.5522279326040174,3.242756196154062,2.915169388362024,2.852712038686412,2.8134210359760967,2.7199270351672276,2.418376678482357,2.1817388492666314,2.048399389787487,1.976365286748424,1.7755797038247205,1.5249201017450584,7.625669216201024,7.369823116798253,7.098159803608199,6.687827449073786,6.3770570162123885,-0.17092329247353985,5.902489075991613,5.891278553556479,-0.4401588808729541,5.7627829877611845,5.685007518656287
4.530999999999848,0.2320653163572164,-0.0397662159783859,5.644283954713113,5.537660553786628,5.452229519620895,5.281755938771526,4.90104511929301,4.553644690715954,4.2375816378230375,9.968348768652346,3.0001213506110664,2.383186766214009,1.6594057743276474,0.9967715870002047,0.3886830830074454,-0.2866982013589401,5.589960944568809,-0.8883941590809163,5.243831387175953,5.194231339735876,-1.217674573714185,-1.2643636098825775,-1.1641947888165445,-1.3037105435776533,-1.4586731269567699,-1.670415730593064,-1.7386129479811097,-1.7829189027464551,-1.8913950543328064,4.387677136790601,-1.9990396574053637,4.212149127253056,-2.152106808643366,4.083342070858448,3.7359460973678513,-2.9402121115893256,3.054438730195461,-3.678936260068966,2.287649826662546,1.901888963744726,1.7512645418695487,1.7451167795418863,1.6813962669368137,1.4887026951335462,1.2445212999136646,7.273191540038296,0.7527036178474119,0.6932446651588363,6.993436616286476,0.771099945117334,0.675151595335782,0.5192079798622954,0.5873160247254217,0.6024310773685808,0.6611579486249718,0.8047830614582016,0.8625032535383457,7.063792801155161,0.5729024491747586,6.763113424731931,6.714525620427085,6.626122071213976,6.411801492561941,6.26925496438916,6.159275568922267,6.205182130169015,6.420705417713152,6.535048051752056,6.476708071342784,6.436050606210734,6.268285068884077,6.058225486734461,5.941175203216207,5.780151477755395,5.409789615840854,5.046818230836512,4.4489289250194215,4.2329412513162845,3.901080284214523,3.553670157335964,3.244070427165347,2.9163801136689664,2.8538504047539366,2.8145138902437736,2.721001204615992,2.4194588344399364,2.182854398471361,2.0495707532748995,1.9776125625222805,1.7769221381867912,1.526373525101735,7.627242876217174,7.371526277090347,7.099996310507065,6.689803165464788,6.379161508386209,-0.1687012382276807,5.904813678024671,5.893686370368088,-0.4376886234350983,5.765291266504071,5.687525807707365
4.540999999999851,0.23155380492836386,-0.03634518224248581,5.6467760913658225,5.540096975859805,5.454573991298088,5.283968886691188,4.903076310959914,4.555454357715777,4.239131026355883,9.969563269617927,3.000922192241785,2.383555922202186,1.6592684928807901,0.9961251598499856,0.387528390504245,-0.2883989530720942,5.587794378149778,-0.8909912856915942,5.240819674107845,5.1908286756578885,-1.221444829414837,-1.268466941573116,-1.1685953216891616,-1.308367911625667,-1.463542719025246,-1.6754518620986578,-1.743764176875578,-1.788136961112309,-1.8966328469286369,4.382465039499355,-2.0041829855159516,4.207113915231035,-2.1569980255542562,4.078626182842832,3.7314455458259466,-2.944468891063221,3.050435802527276,-3.6826532434189394,2.2842144086349006,1.8987498262974167,1.7484073421313404,1.742540754958506,1.6791032361366627,1.486697972899746,1.2428084400139485,7.271771557871581,0.7515757471671485,0.6924020791006539,6.99288013566821,0.7708316612512647,0.6751739697878458,0.5195245078482613,0.587924185026204,0.6033293073304836,0.6623439511120326,0.8062541637468918,0.8642490441503397,7.0658025316860735,0.5751659064683456,6.765607479305974,6.717227065657769,6.629005343660917,6.414840171764917,6.272414652890477,6.162521391925345,6.208478157746103,6.424016072024148,6.538337532843445,6.479942575350499,6.439198699607277,6.271316987067348,6.061115588694742,5.943906070996026,5.782707606371989,5.412151157729668,5.048982396129481,4.450872917208392,4.234707677884811,3.9026773137201034,3.55511551045365,3.2453881863435963,2.9175946419579017,2.8549927139985507,2.8156107077360675,2.7220792440915873,2.4205446560260295,2.183973320509384,2.0507451264332435,1.9788624256830256,1.7782666795069535,1.527828530729302,7.628817575597602,7.373229904554883,7.101832697172956,6.691778133733821,6.381264647742129,-0.16648113054119076,5.907135754743408,5.896091108943283,-0.43522197971012805,5.76779542254383,5.690039504435859
4.5509999999998545,0.2310446015803822,-0.03290150188343169,5.649263229887969,5.542528052386286,5.456912854718763,5.286176059872627,4.90510166455,4.557258255232765,4.240674853096487,9.970772563424273,3.0017183371183447,2.3839210354945157,1.6591279671819679,0.9954763996637117,0.38637236156246546,-0.29009996401619087,5.585628611781853,-0.893586568479578,5.237810820617965,5.187429834584173,-1.2252103910237027,-1.2725648154858735,-1.1729897499673028,-1.3130186933290424,-1.4684053987930386,-1.6804809141301262,-1.7489083141267112,-1.7933480624484366,-1.901863951958758,4.377259246268685,-2.0093204909067843,4.202083973710467,-2.1618845732178373,4.0739143406562075,3.726948362014593,-2.948722975934228,3.0464349710407452,-3.6863687201446416,2.280780027632384,1.8956113231476106,1.7455505062285397,1.7399649207929107,1.6768102935069036,1.484693290630988,1.241095619617976,7.270351649490226,0.7504480022309936,0.6915596808040648,6.992323888313741,0.7705636196752667,0.6751965267100868,0.5198410842993999,0.5885322046227881,0.6042271241934565,0.6635291935021803,0.8077240909615225,0.8659931812673846,7.067810075640999,0.5774266025782728,6.768098216827743,6.719924667859653,6.63188429520937,6.417874116582684,6.275569299384599,6.165761983385577,6.211768894788757,6.427321515431601,6.5416220215674095,6.483172440289978,6.442342633376191,6.274345342810973,6.064002822453584,5.946634824547085,5.7852624206587,5.414512239291087,5.051146938611311,4.45281816933563,4.236476064206778,3.904276931235562,3.556563974890052,3.2467094556830283,2.9188129550379913,2.8561389487094395,2.8167114718067072,2.7231611384805943,2.421634130062136,2.1850956042750664,2.0519225002047325,1.9801148690925094,1.7796133224062247,1.529285114761536,7.630393311656403,7.374933997440597,7.1036689625723,6.693752353503041,6.383366434477026,-0.16426296857184866,5.909455307808843,5.89849277198543,-0.43275894562108846,5.770295461672074,5.6925486166509245
4.560999999999858,0.23053776213019025,-0.02943518553466549,5.651745380350483,5.544953795789116,5.4592461246324175,5.28837747523172,4.907121198907369,4.559056403504686,4.242213139013753,9.97197667111828,3.0025098055586237,2.3842821247736756,1.6589842134164043,0.994825319375306,0.38521500525700597,-0.2918012294759515,5.5834636456692435,-0.8961800118368082,5.234804817841822,5.184034803452391,-1.2289712752121726,-1.2766572512626602,-1.1773780955523758,-1.3176629118560534,-1.4732611898000112,-1.6855029097140497,-1.7540453814545276,-1.7985522264498757,-1.9070883864840098,4.372059743110904,-2.0144521841644516,4.197059295642365,-2.1667664551433647,4.069206544166162,3.7224545492374985,-2.952974359790372,3.042436244554791,-3.690082679403703,2.2773466956437396,1.8924734667642806,1.742694046315226,1.7373892882307491,1.6745174486970238,1.4826886559174217,1.2393828438254761,7.268931817218673,0.7493203824750954,0.6907174669347813,6.991767868313021,0.7702958122323078,0.6752192561671945,0.5201576980964033,0.5891400718744948,0.6051245165408273,0.6647136653448854,0.8091928343314925,0.8677356584790826,7.069815429593728,0.5796845376012031,6.770585641040992,6.7226184344422535,6.6347589368076445,6.420903341248224,6.278718920803222,6.168997362244605,6.215054361454366,6.430621768466598,6.544901537934279,6.48639768479336,6.445482423971285,6.277370149681241,6.066887198118944,5.949361470154,5.787815922864564,5.416872858600611,5.053311852377223,4.454764671600453,4.23824639746072,3.905879121512538,3.558015533688557,3.248034217286384,2.920035034818377,2.8572890912620927,2.8178161658776344,2.7242468727167557,2.422727243393781,2.1862212386649174,2.0531028655150014,1.9813698855816921,1.7809620614654242,1.5307432732886588,7.631970081667016,7.376638553964015,7.105505105652231,6.695725824391572,6.385466868801372,-0.16204675144867328,5.911772338922628,5.9008913622457895,-0.43029951704157793,5.772791389725185,5.695053152195713
4.570999999999861,0.230033342221022,-0.025946247083106815,5.654222552841474,5.547374218488164,5.4615738157623746,5.290573149634144,4.9091349328019005,4.560848822674487,4.243745904966175,9.973175613625868,3.0032966177557348,2.384639208601898,1.6588372476606972,0.994171931828578,0.38405633059650224,-0.29350274477436095,5.581299480007606,-0.8987716201330722,5.231801656966683,5.18064356927919,-1.232727498550482,-1.2807442684272685,-1.1817603802167658,-1.3223005902424878,-1.4781101154566278,-1.6905178717567728,-1.7591754004729636,-1.8037494727237717,-1.9123061674984523,4.366866516082579,-2.0195780758544553,4.192039873976411,-2.171643674862374,4.064502793199404,3.7179641107391648,-2.9572230362944683,3.038439631802701,-3.69379511044769,2.2739144245605143,1.889336269519858,1.7398379744535302,1.7348138683737047,1.6722247112840198,1.4806840762919633,1.2376701176975764,7.26751206336397,0.748192887340924,0.6898754341860142,6.991212069805008,0.7700282308342443,0.6752421483102748,0.52047433822008,0.5897477752491265,0.6060214730670729,0.66589735629736,0.8106603851844946,0.8694764694579261,7.071818590179837,0.5819397116693348,6.773069755697195,6.725308372794309,6.637629279355224,6.423927859919114,6.281863533980509,6.172227547329621,6.218334577775083,6.433916851530617,6.548176101827265,6.489618327374719,6.44861808774346,6.2803914211619,6.069768725740717,5.9520860140704634,5.790368115235992,5.419233013759411,5.0554771315742455,4.456712414277655,4.2400186649180736,3.9074838694071414,3.559470170001965,3.2493624533639798,2.921260863307352,2.858443124117656,2.8189247734385754,2.7253364317808177,2.4238239828906485,2.187350212577987,2.0542862132737336,1.9826274679514289,1.7823128912260535,1.5322030023582178,7.633547882863024,7.3783435723100785,7.107341125340994,6.697698546015615,6.387565950939045,-0.15983247827238192,5.914086849826367,5.903286882522681,-0.42784368979665754,5.775283212583426,5.697553118946571
4.5809999999998645,0.22953139731626526,-0.0224347037332021,5.656694757465601,5.549789332899723,5.4638959428056655,5.292763099895526,4.911142884929694,4.562635532790989,4.245273171702717,9.974369411752985,3.004078793779106,2.3849923054220277,1.6586870858837766,0.9935162497780189,0.3828963465239083,-0.29520450527233344,5.579136114984132,-0.9013613977161984,5.228801329231126,5.177256119159538,-1.2364790775085421,-1.2848258863864155,-1.1861366256048242,-1.3269317513926155,-1.4829521990448358,-1.6955258230451578,-1.7642983926904674,-1.808939820789791,-1.917517311929594,4.361679551284478,-2.0246981765211096,4.18702570166119,-2.1765162359283456,4.059803087542157,3.7134770497053395,-2.961468999183636,3.0344451414326317,-3.69750600262159,2.2704832261775723,1.8861997436907425,1.7369823026141378,1.7322386722399878,1.669932090772862,1.4786795592307143,1.2359574462571439,7.266092390215995,0.7470655162753662,0.6890335792784142,6.99065648697744,0.7697608674614197,0.6752651933762768,0.52079099375063,0.5903553033221298,0.6069179825769182,0.6670802561236475,0.8121267349456551,0.87121560795854,7.073819554096079,0.5841921249500205,6.775550564555399,6.727994490283866,6.640495333703086,6.426947686678082,6.285003155653804,6.175452557354252,6.2216095636587765,6.43720678489651,6.551445733003438,6.492834386430963,6.451749640941472,6.28340917065476,6.072647415311151,5.954808462519438,5.7929190000167194,5.4215927028940145,5.057642770400689,4.458661387716786,4.24179285394231,3.909091159878989,3.5609278670915057,3.250694146232765,2.9224904226115367,2.8596010298222847,2.820037278046625,2.726429800700374,2.4249243354467054,2.1884825149162563,2.055472534375275,1.9838876089732476,1.7836658061911599,1.5336642979759583,7.635126712438935,7.380049050632771,7.109177020548332,6.6996705179885465,6.3896636811271454,-0.15762014811584102,5.91639884230095,5.9056793356606665,-0.4253914596637466,5.777770936170047,5.700048524812248
4.590999999999868,0.22903198269315955,-0.018900576070830608,5.659162004343459,5.5521991514361275,5.466212520432885,5.2949473427816,4.913145073913506,4.564416553809563,4.246794959863698,9.975558086186647,3.004856353575556,2.385341433558577,1.6585337439478571,0.99285828588959,0.381735061917074,-0.2969065063683804,5.576973550777611,-0.9039493489122474,5.225803825924609,5.173872440266068,-1.2402260284567628,-1.2889021244306709,-1.1905068532338452,-1.3315564180801425,-1.4877874637189425,-1.7005267862473354,-1.7694143795105908,-1.8141232900805353,-1.9227218366386185,4.356498834861518,-2.029812496687441,4.182016771644418,-2.181384141916381,4.05510742694056,3.70899336926347,-2.9657122422688054,3.03045278200811,-3.7012153453632943,2.2670531121936155,1.8830639014578148,1.734127042676796,1.7296637107648285,1.6676395965969595,1.4766751121533743,1.234244834489118,7.264672800047691,0.7459382687308165,0.6881918989600105,6.990101114066607,0.7694937141622648,0.675288381687422,0.5211076538669246,0.5909626447757678,0.6078140339844461,0.6682623546937231,0.8135918751366803,0.872953067816934,7.075818318099811,0.586441777645391,6.778028071382076,6.730676794258363,6.643357110654029,6.429962835533541,6.2881378024643695,6.178672410919403,6.224879338889986,6.440491588709489,6.554710451094689,6.496045880242725,6.454877099712709,6.286423411480302,6.075523276765233,5.957528821693321,5.79546857944774,5.423951924156025,5.059808763105645,4.460611582341429,4.2435689519880695,3.9107009779902526,3.562388608325859,3.2520292783153915,2.9237236949350685,2.8607627910065068,2.821153663325836,2.727526964549709,2.426028287980328,2.1896181345850287,2.056661819699239,1.9851503013901124,1.7850208008261912,1.5351271561066777,7.636706567550963,7.381754987055728,7.111012790165871,6.701641739921021,6.391760059615813,-0.15540976002451068,5.918708318165884,5.908068724549733,-0.4229428223735072,5.78025456645042,5.702539377733111
4.600999999999871,0.22853515343635536,-0.015343888127007025,5.6616243036109655,5.554603686505356,5.468523563288074,5.297125895008359,4.915141518303181,4.566191905592821,4.248311289981663,9.976741657495921,3.0056293169703583,2.3856866112187594,1.6583772376093797,0.9921980527415016,0.3805724855893168,-0.2986087434982827,5.574811787558511,-0.9065354780257021,5.222809138387027,5.170492519848425,-1.2439683676668662,-1.2929730017353784,-1.1948710844950368,-1.3361746129491583,-1.4926159325064867,-1.7055207839134485,-1.7745233822325746,-1.8192998999419516,-1.9279197584206176,4.351324353002703,-2.0349210468550867,4.177013076873161,-2.186247396422881,4.0504158111010495,3.704513072483146,-2.9699527594342308,3.0264625620085406,-3.704923128203087,2.263624094211692,1.8799287549069459,1.731272206430812,1.7270889948009602,1.665347238118619,1.4746707424236505,1.2325322873408469,7.263253295115284,0.7448111441652634,0.6873503900061466,6.989545945357118,0.7692267630528983,0.6753117036506389,0.521424307845792,0.5915697883982967,0.6087096163122123,0.6694436419826016,0.8150557973750109,0.87468884294976,7.077814879008406,0.588688669991983,6.7805022799509755,6.733355292044724,6.646214620962985,6.432973320420129,6.291267490958102,6.181887126514134,6.2281439231308635,6.443771282988108,6.557970275608684,6.4992528269752485,6.458000480103946,6.289434156878269,6.078396319981102,5.960247097754127,5.798016855767249,5.426310675721814,5.061975103988452,4.4625629886485045,4.2453469466003115,3.9123133089047193,3.563852377180187,3.253367832139296,2.9249606625787994,2.861928390384594,2.822273912966809,2.7286279084496483,2.4271358274344275,2.1907570604933095,2.0578540601111057,1.9864155379171775,1.786377869559835,1.5365915726750738,7.63828744531779,7.383461379672837,7.112848433067499,6.703612211421075,6.393855086668047,-0.15320131301688458,5.921015279278653,5.910455052124502,-0.42049777361071516,5.7827341094311695,5.705025685680385
4.6109999999998745,0.2280409644313323,-0.011764667441333013,5.6640816654187685,5.557002950510659,5.470829085988595,5.299298773242201,4.917132236576087,4.56796160791127,4.249822182482233,9.977920146132934,3.006397703668292,2.3860278564935236,1.658217582519941,0.9915355628249878,0.3794086262899881,-0.30031121213476314,5.572650825489047,-0.9091197893396531,5.219817258008284,5.167116345232622,-1.2477061113126926,-1.2970385373615698,-1.1992293406544765,-1.340786358515077,-1.4974376283091015,-1.710507838476395,-1.779625422051937,-1.8244696696337448,-1.9331110940048195,4.346156091941059,-2.0400238375042106,4.172014610294063,-2.1911060030652263,4.045728239690752,3.70003616237655,-2.9741905446370076,3.022474489829706,-3.7086293407631246,2.2601961837397173,1.876794316029508,1.728417805575555,1.7245145351191096,1.663055024629504,1.4726664573496657,1.2308198097224115,7.261833877658508,0.7436841420423744,0.6865090492194151,6.988990975181675,0.7689600063167291,0.6753351497569978,0.5217409450613055,0.5921767230831513,0.6096047186903697,0.670624108069453,0.816518493372985,0.8764229273535779,7.079809233698669,0.5909328022603696,6.782973194042974,6.736029990949437,6.649067875337335,6.4359791551992425,6.294392237586241,6.185096722516496,6.231403335922108,6.447045887625228,6.56122522592982,6.502455244679263,6.461119798062104,6.292441420008258,6.08126655478043,5.962963296833655,5.800563831210578,5.428668955792232,5.0641417873982055,4.464515597207555,4.247126825413469,3.913928137886856,3.5653191572351846,3.2547097903357876,2.9262013079395017,2.863097810753938,2.8233980107262915,2.729732617567402,2.42824694077657,2.1918992815541842,2.059049246462813,1.987683311242532,1.7877370067848477,1.5380575435665742,7.6398693428213145,7.385168226548844,7.114683948109743,6.705581932094219,6.395948762559529,-0.15099480608492202,5.923319727534059,5.912838321363428,-0.4180563090151199,5.7852095711593305,5.707507456655381
4.620999999999878,0.22754947035767914,-0.008162945125132987,5.66653409993165,5.559396955850186,5.473129103125014,5.30146599410008,4.919117247137532,4.56972568044399,4.251327657684964,9.97909357243384,3.007161533254681,2.3863651873585727,1.6580547942272192,0.9908708285450714,0.3782434927050357,-0.30201390778716314,5.570490664723253,-0.9117022871159827,5.216828176227871,5.163743903820398,-1.2514392754709969,-1.3010987502568645,-1.2035816428540664,-1.3453916771655667,-1.50225257390337,-1.7154879722525613,-1.784720520061054,-1.8296326183297866,-1.9382958600548255,4.3409940379535765,-2.04512087909341,4.167021364853551,-2.1959599654814697,4.041044712337859,3.6955626418988965,-2.978425591906584,3.018488573784268,-3.712333972756928,2.2567693921909853,1.873660596722886,1.725563851720959,1.7219403424084792,1.6607629653510898,1.4706622641843612,1.2291074065069505,7.260414549900812,0.7425572618315761,0.6856678734295881,6.9884361979208425,0.768693436204059,0.6753587105811515,0.5220575549840818,0.5927834378281348,0.6104993303558004,0.6718037431367273,0.8179799549370095,0.8781553151041286,7.081801379106279,0.5931741747547953,6.78544081744594,6.738700898258644,6.651916884437221,6.438980353659563,6.297512058706075,6.188301217194375,6.234657596683894,6.4503154223889805,6.5644753213201605,6.505653151291856,6.464235069434999,6.29544521395031,6.084133990928829,5.965677425033665,5.8031095080101425,5.431026762592328,5.066308807733243,4.466469398660057,4.248908576150608,3.9155454503008857,3.5667889321761277,3.256055135639151,2.927445613509081,2.8642710349944362,2.8245259404267773,2.730841077116416,2.4293616149990966,2.1930447866851908,2.060247369593334,1.9889536140279316,1.7890982068588732,1.5395250646281597,7.641452257107406,7.386875525719924,7.116519334132135,6.707550901543547,6.398041087578448,-0.14879023819447584,5.925621664863599,5.915218535288031,-0.41561842418229294,5.7876809577215,5.70998469868875
4.630999999999881,0.2270607256822339,-0.004538755924228047,5.668981617327949,5.56178571491661,5.475423629260981,5.303627574149661,4.921096568321185,4.5714841427792825,4.252827735804184,9.980261956619803,3.0079208251964227,2.386698621675369,1.6578888881758862,0.9902038622213208,0.37707709345755963,-0.30371682600112215,5.568331305407053,-0.9142829755955458,5.213841884534447,5.160375183088591,-1.2551678761222385,-1.3051536592563648,-1.2079280121124711,-1.3499905911614731,-1.5070607919416765,-1.7204612074425527,-1.7898086972497411,-1.8347887651185288,-1.9434740731688405,4.3358381773611345,-2.0502121820596324,4.162033333498046,-2.2008092873300225,4.036365228632011,3.6910925139488735,-2.9826578953442873,3.0145048221022677,-3.7160370139888625,2.253343730884685,1.8705276087909857,1.7227103563880202,1.719366427277231,1.6584710694351148,1.4686581701258952,1.2273950825309812,7.258995314049582,0.7414305030081301,0.6848268594935466,6.987881608002811,0.7684270450316862,0.6753823767807763,0.5223741271805784,0.5933899217346181,0.6113934406512544,0.6729825374692866,0.8194401739667386,0.8798860003556145,7.0837913122252125,0.5954127878128151,6.787905153954585,6.7413680212382205,6.654761658875855,6.441976929517582,6.300626970581653,6.191500628706325,6.237906724716785,6.45357990692372,6.567720580920371,6.508846564637327,6.46734630997208,6.298445551705492,6.086998638136227,5.96838948842604,5.805653888395375,5.433384094371053,5.0684761594406496,4.46842438371873,4.250692186622607,3.9171652316098764,3.5682616857919394,3.257403850885753,2.9286935618738026,2.865448046067884,2.825657685956114,2.7319532723562268,2.4304798371192406,2.194193564808684,2.061448420329254,1.990226438909522,1.790461464105247,1.540994131669173,7.643036185186623,7.388583275194276,7.1183545899575735,6.709519119369817,6.4001320620253255,-0.1465876082857132,5.927921093234836,5.9175956969621275,-0.41318411466446264,5.7901482752430224,5.712457419839748
4.6409999999998846,0.22657478465208483,-0.0008921382812773389,5.671424227798986,5.564169240096771,5.4777126789331065,5.305783529909459,4.923070218389494,4.573237014415317,4.254322436949827,9.981425318797946,3.0086755988430114,2.3870281771921356,1.6577198797085109,0.9895346760886037,0.3759094371083641,-0.30541996235825863,5.566172747678343,-0.9168618589983485,5.21085837446542,5.157010170588517,-1.25889192915136,-1.3092032830835414,-1.212268469326054,-1.3545831226377347,-1.5118623049530473,-1.7254275661319216,-1.7948899745058282,-1.8399381290034085,-1.9486457498799097,4.330688496528443,-2.055297756818097,4.157050509174177,-2.2056539722893516,4.031689788124667,3.6866257813690764,-2.9868874491228388,3.0105232429316224,-3.7197384543536307,2.249919211046411,1.867395363944743,1.7198573310092953,1.7167928002529678,1.656179345964032,1.4666541823180406,1.225682842594714,7.257576172296342,0.7403038650532082,0.6839860042952071,6.987327199903172,0.7681608251825108,0.6754061390960183,0.5226906513124,0.5939961640067422,0.6122870390244962,0.6741604814535458,0.8208991424542608,0.8816149773399854,7.085779030107188,0.5976486418049363,6.790366207370332,6.744031367133866,6.657602209219824,6.444968896418122,6.303736989384462,6.194694975102403,6.241150739202654,6.456839360750972,6.570961023750642,6.512035502428054,6.470453535325174,6.3014424461964715,6.089860506057257,5.971099493052966,5.808196974592676,5.435740949400978,5.070643837015758,4.470380543166855,4.252477644727327,3.918787467374834,3.5697374019742636,3.2587559190131645,2.929945135713522,2.866628827017369,2.826793231267112,2.7330691885923053,2.431601594179241,2.1953456048521973,2.062652389485333,1.9915017784985516,1.7918267728137907,1.5424647404621166,7.644621124034941,7.390291472952675,7.1201897143926836,6.711486585171556,6.402221686212851,-0.14438691527353115,5.930218014650786,5.919969809491073,-0.4107533759713403,5.792611529887167,5.714925628195506
4.650999999999888,0.22609170128743378,0.0027768656023609574,5.673861941548492,5.566547543771311,5.479996266650856,5.307933877848994,4.925038215534097,4.574984314760785,4.255811781128252,9.982583678962312,3.009425873427541,2.3873538715448417,1.6575477840664563,0.9888632822978284,0.3747405321565041,-0.3071233124758538,5.564014991667055,-0.9194389415237236,5.20787763760654,5.153648853945347,-1.2626114503485617,-1.3132476403511084,-1.2166030352697987,-1.359169293604291,-1.5166571353439915,-1.7303870702918853,-1.7999643726157342,-1.8450807289032596,-1.953810906656155,4.325544981863952,-2.060377613762215,4.152072884828977,-2.2104940240576787,4.027018390329476,3.682162446946445,-2.9911142474858776,3.0065438443386268,-3.723438283835755,2.2464958438086833,1.8642638738026334,1.7170047869294007,1.7142194717832127,1.6538878039514548,1.464650307850577,1.2239706914623651,7.256157126816957,0.7391773474539611,0.6831453047454469,6.986772968144677,0.7678947691051403,0.6754299883489415,0.5230071171356084,0.5946021539506295,0.6131801150274604,0.6753375655766212,0.8223568524832934,0.8833422403662333,7.087764529861115,0.5998817371342645,6.792823981501164,6.746690943171183,6.6604385459893996,6.447956267934844,6.306842131194134,6.197884274324982,6.244389659205582,6.460093803270369,6.574196668711615,6.515219982265332,6.473556761049206,6.304435910268088,6.092719604291637,5.973807444927084,5.810738768825343,5.438097325978011,5.072811835001661,4.472337867857593,4.254264938448805,3.9204121432538073,3.571216064716552,3.2601113230592906,2.9312003178009296,2.8678133609666814,2.8279325603771572,2.7341888111759167,2.432726873246461,2.196500895748797,2.0638592678650616,1.9927796253820709,1.793194127241595,1.5439368867434384,7.646207070594461,7.392000116949042,7.122024706228165,6.713453298545148,6.404309960465709,-0.1421881580479658,5.9325124311493,5.922340876021017,-0.40832620357093236,5.795070727854323,5.717389331870309
4.660999999999891,0.2256115293743219,0.006468209705325148,5.676294768792058,5.568920638314331,5.4822744068964315,5.310078634388927,4.9270005778762265,4.576726063135524,4.257295788243061,9.983737056994803,3.0101716680677053,2.3876757222581824,1.6573726163907663,0.9881896929166817,0.37357038703982665,-0.308826872006538,5.561858037495238,-0.9220142273505035,5.204899665591495,5.150291220857501,-1.2663264554100646,-1.3172867495618912,-1.220931730598226,-1.3637491259469796,-1.5214453053993267,-1.735339741780044,-1.8050319122650398,-1.8502165836527198,-1.9589695599010124,4.320407619819794,-2.0654517632635203,4.147100453410076,-2.215329446352684,4.0223510347226545,3.6777025134126884,-2.995338284747487,3.0025666343084474,-3.7271364925090693,2.2430736402114557,1.8611331498911787,1.7141527354055064,1.7116464522358845,1.651596452342603,1.4626465537596811,1.222258633862466,7.25473817977184,0.7380509497035873,0.682304757782026,6.986218907297013,0.7676288693134969,0.6754539154429795,0.5233235145000368,0.5952078809736011,0.614072658315412,0.676513780425486,0.8238132962283846,0.8850677838196928,7.08974780865254,0.6021120742361533,6.795278480161494,6.749346756555761,6.663270679658837,6.450939057570765,6.3099424119991125,6.201068544209566,6.247623503672753,6.4633432537605815,6.577427534585289,6.518400021640224,6.476656002602928,6.30742595668792,6.095575942384545,5.976513350031667,5.813279273313514,5.440453222421116,5.0749801479887315,4.474296348713322,4.256054055856445,3.922039245001,3.572697658113151,3.2614700461615063,2.932459091000793,2.8690016311197226,2.829075657367835,2.7353121255039743,2.433855661413494,2.197659426437434,2.0650690462612125,1.9940599721236298,1.7945635216137912,1.545410566214308,7.647794021774115,7.393709205111002,7.123859564239148,6.715419259084926,6.40639688512041,-0.13999133547459736,5.934804344802473,5.924708899738166,-0.4059025928903426,5.797525875381216,5.719848539004886
4.670999999999895,0.2251343224572188,0.01018184412555311,5.678722719756579,5.5712885360930375,5.4845471141246716,5.312217815901211,4.928957323467113,4.578462278771153,4.258774478095903,9.984885472666104,3.0109130017667836,2.387993746746544,1.6571943917230425,0.9875139199303585,0.37239901013550797,-0.3105306366379804,5.55970188527712,-0.9245877206371923,5.201924450101512,5.146937259096048,-1.2700369599388666,-1.3213206291096855,-1.2252545758463005,-1.3683226414284293,-1.5262268372830052,-1.7402856023410924,-1.8100926140390554,-1.8553457120026364,-1.9641217259534693,4.315276396891695,-2.0705202156715976,4.142133207865907,-2.220160242911214,4.017687720743333,3.673245983444719,-2.99955955529172,2.9985916207456174,-3.7308330705362063,2.2396526112026307,1.8580032036454566,1.7113011876078326,1.7090737518997756,1.6493053000147433,1.4606429270283117,1.2205466744881663,7.253319333306142,0.7369246713013966,0.6814643603695079,6.985665011976561,0.7673631183864263,0.6754779113623888,0.5236398333486105,0.5958133345833986,0.6149646586461163,0.677689116686135,0.8252684659541228,0.8867916021613487,7.091728863703105,0.6043396535778569,6.7977297071720315,6.751998814473266,6.666098620656671,6.453917278758764,6.313037847697342,6.204247802485601,6.250852291435355,6.466587731380243,6.580653640035919,6.521575637934385,6.479751275349638,6.310412598146852,6.098429529826998,5.979217214320771,5.8158184902741175,5.442808637072034,5.077148770614128,4.476255976724971,4.257844985104226,3.9236687584658987,3.57418216635841,3.262832071555805,2.9337214382692207,2.870193620759923,2.8302225063845463,2.7364391170188944,2.434987945798277,2.1988211858632885,2.0662817154563795,1.9953428112639557,1.795934950124313,1.54688577454138,7.649381974450344,7.395418735340421,7.125694287185521,6.717384466383259,6.408482460525134,-0.13779644639494848,5.93709375771605,5.927073883868058,-0.4034825393165632,5.7999769787401165,5.7223032577657165
4.680999999999898,0.22466013383147607,0.013917715020265503,5.681145804679716,5.5736512494674,5.486814402762934,5.314351438709235,4.9309084702883865,4.580192980811685,4.26024787038727,9.986028945636606,3.0116498934146207,2.3883079623149652,1.6570131250063136,0.9868359752422846,0.3712264097605852,-0.31223460209257925,5.557546535119192,-0.9271594255221326,5.198951982864956,5.143586956504097,-1.2737429794454922,-1.3253492972801078,-1.2295715914303298,-1.3728898616889438,-1.5310017530389315,-1.7452246736075263,-1.815146498423386,-1.8604681326204735,-1.9692674210883052,4.3101512996189015,-2.075582981314011,4.137171141145887,-2.224986417488994,4.01302844779393,3.6687928596650736,-3.003778053572128,2.9946188114745302,-3.7345280081680867,2.236232767638572,1.8548740464096045,1.7084501546201434,1.7065013809850242,1.647014355777631,1.4586394345865945,1.2188348179975377,7.2519005895499475,0.7357985117528714,0.6806241094991783,6.9851112768461645,0.7670975089673067,0.6755019671717081,0.52395606371667,0.5964185043874144,0.6158561058790136,0.678863565142755,0.8267223540143548,0.8885136899271509,7.093707692290013,0.6065644756581877,6.800177666359645,6.754647124089508,6.668922379366019,6.456890944862085,6.316128454096939,6.207422066777278,6.254076041209447,6.469827255168861,6.583875003610926,6.524746848420895,6.482842594557892,6.313395847259625,6.101280376056219,5.981919043719405,5.818356421920808,5.445163568295012,5.079317697561325,4.478216742951355,4.259637714429909,3.925300669592394,3.575669573745791,3.264197382575957,2.934987342652927,2.871389313249668,2.8313730916361397,2.7375697712084532,2.4361237135441947,2.199986162978111,2.0674972662235116,1.9966281353216289,1.7973084069366454,1.5483625073575455,7.650970925467795,7.397128705513941,7.127528873812279,6.7193489200306455,6.4105666870395615,-0.13560348962687732,5.939380672028835,5.92943583167485,-0.40106603819725445,5.802424044238074,5.724753496344341
4.690999999999901,0.22418901653564768,0.01767576454669055,5.683564033809359,5.5760087907898175,5.489076287210995,5.316479519087964,4.932854036252471,4.581918188314154,4.261715984717287,9.987167495457324,3.012382361788592,2.3886183861600814,1.656828831085897,0.9861558706748319,0.3700525941724833,-0.31393876412715666,5.5553919871202755,-0.9297293461236722,5.195982255656947,5.140240300996222,-1.2774445293487335,-1.3293727722514372,-1.233882797648855,-1.3774508082473773,-1.535770074591771,-1.750156977100344,-1.8201935858044955,-1.8655838640907172,-1.9744066615163307,4.305032314584092,-2.0806400704962513,4.132214246200605,-2.229807973860337,4.008373215240505,3.6643431446423373,-3.0079937741112954,2.9906482142399304,-3.73822129574341,2.2328141202846146,1.8517456894373263,1.7055996474402397,1.703929349623588,1.6447236283739435,1.4566360833122005,1.2171230690138695,7.2504819506184655,0.734672470569725,0.6797840021889615,6.984557696614892,0.7668320337636593,0.6755260740152171,0.5242721957313018,0.5970233800919275,0.6167469899744042,0.6800371166769056,0.8281749528514092,0.8902340417273341,7.095684291745489,0.6087865410071754,6.802622361557229,6.757291692550538,6.671741966124873,6.459860069174828,6.3192142469168475,6.21059135460432,6.257294771596848,6.473061844047727,6.5870916437417675,6.527913670265076,6.485929975402205,6.316375716565387,6.104128490456001,5.9846188441236885,5.82089307046391,5.4475180144765245,5.081486923559635,4.480178638518535,4.261432232154256,3.9269349644179337,3.5771598646669913,3.2655659626526736,2.9362567872885013,2.8725886920297294,2.8325273973945406,2.7387040736056485,2.4372629518201867,2.2011543467405517,2.0687156893264387,1.9979159367937434,1.7986838861845635,1.549840760262679,7.652560871639976,7.398839113483514,7.129363322849849,6.7213126196157935,6.412649565034718,-0.13341246396496606,5.941665089912131,5.931794746460606,-0.39865308484151457,5.804867078216153,5.727199262956676
4.700999999999905,0.22372102334367575,0.021455930803604258,5.685977417403104,5.578361172404783,5.491332781840947,5.318602073264085,4.934794039202973,4.583637920249224,4.263178840586488,9.98830114157079,3.013110425554559,2.3889250353710687,1.6566415247102493,0.985473617970028,0.3688775715695377,-0.31564311853265475,5.553238241371592,-0.9322974865403278,5.193015260298965,5.136897280557866,-1.2811416249763816,-1.33339107209545,-1.2381882146835304,-1.3820055025020044,-1.5405318237477572,-1.755082534229744,-1.8252338964702663,-1.8706929249152786,-1.9795394633846295,4.299919428413298,-2.085691493501667,4.127262515982007,-2.234624915817873,4.003722022413109,3.659896840891562,-3.0122067115003666,2.98667983670741,-3.7419129236881488,2.2293966798155775,1.8486181438923999,1.7027496769804493,1.701357667869712,1.6424331264797183,1.4546328800307238,1.2154114321259635,7.249063418612213,0.7335465472699576,0.6789440354833357,6.984004266037805,0.7665666855467599,0.6755502231164006,0.524588219610671,0.5976279515013436,0.6176373009926375,0.6812097622667035,0.8296262549953288,0.8919526522457475,7.097658659456264,0.6110058501857314,6.805063796603573,6.759932526982723,6.674557391226391,6.462824664922447,6.322295241787512,6.213755683382767,6.26050850108599,6.47629151682082,6.590303578744835,6.531076120525315,6.489013432963759,6.3193522185282545,6.106973882357082,5.987316621401007,5.823428438110354,5.4498719740250054,5.083656443383745,4.482141654619169,4.263228526680257,3.92857162907266,3.5786530236110745,3.266937795312786,2.9375297554016964,2.8737917406187,2.8336854079943854,2.7398420097885556,2.4384056478208516,2.202325726116499,2.069936975520389,1.999206208156564,1.8000613819728633,1.5513205288243646,7.654151809749925,7.400549957076922,7.131197633014418,6.723275564725708,6.414731094892815,-0.1312233681809027,5.943947013569154,5.934150631564611,-0.3962436745206383,5.807306087048687,5.729640565842349
4.710999999999908,0.22325620675694668,0.02525814777374898,5.688385965727728,5.5807084066485615,5.493583900997096,5.320719117416142,4.936728496915072,4.585352195501779,4.264636457396594,9.989429903311944,3.013834103267815,2.3892279269305674,1.6564512205318114,0.9847892287902584,0.3677013500915118,-0.3173476611338344,5.551085297956848,-0.9348638508509466,5.19005098865848,5.133557883244773,-1.284834281565954,-1.3374042147782448,-1.2424878626000018,-1.3865539657313806,-1.5452870221954882,-1.7600013662958196,-1.830267450610557,-1.8757953335138995,-1.9846658427768,4.294812627775809,-2.090737260591411,4.122315943443571,-2.2394372471722632,3.9990748686061393,3.655453950874682,-3.0164168603985875,2.982713686463891,-3.7456028825150356,2.2259804568162744,1.8454914208491773,1.6999002540681198,1.6987863457003984,1.6401428587047822,1.4526298315160544,1.2136999118884253,7.247644995617203,0.7324207413779091,0.6781042064532453,6.983450979915718,0.7663014571512519,0.6755744057774142,0.5249041256633604,0.598232208517444,0.6185270290933099,0.6823814929860181,0.8310762530631103,0.8936695162391866,7.099630792863038,0.6132224037853153,6.807501975343232,6.762569634492826,6.6773686649191895,6.465784745262247,6.325371454251526,6.2169150704257685,6.263717248052795,6.479516292175691,6.593510826822313,6.534234216153854,6.492092982231091,6.3223253655378375,6.10981656103749,5.990012381390169,5.8259625270636315,5.452225445370578,5.0858262518532475,4.484105782511862,4.265026586492368,3.9302106497785743,3.5801490351636085,3.2683128641784247,2.9388062303067124,2.8749984426124398,2.8348471078326596,2.7409835653801893,2.4395517887665474,2.203500290079399,2.0711611155525014,2.0004989418661676,1.8014408883780773,1.55280180857862,7.655743736550861,7.402261234098293,7.133031803008256,6.725237754945776,6.416811277007095,-0.12903620102385857,5.9462264452344895,5.936503490362676,-0.3938378024688642,5.809741077142544,5.732077413264034
4.720999999999911,0.2227946189962176,0.029082345267202322,5.690789689058676,5.583050505848864,5.495829658995864,5.322830667674684,4.9386574270958965,4.587061032871528,4.266088854451271,9.990553799909028,3.0145534133740264,2.3895270777156052,1.6562579331078429,0.9841027147189615,0.36652393782010945,-0.319052387788976,5.548933156952295,-0.9374284431148637,5.187089432648561,5.130222097182406,-1.2885225142654138,-1.3414122181610597,-1.2467817613487684,-1.391096219095196,-1.5500356915067213,-1.7649134944892457,-1.8352942683177584,-1.8808911082245534,-1.9897858157131962,4.2897118993841,-2.095777382004388,4.117374521540483,-2.2442449717519306,3.9944317530786844,3.6510144770009307,-3.020624215532839,2.9787497710181183,-3.749291162823062,2.2225654617820187,1.8423655312930909,1.6970513894461048,1.696215393015871,1.637852833593181,1.4506269444907502,1.2119885128219512,7.246226683705119,0.7312950524243086,0.677264512196013,6.982897833094966,0.7660363414747612,0.6755986133785545,0.5252199042877137,0.5988361411386386,0.6194161645344682,0.6835523000036725,0.8325249397579494,0.8953846285367352,7.101600689459975,0.6154362024276059,6.809936901626402,6.76520302216809,6.680175797407628,6.468740323283856,6.3284428997642825,6.220069532944348,6.266921030761517,6.482736188684357,6.596713406063064,6.537387973997607,6.495168638100783,6.325295169909789,6.112656535722915,5.992706129901565,5.828495339523726,5.454578426964786,5.087996343832176,4.486071013520551,4.2668264001557406,3.9318520128487013,3.581647884005816,3.2696911529662147,2.940086195405499,2.876208781683526,2.836012481368342,2.7421287260483664,2.440701361903492,2.2046780276105773,2.0723881001623248,2.0017941303590816,1.8028223994491845,1.5542845950306077,7.657336648766827,7.4039729423286005,7.134865831520031,6.7271991898598476,6.41889011178167,-0.12685096122086123,5.948503387173531,5.9388533262664644,-0.39143546388411304,5.812172054936383,5.734509813506806
4.730999999999915,0.2223363119934147,0.03292844886577143,5.693188597679567,5.585387482324537,5.498070070125692,5.3249367401224035,4.9405808473849175,4.588764451073596,4.267536050956887,9.991672850484441,3.015268374210157,2.389822504498504,1.6560616769012495,0.983414087261318,0.3653453427794837,-0.3207572943895835,5.5467818184268065,-0.9399912673720604,5.1841305842275105,5.126889910565392,-1.292206338133878,-1.3454151000010839,-1.2510699307660433,-1.3956322836351231,-1.5547778531371566,-1.7698189398919633,-1.8403143695873434,-1.885980267303847,-1.994899398151175,4.284617229993718,-2.1008118679572045,4.112438243229812,-2.2490480934027866,3.9897926750548676,3.6465784216272468,-3.024828771697177,2.974788097801144,-3.7529777552969685,2.2191517051191383,1.839240486121155,1.6942030937732533,1.6936448196400422,1.6355630596236073,1.448624225626403,1.2102772394136136,7.2448084849334915,0.7301694799463225,0.6764249498352488,6.982344820467162,0.7657713314775099,0.67562283737773,0.5255355459711827,0.5994397394592254,0.6203046976718216,0.6847221745826514,0.8339723078684954,0.8970979840391117,7.103568346794186,0.6176472467641747,6.812368579308791,6.767832697076315,6.6829787988521,6.471691412009717,6.331509593694623,6.2232190880481735,6.270119867365587,6.48595122480417,6.5999113344434726,6.540537410798943,6.498240415378146,6.328261643886337,6.115493815587054,5.995397872717314,5.8310268776870675,5.4569309172803315,5.090166714228557,4.4880373390338635,4.268627956315484,3.933495704686263,3.5831495549137324,3.271072645486475,2.941369634187056,2.8774227415807054,2.83718151312205,2.74327747750557,2.4418543545038576,2.2058589276995537,2.07361792008232,2.003091766052907,1.8042059092083085,1.555768883655335,7.658930543093312,7.40568507952617,7.1366997172251185,6.729159869050316,6.420967599631389,-0.12466764747716119,5.950777841681934,5.941200142722825,-0.3890366539287155,5.8145990268999475,5.736937774877495
4.740999999999918,0.22188133738330718,0.03679637986847817,5.695582701881683,5.587719348385239,5.500305148646948,5.3270373507942645,4.942498775354312,4.590462468739107,4.2689780660232595,9.99278707405562,3.015979004005386,2.3901142239477857,1.6558624662814019,0.9827233578449328,0.36416557293674023,-0.3224623768600903,5.544631282441951,-0.9425523276433179,5.1811744353985025,5.123561311656958,-1.2958857681423224,-1.3494128779522574,-1.255352390574603,-1.4001621802756543,-1.5595135284272186,-1.7747177234778586,-1.845327774318419,-1.8910628289274214,-2.000006605985336,4.279528606403206,-2.105840728644116,4.107507101470676,-2.253846615987967,3.985157633724186,3.642145787058688,-3.029030523752375,2.970828674166812,-3.7566626507067444,2.2157391971454814,1.8361162961424662,1.6913553776248955,1.691074635320973,1.633273545209824,1.4466216815440036,1.2085660961171396,7.243390401345877,0.7290440234875993,0.6755855165207584,6.981791936968967,0.7655064201819344,0.675647069309937,0.5258510412896806,0.6000429936686558,0.6211926189579581,0.6858911080793167,0.8354183502681102,0.8988095777180222,7.105533762465226,0.6198555374761626,6.814797012251491,6.770458666265939,6.68577767936931,6.47463802439556,6.3345715513254675,6.226363752746324,6.27331377590846,6.489161418878701,6.603104629828304,6.543682543196477,6.501308328777892,6.331224799636809,6.118328409751965,5.998087615591422,5.833557143746468,5.459282914810816,5.092337357993954,4.4900047505045,4.270431243695916,3.935141711783863,3.584654032757373,3.2724573256424323,2.9426565302267504,2.8786403061283585,2.8383541876756917,2.74442980550881,2.443010753865873,2.2070429793443544,2.0748505660383447,2.004391841346936,1.805591411651403,1.5572546698983432,7.660525416197893,7.407397643427163,7.1385334587859175,6.731119792098199,6.4230437409816625,-0.12248625847659417,5.9530498110850845,5.943543943213134,-0.38664136773012947,5.817021999533351,5.739361305704054
4.750999999999921,0.22142974649505762,0.04068605523821943,5.6979720119634925,5.590046116331147,5.502534908791829,5.329132515677655,4.944411228509342,4.592155104415762,4.270414918664393,9.993896489535883,3.0166853208820146,2.390402252629057,1.6556603155249463,0.9820305378205106,0.36298463620243665,-0.3241676311575678,5.542481549052067,-0.9451116279303693,5.178220978209205,5.120236288788377,-1.299560819174279,-1.3534055695660665,-1.2596291603846284,-1.4046859298249366,-1.5642427386028304,-1.7796098661134379,-1.8503345023142697,-1.8961388111903519,-2.005107455047769,4.274446015454004,-2.1108639742369877,4.102581089224403,-2.2586405433875694,3.9805266282418517,3.6377165755488328,-3.033229466625467,2.9668715073922463,-3.760345839907117,2.2123279480909184,1.8329929720787057,1.6885082514933276,1.6885048497313346,1.6309842987010854,1.4446193188143037,1.206855087353191,7.241972434972023,0.7279186825983116,0.6747462094284495,6.981239177581846,0.7652416006723025,0.6756713007867375,0.5261663809069373,0.6006458940508052,0.6220799189415699,0.6870590919426305,0.8368630599141366,0.9005194046155197,7.107496934124588,0.6220610752739615,6.817222204320857,6.773080936766119,6.688572449032558,6.477580173330884,6.337628787854456,6.229503543948037,6.27650277432445,6.492366789138588,6.606293309971552,6.546823387725851,6.5043723929248145,6.334184649258164,6.121160327288418,6.000775364249928,5.836086139891071,5.461634418070477,5.094508270123013,4.491973239448624,4.27223625109982,3.936790020722675,3.5861613024999057,3.273845177429434,2.9439468671856317,2.8798614592259644,2.8395304896721147,2.7455856958594915,2.444170547313909,2.2082301715518167,2.0760860287501357,2.005694348622765,1.8069789007489325,1.558741949176391,7.662121264720831,7.409110631746064,7.1403670548521445,6.733078958583212,6.425118536268338,-0.1203067928819385,5.95531929773757,5.945884731252643,-0.384249600381648,5.819440979366383,5.741780414334929
4.760999999999925,0.22098159034365217,0.04459738754966206,5.700356538230157,5.592367798452643,5.504759364764279,5.331222250712516,4.946318224288723,4.59384237656841,4.271846627799215,9.995001115735278,3.017387342856367,2.3906866070058994,1.6554552388166075,0.9813356384625267,0.3618025404310764,-0.32587305327143545,5.540332618304332,-0.9476691722160507,5.175270204751424,5.116914830358427,-1.303231506026524,-1.35739319229233,-1.2639002596945421,-1.4092035529755953,-1.5689655047761817,-1.7844953885584982,-1.855334573282904,-1.9012082321075443,-2.010201961108296,4.269369444030348,-2.11588161488525,4.097660199454703,-2.2634298794983914,3.975899657729122,3.6332907893001836,-3.037425595309294,2.9629166046783255,-3.7640273138370564,2.208917968097856,1.829870524564636,1.685661725788295,1.6859354724688682,1.6286953283825572,1.4426171439581745,1.2051442175096376,7.2405545878280355,0.7267934568351966,0.6739070257602368,6.980686537331829,0.7649768660943325,0.6756955234957399,0.5264815555738626,0.6012484309832506,0.6229665882666838,0.688226117713384,0.8383064298471714,0.9022274598433712,7.109457859475209,0.6242638608968974,6.819644159388389,6.7756995155868065,6.6913631178720205,6.480517871639416,6.340681318394576,6.232638478463459,6.279686880439538,6.495567353702409,6.609477392517272,6.549959960820506,6.507432622354445,6.337141204775507,6.123989577216238,6.003461124391057,5.838613868306293,5.463985425593926,5.0966794456530256,4.4939427974452455,4.274042967407729,3.938440618171644,3.587671349196836,3.27523618493418,2.9452406288097643,2.881086184847578,2.8407104038147692,2.7467451344032803,2.445333722198578,2.20942049333789,2.0773242989317837,2.006999280244887,1.808368370446541,1.5602307168781235,7.663718085275687,7.410824042176167,7.142200504061134,6.735037368083852,6.427191985937535,-0.11812924933526696,5.957586304022651,5.948222510389843,-0.38186134694309665,5.821855972957814,5.744195109138457
4.770999999999928,0.2205369196212133,0.048530284938463536,5.702736290993058,5.594684407030024,5.506978530739892,5.333306571791482,4.948219780064985,4.59552430357961,4.273273212252296,9.996100971361424,3.018085087839679,2.3909673034407404,1.6552472502499835,0.9806386709698873,0.36061929342159976,-0.3275786392231744,5.538184490238837,-0.9502249644644477,5.172322107160759,5.113596924832838,-1.3068978434097605,-1.3613757634799761,-1.2681657078918338,-1.413715070305553,-1.5736818479464916,-1.7893743114667942,-1.8603280068375947,-1.9062711096141365,-2.015290139874722,4.264298879059178,-2.1208936607158626,4.092744425127812,-2.268214628233675,3.971276721273633,3.6288684304645695,-3.041618904862051,2.9589639731501696,-3.767707063519274,2.205509267221738,1.826748964148602,1.682815810837475,1.6833665130568385,1.626406642475733,1.440615163446961,1.203433490941829,7.239136861916545,0.7256683457615928,0.6730679627439451,6.980134011289287,0.7647122096548132,0.6757197292000825,0.5267965561279092,0.6018505949365521,0.623852617671899,0.6893921770234349,0.8397484531903473,0.9039337385824261,7.111416536270976,0.6264638951129173,6.822062881330606,6.778314409718832,6.69414969587502,6.483451132079581,6.343729157974776,6.235768573004393,6.282866111972213,6.4987631305775135,6.612656895000412,6.5530922788124455,6.510489031513717,6.3400944781426025,6.126816168504643,6.006144901685365,5.841140331173768,5.466335935935906,5.098850879663487,4.495913416135622,4.275851381577189,3.940093490886697,3.589184157995202,3.2766303323339563,2.946537798929557,2.882314467041303,2.841893914867362,2.7479081070299674,2.4465002658968196,2.210613933727932,2.078565367292201,2.0083066285612863,1.8097598146657077,1.561720968364734,7.665315874449916,7.412537872390028,7.144033805038137,6.736995020177465,6.429264090445515,-0.11595362645829553,5.9598508323517505,5.950557284205827,-0.3794766024415218,5.8242669868947194,5.746605398502246
4.780999999999931,0.22009578468819688,0.052484651051886995,5.7051112805693265,5.596995954333207,5.509192420865834,5.335385494760014,4.950115913144838,4.597200903750201,4.274694690754568,9.997196075020334,3.0187785736389783,2.3912443581957152,1.6550363638283323,0.9799396464665883,0.3594349029178688,-0.3292843850660423,5.536037164888653,-0.9527790086210433,5.16937667761623,5.110282560743769,-1.310559845949295,-1.3653533003778167,-1.2724255242538791,-1.4182205022788401,-1.578391789000764,-1.7942466553866987,-1.8653148224974168,-1.9113274615658917,-2.0203720069930755,4.259234307510029,-2.125900121833272,4.087833759212657,-2.2729947935228556,3.9666578179297245,3.6244495011435403,-3.045809390406839,2.9550136198576147,-3.7713850800597184,2.2021018554315464,1.8236283012930266,1.679970516886957,1.6807979809444915,1.6241182491388493,1.4386133837028379,1.2017229119728625,7.237719259226869,0.7245433489474763,0.6722290176332123,6.979581594568674,0.7644476246212265,0.6757439097379208,0.5271113734924461,0.6024523764735418,0.6247379979896309,0.6905572615949497,0.8411891231486194,0.9056382360819969,7.113372962316242,0.6286611787182794,6.824478374028923,6.780925626133979,6.696932192986306,6.486379967344972,6.346772321540603,6.23889384418503,6.286040486534268,6.501954137660885,6.6158318348476515,6.556220357933009,6.5135416347616175,6.343044481242396,6.129640110072584,6.008826701775888,5.843665530671301,5.468685947671022,5.101022567275661,4.497885087222654,4.277661482642055,3.941748625709951,3.590699714132771,3.2780276038958736,2.94783836145911,2.883546289928782,2.843081007653528,2.7490745996733414,2.4476701658119895,2.2118104817570043,2.0798092245355844,2.0096163859040233,1.811153227304399,1.563212698970615,7.666914628805456,7.41425212003994,7.1458669563966,6.7389519144403325,6.431334850258529,-0.11377992285272535,5.962112885163944,5.952889056313673,-0.3770953618718696,5.8266740277918085,5.749011290832582
4.790999999999935,0.21965823556447928,0.05646038500088461,5.707481517281387,5.599302452621437,5.511401049260754,5.337459035416535,4.952006640769533,4.5988721952998475,4.27611108194403,9.99828644521724,3.019467817957957,2.3915177874335285,1.6548225934653522,0.9792385760023646,0.35824937660914874,-0.33099028688479176,5.533890642279913,-0.9553313086128598,5.1664339083399495,5.106971726689274,-1.3142175281857038,-1.3693258201353085,-1.2766797279487534,-1.4227198692464005,-1.5830953487145396,-1.799112440761861,-1.8702950396877842,-1.916377305739594,-2.0254475780478614,4.254175716394937,-2.1309010083193836,4.082928194681009,-2.2777703793113093,3.9620429467187686,3.6200340033887626,-3.0499970471312148,2.951065551775692,-3.7750613546470784,2.198695742610309,1.8205085463749058,1.6771258541017213,1.6782298855075068,1.6218301564672957,1.4366118110991553,1.2000124848938498,7.236301781735167,0.7234184659694931,0.6713901877073889,6.979029282328302,0.7641831043213692,0.6757680570219161,0.52742599867613,0.6030537662486162,0.6256227201453606,0.6917213632396545,0.8426284330080595,0.9073409476592409,7.115327135465343,0.6308557125372466,6.826890641369548,6.783533171785061,6.6997106191083295,6.489304390064794,6.349810823954794,6.242014308522687,6.2892100216316145,6.505140392739957,6.6190022293782,6.559344214313615,6.5165904463698405,6.3459912258875075,6.132461410789093,6.011506530278283,5.8461894689728044,5.471035459393508,5.10319450365214,4.499857802470299,4.2794732597117795,3.943406009568944,3.592218002937251,3.279427983976124,2.949142300395561,2.8847816377046804,2.8442716670564927,2.750244598311054,2.448843409373947,2.213010126470156,2.081055861361868,2.010928544589805,1.8125486022377084,1.5647059040040023,7.668514344879305,7.415966782758389,7.147699956738465,6.740908050447728,6.433404265852685,-0.11160813710058146,5.96437246492546,5.955217830357831,-0.3747176201976549,5.829077102290759,5.751412794553841
4.800999999999938,0.21922432192033442,0.06045738131373502,5.709847011456497,5.601603914143009,5.513604430014702,5.339527209512566,4.95389198011521,4.6005381963675935,4.277522404366453,9.999372100357391,3.020152838397829,2.3917876072182973,1.6546059529859516,0.9785354705533353,0.35706272213058504,-0.3326963407953895,5.531744922431875,-0.9578818683486016,5.163493791596769,5.10366441133277,-1.3178709045754966,-1.373293339803312,-1.2809283380360348,-1.427213191446888,-1.58779254775264,-1.8039716879318588,-1.8752686777409806,-1.9214206598334447,-2.0305168685623016,4.249123092768333,-2.135896330233527,4.078027724507621,-2.2825413895601088,3.9574321066294895,3.6156219392024136,-3.054181870286747,2.947119775805103,-3.7787358785522867,2.1952909385556,1.8173897096863045,1.6742818325661175,1.675662236048447,1.6195423724940268,1.4346104519607898,1.1983022139641766,7.234884431404604,0.72229369641099,0.6705514702714381,6.978477069770098,0.7639186421429774,0.6757921630387284,0.5277404227722856,0.6036547550070367,0.6265067751568925,0.6928844738580908,0.8440663761351569,0.9090418686985507,7.117279053622121,0.6330474974217837,6.82929968724335,6.786137053606004,6.702484984101503,6.492224412804333,6.352844679997899,6.245129982438519,6.292374734665074,6.5083219134934565,6.622168095804624,6.562463863986512,6.51963548052343,6.348934723820744,6.135280079473594,6.014184392780977,5.848712148248253,5.473384469716963,5.105366683996433,4.501831553702981,4.281286701970709,3.945065629475863,3.5937390098255073,3.2808314570192363,2.9504495998184384,2.8860204946361874,2.8454658780187443,2.7514180889644893,2.450019984039137,2.2142128569227078,2.0823052684671697,2.012243096920553,1.8139459333184862,1.5662005787476059,7.670115019184097,7.4176818581585,7.149532804654436,6.7428634277739965,6.435472337713805,-0.10943826776454624,5.966629574129182,5.95754361001351,-0.37234337235162124,5.831476217059572,5.753809918107903
4.810999999999941,0.21879409306730724,0.06447552989130649,5.712207773426292,5.603900351134985,5.515802577189055,5.341590032752858,4.955771948293256,4.602198925012405,4.278928676476074,10.000453058746873,3.02083365245819,2.3920538335163926,1.6543864561270145,0.9778303410226399,0.3558749470636757,-0.33440254294473887,5.529600005356997,-0.9604306917187946,5.16055631969394,5.100360603402533,-1.3215199894917724,-1.377255876334838,-1.2851713734676038,-1.4317004890074583,-1.5924834066699076,-1.8088244171328487,-1.8802357558966922,-1.9264575414674543,-2.035579893998587,4.244076423726937,-2.1408860976124306,4.073132341670384,-2.2873078282457784,3.952825296618281,3.6112133105375666,-3.0583638551885737,2.9431762987726926,-3.782408643128024,2.1918874529800374,1.8142718014348502,1.6714384622843415,1.6730950417972077,1.6172549051899663,1.4326093125644868,1.1965921034117661,7.233467210185491,0.7211690398620433,0.6697128626558336,6.977924952139372,0.7636542315333533,0.6758162198485114,0.5280546369582884,0.6042553335842328,0.6273901541336169,0.6940465854388796,0.8455029459761257,0.9107409946509487,7.119228714739447,0.6352365342512555,6.831705515545754,6.788737278511922,6.70525529778448,6.495140048065395,6.355873904368876,6.24824088225825,6.2955346429311785,6.511498717492219,6.625329451233638,6.565579322885527,6.522676751321409,6.351874986715593,6.138096124896254,6.016860294845304,5.85123357066362,5.475732977274114,5.107539103552522,4.503806332805017,4.283101798677392,3.9467274725267822,3.5952627203027885,3.2822380075573476,2.951760243889031,2.8872628450625113,2.8466636255417077,2.7525950576986395,2.451199877290676,2.2154186621805327,2.083557436544235,2.0135600351839593,1.8153452143779616,1.5676967184592352,7.671716648208659,7.41939734383448,7.151365498724264,6.744818045992635,6.437539066337289,-0.10727031338828855,5.9688842152941675,5.959866398986089,-0.3699726132363914,5.8338713787919305,5.756202669953583
4.820999999999945,0.2183675979489863,0.06851471596402492,5.714563813526355,5.606191775822918,5.517995504816428,5.343647520795529,4.957646562350653,4.603854399213704,4.280329916636282,10.001529338593391,3.0215102775378555,2.392316482197269,1.6541641165381558,0.9771231982410713,0.3546860589367394,-0.3361088895104044,5.527455891061011,-0.962977782595925,5.15762148498078,5.097060291691172,-1.3251647972248655,-1.3812134465857915,-1.2894088530884318,-1.4361817819445537,-1.5971679459119403,-1.8136706484982088,-1.8851962933025344,-1.9314879681838337,-2.0406366697581233,4.239035696409646,-2.14587032047019,4.068242039150464,-2.2920696993600553,3.9482225156095256,3.606808119298584,-3.0625429972149583,2.9392351274319233,-3.7860796398082215,2.188485295511786,1.8111548317442248,1.6685957531809072,1.6705283119114651,1.614967762464415,1.430608399139203,1.1948821574333321,7.232050120015447,0.7200444959194849,0.6688743622164572,6.977372924724564,0.7633898659989907,0.6758402195844101,0.5283686324949515,0.6048554929051131,0.6282728482757791,0.6952076900579909,0.8469381360562173,0.9124383210334884,7.121176116818761,0.6374228239321311,6.834108130176621,6.7913338533991885,6.708021569934415,6.4980513082867635,6.358898511685692,6.251347024212875,6.298689763622942,6.514670822200004,6.628486312666914,6.568690606846786,6.525714272777428,6.354812026176718,6.140909555778298,6.0195342420056495,5.853753738380835,5.47808098071657,5.10971175760446,4.5057821317200295,4.284918539163891,3.948391525900913,3.5967891199619597,3.2836476202094715,2.953074216849751,2.8885086733943894,2.8478648946854235,2.75377549062197,2.4523830766384296,2.216627531320328,2.0848123562828698,2.0148793516540375,1.816746439226357,1.5691943183724146,7.673319228418567,7.421113237362062,7.153198037517016,6.746771904676342,6.439604452227975,-0.10510427249678832,5.971136390965162,5.96218620101052,-0.36760533772510984,5.836262594206556,5.758591058566067
4.830999999999948,0.21794488513167823,0.07257482005063427,5.7169151420957744,5.608478200420587,5.520183226900608,5.345699689252191,4.959515839270317,4.605504636871909,4.281726143120292,10.002600958007053,3.022182730935702,2.3925755690342867,1.6539389477824713,0.9764140529677018,0.35349606522537985,-0.3378153767003385,5.525312579542992,-0.9655231448345745,5.154689279848334,5.09376346505513,-1.3288053419829893,-1.3851660673157065,-1.2936407956373637,-1.4406570901646791,-1.6018461858158166,-1.818510402059181,-1.890150309014575,-1.9365119574473875,-2.045687211181782,4.234000897997433,-2.1508490087982506,4.063356809932448,-2.296827006909652,3.943623762495905,3.6024063673414948,-3.066719291806853,2.9352962684633437,-3.78974886010757,2.1850844756950543,1.8080388106546543,1.6657537151011217,1.6679620554771202,1.6126809521654502,1.4286077178664454,1.1931723801946352,7.230633162819541,0.7189200641869276,0.6680359663344939,6.976820982857022,0.7631255391052034,0.6758641544520623,0.5286824007259175,0.6054552239833799,0.6291548488737541,0.6963677798780199,0.848371939979041,0.9141338434286611,7.123121257909597,0.6396063673976888,6.836507535040143,6.793926785145522,6.710783810287232,6.500958205844637,6.361918516485914,6.254448424439378,6.301840113830656,6.517838244974301,6.631638697001866,6.571797731609472,6.528748058820376,6.357745853740446,6.143720380792335,6.022206239769592,5.8562726535577285,5.480428478714576,5.111884641475939,4.507758942450383,4.286736912835105,3.9500577768598557,3.5983181944827436,3.2850602796807853,2.954391503023515,2.889757964113597,2.849069670568225,2.754959373886296,2.453569569619093,2.217839453429888,2.0860700183703678,2.0162010385916638,1.8181496016534888,1.5706933736969877,7.6749227562566995,7.4228295362989245,7.155030419591341,6.748725003397098,6.441668495900015,-0.1029401435966573,5.973386103712125,5.9645030198507545,-0.36524154066207487,5.838649870046592,5.760975092436347
4.840999999999951,0.21752600279499068,0.07665571791881218,5.719261769476714,5.61075963712972,5.522365757416473,5.347746553688082,4.96137979597145,4.607149655808953,4.283117374111832,10.003667935001168,3.0228510298514917,2.3928311097055253,1.653710963337279,0.9757029158905025,0.3523049733529453,-0.3395220007526104,5.523170070795428,-0.9680667822715537,5.15175969672906,5.090470112414175,-1.3324416378928718,-1.3891137551884738,-1.2978672197478966,-1.4451264334651752,-1.6065181466108218,-1.8233436977455058,-1.895097821997859,-1.9415295266459007,-2.050731533550145,4.228972015713238,-2.155822172565383,4.058476647004472,-2.3015797549160224,3.9390290361387126,3.59800805647438,-3.070892734467461,2.9313597284750568,-3.793416295621028,2.1816850029905908,1.8049237481234006,1.662912357811556,1.665396281508741,1.610394482080326,1.4266072748806073,1.1914627758307323,7.22921634051044,0.717795744274786,0.6671976724163257,6.976269121910749,0.7628612444757549,0.6758880167291014,0.5289959330770544,0.60605451792085,0.630036147307328,0.6975268471474693,0.8498043514258895,0.9158275574838082,7.1250641361091365,0.641787165607725,6.838903734044724,6.796516080610057,6.7135420285378835,6.503860753053072,6.364933933227298,6.25754509898142,6.304985710542656,6.521001003067135,6.6347866210324336,6.574900712816514,6.531778123295014,6.360676480875257,6.146528608562684,6.02487629361804,5.858790318347979,5.482775469956783,5.114057750529887,4.509736757056625,4.28855690916809,3.9517262127468635,3.5998499296309703,3.2864759707619173,2.9557120868131226,2.8910107017724633,2.850277938366428,2.756146693686655,2.4547593437962703,2.2190544176083655,2.087330413491934,2.017525088245112,1.8195546954293662,1.572193879619717,7.676527228143767,7.424546238185124,7.156862643495743,6.750677341726235,6.443731197876736,-0.10077792517645454,5.975633356129766,5.966816859299164,-0.3628812168633631,5.841033213078987,5.76335478007068
4.850999999999955,0.21711099872232678,0.08075728054774003,5.721603706013991,5.613036098139748,5.524543110309925,5.349788129622207,4.963238449309871,4.608789473768808,4.284503627705794,10.004730287492984,3.0235151913866907,2.3930831197945888,1.6534801765948526,0.9749897976269578,0.35111279069098383,-0.3412287579351373,5.521028364804289,-0.9706086987260356,5.148832728096492,5.087180222750912,-1.336073699000384,-1.3930565267730612,-1.3020881439489462,-1.4495898315349833,-1.6111838484191634,-1.8281705553860539,-1.9000388511269253,-1.94654069309053,-2.0557696520837556,4.22394903682185,-2.1607898217176613,4.0536015433583605,-2.30632794741513,3.9344383353681573,3.593613188457752,-3.0750633207618017,2.927425514003189,-3.79708193802333,2.1782868867761787,1.8018096540252484,1.6600716910005158,1.6628309989500059,1.6081083599358739,1.4246070762693006,1.1897533484462255,7.227799654988549,0.7166715358002987,0.6663594778934262,6.9757173373021795,0.7625969757924893,0.6759117987646629,0.5293092210558549,0.6066533659067802,0.6309167350449856,0.6986848842000386,0.8512353641550711,0.9175194589105382,7.1270047495617455,0.643965219548266,6.841296731102879,6.79910174663342,6.716296234340609,6.506758962164415,6.367944776288375,6.260637063790045,6.30812657064608,6.524159113625868,6.637930101449866,6.5779995660153325,6.534804479962586,6.363603918982266,6.149334247665693,6.027544409005367,5.861306734901066,5.48512195315,5.1162310801680615,4.511715567656915,4.290378517711399,3.9533968209861103,3.6013843112578345,3.287894678328245,2.9570359527006493,2.8922668709933923,2.8514896833140098,2.75733743626118,2.4559523867605466,2.220272412966539,2.0885935323311013,2.0188514928505774,1.8209617143047763,1.5736958313048708,7.678132640478847,7.426263340543509,7.158694707768835,6.752628919234494,6.445792558690514,-0.09861761570699763,5.977878150837083,5.969127723175983,-0.3605243611174448,5.843412630093887,5.765730129990041
4.860999999999958,0.21669992029129428,0.08487937409268281,5.723940962054657,5.6153075956275345,5.526715299497817,5.351824432527455,4.965091816078356,4.610424108418007,4.285884921908902,10.005788033304473,3.0241752325452813,2.393331614791404,1.6532466008631492,0.9742747087246731,0.34991952455969544,-0.34293564454541786,5.518887461549109,-0.973148897999685,5.145908366464919,5.083893785110282,-1.3397015392711642,-1.3969943985442288,-1.3063035866656112,-1.454047303955402,-1.6158433112566826,-1.8329909947094554,-1.9049734151863265,-1.951545474016189,-2.060801581943366,4.218931948629798,-2.1657519661784503,4.04873149198976,-2.311071588457221,3.929851658983671,3.5892217650049303,-3.0792310463162784,2.9234936315123545,-3.800745779068498,2.1748901363471336,1.798696538152991,1.6572317242785073,1.6602662166741406,1.6058225933988926,1.4226071280736894,1.188044102115507,7.226383108142152,0.7155474383875462,0.6655213802222536,6.975165624489927,0.7623327267949643,0.6759354929788943,0.5296222562508404,0.6072517592171988,0.6317966036432027,0.6998418834539194,0.8526649720012485,0.9192095434841523,7.128943096458529,0.6461405302312829,6.843686530131119,6.801683790037807,6.719046437309198,6.509652845369744,6.370951059969026,6.263724334724363,6.311262710927637,6.527312593693968,6.641069154843492,6.581094306658537,6.537827142501434,6.366528179395692,6.152137306630048,6.03021059135955,5.863821905362208,5.487467927018967,5.118404625830636,4.513695366426481,4.292201728084415,3.95506958908197,3.60292132529916,3.2893163873391984,2.95836308524684,2.893526456468391,2.8527048907023076,2.7585315878909746,2.4571486861295635,2.221493428627067,2.0898593655701347,2.0201802446326957,1.8223706520118605,1.575199223894804,7.679738989639905,7.427980840880129,7.160526610939592,6.75457973549209,6.447852578882639,-0.09645921364167047,5.980120490476905,5.971435615328745,-0.35817096818579053,5.845788127904031,5.768101150729597
4.870999999999961,0.21629281446403775,0.08902185985168488,5.726273547947593,5.6175741417571246,5.528882338867881,5.353855477830736,4.9669399130069705,4.612053577346147,4.287261274640358,10.006841190163078,3.0248311702345623,2.393576610093012,1.6530102493665293,0.973557659661977,0.34872518222837895,-0.34464265691026763,5.51674736100304,-0.9756873838767881,5.142986604389075,5.08061078859908,-1.3433251725912334,-1.4009273868832357,-1.3105135662199265,-1.458498870200841,-1.6204965550335606,-1.8378050353447224,-1.9099015328711395,-1.956543886581936,-2.065827338230189,4.2139207384852355,-2.170708615848389,4.043866485898262,-2.315810682106598,3.9252690057542075,3.584833787782415,-3.0833959068182484,2.919564087396117,-3.804407810589355,2.171494760916792,1.795584410217919,1.6543924671787074,1.6577019434843563,1.6035371900765458,1.4206074362888166,1.1863350408830038,7.224966701847553,0.714423451667467,0.6646833768841404,6.974613978974556,0.7620684912800836,0.6759590918624662,0.5299350303309696,0.6078496892142411,0.6326757447457456,0.7009978374110962,0.8540931688747824,0.9208978070430709,7.13087917503688,0.6483130986944091,6.846073135049849,6.80426221762706,6.721792647017244,6.51254241479929,6.373952798491053,6.266806927552237,6.314394148074359,6.530461460211809,6.644203797701478,6.584184950104638,6.5408461245076035,6.369449273383343,6.154937793937093,6.032874846082308,5.866335831872327,5.489813390306114,5.120578382995805,4.515676145597066,4.2940265299767,3.9567445046182983,3.6044609577746707,3.290741082837575,2.959693469090514,2.8947894429585994,2.8539235458797036,2.7597291348999895,2.4583482295480903,2.2227174537247403,2.0911279038904413,2.0215113358050565,1.8237815022646875,1.5767040525105294,7.681346271984319,7.429698736684647,7.162358351527607,6.7565297900687815,6.449911259003195,-0.09430271741672658,5.982360377715445,5.973740539631733,-0.3558210328034697,5.848159713344171,5.770467850838172
4.880999999999965,0.21588972777749577,0.09318459423443685,5.728601474043096,5.619835748679502,5.531044242278668,5.355881280913115,4.968782756763395,4.6136778980664,4.288632703732494,10.007889775702457,3.025483021265944,2.3938181210043443,1.6527711352464705,0.9728386608485186,0.34752977091587534,-0.3463497913855571,5.514608063132941,-0.9782241601243782,5.140067434463824,5.077331222385474,-1.346944612767606,-1.4048555080785414,-1.3147181008316138,-1.4629445496395668,-1.6251435995550212,-1.8426126968218692,-1.9148232227874795,-1.9615359478713588,-2.0708469359861446,4.2089153937778265,-2.175659780605379,4.0390065180875325,-2.3205452324413978,3.920690374418547,3.580449258410259,-3.0875578980155938,2.9156368879774512,-3.8080680244970377,2.1681007696170034,1.7924732798503002,1.651553929157425,1.6551381881142841,1.6012521575167495,1.4186080068639306,1.1846261687634159,7.223550437969206,0.7132995752778736,0.6638454653851853,6.974062396298337,0.7618042631017334,0.6759825879760865,0.5302475350450502,0.608447147345491,0.6335541500829758,0.7021527386566544,0.8555199487610821,0.9225842454882685,7.132812983580046,0.6504829260006607,6.84845654978326,6.806837036186739,6.724534872998403,6.515427682522864,6.376950005998756,6.269884857950956,6.317520898674346,6.533605730017439,6.647334046411597,6.587271511618747,6.543861439495443,6.372367212147075,6.157735718021139,6.035537178549231,5.868848516567993,5.492158341771336,5.122752347179388,4.517657897456386,4.295852913147352,3.9584215552577264,3.6060031947872737,3.292168749948856,2.961027088947969,2.8960558152938245,2.855145634251326,2.7609300636548966,2.4595510046880924,2.2239444774067354,2.092399137972963,2.022844758570702,1.8251942587598133,1.5782103122522826,7.682954483849374,7.431417025430736,7.164189928043343,6.7584790825339285,6.451968599610931,-0.09214812545158836,5.984597815241854,5.976042499985446,-0.3534745496797406,5.850527393270478,5.772830238877736
4.890999999999968,0.21549070633358966,0.09736742873340308,5.730924750692486,5.6220924285323335,5.533201023559479,5.3579018571099315,4.970620363953258,4.615297088016012,4.289999226931403,10.008933807463226,3.026130802355735,2.394056162739001,1.6525292715622708,0.9721177226258573,0.34633329779100713,-0.3480570443559509,5.51246956789943,-0.9807592304923608,5.137150849323841,5.074055075698524,-1.350559873528896,-1.4087787783264998,-1.3189172086188226,-1.4673843615344413,-1.6297844645220252,-1.8474139985725273,-1.9197385034530074,-1.9665216748929577,-2.07586039019411,4.203915901938628,-2.1806054703045734,4.034151581565434,-2.3252752435533734,3.916115763685586,3.5760681784624375,-3.0917170157162954,2.9117120395092067,-3.8117264127805117,2.1647081714986256,1.7893631565998656,1.648716119594567,1.652574959228409,1.5989675032085628,1.4166088457028077,1.1829174897419554,7.222134318359855,0.712175808863465,0.6630076432561423,6.973510872045012,0.7615400361704179,0.6760059739500192,0.5305597622211544,0.6090441251433276,0.6344318114711603,0.7033065798580933,0.8569453057199612,0.9242688547827138,7.134744520416687,0.6526500132381607,6.850836778259227,6.809408252484196,6.727273124746636,6.518308660550286,6.379942696559492,6.272958141507911,6.320642979217508,6.536745419847349,6.650459917261976,6.5903540063732615,6.546873100898206,6.375282006823263,6.160531087269768,6.038197594109914,5.871359961581368,5.494502780191768,5.124926513934433,4.519640614347595,4.297680867424351,3.96010072874096,3.607548022522343,3.293599373880533,2.9623639296124025,2.8973255583720854,2.8563711412787463,2.7621343605649673,2.460756999248805,2.225174488832855,2.0936730584985686,2.0241805051226267,1.8266089151768334,1.5797179982000762,7.684563621552771,7.433135704576467,7.166021338988374,6.760427612456554,6.45402460127314,-0.08999543614914192,5.986832805767794,5.978341500316056,-0.35113151349863264,5.852891174559978,5.775188323422888
4.900999999999971,0.21509579578934895,0.10157020989728689,5.733243388247711,5.624344193439735,5.535352696510302,5.359917221710932,4.972452751120457,4.616911164556803,4.291360861897578,10.009973302893684,3.026774530125917,2.3942907504200144,1.6522846712917503,0.9713948552680494,0.3451357699730134,-0.3497644122346506,5.510331875256968,-0.983292598713638,5.134236841643314,5.070782337827717,-1.3541709685259127,-1.4126972137320448,-1.3231109075988656,-1.4718183250436572,-1.6344191695319605,-1.8522089599305571,-1.9246473932974364,-1.9715010845805276,-2.080867715778169,4.198922250439974,-2.185545694778366,4.029301669344144,-2.330000719547677,3.911545172234634,3.5716905494672138,-3.0958732557880113,2.9077895481745615,-3.8153829675060913,2.161316975532005,1.7862540499362873,1.6458790477940974,1.6500122654225007,1.5966832345825708,1.4146099586640728,1.1812090077745816,7.220718344860657,0.7110521520758383,0.6621699080523091,6.972959401839556,0.7612758044528971,0.6760292424836035,0.5308717037660405,0.6096406142242756,0.6353087208117885,0.7044593537646461,0.8583692338850005,0.9259516309508145,7.13667378392044,0.654814361519864,6.8532138244092025,6.811975873268655,6.73000741171647,6.521185360831799,6.38293088416423,6.276026793721264,6.323760406096303,6.539880546337234,6.653581426441842,6.593432449448569,6.549881122068628,6.378193668483265,6.163323910024146,6.040856098088092,5.873870169040175,5.496846704361545,5.127100878850828,4.521624288668748,4.29951038270394,3.9617820128860814,3.609095427247016,3.295032939921443,2.963703975953325,2.898598657159153,2.8576000524796807,2.7633420120819503,2.4619662009567955,2.226407477175773,2.094949656148441,2.0255185676442653,1.82802546517893,1.5812271054142466,7.686173681393116,7.434854771564709,7.167852582855625,6.7623753794054045,6.456079264565536,-0.08784464789602811,5.989065352026995,5.980637544574882,-0.34879191891951916,5.855251064109981,5.777542113060353
4.910999999999975,0.2147050413469799,0.1057927793069099,5.735557397060967,5.626591055512034,5.537499274901753,5.3619273899604,4.974279934747482,4.618520144975651,4.292717626206538,10.011008279350538,3.0274142211049173,2.3945218990806096,1.6520373473319414,0.970670068982227,0.34393719453198124,-0.35147189146313834,5.508194985153923,-0.9858242685042292,5.13132540413564,5.0675129981225,-1.3577779113322572,-1.4166108303093747,-1.3272992156889485,-1.4762464592214637,-1.6390477340793286,-1.8569976001326554,-1.929549910663035,-1.9764741937935404,-2.085868927603864,4.1939344267953595,-2.1904804638363897,4.024456774440283,-2.3347216645426414,3.906978598715704,3.567316372907502,-3.100026614157653,2.9038694200874793,-3.8190376808169537,2.1579271906074706,1.7831459692496605,1.6430427229845006,1.6474501152240435,1.59439935901127,1.412611351561519,1.1795007267882323,7.219302519301316,0.7099286045734984,0.6613322573534152,6.9724079813479385,0.7610115619718268,0.6760523863447769,0.5311833516645755,0.6102366062883621,0.636184870090893,0.7056110532066048,0.8597917274629155,0.9276325700778663,7.1386007725094975,0.6569759719832876,6.855587692168122,6.814539905271282,6.732737743323243,6.524057795258486,6.385914582728117,6.2790908300006025,6.326873195606459,6.5430111260227575,6.656698590042263,6.5965068558337165,6.552885516279537,6.3811022081338695,6.16611419457932,6.043512695781768,5.87637914106763,5.499190113091593,5.129275437554918,4.523608912872278,4.301341448949987,3.9634653955878654,3.6106453953094966,3.296469433441106,2.9650472129159935,2.8998750966881057,2.8588323534276943,2.764553004699951,2.4631785975660287,2.22764343162127,2.096228921604454,2.026858938309974,1.8294439024134102,1.5827376289359947,7.687784659650415,7.436574223823493,7.169683658129615,6.764322382949012,6.458132590072128,-0.08569575906292982,5.991295456774844,5.9829306367378745,-0.34645576057768407,5.857607068837525,5.7798916163884915
4.920999999999978,0.2143184877438814,0.11003497355357626,5.737866787484306,5.628833026845534,5.539640772475011,5.363932377057281,4.976101931255728,4.620124046484988,4.2940695373494355,10.012038754099622,3.0280498917283705,2.394749623664952,1.6517873124997753,0.9699433739091714,0.342737578489273,-0.3531794785109234,5.506058897532638,-0.9883542435633906,5.128416529553122,5.064247045991811,-1.3613807154449051,-1.4205196439826255,-1.3314821507068908,-1.4806687830188896,-1.6436701775564233,-1.8617799383189586,-1.934446073805128,-1.9814410193175247,-2.0908640404784395,4.18895241855931,-2.19540978726551,4.019616889875016,-2.339438082669575,3.9024160417498,3.5629456502212316,-3.1041770868109677,2.8999516612931644,-3.8226905449326645,2.1545388255358158,1.78003892385098,1.640207154319234,1.6448885170926617,1.5921158838094502,1.4106130301644222,1.177792650681056,7.217886843500207,0.7088051660218666,0.6604946887635087,6.971856606276887,0.7607473028053994,0.6760753983696012,0.5314946979791643,0.6108320931184775,0.6370602513783781,0.7067616710946516,0.8612127807329291,0.9293116683095087,7.140525484646176,0.6591348457902418,6.857958385474297,6.81710035520526,6.73546412894335,6.526925975662682,6.388893806091022,6.282150265667604,6.329981363947705,6.5461371753402915,6.659811424056885,6.599577240427091,6.555886296724414,6.384007636717761,6.1689019491845185,6.046167392463342,5.878886879782403,5.501533005209398,5.13145018570912,4.525594479464472,4.303174056193362,3.965150864817099,3.6121979131383606,3.2979088398890766,2.966393625520839,2.9011548620588807,2.860068029751908,2.7657673249553074,2.4643941768579336,2.228882341368466,2.0975108455495506,2.028201609285503,1.8308642205122314,1.584249563787917,7.689396552586539,7.438294058766411,7.171514563286682,6.766268622655746,6.46018457838511,-0.08354876800485478,5.993523122787958,5.985220780805103,-0.34412303308487946,5.859959195678823,5.782236842016802
4.930999999999981,0.21393617924261635,0.1142966242200038,5.740171569869265,5.631070119522285,5.541777202941771,5.365932198155306,4.977918757005816,4.621722886223272,4.295416612733689,10.013064744316601,3.0286815583398714,2.3949739390288918,1.65153457953276,0.9692147801238842,0.34153692881794984,-0.35488716987529034,5.503923612329502,-0.9908825275737351,5.125510210686674,5.06098447090363,-1.3649793942847896,-1.4244236705865378,-1.3356597303718438,-1.4850853152844572,-1.6482865192540075,-1.8665559935336429,-1.9393359008925934,-1.9864015778644422,-2.0958530691510973,4.183976213327272,-2.2003336748298183,4.014782008674177,-2.344149978072549,3.897857499929204,3.558578382801704,-3.108324669792118,2.896036277768515,-3.8263415521486963,2.151151889048785,1.7769329229726167,1.637372350877191,1.642327479420546,1.5898328162345718,1.4086150001978555,1.1760847833226395,7.216471319264502,0.7076818360932863,0.6596571999108427,6.971305272373652,0.760483021086985,0.6760982714617896,0.5318057348491805,0.6114270665797414,0.6379348568273514,0.7079112004191962,0.8626323880461517,0.9309889218511859,7.142447918836505,0.6612909841265655,6.860325908269319,6.8196572297658635,6.738186577914489,6.529789913818382,6.391868568018079,6.285205115956677,6.333084927224482,6.5492587106276625,6.6629199443826534,6.602643618037092,6.558883476517976,6.386909965113962,6.171687182043453,6.048820193379742,5.881393387298577,5.503875379558788,5.133625119011542,4.527580981004951,4.305008194531328,3.966838408619909,3.6137529672418762,3.2993511447942914,2.9677431988629115,2.902437938437833,2.8613070671367096,2.7669849594264724,2.4656129266414606,2.230124195630054,2.0987954186681055,2.0295465727284685,1.8322864130925276,1.5857629049745288,7.691009356445704,7.440014273792969,7.173345296795222,6.768214098093876,6.462235230104736,-0.0814036730614154,5.995748352863775,5.987507980800246,-0.3417937310298752,5.862307451588729,5.784577798565449
4.940999999999985,0.2135581596208434,0.11857755786389276,5.7424717545665,5.633302345609858,5.5439085799841745,5.36792686836313,4.979730428297903,4.62331668125547,4.296758869683574,10.014086267087675,3.0293092371917236,2.3951948599407,1.651279161089652,0.9684842976361481,0.34033525244319107,-0.3565949620810498,5.501789129475022,-0.993409124201348,5.122606440365523,5.057725262384521,-1.3685739611973777,-1.4283229258671204,-1.3398319723049985,-1.489496074764894,-1.6528967783619817,-1.871325784725519,-1.9442194100083607,-1.9913558860730687,-2.1008360283132435,4.1790057987354805,-2.205252136270637,4.009952123868372,-2.348857354908195,3.893302971817757,3.554214571997951,-3.1124693592032693,2.8921232754225703,-3.829990694835954,2.147766389799551,1.773827975768794,1.6345383216631495,1.6397670105328768,1.5875501634871443,1.406617267342998,1.1743771285542306,7.215055948390296,0.7065586144670292,0.6588197884477605,6.970753975425764,0.7602187110047759,0.6761209985922388,0.5321164544904033,0.6120215186188743,0.6388086786734634,0.7090596342497176,0.8640505438249663,0.9326643269676108,7.144368073629798,0.6634443882018624,6.86269026449796,6.822210535630526,6.740905099535905,6.532649621441653,6.394838882200238,6.288255396015614,6.336183901446653,6.552375748124894,6.666024166820544,6.605706003382802,6.561877068696753,6.389809204138282,6.174469901314609,6.051471103752546,5.8838986657255905,5.506217234999716,5.135800233195616,4.529568410106166,4.306843854126928,3.968528015117092,3.615310544207324,3.300796333764436,2.969095918111317,2.9037243110573003,2.862549451321466,2.7682058947338937,2.466834834753146,2.231368983632523,2.100082631646291,2.030893820788809,1.8337104737571224,1.5872776474827797,7.692623067454943,7.441734866288959,7.175175857115911,6.770158808831626,6.464284545839211,-0.07926047255710382,5.997971149820143,5.989792240770099,-0.33946784897900206,5.864651843540187,5.786914494664775
4.950999999999988,0.21318447216121603,0.12287759600420306,5.744767351925414,5.635529717161124,5.546034917254763,5.36991640274444,4.981536961371994,4.624905448573528,4.298096325440829,10.015103339410272,3.0299329444456777,2.395412401081797,1.6510210697511225,0.9677519363910857,0.33913255624271044,-0.35830285168029075,5.499655448893889,-0.9959340370959019,5.119705211456933,5.054469410019192,-1.3721644294532378,-1.4322174254823063,-1.3439988940302907,-1.493901080105835,-1.65750097397005,-1.8760893307486242,-1.9490966191499002,-1.9963039605093678,-2.1058129325987385,4.174041162460849,-2.2101651813065186,4.005127228493097,-2.3535602173454966,3.8887524559511437,3.5498542191150886,-3.1166111512041774,2.8882126600969618,-3.8336379654402983,2.1443823363632046,1.7707240913160582,1.63170507560823,1.6372071186882446,1.5852679327110997,1.4046198372374457,1.172669690188965,7.213640732662712,0.7054355008292978,0.6579824520505813,6.970202711260805,0.7599543668014324,0.6761435727985626,0.5324268491944567,0.612615441263572,0.6396817092342509,0.7102069657341139,0.865467242562417,0.9343378799822364,7.146285947618254,0.6655950592492416,6.865051458108079,6.82476027945892,6.743619703068633,6.535505110191032,6.397804762254796,6.291301120906225,6.339278302530221,6.555488303974932,6.669124107076267,6.6087644110946355,6.564867086219651,6.392705364543757,6.1772501151115415,6.054120128778121,5.886402717168201,5.5085585704080415,5.137975524029722,4.531556759432881,4.308681025208378,3.970219672503459,3.6168706307003298,3.3022443924853073,2.970451768508674,2.905013965215172,2.8637951681002387,2.7694301175398928,2.4680598890571672,2.2326166946163783,2.1013724751724334,2.032243345609241,1.8351363960950342,1.5887937862825645,7.694237681824549,7.4434558336268175,7.177006242701932,6.772102754437231,6.466332526204571,-0.07711916480156422,6.00019151649492,5.992073564784074,-0.33714538147668566,5.866992378523725,5.789246938954842
4.960999999999991,0.2128151596412557,0.12719655511021324,5.747058372293809,5.637752246214038,5.548156228376426,5.371900816318094,4.983338372408244,4.6264892050968385,4.2994289971652515,10.016115978193733,3.0305526961736615,2.3956265770474716,1.6507603180204147,0.9670177062697134,0.3379288470471677,-0.3600108352521349,5.497522570505048,-0.9984572698907705,5.116806516865898,5.051216903450045,-1.375750812248604,-1.436107185002603,-1.3481605129750958,-1.4983003498525211,-1.6620991250683796,-1.880846650362811,-1.953967546229715,-2.001245817666865,-2.1107837965841445,4.169082292220833,-2.2150728196332476,4.000307315588834,-2.3582585695655927,3.8842059508371647,3.5454973254146678,-3.1207500420117777,2.884304437566359,-3.837283356482076,2.1409997372372254,1.7676212786137533,1.628872621570344,1.6346478120790702,1.5829861309941644,1.4026227154755169,1.1709624720120846,7.212225673856039,0.7043124948732278,0.6571451884194828,6.969651475746165,0.7596899827737272,0.6761659871846273,0.5327369113282526,0.6132088266218861,0.6405539409084859,0.7113531880980553,0.8668824788216072,0.9360095772767304,7.148201539436538,0.6677429985250608,6.867409493050528,6.827306467893035,6.746330397735731,6.5383563916679215,6.400766221725926,6.294342305604977,6.342368146298005,6.5585963942243755,6.672219780760987,6.611818855715004,6.56785354196851,6.395598457021096,6.180027831503164,6.056767273627731,5.888905543726431,5.510899384675319,5.140150987316818,4.533546021701681,4.310519698068472,3.9719133690471784,3.618433213464199,3.303695306720191,2.9718107353705676,2.906306886274459,2.8650442033215,2.7706576145485493,2.4692880774453996,2.2338673178363644,2.102664939937368,2.0335951393257057,1.8365641736819769,1.5903113163272216,7.695853195748539,7.445177173165985,7.178836451999191,6.774045934478986,6.468379171824569,-0.07497974808986066,6.002409455745585,5.994351956933725,-0.33482632304597465,5.869329063546916,5.791575140084965
4.970999999999995,0.21245026432320593,0.13153424659342924,5.7493448260175235,5.639969944791421,5.550272526942347,5.3738801240582434,4.985134677527272,4.62806796767271,4.300756901935286,10.017124200259998,3.031168508358507,2.395837402347596,1.6504969183239975,0.9662816170894869,0.33672413164057685,-0.36171890940249335,5.495390494221759,-1.0009788262031414,5.113910349534873,5.04796773237674,-1.3793331227059367,-1.439992219911735,-1.3523168464709232,-1.502693902450491,-1.6666912505482545,-1.8855977622343292,-1.9588322090758292,-2.0061814739670227,-2.115748634788978,4.164129175773311,-2.2199750609238436,3.9954923782011638,-2.362952415761576,3.879663454956016,3.5411438921150236,-3.124886027899774,2.8803986135389135,-3.840926860555644,2.1376186008419626,1.7645195465844874,1.6260409683346415,1.6320890988320207,1.5807047653682307,1.4006259076085552,1.1692554777811568,7.210810773733834,0.7031895962988894,0.6563079952783858,6.9691002647888105,0.7594255532721956,0.6761882349200916,0.5330466333334387,0.6138016668816096,0.6414253661755307,0.7124982946443441,0.868296247235099,0.9376794152904555,7.150114847761386,0.6698882073086714,6.86976437327905,6.829849107557227,6.749037192722526,6.541203477416996,6.403723274085212,6.297378965003619,6.345453448480358,6.5617000348241925,6.675311203392022,6.614869351698959,6.570836448748667,6.398488492199103,6.182803058514034,6.059412543447675,5.891407147495532,5.513239676708589,5.1423266188940815,4.535536189680462,4.3123598630639925,3.9736090930891317,3.619998279319262,3.3051490623092383,2.973172804085009,2.9076030596628724,2.866296542887855,2.77188837250558,2.470519387837475,2.2351208425616758,2.1039600166347783,2.0349491940678095,1.837993800080852,1.5918302325540297,7.6974696054050895,7.446898882253251,7.180666483446538,6.775988348525304,6.470424483330566,-0.07284222070274185,6.00462497044884,5.996627421332267,-0.33251066818905994,5.871661905633882,5.7938991067132575
4.980999999999998,0.21208982794387454,0.13589047680241007,5.751626723440089,5.642182824900751,5.552383826515957,5.375854340894449,4.986925892790453,4.629641753076814,4.302080056748606,10.01812802234427,3.031780396894665,2.396044891407333,1.6502308830122114,0.9655436786048437,0.3355184167607111,-0.36342707076382613,5.493259219951677,-1.0034987096341255,5.11101670244349,5.044721886555762,-1.3829113738744736,-1.4438725456072814,-1.3564679117540988,-1.5070817562462702,-1.6712773692027287,-1.8903426849364078,-1.9636906254322701,-2.01111094575961,-2.1207074616759543,4.1591818009164605,-2.2248719148285736,3.99068240938086,-2.3676417601382997,3.875124966760562,3.5367939203916245,-3.1290191051982372,2.8764951936567025,-3.8445684703289054,2.134238935521115,1.7614189040746042,1.6232101246139634,1.6295309870084256,1.5784238428097244,1.3986294191452326,1.1675487112262906,7.209396034049043,0.7020668048132854,0.6554708703748369,6.968549074335048,0.7591610727007838,0.6762103092399476,0.533356007725849,0.6143939543096665,0.6422959775946964,0.71364227875228,0.8697085425043207,0.9393473905199546,7.152025871311196,0.6720306869021659,6.872116102750195,6.832388205058323,6.751740097176848,6.544046378926589,6.406675932732169,6.300411113909812,6.348534224715837,6.5647992416304355,6.678398390393544,6.61791591341484,6.57381581928951,6.401375480645119,6.185575804124645,6.06205594335941,5.893907530565937,5.515579445430163,5.144502414632548,4.537527256187955,4.314201510615121,3.9753068330422745,3.621565815162225,3.3066056451688564,2.9745379601119066,2.9089024708724023,2.867552172755765,2.7731223781982246,2.4717538081808317,2.2363772580761707,2.105257695961544,2.0363055019592573,1.8394252688422326,1.593350529884692,7.6990869069569845,7.4486209582230964,7.182496335475974,6.777929996144766,6.472468461361421,-0.07070658090690188,6.006838063500224,5.998899962114101,-0.3301984113877876,5.873990911824777,5.796218847506184
4.991000000000001,0.2117338917044706,0.14026504702057468,5.753904074902383,5.644390898533957,5.554490140630884,5.377823481711818,4.988712034200225,4.631210578013646,4.30339847852269,10.01912746109569,3.0323883775889158,2.396249058567837,1.6499622243599084,0.9648039005077413,0.33431170909950303,-0.36513531599490157,5.4911287475969175,-1.0060169237688676,5.108125568608277,5.041479355799991,-1.3864855787307788,-1.4477481774013103,-1.3606137259664448,-1.5114639294880488,-1.6758574997272682,-1.8950814369498297,-1.9685428129595537,-2.016034249323077,-2.125660291651241,4.154240155488627,-2.2297633909749526,3.9858774021839953,-2.372326606912181,3.8705904846766037,3.5324474113774174,-3.1331492702931953,2.8725941834961715,-3.848208178542839,2.1308607495421987,1.7583193598546472,1.6203800990492836,1.62697348460469,1.5761433702399692,1.3966332555518468,1.1658421760503497,7.2079814565441085,0.7009441201303502,0.6546338114798904,6.967997900370286,0.7588965355165002,0.6762322034440655,0.5336650270949594,0.6149856812515054,0.6431657678046092,0.7147851338770301,0.8711193593989782,0.9410134995184404,7.1539346088456375,0.6741704386301283,6.8744646854232245,6.834923766985664,6.754439120209259,6.5468851076290795,6.409624210994767,6.303438767047738,6.351610490551894,6.567894030404944,6.681481357097271,6.620958555144908,6.576791666245024,6.404259432865445,6.188346076271703,6.064697478459663,5.89640669502321,5.5179186897774155,5.14667837043675,4.539519214093226,4.316044631204855,3.9770065773910015,3.6231358079655256,3.308065041291098,2.9759061889825333,2.9102051054589047,2.8688110789352717,2.7743596184551276,2.4729913264507686,2.2376365536785783,2.1065579686180724,2.0376640551182814,1.8408585735048408,1.594872203225817,7.700705096552039,7.450343398398037,7.1843260065128645,6.779870876906171,6.4745111065633845,-0.06857282695523774,6.00904873781374,6.0011695834343515,-0.327889547104164,5.876316089175294,5.798534371138119
