t,r,psi,theta0,theta1,theta2,theta3,theta4,theta5,theta6,theta7,theta8,theta9,theta10,theta11,theta12,theta13,theta14,theta15,theta16,theta17,theta18,theta19,theta20,theta21,theta22,theta23,theta24,theta25,theta26,theta27,theta28,theta29,theta30,theta31,theta32,theta33,theta34,theta35,theta36,theta37,theta38,theta39,theta40,theta41,theta42,theta43,theta44,theta45,theta46,theta47,theta48,theta49,theta50,theta51,theta52,theta53,theta54,theta55,theta56,theta57,theta58,theta59,theta60,theta61,theta62,theta63,theta64,theta65,theta66,theta67,theta68,theta69,theta70,theta71,theta72,theta73,theta74,theta75,theta76,theta77,theta78,theta79,theta80,theta81,theta82,theta83,theta84,theta85,theta86,theta87,theta88,theta89,theta90,theta91,theta92,theta93,theta94,theta95,theta96,theta97,theta98,theta99
0,4.6020928940463593e-17,-0.26545860842877467,5.215043804959057,3.330088212805181,4.39822971502571,2.8274333882308142,2.7646015351590183,2.450442269800039,1.3823007675795091,5.026548245743669,0.6283185307179586,0.0,1.1309733552923256,1.884955592153876,4.586725274241099,2.0734511513692637,5.6548667764616285,0.25132741228718347,4.775220833456486,4.838052686528282,0.7539822368615504,1.9477874452256718,3.455751918948773,5.529203070318037,1.6336281798666925,2.6389378290154264,4.335397861953915,0.942477796076938,2.5132741228718345,6.031857894892403,0.5654866776461628,4.523893421169302,0.6911503837897546,2.9530970943744057,5.340707511102649,1.7592918860102844,5.843362335677016,0.3141592653589793,4.1469023027385274,4.084070449666731,2.199114857512855,1.0053096491487339,3.0787608005179976,2.1362830044410597,0.4398229715025711,5.969026041820608,1.6964600329384885,1.1938052083641215,5.089380098815465,1.5707963267948968,3.8955748904513436,0.8168140899333463,1.5079644737231008,0.1884955592153876,1.0681415022205298,2.387610416728243,0.5026548245743669,4.900884539600078,0.3769911184307752,4.0212385965949355,2.261946710584651,5.592034923389832,3.518583772020569,6.220353454107791,3.392920065876977,2.7017696820872223,3.1415926535897936,4.209734155810323,2.8902652413026098,4.272566008882119,3.832743037379548,6.094689747964199,4.9637163926718735,2.5761059759436304,3.6442474781641603,3.0159289474462017,6.157521601035995,3.5814156250923643,4.71238898038469,2.0106192982974678,5.906194188748811,3.7070793312359562,3.9584067435231396,5.277875658030853,2.324778563656447,1.8221237390820801,0.06283185307179587,3.267256359733385,1.3194689145077132,0.12566370614359174,1.4451326206513049,5.46637121724624,5.717698629533424,4.649557127312894,5.403539364174445,5.152211951887261,1.2566370614359172,3.769911184307752,4.461061568097507,0.8796459430051422,5.7805304826052195,3.204424506661589
0.001,0.0012963132204926633,-0.3191314018503672,5.1920121238366885,3.3537451739243145,4.37541566098245,2.8427699967347912,2.761183841391628,2.4428781398177613,1.3908177695371777,5.047072333697815,0.6076518702095084,0.020528591124049048,1.1274174746314105,1.8808631855384759,4.574101990172048,2.071921507746171,5.667197242778201,0.22769665651118234,4.7869263982204835,4.848561451651489,0.7539437001903886,1.9460626280358566,3.457312788958094,5.526444803720965,1.636051114917047,2.638219176158554,4.3247775530447,0.9527383062451741,2.4932758294969464,6.0471026309039795,0.5455417941684734,4.541443928177674,0.691891544951668,2.955916607330263,5.33749043125927,1.7411588609405302,5.864609739030467,0.29473602332237975,4.1549858636485295,4.068880352877124,2.196943653013564,1.0294045261493514,3.0585523972077837,2.134458666225014,0.44378213541375355,5.9892513310473845,1.67574791084255,1.189940612891655,5.102490519214566,1.5778827661683799,3.886074397212088,0.8226069692778314,1.4880769689462738,0.21041162636544913,1.0695620296072892,2.3640803752567434,0.5049336345008391,4.928171376577682,0.356348095440545,4.014273178044888,2.2732355638354016,5.585173096468005,3.534904915322523,6.210520498561227,3.3866384770391877,2.713279416738565,3.1492128637850154,4.188773420188342,2.9156140726709134,4.256591311818273,3.8491961014199068,6.071799175132272,4.967517983094644,2.599715901017998,3.6255105610138014,3.0269205337786778,6.145380481486257,3.6020496254660053,4.695421451517656,2.006825137523067,5.904956794535427,3.7170370245914577,3.967461296421135,5.26370352674746,2.3241147475570867,1.8148208921791922,0.07345692704368016,3.2550829824322767,1.3215074117779055,0.151101149637779,1.42161637781202,5.480823215024682,5.703610341331546,4.67181410582087,5.390358472319269,5.1638777894049435,1.2547842965367433,3.7678366312622145,4.459108419539282,0.861990339737619,5.786578050164042,3.2230423781876336
0.011000000000000003,0.014164567402085486,-0.34206391813040754,4.948690756933519,3.575338033439069,4.170254387133893,2.9805450678828294,2.7363668206913663,2.3756256695729414,1.4620934434356898,5.265229515126828,0.42040565880878245,0.19406963097835797,1.0992205312624537,1.8463360227017716,4.435188758014997,2.0546216019390777,5.781003870018856,0.007983339782547162,4.904797994823591,4.958717459388515,0.748779557675496,1.9293052207463708,3.4743516050729015,5.494354354793532,1.6619906648967557,2.6329199561518895,4.2019877971528095,1.068524874397352,2.273392186877353,6.202800747588269,0.3498154557606323,4.742590678570157,0.6881034376146675,2.9884943014700274,5.312839533766345,1.5361011378382639,6.067010000585628,0.11025316026635934,4.233515602343551,3.9303687312129214,2.1859997558467916,1.2722495498339985,2.854349839522894,2.107529116990883,0.4924379521607843,6.191020498944916,1.4705764142222175,1.132103544868905,5.247076263571179,1.6525655284104313,3.7713120735841366,0.8778131135681598,1.3140924070111633,0.40933309805653445,1.0871939175489247,2.1310565523444787,0.5277256887182522,5.204958193013257,0.14080397241431408,3.9519864262125384,2.402112407365881,5.494800363706867,3.7228664475646047,6.09089166670927,3.3369456762736562,2.8166144574006955,3.217060590375769,4.002492946992369,3.1475908265439894,4.126110990692286,4.0076434081721155,5.837994573162801,4.9861978083518785,2.828260544859351,3.47230474908,3.137513786027164,5.986522994962281,3.8127912949990868,4.532064061516155,1.976342681881317,5.888983794037524,3.8202288014892942,4.053487315897804,5.1177530700208544,2.323029925276967,1.7443947133495672,0.1992268149443212,3.1118452450678467,1.3522037857832623,0.38443518562047935,1.1866248666471118,5.620762080819238,5.594733144975004,4.862726212834487,5.292150919113783,5.271368243667487,1.229448890706276,3.7475476008744257,4.449630039100744,0.6796508789178489,5.834223454169806,3.4259958935324564
0.02100000000000001,0.02554191132093047,-0.3753733822922144,4.717298679367248,3.74782504812344,4.018131085384557,3.087043831386975,2.7242782361057607,2.3227035380572087,1.50705491316651,5.494358527476901,0.2780248888918303,0.31522566266579505,1.0836401884551812,1.8258410613206644,4.270308781925182,2.0363779244191984,5.874098766934964,-0.17104234776114496,5.0158617368769605,5.076698052548935,0.7355360170754041,1.9130385851218459,3.4943512031986335,5.45271699838852,1.6920096815963557,2.6298741573105024,4.045273787358522,1.2020295954624713,2.034880109590117,6.353959590852547,0.17703856419364228,4.978664227010807,0.6614121542682874,3.0303847537407007,5.3047010460546495,1.2998643038329083,6.235845268650449,-0.048739600279388236,4.305108677599718,3.814197139298456,2.1963043506842954,1.4981256660135993,2.664060108790909,2.064692429972415,0.5565289402358436,6.378135895204655,1.2803628911647902,1.0424192333812092,5.417486653125932,1.7320490134866593,3.6189412340064564,0.9323677050607858,1.1890791930777163,0.5669396057082946,1.1053306232186693,1.9126667793960415,0.5503468536116303,5.462588452734097,-0.07075824845465509,3.906709049498777,2.5631225191090277,5.363880917542585,3.950004850153367,5.927232568062829,3.3141566118748544,2.9012897304737564,3.2690650735623414,3.8661530416547905,3.328051046763664,4.04937792484025,4.1468239978830645,5.610690154463925,4.969577973353087,3.037569831890643,3.3819660892797443,3.2565272746250913,5.76090962986403,4.017507668713579,4.389327146491117,1.9597560996403454,5.865659577634167,3.9280482464120006,4.1284894563799055,4.96753679923816,2.3328002075384755,1.6823284427661154,0.36261031751875955,2.9255554196969444,1.3997893401242523,0.5679535136785515,0.975894877103805,5.746090929711854,5.537079758172212,5.002640193527948,5.244028851408932,5.36679866648881,1.1920305609251827,3.730243741154766,4.457792587717781,0.49009405391854505,5.852948551392378,3.6436777596674927
0.03100000000000002,0.033725919400376406,-0.4118036697250749,4.535120565252282,3.8624260745680514,3.9159566894762357,3.164920864289316,2.719796823869821,2.2814864547619194,1.528044207125429,5.719176806834854,0.1846888541939412,0.3975439713070348,1.0781362972598143,1.8219140126350826,4.07628985277063,2.020840014634242,5.947052012431925,-0.30515469200334544,5.11405235278528,5.1991371026092015,0.7158094374528866,1.896717490803261,3.517751403063076,5.399265186659561,1.7276945337394332,2.6261574589021874,3.8538152085236193,1.3419714549980144,1.8089433510581614,6.486464808641319,0.04578330519483844,5.22469960028711,0.6126671049938018,3.0842348675123588,5.31317632294205,1.0536998535375852,6.356999059802857,-0.17990321135911724,4.366776177182538,3.71720864110917,2.2259385623501116,1.6871366247656585,2.505483669118508,2.0093938966298235,0.6316952658571882,6.537058043531179,1.1160191001066224,0.9309905028409394,5.611154645273238,1.8101762891165016,3.4302814535797577,0.9930329428511973,1.1088109175502305,0.6860582364504975,1.1175934538505197,1.7198800235234268,0.5722307734877268,5.675101961297655,-0.25664304768131885,3.88205377184513,2.757099750338794,5.201397340868656,4.190295252319367,5.722911327416832,3.3210189107888106,2.9718806285657804,3.308122004146304,3.77594370870432,3.459104633444557,4.016037126554831,4.2587831701530865,5.406437090418304,4.9231929553812295,3.2256052040018415,3.3470938163151893,3.3898071427046648,5.486525328532106,4.193848249933496,4.273312276822615,1.9567850276069325,5.8343630563398206,4.0370990121365535,4.189925699411006,4.817432850584121,2.354026485011093,1.6349502007750245,0.5595852562031828,2.6998164930701956,1.4550286616657866,0.7015746481324904,0.8074312366133316,5.850413652477251,5.516651910472602,5.105889411361018,5.230609981405785,5.455309225143471,1.1424888990227917,3.7188691652526127,4.481250022485174,0.2976879054765134,5.840265175309438,3.85265741413704
0.04100000000000003,0.03806723587350553,-0.44436091992976,4.411375733297893,3.9303239672267853,3.8503880875746654,3.2206740494992516,2.719401337326518,2.2489041937282894,1.5308466003677466,5.930200124141967,0.13596933760007604,0.4547628027602097,1.0802845086568387,1.8346720093030693,3.853563545207666,2.00976010317142,6.003919884940489,-0.3991785531498039,5.199280544412962,5.321862659306227,0.6919901310639691,1.8798671711333679,3.544784137743693,5.331293907406402,1.7708504558382603,2.61750859546083,3.63532587803339,1.4780358040503363,1.6201982554283194,6.592198237532876,-0.03720886824338971,5.455296805645204,0.547551548701663,3.1538925765843473,5.332943302871833,0.8167252582149401,6.427604024952508,-0.28770078931974086,4.41737234094582,3.636592211595839,2.269012726409096,1.8349633019608924,2.3827916882429943,1.9480442344233941,0.7114404403233544,6.664064224740791,0.9801674526784162,0.8135157753407015,5.819176041551068,1.8771364766955971,3.2135603242204023,1.06347927683439,1.0643099870032873,0.774533338738579,1.121426051821717,1.5572240328361708,0.5917509039028113,5.836855790378527,-0.4106190149784041,3.8807272606549197,2.9757811354963875,5.028453151229249,4.40249983597826,5.497633333701308,3.355952013725387,3.0331418622818496,3.338629281369112,3.720635432933548,3.553295233954858,4.01167997056456,4.341555222860415,5.232055835652125,4.857455182241955,3.3929430402863345,3.3560806838507955,3.5308520042711193,5.199507995214111,4.322799300473493,4.181263573484425,1.9671802732900256,5.795101737663044,4.143505551694592,4.237168060404574,4.670910943378933,2.3866575102976255,1.6084820838758584,0.7722800292122832,2.455480002165333,1.50434015217698,0.7960741425213306,0.6819730800499767,5.932740312932995,5.520474415254734,5.185470893882958,5.240246814223678,5.5397369611935625,1.080431461522061,3.716158037726969,4.5158668285056445,0.10671898839987512,5.7999233821031995,4.038863802147516
0.05100000000000004,0.039426495779498125,-0.47074575759501974,4.337119301047474,3.967400118225821,3.8089605822157013,3.2605633128846456,2.7209125639203355,2.222388858497441,1.5225498486265607,6.122955228073638,0.12340310842327636,0.4973178650070416,1.0884169233298955,1.8603010645084275,3.609199739526063,2.0014213286919507,6.0492368705935355,-0.46097124444736687,5.274126747886694,5.440911365068193,0.6668456189235071,1.862099381904796,3.57526464497118,5.24574767668247,1.8234521234923549,2.5998658038477447,3.4057086296775303,1.6018166729561802,1.477152069595861,6.67113347490931,-0.07679644967643157,5.654330216751593,0.47237057481198935,3.2445737156664385,5.355302530550884,0.6008518887681458,6.453491204082143,-0.378178485814603,4.45722517480278,3.5701316598327897,2.3188421302980977,1.947207749597624,2.291256353167168,1.8871717611651644,0.7894406235138739,6.762183421980802,0.8702948543722413,0.7062773078895489,6.029050663515137,1.9222538018662312,2.984068153378114,1.1414002068287208,1.046764266585119,0.8402841044921482,1.117365870143742,1.4239418752709911,0.6071576729173346,5.95467909694272,-0.5363672466507708,3.9042480278291363,3.2012270904821127,4.867978669438623,4.555808571122689,5.276564276929672,3.4115710229601723,3.089026628974531,3.364360818411147,3.68968536131596,3.6226889670215496,4.024350085597619,4.398056676985684,5.086780521409926,4.783688049434243,3.540090509762548,3.3967298468391607,3.663662358220845,4.936919669990339,4.397838658082829,4.1055919595372785,1.9915668396362387,5.748184509046065,4.243408732510373,4.271042798831255,4.5306665423223125,2.429833820246842,1.6058950929488247,0.9731611362485941,2.224654994796386,1.536928895184909,0.8625933792859256,0.5923919420614924,5.996083504993299,5.539075898043719,5.250535262251283,5.265090285698046,5.620898630984034,1.0053633271960332,3.7246599429174774,4.556255995575753,-0.07818419186547661,5.739112771654936,4.198095208899574
0.06100000000000005,0.0394138247069239,-0.494151700816864,4.298763527751066,3.986484707399276,3.782880868864209,3.2893662116924496,2.7230621856430637,2.2001914406126577,1.5097730014683803,6.295976272535934,0.1378662484817597,0.532254991971472,1.101252765987598,1.8908913453285199,3.3574367117117023,1.9904940691840947,6.086996249373038,-0.4980692844581183,5.341468138602233,5.553178341624053,0.6429909040481281,1.8431050851192565,3.608288087858918,5.13948957295263,1.8876175551046959,2.5716510930733434,3.1836783506447723,1.7058908894480371,1.37561443220398,6.728377897674362,-0.08354830423397454,5.81626726148174,0.39002077042930827,3.3628346133243965,5.371481854563609,0.41075300437551787,6.444418349889302,-0.45644488874223943,4.487391394838319,3.516033271043385,2.3700310280550383,2.0321601937604994,2.2237353351676385,1.831548450444529,0.8610917118207988,6.836922207676239,0.7825547820079831,0.6205825396983718,6.229531640948276,1.9385577301717813,2.7598743354037376,1.2192014590440845,1.0486091924919836,0.8897373996074496,1.1073725615750145,1.3163667277760707,0.6175368148114537,6.038487226554729,-0.6398575644924231,3.951157642224494,3.4137562454121495,4.735023440068775,4.644988322370065,5.0767394533140795,3.477039083615882,3.142019787132331,3.3880001018444292,3.6753209333892047,3.6760293961805868,4.045778874953299,4.43346047923401,4.966464003992252,4.711043110347262,3.6675321026963164,3.4576202996948866,3.774912379379644,4.71910522029044,4.425819879122526,4.038525860347313,2.0316685442901656,5.693696619448434,4.3334495793203285,4.293185130491664,4.398950833676539,2.4816717066635734,1.625073748235345,1.1408994391076983,2.0319724498180713,1.5497457959711565,0.909162986658599,0.5301365712123878,6.044832282153134,5.566221725327068,5.3069450355445795,5.299929894558366,5.698061761141507,0.9168069961287656,3.7468499844747605,4.59688229592206,-0.25236785670211287,5.665846883370448,4.330744263554192
0.07100000000000005,0.03932609597181052,-0.5222820673952179,4.284364129918154,3.9960954656963414,3.76652185605749,3.310437948435663,2.725160780883598,2.1813109336335734,1.4976024545500266,6.449486142094753,0.17130732721369876,0.5640186123804598,1.1174658343588972,1.9169736240176567,3.115235213355963,1.9701390666023004,6.120588283986123,-0.5165686917037586,5.403539769361756,5.656698780105194,0.6224590960025828,1.8226508498824772,3.6418700715468133,5.009867664214288,1.96551868891612,2.5349396289980897,2.9836391812015077,1.7851940802166917,1.3062447920177978,6.770265529589722,-0.06847793913780618,5.942264074468136,0.2989312380471136,3.5159944308144873,5.375381917110709,0.24598572202899274,6.410292963260566,-0.5261940046781535,4.509123803949454,3.4727040996776224,2.4190369992340655,2.0971934972339223,2.1739177813742927,1.7837353711436332,0.9239212447980338,6.893766327554879,0.7135123496906517,0.5605485201575909,6.413369132689942,1.92581147400763,2.5553949848634603,1.2881027658279869,1.0633758204873094,0.9276741178171075,1.0936183824806418,1.2299036942809336,0.6228805671239392,6.097069603981086,-0.7257446010665421,4.016507463435656,3.600893382272388,4.634562077673472,4.682097570233573,4.904739650155044,3.542277931233908,3.193126807814778,3.411246883216135,3.6722692282306624,3.7190375493172225,4.070734398440101,4.453126703800725,4.866461818541936,4.645254714387179,3.7763590373821967,3.529212187815813,3.8607436616824917,4.548119707208694,4.419419368321663,3.974518968626925,2.090132989814696,5.630952117384191,4.411080423302556,4.305515702419931,4.2777599423537485,2.539305394111416,1.6604543878150713,1.2697953980786294,1.8842593201725306,1.546228346655771,0.941093843047041,0.48778758146728246,6.0831233402612,5.59802310802355,5.358282562429565,5.341175733822106,5.7694028319739825,0.8142837282943073,3.7852620773069714,4.633375656285645,-0.41204199666054636,5.587254816214994,4.438622308784558
0.08100000000000006,0.039835547237944406,-0.56288094773197,4.285009876512287,4.001357109680954,3.7564079151924705,3.3260749737609587,2.7268829619298356,2.16527233587408,1.4892524970485155,6.584750073788932,0.21731526332542297,0.5952092003032614,1.1355924783050588,1.9314215605373783,2.8954327892746754,1.9351433979123314,6.152833490299057,-0.521048081633743,5.461823246233,5.750625191039287,0.6064983359358312,1.8006145582364357,3.672671121506806,4.8557058347456215,2.0589304310137195,2.494565544761254,2.8121663289429786,1.838777737049394,1.2596514290991159,6.802166375322343,-0.0406642795462754,6.0360103160552185,0.19474842679768584,3.710084338695135,5.3653057972209695,0.10330417274325329,6.359369652789643,-0.5899676066080723,4.523609971549434,3.4386349310523348,2.4639351039086597,2.1478831975605184,2.1370769962067833,1.7444858697494794,0.977237031224677,6.937298199432223,0.6603834208456805,0.5246576795709872,6.57688612872392,1.889802073313491,2.3777173303852472,1.3423026230455843,1.0856326671968557,0.9574675354165428,1.0779311892578969,1.160161097287592,0.6237375082518646,6.137224590840865,-0.7967778918233348,4.093438805133099,3.759388355549402,4.564164156687929,4.683376279726286,4.760676484751386,3.600602394540501,3.2423470637091985,3.4350367201216425,3.6770406335837955,3.7553031222368016,4.09610937108611,4.461635931118173,4.782798060179632,4.588920503857486,3.8684309273480295,3.604427699352069,3.924256079176539,4.416476553853864,4.390498800219599,3.910724287943445,2.170180092199661,5.558098063495087,4.474614907769153,4.3099141673968395,4.168753116203422,2.5993549103112508,1.7059625598063701,1.3651919828542,1.7759716410990734,1.5319774938797304,0.9620441873380013,0.45961512077154426,6.114253179454795,5.632139017383928,5.4066498218289345,5.386180434069801,5.832459204498696,0.6972373889203035,3.842500469981318,4.663454795343816,-0.5549980635876065,5.508707694705147,4.52408201853392
0.09100000000000007,0.041160587953285845,-0.6163879094967094,4.29449416516469,4.005131078096201,3.750412650424183,3.3378502741488028,2.7281304981955827,2.15189996182141,1.486266604843871,6.703673447926033,0.2710963235526861,0.6271599531941727,1.1542102457028707,1.9315027535695815,2.7032156197652024,1.883662731013418,6.185839160962576,-0.5148364014238473,5.517229992264029,5.835006536497411,0.595594527941118,1.7770787366226901,3.696073953745004,4.678745269780886,2.168052348035692,2.4561482891706232,2.6693487094173802,1.8693583328980607,1.228377700621457,6.827882414734079,-0.006852007565740777,6.101374625110516,0.07413170817688287,3.9453553976678033,5.344943037177888,-0.021418314827649422,6.297848549755818,-0.6495033701908841,4.531882106398992,3.4123808789037557,2.503952947865377,2.1881950139790263,2.1098640964591144,1.7134047475612688,1.021511010305454,6.971086518566158,0.6208256344854444,0.5085607094254956,6.7185877540614705,1.8391504597435482,2.227408299701735,1.3802249781231044,1.1111116825566094,0.981397732313296,1.0616461570608358,1.1034120982878868,0.6208783887900092,6.164008488136743,-0.8544247760001883,4.175269005040154,3.8918234444217528,4.5179456790278945,4.662677117098819,4.641676710167625,3.6490013004713853,3.289234888397926,3.4597584986420205,3.6873176048940843,3.7870411750524844,4.120189923820359,4.462555252160896,4.712367406715312,4.542473240870713,3.946080043574236,3.6785374129137747,3.970818757606192,4.3146867990085305,4.347868981013902,3.846825404929053,2.275087660874541,5.472031972658378,4.52303973841823,4.308034241519626,4.073007016684042,2.6586051405777225,1.756682373553183,1.4356608087049378,1.6978861906678346,1.5119017134091757,0.9747236699442243,0.4414200666269562,6.140633330047072,5.667202512733111,5.453205517150808,5.432833149717264,5.884570845452414,0.565107515526594,3.9209272852110124,4.68712399102922,-0.6806916520706365,5.433649856117285,4.589857125745414
0.10100000000000008,0.043176265862666326,-0.6741494739588761,4.308651575625844,4.008876596795615,3.7472274271002632,3.3468568457495973,2.7289423374997748,2.1411482834713427,1.4889797414406296,6.80845852602974,0.3292199737411924,0.6603666184014163,1.1721387721594054,1.9181277461262551,2.537448677321975,1.816911429045839,6.220788952874814,-0.5003452017745537,5.570315913921642,5.910491129290009,0.5896385968789428,1.752453705237755,3.7069102006599324,4.485118507756361,2.289721002239714,2.4243384470544886,2.5519926398703037,1.8814862541106367,1.20710711961066,6.849792863859313,0.0281985981904827,6.141925396689378,-0.05997128008262448,4.210506174645745,5.322932979769643,-0.13179341987446308,6.230132298510047,-0.7059958306705124,4.534809282307259,3.392587287293128,2.539035635874211,2.220899755229392,2.0899217464093947,1.6895247987354773,1.0578181517420864,6.997828031262441,0.5927559355388538,0.5072266081789137,6.8383849652205875,1.7821552166480294,2.1014534836795202,1.403314612499304,1.1367516062704115,1.0009538681876629,1.0456407384501967,1.0566825385711403,0.6150951957380137,6.181154634511681,-0.8996580904873961,4.256784775694048,4.002790721381497,4.489557894478189,4.630020904884358,4.543839170719152,3.6871168245600527,3.33329843811655,3.485443802163991,3.7015287649641375,3.815614026444968,4.142143781511196,4.458526509625865,4.652797083400485,4.505161942710574,4.0117086894556175,3.7486900639476435,4.005387934310531,4.234563888329202,4.29756922017013,3.7848217712132124,2.4073481646570962,5.368859278648784,4.555702135144848,4.301195080603337,3.990816085854714,2.7145545991681805,1.8091651024200768,1.4888506441041762,1.6416417165155186,1.4894291107366018,0.9812401376653725,0.4302050231438746,6.1639403781215725,5.702438580085209,5.498507020075833,5.479335567471859,5.923293594959039,0.4178598468277721,4.021816157683344,4.706250253704834,-0.7897948984762513,5.363905724347778,4.638898239226427
0.11100000000000008,0.045455929011872925,-0.7255955589318055,4.3247644312797515,4.0132270572077005,3.7460308541925436,3.3538702876410516,2.7294340560618977,2.1329991294806105,1.4970027099369396,6.901322532159969,0.38931262007093764,0.6948067591762819,1.1885320600347171,1.8939793853738394,2.393899369496671,1.7379727612506184,6.25784327473355,-0.4793699527914603,5.621438968201996,5.97804863858062,0.5881454251536338,1.727547303085605,3.700841655447321,4.285592809106909,2.4162858851975955,2.4017437326809348,2.4560585404305337,1.8799636041427716,1.1922332995346308,6.869212409402162,0.06129079712916689,6.1616607329425594,-0.19532856170449373,4.481689879819302,5.309418545140466,-0.23015545168959967,6.159289013937334,-0.7602658798579779,4.533120809244834,3.3780211915722327,2.5695194701858135,2.247939445588362,2.0755628664051677,1.6716954696050736,1.0874445505294381,7.019531111208401,0.5742719213502665,0.5160846751542969,6.937346460521253,1.725020626817473,1.995765001112117,1.4143274758837334,1.1605689469387128,1.0170881812935466,1.0304291345712977,1.0176760234737607,0.6071077711785101,6.191420745249491,-0.9334721289241742,4.334595295134041,4.096757692963088,4.473624226419873,4.59208169359801,4.4632589525820885,3.7160254631910967,3.3741940264622774,3.5119177016283123,3.718574273510014,3.8418651532352777,4.161678129546129,4.451448766935219,4.602256738178023,4.475750077290476,4.0675051932811375,3.81338749703612,4.03169575629212,4.1699518369915785,4.243781320779163,3.72868278227584,2.5672386561736533,5.245256231317054,4.572042677633392,4.290320675100675,3.9216740289355614,2.7656476769810716,1.8611731874898205,1.530426452023482,1.6009065889227718,1.4666850209939832,0.9832637292489147,0.42386186510893664,6.185299520257138,5.7374177453276385,5.542725660261401,5.524095971159395,5.946804623687431,0.2571830515514552,4.143903850059824,4.7237888869247975,-0.8835875798021555,5.300174816866543,4.67414055568238
0.1210000000000001,0.04751074117954279,-0.7652014346063756,4.341113101423376,4.018354728115691,3.7462897234036645,3.359453742349617,2.7297571991752148,2.1274108346112914,1.5096022194678436,6.984308169126213,0.4497774928470831,0.7301698769274874,1.202872248500809,1.8620514264388417,2.267755036067317,1.6507403071344766,6.296236702216256,-0.45332843172634296,5.670850424323981,6.038759570855828,0.5904586388546299,1.7034887920395647,3.6757833465037293,4.093147043416077,2.5370299655428203,2.3885951513133445,2.377776352542846,1.8690226778012697,1.1813610599188409,6.886748898177744,0.09051559879914882,6.165676271066271,-0.31529623432229886,4.732075027841859,5.310661921619247,-0.31754578985320886,6.087497002891617,-0.8128656400570168,4.5274363763494225,3.367591075938297,2.595915750893293,2.270693145186189,2.0655494304820854,1.6588004480147527,1.1116586408423463,7.037677126821737,0.5636403590585607,0.531454484368181,7.017467115280321,1.6714848049175486,1.9064882062355823,1.416173055492283,1.181429869050011,1.0304083677347038,1.0162620751189282,0.9846494544814509,0.5975318942121243,6.196845767948132,-0.9570686068462609,4.406904928839115,4.177347143916399,4.466098455371558,4.553052251320521,4.396506096663829,3.737341554602598,3.4117761876403803,3.5389080915047813,3.7376554751654574,3.866325529305379,4.178815606178127,4.442660104453032,4.559304585216036,4.452916240909459,4.115318043205917,3.8720345821702242,4.052297772473916,4.116511058612064,4.189624125849905,3.6835012030709144,2.750727363317978,5.100993593161436,4.571580470915536,4.275928989779821,3.8644289427719327,2.81121179030164,1.9113382920750925,1.5642570170845094,1.5712068888000823,1.4448799388418458,0.9821164886817967,0.420922672804149,6.205443843536112,5.771900640878792,5.585785091266212,5.565708964731382,5.954350511209168,0.08798784771051389,4.281821271008605,4.742824960168819,-0.9634763849064101,5.242499597688072,4.69830062241852
0.1310000000000001,0.04903453129456858,-0.7912409099058534,4.3566552280660895,4.024193287330263,3.747641734685102,3.3640249043117523,2.7300726791322054,2.124300686005744,1.5259482549746386,7.059187047104643,0.5095678399285362,0.7660153669660426,1.2149134999218898,1.8249391432371977,2.154867121000231,1.5592067698814114,6.334563810159508,-0.423426154166958,5.718737249283545,6.09368075414408,0.5959062275395446,1.6814963955277287,3.6324353387206862,3.918551687273388,2.6420713367281703,2.3832018651999043,2.313912484572375,1.8520596215281215,1.1729153793026914,6.90260030488252,0.1150497270707391,6.159668693276132,-0.4084310190593635,4.94482357725404,5.326541954207743,-0.39430003241789696,6.016364597340076,-0.864143552535147,4.518293327024471,3.3603524071147977,2.6187806307489345,2.290156723839813,2.0589499042158708,1.6498572255253368,1.1315991641990244,7.0533484118013074,0.5593112639710959,0.550589768801846,7.081295400774318,1.623269538995205,1.8304283578776843,1.4113834672526377,1.1988108435885112,1.041311749717436,1.0032121844077995,0.9562893827083494,0.5868769016241633,6.198938282727003,-0.9718262587228954,4.47306873179458,4.247299636075337,4.4641300942329725,4.515412125163583,4.340776413668212,3.752710404990876,3.4460747069901507,3.5661176070358307,3.7581714571264255,3.8893387122673038,4.193750136030683,4.433088525430141,4.5227799377685,4.435444376889359,4.156641007633645,3.924597211348471,4.068865804623598,4.071309136569148,4.137635705801854,3.653901839984865,2.947613618740671,4.9417889045793375,4.554322785632222,4.258188538118448,3.8175207846849815,2.8512310173515534,1.9588820374339302,1.5928824546014948,1.5494571360173237,1.4246429081615901,0.9788341715558166,0.4203739076623052,6.22483618773744,5.805742609377459,5.627456676730175,5.603008602874654,5.946680755687405,-0.08112118045663462,4.425793062763955,4.765574442823807,-1.0307560906994686,5.190609494010881,4.7137570059611615
0.1410000000000001,0.0498962124096662,-0.8023068681725738,4.370802888637293,4.03056913234071,3.74982762509114,3.3678989952545315,2.730534186716949,2.123545628133075,1.5452508709707244,7.127433027211801,0.5680160037606031,0.8018744438463092,1.2246113812764563,1.7846446871928916,2.0521157514342843,1.4669908058452972,6.371176190914507,-0.39075037720051786,5.765236686181036,6.143773415185408,0.6038946519410068,1.6625918459518079,3.573628793979389,3.767153314129567,2.725760029152308,2.382947868709013,2.2617197898944323,1.831639094286702,1.1658710419697125,6.9167756216405625,0.13489454238153722,6.148713813814767,-0.472548107185852,5.1166709145319516,5.352750970342286,-0.46074161675131187,5.947102801149931,-0.9142893984892339,4.5061682694415275,3.3555025052165357,2.638644183213587,2.3070615208895013,2.0550486199320352,1.644047499768719,1.1482341674632348,7.067326727160016,0.5599322064754166,0.571552016372494,7.131535081828485,1.58077311780447,1.765062458920901,1.4019669749448045,1.2125946597011188,1.0500729039810641,0.9912401888959279,0.9316071577224171,0.575555517723054,6.198815095650396,-0.9791869722731741,4.5331545724344275,4.3086523321037,4.4657883537128065,4.480509051759099,4.293868458115222,3.763581985085273,3.4772466785673073,3.5932660531618157,3.779656758336808,3.9111357465344345,4.20675617595165,4.423367801570452,4.491731354114694,4.422292348308144,4.192653417844178,3.9713625438312983,4.082481808946787,4.0324466421583915,4.089928465687077,3.642115892425892,3.1423432940544647,4.779705930475203,4.52148493792306,4.237060036117103,3.779213589940858,2.886086750736943,2.00341558149173,1.617937212504573,1.5335353554460118,1.406253952671145,0.9742167993681738,0.42152153277193355,6.243756669641888,5.838838155195203,5.667434326598765,5.635173046802238,5.9261818061388825,-0.23980284992859216,4.563968600901861,4.792681739295091,-1.086593502664259,5.144128608853771,4.7225121047654826
0.1510000000000001,0.05007682164541943,-0.7975951695699124,4.38326960046219,4.037275865916806,3.752652450116763,3.371316785063955,2.731278637110352,2.124991241284957,1.5668217845342591,7.190237807811219,0.6247106277568064,0.83731070451955,1.232056397857543,1.7426224468234617,1.9573453913544552,1.3770250503659585,6.404572379042962,-0.3563044307630568,5.810439581771198,6.1898737731136855,0.6139456957837625,1.6473911656214961,3.503143348212094,3.63892604873285,2.787186662196048,2.385250935719073,2.21885561125482,1.8096022618482794,1.159572551998681,6.929236838267287,0.1505566566944038,6.1364947778477354,-0.5116828763817589,5.252675868863734,5.384229749558758,-0.5175537970851215,5.880596007655024,-0.9633723814182118,4.491492765405439,3.352369326984684,2.6559769245268297,2.3219525838278754,2.0532872384159533,1.6407122565437655,1.1623582407940825,7.080168562751823,0.5643522942996501,0.5930348722540378,7.170745191431581,1.543673270868195,1.7084203125058741,1.3894364432858837,1.2229147727683771,1.0568977707791556,0.9802431420061037,0.9098562944239535,0.5638974628095317,6.197302483415526,-0.9805432397993628,4.587606065082931,4.3629346222533485,4.469796253141007,4.448970926207409,4.254089248131222,3.7711437698360655,3.505528096066251,3.6201119349067197,3.8017436202291313,3.931879630800266,4.21813337552309,4.4139229013096655,4.465368363241724,4.412599899005479,4.2242781017448365,4.012781886907087,4.093863125931692,3.99875144319676,4.048098385020049,3.6469290704564687,3.3190777353618284,4.628819148261267,4.47591583574949,4.212503652767284,3.7477793537225086,2.9163423946802007,2.044801535674067,1.6404624605532934,1.5219697125220035,1.3897925131066449,0.9688726372053169,0.4238942275434219,6.262363366376301,5.871092264795384,5.705400133354752,5.661822903663086,5.896424836739772,-0.3796333105429557,4.686486618876993,4.823213270222458,-1.132131364120238,5.102673317411318,4.726207598601058
0.16100000000000012,0.049664936563481754,-0.7782984295654364,4.393965696472361,4.044114228802439,3.7559636975343644,3.374463357693511,2.732421437117857,2.1284631249060157,1.590091581150728,7.248546745302806,0.6794113612776294,0.8719516790492792,1.2374198618864125,1.6998987973414528,1.8691484222480075,1.291402458362761,6.4336710380265005,-0.3210023188681883,5.854392612042645,6.232688159588813,0.6256914344631197,1.636028759356598,3.424766995240031,3.530626047081533,2.8285461517029273,2.38808417135236,2.183338120460008,1.7872037108239323,1.1536136260773513,6.9399726760522285,0.16276369677052935,6.125277562567136,-0.5318033566104381,5.360332200211874,5.41704269752815,-0.5657880039334092,5.817434557136009,-1.0113774189547065,4.474663580988901,3.35039773974795,2.671178439616277,2.3352408966013223,2.0532256253504193,1.6393317386539414,1.1746077928637306,7.09226274840606,0.5716145231066049,0.614197493937309,7.201174009229569,1.5113372771892275,1.6589551069504525,1.374896190609076,1.2300446711184514,1.061955290038975,0.9700878024400671,0.8904698368462454,0.5521630442937248,6.195009460801072,-0.9771605946083876,4.637020012712444,4.411321116520092,4.475321227497903,4.420986113387166,4.220145715987302,3.776328985405861,3.531194523852918,3.646460450848447,3.824138519891626,3.9516915593848303,4.228174419680343,4.405031592761534,4.443028017288195,4.405670954475284,4.252237926783558,4.04937396820001,4.103513702230067,3.9695280282870584,4.013065655074362,3.6643989246111435,3.467743254365515,4.499004418096787,4.421648656584612,4.184668144758525,3.7216266005366374,2.9425972730059624,2.083059968420386,1.6611191529924194,1.5137240299814512,1.3752278707933534,0.9632564076551641,0.42717431669199457,6.280733678352743,5.902409802403509,5.741080589043927,5.683041673338592,5.8612765025882245,-0.49663208971531675,4.788256432396609,4.855321332225003,-1.1685837055672958,5.0658784804740264,4.726165672388221
0.17100000000000012,0.04882478880501659,-0.7471510837617233,4.402926737392909,4.050911504625471,3.7596389081108055,3.377481118665821,2.734054951702172,2.133777615753442,1.6146040430934396,7.303100785439345,0.7319910244097046,0.905501130160364,1.2409141238808585,1.6571912703489315,1.7866327240377642,1.2113816837847757,6.457917087386165,-0.28564596325739233,5.8971037838100075,6.272800021752773,0.6388465264860717,1.6281972369143636,3.341832164034926,3.4379773934779885,2.8532539842559688,2.3900805512998864,2.1535215420689418,1.7652464008783888,1.1477549343439541,6.949024718211444,0.17227290101417583,6.11624905198129,-0.5384178969162876,5.446532982478536,5.448723908388746,-0.6066938555286927,5.757948903625355,-1.0582388646596355,4.45604829422231,3.349135492103381,2.6845781345747923,2.347238963204092,2.054514561911743,1.6395011459634603,1.1854830773551026,7.10387452798328,0.5809393840264917,0.6345280710625874,7.224701625754932,1.483058101479528,1.6154388870777556,1.3591351864697911,1.2343234873924411,1.065394786250259,0.9606325878620954,0.8730138826414073,0.5405552293661791,6.192380742041034,-0.9701380776053127,4.682016788553245,4.454737476119805,4.481824870034584,4.396488039021249,4.191047412602867,3.7798533624030193,3.5545327912070475,3.672163470399187,3.846606865116874,3.9706663585014885,4.237147773269013,4.396868310445574,4.4241507196607115,4.4009479957848985,4.277103634700403,4.081668904087198,4.111815138105789,3.9443557885626843,3.9850303074579254,3.6896770877991845,3.585960828252718,4.393314211942827,4.362845507528214,4.153968059892327,3.6993793408323157,2.9654045747463855,2.118304770462384,1.6803278363745968,1.5080553100275929,1.3624725155664392,0.9577017458056353,0.4311487127663297,6.298892500189684,5.932696172874129,5.774286151034418,5.699293241414231,5.824089047270554,-0.5911103246743156,4.868850521336116,4.8870653900705445,-1.1972470710275345,5.03339026048449,4.723437153245679
0.18100000000000013,0.04773461523150839,-0.7070974093851226,4.410264398295991,4.057529040697174,3.7635785392505023,3.3804791608715643,2.7362490032040165,2.1407505018017012,1.6400007611443002,7.3544768179078535,0.782397048849669,0.9377394090558123,1.2427657677976778,1.6150023155564157,1.709229077836714,1.1375146102673372,6.477241742446476,-0.25090315341197883,5.938551548460802,6.310681456514537,0.6531745163497724,1.6232588796733578,3.2570821729495587,3.3569796902771434,2.8647526982659532,2.3904262015165987,2.128067406760502,1.744201003327629,1.1418670435723035,6.956486733096499,0.17976922198584547,6.109886894810626,-0.5358349833231881,5.516697258679738,5.477974604110735,-0.64153699626915,5.702255558731186,-1.103868908445613,4.435987335704489,3.3482199756493305,2.69644199294737,2.358185657722512,2.0568758782064447,1.6409072868867607,1.1953711739825477,7.115179183494421,0.5917035652078177,0.6537402900250454,7.242849462610408,1.4581707896733562,1.5768856676158667,1.3427077086502168,1.2361085766081283,1.067354759973117,0.9517411535457653,0.8571534691576739,0.5292298064143571,6.1897354862594085,-0.9603977761933773,4.723174461982458,4.493930064793869,4.488960467898185,4.375273089109442,4.166028410631006,3.78225763217243,3.5758224580120617,3.6971152743520412,3.8689623155835284,3.988881572683416,4.245289771617129,4.389535189267326,4.408261999097463,4.397986530826037,4.29933154747159,4.110177699200405,4.119075381053192,3.9229415835676846,3.963598212305076,3.718525694927395,3.6766935894977095,4.309712072558359,4.302926996556821,4.1210338982465355,3.6799129845205134,2.985236553182843,2.1507010000595312,1.6983584083241414,1.5044200174372127,1.3514128122155007,0.9524480463587457,0.43567432188634014,6.316831654734142,5.961863530180368,5.804928676152463,5.711276488269155,5.787313417709417,-0.6659243142203766,4.930677972059607,4.916934466646588,-1.219437263676929,5.004853124199651,4.71884711190884
0.19100000000000014,0.04654557215404134,-0.6605503488878011,4.416132735517481,4.063863122379378,3.7677016428907333,3.38354026273227,2.739052580555344,2.1492033843450087,1.6660032698657337,7.403123005594398,0.8306260429115851,0.9685170604271901,1.2431989229206835,1.573685394728162,1.636552820941971,1.0698332667806518,6.49193869385707,-0.21729626864225646,5.978695819216409,6.346705779313273,0.6684592294949865,1.6203878175092779,3.17268125971829,3.284422631215982,2.8660010476198448,2.3887032144644977,2.105906595812577,1.7243041072554883,1.1358907193326004,6.962492239406241,0.18582476019192237,6.106244061276815,-0.5271812401202398,5.5748233233472275,5.504258910456829,-0.6714758912257532,5.650309476200373,-1.148178743222582,4.414793716466373,3.347366158419525,2.7069817542216095,2.368264036589946,2.0600874550673853,1.6433083058237048,1.204567237523059,7.126287534660382,0.6034170086500068,0.6716982240082513,7.256822320983122,1.4360983553579487,1.54249614708288,1.3259971633085836,1.2357471147212085,1.0679667704091056,0.9432900710557941,0.8426276272109849,0.5183037426924557,6.1872963007067066,-0.9486927128559981,4.761001874126411,4.529511381133219,4.496505165345171,4.357073573837965,4.144488189643254,3.7839462894466642,3.595324839799347,3.7212464623358925,3.8910587532331893,4.006402848629656,4.252802376670122,4.383083965731287,4.394958264520927,4.396432727535582,4.319292136953479,4.1353768085796885,4.1255514720174595,3.9050284372632134,3.9480011977975926,3.747922606077523,3.7449952309794017,4.244017996085943,4.244259789829063,4.086597217510295,3.662355218950235,3.0024791870789023,2.1804368835488805,1.715386936808824,1.5024123812275803,1.3419261257515303,0.9476621559054799,0.4406539241749673,6.334523548913844,5.989838096901869,5.833018209904403,5.71977843978608,5.752498361801196,-0.7247664224774594,4.977172761699956,4.943996435706161,-1.2364038061706084,4.979904039247588,4.713034789928247
0.20100000000000015,0.045370575346629374,-0.609330922934773,4.420705138337481,4.069842335014862,3.771943007687762,3.3867262870667854,2.7424961906106766,2.158967854894176,1.692396242168696,7.449388071843839,0.8767070902838208,0.9977451747971849,1.2424257046967861,1.5334890411697844,1.5683147513251543,1.008038088047244,6.502519577730071,-0.18520427917127613,6.017488765554953,6.381159887736267,0.6844864655922461,1.618710878685401,3.0902655841109135,3.2179502727152762,2.859361510660603,2.3847529494485533,2.0861966864000134,1.7056346500217254,1.1298095833381192,6.967199116536312,0.19089281757704513,6.105140521012889,-0.514643536113883,5.623793484597895,5.527484754857642,-0.6975033352675947,5.6019546221396155,-1.1910922558973807,4.392751669870439,3.346355697697007,2.7163645208020015,2.377614429192187,2.0639715937413885,1.6465170330270584,1.213292984998149,7.137265104774822,0.6157005746028077,0.688363380473814,7.267561026545623,1.4163609424548549,1.511617555285052,1.3092643258401722,1.2335605455090624,1.0673567014150684,0.9351725053168157,0.8292311172809241,0.5078620292632647,6.185211541036437,-0.935624460712251,4.795933210742409,4.5619902966782435,4.504315804369931,4.3416012677235685,4.1259483236952335,3.785219659745575,3.613277409022927,3.7445174491658113,3.912783833827639,4.023287174389258,4.259854199964838,4.377531439098193,4.383895367781602,4.396004947209119,4.337291157200595,4.157701197837493,4.131458880513473,3.8903513025322587,3.9373109599318643,3.776011699485623,3.795931107132123,4.1919038462150935,4.188253025453533,4.051378944209444,3.646062537516448,3.0174420623535068,2.2077061037776904,1.731531263778263,1.5017234683073788,1.3338900320162534,0.9434555720366459,0.44601963432224434,6.351930882009526,6.016565843460054,5.858646012735142,5.725564802133481,5.7204772537701185,-0.7711546947446374,5.011705552446145,4.967824060094723,-1.249263432767816,4.958175495059585,4.706487702815405
0.21100000000000016,0.04428793264785317,-0.5548605406497344,4.424158845617309,4.075423270470526,3.7762510382438874,3.3900824492312185,2.746594469726264,2.1698878750625155,1.7190131606920191,7.4935447590900495,0.9206907619955584,1.025384710730273,1.2406413098619287,1.4945857010786312,1.5042693427110683,0.9516526095068898,6.509589572335468,-0.15487574066106097,6.054883782001615,6.414256211569039,0.70103657332992,1.6174237172175232,3.011001386656314,3.155935747162937,2.8466587248067703,2.3785764881357503,2.068280266719957,1.6881707509989186,1.123631657847592,6.970775559979045,0.1953185675727041,6.106284044023213,-0.49972284333259703,5.6656785568157515,5.54779317063163,-0.7204340100469708,5.5569670754856055,-1.232553289168365,4.370115210130588,3.345027099610266,2.72472175526352,2.3863442736619596,2.068385841945728,1.6503877718955602,1.2217122213606708,7.148146359423921,0.628265632371732,0.7037581356433489,7.275793961666254,1.398568311921412,1.483713792757632,1.292682876794061,1.2298373586916467,1.065644775300657,0.927299288704574,0.8168009962831735,0.4979633286306754,6.183572852460891,-0.9216646377123795,4.828333096144881,4.591793013375332,4.512300429064672,4.328572172859476,4.110021278702733,3.7862991612739108,3.629891775428447,3.7669123196316208,3.934053562659555,4.039584881969751,4.266583260035065,4.372870410409314,4.374779249725477,4.396478938413121,4.353585035935584,4.1775421029868385,4.1369754115814645,3.878624484131162,3.9305935915387744,3.801810132312116,3.833743429050763,4.149735064082145,4.135605097658052,4.016014307758124,3.630583642086472,3.0303738889815097,2.2326972523972595,1.746873142443636,1.5021137062681953,1.3271869872691133,0.9398978888440989,0.4517218133087295,6.369013505248239,6.042015407880029,5.88196175040147,5.729316411620857,5.691588238688939,-0.8080309558363439,5.037133802154805,4.988348932716986,-1.2589664028459804,4.939303843894787,4.699570644247737
0.22100000000000017,0.04334840055420816,-0.49834187842574956,4.426664900179913,4.0805856661056845,3.780585997063339,3.3936407469973915,2.7513488077760315,2.18182080119599,1.7457247727526308,7.535808194713392,0.9626418202734341,1.0514361022246805,1.2380219793561889,1.4570908932056585,1.4441880006757972,0.9001332824476905,6.513759171532889,-0.12644860625279872,6.090841852922764,6.446144323032532,0.717885657974696,1.6158685494866711,2.9356463871756846,3.097306301204615,2.829286726143492,2.370268066185169,2.0516478145262065,1.671830363214477,1.1173772541550524,6.973389012062772,0.19935598315567343,6.109342778843758,-0.48343902917443843,5.701976980481421,5.565431687970487,-0.7409176323243523,5.5150884160726745,-1.272528102254007,4.347107278245032,3.343266783940728,2.7321571879509823,2.394535642492835,2.0732156928090366,1.654806052683864,1.2299435870686644,7.158945136415746,0.640896198373248,0.7179409286149487,7.282082329507022,1.3824063858498148,1.4583426375791786,1.276365174766317,1.224831032928485,1.0629450859006708,0.9195983897844847,0.8052066700079106,0.4886446952872495,6.1824291578235835,-0.9071767340506426,4.858505874591564,4.619278336981492,4.520399961247901,4.317719596003221,4.096388075329316,3.7873466975914907,3.6453538997729833,3.78843340250798,3.954807612463124,4.0553409375226,4.27310051972633,4.369077447923984,4.367358197727963,4.397676122530587,4.36839197886139,4.195247407925674,4.142243843671813,3.8695460256731984,3.926998393658716,3.824907989126671,3.8617095719059593,4.114739057844024,4.086547383607116,3.9810174027453984,3.615618911636116,3.041478138425275,2.255588156443105,1.7614719228766516,1.5033941532664832,1.321706444994879,0.9370272063461547,0.4577218504081696,6.3857331187904105,6.06617829975725,5.9031508561237995,5.731602842998699,5.6658584845495295,-0.8376981189470692,5.055711984985671,5.0057236217349415,-1.2662911798956522,4.922938935001619,4.692550309571234
0.23100000000000018,0.04258167190383661,-0.4408588535613585,4.4283820310232285,4.085327599177033,3.784918430492008,3.3974227417467344,2.7567498321288078,2.194637461849376,1.77243011589324,7.5763500442512735,1.002634291430191,1.0759298540686324,1.234724651820891,1.4210764756629115,1.3878475134593098,0.852938113621132,6.515591562835987,-0.09997273959489188,6.125335257850127,6.4769222122524575,0.7348120497718169,1.6135704359571164,2.8646163340152833,3.0413798572017376,2.808313046880011,2.3599726421984775,2.035906547875422,1.6564993414624467,1.1110713084715393,6.975198316704388,0.20318567170601087,6.11398663448303,-0.46648089878694193,5.73378704780866,5.580683187725274,-0.7594629398163196,5.476049595596398,-1.3110046786630376,4.323919806847687,3.3410009589404606,2.7387534723633835,2.402251079765308,2.078368758030512,1.6596808159053003,1.2380708620085326,7.169662159623676,0.6534337816105013,0.7309897330981346,7.286857632191942,1.3676230537662577,1.4351379532089288,1.2603807630305484,1.218761001616323,1.059365057670347,0.9120134677171717,0.7943424685091713,0.4799255741198413,6.181797851443847,-0.8924363464849416,4.886705722039338,4.644749362376217,4.528576419449331,4.308800147309856,4.0847822758086805,3.788479349858245,3.659825594582277,3.8090966832231383,3.975005241586222,4.070595818697597,4.279493628767928,4.366118420324048,4.361416387848999,4.399454360946416,4.381899949350632,4.21112351359467,4.147374942909047,3.8628086225497924,3.9257964073478466,3.8452382293949623,3.882269234216168,4.084901454258878,4.041032100352271,3.946775083746425,3.6009820566511097,3.050926203739366,2.276543395175188,1.775372982909665,1.50541350960549,1.317345575509397,0.9348581416244152,0.4639876399817388,6.402056284492152,6.089067029032673,5.922415403024743,5.732880014492923,5.6431370656050825,-0.8618979900416702,5.0691543884015555,5.020218063002891,-1.2718571678036217,4.908752372630089,4.685616068825844
0.2410000000000002,0.042001661439776065,-0.38340825275537604,4.429453349419997,4.0896610758716,3.7892277046642353,3.401441820458247,2.762779665772036,2.208221625288444,1.7990497050105148,7.615309294704047,1.0407480581214184,1.098918434593156,1.230887577706529,1.386580353268723,1.3350268217097752,0.8095639678804009,6.515577606991474,-0.0754319875753716,6.158349023699912,6.506647077977228,0.7516047905011028,1.6102380626898347,2.798055578502215,2.9877338900536103,2.784563077673923,2.347859672497689,2.020755246245096,1.6420501505592304,1.1047387639964252,6.9763487299744185,0.20693115771685083,6.1199091050161645,-0.4493114131657883,5.761926631123224,5.593828498212738,-0.7764638614308539,5.439586737633347,-1.347990247192304,4.300714758350142,3.338188264835101,2.7445776002488946,2.4095381701838643,2.0837701240452904,1.6649385224893294,1.2461511964942737,7.180290347008536,0.6657648231156906,0.742991272721856,7.290451623100648,1.3540154410590333,1.4137955681634462,1.244769567073477,1.211815239320993,1.0550050217333693,0.9045019768218043,0.7841220596503665,0.47181122080346555,6.181673709741565,-0.8776489334800273,4.913145997872656,4.668462768290611,4.5368053341196894,4.301595592688634,4.074978420103925,3.7897804452489416,3.6734466789010387,3.828928042100978,3.994621736360505,4.085386148845685,4.285830542570126,4.363952452713662,4.356768471527719,4.40170066510203,4.394272416060374,4.225438066080219,4.152451166668177,3.858111076967911,3.9263875329098687,3.8629218025917593,3.897212295597419,4.0587948380347045,3.9988606933059088,3.913558057547189,3.586567229487597,3.0588672908428727,2.2957137883360246,1.7886129175660763,1.5080489472112122,1.3140092513477175,0.9333879761548209,0.47049088586308835,6.417956132290368,6.110711961207418,5.939959673494,5.733500619785647,5.623182924879805,-0.8819259410201055,5.078741258945965,5.0321506525065525,-1.2761461612918361,4.89644323747122,4.678897293660153
0.25100000000000017,0.04161077275904978,-0.3268925745461082,4.430005017068953,4.093608178981364,3.7935006304450747,3.4057050325303084,2.7694139193126146,2.222469114759325,1.825520439973423,7.652800399916544,1.0770664339329394,1.120469535851668,1.2266314569635828,1.353613960896502,1.2855077659106076,0.769562866423539,6.514129102044878,-0.05276385408498604,6.189880730461286,6.5353453776684,0.7680716958921293,1.6057401461184022,2.7359071211722616,2.9361091072543295,2.7586831059690113,2.334107261184415,2.0059643502946933,1.6283538492354848,1.0984019862734475,6.976969210373832,0.2106727024770568,6.126837190520164,-0.43223991711623466,5.787015355759806,5.6051284890530715,-0.7922236106106586,5.405450703168536,-1.383508007357169,4.2776260053635475,3.334813182202578,2.7496851790551378,2.4164331325187693,2.08935866609274,1.6705187590684967,1.2542216231913212,7.190818473139379,0.6778104732131538,0.7540341717407683,7.293119720208533,1.3414193273100186,1.3940619456221481,1.2295512560820792,1.2041535821450673,1.0499579780346646,0.8970331228303031,0.7744742136474676,0.46429564145283414,6.18203590082548,-0.8629648301140819,4.938007226798799,4.690636408617352,4.5450708562501205,4.295912389224904,4.066783576007069,3.791307886330924,3.6863373829271002,3.8479602399636783,4.01364532898265,4.099745183490327,4.292162843972168,4.362534761208592,4.353255022042219,4.404325412408669,4.405652533369073,4.238423157810263,4.157530822367504,3.8551675653724304,3.9282910764066536,3.878170927492774,3.9078494684173837,4.035419507746439,3.9597651320920133,3.8815397296311898,3.572322751763559,3.065435215436035,2.313237001023514,1.8012227406616557,1.511199517930635,1.3116096733734155,0.9326013691984952,0.47720560383541655,6.43341308140997,6.131157613369054,5.9559802970386695,5.733729833568987,5.605719607095309,-0.8987392132459845,5.0854220333096904,5.041846337835334,-1.27952615914475,4.885741148747494,4.672477599828449
0.2610000000000002,0.041403355306724156,-0.2720987900457107,4.430146246519315,4.097197829976849,3.7977301802633585,3.410214574016624,2.776623406706216,2.2372867561541163,1.8517918344560667,7.6889193910769595,1.1116743852981075,1.1406606351481923,1.2220608414715035,1.3221682518642153,1.2390773054766169,0.7325456386711298,6.511582558345368,-0.03187584056135538,6.219939285956027,6.563021863509999,0.7840455310499064,1.60006947173386,2.677976659877125,2.88634316373148,2.731185604106537,2.3188927587733574,1.991360421243055,1.6152873807359243,1.0920794978440325,6.977171403356857,0.2144585239649886,6.13453433483757,-0.415471225352446,5.809530931070916,5.614816958882879,-0.8069750754054225,5.373412166102482,-1.4175937025836898,4.254761826972639,3.330880215846048,2.754123716170804,2.422963647895005,2.0950841391309867,1.6763709855497873,1.2623041652634122,7.201233623018639,0.6895183924091902,0.7642047681357481,7.295059053778269,1.329700708449118,1.3757250302842539,1.2147318521194184,1.1959112438954287,1.0443095485235674,0.8895858578004469,0.7653395702412128,0.45736411712726016,6.182853408262172,-0.8484916112486262,4.96144360588924,4.711455608354955,4.553362600406171,4.291580022044261,4.060031071047478,3.793100429320669,3.698600757693876,3.8662305474573757,4.032074551191137,4.113703202586636,4.298528691050936,4.361818684124836,4.350738693912795,4.407257728678711,4.4161662372579515,4.250278744740159,4.162652321575434,3.853713928995824,3.93112933358444,3.891232010298547,3.915145999143682,4.01407795627813,3.9234562745685055,3.850816793135267,3.558231296110841,3.070752694881973,2.3292386917388064,1.8132298709926165,1.5147813344593515,1.3100658456212917,0.9324739731944858,0.4841073757042363,6.448414852887614,6.150458920019491,5.970660209364116,5.733761891978143,5.590467392797118,-0.9130453791245784,5.089900646740687,5.04961333724755,-1.2822739616837826,4.8764070759870055,4.666406366916177
0.2710000000000002,0.04136847796202128,-0.2196786743386309,4.429970152561074,4.100463155590123,3.801914307835475,3.4149689781734667,2.784375593559256,2.2525912821677734,1.8778232345114023,7.723748433689152,1.1446571936030285,1.1595747223997133,1.2172656472295431,1.2922185848295475,1.1955299013326233,0.6981787919639176,6.50820801175581,-0.012658256314017364,6.248543186113435,6.589667386494583,0.7993876944616451,1.5933044128846459,2.623986507061078,2.838327592318844,2.7024812936554725,2.3023872954881908,1.976814057521118,1.6027376718872413,1.0857855412244923,6.977049809122311,0.21831363269183307,6.142799480936575,-0.3991388583161884,5.829847977465373,5.6230992219459655,-0.8208972610192903,5.34326364465859,-1.450292412532258,4.232207769816062,3.326408859449465,2.7579350676326007,2.4291510793659965,2.1009048966113792,1.682452145066628,1.2704098113014053,7.211522773050145,0.7008562545843351,0.7735847024924419,7.2964222585766505,1.3187492242976386,1.3586068255676893,1.2003083737383249,1.1872022193209202,1.0381380960913171,0.8821470218742908,0.7566681571305012,0.4509953597570938,6.184089144358264,-0.8343040667775692,4.983588164289849,4.731078423337208,4.561673609317523,4.288448809900802,4.054575762697921,3.795182430707869,3.7103249515062826,3.883778911036393,4.0499159853839,4.127287838761343,4.304955371788957,4.361757132767218,4.349100976303073,4.410441779264174,4.425924598622427,4.261176098401948,4.167838224537313,3.853511169713279,3.9346096611728787,3.902353813719564,3.919819922957594,3.9942828809409696,3.8896507797703324,3.821428314027408,3.5442956705132813,3.0749338186257504,2.3438338409801003,1.8246593744240651,1.5187239921537168,1.309303010894227,0.9329752087196234,0.49117304743994805,6.462956005576244,6.1686778043989445,5.984165512157962,5.733735332483128,5.577160848883766,-0.9253699148044597,5.092701091453764,5.055731794219681,-1.2845949110663906,4.86823248851859,4.660707903344127
0.2810000000000002,0.04149210207023133,-0.17013839478886858,4.429555100281622,4.103439411280285,3.8060548817919195,3.4199640617770704,2.7926357979582668,2.2683082704285944,1.9035817656015275,7.757359207661954,1.176099429568522,1.1772970298401562,1.2123226813030699,1.2637287318825186,1.154669474149993,0.666178319028686,6.504219468789112,0.005006246437700891,6.275718637109756,6.615265345604124,0.8139894237262129,1.5855743466996823,2.5736175136490806,2.791981395992199,2.672901922959074,2.284752695493264,1.962230488149855,1.5906036172493456,1.079530140294479,6.976682722650049,0.22224663155036473,6.151464153854323,-0.3833275509678518,5.848265044094329,5.630153503361562,-0.8341281640300015,5.314819590804145,-1.48165574622236,4.210029644587569,3.321429328755166,2.761157205682101,2.43501220277484,2.1067861133585497,1.6887249186706363,1.2785415838892409,7.221673753547798,0.7118066520792788,0.7822496712547384,7.297327962169475,1.308473103619543,1.342557361196536,1.1862720805995626,1.178122412597365,1.0315149730362752,0.8747096871775599,0.7484174762185541,0.4451633360125613,6.185702997413164,-0.8204521223232969,5.004556788410338,4.749640043909737,4.569999046575926,4.2863875648568746,4.050290404537666,3.797567448779175,3.721585283593703,3.900646556248735,4.067182373987898,4.140524358908855,4.311461479253312,4.3623036193245515,4.34823944301358,4.413833774582439,4.4350256708159845,4.271261164104366,4.173098876663098,3.854346713823276,3.938507744937775,3.911771011178605,3.9224121392901026,3.975692185583808,3.858084735387796,3.7933719094016176,3.53052910213217,3.0780853133691677,2.3571280492360795,1.835534747191702,1.5229678751677138,1.309252104384828,0.9340703942889622,0.49838066708991346,6.477037182571122,6.185880231333303,5.996644373568451,5.733746002155716,5.565557341676291,-0.936106064667975,5.094215988401639,5.060449642565354,-1.2866392911479083,4.861037414995915,4.655388619685451
0.2910000000000002,0.0417587266038008,-0.12383932870413149,4.428966296860767,4.106162394740201,3.8101567405798407,3.425193669524047,2.80136816944744,2.2843711592356555,1.9290408091274014,7.789815401415944,1.2060841600482413,1.1939125972681015,1.2072971240712802,1.236654150261352,1.1163107501759373,0.6363026029647144,6.499785101338302,0.02123593267973003,6.30149777819032,6.639796761725672,0.827770907139677,1.57703210108527,2.526539213134994,2.7472359003556828,2.6427167249320487,2.2661398364032737,1.947542212960821,1.5787967016263635,1.073319443151575,6.97613363298658,0.22625485040170953,6.16038871382962,-0.36808854005088587,5.865023637178969,5.636133551690949,-0.8467746698337876,5.287915328626762,-1.5117394972033438,4.188276474213351,3.3159790290340823,2.763825447018897,2.440560543527063,2.1126984097369985,1.6951564579169462,1.2866968890569166,7.231675782538159,0.7223631365329979,0.7902689269541588,7.2978687424198,1.2987952978846429,1.3274497845609763,1.172610725073297,1.1687524204387798,1.0245048620969768,0.867271724667588,0.7405510221341277,0.4398387911385998,6.187654027988718,-0.8069670472768823,5.024451336513811,4.7672564796283465,4.578335363274076,4.285281317929895,4.04706280403049,3.8002609858855942,3.7324460881794996,3.916874941423029,4.0838910472857295,4.153435909548976,4.318058738138489,4.363412974136569,4.3480654188367325,4.417399543285554,4.443555991755659,4.280657736897783,4.17843553879427,3.856034074314773,3.9426531637063396,3.9196967732930172,3.9233357532544217,3.9580639111455937,3.828519413708367,3.766616692758833,3.516948928374621,3.0803070888931,2.369218696783969,1.8458784123485514,1.5274621033660023,1.309849251716462,0.935722378390987,0.5057095327346359,6.490664211326235,6.2021338030266655,6.008227264696703,5.733857666143544,5.555440166254023,-0.9455509813189779,5.094741913771197,5.063982568609297,-1.288515511341817,4.854667885438137,4.6504425530182285
0.3010000000000002,0.04215258023201687,-0.08100861619452471,4.428257453544196,4.108667275584387,3.814226871219971,3.430650252940489,2.810536473805381,2.3007203612622966,1.9541788606577601,7.821174542714714,1.234692335903,1.2095045165036202,1.2022439296377199,1.2109446247324882,1.0802800072305025,0.6083455554691326,6.495036303792465,0.0361454897964892,6.325917131220123,6.663244045349807,0.8406788548155234,1.567834137356018,2.4824297515502303,2.7040268028653007,2.6121446226989837,2.2466878997006345,1.9327032025063668,1.5672407773991563,1.0671562067866114,6.975452853721528,0.23032815824759179,6.169458435947216,-0.3534499951947939,5.880321805671641,5.641171623632086,-0.8589200772031245,5.262405381960378,-1.540601752571152,4.166983262904676,3.310099702218325,2.765973266361732,2.4458073955436723,2.118616792149908,1.701717468794499,1.2948692993846953,7.241519710158262,0.7325271679964519,0.7977052435361914,7.2981171625408034,1.2896505257641706,1.3131763626877664,1.1593101008079927,1.1591599536332677,1.01716617722289,0.8598345931178855,0.7330371316856147,0.4349905031806654,6.189901999421401,-0.7938662680747853,5.043362044422801,4.784027636620594,4.586679773298695,4.285029217715596,4.044793561403121,3.803262582711771,3.7429623275371577,3.932504988508645,4.100062630374641,4.166043732578852,4.32475352109341,4.365041833209205,4.348501995960039,4.421112561256308,4.45159184678692,4.289470399138267,4.183842988158856,3.8584114696194,3.946917488854319,3.9263204503985816,3.9229107125457476,3.9412252661981126,3.800742583817583,3.7411132102848286,3.503572745098692,3.081692412019448,2.380195924353097,1.8557120330939163,1.5321629504110705,1.311035320714426,0.9378927851605419,0.5131402729294681,6.503847161373794,6.217505886073893,6.019028000364938,5.734110398151472,5.5466186191478934,-0.9539316960507407,5.094504881806988,5.066516114638145,-1.2903004678535945,4.848993107922294,4.6458555525898335
0.3110000000000002,0.04265843765713514,-0.041756359337748815,4.4274724047256795,4.110987768107642,3.8182737098731305,3.4363253150847393,2.8201047109846473,2.317302480491049,1.9789786620707703,7.851489335649178,1.262002326216898,1.2241527160200893,1.1972091222495254,1.1865463719022165,1.046415318665709,0.5821305029956244,6.490075314008817,0.049843250393550836,6.3490163220352,6.685593592985312,0.8526831090389109,1.5581277252455654,2.4409877580196353,2.662290560075799,2.581363555260574,2.2265241843128356,1.9176842907027285,1.5558713444215106,1.0610403357691154,6.974679225345287,0.2344517482123422,6.1785797705399155,-0.33942417884474313,5.894323982967049,5.645381415469059,-0.8706297826441282,5.238161543634466,-1.568301412335484,4.146173505002857,3.303835183776576,2.767632800921021,2.450762584831473,2.124519840302934,1.70838155183948,1.30304989421346,7.251198074229904,0.742305782794473,0.8046151587530677,7.298130352853697,1.2809830065841357,1.2996452226142223,1.1463550949520984,1.1494019114651282,1.0095514971994217,0.852402336655988,0.7258480876693661,0.4305862975407356,6.192408398182058,-0.7811570656874133,5.061369390255154,4.800039882184489,4.595029929146507,4.2855426470829645,4.043394242676212,3.8065674211480567,3.7531809867082644,3.9475765308319275,4.1157199915636555,4.178367355992482,4.331548095080082,4.367148954930825,4.349482345461113,4.424952350054825,4.459200361178569,4.297787188962099,4.189311615406654,3.861339837911022,3.9512047485866506,3.931807980913641,3.9213881973337243,3.925051414908351,3.7745674736700248,3.7168008201877765,3.4904162500333213,3.082327935958679,2.390143433383205,1.8650567062140913,1.5370326126586362,1.3127555270933613,0.9405429583890513,0.5206549172365117,6.516599430309941,6.2320622171240725,6.029145206947937,5.734527072526198,5.538926455363917,-0.9614237327590833,5.0936786933146045,5.068208744848186,-1.292047555927154,4.843902621835911,4.641608397761709
0.32100000000000023,0.0432621364597816,-0.006096126511558005,4.426646615763593,4.113155579385289,3.822306558349552,3.442209747706173,2.8300375919101652,2.3340696285471196,2.0034265301128475,7.88080863203643,1.2880895736771756,1.237933166561019,1.192230977167797,1.1634036889600607,1.0145664162775372,0.5575049859645527,6.484981413343385,0.06242967409529276,6.370837067592178,6.706837387129071,0.863772809986693,1.5480437181064013,2.4019383382223634,2.6219632125130112,2.550517807217061,2.2057642860452042,1.9024694878113333,1.544634562526397,1.054969421334229,6.973841783357375,0.23860813875353667,6.187676955539276,-0.3260123942961011,5.907168223135679,5.648860746869393,-0.8819555616159797,5.215070904830888,-1.5948970614812086,4.1258613936549615,3.2972296905777245,2.7688351324898846,2.4554350292559843,2.130389084886648,1.7151247274062371,1.3112282559119777,7.260705038355402,0.7517098251993508,0.8110493700202175,7.297953496439614,1.2727447116703268,1.286777690422729,1.1337303911060206,1.1395261391702278,1.0017080113759644,0.8449807704656634,0.7189594186682106,0.426593851382819,6.195137071563099,-0.7688393929268457,5.0785455514533275,4.815368178055649,4.603383727211214,4.286743567698553,4.042785882995286,3.810167552456402,3.763142269559049,3.962127929076611,4.130887397069893,4.190424762983724,4.338441636583067,4.369695409489609,4.350948278225468,4.428903177013832,4.4664404660525765,4.305681988445676,4.194829070007971,3.864700566423859,3.9554439255584684,3.9363036353012277,3.918967918439885,3.9094509421975,3.749830618756959,3.693613017384372,3.4774922052526493,3.0822937192737463,2.3991391255648997,1.873933075033566,1.5420382419358163,1.31495908970495,0.9436346688576313,0.5282369371307748,6.528936902196511,6.2458659163528365,6.038663963784498,5.7351183041095615,5.5322195968628565,-0.9681644667597937,5.092398178696421,5.069195194309111,-1.2937927921122592,4.839303580803753,4.637679077897652
0.33100000000000024,0.043950865311166,0.02603404494926682,4.425808543068516,4.115200072798341,3.8263351078941352,3.448294083333385,2.840300897432879,2.3509788316849543,2.0275118262694196,7.909178133908487,1.3130263514763896,1.2509174083821741,1.1873410820848547,1.1414602221113734,0.9845942863261834,0.5343364559850506,6.479815864970886,0.07399671439420598,6.391422395701782,6.72697379089692,0.8739525239225006,1.5376934137014948,2.3650350857337386,2.5829804500127715,2.5197239049316966,2.1845125189765424,1.8870530125154417,1.533486145939152,1.048939249542363,6.972961325710923,0.24277858591832155,6.196689044598596,-0.31320842998042003,5.918971600487759,5.65169392607713,-0.8929387907177663,5.193033971454475,-1.620446134977129,4.106053720165918,3.2903265583761687,2.769610416253969,2.459833137285126,2.136208530589617,1.7219250934582178,1.3193932009166274,7.27003626214872,0.7607526180927193,0.8170532039661843,7.297622488462901,1.2648940043030337,1.274506115433072,1.1214209275203744,1.129572905088247,0.9936779622744584,0.8375768313828222,0.7123493500764061,0.4229813165494493,6.198054584678267,-0.7569080051875013,5.09495555658549,4.830077852606062,4.611739195756756,4.288563083025955,4.042897745756644,3.8140528382449834,3.772880618517903,3.9761958166133207,4.145589840032102,4.202232542158342,4.345431051363496,4.372644673477263,4.352849017217525,4.432953002889384,4.473363765187303,4.31321663440483,4.200381517853655,3.868393153629528,3.9595831236818184,3.9399323040207013,3.9158105091573816,3.8943558668398874,3.7263893013608733,3.671481169126164,3.464810102927224,3.0816633027977502,2.4072556100869944,1.8823613873032536,1.5471511784718883,1.3175989290668542,0.9471306353914929,0.5358712513928947,6.54087720248554,6.258976834000973,6.047657457124224,5.735886156182989,5.526373596556735,-0.9742627509630937,5.090768806417808,5.069589731800521,-1.295559449972059,4.8351182524230465,4.63404442409571
0.34100000000000025,0.04471328569066964,0.054752104050489844,4.424980831912592,4.117148095813255,3.8303690597934725,3.454568680990188,2.85086174003457,2.367991517551119,2.0512265290920833,7.936640899643214,1.3368816054405086,1.263172319151216,1.1825652806531461,1.120659922385773,0.956370593958178,0.5125087750760842,6.474625797369493,0.08462777989929217,6.410816053737169,6.746007725819391,0.8832386192408495,1.5271681483763795,2.330059599163151,2.5452782056498555,2.489075439041425,2.1628624961105287,1.8714368937847223,1.5223902342329845,1.0429442615433866,6.972051841928135,0.24694405912537906,6.205567354706827,-0.301000974572618,5.929834296664012,5.653953788710192,-0.9036128750782163,5.171962934052614,-1.645004320118866,4.086751475863175,3.28316735003423,2.7699879097756286,2.463965081115653,2.1419642888237584,1.7287625771497448,1.327533307717885,7.279188737309911,0.7694489732006103,0.8226671094385417,7.297165971974808,1.2573945717648565,1.2627720874505333,1.1094121847093614,1.119576135297754,0.9854990744743757,0.8301980697268916,0.7059983718764802,0.41971778820516,6.2011303765825945,-0.7453540605164052,5.110658209017862,4.8442260722897155,4.620094434797758,4.290940201070517,4.043666283166394,3.8182116703433473,3.782425580465256,3.9898149434238275,4.159852515313647,4.213806021130893,4.352511630583745,4.375962654207712,4.355140149257915,4.4370926332698515,4.480015319772822,4.320442764512223,4.205954576574491,3.872332943244342,3.963585066515677,3.9428018963767992,3.91204650892563,3.8797147503110927,3.704118962025986,3.65033705604207,3.452376246249499,3.0805038698251286,2.4145606083358535,1.8903615151937152,1.5523463366789116,1.320631402439997,0.9509948991482928,0.5435441978841737,6.552439059199566,6.271451159601118,6.056188551188501,5.736826890749621,5.521281136897091,-0.9798058939736285,5.0888737049506165,5.069489154409919,-1.297361544940783,4.831281775862005,4.630681246590525
0.35100000000000026,0.04553953868413998,0.08021500861686338,4.424181351765347,4.119023929556344,3.8344178314505935,3.4610238608783837,2.8616887461528155,2.385073070460452,2.0745648817472744,7.963237707928992,1.3597208673001848,1.2747600577956881,1.1779245034476247,1.1009477483836903,0.929777009832677,0.49191939429718445,6.469447237781737,0.09439807262565626,6.429062062785088,6.763950405410472,0.8916560628104636,1.5165405491364723,2.296819587259908,2.5087933839798673,2.458647049872066,2.1408978104072203,1.8556290303975302,1.5113182978743205,1.0369779581391076,6.9711217863853525,0.25108589769999634,6.2142733057843165,-0.2893753222740935,5.9398427366618565,5.6557034323075746,-0.9140050807677351,5.151780119504245,-1.668625147424955,4.067951181076131,3.2757912616988687,2.769995942232833,2.4678389733525585,2.14764429239878,1.7356187519261876,1.3356372905661473,7.2881606117864735,0.7778144624480942,0.8279271434114636,7.296606902317761,1.2502145779041234,1.251524972463098,1.0976903550311186,1.1095644416546113,0.9772049628324346,0.8228522598284045,0.6998888965598494,0.4167736444422642,6.204336776694068,-0.7341663125959597,5.125706839581177,4.857863063690446,4.628447587727447,4.293820774465441,4.045034257849101,3.8226315198380036,3.791802539983703,4.003018094459609,4.173700415075294,4.225159385458698,4.359677571085755,4.37961766244693,4.3577827295639135,4.441315037848751,4.486434361872784,4.32740341754902,4.211533990029017,3.876449011474064,3.9674236386005823,3.945005627694305,3.9077829626505025,3.8654879171793937,3.682910774850045,3.6301145353053372,3.440194053443384,3.0788764892970626,2.4211172830606142,1.897952949550256,1.5576017083395333,1.3240160690580804,0.9551930824215061,0.5512434774251614,6.563641770369653,6.283341231969949,6.064311225548257,5.737932985526087,5.51684970571351,-0.9848647560220505,5.086778838537029,5.068975440703743,-1.299206438342752,4.827740187981691,4.627567100292048
0.36100000000000027,0.04642117751404083,0.10260474587649002,4.423424077781858,4.120849325817069,3.8384903363872294,3.4676500004238084,2.8727521744049067,2.402192444549273,2.097523095760751,7.9890073198204945,1.3816062266883922,1.2857381334782922,1.1734354940856575,1.0822701672020318,0.904704493018363,0.47247709010208844,6.464307476295877,0.1033751462715466,6.446204379328306,6.780818773267399,0.89923571662398,1.5058666579190676,2.2651462986828963,2.473464526791179,2.42849773860683,2.1186927721994095,1.8396416223576182,1.5002481121592117,1.0310332466086136,6.9701751919095045,0.25518623693290876,6.222776610692299,-0.2783145843665167,5.949072026027105,5.6569976808367475,-0.9241379219688308,5.132416629452242,-1.691359728850544,4.04964597231207,3.2682347624227455,2.7696618529373085,2.4714629710731173,2.153238070803877,1.7424766996890233,1.3436942568996715,7.296951016133528,0.7858648889843954,0.8328654321929875,7.295963754174367,1.24332598326952,1.2407207064662977,1.0862424314001562,1.099561975800845,0.968825515884402,0.8155471086681609,0.6940049866429765,0.41412077971518113,6.207648927513698,-0.723331993420719,5.140149930116051,4.8710331295134415,4.636796831603551,4.297156595039686,4.046949994956914,3.8272993537392184,3.80103333923073,4.015836063559896,4.187158023485958,4.236305784611549,4.366922383707971,4.383580347908086,4.360742516508209,4.445614807876572,4.492654943654442,4.334134409982359,4.217106096441784,3.8806822489054964,3.971081234049868,3.9466240930233862,3.90310833618011,3.8516441212003487,3.6626694694402233,3.6107505712591994,3.428264461855802,3.0768364283537135,2.4269845144604902,1.9051547773725939,1.5628979564644765,1.3277154798384565,0.9596925569151113,0.5589580768618138,6.574504771601105,6.29469549794488,6.0720718571256675,5.73919459593871,5.512999511393245,-0.9894975016568925,5.084536858144677,5.0681180499338785,-1.3010967728827012,4.824448709828129,4.624680774518014
0.3710000000000003,0.047351056310497526,0.1221173203504496,4.422719831973795,4.122643604287313,3.8425948269804366,3.4744376015490954,2.88402398262352,2.419321825314299,2.120099097671193,8.01398666859982,1.4025963508639223,1.296159560433212,1.169111439578803,1.064575496711996,0.8810525678844867,0.4541001497878509,6.459226910087268,0.11161957477264557,6.462286634306272,6.796634767160761,0.9060121468188745,1.4951883952062324,2.2348917461781745,2.4392323356464436,2.398673623064295,2.096313169363799,1.8234899071695558,1.4891628174334084,1.025102731322192,6.969212628644421,0.25922826999016374,6.231053769866251,-0.26780055424028887,5.957587867528666,5.65788431617021,-0.9340302145610013,5.113811157196816,-1.713256609314719,4.03182648075096,3.2605314119442554,2.7690119192979874,2.474845326537414,2.1587365699265657,1.749320903387348,1.3516938779089098,7.305559900516591,0.7936159100465596,0.8375105987202691,7.295251456831035,1.2367039936340263,1.230320798724074,1.0750562413522695,1.0895891377778504,0.9603872523265772,0.8082900443875513,0.6883321359212835,0.4117327523844587,6.211044647571137,-0.712837460736084,5.154031638417661,4.8837754947929195,4.645140377712517,4.300904621261462,4.049366741260407,3.8322019488997916,3.810136801496929,4.028297668252975,4.200249092094793,4.247257426465616,4.374239209938991,4.3878236085844495,4.363989317519382,4.449987727095087,4.498706527414233,4.340665512401318,4.222658136646588,3.884983651923588,3.9745467253378908,3.947727092729439,3.8980962294140737,3.8381582061277855,3.6433114224695933,3.592185818750285,3.4165863570321844,3.074433515281111,2.432217140640809,1.9119856492993046,1.5682180795568565,1.3316949867793975,0.9644625415048871,0.5666781783353871,6.585047294164076,6.3055585776464484,6.079510343240342,5.740600601017026,5.5096616535804595,-0.9937523883665677,5.082189995027825,5.066975886272347,-1.3030319039525875,4.821370274668051,4.6220025812811745
0.3810000000000003,0.048323196951611455,0.13895441242905385,4.422076899824192,4.124423788979249,3.8467387894550913,3.4813773368941834,2.8954778545128774,2.4364363313893924,2.142292309282324,8.038210999207145,1.4227465424616808,1.3060730688081965,1.1649625145521347,1.0478141249012165,0.8587286200050809,0.43671491441403004,6.454220486903447,0.11918565728464527,6.477351927209907,6.811424503231215,0.9120219125930833,1.4845360285831308,2.2059260027518586,2.4060400340656822,2.369210230032814,2.073817024624363,1.8071911474097722,1.4780500731712982,1.0191789517864913,6.968232018476474,0.2631963946259708,6.239086825896485,-0.25781432694640544,5.965448085062551,5.658405111826979,-0.9436978792160362,5.095908967939621,-1.734361703993028,4.014481534334549,3.2527118106036106,2.768071287509305,2.47799439991317,2.1641320041413734,1.7561371596971194,1.359626494852552,7.313987886928009,0.8010827746244583,0.841888152055551,7.294482121978659,1.2303266078242139,1.220291505209109,1.0641204449025217,1.079663163892253,0.9519136499307416,0.8010880688758009,0.6828570922418952,0.409584864009695,6.214504259137488,-0.702668668021765,5.167392246765846,4.8961250134487475,4.653476477161173,4.305026319012835,4.052242112817118,3.8373261261093154,3.8191291733072363,4.040429794078464,4.212996480247953,4.258025661630128,4.381621064003038,4.392322482476328,4.3674964299268275,4.454430435542557,4.504614520393685,4.3470214492569665,4.228178440902983,3.889312821823362,3.977813906511557,3.948375210917598,3.8928082202674497,3.825009454804423,3.624763010625446,3.574364896360129,3.4051569837851337,3.0717125333505,2.4368661751970944,1.9184637422687958,1.5735471308832922,1.3359225681376228,0.9694741455822348,0.5743950609581701,6.595288102408979,6.315971402942847,6.086661072718719,5.742139339860239,5.506776540798027,-0.99766985852608,5.079772256686743,5.06559896150534,-1.3050089525627564,4.818474273544757,4.619514499013076
0.3910000000000003,0.04933264883766629,0.1533172925467675,4.4215015385865675,4.126204767866196,3.8509288815961558,3.4884600809254387,2.90708919489833,2.4535137497600545,2.1641034549365967,8.061713973035202,1.4421088268048323,1.3155233491854783,1.1609963489628685,1.0319386353504534,0.8376472266516836,0.4202546044467829,6.44929884032001,0.12612211210953,6.49144265963456,6.825217449301721,0.9173022775081517,1.4739304561138364,2.1781347170530103,2.3738335835019244,2.3401343986992464,2.0512553309606507,1.7907638259526972,1.466901306904079,1.013254572931478,6.967229318185968,0.2670762804067244,6.246862337127117,-0.24833674323035218,5.972703847528475,5.658596700622951,-0.9531545558511747,5.078661024440125,-1.754718299356276,3.9975987131845336,3.2448036440609527,2.7668639140528497,2.4809186460918333,2.169417731906498,1.7629125046077236,1.3674831783963037,7.32223613860642,0.8082801473785722,0.8460208384792505,7.293665612525838,1.224174243157581,1.210603140594516,1.053424509111122,1.0697986147321596,0.9434254472424389,0.7939476610104826,0.6775677124001134,0.4076541854596444,6.218010398088298,-0.6928115012265362,5.180268550190908,4.90811276006909,4.661803428309615,4.309487098497189,4.0555376166035115,3.842658922180492,3.8280244978461315,4.052257459672,4.225422047471618,4.268621058759708,4.389061014669677,4.397054028315395,4.371240162957091,4.458940169012823,4.510400757918664,4.3532227443188685,4.233656525409422,3.893636659961638,3.9808802985672753,3.94862116502189,3.887296072126962,3.8121804173622333,3.606959202124047,3.557236449551811,3.393972317065581,3.0687136281052156,2.440979010693979,1.924606721265847,1.5788719810278562,1.3403686663053826,0.9747003709281049,0.5821009999705022,6.60524529896721,6.3259714034396515,6.093553757709872,5.743799119750948,5.504292534245919,-1.001284124020685,5.077311109900595,5.064029794375296,-1.3070235754318638,4.815735492657664,4.617200214747514
0.4010000000000003,0.05037535116998206,0.1654025536601533,4.420998392905286,4.127999463933519,3.8551709047035296,3.495676930421039,2.918835100963202,2.4705342988593535,2.185534391100967,8.084527749421422,1.4607320614860302,1.3245513143831014,1.1572184285638503,1.0169038621778297,0.8177295306771231,0.40465836838376984,6.444469187571811,0.13247273094065565,6.504600398026219,6.838045634729193,0.9218902752669096,1.4633852126537743,2.1514169115706454,2.3425617797735736,2.3114658574771,2.028672751640837,1.7742270127526767,1.455711054889491,1.007322532991036,6.966199085689322,0.2708548821960143,6.254370534156014,-0.23934870692981436,5.979400660896515,5.658491303632775,-0.9624120755446688,5.062023239702248,-1.7743671005510997,3.981164784705926,3.2368317932433284,2.765412522315548,2.4836265849219137,2.1745881484716887,1.7696351470371345,1.3752557540732926,7.3303062469817615,0.8152219968940894,0.8499289555167174,7.29280998907194,1.218229422192384,1.201229503318061,1.0429586683509502,1.060007780854769,0.9349409190629674,0.786874719320588,0.6724528419530894,0.4059195424994826,6.221547817934303,-0.6832520159074268,5.192694196294379,4.919766527354812,4.670119584206527,4.314255832420147,4.0592182343558685,3.848187713922518,3.8368349306051117,4.06380389589287,4.237546586958729,4.279053471869722,4.396552318663577,4.4019972003586,4.375199429107781,4.463514559801619,4.51608393823066,4.359286432649105,4.239083123208593,3.8979282421265076,3.9837462311959384,3.948510952017049,3.881603468872722,3.7996560749703283,3.589842358556405,3.540753075660264,3.3830273834206,3.065472713839247,2.4445996136291686,1.9304317030316023,1.5841811147939366,1.3450060360304557,0.9801160825122629,0.5897891672743174,6.614936186651572,6.335592720647872,6.100214141295574,5.7455685570346775,5.502164792219176,-1.0046243783712487,5.074828783005266,5.062304584313083,-1.3090705243543466,4.81313321734503,4.615045096944779
0.4110000000000003,0.05144800346416656,0.1753992570130691,4.4205708321733965,4.129819009121198,3.8594698024041802,3.5030192176548813,2.930694315522731,2.4874804150768823,2.20658795482531,8.10668305185947,1.4786620620241362,1.3331943667408692,1.1536324367325712,1.002666892945326,0.7989026618904933,0.3898705071911359,6.439736043685453,0.13827697792506108,6.516865759199854,6.849942926663352,0.9258220615538394,1.4529081699204311,2.125683076854269,2.312176258937382,2.283218527145303,2.0061082760233657,1.7575998730147542,1.4444763889734615,1.0013761544566524,6.965134943828107,0.2745204182537744,6.261604628117714,-0.2308314102247314,5.985579179278008,5.658117343705639,-0.9714808243711992,5.045955839201639,-1.7933463115019068,3.9651660410885694,3.228818486622123,2.7637385759707485,2.486126761914969,2.1796385911654816,1.776294407258082,1.382936803729717,7.338200135440829,0.8219215315092478,0.8536306313027564,7.291921861843285,1.2124765084524942,1.192147393185044,1.0327138764914319,1.0503010207131103,0.9264761271132681,0.779874534805482,0.6675022144362888,0.40436147132697636,6.225103196081234,-0.6739766002886184,5.204699985356079,4.931111245949006,4.678423359052612,4.319304442763913,4.063252059061176,3.8539003048666105,3.845571006485756,4.075090633868144,4.249389791205101,4.2893321005540725,4.404088515488819,4.407132721114683,4.379355394830401,4.468151486781395,4.521680012345668,4.3652266579764625,4.244450168746984,3.9021658531723027,3.9864141356146696,3.9480848182842507,3.875767394490314,3.7874232399975463,3.573361218318841,3.524871161792899,3.372316531541727,3.0620218684482916,2.4477687140874314,1.9359552237598996,1.5894644556378699,1.3498096012309213,0.9856979565320629,0.5974535361467949,6.6243771768824296,6.344866436078047,6.106664596476522,5.7474367965383335,5.500354288874562,-1.0077157329850603,5.072343282756631,5.060454194295482,-1.3111440490507162,4.810650479138695,4.613036122752406
0.4210000000000003,0.05254794735742461,0.1834871435404246,4.420221222523125,4.131672915210005,3.8638296800017993,3.510478518683515,2.9426471672506294,2.5043365591282125,2.2272678284957417,8.128209224510535,1.4959417384149403,1.341486662620831,1.150240545530741,0.9891870340198043,0.7810992068658105,0.3758398375727839,6.435101792552482,0.14357052689497526,6.528278314784803,6.860944389010131,0.9291324889914115,1.4425029382179726,2.100853546960729,2.2826314389400837,2.25540159546157,1.9835958260280344,1.740901291406374,1.433196422754929,0.9954092234409184,6.964029955556292,0.2780623258712095,6.268560244363008,-0.2227664913194113,5.991275873306551,5.657499962999876,-0.9803700249930062,5.030422816728765,-1.8116917371786334,3.9495885583681978,3.2207834774900874,2.7618622689903014,2.4884277046317327,2.1845652541162286,1.7828806581019363,1.3905196503270043,7.345919978619493,0.8283911699445067,0.8571420721986255,7.291006669266773,1.2069014817011048,1.1833362049453486,1.0226817552470349,1.0406870428587078,0.918045147495673,0.77295178636003,0.6627063657724517,0.4029621525903185,6.228664947509223,-0.6649720835191478,5.216314137264727,4.942169340300118,4.686713233258897,4.324607545426593,4.067609976252044,3.8597849832551923,3.8542418661439735,4.086137598069076,4.260970242465951,4.299465543902036,4.411663491738425,4.41244295490702,4.383691181900981,4.472848964885957,4.5272025322784275,4.371055172319902,4.249750750875254,3.9063321627330994,3.9888879989235266,3.9473780789066644,3.8698192417511796,3.7754701236978976,3.5574700347871575,3.5095506714173115,3.3618336546993244,3.05838970903082,2.4505239915971666,1.9411932120963205,1.5947132124269332,1.3547563191496599,0.9914244123036787,0.6050887920015382,6.63358373560211,6.353820803016529,6.112924631480753,5.749393643616193,5.49882698250546,-1.0105799472798893,5.069869195146645,5.058504973512429,-1.3132381841090808,4.8082734246476875,4.611161777078708
0.4310000000000003,0.05367306099064351,0.18983562736436646,4.419951144729142,4.1335692376718765,3.868253839044336,3.5180466584313965,2.9546755018227633,2.5210890394808723,2.2475784188906283,8.149134282811458,1.5126112383084422,1.3494593685177878,1.1470436630508054,0.9764257496213091,0.7642567260891039,0.3625191651793813,6.430567145720519,0.148385735868453,6.538876512337353,6.871085730429177,0.9318548507288135,1.4321699973465276,2.076857127689672,2.2538844187929827,2.2280204017436285,1.9611648111249564,1.7241495909776134,1.4218718895591211,0.9894160424731665,6.962876923366631,0.28147120351809013,6.275234959403239,-0.21513614225482952,5.996523585030064,5.656661460712408,-0.9890879554481177,5.015391469754167,-1.8294368999337725,3.934418392948414,3.212744233432757,2.759802531041388,2.4905378784749552,2.1893651102722895,1.7893852677380175,1.3979983315641875,7.353468135634254,0.8346425370345854,0.8604777817398299,7.290068899371637,1.2014917454900715,1.1747775844627188,1.0128545415501686,1.0311731423195025,0.9096602766623643,0.7661105527288479,0.6580565606640862,0.4017053307381139,6.232223049012735,-0.6562258036526678,5.227562530251473,4.952961031678987,4.694987756992784,4.330142143701253,4.072265383614781,3.865830557969866,3.862855448117504,4.096963201502532,4.27230542207518,4.309461848821066,4.419271521494475,4.417911784414188,4.3881916120912985,4.477605065814608,4.532662960957476,4.376781752691875,4.25497904546438,3.910413523708312,3.9911729423776743,3.946421809635899,3.86378571171311,3.7637860232316696,3.5421278453188494,3.4947549043275172,3.3515723699823297,3.0546017433445773,2.452900257575543,1.9461609681821253,1.5999197445334863,1.3598250509797345,0.9972755332280634,0.6126902503050027,6.642570358846657,6.362481474834288,6.119011315107973,5.751429634080473,5.497553110908448,-1.0132360034191426,5.0674183211038,5.056479446268018,-1.3153469503643447,4.8059907875247525,4.609411935986459
0.44100000000000034,0.05482166611497706,0.1946033485649983,4.419761567723847,4.1355147299852115,3.8727448227010504,3.5257157137326787,2.9667626071496542,2.5377258506301894,2.267524748947237,8.169484960688148,1.5287080933554527,1.3571409051635792,1.144041643297456,0.9643465831710406,0.7483173161035874,0.3498648452052896,6.426131512320499,0.15275206145776474,6.548697611733676,6.880402840775671,0.9340207476089585,1.421907592642285,2.053629944274825,2.2258948520968955,2.2010771640618763,1.9388406319070766,1.7073623288618078,1.4105047846029033,0.9833914613326877,6.961668624581242,0.2847387456444091,6.281627922694906,-0.20792317972518745,6.0013519918049125,5.6556216643861985,-0.9976421198204264,5.000832002080893,-1.8466131637697727,3.9196417286098346,3.204716128785514,2.7575770463935747,2.4924656444482203,2.194035839308161,1.795800543396992,1.4053675663336693,7.360847095565886,0.8406864772295554,0.8636507539478618,7.289112266450421,1.196235961314528,1.1664551366446314,1.0032250358307857,1.0217653992668376,0.901332217608313,0.7593543361561035,0.6535447285262991,0.4005762241187076,6.235768875704714,-0.6477256462591735,5.238468915296466,4.963504597403652,4.703245552290121,4.33588736303052,4.077193943505238,3.872026377635172,3.8714186522199663,4.107584440851764,4.283411733817727,4.3193285533938734,4.426907288199283,4.423524491724383,4.392842988809252,4.482417863227314,4.538070947107176,4.38241454779159,4.260130235946867,3.914399376690818,3.993274895011166,3.945243431809218,3.8576895497599106,3.752361094101112,3.527297850359319,3.48045024671905,3.34152616006469,3.050680694412867,2.4549296340589817,1.9508731490304683,1.6050774421985032,1.364996438383912,1.0032329809194582,0.6202537821673931,6.6513505713236825,6.370871725025896,6.124939634331173,5.753536060636128,5.496506594184516,-1.0157005628657825,5.065000184825221,5.054396889498518,-1.3174644933481143,4.803793447241727,4.607777743254354
0.45100000000000035,0.05599244739484245,0.19793811510633652,4.419652985951382,4.13751498700676,3.877304468351789,3.533478015089938,2.978893135211849,2.5542365244852574,2.287112360924109,8.189286755964048,1.5442673659721329,1.364557177470653,1.141233464078676,0.9529150674678799,0.7332272136163746,0.33783641275915016,6.421793298082009,0.15669641782733754,6.557777635856826,6.888931410921037,0.93566004299597,1.4117124337310243,2.0311144752889323,2.1986248072892147,2.174571576546136,1.9166451338970156,1.6905561537416356,1.399098063929161,0.9773308900546868,6.960397992843372,0.28785767426391157,6.287739548006823,-0.20111108835778257,6.005787996679437,5.654398245843296,-1.006039381925336,4.986717183304539,-1.8632498619455917,3.9052449845680406,3.1967126336674476,2.755202284177077,2.49421922053664,2.1985757605053515,1.8021196757880342,1.4126227169277157,7.368059433530482,0.846533080343718,0.8666726438750911,7.28813985256369,1.1911239049050721,1.158354176344814,0.9937865523996304,1.012468846606237,0.8930702479610194,0.7526860939332651,0.6491634070999799,0.39956143004419314,6.239295050501136,-0.6394600618412182,5.249055109283743,4.973816593644431,4.711485313906343,4.341824220710741,4.082373363845154,3.878362337005569,3.8799374787893286,4.118016989983733,4.29430453749925,4.329072725829004,4.434565892359038,4.429267644960864,4.397632910282458,4.487285396934774,4.543434568281412,4.387960365825099,4.2652004278514015,3.918281745247004,3.9952003408777137,3.94386720755719,3.851550152463068,3.7411861839750666,3.5129468850007055,3.4666059224365418,3.331688483253722,3.0466467972435205,2.456641728048045,1.9553437601743822,1.610180619791971,1.3702527855440214,1.0092799056622204,0.6277757476912527,6.659936942440605,6.379012655927839,6.130722794828626,5.755704969473797,5.495664528054298,-1.0179883322662175,5.062622442982035,5.052273817664683,-1.3195851756613926,4.801674060714066,4.606251486227225
0.46100000000000035,0.057184383007371234,0.19997710707303887,4.419625527460382,4.139574576778217,3.8819339644990882,3.541326147623021,2.9910530224693197,2.5706119934838503,2.306347229840164,8.208563974909252,1.5593217943762614,1.3717317892174665,1.138617377662712,0.9420986285814065,0.7189364382056651,0.3263962692265314,6.417550147328507,0.16024348580715086,6.566151334707378,6.896706628278424,0.9368008775059685,1.401580231446327,2.009258742188002,2.1720386232939197,2.1485012998203032,1.8945970142993873,1.6737467125663936,1.3876553930792914,0.9712302977553862,6.959058254873413,0.29082167003170906,6.293571261780386,-0.19468404347295257,6.009856058981002,5.653006990856417,-1.0142860704831376,4.973022056188898,-1.879374424546537,3.891214893072984,3.188745495320741,2.752693537781859,2.4958066476804763,2.2029837700355115,1.8083366842030901,1.4197597490906608,7.375107775769161,0.8521917154173719,0.8695539180270215,7.287154221309173,1.1861463411000415,1.1504615150890416,0.9845328726542577,1.0032876119091665,0.8848823715606483,0.7461082749001373,0.6449056923277163,0.3986488280410089,6.242795306641056,-0.6314180681581055,5.259341169404191,4.983912047818276,4.719705809117983,4.3479354252603475,4.087783203588456,3.8848288738538903,3.888417147625063,4.128275290691328,4.304998189645456,4.338700999502947,4.442242848596851,4.435128991158978,4.402550109637301,4.492205651621914,4.5487605451030095,4.3934249129873075,4.270186561669835,3.9220548087519913,3.996956123325995,3.9423146599372623,3.8453840712957175,3.730252710787343,3.499044968120375,3.453193752460572,3.322052857194999,3.0425180678347497,2.458063800652718,1.9595861532716152,1.6152244201189958,1.3755779465231397,1.015400855615986,0.6352529368533796,6.6683411152105245,6.386923394349935,6.136372473632548,5.757929136973854,5.495006753299545,-1.0201123591751697,5.060291216126525,5.050124390628068,-1.3217036357984027,4.799626754906602,4.604826475063553
0.47100000000000036,0.05839668546584875,0.2008472505755668,4.419679038468607,4.141697160697365,3.8866339097213527,3.5492529514799824,3.003229410369958,2.58684446432613,2.3252356862143526,8.227339776433785,1.5739019342602811,1.3786862421277049,1.1361910383051683,0.9318664870680795,0.705398470187967,0.31550941381583036,6.413399138816091,0.16341597805157632,6.57385216203366,6.903762939110679,0.9374697227814025,1.3915061044076962,1.9880156276918122,2.1461027663747183,2.1228623636987005,1.8727121850519153,1.6569485961497807,1.3761809389828068,0.9650862004399381,6.957643030344869,0.293625304546112,6.2991252981218055,-0.18862691857596472,6.013578475945901,5.651462030078589,-1.022388062249148,4.959723684461679,-1.8950125035893004,3.8775385533331272,3.1808249090849587,2.7500649712855187,2.497235760805851,2.2072592822930015,1.8144463624472484,1.4267751913988955,7.381994772323628,0.857671069614642,0.8723039870563304,7.2861575096246085,1.1812949144357068,1.1427652777899842,0.9754582014964664,0.9942250381057006,0.8767754550267297,0.7396228586492137,0.6407651934090334,0.397827483698663,6.246264362869612,-0.6235892420005488,5.269345550883314,4.993804625478271,4.72790587669001,4.354205201036425,4.093404699535974,3.891416958878358,3.8968621998164514,4.138372639886813,4.315506088910349,4.348219604537543,4.449934074874994,4.44109735578164,4.4075843178951315,4.497176546507996,4.554054429601045,4.3988129907185485,4.275086327077025,3.9257145412102563,3.998549293616377,3.9406049302459425,3.8392054332028236,3.7195525728519345,3.48556491664972,3.4401879269101716,3.3126129210320236,3.0383105454749795,2.4592209302287373,1.9636130291766214,1.6202047283109426,1.3809572178192275,1.0215816865894927,0.6426825174916916,6.676573844322339,6.3946212732782195,6.141899031716712,5.76020203372545,5.494515489195542,-1.0220842730400908,5.058011358556938,5.047960757446261,-1.3238148227206077,4.79764687039808,4.603496928018506
0.48100000000000037,0.0596287515470593,0.2006656949559122,4.419813149124647,4.1438856023577015,3.8914043718992963,3.5572515218464815,3.0154105671175424,2.6029273014189904,2.3437843472379476,8.245636216133887,1.588036295892196,1.385440119513355,1.1339516101678655,0.9221895591249255,0.6925699602818323,0.30514321178635123,6.409336944004432,0.16623486599260986,6.580912263484685,6.91013386839302,0.9376914590435845,1.3814848821618702,1.9673423002193908,2.120785691843552,2.0976494979615703,1.8510040958507548,1.6401753151072638,1.3646791991144183,0.9588956404967389,6.956146401624239,0.29626397493269907,6.304404531914488,-0.18292528154381188,6.016975624020136,5.649776037442354,-1.0303508480557757,4.946800934739664,-1.9101880939676272,3.8642034671521914,3.1729596775099567,2.747329670984677,2.498514165012322,2.211402175058935,1.8204442258111535,1.4336660949972266,7.388723076018756,0.8629791898862776,0.8749313228706712,7.285151502128055,1.176562053128573,1.135254744673975,0.9665571271237854,0.9852837865441839,0.8687553507014588,0.7332313957434331,0.6367359922031536,0.39708755487533737,6.249697810648831,-0.615963703782441,5.279085249793626,5.0035067757127925,4.736084425209662,4.3606191344070115,4.099220611763909,3.8981180805917997,3.905276585136303,4.148321272730165,4.325840724301041,4.357634396307819,4.457635876132724,4.447162549033896,4.412726146483347,4.50219593306511,4.559320770353798,4.40412865860181,4.2798980805313445,3.9292584060863565,3.9999869941268407,3.9387550827168316,3.833026293577444,3.7090780821762066,3.472482014591796,3.427564791912632,3.303362480177742,3.0340385098780205,2.4601361687899903,1.9674364458810882,1.625118094132887,1.386377236044839,1.0278094737243455,0.6500619898451898,6.684645040398433,6.402121999458385,6.147311693130979,5.762517781029153,5.494175020752335,-1.0239144831300644,5.05578667913998,5.0457933467801555,-1.3259140130704865,4.795730747482539,4.6022578643392205
0.4910000000000004,0.06088012022928119,0.1995403466636758,4.420027324333504,4.1461420656018015,3.8962449463766884,3.565315208603274,3.027585811562977,2.618854919271749,2.3620000555972065,8.263474290211235,1.6017514757856388,1.3920112549976287,1.1318958586374337,0.9130403595326815,0.6804104678762244,0.2952671926520489,6.4053599546215745,0.16871957394752932,6.587362475192153,6.915851888311792,0.9374894655488132,1.371511327242425,1.9471997254135855,2.0960577127367754,2.072856404222946,1.8294840209127352,1.6234392991447504,1.3531548625622905,0.9526561601550988,6.954562959116619,0.2987338413159249,6.309412343068077,-0.17756538251865456,6.0200661667434066,5.647960401167672,-1.0381795855730391,4.934234287318481,-1.9249236491069865,3.8511975605383246,3.165157356953461,2.7444997003363527,2.4996492167649484,2.215412738354797,1.8263264593312263,1.4404299943872356,7.395295326630771,0.8681235257385319,0.87744356205401,7.284137691525533,1.1719408845417771,1.1279202144938383,0.9578245842056184,0.9764659253616965,0.8608270072512891,0.7269350477044655,0.6328126063363022,0.3964202014996928,6.253092012613101,-0.6085320974319924,5.288575932468514,5.013029858349087,4.744240430963049,4.367164038387097,4.105215085335963,3.904924226719565,3.913663737233723,4.158132441380288,4.336013724755961,4.3669508812319595,4.465344924116067,4.453315278965523,4.4179669863547915,4.507261598511003,4.564563256947161,4.409375368685874,4.284620767545563,3.9326850986026427,4.001276368625288,3.9367803650848354,3.826856933861394,3.69882191460118,3.459773728146429,3.4153026523851273,3.2942955372231157,3.029714675002244,2.460830691123905,1.9710678306681735,1.6299616617568624,1.3918258806941464,1.0340724260501404,0.6573891470322859,6.692563818085041,6.409439807113922,6.152618696231558,5.76487110354985,5.493971431248573,-1.0256123423350934,5.05362012278474,5.043631112744701,-1.327996816118047,4.79387554775635,4.601105005593269
0.5010000000000003,0.06215043761572895,0.19757042772517622,4.4203209027900146,4.148468102477894,3.9011548120698265,3.573437615630247,3.039745439842951,2.6346226831925845,2.379889825235014,8.280873979171679,1.615072282364696,1.3984158870532113,1.130020227603249,0.9043929076594895,0.6688822249359369,0.28585287305302914,6.401464385057503,0.17088814522459164,6.593232331616315,6.920948327158046,0.9368857164250983,1.3615802943494058,1.9275522491845263,2.071890876508003,2.0484759795560437,1.8081613131605059,1.6067519140190505,1.34161269823929,0.9463657707961969,6.952887827069434,0.30103176748437954,6.314152506180325,-0.1725341358103269,6.022867234787033,5.646025371638942,-1.0458791417192195,4.9220056714271445,-1.9392401906244314,3.838509194639951,3.1574243915974325,2.7415861568628808,2.5006480097729997,2.219291626880496,1.8320898675821298,1.4470648697208883,7.4017141392719425,0.8731109719131986,0.8798475972762807,7.283117327863455,1.1674251605563675,1.1207528857890154,0.949255820354856,0.9677730055712757,0.8529945691021994,0.7207346258819308,0.6289899555119323,0.3958174998000074,6.256444011416557,-0.6012855674003246,5.2978320528434,5.022384255674641,4.7523729355030095,4.373827833144071,4.111373526306471,3.9118278632873302,3.9220266384925764,4.16781648921209,4.346035908959999,4.376174240155905,4.47305823479214,4.459547071223094,4.423298921235205,4.512371273280505,4.569784846054334,4.4145560760908324,4.289253850376742,3.935994328222956,4.002424493780765,3.93469443205435,3.8207061134673337,3.6887770721514315,3.4474194597528407,3.4033815909031047,3.2854063119244534,3.025350361543561,2.461323936197098,1.974517995810188,1.6347331062138748,1.3972921819642956,1.040359804573559,0.6646620408338041,6.700338546137978,6.416587598345764,6.15782742164581,5.767257280682325,5.493892372946957,-1.027186283706876,5.051513920146566,5.041481743497725,-1.330059170194185,4.792079105302873,4.600034685722814
0.5110000000000003,0.06343942790632318,0.19484703728190697,4.420693126761193,4.150864731863362,3.9061327848277014,3.5816125997292114,3.051880655197758,2.6502268177142083,2.397460793401105,8.297854291148765,1.6280218552766514,1.404668800219014,1.1283209048661482,0.8962226373577366,0.657949922825253,0.27687360007947864,6.397646354088225,0.17275738450575964,6.59855008145679,6.925453311243077,0.9359008768625213,1.3516868412409258,1.908367239606321,2.0482588500815173,2.02450050059179,1.7870436293320695,1.5901234915861213,1.3300574660336637,0.9400229196626683,6.951116673907161,0.303155264862718,6.318629100924165,-0.16781909757606925,6.025394582660054,5.643980189690853,-1.05345412698474,4.910098321272098,-1.9531574116111314,3.826127168640026,3.1497662352138636,2.738599229816777,2.5015173651376634,2.2230398159432925,1.837731826224913,1.453569110877914,7.407982096164402,0.8779479101345058,0.8821496581615682,7.282091458819445,1.1630091915294318,1.1137447535102172,0.9408463657427323,0.9592061268356054,0.8452614657822439,0.7146306285902209,0.6252633306279047,0.3952723614752197,6.259751448102441,-0.5942157341077183,5.306866958895848,5.031579470919621,4.76048104302901,4.380599440190734,4.117682490304485,3.9188219123073367,3.9303678761169065,4.177382920458827,4.355917334558705,4.385309349609815,4.480773144428493,4.465850195220802,4.428714652884684,4.517522641078759,4.574987871239072,4.419673329959666,4.293797241493542,3.939186635138622,4.00343832738016,3.9325095375125194,3.8145812837893938,3.6789368542395544,3.4354003350641658,3.3917833022688466,3.276689252693191,3.020955650116012,2.4616337405982307,1.9777971571542516,1.6394305758607153,1.4027662335898676,1.0466618443312006,0.671878952158619,6.707976898092575,6.423577070941379,6.162944500836809,5.769672098383578,5.493926870056955,-1.0286439350699748,5.049469711530993,5.039351838597186,-1.3320973333677832,4.790339802566759,4.599043769756053
0.5210000000000004,0.06474686957568726,0.19145370220864616,4.421143164659531,4.153332509544062,3.911177367575933,3.5898342691284792,3.0639835012468577,2.665664322234948,2.414720178394509,8.314433304671631,1.640621778185473,1.4107834539208566,1.126793877515503,0.8885063112590388,0.6475805195857187,0.26830441168816876,6.393901949616967,0.1743429802227605,6.6033427104346405,6.929395733400567,0.9345543964464598,1.3418263028933453,1.8896147774213325,2.0251368131647927,2.000921775199017,1.7661371292670884,1.5735633692637891,1.3184938472249494,0.9336264552103577,6.94924571049346,0.3051024397824889,6.322846439323634,-0.1634084406393954,6.027662725760511,5.641833198251148,-1.0609089234198024,4.8984966497993945,-1.966693773392979,3.8140407166663652,3.1421874612652183,2.7355482576288668,2.50226382529995,2.2266585607807814,1.843250235501934,1.4599414834808486,7.414101741104365,0.8826402493425594,0.8843553829017277,7.281060962770421,1.1586877877305959,1.1068885187770896,0.9325920056674044,0.9507659945433138,0.8376304921491936,0.7086232761132163,0.6216283653835991,0.3947784580804734,6.2630124891411585,-0.587314668775265,5.315692989228595,5.0406242153629695,4.768563917674261,4.387468688425782,4.124129582226247,3.925899728756519,3.9386896907507154,4.186840465325539,4.365667346156196,4.394360801181938,4.488487285165069,4.472217596435401,4.434207436573356,4.522713350443401,4.580174138386358,4.424729348147238,4.298251242903459,3.9422632355177347,4.004324669708744,3.9302367003398024,3.808488770576199,3.6692948352835337,3.4236990178644997,3.3804909430469965,3.2681390415642158,3.016539517078859,2.4617764639124013,1.980914954976566,1.6440526402911053,1.4082391106323464,1.0529696806562532,0.6790383656017459,6.715485902453845,6.430418834422095,6.167975908480835,5.77211180263712,5.494065148990795,-1.0299922158660955,5.0474886497347065,5.037247060119291,-1.3341078703811058,4.788656466831541,4.598129580869228
0.5310000000000004,0.06607257600951809,0.18746690811493208,4.421670128039211,4.155871590530139,3.91628679696078,3.598096981533878,3.0760467988799656,2.6809328934040195,2.4316752424509596,8.330628210694574,1.6528921850184062,1.4167720998379438,1.12543497882665,0.8812219397306879,0.6377430654526829,0.26012191152294595,6.390227279467371,0.17565961011191714,6.607635969791937,6.932803242567454,0.9328645977142714,1.33199433799349,1.8712673868866385,2.002501359455628,1.9777312675377097,1.7454466523404746,1.5570799359876961,1.3069263909781539,0.927175592085274,6.947271679134941,0.30687194397174755,6.326809006781203,-0.15929092749831816,6.029685060781684,5.639591939801724,-1.0682477076422885,4.887186137605682,-1.979866595797629,3.802239500321345,3.1346918620760347,2.7324417843673,2.5028936513038147,2.2301493591698947,1.8486434758317656,1.4661810969140125,7.420075576032484,0.8871934640309529,0.8864698817398472,7.2800265760212,1.1544562073180094,1.1001775099047733,0.9244887558673105,0.94245296951751,0.8301038803919333,0.7027125433402738,0.618081010118984,0.39433015071788896,6.266225761321516,-0.5805748683118201,5.324321560731388,5.049526485615853,4.77662078077275,4.394426230465164,4.130703365763594,3.9330550773704966,3.946994018728473,4.196197140682234,4.375294621658001,4.403332919226737,4.496198560702621,4.478642834489058,4.439771025240872,4.527941027004043,4.585345008474849,4.4297260784704084,4.302616491232482,3.94522589108616,4.005090135316195,3.927885847854948,3.8024339297728593,3.6598448469589338,3.4122995487622387,3.3694889951356553,3.2597505942391174,3.012109954864009,2.461767106050239,1.9838804765360043,1.648598243192721,1.4137027921450673,1.0592752797722604,0.6861389475488543,6.72287199162297,6.437122515201556,6.172927041324596,5.774573055288592,5.494298491773401,-1.0312374195058616,5.045571485607415,5.035172261678351,-1.3360876373059847,4.787028283900166,4.597289835342838
0.5410000000000004,0.06741637994069194,0.1829566056889939,4.422273084312052,4.158481784358859,3.921459086352771,3.6063953416989802,3.0880640868272957,2.6960308538120423,2.4483332592731344,8.346455353717706,1.6648518597444608,1.422645888742204,1.1242399279875,0.8743487045813111,0.6284085446309953,0.25230415597835953,6.386618510736796,0.176721032650174,6.611454409422071,6.93570224980492,0.930848758911966,1.3221869548135516,1.8532998002977752,1.9803304052402841,1.9549202012022087,1.7249758737217447,1.5406806823563637,1.2953594741710122,0.9206698764870258,6.945191835643288,0.3084629281428544,6.330521414292422,-0.15545588233208021,6.031473971948495,5.637263241718608,-1.0754744699188254,4.876153234844993,-1.9926921410790874,3.790713598075526,3.1272825378895788,2.729287614614108,2.5034128228977583,2.2335139171996308,1.8539103656178875,1.4722873743520464,7.425906059226421,0.8916126304536931,0.8884977933049517,7.2789889152976555,1.1503101100534459,1.0936056131354137,0.9165328403632187,0.934267111453929,0.8226833646119789,0.6968981899195531,0.6146175076719849,0.39392242498933444,6.269390293729528,-0.5739892307195955,5.33276324816417,5.058293632384729,4.784650908159814,4.40146346794324,4.137393281665179,3.9402821096441785,3.955282528877289,4.2054603064901475,4.384807216659229,4.412229777098469,4.503905122568003,4.485120026659705,4.445399621039743,4.533203285836656,4.590501469226904,4.434665248865865,4.306893908323635,3.9480767992953636,4.005741132980142,3.9254659402599277,3.7964212810172295,3.6505809637915627,3.4011872041734397,3.358763142344658,3.251519056483302,3.007674078523659,2.4616194166624936,1.9867022798158946,1.6530666597081107,1.4191500886110981,1.0655713737244183,0.693179527331837,6.7301410490001645,6.443696851732877,6.177802785733372,5.777052892686304,5.494619109142558,-1.0323852838209944,5.043718639376286,5.033131598790418,-1.338033764973161,4.785454726149473,4.596522584869633
0.5510000000000004,0.06877812110855741,0.17798668981782967,4.42295106620786,4.161162604091374,3.926692065179554,3.614724198498702,3.100029565900177,2.7109570865733277,2.4647014857434715,8.361930271848713,1.6765183298428623,1.4284149677022995,1.1232043637568154,0.8678668874785189,0.6195497315689047,0.24483055176123328,6.383071899787589,0.1775401666464675,6.61482141463041,6.93811794690634,0.9285231905317862,1.3124005219153232,1.8356887508077087,1.9586031048209644,1.9324796442976646,1.7047274428517545,1.5243722531646575,1.2837972722047069,0.9141091524936525,6.943003926349984,0.30987499853778333,6.333988359753961,-0.15189316262773322,6.033040925129131,5.6348532912201375,-1.0825930301374924,4.865385274323427,-2.005185691735201,3.779453492487295,3.1199619766493987,2.7260928663192314,2.503827041022519,2.2367541180708814,1.8590501213466786,1.478260024762613,7.431595604718452,0.8959024605757541,0.890443334654174,7.277948496388496,1.146245516070143,1.0871672117568205,0.9087206716140268,0.9262082169976088,0.8153702387159337,0.6911797879053927,0.6112343710739271,0.39355083107184885,6.272505466105093,-0.5675510313288569,5.341027856422299,5.066932421811042,4.792653627544176,4.408572484658729,4.144189573770861,3.947575341325213,3.9635566546458794,4.214636718144926,4.394212606687205,4.421055212078319,4.511605347286481,4.491643796447738,4.4510878331594474,4.5384977434766895,4.595644197006279,4.439548408402535,4.311084657041571,3.9508185009137926,4.006283852137712,3.922985078897114,3.7904546222421884,3.6414974911498903,3.3903483726710646,3.3483001589232773,3.2434397978932057,3.0032382200702745,2.461345996857215,1.9893884180046026,1.6574574579027923,1.424574574029056,1.0718513995830627,0.7001590809930412,6.737298453881149,6.450149780500543,6.182607575762556,5.779548687343473,5.49502003043582,-1.033441051683447,5.041930260192268,5.031128623448606,-1.3399436419230466,4.783935492604397,4.595826165630669
0.5610000000000004,0.07015763663905929,0.17261545055216468,4.42370307878373,4.163913309659422,3.93198341464039,3.6230786415028824,3.1119380468386493,2.7257109754075577,2.4807871373982984,8.377067735680319,1.6879079536768562,1.434088568496157,1.122323872982163,0.8617578029547549,0.611141060168942,0.2376817625329084,6.37958381460019,0.1781291608901092,6.61775924562287,6.940074334429774,0.925903305605388,1.3026317678649708,1.818412789181821,1.9372997722038199,1.910400579584528,1.6847031062564324,1.508160500933222,1.2722437387988743,0.9074935297681478,6.940706161611017,0.3111081762828659,6.337214596656545,-0.14859313090069712,6.034396551519199,5.6323677013787385,-1.0896070513093559,4.854870394259865,-2.017361622508347,3.768450055988521,3.112732125336575,2.7228640213207154,2.504141732266865,2.239871993774181,1.8640623200147464,1.4840990168209571,7.437146582615309,0.9000673337215654,0.8923103457694833,7.276905749645761,1.1422587691016126,1.0808571324931069,0.9010488327779882,0.918275853213934,0.8081654082806228,0.6855567469418897,0.6079283629282847,0.39321142870982273,6.275570962924945,-0.5612539000597373,5.349124486171813,5.075449090316397,4.800628315976793,4.415745986603964,4.151083221981866,3.954929630604819,3.971817622214061,4.223732574940045,4.4035177271918755,4.429812839142552,4.519297814688131,4.498209226827348,4.456830640996269,4.5438220292858205,4.600773610180952,4.444376960761543,4.315190101925463,3.9534538023701193,4.006724254413409,3.920450600674669,3.784537128246774,3.632588954955546,3.3797704462413085,3.3380878089943686,3.2355084038344777,2.99880801202969,2.4609583935027577,1.9919464643274858,1.6617704639811093,1.4299705225013162,1.0781094427994584,0.7070767172681874,6.744349123903428,6.456488513674477,6.187345443271349,5.782058112687296,5.495495007825233,-1.0344095234488317,5.040206275897799,5.029166365305738,-1.341814897401182,4.782470459071814,4.595199153545496
0.5710000000000004,0.0715547537096076,0.16689599603158858,4.424528104609897,4.166732946163769,3.9373306999155577,3.631453997058549,3.1237849016623387,2.740292349846992,2.496597367278335,8.391881785883953,1.6990360020279889,1.4396750880208162,1.1215940147583614,0.8560037358199316,0.6031585045549047,0.23083962347405218,6.376150750918773,0.17849945543867474,6.620289078923205,6.941594256587871,0.9230036839719546,1.2928777731490069,1.8014521209430268,1.916401808501353,1.8886739622520166,1.6649038165657088,1.4920505393707957,1.2607025930793143,0.9008233529402958,6.938297187039251,0.31216285940501204,6.340204908770009,-0.1455466268674741,6.035550722313544,5.629811569424278,-1.0965200510956223,4.844597469427972,-2.029233466892538,3.7576945358020506,3.1055944536617344,2.7196069733259804,2.5043620549132415,2.2428696994863735,1.8689468638939029,1.4898045546571863,7.442561320060495,0.904111325933568,0.8941023291611526,7.275861032916046,1.1383465036586804,1.0746705982196365,0.8935140618811043,0.9104693870852758,0.801069436989659,0.6800283370706676,0.6046964763375637,0.39290073687434923,6.278586732617557,-0.5550917998270761,5.3570615934777495,5.083849393743729,4.808574397431981,4.4229772480528675,4.1580658814335,3.9623401571469743,3.9800664751355024,4.232753564865058,4.412729011241656,4.43850606370075,4.526981287494481,4.504811817817766,4.462623361876848,4.549173795969438,4.6058899150295955,4.449152191518436,4.319211774311607,3.9559857105912277,4.0070680691521785,3.9178691606392095,3.7786714356226754,3.6238500926201165,3.369441724374044,3.3281147558944117,3.22772066617665,2.994388461480364,2.4604671864480103,1.9943835369025324,1.666005730921884,1.4353328491613666,1.0843401845560385,0.7139316654479887,6.751297554906156,6.4627196091951475,6.192020061337621,5.784579110856168,5.496038432846509,-1.0352951025613275,5.038546434649708,5.027247401470557,-1.343645384755809,4.7810596367008555,4.594640325113172
0.5810000000000004,0.07296928412135803,0.1608766481261241,4.425425107618064,4.169620377671823,3.942731399026933,3.6398458239004863,3.13556601839219,2.7547014352124424,2.512139247804458,8.406385769445258,1.7099167340717103,1.4451821614301843,1.1210103408833494,0.8505878827634151,0.5955794701754673,0.22428706281911817,6.372769343376282,0.17866183585758513,6.6224310500233186,6.942699440932536,0.9198381308818365,1.2831359567116147,1.7847884610073168,1.895891634541752,1.8672907674170316,1.6453298293776577,1.4760467959705557,1.2491773125346164,0.8940991728550318,6.935776053451553,0.3130397873657228,6.34296408968631,-0.1427449403370033,6.036512615551013,5.6271895283779685,-1.103335411748351,4.834556049591656,-2.04081397848669,3.7471785384203433,3.098550010865226,2.71632707323524,2.5044929062369023,2.2457494905204984,1.873703947614602,1.4953770553473589,7.447842102632299,0.9080382370940243,0.8958224851477452,7.274814642364573,1.1345056157085067,1.0686031861936085,0.886113237706536,0.9027880115628093,0.7940825881828746,0.6745937092814848,0.6015359172584918,0.3926156878139248,6.2815529513709984,-0.5490590061448813,5.364847043989909,5.092138651470638,4.816491340508805,4.430260062997738,4.165129827226527,3.9698024020476783,3.9883040959821865,4.241704905957949,4.421852424930945,4.447138093416878,4.534654692268611,4.511447448022085,4.468461622665126,4.554550729120955,4.6109931451442066,4.453875290331043,4.323151341543664,3.9584173784272507,4.007320792087391,3.9152468043628756,3.7728597160346338,3.6152758448557782,3.3593513292350585,3.3183704804775513,3.2200725733079465,2.989984015711689,2.459882069023809,1.9967063233479854,1.67016351023323,1.4406570552625797,1.0905388529281275,0.7207232648248557,6.758147858149697,6.468849034004511,6.196634782018487,5.787109863437448,5.496645263489747,-1.0361018354052693,5.036950339738725,5.0253739166021685,-1.3454331654732299,4.779703137607654,4.594148623285171
0.5910000000000004,0.07440102045339056,0.15460131191706472,4.426393035985263,4.172574317009024,3.948182928534942,3.648249908318841,3.1472777589910814,2.7689388070175993,2.527419755359038,8.420592374490475,1.7205634680899442,1.4506167286726548,1.1205684131643192,0.8454942979078008,0.5883826941683993,0.21800802957036997,6.369436372582448,0.1786264814967971,6.624204296670693,6.943410541193874,0.9164197303675851,1.273404058937161,1.7684049034239333,1.8757526282231773,1.8462420290689563,1.625980789403678,1.4601530631524933,1.2376711306494195,0.887321719796906,6.933142186309314,0.3137400079755241,6.3454969262978995,-0.14017978501448275,6.037290776129496,5.624505792898227,-1.1100563887682222,4.8247363043099325,-2.052115187538385,3.7368940139679068,3.0915994763255257,2.7130291717568378,2.5045389307638817,2.248513701659648,1.8783340275254672,1.5008171280546903,7.452991176015033,0.9118516158916131,0.8974737433109456,7.2737668215663716,1.1307332364656326,1.0626507911074945,0.8788433672320364,0.8952307686199484,0.7872048620079675,0.6692519139434651,0.5984440881779041,0.3923535852076034,6.284469991046681,-0.5431500879447497,5.372488162197563,5.100321786076151,4.824378656255137,4.43758870132169,4.172267904149977,3.9773121287781597,3.9965312253887064,4.250591384430924,4.430893500541397,4.455711949211412,4.542317101763687,4.518112339797595,4.474341334685669,4.559950555729115,4.616083195168248,4.458547368944198,4.327010579896471,3.9607520590502587,4.007487686448111,3.912589031553192,3.7671037395353513,3.6068613481093577,3.349489130434751,3.3088452075089174,3.212560299799854,2.985598620504415,2.459211922208967,1.9989211049214115,1.6742442265500823,1.4459391772395989,1.0967011776589035,0.72745095547323,6.7649037949029225,6.474882221081799,6.201192669324059,5.789648764994462,5.4973109603855805,-1.036833446289144,5.035417478711731,5.023547754720937,-1.3471764939978281,4.778401146427307,4.593723127843819
0.6010000000000004,0.0758497335188268,0.14810982032528128,4.427430824336929,4.175593351988691,3.9536826662749345,3.6566622589197992,3.158916920359101,2.783005349477461,2.542445757282282,8.434513663673691,1.7309886472225846,1.4559850950433006,1.1202638180396165,0.8407078420684018,0.5815481540362101,0.21198742673091023,6.366148768988409,0.1784030087011946,6.625627002290724,6.943747181982124,0.9127608938395005,1.2636801224422283,1.7522858042439944,1.855969066197824,1.8255188718760516,1.6068558071497305,1.444372547531165,1.226187038220819,0.8804918787361655,6.930395355258528,0.3142648465585013,6.347808185461934,-0.13784327335385105,6.037893169834382,5.621764200088209,-1.1166861185172818,4.8151289733235005,-2.0631484530184325,3.7268332406869495,3.084743204619349,2.7097176593180285,2.504504529233098,2.2511647287048273,1.8828377932675693,1.5061255547257522,7.458010747817544,0.9155547827331537,0.899058790561602,7.27271776916853,1.1270267089530346,1.056809592369553,0.8717015744559276,0.8877965696856143,0.7804360286164302,0.664001917265141,0.595418573011675,0.3921120661283793,6.287338390760259,-0.5373598895930303,5.379991776216509,5.108403359063056,4.832235896112749,4.444957869175066,4.1794734808943215,3.9848653651370443,4.004748478835708,4.259417389785326,4.439857367524959,4.464230475530053,4.549967718668319,4.524803027740098,4.480258671484004,4.565371051629539,4.621159849608266,4.4631694757633,4.330791350855136,3.9629930679610643,4.007573785948735,3.9099008520789544,3.761404929333475,3.5986019274440095,3.339845678130837,3.2995298393428802,3.205180195999879,2.9812357719177247,2.458464882853197,2.001033780015562,1.6782484548198826,1.4511757395457872,1.1028233483415848,0.7341142701497807,6.771568808451978,6.480824120887595,6.205696528125664,5.792194399205902,5.498031430843166,-1.0374933682888863,5.033947247712596,5.021770463932971,-1.34887380341938,4.7771538968424485,4.593363029797113
0.6110000000000004,0.07731517088287836,0.14143825526462528,4.428537395482374,4.1786759684784665,3.959227971345191,3.665079101020689,3.17048069821271,2.7969022178126686,2.5572240010199465,8.448161106113224,1.7412039005597035,1.4612929863106863,1.1200921789087388,0.8362141354720664,0.575056983795726,0.20621104949953525,6.36290361419959,0.17800050969501066,6.626716439127602,6.94372800434749,0.9088734043589043,1.2539624716887483,1.7364166758690653,1.8365260695153847,1.805112537021899,1.5879535272298109,1.4287079170201422,1.2147277875342168,0.873610666592608,6.927535644233527,0.31461587724367546,6.349902603242171,-0.13572789254944165,6.03832723209663,5.618968245904532,-1.1232276249736475,4.805725321849321,-2.0739245105565587,3.716988809720895,3.0779812656200276,2.706396503315931,2.5043938680451903,2.2537050120687345,1.887216141487049,1.511303272247416,7.462902989443223,0.9191508507124296,0.9005800961996323,7.271667645370885,1.123383567032204,1.0510760250972058,0.8646850904655492,0.880484213779358,0.7737756578029414,0.658842615935473,0.5924571231373398,0.3918890665283258,6.290158831735413,-0.5316835140714309,5.38736425852837,5.116387603071485,4.840062649979135,4.452362673093326,4.186740408311087,3.9924583862147136,4.012956361462463,4.268186947125207,4.448748781394678,4.472696349953337,4.557605860720098,4.531516330184816,4.486210049018772,4.570810047914817,4.626222807366562,4.4677426076168185,4.33449558041165,3.9651437514474672,4.00758389921456,3.907186835425974,3.755764409216097,3.5904930897470955,3.330412143389114,3.290415896152059,3.1979287777584027,2.9768985623607076,2.457648406349486,2.003049886876791,1.6821768998419049,1.4563637110655587,1.1089019758006202,0.7407128271329468,6.778146053617087,6.48667924776597,6.210148929599297,5.794745517428172,5.498802979682466,-1.0380847705502745,5.03253897180275,5.020043335081174,-1.350523692064332,4.775961652292728,4.593067609340015
0.6210000000000004,0.07879705623778771,0.13461924669628117,4.4297116618406625,4.181820570658883,3.964816201561406,3.673496870724447,3.181966653674825,2.810630804057669,2.571761105183603,8.461545607880819,1.751220099871286,1.4665455989269403,1.1200491665014567,0.8319995136943954,0.5688913968621363,0.20066552795305673,6.359698140289749,0.17742758775191578,6.627489010764582,6.943370711425371,0.9047684570209563,1.2442496921599517,1.7207840914944725,1.81740955289666,1.7850144030392572,1.5692721892691297,1.4131613455879068,1.2032958987190918,0.8666792114761533,6.924563422472108,0.3147948962666347,6.3517848762358255,-0.1338264817212043,6.03859991209171,5.616121117714126,-1.1296838257755921,4.796517100204882,-2.084453516554548,3.70735361032019,3.0713134801654207,2.703069282784118,2.5042108890147308,2.2561370222513264,1.8914701515982097,1.516351355972646,7.467670037940115,0.9226427447543954,0.9020399343038451,7.270616577427026,1.1198015166366098,1.0454467543779415,0.8577912446150902,0.8732924036239099,0.7672231454485265,0.6537728500972751,0.5895576444781246,0.39168278996575906,6.2929321150768125,-0.5261163072726466,5.394611563052439,5.124278450963561,4.847858544379906,4.4597985874527195,4.194062981324586,4.000087698356933,4.021155281157226,4.2769037468710795,4.457572150621127,4.481112092211631,4.565230947139095,4.538249323447109,4.492192107943273,4.576265436341037,4.631271702562394,4.472267719218722,4.338125241064419,3.967207460513307,4.007522615285215,3.9044511544465745,3.75018304464648,3.582530517182224,3.321180264882786,3.2814954620407035,3.1908027164382884,2.972589721630581,2.4567693241422313,2.0049746254468443,1.686030377944242,1.461500464898587,1.1149340564656258,0.7472463238503011,6.784638423886593,6.492451721803627,6.2145522337055255,5.797301019487613,5.499622265959117,-1.0386105825479368,5.031191921896253,5.018367435182124,-1.3521249109953568,4.774824690198308,4.5928362169715555
0.6310000000000004,0.08029508946018205,0.12768225091726307,4.430952526671898,4.185025498790664,3.9704447285901434,3.6819122087203278,3.193372682404065,2.824192706096786,2.5860635523074507,8.474677541060386,1.7610474122627644,1.4717476457819645,1.120130507565805,0.8280509865836975,0.5630346150139026,0.19533827380841048,6.356529727569984,0.17669238915681934,6.627960293752796,6.942692113582138,0.9004566958478769,1.2345406096351497,1.7053755984748966,1.7986061773448039,1.7652160024447854,1.5508096822338868,1.39773455556036,1.1918936677270788,0.8596987338358097,6.9214793166951285,0.31480389717095697,6.353459654586756,-0.13213221031946681,6.038717712703658,5.613225723468298,-1.1360575376716275,4.787496507263925,-2.094745088776654,3.697920815556005,3.064739451774192,2.6997392205725332,2.5039593192730645,2.258463247038724,1.8956010635008733,1.5212710045265505,7.472313997779626,0.9260332190554091,0.9034404037472761,7.269564664330632,1.1162784189734314,1.0399186524108275,0.8510174566920761,0.8662197599721412,0.7607777370925778,0.648791414800429,0.5867181855622726,0.39149167930684003,6.295659142145392,-0.5206538433545885,5.401739258894434,5.132079562111476,4.855623240744646,4.467261424910202,4.201435904144723,4.007750024103034,4.029345560139104,4.285571172066104,4.4663315616394135,4.4894800726615385,4.572842486319537,4.5449993185469815,4.498201697687015,4.581735173784844,4.636306122138084,4.476745730751645,4.341682336230472,3.9691875294462022,4.007394309908811,3.901697624140961,3.7446614784066274,3.5747100608317774,3.3121423011424405,3.2727611364401015,3.183798829310941,2.96831165351545,2.4558338964462254,2.0068128782588186,1.6898098005997522,1.4665837413135576,1.1209169395367322,0.7537145311672528,6.791048576292233,6.498145306597453,6.218908609124918,5.799859936512173,5.500486264811177,-1.0390735157157738,5.029905328840403,5.016743636379445,-1.3536763524011888,4.773743289137598,4.592668257395521
0.6410000000000005,0.08180894720301873,0.12065380935252688,4.432258885195807,4.188289044772466,3.976110950967767,3.690321953858325,3.2046969860950254,2.837589699668351,2.6001376831066234,8.487566771403202,1.7706953490336437,1.4769033979186696,1.1203319921117583,0.8243561999517203,0.5574708028600008,0.19021743091085447,6.3533959011837835,0.175802632379049,6.628145078137344,6.941708172626876,0.8959482475581119,1.2248342699431258,1.6901796396126902,1.7801033058338855,1.7457090348441135,1.5325635929199533,1.3824288574270454,1.1805231754773116,0.8526705294295033,6.918284184626968,0.31464504780450603,6.354931536362968,-0.13063855775299946,6.038686726806033,5.610284717897411,-1.142351481469288,4.778656157312877,-2.10480834369916,3.6886838685976024,3.0582585948403787,2.6964092131536876,2.503642681196089,2.2606861802739346,1.8996102571502218,1.5260635258079367,7.476836942528059,0.9293248729396248,0.9047834460984728,7.268511980822425,1.1128122754850138,1.0344887781914522,0.8443612299634095,0.8592648343532345,0.7544385489269232,0.6438970700759488,0.5839369264870317,0.39131439114833244,6.2983408972523325,-0.5152919110925228,5.408752561083877,5.139794346180984,4.863356433778633,4.474747309517086,4.208854258467493,4.015442288065594,4.0375274452158285,4.29419232345694,4.4750308020751515,4.49780252027226,4.580440064709007,4.551763840181664,4.5042358620926,4.587217285815521,4.641325620683863,4.481177533917095,4.345168886804585,3.9710872583172714,4.007203152396704,3.8989297361029136,3.7392001615275032,3.5670277344963894,3.303290987679657,3.264205990243356,3.176914070407521,2.9640664684847766,2.4548478605367863,2.008569230343294,1.6935161597983892,1.4716116136718962,1.1268482967470295,0.7601172882320347,6.797378954158286,6.503763443337928,6.223220051000227,5.802421415618823,5.501392233767214,-1.0394760827963945,5.028678395087456,5.015172641036272,-1.3551770388438695,4.772717718508725,4.592563175868939
0.6510000000000005,0.08333828389751362,0.11355778904800244,4.433629625654089,4.191609465739231,3.981812305202836,3.6987231365441957,3.215938046186964,2.8508237130929905,2.6139896920610948,8.500222684614917,1.7801728110038055,1.4820167225858805,1.120649479411483,0.8209033998242754,0.5521850072965618,0.18529182913855963,6.350294326830314,0.1747656348060412,6.628057406720707,6.940434044774065,0.8912527525406688,1.2151299194557617,1.6751854815108531,1.7618889618423899,1.7264853770668551,1.5145312492422938,1.3672451871553812,1.1691862977999548,0.8455959540144498,6.914979089971863,0.3143206690106773,6.356205063038723,-0.12933929422695645,6.038512670251058,5.6073005260741535,-1.1485682865566837,4.769989049934265,-2.114651930882438,3.6796364695863266,3.0518701596911355,2.6930818581778353,2.503264302255019,2.2628083120557765,1.9034992338741341,1.530730324105783,7.481240916387793,0.9325201652491109,0.9060708616385623,7.267458580828762,1.109401214384616,1.0291543594456585,0.8378201450026692,0.8524261204158721,0.7482045864762695,0.6390885497641764,0.5812121687216232,0.39114977272378754,6.300978432418206,-0.5100265011668016,5.415656358582232,5.147425984667831,4.871057849922725,4.482252652232831,4.216313474382942,4.023161603712907,4.045701116876895,4.30277004252112,4.483673382298449,4.506081530164107,4.5880233367992345,4.558540607730126,4.510291826401038,4.592709869452649,4.646329732860008,4.485563996737508,4.348586919623413,3.9729098988121527,4.006953112854753,3.896150689173098,3.7337993801428824,3.5594797086320367,3.2946194984010377,3.2558235261917674,3.1701455218669863,2.959856012925288,2.453816474954083,2.0102479881216486,1.6971505150084196,1.4765824571264292,1.1327260945362225,0.7664544977901235,6.8036318078611915,6.509309281575556,6.22748839678035,5.804984706282374,5.502337682948355,-1.0398206152022709,5.027510304332303,5.013655003498551,-1.3566261133210944,4.771748230278747,4.592520446696868
0.6610000000000005,0.08488273306060573,0.1064156059887551,4.435063630353764,4.194984995923314,3.987546275149634,3.707112972000509,3.2270945996249507,2.863896804497861,2.6276256241667797,8.51265421131587,1.7894881305583967,1.487091117968948,1.121078902926984,0.8176813990585879,0.5471631014972581,0.18055094145004436,6.347222805860936,0.1735883373291493,6.627710612947146,6.938884122136674,0.8863793933285713,1.2054269864946099,1.6603831492491723,1.743951790523303,1.7075370908007819,1.496709758888732,1.3521841410526096,1.1578847158806045,0.838476409650066,6.911565278912106,0.31383321491920235,6.357284715872152,-0.12822846276416242,6.038200911907352,5.604275364646271,-1.1547104950563667,4.761488542591615,-2.124284064610294,3.670772563121917,3.0455732548514542,2.6897594799051885,2.5028273247087034,2.2648321202308757,1.9072695993317652,1.535272888254283,7.485527935594687,0.9356214273812405,0.9073043236972588,7.266404500423291,1.1060434786013158,1.0239127765539418,0.8313918542103732,0.845702064023501,0.7420747612032245,0.634364569221744,0.578542325688034,0.3909968410715377,6.303572853970647,-0.504853794324135,5.422455239817055,5.154977450414815,4.878727245894002,4.489774128597317,4.223809303739391,4.030905261011882,4.053866697360416,4.311306932602132,4.492262555413655,4.514319070735838,4.595592016150226,4.56532751809211,4.516366985410339,4.598211095182549,4.651317983746407,4.489905967344199,4.351938457615639,3.9746586428822996,4.00664796964417,3.8933634167679503,3.7284592788125455,3.552062304415116,3.2861214108088594,3.2476076430752183,3.1634903858020262,2.9556818953227117,2.4527445599459217,2.0118531972806775,1.7007139815731422,1.4814949199058727,1.1385485684589163,0.7727261218965972,6.809809213736727,6.514785707000718,6.231715340414713,5.80754914822227,5.503320348675635,-1.0401092786362967,5.026400229432167,5.012191148984238,-1.3580228300958714,4.770835052486836,4.592539563603814
0.6710000000000005,0.08644190882098465,0.09924643229677915,4.436559776714413,4.198413856975502,3.993310399829129,3.7154888534369404,3.238165616525138,2.8768111413239414,2.6410513727113942,8.524869850720885,1.798649110647957,1.4921297449049011,1.1216162743107538,0.8146795461479984,0.5423917330318283,0.17598484383085425,6.344179269946424,0.17227732702628135,6.627117357328495,6.937072072603196,0.8813369208323367,1.1957250637566437,1.6457633667387817,1.72628102232309,1.688856428119752,1.4790960438339762,1.3372460082412456,1.1466199269679076,0.8313133325016808,6.908044158155592,0.3131852547452664,6.358174913010216,-0.12730036237340256,6.037756501043885,5.601211260999775,-1.1607805656597583,4.753148325631539,-2.1337125530232224,3.6620863263638816,3.03936686682244,2.6864441526452203,2.502334715073662,2.2667600630524167,1.9109230480074906,1.5396927807543845,7.489699989665838,0.9386308750819115,0.9084853914876856,7.2653497603870125,1.1027374149867415,1.0187615482398555,0.8250740769480621,0.8390910722374632,0.7360479052524747,0.629723832022889,0.5759259140626679,0.3908547642590366,6.306125310778141,-0.4997701503518982,5.42915351597306,5.162451525311557,4.886364407300103,4.497308658347532,4.231337795738405,4.038670714887051,4.062024257814059,4.319805378302958,4.5008013357896495,4.522516990412737,4.603145867369074,4.572122630181843,4.522458892659038,4.6037192083069485,4.656289897407059,4.494204276943404,4.355225511440591,3.976336613781567,4.00629131695515,3.8905706112881866,3.723179880783992,3.544771987932401,3.2777906745520298,3.239552603354462,3.1569459766884265,2.951545509739682,2.4516365344536513,2.0133886596364263,1.7042077204028694,1.4863478970030704,1.1443141996607384,0.7789321779677855,6.8159130912696755,6.520195366534056,6.235902445108114,5.8101141606555915,5.504338170060885,-1.040344087182319,5.0253473388754575,5.010781389988483,-1.3593665462430815,4.769978384219745,4.592620031741252
0.6810000000000005,0.08801540759180278,0.09206738829849537,4.43811693833162,4.2018942669208466,3.9991022798617215,3.723848345170328,3.249150279603808,2.8895689819183583,2.654272677947159,8.536877693087927,1.8076630609660609,1.497135455858998,1.1222576866039016,0.8118876960481686,0.5378582757508654,0.17158417792094952,6.341161775473133,0.17083885814783106,6.626289662362258,6.935010878009887,0.8761336785641345,1.1860238918160704,1.631317502191266,1.7088664388795696,1.6704358352381559,1.4616868711512851,1.3224308008324834,1.135393255156177,0.82410818203262,6.904417274530206,0.3123794560095326,6.358880007186051,-0.12654953232125554,6.037184192321489,5.598110070579683,-1.1667808771815116,4.744962399453693,-2.1429448249546996,3.6535721577410962,3.03324987764622,2.683137722332437,2.501789273322983,2.2685945728882726,1.9144613491360014,1.5439916277939225,7.493759042497529,0.9415506190975357,0.9096155215995111,7.264294368429001,1.0994814646519995,1.0136983188229676,0.81886459521544,0.8325915213073607,0.7301227845273442,0.6251650357615801,0.5733615457457767,0.39072284447394096,6.308636983939184,-0.4947720978073726,5.435755242248953,5.169850816356721,4.893969147320734,4.504853386788626,4.238895274557682,4.046455574450528,4.070173824655047,4.328267563278487,4.509292516231665,4.530677024043345,4.610684698966215,4.578924150913084,4.528565250508749,4.609232529695675,4.661245003919776,4.498459742118091,4.358450072437856,3.9779468591175258,4.005886572400912,3.887774745956669,3.717961105596811,3.5376053644969376,3.269621582948545,3.231653003854315,3.1505097142718865,2.9474480568965653,2.4504964499259407,2.014857949006033,1.7076329288342063,1.4911405060927636,1.1500216932654803,0.7850727351242768,6.8219452186968725,6.525540690994308,6.24005115481416,5.812679232776393,5.505389268216266,-1.0405269160454957,5.024350802025901,5.009425940539933,-1.3606567138619272,4.769178391821526,4.592761361117435
0.6910000000000005,0.08960280983118785,0.08489372039364768,4.43973398606133,4.205424447904527,4.004919582663946,3.732189175731952,3.2600479652381535,2.90217265902807,2.6672951265456253,8.54868544098693,1.8165368315124693,1.502110821412497,1.1229993167384755,0.8092961828719379,0.5335507851132693,0.16734011612543928,6.33816849779393,0.1692788715811336,6.6252389459180545,6.932712870563901,0.8707776250560664,1.1763233437228808,1.617037518206547,1.6916983410439501,1.6522679547732482,1.4444788805084088,1.3077382818949033,1.1242058620955826,0.8168624314738353,6.900686296099585,0.3114185690952846,6.359404283900498,-0.12597073745904028,6.036488468622487,5.594973492566307,-1.1727137318662826,4.736925053629357,-2.1519879546629803,3.6452246662558383,3.027221080500478,2.679841826365453,2.5011936417778293,2.270338050870029,1.917886333957048,1.5481711101025057,7.497707033317438,0.9443826747827758,0.9106960782920529,7.263238321119377,1.0962741543170633,1.0087208468605255,0.8127612498074048,0.8262017637739721,0.7242981102726541,0.6206868770519415,0.5708479204492345,0.3906005028076229,6.311109077765484,-0.48985632444674976,5.442264237268964,5.177177770242993,4.901541305450406,4.512405667750153,4.246478318819118,4.054257592957872,4.07831538522107,4.336695486557243,4.517738683890965,4.53880079896925,4.618208357014293,4.5857304225274635,4.534683901018852,4.614749456012367,4.66618284508867,4.502673166594776,4.361614106728936,3.97949234560167,4.005436984559592,3.8849780943890524,3.7128027843783986,3.530559173093395,3.2616087471496327,3.223903749213749,3.144179116978042,2.9433905631239634,2.4493280212254627,2.0162644261147538,1.7109908325400374,1.4958720655130946,1.1556699585263839,0.7911479107862002,6.827907247149218,6.53082391558345,6.244162804618778,5.815243915333223,5.506471927766054,-1.0406595130967664,5.023409793333733,5.0081249285964065,-1.3618928729040602,4.768435206136177,4.592963061259785
0.7010000000000005,0.09120368184281955,0.0777389656046054,4.441409789124495,4.2090026328654915,4.010760046549245,3.740509230996209,3.270858226035017,2.914624565024927,2.680124151731879,8.560300429441224,1.8252768437358682,1.5070581544871366,1.123837427435747,0.8068957943122808,0.5294579566662897,0.16324432902939323,6.335197725433021,0.16760301294313007,6.623976053088793,6.930189767506995,0.8652763546518052,1.1666234106925473,1.602915926041536,1.6747675188854685,1.6343456267538408,1.4274686086903952,1.2931679913241123,1.1130587575160278,0.8095775594635168,6.896852994757558,0.3103054130623445,6.359751960001158,-0.12555895455323077,6.035673561922599,5.591803084080398,-1.178581358474922,4.729030847775213,-2.1608486846351918,3.637038661363577,3.0212791935387706,2.6765579118321634,2.500550313665846,2.2719928623830628,1.9211998842018212,1.5522329545812055,7.501545877498158,0.9471289707548781,0.9117283427133338,7.2621816055772825,1.0931140885672017,1.003826995022538,0.8067619368946906,0.8199201347779274,0.7185725493203734,0.6162880558158103,0.5683838188566306,0.3904872655713692,6.313542811915199,-0.48501966830196974,5.44868410081987,5.184434686608076,4.909080746297077,4.519963047976698,4.254083742737217,4.0620746584455745,4.0864488927926255,4.345090977513344,4.526142235003668,4.546889840789466,4.625716719538093,4.592539911132204,4.540812817522281,4.620268459478403,4.671102979028511,4.506845342581165,4.3647195503288785,3.9809759552292565,4.004945640407506,3.8821827481610627,3.7077046731323384,3.523630280957708,3.253747072657796,3.216300027812058,3.137951795805613,2.939373897422628,2.4481346548742544,2.0176112525715912,1.7142826783841987,1.5005420741538165,1.1612580906044334,0.7971578674889834,6.833800713451995,6.5360470984044685,6.24823863014319,5.817807813188035,5.507584580385805,-1.0407435093544128,5.0225234956768166,5.006878406828345,-1.3630746445689224,4.767748920612699,4.593224636942086
0.7110000000000005,0.09281757757834584,0.07061510363766677,4.443143216227868,4.212627071260208,4.016621483861189,3.7488065473614784,3.281580774792034,2.926927138705246,2.692765034006216,8.57172964499418,1.8338891194368276,1.51197953250994,1.1247683685796326,0.8046777476643481,0.5255690874175194,0.15928895495307782,6.332247854321992,0.1658166494299641,6.622511286519344,6.927452704035032,0.8596371168294756,1.1569241888626527,1.5889457436708652,1.658065223548543,1.6166618885779103,1.4106525114535333,1.2787192697237415,1.1019528094782969,0.8022550427535896,6.892919230246004,0.30904286264074676,6.359927182589658,-0.12530935956587144,6.034743472386688,5.588600273069163,-1.1843859151728158,4.721274594011121,-2.1695334466258296,3.629009143406506,3.0154228721687786,2.6732872522388216,2.499861641329463,2.2735613333062155,1.9244039217170283,1.556178926650846,7.505277467241169,0.949791356679326,0.9127135211572921,7.261124200949486,1.0899999429219704,0.9990147210629111,0.8008646049780577,0.8137449576568875,0.7129447331388085,0.6119672789380423,0.5659680963128528,0.3903827519992713,6.315939414547758,-0.48025910935682214,5.4550182300680214,5.191623730079976,4.916587358431925,4.52752325281803,4.261708578798946,4.0699047850071715,4.094574271057514,4.353455709600423,4.534505388544776,4.55494557883838,4.6332096915678225,4.5993511963263005,4.546950096824792,4.625788087236028,4.6760049837850755,4.510977051761102,4.367768305141267,3.982400482659049,4.004415472600442,3.879390632602321,3.702666464280226,3.5168156782962408,3.2460317379469794,3.208837289920026,3.131825448678725,2.9353987868377893,2.4469194748649366,2.0189014039514754,1.7175097281245508,1.5051501931031501,1.166785353845968,0.8031028098937452,6.839627051696071,6.541212137205281,6.252279776077188,5.820370578750442,5.508725790129548,-1.0407804285177567,5.021691102970107,5.00568636200438,-1.3642017252202137,4.767119590128064,4.593545584828224
0.7210000000000005,0.09444404041150731,0.0635326972448405,4.444933136694505,4.216296033945151,4.022501783256151,3.757079305010611,3.2922154697435304,2.939082853519376,2.7052229023712333,8.582979743753254,1.8423793075987387,1.5168768177023184,1.1257885781337689,0.8026336673282982,0.5218740398640724,0.15546657149758616,6.329317382126459,0.16392488553498738,6.620854435238312,6.9245122645073955,0.8538668341949356,1.1472258670793045,1.5751204572934066,1.6415831408424049,1.5992099740915107,1.3940269829812804,1.2643912804102366,1.0908887542884544,0.794896349885251,6.888886935532072,0.3076338363303871,6.359934028201686,-0.1252173158308126,6.033701985850428,5.585366370006952,-1.1901294922396897,4.71365134085,-2.1780483810780984,3.6211312945766845,3.0096507199393647,2.6700309628551357,2.4991298440742873,2.2750457469175784,1.9275003991372148,1.5600108232662295,7.508903672141705,0.9523716102655044,0.9136527524591932,7.260066079709252,1.0869304576320464,0.9942820697649923,0.7950672521715598,0.8076745489048665,0.7074132658118716,0.6077232633624513,0.5635996770033462,0.39028666320467037,6.318300116385632,-0.47557176177712035,5.46126983439613,5.198746941231702,4.924061053286108,4.5350841730981415,4.269350061840376,4.077746104666532,4.102691418079842,4.361791212950724,4.542830198878093,4.562969351394194,4.640687200792156,4.606162961806106,4.553093951961279,4.6313069603670725,4.680888460133872,4.515069066017458,4.3707622357239835,3.983768633597048,4.003849266570157,3.8766035210175165,3.697687796682902,3.510112473149608,3.2384581749640233,3.2015112278515714,3.1257978552321135,2.931465830329901,2.445685346247269,2.0201376820249277,1.7206732528771702,1.5096962289142049,1.172251166440969,0.8089829819713251,6.845387603685612,6.546320784522524,6.256287303938129,5.8229319061913865,5.509894240336257,-1.0407716956529898,5.0209118221613105,5.004548723164166,-1.365273880780109,4.766547230405502,4.593925390901927
0.7310000000000005,0.09608260486066701,0.05650102163502199,4.446778421596337,4.220007817314547,4.028398911241764,3.7653258212751166,3.3027623009912284,2.9510942070984543,2.717502735991115,8.594057068462797,1.850752709302293,1.5217516756597975,1.12689458266173,0.8007555636845127,0.518363208466996,0.1517701689428352,6.326404902708178,0.16193257773238806,6.619014802028441,6.92137851199419,0.8479721192682611,1.1375287156676388,1.5614339859749524,1.6253133664520651,1.5819833119359374,1.3775883731838021,1.250183029653834,1.0798672060296333,0.7875029357414627,6.884758103474839,0.3060812855360425,6.359776502215452,-0.12527836307174575,6.032552689833009,5.58210257852867,-1.1958141146174723,4.706156358384628,-2.1863993550639207,3.613400470383488,3.003961298188314,2.6667900147814336,2.4983570156535473,2.2764483413904464,1.9304912915206194,1.5637304665470413,7.512426339645661,0.9548714435452124,0.9145471146185721,7.2590072088003215,1.0839044321278837,0.9896271657536468,0.7893679237754394,0.8017072225593819,0.7019767310621509,0.6035547386940735,0.5612775485860477,0.3901987722689798,6.320626145580797,-0.47095486665306613,5.467441948986169,5.205806246548752,4.931501764090826,4.542643853054899,4.2770056143982,4.085596859808768,4.1108002098284615,4.370098885934368,4.551118567477437,4.570962410632936,4.6481491937517445,4.6129739868521495,4.559242705452241,4.636823772618977,4.6857530336806406,4.519122147940508,4.373703166725741,3.985083024017023,4.003249667411967,3.873823047510627,3.6927682643371487,3.5035178864058087,3.2310220513172885,3.1943177579151314,3.119866872001684,2.9275755113020736,2.4444348966827123,2.0213227261780102,1.7237745282626258,1.51418011836077,1.1776550863520105,0.8147986643428654,6.851083628360775,6.551374661381423,6.260262199138056,5.825491526349708,5.511088721933104,-1.040718645118365,5.020184874713013,5.003465368738637,-1.366290941560783,4.766031817924132,4.594363528567645
0.7410000000000005,0.09773279824219039,0.04952818364675153,4.448677944880627,4.223760746779217,4.034310913067326,3.7735445441239417,3.3132213780270616,2.9629637119564856,2.7296093662179497,8.604967664655605,1.859014300867531,1.5266055923728503,1.1280829975021995,0.7990358132418857,0.515027488379107,0.1481931253705771,6.323509100755672,0.15984434821181756,6.617001229378769,6.918061016218606,0.8419592901719932,1.1278330761353916,1.5478806491493453,1.6092483826673791,1.564975523288597,1.361333003057115,1.2360933852664784,1.0688886656800416,0.7800762368903255,6.8805347747081775,0.30438818467027917,6.359458538453093,-0.12548820720886372,6.031298988211284,5.5788100051004035,-1.201441744310627,4.698785124650775,-2.1945919788667627,3.605812191599548,2.998353134585835,2.663565247837659,2.497545131389259,2.2777713078105934,1.9333785888687427,1.5673396979793444,7.515847295409961,0.9572925085012448,0.9153976307295372,7.257947550646773,1.0809207200519624,0.9850482070781194,0.783764710103704,0.7958412940751488,0.6966336984199456,0.5994604493667882,0.5590007572416534,0.39011891535277576,6.3229187232947375,-0.46640578521510395,5.473537447262757,5.212803467502431,4.938909444857557,4.550200479253093,4.284672833225611,4.093455396131093,4.118900503313477,4.37838000576628,4.55937225378936,4.578925927341695,4.655595632518308,4.619783138608811,4.56539478301136,4.642337288885245,4.690598356370478,4.523137051168597,4.37659288090479,3.986346180075262,4.002619186546224,3.8710507185662397,3.687907423918156,3.4970292469665494,3.2237192539813915,3.18725300398521,3.114030427992542,2.923728208925519,2.443170536143927,2.0224590240661886,1.7268148301628825,1.5186019145609837,1.1829967984120173,0.82055017176301,6.85671631028686,6.556375269692053,6.264205377430454,5.828049202253767,5.5123081229758,-1.0406225278051477,5.019509497656728,5.002436132756372,-1.3672527974957513,4.765573290231605,4.594859457321772
0.7510000000000006,0.0993941422419049,0.04262123136007072,4.450630584482156,4.22755317966283,4.040235913052854,3.7817340457946838,3.3235929182623294,2.9746938872561595,2.741547478927122,8.615717295931763,1.867168755356659,1.5314398898250914,1.1293505266443633,0.7974671399682024,0.5118582462522958,0.1447291833946422,6.320628746606907,0.15766459773949906,6.614822124067067,6.914568879958282,0.8358343853173067,1.118139351755621,1.5344551367282395,1.5933810365340966,1.5481804191047865,1.3452571782952727,1.222121093644628,1.0579535297977742,0.7726176676393646,6.876219026664975,0.3025575221598553,6.358983998946528,-0.12584271090232838,6.029944114672841,5.575489667819954,-1.207014282651572,4.691533313058849,-2.2026316213207084,3.5983621366594303,2.9928247306939335,2.660357382367629,2.496696054934464,2.279016788652615,1.9361642894547448,1.570840373144652,7.519168343577716,0.9596364021079002,0.9162052742898614,7.256887064046283,1.0779782248133623,0.9805434594806137,0.7782557445354588,0.7900750837368864,0.6913827286300097,0.595439156429222,0.5567684031103505,0.39004698372923347,6.325179059910632,-0.46192199248758326,5.4795590523004725,5.219740328812802,4.946284069395698,4.557752370383421,4.292349476872334,4.101320156078055,4.126992139373815,4.386635738241088,4.567592885302612,4.586860995403391,4.663026491808622,4.626589365077456,4.571548707661889,4.647846343482804,4.695424107498009,4.5271145205990475,4.379433117651399,3.987560538597938,4.001960208142143,3.868287923523293,3.683104801315812,3.4906439870698467,3.2165458743669677,3.180313282533433,3.1082865205969026,2.9199242083878443,2.441894474921357,2.0235489215458213,1.7297954310243044,1.5229617743558195,1.1882761024966546,0.8262378507342919,6.862286767294584,6.5613240034682345,6.26811769079893,5.830604725188251,5.5135514192858714,-1.0404845177614994,5.01888494429165,5.001460810256218,-1.3681593937364995,4.765171546584799,4.595412621905912
0.7610000000000006,0.10106615439584338,0.03578625479199348,4.452635223413348,4.231383507583486,4.046172114434708,3.7898930165822264,3.333877236483947,2.986287251536348,2.753321617110333,8.626311458411413,1.8752204625607252,1.5362557402923116,1.1306939623431753,0.7960425977192115,0.5088472929661808,0.14137242838927744,6.317762691279882,0.155397517712989,6.612485480424916,6.910910763973364,0.8296031771734763,1.1084479989735507,1.5211524815942288,1.5777045193372317,1.531591996952092,1.329357201329164,1.2082647953712766,1.0470620987623878,0.7651286167267942,6.8718129636678595,0.3005922922942646,6.35835667384491,-0.12633788478248228,6.028491145054164,5.572142504429819,-1.2125335724423565,4.684396780797379,-2.210523424009386,3.5910461344856808,2.987374568648539,2.6571670300457426,2.4958115446837703,2.2801868766592026,1.9388503938906796,1.5742343569364057,7.522391266979202,0.9619046708402136,0.9169709739528129,7.2558257049615005,1.0750758956096529,0.9761112512749633,0.7728392017626611,0.7844069196583753,0.6862223783783581,0.5914896389962608,0.5545796360854749,0.3899829166493423,6.327408351805223,-0.4575010713473934,5.485509347288719,5.226618465976859,4.953625630365308,4.565297967868602,4.300033454237807,4.109189672727602,4.135074945154026,4.394867146669744,4.575781966884825,4.5947686360643605,4.670441756486962,4.633391688751686,4.577703094225167,4.653349838264563,4.700229994298501,4.531055292500064,4.382225571944881,3.988728448037464,4.001274995296943,3.865535944060311,3.678359897293683,3.484359637771058,3.2094981946217254,3.173495088975326,3.102633211835039,2.9161637101746214,2.440608740085328,2.024594631926478,1.732717596648549,1.527259946837437,1.1934929026843883,0.8318620772432812,6.867796057349531,6.566222158982597,6.27199993284237,5.833157911243587,5.514817666061868,-1.0403057182585436,5.018310484590076,5.00053916201045,-1.369010726582698,4.764826448854953,4.596022451865024
0.7710000000000006,0.10274834947472561,0.029028478288292376,4.454690750825146,4.235250158381107,4.052117798797587,3.798020258797132,3.3440747351645834,2.9977463163081217,2.7649361836806965,8.636755394406341,1.8831735475837896,1.5410541794543344,1.1321101845093424,0.7947555536899171,0.5059868581341072,0.13811726811430713,6.314909861720928,0.15304710146973466,6.609998902340214,6.907094910530999,0.8232711851966454,1.0987595195826911,1.507968034273726,1.562212347332967,1.5152044375158886,1.3136293819478724,1.1945230394772566,1.0362145845706165,0.7576104445817202,6.867318708012615,0.2984954878580705,6.357580281445111,-0.12696987931876563,6.02694300865996,5.568769379616187,-1.2180013999825403,4.677371558121565,-2.2182723144193455,3.5838601577175884,2.982001117059507,2.6539947037672347,2.494893259841644,2.281283614072876,1.9414388998683858,1.5775235192264043,7.525517827269122,0.9640988147039399,0.9176956177790433,7.254763427222067,1.0722127238666936,0.9717499687681105,0.7675132962101651,0.7788351404100913,0.6811512044130265,0.5876106954084128,0.5524336519367264,0.3899266949568907,6.329607778615727,-0.4531407069573837,5.491390785138897,5.233439432130121,4.960934138362898,4.572835827205555,4.307722814014845,4.117062564096456,4.14314873630414,4.403075200085479,4.583940889442323,4.6026498019951125,4.677841419413537,4.640189200830652,4.583856644149303,4.658846740601218,4.705015752188866,4.534960094548337,4.384971893684051,3.989852169809565,4.0005656959669595,3.8627959627971062,3.6736721923829347,3.478173824583605,3.202572675044136,3.16679508520404,3.0970686248934918,2.9124468384821163,2.4393151905393746,2.025598244586273,1.7355825834188983,1.5314967629301934,1.1986471973239896,0.8374232546106367,6.8732451847225775,6.571070943960019,6.2758528437044205,5.835708598291975,5.516105990356211,-1.040087167351075,5.017785405362277,4.999670918648858,-1.3698068397170342,4.764537822643201,4.596688361443097
0.7810000000000006,0.10444024076928453,0.022352345193443843,4.456796063032264,4.239151597644443,4.058071325155225,3.806114680903679,3.354185895559239,3.0090735804343347,2.776395444449597,8.647054105353153,1.891031888129456,1.5458361184213516,1.133596159904702,0.7935996728179084,0.5032695662550741,0.13495841364302494,6.3120692562756835,0.15061715490357708,6.607369624053254,6.903129165596516,0.8168436879857278,1.0890744536165127,1.494897439605198,1.5468983436507104,1.4990121008431294,1.2980700466429604,1.180894296457307,1.0254111181893837,0.7500644810909131,6.862738391972406,0.29627009349163486,6.356658468330244,-0.1277349772815285,6.025302498650907,5.565371091659792,-1.223419496992205,4.670453838448767,-2.2258830181342373,3.5768003163188715,2.976702836213173,2.6508408266971992,2.493942766159521,2.2823089921748747,1.9439317975135137,1.580709730946295,7.5285497650100455,0.9662202908338512,0.9183800570399285,7.253700183147875,1.0693877400519822,0.9674580521645064,0.7622762806067754,0.7733580973134541,0.6761677671250693,0.5838011441366462,0.5503296887375996,0.38987833537902583,6.33177850094418,-0.44883868154684303,5.497205697310633,5.2402047043033,4.968209621038595,4.5803646099794255,4.315415734948589,4.124937527835314,4.151213318932719,4.411260780781027,4.592070937954788,4.6105053811538514,4.685225479600244,4.646981055952988,4.590008140650094,4.664336081262631,4.709781144717989,4.53882964581228,4.387673687337365,3.9909338799359704,3.9998343486502246,3.8600690711056416,3.669041151109034,3.4720842632797844,3.195765942504288,3.1602100881956874,3.091590940936063,2.9087736488480416,2.4380155307887246,2.026561732991084,1.738391635914816,1.5356726259344677,1.203739069935539,0.8429218114484334,6.878635105527181,6.575871485901469,6.279677114589614,5.838256643340107,5.517415584322293,-1.0398298429795112,5.01730901022569,4.998855784262378,-1.3705478207182344,4.764305458560788,4.59740974975777
0.7910000000000006,0.10614134127566588,0.015761595350462555,4.458950064497216,4.243086329885678,4.064031128735297,3.814175291845231,3.364211269526051,3.020271525215404,2.787703531239768,8.657212364048924,1.8987991305865037,1.5506023547670875,1.1351489411700832,0.7925689030742561,0.5006884143914518,0.13189086150533033,6.309239940383924,0.1481113064382145,6.604604529802905,6.899020999761072,0.8103257347261567,1.0793933729037017,1.4819366152354736,1.5317566212919118,1.4830095223819368,1.2826755468021391,1.167376970131519,1.01465175647373,0.7424920238151718,6.858074150653416,0.2939190797277439,6.35559480960385,-0.12862958675326727,6.023572281579066,5.561948378497658,-1.2287895424381508,4.663639969190539,-2.2333600701486525,3.569862851541528,2.97147818265292,2.647705740547977,2.492961541353969,2.283264951090657,1.9463310652966561,1.5837948605516297,7.5314887997111555,0.9682705167037537,0.9190251096184898,7.2526359241026315,1.0666000108217248,0.9632339919001104,0.7571264446885583,0.7679741564359106,0.6712706336492146,0.5800598244661513,0.5482670235735841,0.38983788542530795,6.33392165844784,-0.4445928695135832,5.502956301926552,5.246915689129768,4.975452122243171,4.587883076491457,4.3231105168423785,4.132813336286257,4.159268491339811,4.419424691233814,4.600173298932466,4.618336200461702,4.692593940638663,4.653766467399794,4.596156444139618,4.669816952225459,4.714525963277546,4.542664656696776,4.390332511865423,3.9919756709289107,3.9990828878223437,3.857356276212021,3.66446622563657,3.466088755851241,3.1890747797779255,3.153737059582895,3.086198396164529,2.9051441350775833,2.4367113235370703,2.0274869621569125,1.7411459848722575,1.5397880029504047,1.2087686808768188,0.8483581997190996,6.883966732683797,6.5806248396211675,6.283473391903587,5.840801920214002,5.518745699147722,-1.0395346676545953,5.016880619416557,4.99809343955449,-1.3712337978282476,4.76412911363512,4.59818600120303
0.8010000000000006,0.10785116478181662,0.009259335952924944,4.461151668768502,4.247052899405361,4.0699957195178,3.8222011955625925,3.3741514720140584,3.0313426101109253,2.7988644451032707,8.667234726228088,1.9064787050028176,1.5553535826527676,1.1367656657096032,0.7916574615826999,0.4982367512624622,0.12890987696469927,6.306421042496505,0.14553301640219227,6.6017101723792155,6.894777527974152,0.8037221559759797,1.0697168752372317,1.4690817317921046,1.5167815671568785,1.4671914088662068,1.2674422658664006,1.1539694084378336,1.0039364886606565,0.7348943366034002,6.853328115635524,0.29144539765447697,6.354392809209561,-0.12965023464822215,6.021754906143177,5.558501923248778,-1.2341131642705796,4.65692644325762,-2.240707825373609,3.563044130224146,2.9663256132049654,2.64458971314922,2.491950980218943,2.2841533798257814,1.9486386664498387,1.5867807708382715,7.534336629830713,0.9702508729877519,0.9196315630493003,7.251570600985474,1.063848636465866,0.9590763253584893,0.7520621140179057,0.7626817003176567,0.6664583805374321,0.5763855969887116,0.5462449695094489,0.3898054188346508,6.336038368269929,-0.4404012328242634,5.508644711238585,5.253573728054207,4.982661701203718,4.595390078948153,4.330805572248251,4.1406888318766715,4.1673140455537006,4.427567660470999,4.608249067339883,4.626143029298022,4.69994680936855,4.660544702720423,4.6023004879207985,4.675288504430491,4.719250026617315,4.546465828862041,4.3929498808743075,3.992979553863274,3.9983131491292947,3.8546585076622297,3.659946858906705,3.460185186627954,3.182496115709784,3.1473730961038395,3.0808892791075357,2.9015582355335092,2.435404001214762,2.0283756955928975,1.7438468454515774,1.5438434171052162,1.2137362597124117,0.8537328928910412,6.8892409403665456,6.585331994071842,6.287242281050713,5.843344317536345,5.520095639599294,-1.0392025127619522,5.016499569476364,4.997383544599711,-1.371864936951762,4.7640085128089655,4.599016486035934
0.8110000000000006,0.10956922685708137,0.002848106242664926,4.463399799369104,4.25104989088573,4.075963680570533,3.8301915857092332,3.384007174165199,3.0422892690331724,2.8098820596168927,8.677125541517382,1.9140738390298666,1.560090402118309,1.1384435544526144,0.7908598215125615,0.4959082576525013,0.126010978353205,6.303611750210429,0.14288558584611954,6.598692790637879,6.890405528147401,0.7970375738433436,1.0600455791099415,1.4563291945934487,1.5019678270351386,1.451552634087299,1.2523666255536325,1.1406699132362998,0.9932652424523978,0.7272726485572918,6.84850240933485,0.28885197415742797,6.353055900327631,-0.13079356070170267,6.019852811229645,5.555032359251483,-1.2393919410769147,4.650309891180374,-2.2479304683994146,3.556340639404125,2.9612435885093142,2.6414929453699036,2.4909123994456137,2.284976116499885,1.9508565458406966,1.5896693160830608,7.537094932749868,0.9721627061087185,0.9202001772345747,7.250504164667362,1.0611327486190063,0.9549836339267039,0.7470816489038489,0.7574791294577417,0.6617295960531191,0.5727773439299859,0.5442628727955602,0.38978103151541327,6.338129723769928,-0.4362618166915074,5.51427293850288,5.260180102088134,4.989838431726829,4.602884555164116,4.338499418785365,4.148562922825697,4.175349768692639,4.4356903499217495,4.6162992530266225,4.633926582823693,4.707284094758187,4.667315079739645,4.6084392741286795,4.680749945510141,4.723953180202703,4.550233855126597,4.395527262963384,3.99394746059057,3.9975268743421437,3.8519766232160344,3.6554824873322986,3.4543715185539097,3.1760270161311857,3.1411154208435725,3.0756619281176074,2.8980158388517387,2.434094876532447,2.0292296017605986,1.7464954157787684,1.5478394405138132,1.2186420982278414,0.8590463841865932,6.894458567982359,6.589993878525478,6.290984349918933,5.845883736961074,5.521464759114026,-1.0388342025197495,5.0161652128404475,4.996725741260744,-1.3724414388682626,4.763943350505075,4.59990056110931
0.8210000000000006,0.11129504574822609,-0.0034700634815350447,4.465693390632345,4.2550759297463845,4.081933666220169,3.8381457405656403,3.393779096982006,3.053113907154436,2.8207601242308837,8.686888963803687,1.9215875709135517,1.564813327610333,1.1401799105121397,0.7901706996951006,0.4936969280415964,0.12318992239400947,6.300811306616392,0.14017216483941247,6.5955583260308455,6.885911458693977,0.7902764115996438,1.0503801189719488,1.443675626770447,1.4873102914989291,1.4360882345887462,1.2374450912417958,1.1274767492008901,0.9826378897044207,0.719628153303971,6.843599140028469,0.28614170769708946,6.351587445841078,-0.13205631189291347,6.017868333299331,5.5515402746556655,-1.2446274036588203,4.643787073792629,-2.255032022575954,3.5497489812243685,2.9562305761093493,2.638415577446839,2.4898470421634973,2.285734948750029,1.9529866272605043,1.592462339482648,7.539765364724671,0.9740073305066056,0.9207316868698632,7.249436566377981,1.058451508208419,0.9509545403532795,0.7421834434108743,0.7523648635845548,0.6570828821286231,0.5692339693349617,0.5423201102947094,0.38976483792923444,6.340196793517173,-0.43217274550812323,5.519842904315074,5.266736036153581,4.996982401428413,4.61036552273545,4.346190672034612,4.156434579140883,4.1833754441705,4.443793358800155,4.624324786702453,4.641687525139878,4.714605806970829,4.674076962908963,4.614571869901227,4.686200537503796,4.728635295446799,4.553969419362124,4.398066082235688,3.9948812460559666,3.9967257160797653,3.8493114142262748,3.6510725431075386,3.4486457896170624,3.1696646754646522,3.1349613751929297,3.070514729057764,2.894516789137227,2.4327851521458026,2.0300502600832484,1.749092875729278,1.551776687908259,1.223486544035724,0.8642991849183802,6.899620423728365,6.594611368170432,6.2947001320784475,5.848420091633939,5.522852455377932,-1.0384305176193336,5.015876917351895,4.996119655309131,-1.3729635366387023,4.763933292232983,4.600837570717716
0.8310000000000006,0.11302814318583614,-0.009693598106446521,4.468031388482951,4.259129682292534,4.087904400092752,3.846063018153666,3.403468005516353,3.0638188981755676,2.831502267650013,8.696528961047747,1.9290227616013378,1.5695227958104419,1.1419721177565025,0.7895850449169148,0.4915970533727074,0.12044269044558494,6.298019006851931,0.13739576028086753,6.592312438205685,6.881301475064945,0.7834429027684071,1.0407211409679018,1.4311178536851306,1.472804082643155,1.4207934053146094,1.2226741765958569,1.1143881518698844,0.9720542517346685,0.7119620085380663,6.838620397485068,0.28331746457982115,6.349990738865165,-0.13343533726741397,6.015803713175019,5.548026216608802,-1.2498210365379638,4.6373548754316785,-2.262016358465247,3.5432658681161473,2.951285053147738,2.6353576947698896,2.4887560822166357,2.286431614277914,1.9550308110858392,1.5951616708662932,7.542349560822437,0.9757860306561952,0.9212268036093892,7.248367758048216,1.0558041036133607,0.9469877063746678,0.737365924445067,0.7473373427332293,0.6525168560243313,0.5657543991321186,0.5404160871123392,0.3897569678740296,6.342240620515422,-0.4281322190203401,5.52535644245286,5.273242703052433,5.004093710989263,4.617832073644488,4.353878038962305,4.164302828884373,4.191390852763241,4.45187722905833,4.6323265254911785,4.64942647228936,4.721911956594139,4.680829759968782,4.620697403764202,4.691639594576273,4.73329626884457,4.557673196386225,4.400567718943091,3.9957826906857683,3.995911242306408,3.846663610554468,3.6467164561817618,3.443006109430665,3.16340640895517,3.128908411457887,3.0654461131606467,2.891060890689265,2.431475929509369,2.030839166536728,1.7516403859268423,1.5556558108768554,1.2282699947252085,0.8694918229104884,6.904727287769114,6.599185289179836,6.298390129718321,5.850953304851292,5.52425816634097,-1.0379921985757545,5.015634065720228,4.9955648982883725,-1.373431493190556,4.763977976218483,4.601826847528565
0.8410000000000006,0.11476804510555524,-0.01582132878702183,4.470412751161842,4.26320985568279,4.093874673053335,3.853942851550511,3.4130747035381668,3.0744065820079975,2.8421120012286525,8.706049324574861,1.936382106030121,1.574219172821624,1.143817639309025,0.7890980268475293,0.4896032048773169,0.11776547560641422,6.295234194852432,0.13455924325469326,6.588960519724633,6.876581445341532,0.7765410997262714,1.031069299114762,1.4186528885408871,1.458444541618704,1.4056634952375415,1.2080504475146498,1.1014023349211794,0.9615141042713359,0.7042753357985059,6.833568249148899,0.2803820756833436,6.348269003334626,-0.13492758312764713,6.013661102279834,5.544490695071157,-1.2549742793956076,4.6310102976115814,-2.2688872017163986,3.5368881182409244,2.9464055087112673,2.632319333169955,2.487640628188422,2.2870678015183707,1.9569909722770376,1.5977691246601786,7.544849134847853,0.9775000628610723,0.9216862179980334,7.247297692612583,1.053189749012555,0.9430818305802674,0.7326275509077815,0.7423950281502714,0.6480301517235293,0.562337581094407,0.5385502344143646,0.38975756362592856,6.344262221629662,-0.4241385087234379,5.530815305268456,5.27970122709534,5.011172473435703,4.625283369260274,4.361560311829898,4.172166754689348,4.199395773551223,4.4599424499458875,4.640305258094825,4.6571439951072335,4.7292025540118745,4.68757291889149,4.626815062216226,4.697066480752431,4.737936021032703,4.561345851857708,4.403033510242,3.9966535028179395,3.9950849406115307,3.8440338850680704,3.6424136559408846,3.4374506559626448,3.1572496454738137,3.1229540860590586,3.0604545550445192,2.8876479123002134,2.4301682169905034,2.0315977388520667,1.7541390869326299,1.5594774926586272,1.2329928925099267,0.8746248410011109,6.909779915071461,6.603716423300935,6.302054816342631,5.853483308892548,5.525681366622303,-1.0375199488124882,5.015436054941177,4.995061069153452,-1.373845599066576,4.764077015039452,4.60286771357445
0.8510000000000006,0.11651428228896764,-0.021852448484041005,4.472836449893884,4.267315197740495,4.099843341070691,3.861784744400877,3.4226000286463147,3.0848792628260555,2.85259272236405,8.715453677871905,1.9436681436542793,1.5789027607656267,1.1457140159889945,0.7887050255615302,0.4877102188868592,0.11515467062310208,6.2924562602917264,0.13166535596124457,6.585507709952227,6.871756964939153,0.7695748818491439,1.0214252518834528,1.4062779190885526,1.4442272169093213,1.3906940029886674,1.1935705254666282,1.0885174967344247,0.9510171820568465,0.6965692204488253,6.828444736827811,0.2773383336001368,6.346425394643813,-0.13653008856218016,6.01144256837255,5.540934186292191,-1.260088528450678,4.624750453130797,-2.275648140408766,3.5306126511750078,2.9415904458626185,2.629300483752011,2.486501727188436,2.2876451504091513,1.9588689586797603,1.600286498082436,7.547265679263581,0.979150656848043,0.9221106011942464,7.246226324275466,1.0506076828991324,0.9392356464893362,0.7279668129082668,0.7375364030437359,0.6436214210936099,0.5589824847129718,0.5367220074180028,0.3897667774038904,6.34626258718959,-0.4201899544644893,5.536221168669628,5.286112687421036,5.018218813444618,4.632718635702425,4.369236362550446,4.180025490508863,4.207389984750835,4.467989462208815,4.6482617095972545,4.6648406219274925,4.736477608899383,4.69430592507864,4.632924086501371,4.702480607678966,4.742554495795104,4.56498804217782,4.405464751038477,3.9974953211527673,3.9942482222797184,3.841422857759869,3.6381635726344257,3.431977672409323,3.151191920844811,3.117096053267022,3.055538570871795,2.8842775911671836,2.4288629373080903,2.0323273213574042,1.7565900986025722,1.563242443443536,1.2376557193333322,0.8796987956235095,6.914779037931352,6.608205512010228,6.305694639245805,5.8560100440045755,5.527121564265177,-1.0370144375023418,5.01528229569121,4.994607755716199,-1.3742061703239585,4.764229997254519,4.603959481286262
0.8610000000000007,0.11826639092911923,-0.02778647159676639,4.4753014694983815,4.271444496630004,4.105809323029655,3.8695882666249624,3.432044847786907,3.0952392074504846,2.8629477178740905,8.724745484918376,1.9508832682687403,1.5835738038395488,1.1476588647056638,0.7884016216185373,0.4859131825631027,0.11260685654871928,6.289684635703635,0.1287167182495498,6.58195890815839,6.866833370476252,0.7625479632337121,1.0117896591502655,1.393990295340588,1.4301478533053642,1.3758805725079668,1.1792310902769607,1.07573182629761,0.9405631831258185,0.6888447118329992,6.823251873839586,0.27418899016445425,6.344463000335224,-0.13823998128642154,6.009150100821889,5.537357135977351,-1.2651651377805895,4.618572560578715,-2.2823026319052384,3.5244364838218933,2.9368383833930656,2.626301097311981,2.4853403684142963,2.288165253244406,1.96066658959891,1.60271556954963,7.5496007651094725,0.980739017183856,0.9225006065057226,7.245153608744589,1.0480571667444813,0.935447920816041,0.7233822310277457,0.7327599731954539,0.6392893348409658,0.5556881009976123,0.5349308835421467,0.3897847691242924,6.348242680747025,-0.4162849612381457,5.541575636724393,5.292478121033969,5.025232866672329,4.64013715953891,4.376905137455961,4.187878218580556,4.215373264447394,4.4760186619578946,4.656196545934003,4.672516841151701,4.7437371298263775,4.701028298788165,4.639023769557847,4.707881432422636,4.747151659030927,4.5686004143999535,4.407862694904463,3.998309717204607,3.9934024261587107,3.8388310995256374,3.633965638581324,3.426585464209503,3.145230871651924,3.1113320594246394,3.050696716637053,2.8809496364521996,2.4275609343548745,2.033029189485484,1.7589945195930812,1.5669513961329973,1.2422589923936613,0.8847142554622829,6.919725368223613,6.6126532602749535,6.309310021784959,5.858533457518844,5.528578297805198,-1.0364763021844963,5.015172211708136,4.994204535922123,-1.374513546571911,4.764436489013371,4.605101454549857
0.8710000000000007,0.12002391312575232,-0.03362319735475304,4.477806808942624,4.275596580416931,4.1117715985107015,3.877353050319145,3.4414100531470067,3.105488644027816,2.8731801673478436,8.733928058077598,1.9580297371776432,1.5882324938757666,1.1496498768157184,0.7881835866669773,0.48420742048566595,0.1101187921018269,6.286918793775671,0.12571583377677295,6.578318785881741,6.86181575285817,0.7554639000218974,1.0021631794863721,1.381787518213014,1.4162023815306923,1.361218988730896,1.1650288824225414,1.063043508511672,0.9301517727746812,0.6811028235817411,6.81799164257409,0.27093675433090064,6.34238484083238,-0.140054473769597,6.006785615458401,5.533759962171753,-1.2702054205887356,4.612473939208785,-2.2888540092539604,3.5183567265381623,2.932147857326456,2.6233210883729523,2.4841574865011,2.2886296555963304,1.9623856546168579,1.6050580972768829,7.551855941923934,0.9822663245339363,0.9228568707574673,7.244079503434736,1.0455374837944285,0.9317174519014926,0.7188723556284042,0.7280642674502016,0.6350325832839739,0.5524534422162439,0.5331763607048583,0.38981170441601487,6.350203438967072,-0.41242199616251474,5.546880245921325,5.298798525585621,5.032214779106717,4.647538283790922,4.384565652442862,4.195724166591838,4.223345391240081,4.484030404234195,4.664110378052985,4.680173103685778,4.7509811239523785,4.707739592769999,4.645113453132202,4.713268455312635,4.751727497699434,4.5721836061495935,4.4102285550492635,3.999098197738949,3.992548822333698,3.836259135632371,3.629819289183616,3.4212723961947176,3.139364229484244,3.1056599376123595,3.0459275865726365,2.8776637325228416,2.426262979456946,2.03370455397101,1.7613534269974458,1.5706051025191752,1.2468032600538514,0.8896718001820424,6.924619599402869,6.617060339957663,6.3129013654654695,5.861053503084358,5.530051133619772,-1.0359061511758068,5.0151052391671564,4.99385097898098,-1.374768089136741,4.764696035639572,4.606292929771773
0.8810000000000007,0.12178639731531128,-0.03936267665613568,4.480351481839261,4.279770316529339,4.117729205553621,3.8850787858455633,3.4506965583943243,3.115629760973665,2.8832931464588443,8.74300456557256,1.9651096797553007,1.5928789754455641,1.1516848164535007,0.7880468745400657,0.482588482039482,0.10768740368000543,6.284158244806156,0.12266509581798457,6.574591798595715,6.856708969623391,0.7483260973535287,0.9925464677561304,1.3696672290215386,1.402386908481706,1.346705173324417,1.150960704886165,1.0504507289428449,0.9197825872403129,0.6733445340468961,6.812665992431884,0.2675842903746573,6.3401938702132385,-0.14197085962467687,6.004350959039254,5.530143057884928,-1.2752106504222458,4.6064520041488555,-2.295305487173578,3.5123705794596902,2.9275174222016287,2.6203603388732613,2.482953964670589,2.289039857291361,1.9640279126304594,1.6073158180551654,7.554032737670426,0.9837337367808775,0.923180015509908,7.243003967644406,1.043047937982919,0.9280430682939318,0.714435766201579,0.7234478380952267,0.6308498769658669,0.5492775415840946,0.5314579557565193,0.38984775286945517,6.352145771635092,-0.40859958562318666,5.552136469114445,5.305074861922505,5.039164706442131,4.654921404220384,4.392216988465536,4.203562605031373,4.231306144808405,4.492025006296749,4.6720037657887215,4.687809825250658,4.758209596801795,4.714439390090716,4.651192525049421,4.71864121783337,4.756282018753621,4.5757382455556925,4.412563505332572,3.9998622071818746,3.9916886156160776,3.8337074489060456,3.6257239637733654,3.4160368898712545,3.1335898155852964,3.1000776027168278,3.0412298116610597,2.874419541902221,2.4249697771191427,2.0343545647604944,1.7636678760970725,1.5742043298451105,1.251289098104596,0.8945720192256837,6.929462408281002,6.6214273928970675,6.316469051854567,5.863570140001487,5.531539663530007,-1.0353045657928626,5.01508082606,4.99354664637039,-1.3749701793446263,4.765008163178496,4.607533196941895
0.8910000000000007,0.12355339864069163,-0.04500518206187305,4.482934516888616,4.283964611134909,4.123681238419819,3.892765218106268,3.459905295235804,3.1256647061511034,2.893289630232651,8.75197803856963,1.9721251054425568,1.5975133505433872,1.1537615188422319,0.7879876128146376,0.48105212954925985,0.10530977598485856,6.2814025343160145,0.11956679274799487,6.570782196717984,6.8515176565968305,0.7411378159704517,0.9829401729970851,1.3576271997644414,1.3886977080401313,1.332335180483395,1.1370234246163038,1.037951678068842,0.9094552371046425,0.6655707868439841,6.807276838102972,0.26413421638547474,6.337892977020577,-0.1439865102397504,6.001847913358345,5.52650679347875,-1.2801820623432953,4.6005042619218655,-2.301660167654125,3.506475329015818,2.92294565215752,2.6174187015362196,2.481730637691649,2.2893973134289967,1.9655950910836395,1.6094904461905342,7.5561326586716415,0.9851423900186439,0.9234706481429233,7.241926962707865,1.0405878529499522,0.924423627460309,0.7100710707501725,0.7189092611422285,0.6267399471269346,0.546159452912001,0.5297752030380622,0.3898930864955277,6.354070561763569,-0.4048163125743921,5.5573457191790965,5.311308056421755,5.046082813476577,4.66228596587779,4.399858287350645,4.211392844713636,4.239255306408781,4.500002750655371,4.679877221471063,4.695427388572384,4.765422552107138,4.721127302129731,4.657260416629967,4.7239993005726975,4.760815248072636,4.579264951194161,4.414868681307272,4.000603129991382,3.990822948854787,3.8311764826648247,3.621679106315078,3.410877420829452,3.127905535872727,3.0945830468670334,3.0366020582444424,2.8712167079543276,2.4236819703007217,2.034980314655619,1.7659389002134296,1.5777498577110625,1.255717106351324,0.8994155106795129,6.934254456604189,6.625755033695261,6.320013444336504,5.866083332643512,5.533043502629445,-1.0346721023998577,5.015098431583358,4.993291092729306,-1.3751202169131405,4.765372379904418,4.608821540683043
0.9010000000000007,0.12532447926556078,-0.05055118067650832,4.485554958267421,4.28817840844751,4.129626845365615,3.9004121429971588,3.4690372102701588,3.1355955862580744,2.903172496261537,8.760851377891884,1.979077911218362,1.6021356828855702,1.155877888593534,0.7880020948055076,0.4795943271118754,0.10298314321839432,6.278651240806786,0.11642311321552298,6.566894036001568,6.846246238892186,0.7339021784934362,0.9733449365566529,1.3456653241303773,1.3751312124235961,1.318105192796393,1.1232139736345632,1.0255445550615525,0.8991693104416373,0.657782491485167,6.801826058152193,0.2605891030294834,6.335484985105989,-0.14609887163103802,5.999278199031482,5.522851518838629,-1.2851208540569874,4.594628306252417,-2.3079210452029644,3.5006683446199345,2.918431141842683,2.6144960029487136,2.4804882946632514,2.289703435432818,1.9670888853744755,1.611583672591265,7.558157189553399,0.9864933994368126,0.9237293628200525,7.240848452124713,1.0381565711519571,0.920858014614345,0.7057769052009699,0.7144471365226827,0.6227015460533922,0.5430982502219653,0.5281276530545298,0.389947878373077,6.3559786657847495,-0.40107081398711836,5.562509352402807,5.3174990031332605,5.052969273530717,4.669631459890003,4.407488747907007,4.219214234464363,4.247192659308829,4.507963887869541,4.68773121328758,4.7030261454570095,4.7726199917102115,4.727802966731422,4.663316600245505,4.729342321229598,4.76532722940121,4.582764332043831,4.417145181281883,4.001322292982116,3.989952906078229,3.8286666434210117,3.6176841659830274,3.405792516275686,3.1223093762988543,3.0891743352056977,3.032043026722132,2.868054857328297,2.4224001452616934,2.0355828427096467,1.7681675106480599,1.5812424752954595,1.2600879054983052,0.9042028802025526,6.938996392450281,6.630043852238573,6.323534889721703,5.868593049954382,5.534562287316773,-1.034009294296013,5.015157525541614,4.99308386665587,-1.3752186184434634,4.765788177782147,4.610157241279273
0.9110000000000007,0.12709920863790033,-0.05600130966603255,4.488211865965692,4.292410689975027,4.135565226437033,3.908019404036595,3.47809326211139,3.1454244664003723,2.9129445278603896,8.769627360382554,1.9859698885833554,1.6067460018545219,1.1580318980017232,0.7880867719699248,0.4782112300811859,0.10070488081341897,6.275903973656584,0.11323615102861265,6.56293118734396,6.840898941302831,0.7266221753915787,0.9637613904624341,1.3337796091743532,1.361684004040312,1.3040115171882407,1.1095293498289243,1.0132275711457177,0.8889243757225009,0.6499805240869093,6.7963154938804795,0.2569514725547064,6.332972654504299,-0.14830546149931567,5.996643478983836,5.519177565346463,-1.290028186998579,4.58882181413686,-2.3140910117627422,3.4949470755256966,2.9139725071686353,2.611592046373575,2.479227681630404,2.2899595921246205,1.968510958417652,1.613597163989913,7.560107793199958,0.987787860107695,0.9239567413457134,7.239768401668991,1.035753453054059,0.9173451416478198,0.701551932843109,0.7100600882063285,0.6187334473183606,0.5400930273370588,0.5265148712549618,0.3900123014652674,6.357870913816559,-0.39736177843477655,5.567628671632988,5.3236485657456205,5.059824267888229,4.676957420469439,4.415107622308172,4.227026158955573,4.2551179891661715,4.515908639132479,4.695566168417392,4.710606418755455,4.779801915512292,4.734466046499038,4.669360587005636,4.734669932684293,4.769818023302965,4.586236987454942,4.419394067394015,4.002020967596819,3.9890795154746543,3.8261783033726475,3.6137385976304763,3.400780752682429,3.116799398525085,3.083849601966737,3.0275514503285232,2.8649336021829166,2.421124836016589,2.0361631373949507,1.7703546966993933,1.5846829788616505,1.2644021343052918,0.9089347400174024,6.94368885146522,6.634294415976739,6.32703371972128,5.871099265012494,5.536095673512109,-1.0333166534551226,5.015257587767737,4.992924511422306,-1.3752658160059306,4.766255033879625,4.611539575676281
0.9210000000000007,0.12887716370720284,-0.061356354182339624,4.490904316073661,4.2966604737190295,4.141495631294934,3.915586889163266,3.4870744187621447,3.1551533698290197,2.922608417158961,8.778308644937935,1.9928027300894506,1.6113443061168071,1.160221585338583,0.7882382466983956,0.4768991751630337,0.09847249766312287,6.273160371146032,0.11000790976894771,6.558897346048549,6.835479798118373,0.7193006706623982,0.9541901560049214,1.3219681676097912,1.3483528078163414,1.2900505809453142,1.0959666174673082,1.0009989525700647,0.8787199844942639,0.6421657281384134,6.790746948433678,0.2532237980178929,6.330358682335338,-0.15060386647301036,5.993945361664704,5.5154852476721805,-1.294905187382571,4.583082542156447,-2.3201728613260615,3.4893090478388373,2.9095683859244046,2.6087066143185,2.477949504043152,2.2901671108137918,1.96986294034497,1.615532562288348,7.561985910722062,0.9890268476878488,0.924153353926945,7.238686779479595,1.0333778763948531,0.913883946153306,0.6973948437894478,0.7057467642516541,0.6148344459287106,0.5371428974518088,0.524936436910314,0.39008652758744095,6.359748109990738,-0.39368794380771877,5.572704929201387,5.329757579391546,5.066647985257087,4.6842634221275965,4.422714212726573,4.234828036679685,4.263031084357837,4.523837198657871,4.703382475952801,4.7181685042233354,4.786968321465452,4.741116227217737,4.675391924568452,4.739981821132988,4.774287706133089,4.589683507129983,4.421616366687496,4.002700372119278,3.988203752218643,3.823711802703571,3.609841862165647,3.395840753551731,3.111373735885596,3.078607046832434,3.0231260939838758,2.8618525422106655,2.419856528429135,2.036722139558437,1.7725014257463116,1.5880721695241828,1.2686604469941238,0.913611707960084,6.948332457955474,6.638507271982788,6.330510252297401,5.873601954651648,5.537643335038582,-1.0325946721287445,5.015398107565396,4.9928125656177675,-1.375262255812259,4.7667724117288595,4.6129678184486185
0.9310000000000007,0.13065792909953008,-0.0666172274816289,4.4936314010208935,4.300926813335581,4.14741735707785,3.923114527697739,3.4959816552174328,3.1647842778229593,2.932166768126533,8.786897778227916,1.9995780354468908,1.6159305669411916,1.1624450531536512,0.7884532654697445,0.4756546710812187,0.09628362881740915,6.270420098606529,0.10674030715155745,6.554796040570801,6.8299926624016205,0.7119404072394586,0.9446318425130831,1.310229210668828,1.3351344839659458,1.2762189278282106,1.0825229074627172,0.9888569432245669,0.8685556738462769,0.634338915318544,6.785122186133045,0.24940850271192377,6.327645703730152,-0.15299173952260228,5.991185404012457,5.511774865399339,-1.2997529472159841,4.5774083230148594,-2.326169294269548,3.4837518616751675,2.9052174382678286,2.605839470882329,2.476654429068148,2.2903272783951016,1.9711464283282296,1.6173914840147456,7.5637929614387325,0.9902114190442604,0.9243197598500279,7.2376035561336085,1.0310292355153259,0.9104733905278877,0.6933043544580172,0.7015058367963303,0.611003358390012,0.5342469926883745,0.523391942081751,0.39017072651067153,6.361611032833368,-0.3900480951485431,5.577739329643416,5.335826852306957,5.073440621251308,4.691549077077409,4.430307868200023,4.242619318053014,4.270931736265655,4.531749735885196,4.711180489623772,4.725712672280562,4.794119205598099,4.747753216395321,4.681410195068229,4.745277704288728,4.778736369034858,4.593104471116557,4.423813072186929,4.0033616738248785,3.9873265411511394,3.8212674517088825,3.6059934268474034,3.3909711872875463,3.1060305896179057,3.0734449315464736,3.0187657532116208,2.858811266478814,2.418595663978339,2.0372607451803515,1.7746086433894972,1.5914108512506755,1.2728635108845971,0.9182344065863557,6.95292782585166,6.64268294881396,6.333964792899139,5.876101099131366,5.539204962152908,-1.0318438243235906,5.015578583174536,4.99274756372863,-1.3752083969683928,4.767339762633346,4.61444124272961
0.9410000000000007,0.13244109725439251,-0.07178495304083551,4.496392229769795,4.305208797265463,4.153329746308599,3.9306022874619404,3.504815951280738,3.1743191296998905,2.9416220995259112,8.79539720012126,2.006297317237865,1.6205047312405831,1.1647004665844436,0.7887287123497312,0.47447438977798817,0.09413602861572487,6.267682846683552,0.1034351791453282,6.550630640779679,6.824441214758657,0.7045440121431272,0.9350870463048775,1.298561041486898,1.3220260211773893,1.262513214275438,1.069195417418267,0.9767998069348807,0.8584309686784255,0.6265008663504227,6.779442932003715,0.24550795977458578,6.324836292778873,-0.15546679753225012,5.988365114190737,5.508046704498917,-1.3045725252779308,4.571797062283039,-2.3320829214280954,3.4782731884560216,2.900918347107527,2.60299036389771,2.4753430877617824,2.2904413424490344,1.97236298651031,1.6191755198823803,7.565530342873521,0.9913426128143907,0.9244565080812727,7.236518704704099,1.0287069407444895,0.9071124611485729,0.6892792070711324,0.6973360019947513,0.6072390227004576,0.5314044636430658,0.5218809906722569,0.3902650651868116,6.363460435689198,-0.3864410626007144,5.582733032228936,5.341857167356716,5.08020237789271,4.698814032810157,4.437887981712839,4.250399483639664,4.278819739522493,4.539646397518219,4.718960530339228,4.733239169675343,4.801254562068667,4.754376741910358,4.687415013153972,4.750557329649225,4.7831641169635155,4.5965004498118205,4.425985143964459,4.004005991065877,3.9864487593202225,3.818845532761072,3.6021927655119725,3.38617076517231,3.1007682253398743,3.0683615767612618,3.014469253116328,2.855809355103475,2.417342643223767,2.0377798079508214,1.7766772736425966,1.5946998290774874,1.2770120042405984,0.9228034623320285,6.957475559557099,6.646821958192055,6.337397635592691,5.878596681849789,5.540780260210323,-1.0310645671628202,5.015798521262018,4.99272903666439,-1.3751047103024443,4.767956526920785,4.6159591211009126
0.9510000000000007,0.1342262685271637,-0.07686064849190548,4.499185927965836,4.30950554784112,4.159232184849614,3.9380501720507555,3.5135782895759857,3.1837598229397908,2.950976847794356,8.803809248831733,2.0129620062636215,1.6250667243598436,1.1669860516804778,0.7890616028138902,0.47335515811515094,0.09202756422821134,6.264948329708015,0.10009428386873868,6.546404365763125,6.818828971632552,0.6971140013889622,0.9255563497962283,1.2869620489711853,1.3090245301883605,1.2489302057008094,1.0559814114777226,0.9648258294625872,0.8483453837841931,0.6186523318842044,6.773710871479444,0.24152449196095982,6.321932963497527,-0.15802681901574453,5.985485954115117,5.504301038664308,-1.3093649480674252,4.566246735335632,-2.337916267928395,3.4728707683329705,2.8966698183879815,2.600159026887518,2.4740160771133706,2.290510512339626,1.9735141460316534,1.6208862344408927,7.567199430765751,0.992421449908272,0.924564137800321,7.23543220080369,1.026410417835127,0.9038001676111693,0.6853181691700698,0.693235979909114,0.6035402982834311,0.5286144789271175,0.5204031975550497,0.3903697070822394,6.365297047182097,-0.3828657194635658,5.587687153319539,5.347849283438751,5.086933463132259,4.706057969833908,4.445453987475391,4.258168042487491,4.286694892223645,4.547527309409975,4.72672288855796,4.740748221057077,4.808374383242249,4.7609865507584335,4.693406024132905,4.755820472831949,4.7875710677402425,4.599872003977958,4.428133510194402,4.004634395289485,3.985571238389559,3.8164463021305943,3.5984393587405865,3.3814382394432947,3.0955849697544724,3.0633553590999685,3.0102354474170574,2.85284638077107,2.4160978289953237,2.0382801416773844,1.7787082191660877,1.59793990751932,1.2811066143090764,0.9273195047248718,6.961976254693679,6.65092479651997,6.3408090640941825,5.8810886890932155,5.542368948450787,-1.030257342140151,5.016057436438402,4.9927565122362685,-1.3749516772626929,4.768622135140509,4.6175207264394365
0.9610000000000007,0.13601305126049365,-0.08184551120839262,4.502011638046838,4.313816220376727,4.165124099910926,3.9454582182498896,3.522269653740098,3.1931082134072155,2.960233369849716,8.812136165800295,2.0195734565500256,1.6296164526296597,1.169300093744472,0.7894490778765036,0.47229395004428226,0.08995620957890352,6.262216284169076,0.09671930527430724,6.542120291204621,6.813159293149382,0.6896527846671955,0.9160403207533504,1.2754307021157882,1.2961272377268356,1.2354667728864226,1.042878220004701,0.9529333202375924,0.8382984257610059,0.6107940333997252,6.767927650263927,0.23746037156302546,6.318938170811263,-0.16066964196499098,5.982549341787945,5.500538130519377,-1.3141312107211842,4.560755384464738,-2.3436717767992743,3.467542407734163,2.8924705812888956,2.5973451808509296,2.472673961966413,2.290535960305495,1.9746014051405942,1.6225251658114321,7.568801579096968,0.993448933959952,0.9246431788734415,7.234344022615193,1.024139107443794,0.900535542025318,0.6814200331435155,0.6892045143598151,0.5999060658672862,0.5258762247050512,0.518958187772795,0.39048481160878823,6.367121571704939,-0.3793209803472383,5.592602768566147,5.353803936777286,5.093634090390548,4.713280599561511,4.453005358387185,4.265924530568383,4.294556996107201,4.555392578306419,4.734467826501069,4.748240030462423,4.815478659785505,4.7675824078881135,4.699382902213365,4.761066935976392,4.791957351138243,4.603219684768096,4.430259068192103,4.005247912987586,3.984694766921208,3.814069991673326,3.5947326939766584,3.3767724014643328,3.0904792075652527,3.058424708415572,3.0060632175313735,2.8499219101203512,2.414861549330618,2.0387625225357504,1.7807023615375477,1.6011318891546853,1.2851480355358544,0.9317831656457568,6.9664304987560985,6.654991946249576,6.344199352712622,5.883577109817101,5.543970758894707,-1.0294225762749887,5.016354850801504,4.992829515594607,-1.374749788881044,4.769336009205451,4.619125332720162
0.9710000000000008,0.1378010618279365,-0.08674080539254994,4.504868519313764,4.3181400022470555,4.17100495811389,3.9528264935941286,3.530891026782071,3.2023661156598733,2.9693939458205834,8.820380100327643,2.026132950034688,1.634153805705015,1.1716409356936424,0.7898883985087595,0.47128787921666243,0.08792003962649436,6.259486467282173,0.09331185663437747,6.53778135635634,6.807435390543404,0.682162669805864,0.9065395116745795,1.2639655447294145,1.283331480794763,1.2221198884724327,1.0298832391115011,0.941120613846944,0.8282895947596135,0.6029266641217795,6.762094874330646,0.23331782046136473,6.315854311551491,-0.1633931618202374,5.979556653457513,5.49675823271054,-1.3188722779030442,4.555321116157824,-2.3493518123749633,3.462285977025193,2.888319388348787,2.59454853589365,2.4713172768254568,2.2905188225404287,1.9756262293771363,1.6240938254977708,7.570338120132745,0.9944260517347663,0.9246941522735311,7.233254150910463,1.021892464649885,0.8973176383592244,0.6775836157682451,0.6852403727403616,0.596335227319938,0.5231889042334513,0.5175455958020766,0.3906105336414858,6.368934689933007,-0.3758057994215712,5.59748091495948,5.359721842114876,5.100304478116944,4.720481662337174,4.4605416036697845,4.2736685093157405,4.302405856706869,4.563242293459881,4.742195580216877,4.755714782718713,4.822567380775942,4.7741640951190725,4.705345348841853,4.76629654621296,4.796323108002439,4.606544033762011,4.4323626854340725,4.00584752757754,3.983820092539191,3.811716810396169,3.591072265600007,3.3721720799885886,3.0854493785868837,3.0535681052308266,3.0019514717057616,2.847035504996953,2.413634100180956,2.039227691175122,1.7826605615526963,1.604276573370785,1.2891369679436218,0.9361950786367375,6.970838871684513,6.659023877114736,6.347568767209995,5.8860619354540304,5.545585435337649,-1.028560683176127,5.016690293506938,4.992947569630341,-1.3744995447977397,4.770097563478928,4.620772215773959
0.9810000000000008,0.1395899246527736,-0.0915478505237926,4.507755747965356,4.322476111960087,4.176874263612949,3.960155094060194,3.5394433895955744,3.2115353033322527,2.9784607816997695,8.828543113970547,2.032641700957072,1.6386786587053204,1.1740069764436112,0.7903769403302167,0.4703341920056062,0.08591722497983685,6.256758655646316,0.08987348384006376,6.533390370632779,6.801660333186496,0.6746458670292798,0.8970544592890143,1.252565190544149,1.2706347012734096,1.2088866235442257,1.0169939300564785,0.9293860713023762,0.8183183860835993,0.595050889941742,6.7562141100449145,0.2290990102950365,6.312683725464629,-0.1661953295521973,5.976509225616424,5.492961588892878,-1.323589084666454,4.5499420985277705,-2.3549586635061024,3.45709940827782,2.8842150155217445,2.591768792715565,2.469946527555663,2.2904602002604513,1.9765900518208004,1.6255936982661425,7.57181036447974,0.9953537734981953,0.9247175704528424,7.232162569058538,1.0196699585091635,0.8941455318283655,0.6738077577607209,0.6813423458014546,0.5928267054449954,0.52055173740254,0.516165064878017,0.3907470231137701,6.370737059355728,-0.372319168753365,5.602322592744924,5.3656036938121145,5.106944849366971,4.727660925591561,4.468062266657052,4.281399564252484,4.31024128348024,4.571076528122504,4.749906361508487,4.763172644768685,4.82964053382209,4.780731410135531,4.711293091129299,4.771509154197682,4.800668489403745,4.609845583011008,4.434445200557028,4.006434181214125,3.9829479239799555,3.8093869459109633,3.587457574964653,3.3676361395081895,3.080493975036431,3.0487840783445512,2.9978991441886316,2.844186723591376,2.4124157479051602,2.039676354688508,1.7845836595522457,1.6073747552528295,1.2930741156586227,0.9405558782538375,6.975201946364554,6.6630210472419575,6.350917565584996,5.888543159744755,5.547212732434581,-1.0276720640209882,5.0170633003656055,4.993110195345057,-1.3742014523434478,4.770906205806841,4.622460654000056
0.9910000000000008,0.14137927220477275,-0.09626801104124344,4.510672517099048,4.326823798227704,4.182731556277101,3.967444141888427,3.547927719613113,3.220617509584211,2.987436011920805,8.83662718471476,2.039100859971486,1.6431908741718908,1.1763966693170858,0.790912188558679,0.4694302609157057,0.08394602682690211,6.254032643985127,0.08640566852442892,6.5289500198474,6.795837055245401,0.6671044930227652,0.887585684160364,1.2412283186763382,1.2580344408305781,1.195764144317101,1.0042078185270642,0.9177280811070803,0.8083842916494657,0.5871673503400912,6.750286884393227,0.22480606273681095,6.30942869623019,-0.16907414984707544,5.97340835685275,5.489148434619472,-1.3282825372913967,4.544616558883997,-2.3604945465921103,3.4519806931403405,2.8801562621753463,2.589005643967913,2.4685621929817376,2.2903611607548053,1.9774942733941232,1.6270262420871275,7.5732196011578266,0.9962330533514054,0.924713937673819,7.231069263024044,1.0174710716377058,0.8910183183231194,0.6700913233384889,0.6775092474084226,0.5893794437453855,0.517963960282548,0.5148162463743314,0.3908944246817754,6.372529314822198,-0.36886011672682895,5.607128767212275,5.371450166863073,5.11355543139746,4.734818182116126,4.475566922731111,4.28911730370345,4.318063089915286,4.5788953409290025,4.757600359733363,4.7706137669203725,4.836698105191647,4.7872841655488045,4.7172258803619025,4.776704632711611,4.804993655828488,4.613124855091264,4.436507424333934,4.007008776533024,3.982078933035609,3.8070805657859537,3.583888130405894,3.3631634786866402,3.0756115389922485,3.0440712025909735,2.9939051944424713,2.841375121470352,2.411206731568723,2.040109188457699,1.7864724757701338,1.6104272246041766,1.2969601855737098,0.9448661994623692,6.97952028906279,6.666983904150088,6.354245998786361,5.891020778588913,5.548852414865147,-1.0267571084568223,5.017473413467762,4.993316912193557,-1.3738560256752002,4.771761338496127,4.624189929033247
1.0010000000000006,0.1431687449774109,-0.10090268714398637,4.513618036680474,4.331182339038255,4.18857640993216,3.9746937835276537,3.5563449895906647,3.2296144276054832,2.996321701857568,8.844634210936418,2.045511518001377,1.6476903038571913,1.178808520479134,0.791491733204497,0.4685735783552288,0.08200479215735,6.251308243966329,0.08290983102026707,6.5244628721133555,6.789968361988791,0.6595405748138577,0.878133690385375,1.229953669412932,1.2455283361111802,1.1827497089181362,0.9915224938238407,0.906145060140538,0.7984868013171177,0.5792766593051626,6.744314685306465,0.2204410498619923,6.306091452486098,-0.17202767938629504,5.970255309566408,5.485318998142456,-1.332953514096958,4.5393427814345575,-2.3659616084474586,3.4469278808037966,2.876141951036867,2.5862587754910704,2.467164726392481,2.290222738418735,1.9783402632142306,1.6283928881334735,7.574567097686994,0.9970648295379813,0.9246837503028693,7.229974221356813,1.0152952998226592,0.8879351138708513,0.6664331997904237,0.6737399142757557,0.5859924061597229,0.5154248246765343,0.5134987992344642,0.3910528774501277,6.374312069096507,-0.3654277065423708,5.61190037037,5.377261917833767,5.120136455279004,4.741953248448204,4.483055177393435,4.29682135758647,4.325871093617489,4.586698777177285,4.765277743483624,4.778038284025842,4.843740079945039,4.793822188023348,4.723143490592083,4.781882875323598,4.809298776403211,4.6163823631650365,4.438550140625592,4.0075721783267095,3.9812137563955154,3.8047978188031566,3.580363447221568,3.3587530288700664,3.0708006600084254,3.0394280967400675,2.989968606392071,2.838600252510677,2.4100072650642868,2.0405268378818007,1.7883278106992302,1.613434765084902,1.3007958861364033,0.9491266770726808,6.983794459804858,6.67091288564938,6.357554311361361,5.893494789912514,5.550504256572322,-1.0258161954297922,5.017920180833174,4.9935672384022505,-1.373463784962902,4.772662359240575,4.625959326366291
1.0109999999999995,0.14495799144787166,-0.10545330660276203,4.516591533483891,4.335551040734282,4.194408430664407,3.9819041876976704,3.564696166512589,3.238527711168006,3.005119850247422,8.852566015163209,2.0518747098520707,1.6521767903591313,1.1812410874005836,0.7921132644961656,0.4677617507495174,0.08009194926020585,6.248585283094785,0.07938733316221301,6.519931383428151,6.784056935764787,0.6519560534795402,0.8686989653771288,1.2187400402987136,1.2331141141938469,1.1698406642645485,0.9789356079595883,0.8946354543786987,0.7886254040999796,0.5713794062441259,6.738298962064704,0.21600599460002665,6.302674168859204,-0.17505402521344937,5.967051311562193,5.4814735011334825,-1.3376028662306658,4.534119105109901,-2.3713619290133927,3.4419390760586044,2.8721709280941825,2.5835278674430393,2.4657545569568344,2.290045935766337,1.9791293589857017,1.6296950408282393,7.575854100188582,0.9978500247258316,0.9246274970713916,7.228877435173518,1.0131421516566648,0.88489505412852,0.6628322970550238,0.6700332056820913,0.5826645767760641,0.5129335976810139,0.5122123894497977,0.3912225147524425,6.3760859134194305,-0.3620210347892126,5.616638302512818,5.383039585730357,5.126688155525278,4.749065963358992,4.490526664461291,4.304511376276819,4.333665116379738,4.594486870014765,4.772938662155144,4.785446316592306,4.8507664420722705,4.8003453174612165,4.729045717305388,4.787043795114953,4.813584028154772,4.619618611049065,4.440574107306677,4.008125215153821,3.9803529973916016,3.80253883612924,3.576883047631796,3.354403752673476,3.0660599728736924,3.0348534215279055,2.9860883877060402,2.8358616697437724,2.408817539068056,2.0409299199975677,1.7901504454710524,1.616398153457524,1.3045819262515688,0.9533379452142927,6.988025012702784,6.6748084206492875,6.360842742044592,5.895965193549669,5.552168040067597,-1.0248496939474239,5.018403156086631,4.99386069126626,-1.3730252556234117,4.773608661995266,4.627768135928265
1.0209999999999984,0.14674666802193034,-0.10992131748618421,4.519592251005747,4.339929237098231,4.2002272551858075,3.989075543563934,3.5729822106073814,3.247358975218785,3.0138323915385286,8.86042434764605,2.058191417597851,1.6566501686126367,1.1836929773508125,0.7927745685248752,0.46699249297470863,0.0782060034793811,6.24586360367443,0.07583948094228658,6.515357902960835,6.778105341668225,0.6443527876884471,0.8592819797243387,1.207586282501798,1.22078958829738,1.1570344430375523,0.9664448746858165,0.8831977394653621,0.7787995892633964,0.5634761568827902,6.732241125772622,0.21150287125899456,6.299178966999102,-0.17815134318166406,5.963797557529878,5.477612159330777,-1.342231418435623,4.528943921499756,-2.3766975239257335,3.437012437436518,2.8682420624570653,2.5808125953279033,2.4643320910569178,2.2898317244220996,1.9798628674286287,1.6309340779381092,7.577081833500414,0.9985895462677727,0.9245456593079093,7.22777889813215,1.0110111481931556,0.8818972939023348,0.6592875473060807,0.6663880031686543,0.5793949595271243,0.510489561255491,0.5109566895812288,0.3914034639804056,6.377851418073451,-0.35863923008761517,5.621343433690671,5.388783792803122,5.133210769738722,4.7561561864372335,4.497981044380508,4.312187029540129,4.341444984236986,4.602259641537522,4.78058324741288,4.792837971828998,4.8577771746312,4.806853406240309,4.734932376159409,4.792187323464314,4.81784959530548,4.622834093289547,4.442580057165431,4.0086686808834004,3.9794972276524607,3.800303732406804,3.573446460720924,3.350114642638353,3.061388155504598,3.030345877807024,2.9822635691091315,2.8331589261185828,2.4076377228454717,2.041319024999135,1.7919411422464429,1.6193181589296488,1.3083190142891516,0.9575006368464499,6.9922124962373005,6.6786709298835865,6.364111524291798,5.898431991136387,5.553843555796484,-1.0238579637794814,5.018921898157993,4.9941967874277005,-1.3725409675994076,4.774599637801039,4.6296156526198375
1.0309999999999973,0.1485344389656541,-0.11430818171311494,4.522619449353564,4.3443162884486135,4.206032549260607,3.9962080590191738,3.581204074465535,3.2561097965068067,3.0224611981622207,8.868210889751195,2.0644625737581794,1.6611102672497537,1.1861628459209586,0.7934735230964096,0.46626362309247216,0.07634553321093425,6.2431430618347665,0.07226752702741465,6.510744678059178,6.772116032915764,0.6367325570864404,0.849883187118548,1.1964912974365305,1.2085526537218891,1.1443285607504639,0.9540480684580562,0.8718304211493024,0.7690088473194359,0.5555674541513721,6.7261425498955045,0.2069336061139275,6.295607916613434,-0.1813178364751631,5.960495210420967,5.473735183119293,-1.3468399697963649,4.523815672895313,-2.381970346948553,3.4321461754331875,2.864354246184001,2.5781126309326794,2.46289771354323,2.2895810460900368,1.9805420647364278,1.6321113507071656,7.5782515013052345,0.999284286443876,0.9244387111447647,7.226678606400048,1.0089018226200865,0.8789410066914096,0.6557979045451608,0.662803210223834,0.5761825778705464,0.5080920118017732,0.5097313783206951,0.3915958464559276,6.379609132948502,-0.3552814517967687,5.626016605086447,5.394495145291747,5.139704538272177,4.763223796761962,4.505418002646314,4.319848005529198,4.349210527507321,4.610017103808925,4.788211614559409,4.800213344633097,4.864772259885748,4.813346318502211,4.740803301790902,4.797313408891012,4.822095668602715,4.626029295243112,4.444568698776537,4.009203336175526,3.97864698867109,3.7980926067723404,3.570053222364854,3.345884719958043,3.0567839269635737,3.02590420480769,2.978493203723126,2.8304915751897055,2.4064679659183525,2.041694717664165,1.7937006446145003,1.6221955425841983,1.3120078571882092,0.9616153833031984,6.996357453500383,6.682500826560546,6.3673608867631435,5.900895186014585,5.555530601558769,-1.0228413561019447,5.019475971005848,4.994575043137213,-1.3720114546804665,4.775634675560508,4.6315011768067
1.0409999999999962,0.15032097632566566,-0.1186153693507642,4.52567240511222,4.348711580748696,4.2118240061928285,4.003301959066789,3.589362702251485,3.2647817142381967,3.0310080827315287,8.875927257182383,2.070689064276777,1.6655569098386538,1.1886493955783668,0.7942080937794729,0.46557305736773835,0.07450918612704631,6.240423526617832,0.06867267314693903,6.506093858993235,6.766091355945731,0.6290970655334404,0.8405030243418409,1.1854540336245663,1.1964012840104346,1.1317206129095696,0.9417430233500385,0.8605320356004567,0.7592526709256867,0.5476538190538351,6.720004570846876,0.20230007805066152,6.291963036503002,-0.1845517541993899,5.957145402730815,5.469842778049984,-1.3514292944643054,4.518732850429471,-2.387182292282769,3.4273385508068643,2.8605063940790663,2.5754276431803063,2.461451788916835,2.289294813499603,1.9811681970585306,1.6332281840268055,7.579364286271916,0.999935122688276,0.9243071197024446,7.225576558616162,1.0068137199499512,0.8760253842527326,0.65236234420043,0.6592777519562927,0.5730264744573718,0.5057402597537425,0.5085361400895007,0.39179977734142335,6.3813595881062035,-0.35194688878466396,5.630658630309277,5.400174234116959,5.14616970390596,4.770268691658147,4.512837248324565,4.327494009840451,4.356961580821007,4.617759259803735,4.7958238638130535,4.807572518517757,4.871751679442714,4.8198239294858025,4.7466583466876076,4.802422015955035,4.826322444682423,4.629204693163203,4.44654071734685,4.009729909900034,3.977802793290861,3.795905543806586,3.566702875146534,3.3417130332675353,3.0522460455932356,3.021527178501747,2.9747763664342677,2.827859171737093,2.405308399604633,2.042057538692905,1.7954296779974004,1.6250310568887645,1.3156491596491946,0.9656828138711455,7.000460422402683,6.686298516945217,6.370591053760007,5.903354783144737,5.5572289819785095,-1.0218002140884157,5.020064943363767,4.99499497450056,-1.37143725386397,4.7767131627672486,4.633424014772469
1.050999999999995,0.15210595983956093,-0.12284435358532257,4.528750411189677,4.353114524729506,4.217601345373935,4.0103574843010685,3.5974590290021546,3.2733762307544128,3.0394748001670933,8.883575003041903,2.076871731316377,1.6699899160110945,1.191151374252889,0.7949763301401597,0.46491880555256654,0.07269567561268626,6.237704879121836,0.0650560723576202,6.501407503450636,6.7600335552586035,0.6214479441989127,0.8311419113083287,1.1744734837763893,1.1843335273179176,1.119208272266122,0.9295276319258532,0.8493011496173767,0.7495305556951585,0.5397357515188312,6.713828488619646,0.1976041192576692,6.288246295595072,-0.18785139003453669,5.953749237694136,5.4659351453036935,-1.3560001423635495,4.513693992308566,-2.3923351967579864,3.4225878729491024,2.8566974434629677,2.57275729890581,2.459994662443064,2.288973911327773,1.9817424810036033,1.6342858766378385,7.580421350208758,1.0005429178028096,0.9241513452542848,7.224472755848183,1.0047463967242054,0.8731496361850926,0.6489798627314368,0.6558105747587425,0.569925710791466,0.5034336291780959,0.5073706646705253,0.39201536558376415,6.383103294340617,-0.34863475825649304,5.6352702966095976,5.405821635523078,5.152606511539956,4.777290785529617,4.5202385126663325,4.335124764626125,4.364697983138861,4.625486104283242,4.803420081501623,4.81491556648529,4.878715414386163,4.826286124903162,4.752497380121357,4.807513124211757,4.830530125465673,4.632360754291338,4.448496775533946,4.010249100495136,3.976965127114091,3.7937426144224755,3.563394968261993,3.3375986574943624,3.0477733072589452,3.0172136100614524,2.9711121532854334,2.825261272323139,2.4041591384409156,2.0424080059661445,1.7971289500590164,1.6278254452763805,1.319243623407102,0.9697035553981529,7.004521935850054,6.690064400880263,6.373802245619078,5.905810789025766,5.558938508019203,-1.0207348734529649,5.020688388508113,4.995456097711812,-1.3708189047536177,4.777834486189786,4.635383479132544
1.060999999999994,0.15388907683791317,-0.12699660629858525,4.5318527766440075,4.357524555028625,4.223364310889677,4.017374889479421,3.605493980005259,3.2818948122288583,3.0478630497518435,8.89115562073905,2.0830113758810342,1.6744091024871413,1.1936675739554954,0.7957763621528906,0.4642989664204081,0.07090377740187559,6.23498701169788,0.061418831193182005,6.496687580798051,6.753944778012936,0.6137867545229859,0.8218002511532772,1.1635486820769187,1.1723475029748007,1.1067892861576605,0.917399844078242,0.8381363607371081,0.73984200092392,0.531813731230638,6.7076155674535025,0.192847515958972,6.284459613973421,-0.19121508094780534,5.950307790401199,5.46201248210473,-1.360553239877798,4.508697682129434,-2.3974308419152877,3.41789249832355,2.8529263539218537,2.570101263562108,2.4585266612009766,2.288619197096898,1.9822661041594174,1.635285701361156,7.581423834228255,1.0011085201595447,0.9239718413739944,7.223367201545114,1.002699420730458,0.8703129895299055,0.6456494772395357,0.6524006459642926,0.5668793668823089,0.5011714573864136,0.5062346468716367,0.3922427138879037,6.384840743733894,-0.34534430463834714,5.639852366021685,5.411437911675687,5.159015207900241,4.784290008764024,4.527621547809346,4.342740007758499,4.372419577761143,4.633197624606526,4.811000341177279,4.8222425518482845,4.8856634454085,4.8327328003546155,4.758320287139253,4.812586727219441,4.834718917587403,4.635497936952731,4.450437514237555,4.010761577267811,3.976134449837371,3.7916038766954427,3.5601290574189655,3.3335406927675058,3.043364543692277,3.012962344406358,2.967499680891399,2.8226974357924237,2.403020281497152,2.0427466157276175,1.7987991511155177,1.6305794417907067,1.3227919465786964,0.9736782319312696,7.008542521892886,6.693798872251185,6.376994679067247,5.908263211621084,5.56065899654008,-1.0196456629481172,5.021345884046299,4.995957929274421,-1.3701569489934817,4.778998032512108,4.637378889210469
1.0709999999999928,0.15567002213916287,-0.13107359419014106,4.534978826493641,4.361941129346056,4.229112670185023,4.024354442181983,3.613468470250969,3.2903388893777863,3.05617447711593,8.898670546753982,2.089108760277077,1.6788142840052653,1.196196829429501,0.796606396778685,0.4637117235360365,0.0691323264013288,6.232269827196421,0.057762011705007756,6.491935976122316,6.747827078390678,0.6061149910497542,0.8124784303642828,1.1526787016601059,1.1604413982340498,1.094461473936747,0.905357665840323,0.8270362972577089,0.73018651024268,0.5238882184388189,6.701367036532024,0.1880320091818608,6.280604863903716,-0.19464120596013773,5.946822108841397,5.458074982088754,-1.3650892905190044,4.503742547276231,-2.402470955988059,3.413250828969197,2.849192107037171,2.5674592018613613,2.457048095072536,2.288231502048099,1.9827402256259226,1.6362289053536643,7.582372858922655,1.0016327638939904,0.9237690550681779,7.222259901485834,1.0006723707309901,0.8675146883871272,0.6423702250836975,0.6490469534970575,0.5638865408932471,0.4989530945588,0.5051277862178224,0.3924819187165837,6.386572410205403,-0.34207479851318395,5.644405576438926,5.417023611218196,5.165396041259802,4.791266306705018,4.534986125560262,4.350339492042788,4.380126212328087,4.64089380148256,4.818564704657723,4.8295535290014415,4.892595752937549,4.839163860779998,4.764126967609928,4.8176428315976,4.838889031856389,4.638616690655802,4.4523635533641,4.0112679816379035,3.9753111965175627,3.789489376640406,3.5569047047298543,3.329538263381318,3.039018620928594,3.0087722588318924,2.9639380858757236,2.820167223719014,2.40189191359201,2.0430738436959803,1.8004409545463402,1.6332937707892714,1.3262948230776017,0.9776074643822855,7.0125227038516265,6.69750231940122,6.380168567540527,5.910712060289739,5.5623902698897805,-1.0185329048214167,5.022037011724412,4.996499986211282,-1.3694519297356764,4.780203188932445,4.639409571378408
1.0809999999999917,0.15744849793855661,-0.13507677539024954,4.538127901512487,4.366363727618132,4.234846212785881,4.031296421554132,3.6213834039510755,3.298709858181828,3.0644106761534817,8.906121163264464,2.095164610423017,1.6832052741653067,1.1987380168345647,0.7974647147021688,0.46315534124736846,0.06738021369005345,6.229553238260341,0.0540866334001877,6.487154494063942,6.741682421744911,0.598434084138948,0.8031768189494222,1.1418626522585893,1.1486134651904174,1.08222272448512,0.8933991581772692,0.8159996181827421,0.7205635921980942,0.5159596547456126,6.695084090703666,0.1831592955537193,6.276683870852959,-0.19812818496354165,5.943293214880322,5.454122835629245,-1.3696089755783971,4.498827257391844,-2.4074572157874425,3.4086613110646438,2.8454937060994436,2.564830778357258,2.4555592576752248,2.287811631990098,1.9831659765584544,1.6371167103864595,7.583269524549613,1.00211646909055,0.9235434268957852,7.221150863724139,0.9986648362013645,0.8647539935446807,0.6391411635014975,0.6457485055185339,0.5609463487870299,0.4967779033792249,0.5040497866697529,0.39273307031289334,6.38829875005314,-0.3388255356062212,5.648930642626641,5.42257926979079,5.171749261172882,4.798219638687182,4.542332036252229,4.357922984475518,4.3878177388129895,4.648574609667427,4.826113222998465,4.836848544146698,4.899512317259052,4.8455792199435335,4.769917335321936,4.822681456134225,4.843040682745413,4.641717456195102,4.4542754925646815,4.011768928327908,3.9744957787722126,3.7873991489394028,3.55372147860053,3.3255905168115847,3.0347344378324483,3.0046422617138275,2.960426524327926,2.817670200805745,2.4007741064167507,2.043390146111092,1.8020550172041474,1.6359691466989856,1.3297529420915273,0.9814918702193598,7.01646300042146,6.701175125500765,6.383324121470025,5.913157345721914,5.56413215553411,-1.0173969152337448,5.022761357253054,4.9970817862647365,-1.368704391139841,4.781449343722005,4.641474859363397
1.0909999999999906,0.15922421369218398,-0.13900759651365932,4.541299358011639,4.370791851210329,4.240564749076211,4.038201117127618,3.6292396741201993,3.3070090806148813,3.0725731908728258,8.91350880064272,2.101179618018048,1.6875818861911933,1.2012900524635193,0.7983496672192018,0.46262816088628245,0.06564638368424573,6.226837166661705,0.050393675082740695,6.482344862454901,6.735512688542229,0.5907454025618043,0.7938957706377486,1.131099678015556,1.1368620178619007,1.070070993811189,0.8815224357637603,0.8050250130962665,0.7109727607691995,0.5080284638703139,6.688767891221406,0.17823102812277594,6.272698414501784,-0.20167447758548732,5.939722105175884,5.450156230126436,-1.3741129547604314,4.493950522919106,-2.4123912484984604,3.4041224335501985,2.841830175808555,2.562215657973173,2.454060427241564,2.2873603681235335,1.9835444607183572,1.6379503131424877,7.5841149112272825,1.002560441961548,0.9232953910762097,7.22004009853075,0.9966764170780291,0.8620301821200212,0.6359613692351224,0.6425043300710735,0.5580579239702043,0.4946452586826067,0.5030003563666628,0.39299625274278754,6.390020202486438,-0.3355958358170917,5.653428257176876,5.428105410514908,5.178075118222508,4.805149977129575,4.549659087672612,4.365490265545454,4.395494013508719,4.656240018610659,4.833645937400697,4.844127635974133,4.906413118634198,4.851978799949881,4.775691317131569,4.827702630939938,4.8471740879105845,4.64480066575727,4.456173911946946,4.012265006500415,3.973688585917895,3.7853332176234873,3.550578953616235,3.3216966227810367,3.0305109247049953,3.000571291283306,2.9569641712797368,2.8152059352395833,2.399666919574782,2.0436959607190057,1.8036419798225636,1.638606273818674,1.3331669876163843,0.9853320631832357,7.020363925758807,6.704817668875728,6.386461548537706,5.915599079878037,5.565884485714823,-1.0162380046423425,5.023518510150349,4.997702848087285,-1.3679148779027461,4.782735886745436,4.643574094521032
1.1009999999999895,0.16099688599705114,-0.14286749010925037,4.544492567609203,4.3752250221296265,4.246268109129076,4.045068827716182,3.637038162214013,3.3152378853774835,3.08066351718187,8.92083473982902,2.107154442578081,1.691943933619796,1.203851891491958,0.7992596732674708,0.4621285971663622,0.06392983145751557,6.224121542679457,0.04668407660347216,6.477508735771829,6.7293196781112306,0.5830502559866324,0.7846356231079431,1.120388955446921,1.125185429423835,1.058004302728752,0.8697256657523883,0.7941112019761131,0.7014135358239996,0.5000950523901243,6.682419566496356,0.17324881719809485,6.268650229748555,-0.20527858209716637,5.936109752038616,5.446175350262298,-1.3786018668001954,4.489111093707453,-2.4172746333924375,3.399632726804779,2.8382005619628363,2.559613506480727,2.4525518674487996,2.286878467840899,1.983876755028615,1.6387308855311689,7.584910079138121,1.002965475020995,0.9230253755875544,7.218927618332683,0.9947067235139897,0.859342547212639,0.6328299381622672,0.6393134747196347,0.5552204169377338,0.49255454711360314,0.5019792073916004,0.3932715439549633,6.3917371901491515,-0.3323850422962563,5.657899091409282,5.433602544446132,5.184373863780777,4.812057306684072,4.556967104056131,4.37304112857433,4.403154897008427,4.663889993054327,4.84116288005889,4.851390836301008,4.913298137411823,4.858362530789153,4.781448852157507,4.832706396647141,4.851289467738701,4.647866743029581,4.4580593727613556,4.012756780845207,3.9728899860498497,3.78329159671223,3.5474767104256837,3.3178557723716864,3.0263470419680503,2.9965583144675394,2.9535502201993453,2.812773999006807,2.3985704015434752,2.0439917076997114,1.8052024674206384,1.641205846163851,1.3365376380424754,0.989128653026634,7.024225989552045,6.708430323298766,6.389581053904547,5.918037275930965,5.567647097136719,-1.0150564781512583,5.024308063600965,4.99836269142373,-1.367083934816447,4.784062209944706,4.6457066260782724
1.1109999999999884,0.16276623846802682,-0.14665787246464682,4.547706916989709,4.3796627822568865,4.2519561415900435,4.051899860381731,3.644779737819813,3.323397568632096,3.0886831046103773,8.9281002145885,2.113089713347697,1.6962912309217806,1.206422526760442,0.800193216592817,0.4616551347662597,0.062229600207127284,6.221406304515507,0.04295874052359781,6.472647698415169,6.7231051122078735,0.5753498973592781,0.7753966982413152,1.1097296915428645,1.1135821295867079,1.0460207346147747,0.8580070665376173,0.7832569349525442,0.6918854435208933,0.49215981045713936,6.67604021286124,0.16821423120456525,6.264541007704211,-0.20893903436269623,5.932457104240792,5.4421803782248395,-1.3830763300647582,4.484307757680958,-2.422108903460912,3.395190761374813,2.83460393113899,2.557023990932867,2.45103382820178,2.286366665502332,1.9841639101323623,1.6394595750176986,7.585656068740785,1.0033323472540725,0.9227338022564142,7.217813437650412,0.9927553756417283,0.8566903975664629,0.629745984931828,0.6361750061928534,0.5524329949190043,0.49050516679700534,0.5009860555572413,0.39355901585576786,6.393450119632643,-0.3291925205633217,5.662343796221802,5.439071170998135,5.190645749781425,4.818941623434945,4.564255925138994,4.380575379094837,4.4108002541811135,4.671524493588276,4.8486640749520165,4.858638170671229,4.92016735413508,4.864730349908872,4.7871898910198025,4.837692803652227,4.855387044921567,4.65091610331076,4.459932418062413,4.013244792617963,3.9721003270660535,3.7812742908138386,3.544414335624244,3.3140671771815295,3.0222417789198035,2.992602325791699,2.950183882502634,2.810373968171444,2.3974845905642703,2.0442777905414156,1.806737089703143,1.6437685473494084,1.3398655657883234,0.9928822452754718,7.028049697078542,6.712013458247088,6.392682840413448,5.920471948210737,5.569419830680551,-1.01385263583176,5.025129614330138,4.9990608372852705,-1.3662121063534964,4.785427707788105,4.647871811347018
1.1209999999999873,0.16453200161241094,-0.15038014172880204,4.550941807654478,4.384104692599638,4.257628712611359,4.058694529467248,3.6524652583951456,3.331489394738064,3.0966333579708762,8.935306413657111,2.118986031095814,1.700623594059884,1.2090009875890815,0.8011488430444734,0.4612063250880833,0.060544778857546555,6.218691397746799,0.03921853369695099,6.4677632678240435,6.716870638407788,0.5676455251833918,0.7661793023956981,1.0991211219985886,1.1020506021093308,1.0341184332440572,0.8463649065193773,0.7724609920187715,0.682388016659305,0.4842231124913096,6.669630895340044,0.1631287975490665,6.260372396676988,-0.21265440682661046,5.928765087778615,5.438171493904727,-1.3875369431389122,4.479539339564028,-2.4268955469758438,3.3907951467524713,2.8310393703646746,2.554446780055269,2.4495065463718855,2.2858256731875564,1.984406950952408,1.6401375049649258,7.586353900989393,1.0036618242831783,0.9224210868403688,7.216697573033172,0.9908220033426756,0.8540730572412623,0.6267086426043192,0.6330880100243492,0.549694841526218,0.4884965270195852,0.5000206202106072,0.3938587343970475,6.395159381978033,-0.3260176576650529,5.666763002894653,5.444511778340046,5.196891028504295,4.825802934146396,4.571525405270026,4.388092834263501,4.418429954142656,4.679143477164612,4.856149538582,4.865869658917347,4.927020749642419,4.8710822018110145,4.792914395120872,4.84266191139901,4.859467044056159,4.653949153623701,4.461793573345484,4.013729560632519,3.971319937638745,3.7792812956887065,3.541391421636988,3.3103300685232573,3.018194152557576,2.9887023463378752,2.946864387080506,2.8080054231201146,2.396409515466614,2.044554596864829,1.8082464414559236,1.6462950505062734,1.343151436978076,0.9965934410106223,7.03183554924992,6.715567439130098,6.3957671087690855,5.922903112151524,5.571202531139524,-1.0126267730150469,5.025982762491619,4.999796808116066,-1.3652999362778155,4.78683177768601,4.650069015910115
1.1309999999999862,0.16629391270278718,-0.15403567631909654,4.554196655664274,4.388550332565474,4.263285704835263,4.065453155692868,3.660095569050484,3.3395145969842552,3.1045156389599953,8.9424544827825,2.124843969802356,1.704940840989611,1.21158633862419,0.8021251579927673,0.46078078318088206,0.05887449979315028,6.215976774811147,0.035464288775296456,6.4628568974361125,6.710617833335021,0.5599382857051497,0.7569837266971192,1.0885625095649272,1.0905893824395376,1.0222956006986008,0.83479750286989,0.7617221826992255,0.6729207949835768,0.4762853178493507,6.663192648420561,0.15799400349435835,6.256146003146153,-0.21642330753721864,5.925034606591358,5.434148875066965,-1.3919842853957376,4.474804699661271,-2.4316360089805826,3.3864445302007558,2.827505986785354,2.5518815445995076,2.447970246494671,2.28525618142435,1.9846068772501184,1.6407657749859133,7.587004577559557,1.0039546585312458,0.9220876391042332,7.215580042992744,0.9889062460226331,0.8514898652922659,0.6237170622969661,0.6300515901950767,0.5470051564060217,0.4865280479231919,0.4990826240551518,0.39417075967507165,6.396865353167309,-0.3228598613709985,5.671157323850799,5.449924843769461,5.203109952371232,4.832641255554991,4.578775412574933,4.395593322306235,4.426043870222837,4.6867468975743085,4.863619280662791,4.873085315687161,4.933858305162818,4.877418037672417,4.798622335966275,4.847613787701507,4.863529691269526,4.656966292829775,4.463643347159868,4.014211582208599,3.970549128136223,3.777312598778938,3.5384075666022254,3.3066436966627415,3.0142032064633373,2.9848574227573086,2.9435909798414857,2.8056679487761675,2.3953451964308012,2.044822499200704,1.8097311029356629,1.6487860182284648,1.3463959111587516,1.000262836668995,7.03558404264721,6.719092627489896,6.39883405769676,5.925330784240457,5.572995046977322,-1.011379180559434,5.026867111568567,5.000570127952681,-1.3643479672799081,4.788273820375073,4.652297613781374
1.1409999999999851,0.16805171564874824,-0.15762583358269888,4.557470891375387,4.392999299256226,4.268927016424757,4.0721760653116235,3.6676715023722757,3.3474743783176417,3.1123312677019785,8.949545526665155,2.1306640782427246,1.7092427921069706,1.2141776787166454,0.8031208238631884,0.4603771848199147,0.05721793671247874,6.2132623945247145,0.03169680564100202,6.457929979501074,6.704348205736068,0.5522292750068227,0.7478102473464162,1.0780531425101518,1.0791970554750756,1.0105504953494886,0.8233032203069007,0.7510393456809475,0.6634833254438985,0.4683467714697033,6.656726476826999,0.1528112970376032,6.251863392724003,-0.2202443792036317,5.921266543240975,5.430112697500133,-1.3964189175523865,4.470102732688388,-2.4363316927157195,3.382137595623097,2.824002907326839,2.54932795766119,2.4464251414287057,2.284658859893954,1.984764664182225,1.6413454613054377,7.587609081080499,1.0042115893829346,0.9217338628909977,7.214460867936024,0.9870077523926324,0.8489401754573258,0.6207704128334347,0.6270648687774254,0.5443631548950859,0.4845991602088662,0.498171792988796,0.3944951460388577,6.398568394602945,-0.31971855940477306,5.675527353375837,5.455310834063046,5.209302773753031,4.839456613704144,4.586005828170289,4.403076681994497,4.433641879928857,4.694334705888602,4.871073304763179,4.880285150936877,4.940680002405212,4.88373781498698,4.804313694523166,4.8525485081043005,4.867575213867324,4.659967911744456,4.465482231698807,4.014691334076884,3.9697881914976025,3.7753681797062266,3.5354623742560563,3.3030073300951717,3.0102680097480143,2.981066626332416,2.940362923268835,2.803361134785778,2.3942916456944054,2.0450818557236166,1.8111916402534909,1.6512421025472999,1.349599641053896,1.0038910238627712,7.039295669547378,6.722589381177354,6.4018838840821,5.92775498196806,5.5747972301058235,-1.0101101450940297,5.02778226828638,5.001380322576732,-1.3633567406351756,4.7897532402723755,4.654556987541206
1.150999999999984,0.16980516086801373,-0.16115194868483257,4.560763959170325,4.397451206782904,4.2745525601402115,4.078863589321578,3.6751938782829456,3.355369912066299,3.1200815242361544,8.956580610804947,2.136446881476427,1.7135292706475143,1.216774139831533,0.8041345577810666,0.45999426373297003,0.0555743025968998,6.210548221629203,0.027916852771058848,6.452983847755939,6.698063199407603,0.5445195410133576,0.7386591259382483,1.06759233318497,1.0678722534378025,0.9988814299091092,0.8118804698760995,0.7404113484129822,0.6540751624177854,0.46040780449374596,6.650233356290095,0.14758208779074314,6.247526091105474,-0.22411629828444576,5.917461759555421,5.426063135145483,-1.400841382211463,4.465432366651119,-2.4409839609836665,3.3778730624752638,2.820529278354782,2.546785694965938,2.4448714329779455,2.2840343581138893,1.9848812628542967,1.6418776171288691,7.5881683753727005,1.004433343344184,0.9213601561882675,7.2133400700967,0.9851261802547865,0.8464233558510462,0.6178678803981873,0.6241269855816868,0.541768067680231,0.4827093048517064,0.49728785595660585,0.3948319422064006,6.400268853575827,-0.3165931987091544,5.679873668300051,5.4606702058066015,5.215469744787007,4.846249043318041,4.593216545423949,4.410542762150152,4.441223864905746,4.701906850867609,4.878511608906316,4.887469170392655,4.947485823642173,4.890041497228229,4.809988460614408,4.857466155278743,4.871603840004949,4.6629543932539725,4.467310703367145,4.015169273243237,3.96903740406306,3.7734480107402195,3.5325554538183614,3.2994202548568254,3.006387656050899,2.9773290520853872,2.937179495991498,2.8010845756784257,2.393248868206576,2.045333010944784,1.8126286057519863,1.6536639449298092,1.3527632723504943,1.0074785892156908,7.042970917942571,6.7260580545062805,6.404916783093356,5.930175723780095,5.576608935680831,-1.008819949240761,5.02872784253658,5.002226919661071,-1.3623267958841594,4.791269445801117,4.65684652844937
1.160999999999983,0.17155400515739722,-0.1646153336992768,4.564075317184122,4.401905685601415,4.2801622624600935,4.085516062731223,3.68266350393469,3.363202342655496,3.127767649950128,8.96356076325786,2.1421928822458036,1.7178001030406025,1.2193748859886078,0.80516512932141,0.45963080896554404,0.05394284778701077,6.20783422636692,0.024125168536205766,6.448019779969716,6.691764195985702,0.5368100854159163,0.7295306097902006,1.0571794166833088,1.056613653854751,0.9872867695515655,0.8005277077451599,0.729837086678203,0.6446958678953654,0.4524687348635549,6.643714234312553,0.14230774786025055,6.24313558500472,-0.22803777410625256,5.913621097238618,5.422000360207994,-1.4052522043883608,4.460792561769506,-2.4455941374555032,3.373649684717519,2.8170842653322468,2.544254435125902,2.4433093124798253,2.2833833060986657,1.9849576008697851,1.6423632730169901,7.588683405690419,1.0046206342005477,0.9209669111909213,7.212217673466241,0.9832611962927685,0.8439387886653807,0.6150086681954459,0.6212370978054261,0.5392191404635953,0.4808579328261978,0.49643054481690335,0.39518119138747454,6.401967063721319,-0.3134832447432573,5.684196828645108,5.466003405706212,5.221611117204786,4.853018587212513,4.600407469258912,4.417991421177242,4.448789710894058,4.709463279338452,4.885934186128671,4.894637375982319,4.954275751787894,4.896329053530886,4.8156466323464615,4.862366818453302,4.875615798380147,4.665926112432772,4.469129223327344,4.015645837813859,3.968297026361967,3.7715520572393935,3.5296864198805875,3.295881773870561,3.0025612625907288,2.973643817930391,2.9340399923682443,2.798837871004006,2.3922168622341586,2.0455762963664936,1.8140425383751904,1.6560521762986822,1.355887443516251,1.0110261142153447,7.046610271553238,6.729498998387892,6.407932948287898,5.9325930290306506,5.578430021914272,-1.0075088718164853,5.029703447310818,5.003109448909754,-1.3612586705335943,4.792821849689332,4.659165636536347
1.1709999999999818,0.1732980115640226,-0.16801727687881315,4.567404437027256,4.406362381868893,4.285756062744211,4.0921338238751055,3.690081173634152,3.3709727863157366,3.1353908489604208,8.970486976307537,2.147902562290411,1.722055119222546,1.2219791122330663,0.8062113583587492,0.4592856623771793,0.052322858160528,6.205120384081995,0.020322462438681896,6.44303900036469,6.6854525176039665,0.5291018655161127,0.7204249322799037,1.046813749592039,1.0454199776400077,0.9757649300991419,0.7892434340115121,0.7193154841416022,0.635345011631501,0.4445298678965788,6.637170030927856,0.13698961272404012,6.238693323078147,-0.23200754801030748,5.909745378449753,5.417924543251262,-1.4096518920248902,4.456182309444965,-2.4501635079234148,3.369466249805074,2.8136670524763288,2.5417338598692263,2.441738961361108,2.282706314998913,1.984994582873692,1.642803437265465,7.58915509896855,1.0047741631746347,0.92055451436061,7.211093703724488,0.9814124758665915,0.841485869876269,0.6121919961127662,0.6183943796862207,0.536715633633251,0.47904450484170313,0.49559959421969485,0.3955429314118125,6.40366334546339,-0.3103881808101509,5.688497378237756,5.471310870882006,5.227727142169945,4.859765295740608,4.607578515497834,4.425422526618991,4.456339307685191,4.717003936544989,4.893341025000994,4.901789766238897,4.96104977047059,4.902600458390222,4.821288215569242,4.867250592876429,4.879611317946132,4.668883436661529,4.470938238024594,4.016121447783123,3.967567303861178,3.7696802780662693,3.526854892295596,3.292391206323222,2.9987879692652473,2.970010063866645,2.930943722084429,2.7966206254486186,2.391195619923263,2.045812031100558,1.8154339640313197,1.658407417071323,1.3589727856445721,1.0145341750804804,7.050214209836164,6.732912560447674,6.410932571704372,5.93500691793635,5.580260349901485,-1.0061771880167816,5.030708698644174,5.00402744219198,-1.3601528997772285,4.794409869243051,4.661513720674734
1.1809999999999807,0.17503694925714045,-0.17135904208551855,4.570750803506045,4.410820956820496,4.291333912437811,4.09871721377687,3.6974476687952573,3.3786823317817465,3.142952289442286,8.977360208055913,2.153576383582238,1.726294152911962,1.2245860436360945,0.8072721130121115,0.45895771626174414,0.050713653405808155,6.202406674846172,0.01650941629192722,6.438042681921036,6.67912942942746,0.5213957959945006,0.7113423131883088,1.0364947088233005,1.0342899872717284,0.9643143762727235,0.7780261915256732,0.7088454918786874,0.6260221712675661,0.43659149683765897,6.630601639450814,0.13162898210357807,6.234200716833438,-0.2360243925258282,5.905835406354323,5.4138358532780115,-1.4140409364895226,4.451600631267796,-2.4546933215017774,3.36532157771501,2.810276842414709,2.539223654244726,2.440160551663402,2.2820039777194685,1.9849930910900524,1.6431990962877807,7.589584364073276,1.0048946190829278,0.9201233464826446,7.209968188170055,0.9795797028114288,0.8390640089559537,0.6094171003892281,0.615598022158169,0.5342568219395927,0.4772684910877935,0.4947947414963881,0.3959171948616042,6.405358006446787,-0.30730750741337626,5.692775845292638,5.4765930291459215,5.233818070125101,4.8664892262707085,4.614729610245576,4.432835954738483,4.4638725490746225,4.724528766471105,4.900732110113673,4.908926336677578,4.967807864099423,4.908855691378061,4.826913223366231,4.872117579310353,4.883590627644166,4.671826725745538,4.472738179691744,4.016596505785705,3.9668484676756046,3.767832625978651,3.5240604960697843,3.2889478870732276,2.9950669377962966,2.966426951209834,2.9278900097608336,2.7944324489309293,2.390185127819616,2.0460405224530147,1.816803395947937,1.6607302772158148,1.3620199223248093,1.0180033426423754,7.0537832079883325,6.736299085126477,6.413915843941891,5.937417411531579,5.582099783462339,-1.004825169582917,5.031743215566928,5.004980433670258,-1.3590100162354086,4.796032926595336,4.663890198632053
1.1909999999999796,0.17677059340084708,-0.17464186836279935,4.574113914341383,4.415281086166434,4.296895774314938,4.105266575556995,3.7047637579177213,3.386332040981568,3.1504531049103917,8.984181383937061,2.1592147894866303,1.7305170418504516,1.22719493432462,0.8083463076805104,0.45864591108486447,0.049114585385516885,6.199693083107655,0.012686685345347178,6.433031948571087,6.672796142069003,0.5136927506066759,0.7022829590474367,1.026221690523563,1.0232224850589766,0.9529336200041082,0.7668745647317046,0.6984260878872962,0.616726932425476,0.4286539033888779,6.624009927218377,0.1262271208294491,6.229659141524139,-0.24008711056853071,5.9018919656491775,5.409734457797777,-1.4184198130645598,4.447046578062988,-2.459184791779749,3.361214520007944,2.806912855842875,2.536723506803809,2.4385742465401394,2.281276869516975,1.9849539858525327,1.6435512150006046,7.589972092055965,1.0049826784921871,0.9196737827207485,7.208841155650715,0.9777625692402477,0.8366726285906618,0.6066832332882467,0.6128472325125102,0.5318419941777518,0.475529370989096,0.4940157265598468,0.39630400920736625,6.407051341957256,-0.3042407416409091,5.697032742966233,5.481850299264726,5.239884150648068,4.873190442695228,4.621860689307407,4.440231590121581,4.471389332813345,4.7320377121393475,4.908107422528753,4.916047080147591,4.974550017926123,4.915094736874378,4.832521675573224,4.876967883554292,4.887553956154635,4.674756332033251,4.474529466834759,4.017071397814664,3.9661407352431084,3.7660090479984727,3.521302861257661,3.285551166086733,2.991397350917659,2.9628936618595225,2.924878194574083,2.7922729566808346,2.3891853673507866,2.0462620664771682,1.8181513350193885,1.6630213563218037,1.365029469535525,1.0214341822393938,7.05731773694743,6.739658913767542,6.416882954227514,5.939824531624675,5.583948188995001,-1.0034530849533492,5.03280662006406,5.005967959922906,-1.357830549712484,4.797690448932505,4.666294497106276
1.2009999999999785,0.17849872502797004,-0.17786696963284396,4.577493279886539,4.419742459508945,4.30244162175945,4.111782253882654,3.7120301965889126,3.3939229497150367,3.1578943954520327,8.990951398158142,2.164818205853455,1.7347236280114555,1.2298050665396874,0.8094329011645761,0.4583492333321309,0.04752503658530154,6.196979597361617,0.008854899357076456,6.428007877289232,6.666453813893941,0.5059935638101999,0.6932470634911065,1.0159941090539961,1.0122163114933822,0.9416212188081768,0.7557871785261319,0.6880562765858181,0.607458888776401,0.4207173582177577,6.617395736319507,0.12078525969884829,6.225069937029464,-0.24419453466312493,5.8979158230635775,5.405620522883199,-1.4227889814205272,4.442519228972263,-2.4636390979280254,3.357143958922819,2.803574331182708,2.5342331097615327,2.4369802007266914,2.280525548577561,1.984878106127554,1.6438607372105916,7.5903191564098345,1.0050390058756005,0.9192061926700839,7.207712636494004,0.975960775350068,0.8343111644033945,0.6039896627750192,0.6101412340626483,0.5294704528762376,0.47382663296932365,0.49326229181390685,0.39670339694634627,6.408743635329898,-0.3011874165751972,5.701268569883759,5.487083091209456,5.245925632316761,4.8798690149680395,4.628971697640583,4.447609325300718,4.478889560557724,4.739530715886611,4.915466940200668,4.92315198716043,4.981276218101447,4.921317583813507,4.838113598324185,4.881801615995615,4.891501531665708,4.677672600534849,4.476312504699439,4.017546493907016,3.9654443109656117,3.764209485759691,3.518581622858968,3.2822004079008154,2.9877784116030974,2.9594093976003997,2.9219076298881963,2.79014176930202,2.3881963152731056,2.0464769484968794,1.8194782701463688,1.6652812436844928,1.368002035558714,1.0248272536238798,7.060818263389686,6.742992384690999,6.419834090473155,5.9422283007550085,5.58580543534134,-1.002061199401055,5.033898537041725,5.006989560061076,-1.356615026971136,4.799381868698843,4.6687260517453435
1.2109999999999774,0.18022113091534503,-0.1810355345048041,4.580888422844744,4.424204779778912,4.307971438082179,4.118264594457234,3.7192477275069282,3.401456068321047,3.165277228914498,8.997671115071096,2.17038704204277,1.7389137577799325,1.232415749722845,0.8105308948701921,0.45806671346208744,0.045944418642646326,6.194266209841059,0.005014663617501588,6.4229715000830465,6.660103553219186,0.4982990323253767,0.6842348076072972,1.0058113960371156,1.0012703436809292,0.9303757742129422,0.74476269713645,0.6777350883005254,0.5982176420864005,0.4127821214443695,6.610759884313054,0.11530459632365313,6.2204344087190275,-0.24834552618860417,5.8939077278381085,5.401494213216285,-1.427148886078073,4.438017690570515,-2.4680573857622328,3.353108806503279,2.800260524242998,2.531752159138522,2.4353785609851912,2.279750556575152,1.9847662700294453,1.6441285860017811,7.590626413328886,1.0050642537687897,0.9187209404089112,7.2065826624381595,0.974174029231693,0.8319790646815942,0.6013356721986183,0.607479265813824,0.5271415139919399,0.4721597742241563,0.49253418207154326,0.39711537574271444,6.410435158345763,-0.29814708072797613,5.705483810640722,5.492291806392332,5.251942762582438,4.886525018668876,4.636062588837247,4.454969060398289,4.486373137818019,4.747007719618398,4.922810638367703,4.9302410461958015,4.98798645172669,4.927524225444061,4.843689023622731,4.886618891187551,4.895433581658611,4.6805758690406165,4.47808768572009,4.018022148798259,3.964759386818249,3.76243387583656,3.5158964207184544,3.2788949911122147,2.984209342332184,2.955973379435356,2.918977682896824,2.7880385128198735,2.3872179440858976,2.046685443601933,1.820784678567518,1.6675105184001153,1.3709382209130894,1.0281831108805943,7.064285249725695,6.74629983325721,6.422769439322997,5.944628742150946,5.587671393662978,-1.000649775157851,5.035018594300048,5.008044775840422,-1.3553639715227699,4.801106623781055,4.67118430715186
1.2209999999999763,0.18193760346067514,-0.18414872618050027,4.58429887798719,4.428667762691777,4.313485215872691,4.124713943547235,3.7264170805229075,3.408932382333076,3.172602642048196,9.004341370478613,2.1759216918889805,1.7430872821053,1.2350263196299318,0.8116393310902119,0.4577974239583626,0.04437217095138732,6.191552916226783,0.001166559926140157,6.417923805890888,6.653746420411965,0.4906099166327819,0.6752463602909462,0.995672999465053,0.9903834938494677,0.9191959302455267,0.7337998230201537,0.6674615787444512,0.5890028022410607,0.4048484431079331,6.6041031649327735,0.109786295967903,6.215753828302244,-0.2525389746452513,5.889868412183125,5.397355692125769,-1.4314999568576574,4.433541096014875,-2.472440768765263,3.34910800375419,2.796970707882397,2.5292803548853318,2.4337694665255327,2.278952419211006,1.9846192753272127,1.6443556641228012,7.590894701968681,1.0050590629257647,0.9182183845491856,7.205451266563577,0.9724020466827797,0.8296757901095095,0.5987205599787475,0.6048605821376399,0.5248545066115968,0.4705283005026349,0.4918311444809429,0.3975399585688851,6.412126171616807,-0.29511929749864035,5.7096789362807385,5.497476837892097,5.257935787650972,4.893158534593146,4.643133324636684,4.4623107027884705,4.4938399739057315,4.754468665043114,4.930138489915979,4.9373142439865445,4.994680706900378,4.933714659101754,4.849247988937893,4.891419827452072,4.899350332708701,4.68346646823905,4.479855389950839,4.0184987025473475,3.9640861429282426,3.76068215005354,3.5132468994283363,3.2756343078902823,2.980689384391697,2.9525848469485134,2.9160877342757763,2.785962818716105,2.3862502224154274,2.046887817117147,1.822071026182994,1.6697097494714022,1.3738386183046982,1.0315023023559422,7.067719154094743,6.749581591920237,6.4256891861923835,5.947025879688657,5.589545937327117,-0.9992190715268039,5.036166422511599,5.009133151767544,-1.3540779034331694,4.802864157673611,4.673668716874104
1.2309999999999752,0.18364794056113673,-0.18720768244576122,4.587724191872013,4.4331311362223795,4.318982956384189,4.131130647544308,3.73353897270075,3.4163528531225884,3.179871641607077,9.010962972877609,2.181422534607209,1.7472440566298904,1.2376361374716294,0.8127572913605423,0.4575404774756402,0.04280775933764424,6.188839715375352,-0.0026888524756787393,6.412865742390956,6.647383429893385,0.4829269424102876,0.6662818785961231,0.9855783828651354,0.9795547079278155,0.9080803719721801,0.7228972957850579,0.6572348284900117,0.5798139872510591,0.39691656361351163,6.597426348778736,0.10423149237366926,6.2110294346622155,-0.2567737969423811,5.885798591718259,5.3932051216167025,-1.4358426093172931,4.429088604224793,-2.476790329070696,3.345140519826951,2.793704171675256,2.526817400990704,2.4321530494039227,2.2781316467350323,1.9844378999425862,1.6445428543731813,7.591124844708521,1.0050240624748579,0.9176988782863544,7.204318483224902,0.9706445510241457,0.8274008135050943,0.5961436392971655,0.6022844524516072,0.5226087726597799,0.4689317258967394,0.49115292845879227,0.3979771538473844,6.413816924959406,-0.29210364465501526,5.713854404751032,5.50263857066868,5.263904952371811,4.899769648365609,4.650183874465105,4.469634166776366,4.50128998187998,4.7619134938877465,4.937450465717713,4.944371565783772,5.0013589727604115,4.9398888859942796,4.854790536822816,4.896204546506687,4.903252010301445,4.686344721834505,4.481615985480281,4.018976481133442,3.9634247481251323,3.7589542357779737,3.510632708233469,3.272417763512798,2.9772177972104945,2.9492430576964943,2.9132371778454793,2.7839143239513,2.3852931153707875,2.047084325046782,1.8233377678699962,1.67187949592171,1.3767038125932647,1.0347853705972774,7.071120430358121,6.752837990272583,6.428593515299079,5.949419737851763,5.591428941801349,-0.9977693449837457,5.037341655204926,5.010254235201305,-1.3527573391426326,4.804653919626146,4.676178743384471
1.2409999999999741,0.1853519454938656,-0.19021351573674053,4.59116392256482,4.437594640098317,4.324464668950129,4.13751505256037,3.74061410839255,3.4237184185299654,3.1870852054078993,9.017536704643438,2.186889935645383,1.751383941795004,1.2402445890801455,0.8138838948870672,0.45729502507447933,0.041250674803185026,6.186126609063915,-0.0065510360140308066,6.40779821772645,6.641015552051685,0.4752508019121988,0.6573415080866297,0.9755270245187709,0.9687829641925527,0.8970278240904787,0.712053891131526,0.6470539424373464,0.5706508232404411,0.38898671415941666,6.5907301839945776,0.09864128857444197,6.206262434673924,-0.2610489367059103,5.881698965894387,5.389042662393219,-1.440177245178605,4.424659399091601,-2.481107118409317,3.341205351232305,2.7904602215807275,2.5243630055750645,2.4305294349002877,2.277288734449449,1.9842229024390763,1.6446910199881422,7.591317647414619,1.0049598700746765,0.9171627694485774,7.203184347983903,0.9689012729192239,0.8251536195613101,0.5936042377937973,0.5997501609038471,0.5204036666134216,0.4673695726388208,0.490499285630147,0.39842696559275215,6.41550765775657,-0.2890997138354379,5.7180106613370345,5.507777381767973,5.269850500134294,4.906358450076516,4.657214215001317,4.476939373293437,4.508723078493026,4.769342148096147,4.94474653494533,4.951412995603359,5.008021239521802,4.946046910997599,4.860316714555165,4.900973173113881,4.907138838662536,4.689210946664307,4.483369828830104,4.019455797025777,3.9627753604638727,3.7572500561966033,3.508053500939237,3.269244775923448,2.973793857725917,2.9459472866263194,2.910425420242988,2.781892670976535,2.3843465848737755,2.047275214495724,1.8245853477902467,1.6740203069165973,1.3795343807728,1.0380328523016233,7.0744895280918545,6.756069355082219,6.431482609687731,5.9518103416918375,5.593320284556722,-0.9963008492688187,5.0385439287526115,5.011407576449157,-1.3514027912998556,4.806475364773996,4.678713858046339
1.250999999999973,0.1870494267984372,-0.19316731327162326,4.594617639361201,4.4420580253114155,4.32993037043116,4.143867504053816,3.747643179328189,3.431029993482713,3.1942442833497844,9.024063323157698,2.1923242474853124,1.7555068029264858,1.2428510841013938,0.815018297040075,0.457060254540284,0.03970043233248308,6.183413601750937,-0.010419473931340644,6.4027221021512215,6.634643715069687,0.4675821552929942,0.6484253831841927,0.9655184167299414,0.9580672719788564,0.8860370495719097,0.7012684198170863,0.6369180492801509,0.5615129444192564,0.3810591171459475,6.584015396930062,0.09301675769528643,6.201454004006637,-0.2653633636049199,5.877570218399307,5.384868473875382,-1.4445042527414556,4.420252688716167,-2.4853921590206074,3.3373015210794335,2.7872381796154464,2.5219168809704766,2.4288987418757255,2.2764241631953523,1.983975022501823,1.6448010050213053,7.5914738997039,1.004867092070059,0.9166104005455595,7.2020488975432,0.9671719501965972,0.822933704591721,0.5911016972675366,0.5972570060630588,0.5182385552228791,0.4658413709065653,0.48986996977429614,0.3988893935530243,6.417198599309102,-0.2861071100711156,5.722148139077296,5.512893640517483,5.275772672771009,4.912925033938915,4.66422432976665,4.48422624960826,4.516139184135127,4.776754570011116,4.952026665362976,4.958438516454892,5.014667498510223,4.9521887424629165,4.865826573798094,4.905725834752034,4.911011040601328,4.692065452815204,4.485117265338332,4.019936949727918,3.962138127722234,3.7555695305769223,3.505508935822132,3.2661147753097928,2.9704168597799185,2.9426968255184294,2.907651880603243,2.7798975077351136,2.3834105899646487,2.047460724068794,1.825814199689459,1.6761327218917508,1.3823308919651287,1.0412452782731676,7.077826892579182,6.759276010322857,6.43435665124828,5.954197716789744,5.595219844978364,-0.9948138354689269,5.039772882363307,5.012592728858544,-1.350014768608867,4.808327954252899,4.681273541070363
1.260999999999972,0.18874019816142948,-0.19607013723913672,4.598084922511677,4.446521053646892,4.335380084691026,4.150188346484945,3.7546268647176353,3.438288470600759,3.2013497983955213,9.030543561882496,2.197725810395841,1.7596125103015992,1.245455055212021,0.8161596879130184,0.4568353887819985,0.03815656975995486,6.1807007003518475,-0.014293669473012242,6.397638229600062,6.628268806670781,0.45992163187804,0.6395336275135151,0.9555520651398653,0.9474066704519409,0.8751068483530856,0.6905397266437943,0.6268263009705868,0.552399993042084,0.37313398656609487,6.577282692788672,0.08735894373914187,6.196605287910445,-0.2697160726964409,5.8734130175482955,5.3806827142109,-1.4488240072873932,4.415867704673305,-2.489646444530948,3.333428078340199,2.784037383530083,2.5194787437881794,2.4272610831111647,2.275538399822746,1.9836949814080753,1.6448736347248123,7.5915943752080635,1.0047463236480287,0.9160421088171532,7.20091216968098,0.9654563276755536,0.8207405762802878,0.588635373381748,0.5948043006138275,0.5161128172395012,0.46434665863517305,0.4892647367760814,0.3993644333504026,6.418889969175896,-0.2831254513277872,5.72626725915991,5.51798770871349,5.281671710467899,4.9194694979658635,4.671214208737715,4.491494729051706,4.5235382227788055,4.784150702541351,4.95929082359682,4.96544811055409,5.021297742191596,4.958314392033722,4.871320170280597,4.910462661306666,4.914868837366888,4.694908543739065,4.48685862952784,4.020420226297604,3.9615131878738734,3.7539125745142727,3.5029986755430014,3.2630272037006187,2.967086113543204,2.9394909824534508,2.9049159902492487,2.7779284876553536,2.3824850870855108,2.047641084249459,1.8270247471888523,1.6782172706862848,1.3850939074251014,1.0444231733889446,7.081132964803113,6.762458277198311,6.437215820729018,5.956581889217835,5.597127504283095,-0.993308552091885,5.041028158077288,5.013809248903518,-1.3485937756883426,4.810211155298845,4.683857281461087
1.2709999999999708,0.19042407830314229,-0.19892302503617348,4.601565362949479,4.4509834972297595,4.340813842100165,4.156477922998858,3.7615658313646296,3.4454947207886994,3.2084026475160132,9.036978131383858,2.203094953140926,1.7637009391988334,1.2480559573606493,0.817307290942604,0.4566196843063606,0.036618646694075496,6.177987914028742,-0.01817314510981973,6.392547399187518,6.6218916757874675,0.45226983138353555,0.6306663542435395,0.9456274880846406,0.9368002274358637,0.8642360560738849,0.679866689468592,0.6167778721846917,0.5433116193538534,0.3652115283788387,6.570532756259881,0.0816688623587416,6.191717401986893,-0.2741060837877462,5.86922801666057,5.376485540282449,-1.4531368714721642,4.411503701301694,-2.493870940800172,3.3295840971374475,2.7808571864899956,2.5170483149747547,2.425616565628271,2.274631897644564,1.9833834824881946,1.644909715926415,7.591679831837573,1.0045981489936975,0.9154582262818617,7.199774203186767,0.9637541569946192,0.8185737534352844,0.5862046353744712,0.592391371057338,0.5140258431496464,0.4628849813364441,0.4886833445821745,0.3998520766207667,6.420581977503617,-0.28015436806576294,5.730368431301555,5.52305994080038,5.287547851680802,4.925991943666406,4.678183847980587,4.498744750755701,4.53092012192268,4.791530489314252,4.966538975385485,4.972441759519694,5.027911964197873,4.9644238744723195,4.876797563496254,4.915183784780939,4.918712448515927,4.6977405163677375,4.488594245460685,4.020905901843348,3.96090066953835,3.752279100165546,3.5005223870629054,3.2599815145816424,2.963800944965815,2.936329081301403,2.902217192390877,2.775985269635326,2.3815700303429366,2.047816517759136,1.82821740406878,1.6802744736805129,1.3878239805563528,1.0475670565721407,7.084408181439316,6.765616474161699,6.440060297744918,5.9589628855030226,5.599043145443414,-0.9917852451330096,5.04230940076504,5.015056696266647,-1.3471403129426636,4.812124441334014,4.686464576954787
1.2809999999999697,0.19210089086652704,-0.2017269895476312,4.605058562021476,4.455445138088032,4.346231679065706,4.1627365751341125,3.7684607337905103,3.452649593814922,3.2154037025992084,9.043367720306755,2.2084319936453833,1.7677719699321668,1.2506532670326929,0.8184603615873575,0.4564124297637837,0.03508624349527168,6.175275253993297,-0.02205744179424483,6.387450376638879,6.615513134156312,0.44462732508784414,0.621823666424361,0.93574421599292,0.9262470382966577,0.8534235428608622,0.669248218236822,0.6067719597895523,0.5342474815242683,0.3572919408656656,6.563766252135969,0.0759475016137255,6.186791432943683,-0.2785324408154929,5.865015854422629,5.372277107711228,-1.4574431957075227,4.407159955018189,-2.4980665867380085,3.3257686760563496,2.7776969567601855,2.5146253198578625,2.4239652909936136,2.2737050968752284,1.9830412115770981,1.6449100374031351,7.59173101204527,1.0044231414460838,0.9148590797853532,7.198635037798327,0.9620651964430313,0.8164327657472692,0.5838088657733329,0.5900175574175256,0.5119770349150833,0.461455891924469,0.4881255531618535,0.4003523111517262,6.422274825346005,-0.2771935028174715,5.7344520541101245,5.528110684042662,5.29340133305815,4.932492475759215,4.68513324930515,4.505976259404771,4.538284812534919,4.79889387481556,4.9737710858118405,4.979419444555739,5.034510159349255,4.97051720749532,4.882258816419331,4.919889339024388,4.922542091791945,4.70056166122698,4.490324427078906,4.021394239998896,3.960300692409306,3.7506690164702867,3.498079741561542,3.2569771725285825,2.9605606952526533,2.9332104612321364,2.8995549418320223,2.7740675180203347,2.380665371751335,2.0479872398981973,1.8293925745445654,1.682304841937399,1.3905216569365721,1.0506774407724953,7.087652974849569,6.768750916930202,6.4428902607818275,5.961340732590731,5.600966653117394,-0.9902441581348344,5.04361625812849,5.016334633916293,-1.3456548764441136,4.8140672920397165,4.68909493394931
1.2909999999999686,0.19377046430836828,-0.20448301946231034,4.608564131222586,4.459905767732272,4.351633637586686,4.168964642555593,3.7753122143670663,3.4597539188775532,3.222353811324847,9.049712996304171,2.2137372396208055,1.7718254878711797,1.2532464815381146,0.819618186061959,0.4562129445621662,0.03355896030467185,6.1725627333221045,-0.025946118249050562,6.382347895656848,6.609133957842909,0.4369946569562614,0.613005657319304,0.9259017908208697,0.9157462248769271,0.8426682121543274,0.6586832540389596,0.5968077823133652,0.5252072455720338,0.34937541497092867,6.55698382591327,0.07019582271260626,6.181828439333484,-0.28299421124109764,5.86077715523932,5.368057570857364,-1.461743318532578,4.4028357636554,-2.502234295091841,3.3219809374778073,2.7745560773947107,2.512209488182429,2.4223073556070283,2.272758425054254,1.9826688374561119,1.644875370251143,7.591748643089307,1.0042218636537852,0.9142449910490692,7.197494714139784,0.9603892107951222,0.8143171535510615,0.5814474601151582,0.5876822129526904,0.5099658057196842,0.460058950547635,0.487591124471857,0.4008651210189556,6.423968704973036,-0.27424250978168935,5.738518515431942,5.533140278690245,5.2992323893695525,4.938971201902916,4.692062419938409,4.5131892049996525,4.545632228996462,4.806240804516677,4.980987119517338,4.98638114662007,5.041092323673017,4.9765944116175325,4.887703995237298,4.924579459478889,4.926357983014931,4.7033722625494185,4.492049478532315,4.021885493376595,3.959713367661951,3.749082229359933,3.4956704143581656,3.2540136528566754,2.9573647203625755,2.93013447624587,2.89692870468584,2.7721749025738873,2.37977106145843,2.0481534588697157,1.8305506535346492,1.684308877346958,1.3931874743513235,1.053754832953299,7.090867773075972,6.7718619184959765,6.445705887197032,5.963715457809751,5.602897913583978,-0.9886855322405781,5.044948380704479,5.0176426281794,-1.3441379578256383,4.816039193417148,4.6917478674267095
1.3009999999999675,0.19543263179274417,-0.20719207961936484,4.612081691933942,4.464365186751031,4.357019764833307,4.175162462810058,3.7821209034573506,3.466808505157252,3.229253798006286,9.056014606922492,2.2190109891540444,1.7758613834483084,1.2558351183215,0.820780080124779,0.45602057754513475,0.03203641612097117,6.169850366783724,-0.029838750286477204,6.377240659227098,6.602754888700272,0.4293723447211774,0.6042124107317388,0.9160997655218734,0.9052969344792062,0.8319689995775297,0.6481707681905617,0.5868845794193811,0.5161905852799997,0.34146213462666436,6.550186104377791,0.06441476073932861,6.176829452276906,-0.2874904854617749,5.8565125295734415,5.36382708281766,-1.466037566974909,4.3985304458215495,-2.5063749532071182,3.318220026933021,2.7714339459307036,2.509800554138087,2.4206428509750486,2.2717922974554154,1.98226701228522,1.6448064682515469,7.5917334372951375,1.0039948677304342,0.9136162767189991,7.196353273660985,0.9587259711475922,0.812226467591672,0.5791198266702798,0.5853847038725755,0.5079915797223171,0.45869372442666295,0.4870798224249263,0.4013904867205883,6.4256638001702235,-0.27130105443366737,5.742568192684397,5.538149058137382,5.305041253439977,4.945428232442096,4.698971372215628,4.520383542632245,4.552962309044041,4.813571224990491,4.9881870408999776,4.993326846579953,5.047658454419131,4.98265551000384,4.8931331690988795,4.929254282940924,4.930160335981035,4.706172598386442,4.493769694493821,4.0223799040006885,3.9591387983409376,3.7475186419558915,3.493294084834932,3.2510904412857515,2.9542123905297424,2.9271004947227803,2.8943379580978053,2.7703070984428253,2.378887047954133,2.0483153760869364,1.8316920269211625,1.6862870727729633,1.3958219628355477,1.056799734084529,7.094052999836062,6.774949789133808,6.4485073532166926,5.966087088838008,5.604836814683261,-0.9871096062419523,5.0463054218701275,5.018980248809843,-1.3425900441836078,4.8180396378368044,4.694422900869399
1.3109999999999664,0.19708723108678214,-0.20985511138039387,4.615610875165022,4.468823204421722,4.362390112749104,4.181330371102988,3.788887419563503,3.473814142356886,3.236104464400633,9.062273180445347,2.2242535312604863,1.7798795521544355,1.2584187142938235,0.8219453879161731,0.4558347057314291,0.030518247922828822,6.167138170676723,-0.0337349301565383,6.37212934086583,6.5963766357638836,0.4217608809195004,0.5954440013262837,0.9063377035486153,0.8948983388955447,0.821324871846445,0.6377097613353575,0.5770016113846137,0.5071971821022425,0.3335522770624694,6.543373696175237,0.058605225364228984,6.171795476169692,-0.2920203762367051,5.852222574274584,5.359585795421177,-1.4703262569016708,4.394243340281636,-2.510489423761701,3.314485112478338,2.7683299740870932,2.507398256378614,2.418971863970244,2.2708071174819615,1.9818363720257384,1.6447040682318284,7.591686092316308,1.0037426954098825,0.9129732484146734,7.195210758578187,0.957075254759651,0.8101602687941523,0.5768253861715354,0.583124409060903,0.5060537918158269,0.457359787698404,0.48659141286167945,0.4019283853094789,6.4273602865282795,-0.2683688131504179,5.746601453174866,5.543137349075774,5.3108281560893,4.9518636801681435,4.705860123288268,4.527559232271294,4.560274993713098,4.820885084016473,4.9953708142969315,5.000256525355546,5.054208550072889,4.988700528328567,4.8985464098767695,4.93391394733927,4.933949362371567,4.708962940718995,4.495485360462837,4.022877703721489,3.9585770797296442,3.7459781547570885,3.4909504363626094,3.248207033620064,2.951103089806013,2.9241078989906404,2.891782189976364,2.76846378611724,2.378013278263991,2.048473186465365,1.832817071803055,1.6882399122013743,1.3984256447219372,1.0598126391416722,7.097209074518988,6.778014836405993,6.451294833930588,5.968455653669267,5.60678324576135,-0.9855166166218402,5.047687037849755,5.020347069052459,-1.3410116179900633,4.820068124077284,4.69711956617049
1.3209999999999653,0.1987341044587159,-0.21247303302280116,4.619151321299995,4.473279638336475,4.3677447376749505,4.187468700095373,3.7956123694806867,3.4807716012281427,3.242906590488385,9.068489326697984,2.2294651464042228,1.7838798945239132,1.2609968251853025,0.8231134808452205,0.4556547331123179,0.02900410983436583,6.164426162678093,-0.03763426592298148,6.36701458581221,6.589999876586456,0.4141607338891229,0.5867004949440868,0.8966151783853531,0.8845496334809267,0.8107348257187021,0.6272992625713469,0.5671581585840823,0.4982267250640327,0.3256460131010324,6.536547192365489,0.05276810153926742,6.166727489374237,-0.29658301812783544,5.847907872897862,5.3553338592230615,-1.474609693360918,4.389973805359028,-2.5145785454752976,3.3107753840895744,2.765243587468118,2.505002338034047,2.417294477077232,2.269803277048368,1.9813775368534514,1.6445688904226774,7.591607291393815,1.0034658782010188,0.9123162127784139,7.194067211816095,0.9554368448960165,0.8081181280373272,0.5745635715479411,0.5809007198033443,0.5041518873919886,0.4560567212651324,0.48612566352548814,0.4024787905231721,6.42905833172342,-0.26544547285045905,5.750618654406642,5.548105471642189,5.31659332607695,4.958277660094047,4.712728694847732,4.534716238558171,4.567570227280682,4.828182330675767,5.002538404152786,5.007170164051958,5.060742610364695,4.994729494641934,4.90394379194422,4.938558591527239,4.93772527167083,4.711743555567218,4.497196753057247,4.023379114611358,3.9580282997018394,3.744460665817602,3.488639156228556,3.245362935442065,2.948036215623242,2.921156084909602,2.889260898730935,2.7666446513857523,2.377149698128308,2.048627078700348,1.8339261567419103,1.6901678708899661,1.4009990346954497,1.062794037109832,7.100336412182826,6.781057365164898,6.454068503284557,5.970821180580772,5.608737097619439,-0.9839067975923467,5.04909288772307,5.021742665702852,-1.3394031570139413,4.822124157354233,4.699837403538938
1.3309999999999642,0.20037309857824173,-0.21504674015051917,4.622702679848415,4.477734314042509,4.3730836999938685,4.193577779719177,3.8022963484563284,3.4876816340852077,3.249660935223724,9.074663637814075,2.2346461069870744,1.7878623161100395,1.2635690249187277,0.8242837565227007,0.4554800895041146,0.027493672331476014,6.161714361701404,-0.04153638086555659,6.361897012168449,6.5836252585152835,0.40657234872613235,0.5779819489119337,0.8869317731083427,0.8742500362682647,0.8001978869802366,0.6169383285997273,0.5573535209812684,0.48927891065555323,0.3177435074399002,6.529707166961676,0.04690425017746086,6.161626444895562,-0.3011775669548434,5.843568996013149,5.3510714234969985,-1.4788881709133632,4.385721218356623,-2.5186431337951247,3.3070900530750196,2.762174225271693,2.502612546716098,2.4156107686260904,2.268781156949089,1.98089111156228,1.6444016388100353,7.591497703613823,1.0031649375421658,0.9116454715248705,7.192922676951279,0.9538105306727523,0.8060996259313816,0.5723338276630244,0.5787130395208957,0.5022853221123112,0.4547841126490821,0.4856823440400544,0.4030416729114441,6.430758095788566,-0.262530730647352,5.7546201443726135,5.553053739560975,5.322336990051412,4.964670289242385,4.719577112864011,4.541854530612193,4.574847957208359,4.835462915436907,5.009689775174321,5.014067744080622,5.067260636277198,5.000742439243234,4.909325391964743,4.9431883550886955,4.941488271092216,4.714514703098884,4.4989041402944405,4.023884349343343,3.9574925390566373,3.742966070914929,3.486359935566909,3.2425576618194225,2.945011178374407,2.9182444614732383,2.88677359301704,2.7648493852866567,2.3762962521679425,2.0487772355309386,1.8350196420005962,1.6920714155186918,1.4035426398532869,1.0657444109927259,7.103435423553153,6.7840776775536344,6.456828534070999,5.973183698101851,5.610698262466757,-0.9822803811286724,5.05052263343434,5.023166619163065,-1.337765134250799,4.824207249340105,4.702575961400115
1.340999999999963,0.20200406441916316,-0.21757710611864386,4.626264609200459,4.482187064696572,4.378407063795641,4.199657937010311,3.808939940353903,3.4945449753055944,3.2563682372565768,9.080796688966814,2.2397966778083274,1.79182672745192,1.2661349050026858,0.8254556377382196,0.45531022945301813,0.025986621486793354,6.159002787764163,-0.045440912907311656,6.3567772119900825,6.577253399914917,0.3989961482043896,0.5692884123449765,0.877287079972524,0.8639987871228476,0.7897131094683041,0.6066260428964143,0.5475870176253714,0.48035344272017355,0.30984491892004684,6.522854177453949,0.04101450881649519,6.156493271041856,-0.30580319926382815,5.8392065015053305,5.346798636226607,-1.4831619739547934,4.38148497499679,-2.522683981558822,3.3034283515063927,2.759121340002677,2.5002286345174527,2.413920813013871,2.2677411272147694,1.9803776859585647,1.6442030014821654,7.591357984163531,1.0028403849549565,0.9109613214908603,7.191777198157027,0.9521961069059377,0.8041043525992763,0.5701356110577981,0.576560783508618,0.5004535616845659,0.4535415558519837,0.4852612258894108,0.4036169999613038,6.432459731375705,-0.25962429351640226,5.7586062618373575,5.557982460281808,5.328059372504368,4.971041686445755,4.726405407338356,4.548974081844955,4.5821081340852015,4.842726790232843,5.016824892472662,5.020949247270599,5.073762630049944,5.006739394560316,4.914691288694205,4.947803378157044,4.945238565512067,4.717276637736602,4.5006077818618575,4.024393611553334,3.9569698718376065,3.7414942637094284,3.4841124692908885,3.239790737024558,2.9420274010125578,2.915372450425044,2.8843197914883585,2.763077684055438,2.375452884037739,2.04892383399079,1.8360978797748893,1.6939510043403574,1.4060569597697181,1.068664237826213,7.10650651502293,6.787076073005174,6.459575097917782,5.975543234983475,5.612666633877093,-0.9806375969992348,5.0519759398022925,5.024618513493221,-1.3360980178605797,4.82631691817538,4.705334796292325
1.350999999999962,0.20362685716430826,-0.2200649824689083,4.629836776386799,4.486637730733026,4.383714896560266,4.205709495957977,3.8155437178205704,3.501362341818301,3.263029215627516,9.08688903906609,2.244917116496915,1.7957730440335804,1.2686940739440902,0.826628571479492,0.45514463118966564,0.024482658251285067,6.156291461863793,-0.04934751406570605,6.3516557523289245,6.570884891337756,0.3914325336590262,0.5606199264429162,0.8676807000227104,0.8537951469342338,0.7792795741295323,0.5963615149058963,0.5378579861558713,0.47145003233801136,0.30195040078179647,6.515988765318182,0.035099692266539674,6.151328872069761,-0.31045911180931435,5.834820934866101,5.3425156440960935,-1.4874313770293475,4.377264488879344,-2.5267018596356174,3.2997895316670496,2.7560843971910667,2.4978503580054903,2.4122246809148384,2.2666835474563487,1.979837835246063,1.6439736509716047,7.591188774585011,1.0024927221976259,0.9102640546855187,7.190630820149626,0.9505933739631577,0.8021319074619646,0.5679683896983525,0.5744433786796904,0.49865608164490305,0.4523286512193704,0.4848620824000886,0.40420473621936265,6.434163384009641,-0.2567258779739277,5.76257733660825,5.562891935112952,5.333760695729235,4.9773919721589435,4.733213612069179,4.556074869783159,4.589350711570929,4.849973908529785,5.0239437216936125,5.0278146559704755,5.080248595181707,5.012720395035081,4.920041562794624,4.952403801246495,4.948976357410851,4.720029608263754,4.502307929377501,4.024907096186489,3.956460365636844,3.7400451358954214,3.4818964560271444,3.23706169426607,2.939084318666662,2.912539485889632,2.8818990225554835,2.7613292490690724,2.3746195365684453,2.049067045646804,1.8371612144182325,1.6958070873312432,1.4085424865651874,1.0715539886960075,7.109550088653738,6.790052848240256,6.462308365275828,5.977899820168808,5.614642106748587,-0.9789786727924191,5.053452474530537,5.026097936459234,-1.334402271112985,4.82845268847187,4.708113472759826
1.360999999999961,0.20524133611269751,-0.22251119937327207,4.633418856843249,4.491086159545101,4.389007268859351,4.2117327773693045,3.8221082424580444,3.508134433579439,3.269644570436538,9.092941231423303,2.25000767391767,1.799701186236133,1.271246156679447,0.827802027991893,0.4549827956309218,0.022981497770554395,6.153580405861764,-0.053255849926399305,6.346533176230964,6.56452029664499,0.38388188583534266,0.5519765247795047,0.8581122427276491,0.8436383968436979,0.7688963881117358,0.5861438792571129,0.528165782314835,0.462568397705461,0.2940601009086395,6.509111456509785,0.029160593242329013,6.146134128814574,-0.3151445210491773,5.830412829477715,5.3382225924804105,-1.4916966451338771,4.373059190956832,-2.5306975175466544,3.296172865516777,2.753062875115136,2.4954774782108973,2.4105224394800557,2.26560876719749,1.9792721204017751,1.6437142445918764,7.590990703026846,1.00212244141763,0.9095539583407631,7.1894835881361026,0.949002137617804,0.8001818990273937,0.5658316427280415,0.5723602633147249,0.4968923671454297,0.45114500530942786,0.48448468872522055,0.40480484341150247,6.43586919233344,-0.2538352097685276,5.7665336897962,5.567782459350346,5.339441179783898,4.983721268282183,4.740001764430429,4.5631568758995,4.596575646339207,4.857204225388484,5.031046229136913,5.0346639531414015,5.086718536430643,5.018685477014627,4.925376296659028,4.956989765094914,4.952701846821158,4.722773857929128,4.504004826640854,4.025424989828721,3.9559640818848,3.738618577344409,3.479711598052068,3.234370075431413,2.9361813782734383,2.909745014017898,2.8795108241512035,2.759603786787534,2.373796151897931,2.0492070368261754,1.83820998265978,1.6976401063413384,1.4109997049791796,1.0744141287592561,7.112566542178435,6.79300829726437,6.465028505405658,5.980253482764722,5.616624577266555,-0.9773038339403191,5.05495190821827,5.027604479576679,-1.3326783523400332,4.83061409130868,4.7109115632427745
1.3709999999999598,0.206847364588933,-0.2249165660832319,4.637010534180235,4.495532205178903,4.394284254074565,4.217728098748325,3.8286340649960837,3.514861934035512,3.2762149834867187,9.098953794385501,2.2550685945531934,1.8036110792837214,1.2737907940243025,0.8289754998764786,0.4548242454265672,0.02148286873404911,6.150869642375394,-0.05716559913863459,6.34141000369143,6.558160154080227,0.37634456570452485,0.5433582335852765,0.8485813256354333,0.8335278375054481,0.7585626838882589,0.5759722950010341,0.518509779467334,0.4537082640113074,0.28617416205946183,6.502222761942868,0.023197982979610263,6.140909899305526,-0.319858662652123,5.825982706889156,5.333919625435143,-1.4959580340135936,4.368868529026475,-2.534671684065367,3.29257764417254,2.7500562645295155,2.4931097606116452,2.4088141525268805,2.264517126195744,1.9786810885427175,1.6434254247688533,7.59076438449344,1.0017300253035195,0.9088313149620637,7.188335547763436,0.9474222089061753,0.7982539446832616,0.5637248602242321,0.5703108868162797,0.49516191274710925,0.4499902307661765,0.4841288218303636,0.40541728055978327,6.437577288345761,-0.2509520235838161,5.770475634066532,5.572654322402745,5.345101042457424,4.990029697994878,4.74676990516174,4.570220085451135,4.603782898021183,4.864417697518398,5.038132381865127,5.041497122441853,5.09317245981244,5.024634678647762,4.930695574246784,4.961561410517568,4.956415231282114,4.725509624550236,4.505698709874579,4.025947471023935,3.9554810761265666,3.7372144762408515,3.477557601229988,3.23171543084025,2.9333180382243644,2.9069884926454996,2.8771547435021025,2.7579010086928593,2.372982671592466,2.049343968832473,1.8392445138158864,1.699450495243894,1.4134290924463768,1.077245117269685,7.115556269005219,6.795942711364058,6.46773568636314,5.982604252014303,5.618613942869089,-0.9756133037397879,5.05647391437111,5.029137738150943,-1.3309267148954136,4.832800664221382,4.713728647964585
1.3809999999999587,0.20844480985478178,-0.22728187138272485,4.640611499957187,4.499975728039767,4.399545928132303,4.2236957741883066,3.8351217254680963,3.5215455105745375,3.28274111890371,9.104927241940256,2.2601001168627723,1.807502653183931,1.276327642140319,0.8301485012247638,0.4546685240486771,0.019986512755471895,6.148159194676856,-0.061076452931194146,6.336286732569058,6.551804977297984,0.36882091524753086,0.5347650720234376,0.8390875740488563,0.8234627883799266,0.7482776184136554,0.5658459448695834,0.5088893681302837,0.44486936330999566,0.27829272208969447,6.495323177955023,0.017212611836084947,6.135657019366343,-0.3246007910173704,5.821531077085037,5.329606885686335,-1.500215790449209,4.36469196723813,-2.538625067798721,3.289003177404586,2.7470640683982177,2.4907469751127387,2.407099880718905,2.2634089547528524,1.9780652732837842,1.6431078193667006,7.590510421091819,1.001315947235987,0.9080964023795116,7.187186745069256,0.9458534039873677,0.7963476704935135,0.5616475429595863,0.5682947094685056,0.4934642222178483,0.44886394619678244,0.48379426048084573,0.4060420040965517,6.439287797630371,-0.24807606275211047,5.774403473880544,5.577507807913181,5.350740499240562,4.996317385599216,4.753518078169663,4.57726448732536,4.610972429149275,4.871614283325265,5.045202147802831,5.0483141483046206,5.0996103725965725,5.0305680397865915,4.935999480928785,4.966118878271197,4.96011670579981,4.72823714061529,4.507389807957436,4.026474710577703,3.955011398285323,3.7358327192108995,3.47543417495317,3.2290973190079373,2.93049376802707,2.904269390964,2.874830336906305,2.756220631226116,2.372179036758727,2.0494779981513207,1.8402651299952004,1.7012386800840353,1.41583111917567,1.0800474076060262,7.118519658223144,6.798856379102801,6.47043007498465,5.984952157270355,5.620610102215198,-0.9739073033711055,5.058018169411865,5.03069731131374,-1.3291478071202465,4.8350119511849075,4.716564314817115
1.3909999999999576,0.2100335430229148,-0.22960788404277516,4.644221453461869,4.504416594610493,4.4047923692537685,4.229636114276567,3.8415717533883553,3.528185814965214,3.2892236237320036,9.110862074292745,2.265102473619701,1.8113758426632822,1.2788563720194528,0.8313205667886334,0.4545151949215987,0.018492183782785398,6.145449086598984,-0.06498811464796292,6.331163839461506,6.545455256349146,0.3613112582084442,0.5261970524588716,0.8296306207193921,0.8134425870576034,0.7380403723095599,0.5557640345555256,0.49930395550995993,0.4360514343925781,0.27041591416187205,6.488413186757994,0.011205209877005143,6.130376303201326,-0.3293701788062042,5.817058438747624,5.325284514620436,-1.5044701525357684,4.36052898561765,-2.5425583577500936,3.2854487931473377,2.7440858016325675,2.488388896022118,2.4053796817368545,2.262284574014565,1.9774251950868347,1.6427620420083313,7.590229402275835,1.0008806714380183,0.9073494937991673,7.186037226434016,0.9442955440059443,0.7944627109985523,0.5595992021678434,0.5663112022018532,0.4917988083356363,0.447765776052802,0.4834807852304568,0.40667896797572184,6.441000839578057,-0.24520707897859065,5.7783175057282,5.582343193876914,5.356359763299836,5.0025844563731185,4.7602463303393945,4.584290073892068,4.618144205101266,4.878793942952506,5.052255495826701,5.055115016006525,5.106032283300839,5.036485601892918,4.941288103341975,4.970662308927777,4.963806462813348,4.730956633383816,4.509078342648742,4.027006871848029,3.9545550929135995,3.734473191444475,3.473341032083555,3.2265153064186087,2.9277080479803854,2.9015871892040868,2.872537169517175,2.754562375722577,2.371385188147214,2.0496092766462644,1.8412721462975232,1.7030050792262121,1.418206248231632,1.0828214473034636,7.121457094609065,6.801749586316642,6.473111836871847,5.987297227969864,5.622612955155309,-0.9721860519145301,5.059584352691102,5.032282802056103,-1.3273420723148994,4.837247502590649,4.719418159244008
1.4009999999999565,0.21161343897276708,-0.23189535327624078,4.6478401014947135,4.508854677181103,4.4100236577197025,4.235549426010952,3.8479846679303806,3.534783483784341,3.295663128508856,9.116758778416347,2.2700758922282844,1.8152305870983834,1.2813766689847075,0.8324912511838344,0.4543638405905506,0.016999647536296437,6.142739342447486,-0.06890029930218385,6.326041780543793,6.5391114586253485,0.3538159008185296,0.5176541807202476,0.8202101055585874,0.8034665886117578,0.7278501490796364,0.5457257920129335,0.48975296504839816,0.42725422265581453,0.26254386694607357,6.481493256874515,0.00517648744560367,6.1250685439670995,-0.33416611648508027,5.812565279512274,5.32095265227448,-1.508721349953383,4.356379079605109,-2.5464722238645394,3.2819138370245233,2.7411209908340295,2.486035302023076,2.4036536104409096,2.261144296260354,1.9767613616011512,1.64238869239032,7.589921905087636,1.0004246531240708,0.9065908578546745,7.18488703853465,0.9427484549573703,0.7925987090191418,0.5575793593140602,0.5643598463627718,0.4901651926966009,0.44669535051517556,0.48318817841132,0.4073281237812116,6.442716527601176,-0.242344832075473,5.782218018352406,5.587160752756121,5.361959045455036,5.008831036432014,4.766954711356374,4.591296840862671,4.625298194044723,4.885956638316896,5.059292395847117,5.061899711731306,5.112438201684271,5.042387407949194,4.946561529252697,4.975191842757443,4.967484692166138,4.733668324985889,4.510764528804783,4.027544111023812,3.954112199432963,3.733135776811039,3.4712778888961524,3.223968967307381,2.9249603688623456,2.8989413783303077,2.870274815132821,2.7529259683453815,2.370601066247639,2.0497379517453,1.8422658710065953,1.7047501035002743,1.420554935618087,1.0855676780878503,7.124368958636037,6.804622616109764,6.475781136376224,5.989639493609469,5.624622402703919,-0.9704497663649905,5.06117214649738,5.033893817257947,-1.3255099487165045,4.83950687521824,4.722289784122631
1.4109999999999554,0.21318437626847772,-0.23414500919123335,4.651467158158145,4.513289853589674,4.415239875649034,4.241436012727157,3.8543609781060777,3.5413391388327065,3.3020602478167436,9.122617828578065,2.2750205950217226,1.8190668304432742,1.2838882322069531,0.8336601281255789,0.45421406192697206,0.015508680973385524,6.140029986919173,-0.0728127331485415,6.320920992371478,6.53277402976417,0.34633513249217707,0.5091364563552342,0.8108256753657199,0.7935341649788297,0.7177061743525383,0.5357304667778223,0.4802358359788395,0.4184774799698642,0.2546767048107023,6.474563843561622,-0.0008728642814390037,6.119734514330321,-0.338987911879981,5.8080520762165735,5.3166114373266815,-1.5129696042300531,4.352241759607312,-2.5503673175571246,3.278397671888043,2.7381691740418947,2.483685976143513,2.401921719024904,2.2599884251833826,1.9760742679954322,1.6419883565922506,7.589588494396327,0.9999483386482145,0.9058207586591113,7.183736228299714,0.9412119675561996,0.7907553154639809,0.555587545869276,0.5624401334883173,0.48856290552784826,0.44565230538279416,0.48291622412479285,0.4079894208325298,6.444434969341104,-0.23948908970576147,5.78610529296531,5.59196075159148,5.36753855415995,5.015057252598944,4.773643273537251,4.5982847871550945,4.63243436688178,4.893102333138872,5.066312818881801,5.06866822262617,5.118828138738564,5.048273502373786,4.951819847428345,4.979707619620038,4.9711515810821165,4.736372432519997,4.512448574587478,4.028086577391589,3.95368275236272,3.7318203579693994,3.4692444650240213,3.221457883451212,2.922250231630509,2.896331459746782,2.868042855991208,2.7513111400179353,2.369826611376874,2.049864166618583,1.8432466057769679,1.7064741563460104,1.4228776303634512,1.0882865359124643,7.127255626483119,6.807475748850169,6.4784381365836055,5.9919789837219,5.626638347014231,-0.9686986616451472,5.062781236067016,5.035529967714328,-1.3236518694818549,4.841789632202438,4.72517879964485
1.4209999999999543,0.21474623707886856,-0.23635756324197926,4.655102344650912,4.517722006973898,4.420441106790736,4.247296174036185,3.860701182945258,3.5478533875396807,3.3084155808151716,9.128439686839968,2.279936799541994,1.8228845211534437,1.2863907742373184,0.8348267896948509,0.4540654773688496,0.01401907177853111,6.137321045025868,-0.07672515327225303,6.315801892650249,6.526443394516909,0.33886922649586615,0.500643872878839,0.8014769835706745,0.7836447043649953,0.7076076951518468,0.5257773293085348,0.4707520228903445,0.4097209645449648,0.24681454800404468,6.467625389220747,-0.006942172753270245,6.114374967011545,-0.3438348897417293,5.803519295143451,5.312261007087503,-1.5172151289967801,4.348116550564109,-2.554244272224993,3.2748996773700663,2.7352299004857734,2.481340705722329,2.4001840571628286,2.2588172561610675,1.9753643972814627,1.6415616073804793,7.589229723133702,0.9994521656511672,0.9050394558570609,7.182584842865994,0.9396859171070001,0.7889321891409222,0.5536233030895547,0.5605515650855953,0.486991485504953,0.4446362819644709,0.48266470823326246,0.4086628062875163,6.446156266868763,-0.23663962713616138,5.789979603456982,5.596743452110815,5.373098495486143,5.021263232282542,4.780312071669651,4.605253914764585,4.639552697194304,4.9002309929678685,5.07331673712203,5.075420536852328,5.12520210667814,5.0541439309403415,4.957063147516896,4.984209778864778,4.974807314146552,4.739069168149516,4.514130681665646,4.028634413591126,3.953266781538173,3.730526816471871,3.467240483404776,3.2189816439679784,2.9195771471339778,2.8937569450134033,2.8658408825707538,2.7497176263552947,2.3690617637599463,2.0499880603477676,1.8442146458151216,1.7081776339559884,1.4251747746075378,1.0909784509970855,7.130117470046603,6.810309262165576,6.481082999298716,5.994315727853384,5.628660691354615,-0.9669329506170317,5.064411309593305,5.03719086815847,-1.3217682626753569,4.8440953429955,4.728084823196993
1.4309999999999532,0.21629890709941962,-0.23853370867602872,4.658745389067418,4.522151025532945,4.425627436328229,4.253130205771215,3.867005771675206,3.554326823356727,3.314729711752631,9.134224803537833,2.284824718802808,1.8266836121069705,1.2888840205546694,0.8359908456340842,0.4539177221943446,0.012530617877349125,6.13461254202367,-0.08063730719439216,6.31068488097348,6.520119957580631,0.33141844059123443,0.4921764180149188,0.7921636899910476,0.7737976106776995,0.6975539791919945,0.5158656703454546,0.46130099530166374,0.4009844407974641,0.2389575128270327,6.460678323794907,-0.01303078351864822,6.108990635315483,-0.3487063913219837,5.79896739225849,5.30790149749134,-1.5214581302351562,4.3440029915279865,-2.5581037037437886,3.2714192494478986,2.7323027303428677,2.478999282373229,2.398440672148021,2.2576310765165823,1.9746322206296378,1.6411090045062975,7.588846132526984,0.998936563206162,0.904247204676872,7.181432929536582,0.9381701433779968,0.7871289965718101,0.5516861817993639,0.5586936524159545,0.4854504795739716,0.44364692697415853,0.48243341835270825,0.4093482252422467,6.447880516878506,-0.23379622699876618,5.79384121659688,5.601509110834961,5.378639073109656,5.027449103362469,4.786961162860301,4.612204228639966,4.646653161189473,4.907342585203021,5.08030412399189,5.082156643630003,5.131560118928938,5.059998740701026,4.962291519933859,4.988698459237574,4.978452073291118,4.741758739197769,4.51581104540919,4.0291877558603675,3.952864312318972,3.729255032863075,3.4652656702285416,3.2165398451233487,2.916940635836532,2.891217355572052,2.8636684933962164,2.748145167594728,2.368306463604593,2.050109768087405,1.8451702800549932,1.7098609254165729,1.4274468036895611,1.093643847869192,7.1329548569525985,6.813123430939687,6.48371588502995,5.996649755542025,5.630689340086729,-0.9651528440924573,5.066062058235067,5.038876137281692,-1.3198595512617535,4.846423583325466,4.731007479239273
1.440999999999952,0.2178422754761954,-0.240674120976898,4.6623960262020345,4.526576802299288,4.430798950695694,4.258938399943251,3.873275223899979,3.5607600261400703,3.321003210459482,9.139973617738036,2.2896845615366166,1.8304640605231968,1.291367709127705,0.8371519226709357,0.45377044782713083,0.011043126973441253,6.131904503347223,-0.08454895249270943,6.305570339529254,6.513804104396092,0.3239830176532885,0.48373407393090945,0.7828854606025645,0.7639923029809412,0.6875443141992134,0.5059948002896082,0.45188223724441734,0.3922676792155319,0.23110571179761696,6.453723065153305,-0.019138059713984728,6.103582233647895,-0.3536017739596466,5.79439681344168,5.30353304308885,-1.525698806517623,4.339900635256503,-2.5619462109490194,3.2679558000211797,2.7293872344999555,2.4766615019462113,2.3966916090254387,2.25643016577161,1.9738781976764919,1.6406310949985097,7.588438252328499,0.9984019519635882,0.9034442559830812,7.180280535740403,0.936664490477419,0.7853454118109124,0.5497757421792432,0.5568659162838512,0.4839394427778476,0.4426838924292605,0.4822221438459212,0.4100456208281196,6.449607810875524,-0.23095867906114081,5.797690392228405,5.606257979181,5.384160488300417,5.033614994081866,4.79359060639102,4.61913573656511,4.653735737645801,4.914437079109554,5.087274954201035,5.088876533278193,5.137902190116068,5.06583797991345,4.96750505575624,4.993173798795547,4.982086037782979,4.744441348241699,4.517489855076472,4.029746734270262,3.9524753657880374,3.7280048867736735,3.463319754887301,3.2141320901450903,2.9143402275503507,2.888712222482368,2.8615252948497516,2.7465935085256614,2.3675606511697933,2.0502294212188166,1.8461137913280627,1.7115244128470035,1.4296941462370822,1.0962831454070832,7.135768150571002,6.815918527308894,6.486336952974435,5.998981096297129,5.632724198645186,-0.9633585508423742,5.067733176124473,5.0405853977503225,-1.3179261531033184,4.848773935150687,4.733946399184905
1.450999999999951,0.21937623473167844,-0.24277945830133696,4.666053997358361,4.530999234920111,4.435955737405678,4.264721044704911,3.8795100097791613,3.567153562522769,3.3272366328224976,9.145686557673782,2.294516532426628,1.8342258278793169,1.2938415899912115,0.8383096638689456,0.4536233211719372,0.009556416106909294,6.129196954548752,-0.08845985643725253,6.300458633778243,6.507496201913065,0.3165631862647507,0.47531681746584575,0.7736419673219581,0.7542282149731795,0.6775780072565867,0.4961640485997275,0.4424952468556125,0.38357045622485453,0.22325925380714418,6.446760019463674,-0.025263381565386926,6.098150458019389,-0.35852041067742924,5.7898079947138,5.299155777040025,-1.529937349240586,4.335809047817113,-2.565772376102933,3.2645087565009643,2.726482994320044,2.4743271644869584,2.394936910717348,2.2552147958906708,1.973102776824405,1.640128413450427,7.588006601042237,0.9978487442943479,0.9026308563289708,7.179127708993176,0.9351688067325297,0.7835811162669166,0.5478915535577125,0.5550678868302993,0.4824579380870876,0.4417468355518939,0.4820306758162742,0.41075493430615084,6.451338235357031,-0.22812678000444886,5.801527383456921,5.610990303562977,5.389662939914261,5.0397610329464655,4.800200463582173,4.626048449045326,4.660800407859608,4.921514445831169,5.094229203791386,5.09558019724959,5.144228336050404,5.071661697971084,4.9727038466231175,4.9976359348283195,4.985709384217576,4.747117193204138,4.519167293995193,4.030311472949924,3.9520999589415333,3.7267762570092837,3.4614024699255728,3.21175798904441,2.9117754611797926,2.8862410861666747,2.8594109009869735,2.7450623984191784,2.3668242668287087,2.05034714749682,1.8470454565281584,1.7131684715364408,1.431917224255674,1.098896756884749,7.138557710030749,6.818694820659533,6.4889463610035065,6.001309779579463,5.634765173518621,-0.9615502776053294,5.0694243603740645,5.042318276219709,-1.31596848096126,4.851145986610944,4.736901221279174
1.46099999999995,0.220900680692464,-0.2448503619105531,4.669719050163395,4.535418225447951,4.441097884887426,4.270478424321784,3.8857105902058144,3.5735079862764083,3.333430521241781,9.151364041161665,2.2993208323247,1.837968879825218,1.2963054248360288,0.8394637280039225,0.45347602397886677,0.008070311233456102,6.126489921241538,-0.09236979564012705,6.2953501131037815,6.501196599324505,0.30915916128749205,0.466924620351749,0.7644328878015114,0.7445047944867783,0.6676543841723118,0.486372763207326,0.4331395359794967,0.37489255405458205,0.21541824426911474,6.439789581552679,-0.03140614590443063,6.092695986536333,-0.36346168978832205,5.785201362457617,5.294769831108043,-1.534173942850564,4.331727808203936,-2.5695827653474264,3.26107756141031,2.723589601413626,2.4719960741943607,2.393176618142783,2.2539852315173072,1.9723063955336468,1.6396014823013139,7.58755168614722,0.9972773444318812,0.9018072480092316,7.1779744968597985,0.9336829445713152,0.7818357985284614,0.5460331942073734,0.5532991033308241,0.4810055362345819,0.44083541867296533,0.4818588071019523,0.4114761051585035,6.453071871987401,-0.2253003332092843,5.805352436831494,5.615706325490236,5.3951466243873965,5.045887348629988,4.806790797663178,4.632942379198441,4.667847155591981,4.928574658398697,5.10116685017815,5.102267628160948,5.150538573714209,5.07746994533699,4.977887984642483,5.0020850037856865,4.989322286514863,4.749786467444671,4.520843539737028,4.030882090302597,3.9517381048703237,3.7255690216348456,3.459513550992359,3.209417158444007,2.9092458844747617,2.8838034961636505,2.857324933357887,2.7435515909572357,2.366097251126421,2.0504630711896747,1.847965546771137,1.7147934700788998,1.4341164532191009,1.1014850900183306,7.141323890236381,6.8214525776257515,6.491544265648644,6.003635834782451,5.636812172232042,-0.9597282290951773,5.071135311082918,5.04407440334543,-1.3139869425010662,4.853539331975467,4.7398715904786455
1.4709999999999488,0.22241551241877147,-0.24688745659480596,4.673390938386564,4.539833680140222,4.446225482335363,4.276210819150825,3.8918774169834034,3.5798238386626604,3.339585405070731,9.157006475999426,2.3040976584559534,1.8416931860969028,1.2987589866122982,0.8406137889649624,0.4533282522351392,0.006584646823052215,6.123783429047597,-0.09627855571876859,6.290245111435419,6.4949056287709395,0.3017711444119632,0.4585574494284692,0.7552579052345254,0.7348215030079797,0.6577727888703181,0.4766203099493527,0.4238146297787255,0.36623376060377577,0.20758278526068197,6.432812135254707,-0.037565765697390084,6.087219479879159,-0.3684250145117341,5.780577333634094,5.290375335653941,-1.538408765063556,4.327656507966087,-2.5733779291434993,3.2576616719959546,2.7207066574144845,2.469668039376371,2.391410770331077,2.2527417302024326,1.9714894806069303,1.6390508121123053,7.58707400431766,0.9966881486128049,0.9009736691127008,7.176820946918128,0.9322067604068134,0.7801091541931706,0.5442002511451492,0.5515591139978316,0.47958181555445356,0.43994930913893293,0.4817063322705564,0.4122090711772897,6.454808797767472,-0.22247914854888914,5.809165792520674,5.620406281663481,5.400611735733174,5.051994069885474,4.813361673649664,4.639817542650324,4.674875967016211,4.935617691735318,5.108087872185577,5.108938819819221,5.156832921245891,5.0832627734807065,4.983057562303961,5.006521141211272,4.992924915918777,4.752449359849104,4.522518764286296,4.03145869921284,3.9513898129333436,3.7243830580546526,3.4576527367943113,3.207109221412501,2.9067510537932026,2.881399010890356,2.8552670208325512,2.7420608441617333,2.3653795448328068,2.050577313212594,1.8488743275495814,1.7163997705060072,1.4362922421598217,1.1040485470140002,7.14406704188583,6.824192062088057,6.494130822087964,6.005959291214272,5.638865103330377,-0.9578926080081661,5.072865731341882,5.045853413791801,-1.3119819403015565,4.855953571588153,4.742857158330732
1.4809999999999477,0.22392063213572433,-0.24889135109090785,4.677069421763581,4.544245509267302,4.451338619567222,4.2819185056252556,3.898010933001477,3.586101648774964,3.3457018010397266,9.162614260345908,2.308847204610873,1.845398720428774,1.3012020591455669,0.8417595351790406,0.4531797155829738,0.005099265477200656,6.121077503549315,-0.10018593097213384,6.285143947847109,6.488623606016391,0.2943993246854951,0.45021526685208135,0.7461167081710193,0.7251778152164327,0.6479325828024144,0.46690607201798306,0.41452006635480015,0.35759386930857656,0.19975297565724076,6.425828053749364,-0.043741669587642605,6.0817215817683135,-0.3734098025990658,5.775936315993749,5.28597241963214,-1.5426419870778068,4.323594750847176,-2.577158402697742,3.2542605598507377,2.7178337737599803,2.4673428724043767,2.3896394045297664,2.2514845426251067,1.9706524484666355,1.6384769018368377,7.586574041639846,0.9960815452161235,0.9001303535751457,7.175667106724151,0.9307401145240538,0.7784008857001602,0.5423923199366127,0.5498474757873129,0.47818636182481744,0.4390881792211305,0.48157304761400505,0.4129537685506798,6.456549085198217,-0.21966304218945054,5.812967684482569,5.625090404068655,5.406058465541039,5.05808132546224,4.81991315822696,4.646673957434621,4.6818868306657615,4.942643522658563,5.114992250077765,5.115593767243751,5.163111397923976,5.089040234818111,4.988212672397123,5.010944481681827,4.996517440999674,4.755106054917528,4.524193134202892,4.032041407245349,3.951055088923268,3.723218243088279,3.4558197690500565,3.204833807304923,2.9042905338722838,2.8790271974122867,2.8532367994313366,2.7405899203235786,2.3646710889909155,2.0506899912551386,1.8497720588826723,1.717987728417524,1.4384449937596513,1.1065875246171273,7.1467875114894275,6.826913535172591,6.496706184133321,6.00828017808085,5.6409238763630745,-0.9560436150295265,5.074615327237896,5.0476549462377855,-1.3099538718673935,4.858388311810266,4.745857582853785
1.4909999999999466,0.2254159451663561,-0.25086263849222246,4.680754265825033,4.54865362692885,4.456437386891299,4.2876017562454845,3.9041115724099313,3.59234193387054,3.3517802136641563,9.168187783083985,2.3135696613256473,1.8490854604650568,1.3036344367653432,0.8429006690581864,0.4530301367623944,0.0036140175638858024,6.118372170244792,-0.10409172406924525,6.280046927131228,6.482350831097068,0.2870438790203066,0.4418980302969371,0.7370089903430223,0.7155732185433703,0.6381331443811703,0.4572294494271068,0.4052553963777152,0.34897267901029533,0.19192891126043668,6.4188376998880035,-0.04993330145096337,6.0762029194180815,-0.37841548596849234,5.771278708283317,5.281561210586827,-1.546873773780136,4.3195421524355995,-2.580924706376296,3.2508737105463936,2.714970571475752,2.4650203896662615,2.3878625563071547,2.2502139128060117,1.969795705424872,1.6378802390856388,7.586052273825762,0.9954579149009729,0.8992775312320631,7.1745130237785135,0.9292828709695882,0.77671070216598,0.5406090045043477,0.5481637542097969,0.4768187681143363,0.438251706027539,0.4814587511436645,0.4137101319463631,6.458292802438953,-0.2168518363971866,5.8167583406294785,5.629758920068748,5.411487002977526,5.0641492440281395,4.826445319639536,4.6535116438965325,4.688879737382756,4.949652129879357,5.12187996558488,5.122232466684781,5.169374024150373,5.0948023826541355,4.993353407935031,5.015355158751815,5.000100027659536,4.757756732851001,4.525866810779724,4.032630316835797,3.950733935224865,3.722074453042613,3.4540143924456364,3.2025905516089845,2.901863897607878,2.8766876312210843,2.8512339121596537,2.73913858593185,2.363971824961128,2.0508012199028047,1.850658995461374,1.7195576931095964,1.4405751044404278,1.1091024141625885,7.149485641390062,6.829617255251166,6.499270504218052,6.010598524469736,5.64298840186972,-0.9541814488396612,5.076383807857298,5.049478643380408,-1.3079031296448373,4.860843164960884,4.7488725284178575
1.5009999999999455,0.22690135986629398,-0.25280189665084635,4.684445241729682,4.553057950878039,4.461521874982359,4.293260839575617,3.910179760791674,3.598545199692979,3.357821135637401,9.173727424167282,2.318265216051433,1.8527533876705915,1.3060559239457037,0.8440369064682773,0.4528792510778003,0.0021287608693397356,6.115667454506692,-0.10799574574955324,6.274954340349455,6.47608758894402,0.279704972682018,0.43360569315148406,0.7279344504988553,0.706007212747566,0.6283738684327648,0.44758985849508043,0.39602018272473727,0.3403699938246049,0.18411068491991459,6.411841426509617,-0.05614011996342171,6.07066410397858,-0.38344151034873813,5.766604900447869,5.277141834649254,-1.5511042839460136,4.315498339825258,-2.5846773461067474,3.2475006232763857,2.7121166809647783,2.462700411518317,2.3860802596497974,2.2489300783138866,1.9689196479465432,1.6372613003863226,7.585509166423382,0.9948176307428535,0.8984154278714663,7.173358745494382,0.9278348974435771,0.7750383192239578,0.5388499169402872,0.5465075231454667,0.4754786346324654,0.43743957141689427,0.481363242585646,0.41447809459240254,6.460040013460284,-0.2140453593519462,5.820537982987312,5.634412052493601,5.416897534789188,5.0701979540968445,4.832958227586115,4.660330624600379,4.695854680267004,4.956643493998314,5.1287510019250995,5.128854915638545,5.175620821432982,5.100549271128162,4.99847986208276,5.01975330490298,5.003672839139736,4.760401569636843,4.527539950194895,4.033225525474068,3.9504263509663775,3.7209515637801895,3.452236354591011,3.200379095796845,2.899470725841944,2.874379896019607,2.849258008847018,2.737706611603176,2.363281694461415,2.0509111107530926,1.8515353867890774,1.721110007700702,1.4426829644545431,1.1115936016261,7.152161769784458,6.832303477942127,6.50182393338544,6.0129143593348235,5.64505859136653,-0.9523063061200386,5.078170885288146,5.051324151935762,-1.3058301010405284,4.8633177492553115,4.751901665626323
1.5109999999999444,0.22837678756007782,-0.2547096885717185,4.688142126102356,4.557458402353399,4.466592174765745,4.298896020245124,3.916215915333554,3.604711940785664,3.363825048209347,9.179233554951479,2.3229340533131912,1.8564024872412324,1.308466334957572,0.8451679762185487,0.4527268058872078,0.0006433602658061283,6.112963381544376,-0.11189781453460693,6.269866465361581,6.469834149980878,0.27238275975943915,0.42533820470796696,0.7188927922458438,0.6964793095082481,0.6186541656690662,0.4379867313433102,0.38681400012822476,0.33178562301199305,0.17629838664911227,6.404839576746373,-0.062361598181588374,6.065105730966122,-0.3884873349316301,5.7619152738285,5.272714416535883,-1.5553336704335397,4.311462951286385,-2.5884168137683523,3.2441408105084633,2.7092717418007117,2.460382762236152,2.3842925470551637,2.2476332704651663,1.9680246629055753,1.6366205514376428,7.58494517502364,0.9941610583683224,0.8975442652866291,7.17220431916663,0.9263960651944111,0.7733834588669072,0.5371146773219749,0.5448783646633576,0.4741655685832754,0.4366514619150287,0.48128632337621413,0.41525758835553067,6.461790778191958,-0.21124344496705824,5.824306827850033,5.639050019727807,5.422290245307351,5.076227583959874,4.83945195312013,4.667130924240822,4.702811654625584,4.963617597499494,5.135605343822555,5.1354611128591765,5.181851812367768,5.106280955161999,5.0035921280906015,5.024139051498574,5.007236036031177,4.76304073713255,4.5292127036588194,4.033827125880224,3.95013233216429,3.719849450784012,3.4504854059775845,3.1981990871821173,2.8971106071574515,2.872103583514039,2.8473087459903326,2.7362937720114244,2.362600639603942,2.05101977252633,1.8524014773178483,1.722645009255267,1.4447689579752192,1.1140614676764473,7.154816230745517,6.834972456112019,6.504366621277882,6.015227711481917,5.647134357333684,-0.9504183815588734,5.079976274621506,5.053191122637718,-1.3037351684430951,4.865811688741723,4.754944671198435
1.5209999999999433,0.2298421424790682,-0.25658656279845915,4.691844700876406,4.561854905917991,4.471648377309244,4.304507558955246,3.922220444995416,3.6108426407962257,3.369792421551005,9.184706538510907,2.3275763548587256,1.8600327480140424,1.310865493532284,0.8462936195709481,0.4525725601131196,-0.0008423126054767811,6.110259976369136,-0.11579775645055096,6.26478356733318,6.4635907706977385,0.26507738361636884,0.417095510346131,0.7098837239009385,0.6869890320341968,0.6089734621782334,0.4284195154102399,0.3776364348323831,0.3232193808496212,0.16849210373538806,6.3978324843191485,-0.06859722313476513,6.059528380682263,-0.39355243203322504,5.757210201355709,5.268279079547454,-1.5595620803715002,4.307435635946133,-2.5921435875709977,3.2407937976466092,2.7064354025254374,2.458067269964726,2.382499449619703,2.2463237145170636,1.967111127834474,1.6359584473584685,7.584360745464066,0.9934885560881127,0.8966642613287598,7.171049791942298,0.9249662489158306,0.7717458492931604,0.5354029135326905,0.5432758688445514,0.472879184022753,0.43588706863334764,0.48122779665725607,0.4160485438169371,6.463545152665795,-0.20844593271518047,5.828065085929331,5.643673035796767,5.42766531645456,5.082238261623108,4.845926568555251,4.673912569557542,4.709750657922991,4.970574424741827,5.142442977521587,5.142051058367657,5.188067020620293,5.111997490410284,5.008690299231664,5.028512528741981,5.01078977628661,4.765674403148335,4.530885217556493,4.034435206173548,3.949851871861772,3.7187679892190295,3.448761299936698,3.1960501787818676,2.8947831376805064,2.869858293212755,2.8453857866012706,2.7348998458177807,2.3619286029282955,2.0511273111715074,1.8532575065804002,1.7241630289049417,1.4468334631864126,1.116506387728505,7.157449354245703,6.837624439878108,6.506898716126847,6.0175386095551175,5.6492156132034035,-0.9485178678566714,5.081799693951707,5.055079210234424,-1.3016187092473954,4.868324613236216,4.758001227852977
1.5309999999999422,0.2312973417009004,-0.25843305379079506,4.695552753140617,4.566247389305593,4.476690573722296,4.310095712489792,3.9281937506771616,3.6169377727722782,3.3757237151057615,9.190146729941153,2.3321922997984847,1.8636441623774775,1.313253232536094,0.8474135897685037,0.4524162837740337,-0.002328379636809153,6.107557263762333,-0.11969540476098693,6.259705899223125,6.457357694202256,0.25778897732610706,0.40887755171105006,0.7009069583487579,0.6775359146882801,0.5993311989331547,0.41888767298032126,0.3684870842588409,0.3146710865047152,0.16069192084476389,6.390820473823335,-0.07484649542894294,6.053932618621725,-0.3986362867633086,5.752490047738606,5.263835945568927,-1.5637896553416595,4.30341605347862,-2.5958581324232854,3.237459122702111,2.7036073204507733,2.455753766667653,2.3807009971225614,2.245001629854323,1.966179411167365,1.6352754329315404,7.5837563140290705,0.9928004750286504,0.8957756299595762,7.169895210792336,0.9235453266465162,0.7701252247558887,0.5337142610853814,0.5416996336092864,0.4716191017194767,0.43514608718934783,0.4811874672717682,0.4168508903455955,6.4653031891538735,-0.20565266745990937,5.83181296249972,5.6482813104509795,5.433022927752625,5.088230114747549,4.852382147375735,4.6806755892532115,4.7166716897318555,4.977513961948365,5.1492638907975365,5.148624753458023,5.194266470906854,5.1176989332132035,5.01377446874366,5.0328738656394405,5.014334215234979,4.7683027315283235,4.532557633585123,4.0350498500349685,3.949584960261133,3.7177070539904555,3.4470637925990655,3.193932029183375,2.8924879208893484,2.867643632231666,2.8434888000576386,2.7335246156013002,2.3612655274315433,2.0512338299673765,1.854103709317943,1.7256643919675254,1.448876852372248,1.1189287319969503,7.160061466181388,6.840259676611764,6.509420364743596,6.019847082023997,5.6513022733486995,-0.9466049557317089,5.083640864375553,5.056988073482697,-1.299481095881208,4.870856158256491,4.761071024193101
1.540999999999941,0.23274230509044175,-0.26024968229346945,4.699266074990504,4.570635783273659,4.481718855062173,4.31566073372997,3.934136225383723,3.622997799448663,3.3816193779277883,9.195554476648296,2.3367820647366844,1.8672367261817253,1.3156293936552526,0.8485276515819182,0.45225775753565206,-0.0038149565427772645,6.1048552682462764,-0.12359059970976291,6.25463370225177,6.4511351507488595,0.25051766408936127,0.4006842668852079,0.691962212906598,0.6681195026267353,0.5897268313170659,0.4093906807275505,0.3593655566809236,0.3061405639096003,0.15289792012154763,6.383803861005233,-0.08110892886220135,6.048318995869499,-0.40373839670307077,5.747755169650018,5.259385135070285,-1.5680165315554446,4.299403873804122,-2.5995609002900846,3.2341363359734405,2.700787161464248,2.4534420880758625,2.3788972181051387,2.24366723016987,1.9652298724766792,1.6345719428420704,7.583132307646894,0.9920971592619451,0.8948785813037574,7.168740622484571,0.9221331796721166,0.7685213254156664,0.5320483629503441,0.5401492645479,0.4703849490185709,0.43442821762909034,0.48116514175931996,0.4176645561691842,6.467064936302112,-0.20286349929292305,5.83555065753927,5.6528750492486255,5.438363256332172,5.094203270594082,4.858818764151301,4.687420013914603,4.723574751684257,4.984436197193556,5.156068072964344,5.155182200701027,5.200450188975192,5.123385340551422,5.018844729774616,5.037223189966636,5.017869505597608,4.770925882230382,4.534230088887263,4.035671136863178,3.949331584850539,3.7166665197990656,3.4453926428550994,3.191844302415429,2.890224567429916,2.865459215105781,2.8416174619586094,2.7321678677899928,2.3606113565953613,2.0513394296190306,1.8549403156040274,1.7271494180635403,1.4508994920058946,1.1213288655505569,7.162652888398149,6.842878410942701,6.511931712510695,6.022153157171552,5.653394253072763,-0.9446798339255086,5.08549950999049,5.058917375140389,-1.2973226958341995,4.873405964954349,4.764153754592443
1.55099999999994,0.2341769552422093,-0.2620369556965791,4.702984463383909,4.575020021462758,4.486733312246728,4.321202871672902,3.940048254387842,3.6290231735264213,3.3874798490081,9.200930118625429,2.341345823894259,1.8708104386493487,1.3179938270913285,0.8496355808736329,0.45209677228089584,-0.005302153135878528,6.102154014057669,-0.1274831882732761,6.24956720635069,6.444923358247075,0.2432635576361905,0.3925155905549568,0.6830492091959848,0.6587393514525234,0.5801598286657176,0.3999280292731632,0.35027147090649235,0.2976276416384796,0.14511018128309056,6.376782953029331,-0.08738405005125917,6.04268804948734,-0.4088582715907677,5.7430059159076325,5.254926767108217,-1.5722428400251849,4.29539877679713,-2.603252330539915,3.230824999734691,2.6979745998388847,2.451132073635751,2.3770881399467014,2.2423207236395664,1.9642628627036351,1.6338484019112636,7.5824891440832,0.9913789459338322,0.8939733217012433,7.167586073557889,0.9207296924296792,0.7669338971962392,0.530404869386594,0.5386243747555245,0.46917635970884375,0.4337331643515453,0.4811606283514608,0.4184894684426513,6.468830439259421,-0.20007828337644193,5.839278365866123,5.657454453636502,5.44368647694359,5.100157855972039,4.86523649445635,4.694145875936695,4.730459847423624,4.99134112038869,5.162855514879186,5.161723403945447,5.206618201584902,5.129056770003092,5.023901175332288,5.041560628238905,5.02139579750611,4.773544011404621,4.535902716179699,4.036299141924705,3.9490917305253044,3.7156462611936365,3.443747612316099,3.1897866678239577,2.8879926949376884,2.8633046636067396,2.8397714539837153,2.7308293925925153,2.3599660344104265,2.0514442083502007,1.8557675509645146,1.7286184212304623,1.4529017428378024,1.1237071483670007,7.165223938716939,6.8454808847640916,6.514432903374348,6.024456863082905,5.655491468598899,-0.9427426892083637,5.087375357891737,5.060866781956825,-1.2951438716890005,4.875973680047151,4.7672491190826
1.5609999999999389,0.23560121742420678,-0.2637953683873174,4.706707720000814,4.57940004026225,4.4917340359733675,4.326722371453551,3.9459302153905957,3.635014337943718,3.393305557588748,9.206273988717081,2.3458837492241247,1.8743653022863762,1.3203463912664393,0.8507371641786385,0.4519331286978799,-0.006790073589650012,6.099453525123467,-0.13137302392189093,6.2445066305947305,6.43872252274979,0.23602676261261163,0.384371454171487,0.6741676730203715,0.6493950268821327,0.5706296738254784,0.39049922275708293,0.341204455969208,0.2891321527860414,0.13732878170992172,6.369758048736751,-0.09367139806889101,6.0370403028899124,-0.41399543301518366,5.738242627651235,5.25046095932862,-1.5764687067300507,4.291400452002979,-2.606932850282493,3.2275246879322945,2.695169318046929,2.448823566456909,2.3752737889362456,2.2409623130912752,1.9632787243826713,1.6331052253248222,7.5818272321313565,0.990646165390549,0.8930600537593592,7.1664316102975985,0.9193347524144511,0.765362691643453,0.5287834377768662,0.5371245846704554,0.4679929738930168,0.4330606360347292,0.48117373696703897,0.4193255533144787,6.4705997398025685,-0.19729687979079888,5.8429962772709985,5.6620197210293695,5.448992761969297,5.10609399719134,4.871635414793261,4.700853209449647,4.737326982557233,4.998228723265668,5.169626208944339,5.168248368317196,5.21277053648755,5.134713279702874,5.028943898237064,5.0458863056848235,5.024913238521836,4.776157271470561,4.537575643878181,4.036933936498252,3.948865379703978,3.71464615262066,3.4421284652762587,3.1877587999518,2.885791927865528,2.8611796065660737,2.837950463755499,2.7295089839305087,2.3593295053982692,2.051548261991464,1.8565856364937972,1.730071710034613,1.4548839599832246,1.1260639353880768,7.167774930961112,6.84806733723853,6.516924079837539,6.026758227634746,5.657593837060983,-0.9407937063849615,5.089268138168375,5.062835964661412,-1.2929449811542375,4.878558955748439,4.770356823242058
1.5709999999999378,0.23701501952314075,-0.2655254020931248,4.710435651107291,4.583775778681944,4.496721116643916,4.332219474369741,3.9517824786795877,3.640971726138925,3.3990969234655997,9.211586412872048,2.350396010519217,1.8779013227939612,1.322686952538069,0.8518321983013466,0.45176663688503743,-0.008278816689898221,6.096753825039006,-0.1352599663900989,6.239452183617166,6.43253283892235,0.22880737495246226,0.37625178610643567,0.6653173342486147,0.6400861044252248,0.5611358627267914,0.38110377842273035,0.33216415082807543,0.2806539348479702,0.12955379653149188,6.362729438895145,-0.09997052409192599,6.031376266210839,-0.4191494141167111,5.733465638516167,5.245987827969941,-1.5806942527768493,4.287408598362805,-2.6106028746967427,3.224234985889778,2.6923710065774364,2.4465164132595136,2.3734541903407784,2.239592196168436,1.9622777918599812,1.6323428188565108,7.581146971799366,0.9898991413036261,0.8921389764047386,7.165277278711952,0.9179482500890122,0.7638074657872997,0.5271837324661859,0.5356495219161144,0.46683443786095974,0.4324103455635622,0.4812042792074059,0.4201727359906987,6.472372876456903,-0.19451915338692344,5.846704576645809,5.666571044887754,5.454282281437208,5.11201182001802,4.878015602519574,4.707542050248478,4.744176164609326,5.005098999359243,5.176380149106513,5.174757100216437,5.218907222406561,5.140354928302842,5.033972991078177,5.05020034622297,5.028421973656779,4.7787658111929945,4.539248996218219,4.037575588013507,3.948652512439493,3.713666068471469,3.4405349686754705,3.1857603784224104,2.883621897317264,2.859083679703978,2.8361541847057024,2.728206439371645,2.358701714630753,2.051651684064568,1.8573947889673874,1.7315095876807323,1.45684649300897,1.1283995765752617,7.17030617498424,6.850638004804863,6.519405382953969,6.029057278485465,5.6597012764943635,-0.9388330683001462,5.091177583898417,5.0648245979504765,-1.2907263770993649,4.881161449697835,4.773476578086605
1.5809999999999367,0.23841829199097414,-0.26722752621628776,4.714168067423469,4.588147178229487,4.501694644295036,4.337694417910007,3.9576054072847513,3.6468957623060976,3.4048543572801577,9.21686771038524,2.354882775513719,1.8814185089807236,1.3250153849231665,0.852920489927862,0.4515971159726303,-0.009768476074593331,6.094054937048262,-0.13914388145505877,6.234404064008657,6.42635449049325,0.2216054822350944,0.36815651180226694,0.6564979267038786,0.6308121690765591,0.5516779039724184,0.37174122621480366,0.32315020407512013,0.2721928296034258,0.12178529870774586,6.355697406440327,-0.10628099105954932,6.025696436658878,-0.42431975929587146,5.7286752748030585,5.241507487867299,-1.5849195945558163,4.283422923946539,-2.6142628073495993,3.2209554900203026,2.6895793637576597,2.4442104643214786,2.3716293684701992,2.2382105654883353,1.961260391506296,1.6315615790868585,7.5804487544935135,0.9891381907930816,0.8912102849350251,7.164123124509795,0.916570078794708,0.7622679820070328,0.5256054246039497,0.5341988211465284,0.4657004039658428,0.43178200995937377,0.4812520683514823,0.42103094079671766,6.4741498846130785,-0.19174497364355053,5.850403444108569,5.671108614794265,5.459555203035372,5.117911449632961,4.884377135778858,4.714212435725372,4.751007402974821,5.011951943987853,5.1831173308538085,5.181249607312822,5.225028289016917,5.145981774935196,5.038988546173019,5.0545028724416605,5.031922145395754,4.7813697757565325,4.540922893372065,4.038224160184721,3.948453106525603,3.7127058831269064,3.4389668920628864,3.183791087827354,2.88148224088676,2.857016525463372,2.8343823159449264,2.7269215600634067,2.3580826077473613,2.051754565863052,1.8581952209509947,1.732932352119249,1.4587896860193235,1.130714416965541,7.172817976698677,6.853193121185856,6.521876952322833,6.0313540430659796,5.661813705827202,-0.9368609558448578,5.093103431142864,5.066832360472459,-1.2884884075911636,4.883780824890378,4.7766080999613125
1.5909999999999356,0.2398109677927822,-0.2689021981600338,4.717904783995467,4.592514182793279,4.506654708533915,4.343147435784029,3.963399357131715,3.6527868616430283,3.4105782608008224,9.222118194129008,2.3593442099778996,1.884916872675875,1.327331569831225,0.8540018552530283,0.451424393759913,-0.011259140462965129,6.091356884026101,-0.1430246407231761,6.22936246070072,6.4201876506872155,0.21442116402944547,0.36008555391755503,0.6477091880576469,0.6215728150196524,0.542255318439928,0.362411108389651,0.31416227365104077,0.2637486829995428,0.11402335910673618,6.348662226709906,-0.11260237334162954,6.020001298864486,-0.42950602392910475,5.723871855643946,5.23702005245739,-1.5891448438915532,4.279443145693704,-2.61791304050588,3.2176858075467707,2.6867940955781755,2.4419055734254305,2.3697993467389438,2.2368176087952567,1.9602268419240567,1.6307618936170702,7.579732963198708,0.9883636245489068,0.8902741710703287,7.1629691930793165,0.9152001346653427,0.7607440078993133,0.5240481919894574,0.5327721238952511,0.46459053050312515,0.4311753503109922,0.4813169193506665,0.42190009123700073,6.475930796639916,-0.188974214528976,5.8540930551247214,5.675632616528457,5.464811692127644,5.123793010593659,4.890720093435065,4.720864404804451,4.75782070887367,5.018787554233198,5.189837751210515,5.187725898539026,5.231133766924698,5.151593879176691,5.043990655529371,5.05879400558146,5.035413893719791,4.783969306838875,4.542597451562047,4.038879713139239,3.94826713759883,3.711765470999647,3.4374240075612073,3.181850617617393,2.8793726025022535,2.8549777928490503,2.832634562135622,2.725654150667652,2.357472130970434,2.0518569965293483,1.8589871409062042,1.7343402961512724,1.4607138777410902,1.1330087967274398,7.175310638104845,6.855732917396695,6.524338926084384,6.033648548571225,5.663931044872173,-0.93487754796228,5.095045418938773,5.068858934811504,-1.286231415931764,4.886416749605417,4.779751110434127
1.6009999999999345,0.24119298235586925,-0.2705498636462135,4.721645620071181,4.596876738530659,4.511601398478911,4.3485787579554165,3.969164677192702,3.6586454305921072,3.416269027194031,9.227338170774482,2.3637804778069267,1.8883964286432176,1.3296353958060456,0.8550761196216466,0.4512483063672566,-0.012750893874310002,6.088659688462406,-0.14690212142439868,6.2243275533343425,6.4140324826413915,0.20725449222501463,0.35203883246730067,0.6389508597285416,0.6123676453416581,0.5328676388979076,0.3531129791378642,0.30520002656868334,0.255321345037998,0.10626804657847735,6.341624167669184,-0.11893425641679825,6.014291325216978,-0.43470777409165534,5.719055693164832,5.232525633784126,-1.5933701081892466,4.275468989161789,-2.6215539554295137,3.2144255562292554,2.684014915521657,2.439601597805591,2.367964147724541,2.235413509108692,1.9591774541491271,1.629944141278231,7.578999972655562,0.9875757469508368,0.8893308230044141,7.16181552946786,0.9138383165430953,0.7592353161493326,0.5225117189208341,0.5313690784276487,0.46350448159229996,0.43059009170735496,0.4813986488235676,0.42278011005267185,6.477715641993531,-0.18620675436718695,5.857773580625036,5.680143232140293,5.470051911770352,5.12965662679882,4.897044555010206,4.727497997878943,4.764616095305816,5.025605828918643,5.196541408729885,5.194185984082694,5.237223687646527,5.157191301014704,5.048979410810416,5.063073865520294,5.03889735613058,4.786564542682795,4.544272783170375,4.039542303541237,3.9480945792361215,3.710844706574298,3.4359060898316804,3.179938661997034,2.8772926322757146,2.8529671372717185,2.8309106333683562,2.724404019295992,2.356870231118503,2.0519590631285247,1.8597707532928676,1.7357337075313273,1.4626194016077143,1.1352830512171916,7.177784457321176,6.858257621754304,6.526791440916296,6.035940821952276,5.666053214318506,-0.9328830216542212,5.097003289291344,5.0709040074695615,-1.283955740698072,4.889068897335193,4.7829053361911065
1.6109999999999334,0.24256427352011248,-0.27217095702465155,4.725390398979835,4.601234793761157,4.516534802704888,4.353988610676585,3.974901709634909,3.664471867074172,3.4219270412856355,9.232527941003339,2.368191741104034,1.8918571944961005,1.331926758275911,0.8561431171832904,0.4510686979025726,-0.014243815836992172,6.085963372447964,-0.15077620621391416,6.219299512614387,6.407889139805346,0.20010553135024886,0.3440162649584125,0.6302226867856638,0.6031962717589786,0.5235144096353951,0.3438464042187275,0.29626313864417675,0.2469106696636805,0.09851942802523277,6.334583490129571,-0.12527623656001602,6.008566976192542,-0.43992458628739217,5.7142270926447685,5.228024342505005,-1.597595490576308,4.271500188281932,-2.625185922676391,3.21117436409956,2.6812415443952564,2.437298398094623,2.3661237932232346,2.2339984448667725,1.9581125318471746,1.6291086923358735,7.578250149534228,0.986774856186395,0.8883804254556055,7.160662178362802,0.9124845258966221,0.7577416844048712,0.5209956960472839,0.5299893395964792,0.4624419270613182,0.43002596317158154,0.481497075050549,0.4236709192770831,6.479504447322848,-0.18344247570820352,5.861445187120181,5.684640640022225,5.475276022729871,5.135502421455698,4.903350600625164,4.734113256750597,4.771393577006794,5.032406768586577,5.203228303485064,5.200629875376949,5.2432980835889245,5.162774100814856,5.053954903302324,5.067342570760982,5.042372667675901,4.789155618166864,4.545948996845588,4.040211984710873,3.94793540304843,3.7099434644453746,3.434412916039771,3.1780549198223618,2.87524198635704,2.8509842203967466,2.8292102450412306,2.7231709774459985,2.356276855617859,2.0520608507188376,1.8605462586683135,1.737112869067864,1.4645065858424458,1.137537511034989,7.180239728614679,6.860767459887453,6.529234632030821,6.038230889909089,5.6681801357243256,-0.9308775519877549,5.098976787165062,5.072967268847054,-1.2816617157824723,4.891736946713196,4.786070508933334
1.6209999999999323,0.24392478148949479,-0.2737659015742854,4.729138948015211,4.605588298864627,4.521455009192986,4.359377216525587,3.980610789966367,3.6702665607155542,3.4275526798129268,9.237687799710477,2.372578160258358,1.8952991906133985,1.3342055593118922,0.8572026905601723,0.4508854201414061,-0.015737981588098176,6.0832679576619935,-0.15464678298095585,6.21427850065036,6.401757766325544,0.19297433887882387,0.3360177665204819,0.6215244178561931,0.5940583143531443,0.5141951861040479,0.3346109606061688,0.2873512942355681,0.2385165146554953,0.09077756846841531,6.327540447959779,-0.13162792053935912,6.002828700673321,-0.44515604718539775,5.709386352671535,5.223516287898143,-1.6018210900395642,4.267536485121721,-2.6288093023791035,3.2079318692026786,2.6784737101664993,2.4349958382705066,2.3642783043028017,2.2325725900650855,1.9570323715048634,1.6282559086899973,7.577483852605009,0.9859612443672109,0.8874231597173838,7.159509184073413,0.9111386667413073,0.7562628951532436,0.5194998202246114,0.5286325687006904,0.46140254233361744,0.4294826975964519,0.481612017968071,0.4245724402894072,6.4812972365716455,-0.18068126520247668,5.865108036812121,5.689125014979962,5.480484183501035,5.141330517049955,4.9096383109435155,4.74071022457131,4.778153170403952,5.039190375474841,5.2098984370583095,5.207057585089567,5.2493569880276265,5.168342339290122,5.058917223884316,5.071600238421041,5.045839960975922,4.791742664874943,4.547626197605726,4.040888806739024,3.9477895787703923,3.7090616193532666,3.4329442658214844,3.176199094502039,2.8732203267928664,2.849028709997442,2.8275331177423886,2.721954839938276,2.3556919525124798,2.0521624424192275,1.8613138537834844,1.7384780587215711,1.4663757535405144,1.1397725020812601,7.182676742432083,6.863262654747653,6.531668633172723,6.040518778883827,5.670311731509268,-0.9288613121021349,5.100965660473897,5.075048413222216,-1.2793496704346998,4.894420581442429,4.789246365275542
1.6309999999999312,0.24527444878479354,-0.27533510979620907,4.732891098322465,4.609937206184009,4.526362105284562,4.364744794444626,3.9862922471792452,3.676029893068514,3.433146311667629,9.242818036198011,2.3769398940177804,1.8987224400565887,1.336471707394027,0.8582546905275332,0.4506983322201006,-0.017233462264182223,6.080573465361208,-0.15851374466443557,6.209264671284135,6.3956384974149465,0.18586096552428544,0.32804325003198037,0.6128558050370012,0.5849534013165161,0.5049095345725813,0.32540623614586517,0.27846418598879685,0.230138741519322,0.08304253111227589,6.320495288290023,-0.1379889253217694,5.997076936257788,-0.45040175336316995,5.704533765293988,5.219001577869984,-1.6060470015581392,4.263577629654874,-2.6324244445238074,3.2046977193449706,2.6757111478026485,2.4326937856035027,2.362427701352711,2.2311361143910453,1.955937262615992,1.6273861440706137,7.576701432905787,0.9851351976436081,0.8864592037086635,7.158356590513737,0.9098006455616204,0.7547987356010833,0.5180237943739578,0.5272984333473669,0.46038600831768256,0.42896003168124075,0.48174329916282177,0.4254845938663069,6.48309403107723,-0.17792301347919207,5.868762287702432,5.693596528301933,5.485676550326337,5.147141035317953,4.915907767118154,4.747288945786799,4.784894893573308,5.045956653492292,5.216551812528662,5.213469127110933,5.255400435086892,5.1738960774713485,5.063866463001011,5.075846984224601,5.049299366250284,4.79432581116442,4.5493044869383725,4.041572816597834,3.947657074346292,3.7081990462182803,3.4314999212503206,3.1743708939013224,2.8712273213898123,2.8471002798126843,2.8258789771355004,2.7207554248544157,2.3551154704724317,2.0522639194739245,1.8620737316760974,1.7398295497015246,1.4682272227502877,1.1419883456129236,7.185095785431531,6.865743426620795,6.534093576617957,6.042804515054771,5.672447924947341,-0.9268344732160042,5.10296966007061,5.077147138729139,-1.2770199293047666,4.8971194902236626,4.792432646646476
1.64099999999993,0.24661322019739057,-0.2768789836987587,4.736646684788428,4.6142814699325845,4.53125617763907,4.370091559780123,3.9919464038905974,3.6817622378252524,3.4387082981302464,9.247918934360985,2.3812770995570687,1.9021269684879687,1.3387251171851133,0.8592989757060552,0.4505073003414635,-0.01873032508351576,6.077879916370337,-0.16237698907513143,6.204258170405149,6.389531459708322,0.17876545552349773,0.3200926262420072,0.6042166038100444,0.5758811687073913,0.4956570317930332,0.316231829223164,0.2696015145908444,0.22177721538314513,0.07531437740454455,6.313448251709475,-0.144358877787513,5.991312109562641,-0.45566131105627916,5.699669616171138,5.214480318963628,-1.6102733162321403,4.2596233795376035,-2.6360316892194735,3.2014715718488556,2.6729535991134608,2.430392110603243,2.3605720041317304,2.229689183353949,1.954827487862701,1.6264997442288969,7.575903233906286,0.9842969963174619,0.8854887320237252,7.157204441186403,0.9084703712355456,0.7533489975569173,0.5165673273436864,0.5259866073167574,0.4593920112990707,0.4284577058698548,0.48189074186562963,0.4264073002317326,6.484894849665846,-0.17516761502833764,5.872408093697661,5.698055347827484,5.490853277215835,5.152934097221308,4.9221590507406425,4.75384946608229,4.791618766197042,5.052705608193626,5.223188434458173,5.2198645165409,5.261428459718812,5.1794353766791135,5.068802710636958,5.080082922496292,5.052751011345876,4.796905182233251,4.550983962897708,4.042264058247227,3.9475378560124716,3.7073556201728546,3.43007966680483,3.1725700302489797,2.8692626435819797,2.8451986094087593,2.8242475538481653,2.719572553475843,2.3545473588008528,2.0523653613142794,1.8628260817609334,1.7411676105592069,1.4700613065533907,1.1441853582995738,7.187497140514768,6.868209993139526,6.536509593173106,6.045088124330762,5.67458864015998,-0.9247972046349082,5.104988539735168,5.0792631473346415,-1.2746728124868423,4.899833366683749,4.795629099191001
1.650999999999929,0.24794104274417042,-0.2783979150747771,4.740405545935318,4.618621046105492,4.536137312195662,4.375417724324152,3.9975735764805407,3.6874639610256756,3.444238993096072,9.25299077286518,2.385589932541599,1.905512804090077,1.340965709311868,0.8603354122658168,0.45031219749238843,-0.020228633520235514,6.075187331073989,-0.16623641872417513,6.199259136253604,6.383436771603867,0.17168784690932706,0.31216580388771165,0.5956065729613236,0.5668412602141135,0.48643726467842097,0.30708734844149,0.2607629885298971,0.2134318048943664,0.06759316709418112,6.306399572457205,-0.15073741445309857,5.985534636516431,-0.4609343359143298,5.694794184718027,5.209952616367739,-1.6145001214072887,4.255673499891454,-2.6396313669597258,3.1982530933138307,2.670200812597269,2.4280906869660104,2.3587112318131265,2.2282319584108814,1.9537033232918848,1.6255970471240233,7.5750895916692125,0.9834469149533276,0.8845119159817976,7.156052779167389,0.9071477549610406,0.751913477316486,0.5151301337743597,0.5246967704303114,0.45842024283483207,0.4279754642902292,0.48205417094515085,0.42734047910490214,6.486699708744965,-0.17241496808639997,5.876045604711832,5.702501638013838,5.49601451596772,5.158709822923595,4.928392243793109,4.760391832330106,4.798324809521628,5.059437246753522,5.229808308876828,5.2262437696746264,5.2674410976826795,5.184960298496878,5.073726056293217,5.084308166156979,5.056195021765238,4.799480900185781,4.5526647201986306,4.042962572737573,3.9474318883763626,3.7065312165920448,3.4286832893367665,3.1707962200469777,2.867325972302529,2.843323384045236,2.822638583363127,2.7184060502235727,2.3539875674396287,2.0524668456179658,1.8635710899173437,1.7424925052804308,1.4718783131437687,1.1463638522795554,7.189881086859795,6.87066256929634,6.53891681217554,6.0473696323461805,5.676733802109321,-0.9227496737591204,5.107022056162322,5.081396144813989,-1.2723086355639945,4.90256190930411,4.798835473673967
1.6609999999999279,0.24925786562347613,-0.2798922857712127,4.744167523817765,4.6229558923953515,4.541005594138289,4.3807234963570885,4.003174075227868,3.693135421259109,3.449738743293182,9.258033825317407,2.3898785471869295,1.9088799774863479,1.3431934101532212,0.861363873641331,0.45011290317291747,-0.0217284474707653,6.072495729409764,-0.17009194065759303,6.194267699712148,6.3773545435916885,0.16462817177297365,0.30426268980751475,0.5870254745032055,0.557833326927801,0.4772498299913763,0.2979724123109158,0.25194832386235766,0.20510238211930468,0.05987895828638496,6.299349478606814,-0.15712418120241314,5.979744922645136,-0.4662204527630776,5.689907744248455,5.205418573926038,-1.6187275007956028,4.251727763092421,-2.6432237988775165,3.1950419593836528,2.6674525432903318,2.425789391522242,2.3568454030275445,2.2267645970885974,1.9525650384869264,1.6246783831057803,7.574260835008299,0.9825852224878421,0.8835289236762636,7.15490164709168,0.9058327101844865,0.7504919755507565,0.5137119339667523,0.52342860842166,0.4574703996502621,0.4275130546949369,0.4822334129013283,0.42828404974651185,6.488508622392524,-0.16966497452555734,5.8796749667661805,5.706935560001859,5.501160416189468,5.164468331769102,4.934607428602565,4.766916092539083,4.8050130463166045,5.066151577940193,5.236411443266276,5.232606903987507,5.273438385524401,5.190470904745358,5.078636588965847,5.088522826721184,5.059631520695494,4.802053084097386,4.554346850308095,4.0436683983086645,3.9473391344922732,3.7057257111223394,3.4273105780397906,3.1690491839828314,2.8654169918591705,2.841474294544735,2.821051805912238,2.717255742598883,2.353436046973847,2.0525684483656588,1.8643089385740703,1.743804493375204,1.473678545905674,1.148524135215886,7.192247899953942,6.873101367457334,6.541315361494278,6.049649064456422,5.678883336591608,-0.9206920460917905,5.1090699689483445,5.0835458407255745,-1.269927709653692,4.905304821349452,4.802051525385852
1.6709999999999268,0.25056364017209004,-0.28136246795119935,4.747932463923062,4.627285968111816,4.545861107864093,4.386009080691309,4.0087482044430915,3.6987769698601207,3.4552078884927306,9.263048360428579,2.3941430963144716,1.912228521663046,1.3454081516355019,0.8623842402572278,0.4499093031362493,-0.023229823412867757,6.069805130862565,-0.17394346629666677,6.189283984586537,6.371284878569677,0.15758645651634592,0.29638318905025185,0.5784730735999175,0.5488570271233352,0.46809433404336126,0.2888866489465843,0.24315724398654623,0.19678882244488316,0.05217180749500497,6.292298192244991,-0.16351883302583597,5.973943363349892,-0.47151929537255705,5.685010562114645,5.200878294147308,-1.6229555345922626,4.247785948566159,-2.6468092969928354,3.1918378545194854,2.664708552619385,2.4234881041842997,2.3549745359036947,2.225287253101523,1.9514128967348832,1.6237440750930212,7.573417285643287,0.9817121823374063,0.8825399200234849,7.153751087139795,0.9045251525310904,0.7490842971965843,0.5123124537528375,0.522181812810474,0.4565421835379228,0.4270702284029709,0.482428295858619,0.4292379310032317,6.4903216024432355,-0.1669175397462459,5.883296322086242,5.711357271680624,5.506291125319552,5.170209742263479,4.940804687797555,4.773422295805757,4.811683500833965,5.072848612088426,5.242997846542477,5.238953938119273,5.279420360556019,5.1959672574580535,5.083534397126229,5.092727014296123,5.063060629037768,4.804621850077951,4.556030441533749,4.044381570485158,3.9472595559340946,3.7049389797089147,3.4259613244187346,3.167328646844504,2.863535391813423,2.8396510371664574,2.8194869663730917,2.716121461124918,2.3528927486351234,2.0526702438953235,1.8650398067914717,1.745103829965577,1.4754623034905734,1.1506665103519915,7.194597851627338,6.875526597376639,6.543705367531542,6.05192644573386,5.681037170230782,-0.9186244852474172,5.111132040576984,5.085711948384595,-1.2675303414539898,4.908061810796773,4.805277014050165
1.6809999999999257,0.251858319823211,-0.28280882434878496,4.751700215074543,4.63161123410488,4.550703936954918,4.39127467871584,4.014296262598932,3.704388951098637,3.4606467617118324,9.268034642169951,2.3983837314035017,1.9155584718925087,1.3476098710343003,0.8633963992641589,0.4497012891392223,-0.0247328145576643,6.067115554459995,-0.17779091128388852,6.184308107875685,6.36522787214727,0.15056272209485755,0.2885272049803565,0.5699491384960392,0.5399120260482595,0.4589703924040806,0.27982969577667544,0.23438947942292648,0.18849100448250072,0.04447176969248591,6.285245929644202,-0.16992103376709786,5.968130344177085,-0.4768305062310752,5.680102899843872,5.196331878215897,-1.6271842995887666,4.243847842589106,-2.6503881644536698,3.188640471778873,2.6619686082573346,2.4211867078945373,2.353098648106939,2.2238000764660018,1.9502471551892342,1.6227944387480466,7.572559258351902,0.9808280525041503,0.8815450668112259,7.152601141025184,0.9032249997372003,0.747690251349971,0.5109314243696916,0.5209560807791376,0.45563530125887275,0.4266467402426579,0.48263864955898883,0.43020204135053297,6.492138658572064,-0.16417257257298032,5.886909809196355,5.7157669277508525,5.511406788649644,5.175934172056206,4.946984104266988,4.779910492267211,4.818336198768212,5.079528361072167,5.2495675290373685,5.245284891857344,5.285387060835315,5.201449418857899,5.08841956870308,5.096920837582209,5.066482465436988,4.807187311334178,4.557715579109988,4.045102122168627,3.947193112865053,3.704170898621377,3.4246353222593906,3.1656343374377593,2.8616808668634777,2.837853313483325,2.8179438141682422,2.715003039289217,2.352357624303886,2.0527723049542153,1.865763870341237,1.7463907658715028,1.4772298798929586,1.152791276567219,7.19693121008674,6.87793846621147,6.546086955224966,6.054201800964261,5.683195230472163,-0.9165471529606498,5.113208036404647,5.087894184835803,-1.2651168332903087,4.910832590264745,4.808511703732641
1.6909999999999246,0.2531418600653986,-0.28423170851646296,4.755470629338022,4.635931652691788,4.5555341641517355,4.396520488441774,4.019818542458256,3.709971702364505,3.4660556894093144,9.272992929922799,2.402600602639732,1.9188698656577223,1.349798510782788,0.8644002442845239,0.4494887587028262,-0.026237470994946114,6.06442701876878,-0.18163419533429706,6.179340180031564,6.359183612937616,0.1435569842510119,0.28069463937920297,0.5614534404478233,0.5309979957192602,0.4498776296207217,0.27080119925962265,0.2256447676007001,0.18020880997407937,0.03677889835747852,6.278192901429699,-0.1763304558776594,5.962306241081006,-0.4821537363249334,5.675185013272134,5.19177942600271,-1.6314138692824927,4.2399132380953235,-2.6539606957704076,3.185449512600351,2.6592324839820254,2.418885088573707,2.351217756875878,2.2223032136109104,1.9490680650283132,1.6218297826469965,7.571687061118825,0.9799330856801923,0.8805445227466703,7.151451849982423,0.9019321715844916,0.7463096511618736,0.5095685823362587,0.5197511150521701,0.45474946444604725,0.4262423484956691,0.4828643053546743,0.43117629893389736,6.49395979837496,-0.16142998515331397,5.890515563011692,5.720164679787199,5.51650754934726,5.18164173792477,4.953145761121061,4.78638073305556,4.824971167217031,5.086190838276731,5.256120502479633,5.251599786119514,5.2913385251455605,5.2069174513349665,5.093292191066073,5.101104403874918,5.0698971463120674,4.809749578230758,4.559402345281487,4.045830083726376,3.947139764104644,3.7034213444780844,3.4233323675988183,3.1639659885058595,2.8598531167305365,2.836080830262619,2.816422103166946,2.7139003134871817,2.351830626510688,2.052874702748699,1.866481301783671,1.7476655476947556,1.478981564525059,1.154898728432098,7.199248239949659,6.880337178537788,6.548460248050462,6.056475154643656,5.685357445576266,-0.9144602090954167,5.115297724644852,5.090092270825393,-1.2626874831627355,4.913616876943501,4.811755362752177
1.7009999999999235,0.2544142184024562,-0.2856314650656789,4.759243561931195,4.640247187587396,4.560351871331821,4.4017467045483984,4.025315331199499,3.7155255543466814,3.4714349916746174,9.277923478621853,2.4067938589606515,1.9221627425782515,1.3519740182862843,0.865395675167631,0.4492716148823113,-0.027743839832082857,6.061739541892155,-0.1854732420919904,6.174380305209348,6.353152182838568,0.13656925373912335,0.2728853925427232,0.5529857536571895,0.5221146147259139,0.44081567894666596,0.26180081461028915,0.21692285265060848,0.17194212370027645,0.02909324552023513,6.271139312741064,-0.18274678017838503,5.956471420679257,-0.4874886449237397,5.670257152674929,5.187221036076615,-1.6356443139827745,4.235981934488921,-2.657527177043877,3.1822646865935544,2.6564999595380248,2.4165831350697338,2.349331879057033,2.2207968074847746,1.9478758716095366,1.620850408446325,7.570800995281738,0.9790275293501988,0.8795384435040138,7.150303254756228,0.9006465898359912,0.7449423137365153,0.508223669332918,0.5185666237783376,0.45388438950973253,0.4258568148420892,0.48310509620071307,0.4321606216084563,6.495785027446955,-0.15868969285982884,5.894113714927865,5.72455067629944,5.521593548478811,5.187332555760444,4.959289741654168,4.792833070253975,4.831588434642605,5.092836058570693,5.262656779974684,5.257898642936039,5.2972747929754,5.2123714174251825,5.098152351010963,5.105277819067948,5.0733047858863385,4.812308758350433,4.56109081938433,4.046565483077135,3.947099467192873,3.7026901942691017,3.4220522586961475,3.1623233366515255,2.8580518460484883,2.83433329934998,2.8149215915893495,2.712813122966479,2.35131170843663,2.052977506991985,1.8671922705426423,1.7489284179009448,1.4807176422904516,1.15698915626332,7.201549202278795,6.882722936366529,6.550825368025708,6.05874653097561,5.687523744612702,-0.9123638116543825,5.117400876351971,5.092305930772069,-1.2602425847937688,4.916414392524905,4.815007763593567
1.7109999999999224,0.2556753543142245,-0.2870084299004747,4.763018871135904,4.64455780383783,4.565157139488514,4.406953518429876,4.030786910539549,3.7210508312071897,3.4767849824101003,9.282826538892795,2.4109636480978365,1.925437144337546,1.3541363457428695,0.8663825977539228,0.44904976604649033,-0.02925196532682059,6.0590531414681355,-0.18930797899161822,6.169428581508191,6.347133657302982,0.12959953654151313,0.265099363375412,0.544545855208249,0.5132615680414049,0.4317841820793324,0.25282820553482355,0.2082234852037868,0.1636908333908473,0.021414861805907435,6.264085363388467,-0.18916969562829739,5.950626240501127,-0.4928348993711774,5.665319562895158,5.182656805716267,-1.6398757009136038,4.232053737461844,-2.661087886187213,3.1790857113346798,2.653770820501373,2.4142807391068755,2.347441031137708,2.219280997659485,1.9466708146195368,1.6198566110454409,7.569901355674455,0.9781116258922559,0.8785269817716258,7.1491553955912215,0.8993681781738915,0.7435880600321488,0.5068964320837986,0.5174023204153937,0.45303979754507967,0.42548990430651384,0.4833608566472439,0.43315492697710706,6.497614349457688,-0.15595161419505238,5.897704392908232,5.728925062792589,5.526664925033002,5.1930067405555915,4.965416129309698,4.799267556854204,4.838188030833561,5.099464038277495,5.26917637598392,5.264181485431192,5.303195904498894,5.2178113797900005,5.103000134746134,5.109441187657535,5.0767054962182385,4.814864956552918,4.5627810779247975,4.047308345773783,3.9470721784519203,3.7019773253778614,3.420794796003862,3.160706122261064,2.856276764256798,2.8326104375566543,2.813442041913059,2.7117413097723704,2.350800823912952,2.0530807859498847,1.8678969429782586,1.7501796148996622,1.4824383936565648,1.1590628461784116,7.203834354616722,6.885095939160394,6.553182435714215,6.061015953868916,5.689694057454158,-0.9102581167887283,5.119517265404305,5.094534892737381,-1.2577824276764469,4.919224863133332,4.8182686828219525
1.7209999999999213,0.256925229218262,-0.2883629304444376,4.76679641821323,4.648863467757295,4.569950048713416,4.412141118242387,4.036233556854154,3.7265478507500105,3.482105969506999,9.287702357184012,2.415110116616421,1.9286931146116333,1.3562854499698445,0.8673609236479157,0.44882312566584187,-0.030761889014247003,6.05636783466861,-0.19313833712466658,6.164485101203024,6.341128105598734,0.12264783407650105,0.25733644948083073,0.5361335250062181,0.5044385468399223,0.4227827889068223,0.24388304397392235,0.19954642219651492,0.15545482963714122,0.013743796475854737,6.257031248003828,-0.1955988991002003,5.944771049229083,-0.49819217488110046,5.660372483468252,5.178086830922306,-1.6441080943130544,4.22812845881693,-2.664643093141729,3.1759123121671258,2.6510448581472246,2.4119777952353103,2.3455452292771164,2.217755920430746,1.9454531282203094,1.6188486787455898,7.568988430767191,0.9771856126770627,0.87751028729877,7.148008312222454,0.8980968621391237,0.7422467147642257,0.5055866222417855,0.5162579236173879,0.4522154142416054,0.42514138520514144,0.4836314228315807,0.4341591324271521,6.49944776622447,-0.15321567069919906,5.90128772156893,5.733287981825919,5.531721815944553,5.198664406392394,4.971525007646627,4.8056842467155185,4.844769986867553,5.106074795146864,5.275679306303356,5.270448337804349,5.309101900555733,5.223237401197006,5.1078356278804815,5.113594612747877,5.080099387232184,4.8174182750327645,4.564473194655914,4.048058695083195,3.947057853045342,3.7012826156015946,3.4195597821395585,3.1591140894305814,2.8545275854964753,2.830911966549882,2.8119832207820195,2.7106847186939875,2.350297927419866,2.0531846064846677,1.8685954824573572,1.7514193731228056,1.4841440947260802,1.1611200801500714,7.20610395102079,6.887456383851151,6.555531570230004,6.063283446935652,5.691868314770451,-0.908143278808255,5.121646668486502,5.096778888395362,-1.255307297122783,4.922048019257019,4.821537900999053
1.7309999999999202,0.25816380643238485,-0.28969528586112364,4.770576067321265,4.653164146867916,4.574730678180865,4.417309688951651,4.041655541295854,3.7320169245850554,3.487398255015284,9.292551175892978,2.41923340995189,1.9319306989992049,1.3584212922358532,0.8683305699995125,0.448591612109044,-0.03227364982818869,6.053683638199206,-0.1969642511103571,6.159549950967705,6.335135591058852,0.11571414339850637,0.24959654724871788,0.5277485457185959,0.495645248320468,0.413811157263049,0.23496500985423438,0.19089142668071254,0.1472340058067104,0.006080097467068918,6.249977156187047,-0.20203409516296536,5.938906186933607,-0.5035601543388243,5.655416148744551,5.173511206429913,-1.6483415555295382,4.224205916296013,-2.668193060086952,3.172744222007208,2.648321869320335,2.409674200781157,2.3436444893358583,2.216221708915342,1.944223041191482,1.617826893405055,7.568062502804008,0.97624972216546,0.8764885069418735,7.146862043866647,0.8968325690726463,0.7409181063109235,0.5042939962761621,0.5151331571244866,0.4514109697946288,0.42481102909383117,0.4839166324700637,0.4351731551655059,6.501285277782943,-0.1504817868606421,5.904863822261734,5.737639573070979,5.536764356118198,5.20430566643294,4.977616460307826,4.812083194525051,4.851334335074471,5.112668348326057,5.282165588041678,5.276699225310678,5.314992822631635,5.228649544501392,5.112658915412532,5.117738196057544,5.083486566749569,4.819968813376119,4.56616724065182,4.048816552063364,3.947056445034918,3.7006059431705727,3.4183470218581617,3.1575469858942022,2.852804028509026,2.829237612746301,2.8105448989176454,2.7096431972115234,2.349802974084683,2.053289034097111,1.8692880494218798,1.7526479231011123,1.4858350173072303,1.163161136060159,7.208358242098232,6.889804464857447,6.557872889242804,6.065549033489605,5.694046448022633,-0.9060194501917991,5.123788865071381,5.099037653001516,-1.2528174743124574,4.924883595680009,4.824815202601099
1.740999999999919,0.2593910511380403,-0.29100580726812,4.774357685435548,4.657459809842459,4.579499106134538,4.422459412380737,4.047053129909464,3.7374583582873626,3.492662135307649,9.297373233487406,2.4233336724443757,1.9351499449531095,1.3605438380984778,0.8692914592933635,0.44835514844758506,-0.03378728421729232,6.051000568299871,-0.20078565897098793,6.154623212089893,6.329156171322174,0.10879845739055304,0.24187955193881436,0.5193907027184838,0.48688137553681365,0.40486895269105,0.22607379084764928,0.1822582676400286,0.1390282579600099,-0.0015761885701862544,6.242923272647503,-0.20847499587028057,5.933031985301523,-0.5089385281074902,5.650450788008985,5.168930025721669,-1.6525761431149848,4.22028593341298,-2.671738041645019,3.1695811811547774,2.6456016563083313,2.4073698557969623,2.341738826903816,2.2146784931453443,1.9429807770688008,1.616791530590752,7.567123847937475,0.9753041820043064,0.8754617847103396,7.145716629214124,0.8955752280584133,0.7396020666209832,0.5030183153628346,0.5140277496552481,0.45062619881859617,0.4244986107170979,0.48421632484969035,0.4361969122525146,6.503126882455445,-0.1477498900290233,5.908432813154818,5.741979973368555,5.541792678452918,5.209930632910567,4.983690570989979,4.818464455759436,4.857881109000283,5.119244718330992,5.288635239597816,5.2829341742414595,5.3208687128389505,5.234047872628268,5.11747008172075,5.121872037926828,5.086867140519864,4.8225166686164425,4.567863284380053,4.049581935637867,3.9470679074352493,3.6999471867662437,3.41715632202458,3.15600456295422,2.8511058165382543,2.8275871072082825,2.8091268510321337,2.708616595444358,2.349315919679294,2.053394132966823,1.8699748014552018,1.7538654915389507,1.4875114289830025,1.165186287753306,7.210597475041439,6.8921403741030725,6.560206508983806,6.067812736545045,5.696228389457147,-0.9038867815979597,5.125943637401158,5.101310925361225,-1.2503132363417007,4.927731331414734,4.828100375938483
1.750999999999918,0.2606069303444939,-0.29229479794491575,4.778141142272035,4.661750426449822,4.58425540987609,4.427590467258055,4.05242658374515,3.7428724515516674,3.497897901237842,9.302168764621461,2.4274110473706094,1.9383509017132532,1.3626530572471327,0.8702435191459665,0.4481136622681107,-0.0353028262560282,6.048318640746109,-0.20460250201155064,6.149704960677953,6.323189898564881,0.10190076494946798,0.23418535776150515,0.5110597840299357,0.4781466372333591,0.39595584821418617,0.21720908213822093,0.17364671981137628,0.13083748476916449,-0.009225016236427347,6.235869777340942,-0.21492132055566793,5.92714876785801,-0.5143269938393767,5.645476625598116,5.164343381040727,-1.6568119129150458,4.216368339291586,-2.6752782850795658,3.1664229371086408,2.642884026717715,2.4050646630126686,2.3398282573265483,2.213126400159358,1.941726554278944,1.6157428597262964,7.566172736360604,0.9743492151207146,0.8744302618118934,7.144572106421419,0.894324769867982,0.7382984311238098,0.5017593452770848,0.5129414348012973,0.4498608402622438,0.4242039079580183,0.4845303408195341,0.4372303206344304,6.504972576917134,-0.14501991033091038,5.911994809311448,5.74630931678464,5.546806913866388,5.215539417122415,4.989747423415067,4.824828086647757,4.8644103433714925,5.125803927017306,5.295088280638077,5.289153211904103,5.3267296138974665,5.239432448555766,5.122269210554944,5.12599623732595,5.090241212251776,4.825061935289167,4.5695613917717885,4.050354862667818,3.9470921922661955,3.699306225538295,3.4159874915867983,3.154486575413103,2.849432677234828,2.825960185543085,2.8077288557439046,2.707604766100094,2.3488367206170477,2.053499965990919,1.8706558933464885,1.7550723013873988,1.4891735931792442,1.1671958050901343,7.212821893663359,6.894464301035682,6.562532544251914,6.070074578815824,5.698414072100013,-0.9017454218761254,5.128110770468125,5.103598447797623,-1.2477948562723231,4.930590969635272,4.831393213077119
1.7609999999999169,0.26181141285380305,-0.2935625535347402,4.781926310212558,4.666035967503158,4.588999665755647,4.432703029265491,4.057776158969094,3.748259498342476,3.5031058382935685,9.306938000247266,2.4314656769736684,1.941533620240905,1.3647489233510897,0.8711866821102081,0.4478670854921864,-0.03682030775084723,6.045637870850822,-0.2084147247034683,6.1447952678602045,6.31723681972329,0.09502105116404722,0.22651385795537993,0.5027555802752322,0.46944074768665545,0.3870715241149482,0.20837058619648308,0.16505656351176862,0.12266158743877632,-0.016866341348605752,6.228816845601971,-0.22137279563357967,5.921256850182473,-0.5197252562920394,5.640493881014604,5.159751363404236,-1.6610489181564132,4.212452968507932,-2.6788140304892805,3.163269244386626,2.640168793352537,2.4027585277870767,2.3379127957302464,2.211565554090891,1.9404605862707502,1.6146811442366116,7.5652094324360695,0.9733850398146663,0.8733940766974552,7.143428513104532,0.8930811269067248,0.7370070386417896,0.5005168562887982,0.5118739509243446,0.4491146373255563,0.4239267017890214,0.48485852278195446,0.43827329717458513,6.506822356259954,-0.14229178058791986,5.91554992276671,5.750627734665415,5.551807191319577,5.221132129423104,4.995787101303306,4.831174144135688,4.87092207406023,5.132345997551378,5.301524732072904,5.295356366601929,5.332575569115428,5.2448033352989265,5.127056385028705,5.130110891864039,5.093608883644419,4.827604705485322,4.5712616262901395,4.05113534802138,3.947129250603254,3.6986829391206966,3.4148403415493864,3.15299278150729,2.8477843425634957,2.824356587804735,2.8063506954951043,2.7066075644245124,2.3483653339490944,2.0536065948211246,1.8713314771531437,1.7562685719156585,1.4908217692316879,1.1691899540000668,7.215031738433026,6.896776432645926,6.564851108420477,6.072334582714776,5.700603429751047,-0.8995955180777974,5.1302900519948125,5.105899966118973,-1.2452626031808276,4.933462257611282,4.834693509761464
1.7709999999999158,0.2630044692265568,-0.29480936224053716,4.785713064232687,4.67031640481054,4.593731949164083,4.437797271086582,4.063102106971826,3.7536197870397876,3.5082862267441595,9.311681167721854,2.4354977024906677,1.9446981531544112,1.3668314139124556,0.8721208854870577,0.44761535420316473,-0.03833975834170597,6.042958273466732,-0.21222227457230125,6.139894199976821,6.311296976708216,0.0881592974864548,0.2188649448618109,0.49447788462397724,0.46076342655236613,0.37821566772109716,0.19955801256092168,0.15648758447031144,0.11450046962874587,-0.024500120907278856,6.221764648272263,-0.22782915440638649,5.915356540118426,-0.5251330271491608,5.635502769039105,5.155154062617013,-1.665287209531344,4.208539660937434,-2.682345510996274,3.160119864350189,2.637455774095691,2.400451358059827,2.335992457045324,2.2099960762539563,1.9391830816429636,1.6136066416891577,7.564234194822784,0.9724118698500173,0.8723533651055364,7.142285886332808,0.8918442331616041,0.735727731304778,0.4992906230601166,0.510825041055499,0.4483873373784728,0.4236667762235405,0.48520071468360454,0.43932575868330076,6.508676214054501,-0.13956543623722314,5.919098262602298,5.75493535569126,5.556793637841518,5.226708879219462,5.001809688347504,4.83750268585084,4.8774163380499465,5.138870954381367,5.307944616033331,5.301543667613708,5.338406622370789,5.250160595894296,5.131831687612818,5.134216097798836,5.09697025441846,4.830145068904164,4.572964048996554,4.051923404640963,3.9471790326259635,3.6980772076467776,3.4137146849474216,3.1515229428427083,2.84616054871286,2.822776058398539,2.8049921564711155,2.705624848152423,2.3479017173602137,2.0537140798993714,1.8720017022614122,1.7574545187808377,1.4924562124518952,1.1711689965337118,7.217227246511167,6.899076953486974,6.567162313444504,6.074592770353419,5.702796396978103,-0.897437215468195,5.132481272413641,5.1082152295856025,-1.242716742207571,4.936344946642685,4.8380010653392045
1.7809999999999147,0.2641860717483615,-0.29603550501523396,4.789501281831917,4.674591711128023,4.59845233452693,4.442873362454687,4.068404674474201,3.7589536005805857,3.5134393417832026,9.316398490909837,2.4395072641785163,1.9478445546663117,1.3689005101239582,0.8730460711441442,0.4473584084798645,-0.03986120559917011,6.040279862989302,-0.21602510208927814,6.135001818764661,6.30537040661126,0.08131548189710897,0.21123850999664434,0.4862264927439277,0.4521143987174505,0.369387973198879,0.19077107762637613,0.14793957366521357,0.10635403737907688,-0.03212631306521966,6.214713351824653,-0.2342901368770811,5.909448137977557,-0.5305500248459958,5.6305034998397065,5.150551567285429,-1.6695268352794814,4.2046282616061665,-2.685872952929405,3.1569745650334373,2.634744791792779,2.3981430643038997,2.334067256028701,2.208418085225989,1.937894244268585,1.6125196039318477,7.563247276599862,0.9714299145439094,0.8713082601061528,7.141144262623412,0.8906140241504782,0.7344603544667107,0.498080424545462,0.5097944527968192,0.44767869188130044,0.423423918268504,0.485556762006243,0.4403876219465795,6.5105341424098935,-0.13684081525435698,5.922639935019451,5.759232305929796,5.561766378554163,5.2322697749662614,5.007815268188741,4.843813770069239,4.883893173401738,5.145378823208266,5.314347955847163,5.307715145173061,5.344222818092696,5.2555042933852185,5.1365952001295865,5.138311950047064,5.100325422347228,4.832683112904788,4.574668718615384,4.052719043608155,3.9472414876644177,3.697488911763382,3.4126103368208156,3.1500768243319577,2.844561036007622,2.8212183459881515,2.803653028522028,2.704656477459419,2.3474458291641898,2.053822480491967,1.8726667154452035,1.7586303540961392,1.494077174192131,1.173133190914807,7.219408651785881,6.901366045694399,6.569466269868295,6.076849163541929,5.704992909111322,-0.8952706575381396,5.134684224846129,5.110543990876426,-1.2401575346059195,4.939238791995068,4.841315682687572
1.7909999999999136,0.26535619439704805,-0.297241255746459,4.793290842966115,4.67886186011502,4.603160895299842,4.447931470201083,4.073684103631107,3.764261216596231,3.5185654536663327,9.321090190281957,2.4434945013378697,1.9509728805218531,1.370956196731373,0.8739621853409498,0.44709619223677777,-0.04138467511729185,6.037602653360149,-0.2198231605665113,6.130118181535317,6.299457141903325,0.07448957906329982,0.2036344441190995,0.4780012027534649,0.4434933941573635,0.3605881413530623,0.18200950443914793,0.1394123271656765,0.09822219903663557,-0.03974487709738736,6.207663118483251,-0.2407554895675229,5.903531936738157,-0.5359759743992972,5.625496279078892,5.145943964831489,-1.6737678412670536,4.2007186205464455,-2.6893965760027108,3.153833120976441,2.6320356741384896,2.395833559478659,2.3321372072848447,2.2068316969281647,1.93659427341592,1.6114202772277275,7.562248925388018,0.9704393788546097,0.8702588921442475,7.140003677936398,0.8893904368728964,0.7332047566242959,0.49688604389388075,0.5087819382250558,0.4469884563067922,0.42319791787764244,0.4859265117573568,0.4414588037536124,6.5123961320316734,-0.1341178580782643,5.9261750434100655,5.763518708888011,5.566725536697332,5.237814924162882,5.013803924393324,4.850107455682897,4.890352619221266,5.151869630957061,5.320734776014952,5.313870830447711,5.350024201243217,5.260834490807807,5.141347003748002,5.142398542195382,5.103674483287736,4.835218922556765,4.576375691596691,4.053522274206519,3.9473165642439714,3.6969179326441424,3.4115271141890213,3.1486541941330857,2.8429855488232008,2.819683203405094,2.8023331050859945,2.7037023149145067,2.3469976282987624,2.0539318547223844,1.8733266609231956,1.7597962864974992,1.4956849019091798,1.1750827915917164,7.221576184908355,6.903643889006411,6.571763086833503,6.079103783789376,5.707192902237399,-0.8930959860162018,5.1368987050816575,5.112886006055136,-1.237585237791364,4.942143552835861,4.844637168141268
1.8009999999999124,0.2665148128105837,-0.29842688143587404,4.797081629982156,4.683126826291891,4.607857703965497,4.45297175830294,4.078940632132888,3.7695429075458824,3.5236648278443563,9.325756483009693,2.4474595523353924,1.9540831879388918,1.3729984619004463,0.8748691785603713,0.446828653070538,-0.042910190602450535,6.034926658070893,-0.22361640605576502,6.125243341346604,6.293557210625652,0.06768156049177426,0.19605263729796688,0.4698018151756277,0.4349001477980743,0.35181587943355563,0.17327302249860219,0.130905645978529,0.09010486518383254,-0.047355773372187514,6.200614106339735,-0.24722496534205166,5.897608222238018,-0.5414106072416155,5.620481308018129,5.141331341507072,-1.6780102710635374,4.196810592656533,-2.6929165934890786,3.1506953130627386,2.6293282535654394,2.3935227589834427,2.330202325285614,2.2052370247032123,1.935283363866416,1.6103089023864867,7.561239383468431,0.9694404634677883,0.869205389082623,7.138864167670324,0.8881734097623524,0.7319607893377387,0.4957072683536615,0.5077872537975333,0.4463163900638492,0.4229885679055918,0.4863098124606018,0.44253922092314374,6.51426217227782,-0.13139650753849313,5.929703688426054,5.7677946855634445,5.571671233653721,5.2433444333508685,5.01977574043095,4.85638380216845,4.896794715626292,5.158343405747957,5.327105102185792,5.320010755518644,5.355810817299303,5.266151251177537,5.146087178979717,5.1464759665119,5.107017531211594,4.837752580689813,4.578085022177335,4.0543331039823105,3.9474042101282056,3.696364152001916,3.410464836026132,3.1472548235899205,2.841433835502648,2.818170387560667,2.8010321831144447,2.702762225433625,2.3465570743201996,2.054042259602749,1.8739816804142717,1.7609525212087074,1.4972796392271113,1.1770180492884592,7.223730073328595,6.905910660784401,6.574052872087592,6.081356652304209,5.709396313193846,-0.8909133408811066,5.139124511555818,5.115241034536049,-1.2350001053905502,4.945058992171292,4.847965331421984
1.8109999999999113,0.26766190425566755,-0.299592642373262,4.800873527554662,4.687386584999617,4.612542832031841,4.457994387931107,4.084174493304557,3.774798940846058,3.5287377250918874,9.330397583056097,2.4514025546244342,1.957175535549174,1.3750272970881656,0.8757670053464061,0.44655574211239013,-0.04443777395833574,6.032251890167408,-0.22740479725064824,6.120377347167805,6.287670636573684,0.06089139467551339,0.1884929789751937,0.46162813289362703,0.42633439938271533,0.34307090094837345,0.16456136756505402,0.12241933589947399,0.08200194856919532,-0.054958963323952566,6.193566469465929,-0.253698323236308,5.891677273362016,-0.5468536610598589,5.615458783620094,5.136713782408328,-1.6822541660158652,4.192904037564329,-2.696433212389286,3.1475609283609085,2.6266223671354343,2.391210580611714,2.328262624388981,2.203634179390788,1.9339617060293621,1.6091857148928692,7.560218887899129,0.9684333648812568,0.8681478762443798,7.1377257666584075,0.8869628826399557,0.7307283071534558,0.49454388917917314,0.5068101602601245,0.4456622564228089,0.42279566406277347,0.4867065141460679,0.4436287903287286,6.516132251212944,-0.1286767087844843,5.933225968046995,5.772060354494474,5.576603588973936,5.248858408112292,5.025730799654028,4.86264286955681,4.9032195037148085,5.164800176867753,5.333458961132999,5.326134953359209,5.361582712235025,5.271454637476448,5.150815805675765,5.150544313958185,5.110354658235794,4.8402841679425,4.579796762440411,4.055151538803205,3.947504372360242,3.695827452100421,3.4094233232363482,3.145878487173883,2.839905648275777,2.8166796593601546,2.7997500629990886,2.7018360762340174,2.346124127397515,2.05415375106407,1.8746319131913571,1.7620992601050447,1.4988616259990077,1.1789392110552732,7.225870541331168,6.908166536033782,6.576335731992676,6.083607789994962,5.711603079563264,-0.888722860374382,5.141361445328396,5.117608839049686,-1.2324023872901901,4.947984876784133,4.8512999855694785
1.8209999999999102,0.26879744759699203,-0.30073879230552975,4.8046664226248135,4.691641112361506,4.617216350031593,4.46299951749769,4.089385916202818,3.7800295789964626,3.533784401631659,9.335013701263085,2.4553236447642313,1.9602499833409879,1.3770426969182417,0.8766556241477309,0.44627741388641795,-0.04596744536724513,6.0295783622544326,-0.23118829539211042,6.115520244038849,6.28179743947402,0.05411904723492076,0.18095535802694449,0.4534799611077728,0.41779589334268213,0.3343529254827252,0.15587428147373808,0.11395320736881952,0.07391336403979902,-0.0625544094265797,6.186520358022815,-0.26017532829109985,5.885739362224477,-0.552304879638013,5.6104288986485935,5.132091371490199,-1.6864995653202564,4.18899881949496,-2.6999466335965434,3.1444297599701145,2.6239178564330876,2.388896944505772,2.3263181188566695,2.2020232694005064,1.9326294860535511,1.6080509450320524,7.559187670628945,0.9674182754881837,0.8670864764548528,7.1365885091651995,0.8857587966694893,0.7295071675287385,0.4933957015398783,0.505850422557269,0.44502582244228056,0.42261900487103143,0.48711646834037725,0.44472742892292016,6.518006355660706,-0.12595840921688176,5.936741977646123,5.776315831809703,5.581522720401547,5.254356953068919,5.0316691852780915,4.8688847184038035,4.909627025533764,5.171239974741367,5.339796380729693,5.332243457814185,5.367339932504043,5.276744712640928,5.155532963023984,5.154603674201707,5.113685954653329,4.842813762810037,4.581510962373075,4.055977582915116,3.947616997302455,3.6953077157651184,3.40840239862981,3.1445249624272464,2.83840074318043,2.815210783619266,2.798486548500662,2.7009237367894676,2.345698748306373,2.05426638398528,1.8752774961336967,1.7632367017754822,1.5004310983676663,1.1808465203186893,7.2279978100709,6.9104116874250945,6.578611771534692,6.085857217471193,5.713813139667596,-0.8865246810132419,5.143609310060993,5.1199891856081114,-1.2297923296858204,4.950920977172262,4.854640946874189
1.8309999999999091,0.26992142326715,-0.3018655786007662,4.808460204341128,4.695890385246811,4.621878327522905,4.4679873027033485,4.094575125710913,3.7852350797021828,3.5388051092546826,9.339605045435242,2.4592229584377225,1.9633065926031683,1.379044659060661,0.8775349971669533,0.4459936261732925,-0.04749922336785864,6.026906086500533,-0.23496686417712048,6.110672073223703,6.2759376351547305,0.04736448105362967,0.17343966282221956,0.44535710729374134,0.4092843786730112,0.3256616785240121,0.1472115119546661,0.10550707533156636,0.06583902847552098,-0.070142075168263,6.179475918366104,-0.2666557513911599,5.879794754346492,-0.5577640127039141,5.605391841766226,5.12746419158104,-1.690746506091742,4.18509480714211,-2.703457052056669,3.1413016068695083,2.6212145674617617,2.3865817731120442,2.3243688228707566,2.200404400782687,1.9312868859359726,1.6069048180120635,7.558145958609058,0.9663953836588062,0.8660213100830487,7.135452428883746,0.8845610943138165,0.7282972307583145,0.49226250443147274,0.5049078097439891,0.4444068588974928,0.4224583916200106,0.4875395280566215,0.44583505376042126,6.51988447125454,-0.12324155842080044,5.940251810054706,5.780561231276466,5.586428743898123,5.259840171882079,5.037590980363256,4.875109409761763,4.916017324048385,5.177662830903533,5.346117389924339,5.33833630357885,5.3730825250223555,5.28202153955005,5.160238729547083,5.158654135628703,5.117011508963648,4.8453414416911205,4.583227669922827,4.05681123899716,3.947742030674668,3.6948048263933595,3.4074018868987896,3.1431940299077805,2.836918879985809,2.813763528982728,2.7972414466793807,2.700025078786375,2.345280898422708,2.05438021222113,1.875918563777638,1.7643650415834669,1.5019882888252851,1.182740216931121,7.2301120976085596,6.912646285315356,6.580881094332934,6.088104955044616,5.716026432562389,-0.8843189376036936,5.145867911994324,5.122381843470053,-1.2271701751303763,4.953867067488028,4.8579880348113615
1.840999999999908,0.2710338132371721,-0.30297324240750634,4.812254764002166,4.7001343812361736,4.6265288330911245,4.472957896584296,4.09974234263138,3.790415695992372,3.5438000954363926,9.344171820420382,2.463100630468074,1.9663454258704494,1.381033184115184,0.8784050902153189,0.44570433987931773,-0.04903312492964645,6.024235074643352,-0.2387404696704188,6.105832872358147,6.270091235709278,0.040627656409130526,0.16594578127911488,0.43725938116212004,0.40079960881187177,0.31699689129252434,0.1385728124581831,0.09708075910172949,0.057778860725086124,-0.07772192502726291,6.17243329314848,-0.27313936910864395,5.873843708828319,-0.5632308157799754,5.600347797629831,5.122832324397326,-1.694995023431468,4.181191873543025,-2.7069646569240047,3.138176273771403,2.6185123505417724,2.3842649911369516,2.3224147505493,2.198777677296903,1.9299340836276224,1.6057475540832986,7.557093973902193,0.9653648738206547,0.8649524950825811,7.134317558933243,0.8833697192926057,0.7270983599027739,0.49114410058910474,0.5039820948998607,0.44380514021011597,0.42231362832425723,0.48797554778414787,0.4469515820202356,6.521766582486705,-0.12052610810099214,5.943755555624855,5.784796664348482,5.5913217736682235,5.265308167253225,5.043496267796693,4.881317005152032,4.922390443112079,5.184068777970708,5.352422018716261,5.344413526178075,5.3788105371512955,5.287285181014436,5.164933183101327,5.16269578535739,5.120331407902894,4.847867278933885,4.584946931052284,4.05765250821485,3.9478794175908813,3.694318667963849,3.4064216145942243,3.141885473134741,2.835459822117801,2.8123376678449703,2.7960145678270365,2.6991399760806662,2.34487053971608,2.0544952886289938,1.8765552483659629,1.7654844717263378,1.5035334262721516,1.1846205372199565,7.232213618946459,6.914870497769651,6.583143802649884,6.090351022730423,5.718242898031036,-0.8821057632538556,5.148137059925203,5.124786585105865,-1.2245361625825502,4.956822925478458,4.861341071976658
1.850999999999907,0.27213460098767783,-0.3040620188093317,4.8160499950010935,4.704373078588826,4.631167934351556,4.477911449558951,4.104887783776707,3.7955716763355283,3.5487696034489375,9.34871422818697,2.4669567948339974,1.9693665468701373,1.3830082754986515,0.879265872572673,0.4454095189105573,-0.05056916552405836,6.021565337995142,-0.2425090802192331,6.101002675592208,6.264258249654316,0.03390853109841201,0.158473600918801,0.4291865946191694,0.39234134152401345,0.30835830057763847,0.12995794198603847,0.08867408223077232,0.049732781543868385,-0.08529392444865744,6.165392621418632,-0.27962596355122415,5.867886478517013,-0.5687050500377682,5.595296946983761,5.1181958505584255,-1.699245150491839,4.177289895957058,-2.7104696317132024,3.1350535709781058,2.6158110602108238,2.381946525503361,2.320455915961022,2.197143200478401,1.928571253136501,1.6045793686552041,7.5560319337895105,0.9643269265373144,0.8638801470321003,7.13318393185713,0.8821846165413368,0.7259104207188112,0.49004029640262814,0.5030730550448919,0.44322044437952607,0.4221845216810273,0.4884243834781986,0.44807693102685064,6.52365267275576,-0.11781201201884796,5.9472533022908,5.789022240212642,5.59620192218436,5.270761040925142,5.049385130276018,4.88750756653836,4.928746427436917,5.190457849613184,5.358710298131183,5.3504751619454565,5.384524016680816,5.292535699765629,5.169616400875799,5.166728709251507,5.1236457364739465,4.850391346880956,4.586668789792498,4.0585013902715925,3.948029102594597,3.693849125045451,3.405461410102605,3.1405990785361557,2.834023336586227,2.8109329762728272,2.7948057254007033,2.698268304655517,2.3444676347428057,2.05461166509463,1.8771876798958178,1.7665951812934007,1.5050667360743368,1.1864877140361472,7.234302586063986,6.917084490582902,6.585399997401343,6.092595440248795,5.720462476579008,-0.8798852893874763,5.150416565183279,5.127203186162346,-1.2218905274549092,4.9597883324262835,4.864699884023234
1.8609999999999058,0.2732237714806198,-0.3051321369749584,4.819845792772045,4.708606456211463,4.635795697953163,4.4828481094742205,4.110011662057949,3.8007032647514545,3.553713872469761,9.353232467898561,2.4707915846839477,1.9723700204701022,1.3849699393359902,0.8801173168524778,0.44510913005183794,-0.05210735919263622,6.018896887448549,-0.2462726663708516,6.096181513727393,6.258438682081548,0.027207060558801326,0.15102300891729972,0.42113856172874414,0.38390933878801986,0.29974564857932195,0.12136666492779546,0.08028687238003605,0.04170071353341359,-0.09285803982202315,6.158354038717194,-0.2861153222146334,5.861923310169409,-0.5741864821563598,5.590239466751024,5.113554849601428,-1.7034969185395767,4.173388755747652,-2.713972154446989,3.131933314242326,2.613110555126612,2.3796263053076205,2.318492333139104,2.195501069702448,1.9271985646278837,1.6034004724101925,7.5549600508752155,0.9632817185857355,0.8628043791752175,7.132051579621632,0.8810057321715583,0.7247332815912443,0.48895090183384454,0.502180471057268,0.4426525529154772,0.4220708810287856,0.4888858925494154,0.44921101827048493,6.525542724412472,-0.11509922593118214,5.9507451356287,5.793238065834959,5.6010693002118686,5.276198893683739,5.0552576502936235,4.893681156301149,4.935085322564698,5.196830080527445,5.364982260196797,5.356521248002539,5.390223011813014,5.297773158445955,5.174288459392174,5.170752991934144,5.126954577976206,4.852913715913628,4.588393288294863,4.059357883458529,3.9481910296928016,3.693396082805359,3.4045211036231833,3.139334635397367,2.8326091939139575,2.8095492339301997,2.7936147359580064,2.697409942579896,2.3440721466388763,2.054729392556945,1.8778159861652934,1.7676973563226983,1.5065884401204213,1.1883419768022905,7.236379207953052,6.919288427301843,6.587649778166823,6.094838227026562,5.722685109428069,-0.877657645757642,5.152706241607489,5.129631425427433,-1.219233501661742,4.962763073091812,4.868064299600227
1.8709999999999047,0.27430131113161177,-0.3061838203039307,4.823642054738229,4.7128344936287005,4.640412189583137,4.487768021651372,4.115114186571334,3.8058107009200333,3.5586331376866025,9.357726735985343,2.4746051323492626,1.975355912628064,1.3869181843547849,0.8809593988716994,0.4448031428504314,-0.05364771861218556,6.0162297334826125,-0.2500312007929578,6.091369414348953,6.252632534803937,0.02052319798418205,0.14359389215513288,0.4131150986753197,0.3755033666872232,0.2911586827547601,0.11279875090240567,0.07191896119704912,0.033682581082649043,-0.10041423845999746,6.151317677169699,-0.2926072378395277,5.8559544446105996,-0.5796748841843157,5.585175530122343,5.108909399995995,-1.7077503570167571,4.169488338267678,-2.717472397800025,3.128815324631062,2.6104106979715627,2.377304261777194,2.316524016094126,2.19385138224669,1.9258161845219242,1.6022110714148488,7.553878533188941,0.9622294230321196,0.861725302459924,7.130920533614718,0.8798330134323605,0.7235668134667717,0.4878757303356895,0.5013041275929194,0.4421012507721499,0.42197251830638266,0.4893599338532131,0.4503537614264327,6.527436718804237,-0.11238770753074097,5.95423113891499,5.797444246005696,5.605924016833703,5.281621825360408,5.061113910121846,4.899837837212535,4.941407174838568,5.203185506408788,5.371237937918418,5.362551822238118,5.395907571145963,5.302997619598832,5.178949434505014,5.1747687168018075,5.130258014035151,4.8554344544951755,4.590120466881664,4.0602219847027925,3.948365142388657,3.6929594270166803,3.403600527145522,3.1380919358107855,2.83121716806782,2.8081862240046136,2.7924414190939117,2.6965647699678965,2.3436840391126945,2.0548485210318046,1.878440292818696,1.7687911798565097,1.5080987568772555,1.190183551560197,7.238443690653413,6.921482469247148,6.58989324320023,6.0970794021990375,5.724910738510483,-0.8754229604606629,5.155005905522303,5.132071084794832,-1.2165653136666195,4.9657469356556385,4.871434150292667
1.8809999999999036,0.2753672077828188,-0.3072172865680639,4.827438680261703,4.71705717095506,4.6450174739722705,4.492671328931482,4.120195562682909,3.810894220286876,3.5635276303990557,9.362197226212977,2.478397569356335,1.9783242903421532,1.3888530217833115,0.881792097525378,0.4444915295042274,-0.05519025515713456,6.013563886168965,-0.2537846581966268,6.086566401953364,6.246839806496426,0.013856894436763002,0.1361861372649159,0.4051160237280744,0.36712319530414184,0.2825971556699264,0.10425397460478292,0.0635701841956041,0.025678310310744933,-0.1079624885776737,6.1442836655766415,-0.299101508272527,5.849980116888021,-0.585170033405271,5.5801053066431665,5.1042595791592325,-1.7120054935998974,4.165588532748011,-2.7209705292389543,3.1256994283928727,2.607711355359656,2.374980328228877,2.3145509788261927,2.1921942333515694,1.9244242755886745,1.6010113672284905,7.552787584285957,0.9611702093063954,0.8606430255775027,7.129790824645467,0.8786664086730359,0.7224108897894225,0.4868145987733199,0.5004438130068731,0.4415663262835423,0.42188924801289307,0.48984636767903245,0.4515050783735335,6.529334636318044,-0.10967741638838555,5.957711393183341,5.801640883383684,5.610766179475127,5.287029934834898,5.066953991798971,4.905977672412255,4.9477120313752145,5.209524163924189,5.377477365254729,5.368566923287655,5.4015777436577785,5.308209145659537,5.1835994014025095,5.178775966038725,5.133556124631625,4.857953629213319,4.591850364095274,4.06109368961425,3.9485513837129522,3.6925390440654424,3.402699514427357,3.1368707746268263,2.829847036391263,2.8068437331356137,2.791285597378994,2.695732668938852,2.3433032764376476,2.054969099634931,1.879060723390552,1.7698768319956057,1.5095979014447745,1.192012661017948,7.2404962372878785,6.923666775535698,6.592130489440742,6.099318984611987,5.727139306463203,-0.8731813599501246,5.157315375713759,5.134521949228588,-1.2138861885296377,4.9687397116622,4.874809270562755
1.8909999999999025,0.27642145067639956,-0.3082327480487558,4.831235570594788,4.721274468868401,4.6496116149010716,4.4975581717204225,4.12525599211124,3.8159540541659696,3.568397578116807,9.366644129748812,2.482169026437865,1.981275221602737,1.3907744652519152,0.8826153946657148,0.4441742647542173,-0.056734978959204437,6.010899355178208,-0.25753301526189315,6.081772498071186,6.241060492831398,0.007208098954561553,0.1287996306769673,0.3971411572059791,0.35876859861830956,0.2740608248559243,0.09573211565721512,0.055240380639493346,0.017687829011592604,-0.11550275927278747,6.137252129500769,-0.30559793633131205,5.844000556421284,-0.5906717122069831,5.575028962298679,5.09960546347056,-1.7162623542571502,4.161689232189255,-2.724466711158767,3.1225854568284603,2.6050123977452992,2.372654440027619,2.312573235336295,2.190529716278881,1.9230229970405812,1.5998015570091413,7.551687403345218,0.9601042432753087,0.8595576550009358,7.128662482943817,0.8775058673068928,0.7212653864376654,0.48576732734705974,0.49959931927634516,0.4410475711001771,0.42182088716810423,0.490345055739479,0.45266488721179887,6.531236456422057,-0.10696831389689619,5.961185977280235,5.805828078539828,5.61559589392828,5.292423320038688,5.072777977116015,4.912100725384308,4.95399994003761,5.215846090685476,5.38370057709364,5.3745665905128295,5.407233578690991,5.3134077989463915,5.188238434607649,5.18277482063133,5.136848988130839,4.860471304821852,4.593583016746094,4.061972992530761,3.9487496962543656,3.6921348209570635,3.4018179009727834,3.1356709494059647,2.82849857953868,2.8055215513449365,2.790147096299147,2.694913523578225,2.3429298234445364,2.0550911766039333,1.8796773993483953,1.7709544899523,1.5110860856098816,1.193829524596426,7.242537048097375,6.925841503102982,6.594361612523945,6.101556992823725,5.72937075662203,-0.8709329690510949,5.15963447340531,5.136983806727625,-1.211196347954329,4.971741195964172,4.878189497692494
1.9009999999999014,0.2774640304284835,-0.30923041167029414,4.835032628833046,4.725486368584727,4.654194675206558,4.502428688033379,4.130295673008232,3.820990429839397,3.57324320465468,9.371067635225597,2.485919633543274,1.984208775345484,1.3926825306976276,0.8834292749855015,0.44385132578111486,-0.05828189896450769,6.008236149786449,-0.2612762505657997,6.07698772138548,6.235294586609084,0.000576758654761761,0.12143425866300207,0.38919032144384796,0.35043935440736895,0.26554945266993607,0.08723295846545778,0.04692939342979589,0.009711066599864801,-0.12303502050664959,6.130223191351678,-0.3120963296736468,5.8380159871478545,-0.5961797079537782,5.5699466595968445,5.09494712828657,-1.72052096330367,4.157790333256535,-2.727961101015554,3.1194732461644596,2.602313699334193,2.3703265345459337,2.3105907996369153,2.1888579223685007,1.9216125046225312,1.5985818336169795,7.550578185265318,0.9590316873141419,0.8584692950228046,7.127535538160676,0.8763513397761944,0.7201301816631347,0.4847337395171621,0.4987704419255372,0.4405447801270911,0.42176725527364023,0.4908558611593559,0.4538331062792247,6.533142157705806,-0.10426036321634997,5.964654967919226,5.810005929999835,5.6204132643766185,5.297802077958798,5.078585947604256,4.918207059934341,4.960270949408314,5.222151325222788,5.389907609228296,5.3805508639812345,5.412875125937162,5.31859364165235,5.192866607979802,5.186765360382893,5.1401366813110965,4.862987544281452,4.59531845995923,4.062859886562031,3.9489600221885897,3.691746645322297,3.4009555240107434,3.134492260371914,2.82717158141139,2.8042194719684104,2.789025744196689,2.694107219899252,2.342563645513881,2.0552147993195,1.8802904401343712,1.7720243281023191,1.5125635178994068,1.1956343584753293,7.244566320475868,6.928006806725595,6.59658670679315,6.103793445107346,5.731605033015775,-0.8686779109744757,5.161963022233508,5.139456448290298,-1.208496010334223,4.974751186667717,4.8815746717276305
1.9109999999999003,0.2784949390036703,-0.3102104791292776,4.8388297598697845,4.729692851834317,4.658766716789686,4.50728301353886,4.135314800038068,3.8260035706542292,3.5780647302246043,9.375467928802802,2.4896495198483213,1.9871250214056526,1.3945772362719198,0.8842337259057372,0.44352269210595113,-0.059831022988187516,6.005574278881963,-0.26501434451284317,6.0722120878459585,6.229542077883089,-0.006037181166900262,0.1140899073779756,0.3812633407593107,0.34213524415130786,0.2570628061606168,0.07875629207935844,0.038637068995612124,0.0017479540586230842,-0.1305592430857884,6.123196970467818,-0.3185965006702076,5.832026627664725,-0.601693812862301,5.5648585576495355,5.090284647955856,-1.724781343455208,4.153891736177249,-2.731453851455773,3.1163626374303752,2.599615137996167,2.367996551123904,2.308603685761949,2.1871789410933746,1.920192950699512,1.5973523857153167,7.5494601207583765,0.9579527003770875,0.8573780477926852,7.1264100193683975,0.8752027775181892,0.7190051560309362,0.4837136619303462,0.4979569799520969,0.44005775146308146,0.42172817427471015,0.49137864846459783,0.4550096541678153,6.535051717919098,-0.10155352922102369,5.968118439733893,5.81417453428616,5.62521839341921,5.303166304642045,5.084377984523487,4.924296740167779,4.96652510876331,5.228439906958332,5.396098498333245,5.386519784446238,5.4185024354218045,5.323766735836979,5.197483994716663,5.19074766392831,5.143419279392217,4.865502408799687,4.597056727219958,4.063754363632092,3.9491823033063578,3.6913744054226965,3.400112222473825,3.1333345103658536,2.825865829095177,2.802937291589531,2.7879213722128386,2.69331364580534,2.3422047085681226,2.0553400143257945,1.8808999632057009,1.7730865180355264,1.5140304036321681,1.1974273756386629,7.246584249005108,6.930162839043839,6.598805865310914,6.106028359453066,5.73384208036039,-0.8664163073314859,5.164300848223552,5.141939667878949,-1.2057853907990344,4.977769485078576,4.8849646354229055
1.9209999999998992,0.27951416969003845,-0.3111731470202698,4.842626870352024,4.7338939008391145,4.663327800623351,4.512121281602206,4.140313564454351,3.83099369611667,3.5828623715246137,9.379845194225648,2.493358813763998,1.9900240304735823,1.3964586022514869,0.8850287374672744,0.44318834549448255,-0.06138235776670507,6.002913750971976,-0.2687472792677338,6.067445610779009,6.223802954081232,-0.012633776940575908,0.10676646290014291,0.37336004142066376,0.33385605293972354,0.2486006569377817,0.0703019100578651,0.030363257188144612,-0.00620157611156214,-0.13807539864426271,6.116173583196002,-0.32509826628110033,5.826032691366159,-0.6072138238804887,5.559764812251767,5.0856180958338,-1.7290435158799986,4.149993344641708,-2.734945110442107,3.113253476338563,2.596916595179928,2.3656644310297885,2.306611907775943,2.1854928601127983,1.918764484341944,1.596113397869162,7.54833339644189,0.9568674380662918,0.8562840133540418,7.125285955061582,0.8740601329322067,0.7178901923614943,0.4827069243480696,0.49715873575520503,0.43958628634117874,0.4217034685224677,0.49191328357111386,0.45619444973884854,6.53696511400964,-0.0988477784477776,5.971576465329534,5.818333985959186,5.630011382094871,5.308516095199668,5.090154168850931,4.930369830468644,4.972762468046382,5.2347118761804845,5.402273281940775,5.39247339332701,5.424115557489552,5.328927143418806,5.202090667356543,5.194721808748987,5.146696856063659,4.868015957870216,4.598797850418026,4.064656414520459,3.9494164810404166,3.691017990155598,3.399287836977356,3.1321975048016992,2.8245811127993594,2.8016748099746525,2.786833814231511,2.692532691053188,2.3418529790637277,2.0554668673500935,1.8815060840740407,1.7741412286055276,1.5154869449701376,1.199208785919702,7.248591025489199,6.932309750584381,6.6010191798707165,6.108261753570659,5.736081844053081,-0.8641482781482667,5.166647779764722,5.144433262384519,-1.20306470126047,4.980795895648981,4.888359234188561
1.9309999999998981,0.2805217170746491,-0.31211860695780147,4.846423868637889,4.738089498291301,4.667877986760919,4.516943623328556,4.145292154175453,3.8359610219835347,3.587636341824988,9.384199612881973,2.497047642944733,1.9929058740513688,1.398326650951972,0.885814302226349,0.44284826986526266,-0.06293590900787721,6.0002545741895466,-0.2724750386903901,6.062688300993762,6.218077200121876,-0.019213086730427657,0.09946381126939502,0.36548025161556347,0.32560156938200235,0.24016278104623934,0.061869610338277904,0.022107811178026626,-0.014137589942013504,-0.14558345962661123,6.109153142968482,-0.33160144793595225,5.820034386577646,-0.612739542569684,5.554665575959092,5.080947544297311,-1.7333075002489864,4.146095065706578,-2.7384350213760142,3.110145613167199,2.5942179558296865,2.363330117421217,2.3046154797827,2.1837997653240584,1.9173272514087594,1.5948650506414348,7.547198194928627,0.9557760526995918,0.8551872896806164,7.124163373158209,0.8729233593477896,0.7167851756739069,0.4817133595764961,0.4963755150652532,0.439130189070321,0.4216929647369711,0.492459633773547,0.4573874121374082,6.538882322159433,-0.0961430790458741,5.975029115333625,5.822484377657657,5.634792329906132,5.313851543812333,5.0959145812708275,4.9364263954790495,4.9789830778440285,5.24096727401819,5.408431998417455,5.398411732688746,5.429714542789609,5.334074926168027,5.2066866977809765,5.198687871187809,5.149969483512314,4.870528249311225,4.600541859890804,4.0655660289020314,3.949662496491495,3.6906772890586663,3.398482209798791,3.131081051622372,2.8233172257973473,2.800431830009756,2.785762906824413,2.691764247216635,2.341508423983224,2.0555954033216928,1.8821089163437785,1.775188625978186,1.516933340968734,1.2009787960454352,7.250586838988998,6.934447689782979,6.603226741008806,6.110493644892009,5.738324270166419,-0.8618739418805986,5.169003647585687,5.146937031591221,-1.200334150457637,4.983830225925441,4.8917583160380875
1.940999999999897,0.2815175770195334,-0.31304704569482456,4.850220664755362,4.742279627333024,4.672417334345241,4.521750167605286,4.1502507538581135,3.840905760351153,3.592386851051647,9.388531363856973,2.5007161342959754,1.9957706244107019,1.4001814066445308,0.8865904151538515,0.4425024512012324,-0.0644916814387624,5.997596756300531,-0.2761976082730923,6.057940166884335,6.212364798525907,-0.025775170146299212,0.09218183852393336,0.3576238014205265,0.3173715855203086,0.2317489588436258,0.05345919510960657,0.013870587355802107,-0.022060152043904605,-0.1530833992714041,6.102135760377721,-0.3381058714174675,5.814031916686167,-0.618270774989808,5.5495609981631935,5.076273064759495,-1.737573314784454,4.142196809701029,-2.741923723217056,3.1070389026461402,2.5915191083036286,2.3609935553069827,2.3026144159332764,2.1820997409124736,1.915881394628275,1.59360752068687,7.546054694914537,0.9546786933769631,0.8540879727123195,7.123042301001067,0.8717924109938303,0.7156899931307669,0.48073280339811914,0.49560712687507535,0.438689266978201,0.42169649197073206,0.49301756773395666,0.4585884608062071,6.5408033178199725,-0.09343940072819153,5.978476458445087,5.826625800138361,5.639561334843035,5.319172743735464,5.101659302164616,4.942466500079361,4.985186989360897,5.24720614241571,5.414574686940886,5.40433484522309,5.435299442261484,5.3392101456995515,5.211272157217631,5.202645926464179,5.153237232449996,4.873039339303092,4.60228878446533,4.066483195385746,3.94992029045329,3.690352192314012,3.397695184857389,3.1299849612570347,2.8220739643686223,2.799208157638742,2.784708489197385,2.6910082076512176,2.3411710108271713,2.055725666390114,1.8827085717492957,1.7762288736790772,1.5183697876262503,1.2027376096804754,7.2525718758562885,6.936576803007243,6.605428638016183,6.112724050573728,5.74056930544241,-0.8595934154287174,5.17136828472975,5.149450778141314,-1.1975939440020347,4.98687228649733,4.895161731537184
1.950999999999896,0.28250174663815103,-0.31395864523773453,4.854017170362375,4.7464642715371905,4.676945901618098,4.526541041143876,4.15518954496932,3.8458281197417645,3.597114105866883,9.392840623985963,2.5043644139811905,1.9986183545518468,1.4020228954751472,0.8873570735381998,0.4421508774646881,-0.06604967885148745,5.994940304710612,-0.2799149750797211,6.053201214528397,6.206665729524538,-0.03232008825880254,0.08492043073534068,0.34979052277120193,0.30916589674528067,0.2233589748821049,0.04507047068990096,0.005651445235463639,-0.02996932565480777,-0.16057519159536424,6.0951215432488794,-0.34461136674833875,5.808025480266862,-0.6238073315875141,5.544451225165705,5.071594727684254,-1.7418409763070972,4.138298490135534,-2.7454113505990954,3.103933203845628,2.5888199442941815,2.358654691509418,2.300608730433398,2.1803928693999013,1.914427053676927,1.592340980843678,7.544903071264788,0.953575506045701,0.8529861563906205,7.121922765359479,0.8706672429686888,0.7146045339844197,0.4797650945050052,0.4948533833726992,0.4382633303552626,0.42171388157284345,0.4935869554704321,0.4597975154987279,6.542728075746305,-0.09073671472379015,5.981918561482374,5.830758342315085,5.644318493406733,5.3244797873049174,5.107388411601721,4.948490209368982,4.991374254395733,5.253428524107718,5.420701387476671,5.410242774228762,5.440870307120974,5.344332863466368,5.215847116243483,5.206596048689103,5.156500172140579,4.8755492824252995,4.604038651499291,4.067407901552061,3.9501898034365324,3.6900425907519017,3.396926607694177,3.1289090465792797,2.820851127742113,2.7980036018032073,2.7836704031379815,2.690264467459415,2.340840707606084,2.0558576999426466,1.883305160191235,1.77726213263991,1.519796477932438,1.204485427470453,7.254546319767769,6.938697234579423,6.607624958950712,6.1149529874998665,5.742816897286573,-0.8573068141522227,5.173741526530021,5.15197430749996,-1.1948442844221263,4.989921890946316,4.898569333753901
1.9609999999998948,0.28347422427230917,-0.3148535829580573,4.857813298708169,4.750643414889317,4.681463745930058,4.531316368521228,4.160108705856537,3.85072830518749,3.601818309747546,9.397127567905216,2.507992607428315,2.001449138163745,1.4038511453866136,0.8881142768916858,0.44179353851549674,-0.06760990414710548,5.992285226472387,-0.28362712768701037,6.048471447782191,6.200979971163074,-0.03884790351769411,0.07767947404210537,0.34198024943338484,0.3009843017143355,0.21499261779380058,0.03670324740742676,-0.002549752639042569,-0.037865172683865245,-0.16805881137803128,6.088110596710154,-0.35111776808141226,5.80201527120622,-0.6293490270872447,5.539336400250301,5.066912602600795,-1.7461105002816057,4.134400023613221,-2.748898033943443,3.100828380067733,2.58612035875005,2.356313474627368,2.2985984375503254,2.1786792316917447,1.9129643652559216,1.5910656002230075,7.543743495097908,0.9524666335643516,0.8518819326934436,7.12080479243131,0.8695478112112628,0.7135286895246186,0.4788100744336175,0.49411409987558247,0.4378521923998202,0.42174496715367443,0.4941676683456434,0.4610144962917041,6.5446565700299555,-0.08803499373179116,5.985355489430432,5.834882091296852,5.649063900632902,5.329772765942899,5.1131019893309,4.954497588647765,4.997544925317845,5.259634462594732,5.426812140755628,5.416135563592412,5.446427188846438,5.349443140753237,5.220411644788251,5.210538310880293,5.159758370426824,4.87805813169261,4.605791486920944,4.068340133989298,3.9504709756921477,3.6897483758540828,3.3961763254521804,3.1278531228662203,2.8196485180409137,2.7968179743836523,2.782648492964226,2.6895329234565883,2.3405174828323174,2.0559915466212524,1.8838987897718018,1.7782885612439383,1.521213601916256,1.206222447084879,7.25651035175881,6.940809126799211,6.609815790649348,6.117180472284693,5.74506699376199,-0.8550142518850627,5.176123210584538,5.1545074279202225,-1.1920853712074755,4.99297885579662,4.9019809782099495
1.9709999999998937,0.28443500946952743,-0.3157320317009087,4.8616089645958915,4.754817041770337,4.68597092375068,4.5360762722204,4.165008411816272,3.855606518311952,3.6064996630607515,9.401392368100982,2.5116008393357148,2.0042630495852216,1.4056661860430872,0.888862026860168,0.44143042603242827,-0.06917235937756935,5.989631528292489,-0.28733405612774837,6.0437508683721415,6.195307499400822,-0.0453586796734196,0.0704588546816539,0.3341928169747411,0.29282660227248825,0.20664968017983468,0.02835733948556212,-0.01073314078443328,-0.04574775375561699,-0.17553423414693672,6.081103023261005,-0.35762491359300635,5.796001478821881,-0.6348956803851212,5.534216663753094,5.062226758118048,-1.7503819008607902,4.130501329743718,-2.7523838995690415,3.097724298740499,2.5834202497999694,2.353969854999743,2.296583551619199,2.176958907122515,1.9114934631658573,1.5897815442962646,7.5425761338681125,0.9513522157654167,0.8507753916695692,7.119688407845231,0.8684340724729814,0.7124623530275461,0.47786758750118563,0.49338909476630066,0.43745566916427703,0.4217895845501243,0.49475957905533735,0.4622393235969665,6.546588774130789,-0.08533421187653098,5.988787305486538,5.83899713242545,5.653797650114935,5.335051770164191,5.118800114772127,4.960488703398014,5.003699055044072,5.2658240021189116,5.432906988251234,5.422013257769697,5.451970139165326,5.354541038670666,5.224965812138048,5.214472784977287,5.163011893756851,4.88056593859051,4.607547315268034,4.069279878328864,3.9507637472335535,3.689469439756744,3.3954441868569436,3.126817007758477,2.818465940228305,2.795651090142088,2.781642605474543,2.6888134741375804,2.340201305511935,2.0561272483388566,1.884489566829137,1.7793083153703935,1.5226213466927998,1.2079488632594844,7.25846415025699,6.942912619966541,6.6120012187404615,6.119406521275537,5.747319543583343,-0.8527158409505926,5.178513176731365,5.1570499504081955,-1.1893174008524394,4.996043000466081,4.905396522833135
1.9809999999998926,0.2853841029608429,-0.3165941598903182,4.865404084346394,4.758985136940368,4.690467490679041,4.540820872670771,4.169888835161047,3.860462957409609,3.611158363137226,9.405635194956739,2.5151892336776807,2.0070601637672674,1.407468048757143,0.8896003271359862,0.44106153343748467,-0.07073704578590238,5.986979216538734,-0.2910357518358596,6.039039475983174,6.189648288207239,-0.05185248170171019,0.06325845902094501,0.32642806273721386,0.2846926033755969,0.19832995850284735,0.020032564931294863,-0.018898850865912482,-0.05361712825251777,-0.18300143616326583,6.074098922838353,-0.3641326453792835,5.789984287979146,-0.6404471144455877,5.52909215313137,5.057537261938986,-1.7546551909283103,4.12660233105941,-2.755869069799765,3.0946208313146943,2.5807195186781575,2.3516237846696577,2.294564087048876,2.175231973499993,1.9100144783793747,1.588488974980335,7.541401151445823,0.9502323895168497,0.8496666214725456,7.118573636663241,0.867325984290701,0.7114054197061668,0.4769374807435832,0.49267818942965363,0.43707357950241893,0.4218475717914243,0.4953625616167834,0.4634719181726749,6.5485246609078045,-0.08263434466395318,5.992214071105059,5.843103549312263,5.658519834026938,5.340316889582604,5.124482867008979,4.966463619267056,5.009836697016249,5.271997187640206,5.43898597215736,5.427875901766587,5.457499210040982,5.359626618149186,5.229509686939268,5.2183995418565585,5.1662608072102625,4.883072753109947,4.60930615972572,4.070227119279423,3.951068057858134,3.6892056752531177,3.3947300421973075,3.1258005212210214,2.817303202055048,2.794502766665997,2.7806525898988115,2.688106019643981,2.3398921451365498,2.056264846295057,1.8850775959707855,1.7803215484379584,1.5240198965094274,1.2096648678380415,7.260407891115394,6.9450078524043715,6.614181327656258,6.121631150555693,5.749574496110942,-0.8504116921766903,5.180911267023657,5.159601688688298,-1.1865405668994071,4.999114147218038,4.908815827910893
1.9909999999998915,0.2863215066390397,-0.3174401316315163,4.869198575763172,4.763147685523357,4.694953501454565,4.545550288287596,4.174750145284801,3.8652978175228814,3.615794604342356,9.409856216798772,2.518757913709498,2.0098405562363872,1.4092567664192397,0.8903291833739868,0.4406868558231068,-0.07230396384464426,5.984328297247298,-0.29473220759330493,6.0343372683438545,6.184002309654513,-0.058329375731117315,0.05607817358567653,0.3186858258100858,0.2765821130159446,0.19003325298288104,0.011728745427204434,-0.02704701178228707,-0.06147335435617594,-0.19046039440798077,6.067098392880819,-0.3706408093555852,5.783963879204294,-0.6460031562007417,5.523963003030702,5.052844180874826,-1.7589303821400435,4.122702952934038,-2.7593536630689064,3.0915178531631313,2.578018069651411,2.3492752173491445,2.292540058327302,2.1734985071480333,1.9085275391118834,1.5871880507207636,7.540218708196435,0.9491072887823627,0.8485557083941092,7.117460503383422,0.8662235049604726,0.7103577866618784,0.4760196038546806,0.49198120819115965,0.4367057450177606,0.4219187690654786,0.49597649135717886,0.4647122011339598,6.550464202648932,-0.0799353689392033,5.995635846041162,5.847201423874409,5.6632305431465015,5.345568212917647,5.130150324781528,4.972422402050391,5.015957905179161,5.278154064812873,5.445049135366243,5.433723541120937,5.463014453659714,5.364699939933888,5.234043337202646,5.222318651346601,5.169505174523934,4.885578623781363,4.611068042163549,4.071181840660025,3.951383847167909,3.6889569757957648,3.3940337433064585,3.124803485504859,2.816160114007897,2.793372824313608,2.7796782978505177,2.6874104617320325,2.3395899716751747,2.05640438099127,1.8856629801062936,1.7813284114473122,1.5254094327910939,1.211370649813659,7.262341747645673,6.947094960481444,6.616356200645264,6.123854375947371,5.7518318013447445,-0.8481019149109262,5.183317325704739,5.162162459168732,-1.1837550599815785,5.002192121114019,4.912238756044925
2.0009999999998906,0.2872472235372967,-0.3182701068102771,4.872992358098427,4.767304672992569,4.69942900996809,4.550264635510996,4.179592508726756,3.8701112905171318,3.6204085781450264,9.414055599940149,2.5223070019721288,2.0126043030589806,1.411032373429528,0.8910486031105396,0.4403063898821494,-0.07387311329264558,5.981678776129879,-0.2984234174787386,6.02964424130849,6.178369534006664,-0.064789428973378,0.04891788508815555,0.31096594700367164,0.26849494215007735,0.18175936749651425,0.00344570622681599,-0.035177749748455334,-0.06931648908734583,-0.19791108656838002,6.060101528391078,-0.37714925515863534,5.777940428794794,-0.6515636364522812,5.518829345350482,5.048147580859113,-1.7632074849641453,4.11880312350358,-2.7628377940209363,3.0884152434824617,2.57531580994783,2.346924108384447,2.2905114800264204,2.1717585829480512,1.9070327708904247,1.585878926572934,7.539028961057361,0.9479770446805654,0.8474427368971239,7.116349031942933,0.865126593512162,0.709319352837432,0.47511380912713735,0.49129797825690485,0.4363519900129214,0.4220030186857356,0.49660124490201696,0.4659600939629918,6.552407371099844,-0.07723726284539138,5.9990526883934665,5.851290836370208,5.667929866877247,5.3508058280014295,5.135802566479688,4.978365117675375,5.022062733958988,5.284294679962359,5.451096521446746,5.439556221884273,5.468515922418107,5.369761064579241,5.238566830307511,5.226230182242985,5.172745058117445,4.888083597708041,4.612832983171494,4.072144025432254,3.9517110545894436,3.6887232354985224,3.3933551435432356,3.123825725109521,2.8150364892593065,2.792261086160443,2.7787195832799867,2.686726703741177,2.339294755566068,2.056545892245349,1.8862458204789643,1.7823290530227667,1.5267901341849062,1.2130663953695622,7.264265890650851,6.949174078634998,6.618525919784884,6.1260762130146915,5.754091409918359,-0.8457866170357712,5.185731199183191,5.164732080907131,-1.1809610678652784,5.005276749967211,4.915665172106859
2.0109999999998895,0.2881612578082396,-0.3190842411894041,4.876785352020194,4.771456085156891,4.70389406927317,4.554964028844339,4.184416089233775,3.8749035651535664,3.625000473184337,9.418233508723164,2.5258366202965314,2.015351480806745,1.4127949056319178,0.8917585956854441,0.43992013384051254,-0.07544449317028329,5.979030658580872,-0.3021093768178653,6.0249603889362655,6.172749929805316,-0.07123270965650619,0.041777480453879356,0.3032682688236161,0.260430904628817,0.17350810947913578,-0.0048167239467821026,-0.043291188375347484,-0.07714658834470514,-0.20535349102507278,6.053108421996382,-0.3836578360515263,5.771914108926484,-0.6571283897760002,5.513691309307888,5.04344752696168,-1.7674865087198393,4.114902773589336,-2.766321573610604,3.085312885197402,2.5726126496871182,2.3445704147218827,2.288478366806663,2.1700122743792427,1.905530296620709,1.5845617542813004,7.537832063613376,0.9468417855429534,0.8463277896480369,7.1152392457212,0.864035209684892,0.7082900189710837,0.47421995139460116,0.49062832965471814,0.43601214144000916,0.42210016505857983,0.49723670016342547,0.4672155185185041,6.5543541374918055,-0.07454000578348968,6.002464654645722,5.855371865433982,5.6726178932711395,5.356029821785728,5.141439670137004,4.984291832185427,5.028151238242215,5.2904190800625575,5.457128174622907,5.44537399060386,5.474003668910631,5.374810052444139,5.243080233006193,5.230134202323356,5.175980519118156,4.890587720598775,4.614601002095085,4.073113655731392,3.952049619393011,3.688504349138164,3.3926940977736937,3.12286706674635,2.813932143618297,2.7911673779471156,2.7777763024286526,2.6860546505632232,2.3390064677085967,2.0566894192056813,1.8868262166967955,1.7833236194530178,1.5281621766039184,1.2147522879193535,7.2661804884578745,6.951245339393449,6.620690565994014,6.128296677066733,5.756353273093038,-0.8434659049838387,5.188152736007962,5.167310375576407,-1.178158775491796,5.0083678642967335,4.919094943194971
2.0209999999998884,0.2890636147033929,-0.319882686502446,4.880577479580513,4.775601908147893,4.708348731597586,4.559648580892025,4.189221047821264,3.87967482716012,3.629570475334264,9.422390105560291,2.5293468898076537,2.018082166523073,1.4145444002503382,0.8924591721666173,0.4395280873923298,-0.07701810185316402,5.976383949684513,-0.3057900821354389,6.020285703567553,6.167143463952261,-0.07765928696051005,0.03465684684687439,0.2955926354457759,0.2523898171293731,0.16527928983025214,-0.013058712999162479,-0.05138744874739502,-0.08496370694244823,-0.21278758683934662,6.046119164007311,-0.3901664088314002,5.765885087757848,-0.6626972544287644,5.5085490215003485,5.038744083402483,-1.7717674616149806,4.111001836623179,-2.7698051091994507,3.082210664867328,2.5699085018124386,2.3422140948742696,2.2864407334210237,2.1682596535575667,1.9040202366523888,1.5832366823567132,7.536628166170327,0.945701636970768,0.8452109475488545,7.1141311675433165,0.8629493139032883,0.7072696875519562,0.47333788797528,0.4899720951766416,0.43568602885199087,0.4222100546512372,0.49788273632848223,0.4684783970447828,6.556304472568621,-0.07184357837333229,6.0058717997074895,5.859444588110199,5.677294709050565,5.361240280349231,5.147061713424877,4.9902026117247456,5.034223473355022,5.296527312713423,5.463144139752769,5.451176894305014,5.479477745917476,5.3798469636872115,5.247583611428585,5.234030778362372,5.17921161738593,4.893091036799877,4.6163721170696705,4.0740907128966715,3.952399480711051,3.688300212155766,3.3920504623529237,3.12192733930255,2.8128468954824384,2.7900915280283227,2.776848313784351,2.6853942086121148,2.3387250794551178,2.056835000364801,1.8874042667626285,1.7843122547310373,1.5295257332701735,1.2164285081467616,7.268085706949907,6.953308873398979,6.622850219045691,6.130515783160594,5.7586173427516725,-0.8411398837531517,5.1905817868435165,5.1698971674308085,-1.1753483650187468,5.011465297282687,4.92252793859189
2.0309999999998873,0.2899543005530176,-0.3206655905447292,4.884368664184592,4.779742128407624,4.7127930483550005,4.564318402396669,4.1940075428326375,3.884425259300385,3.6341187677663362,9.426525550973766,2.5328379309281166,2.0207964376904344,1.41628089582712,0.8931503452774648,0.43913025163761266,-0.07859393708438081,5.973738654222012,-0.30946553110884917,6.015620175897481,6.16155010178892,-0.08406923095563842,0.027555871693837976,0.287938892691662,0.24437149908948028,0.15707272282172693,-0.02128042555972656,-0.05946664949760374,-0.09276789864672576,-0.22021335374090859,6.0391338424748255,-0.396674833739743,5.7598535295314175,-0.668270072257908,5.503402605966497,5.034037313565277,-1.776050350782433,4.107100248574851,-2.7732885046498055,3.0791084725951685,2.567203282023785,2.3398551088879187,2.2843985947187484,2.166500791273533,1.9025027088426067,1.5819038561518888,7.535417415827208,0.944556721890744,0.8440922897686458,7.113024819683645,0.8618688672545024,0.7062582627765709,0.4724674786168564,0.48932911032266746,0.43537348435502893,0.42233253596018366,0.4985392338475118,0.4697486521801469,6.55825834661267,-0.06914796241568599,6.009274176953859,5.863509079886968,5.681960399630172,5.36643728890495,5.152668773647188,4.996097522523533,5.040279495043135,5.3026194261189765,5.4691444623075105,5.456964980473678,5.484938206392665,5.384871858262356,5.252077031086831,5.237919976146584,5.182438411537507,4.895593589326532,4.6181463450538,4.075075177500618,3.952760577555946,3.6881107206578063,3.391424095107112,3.121006373805985,2.8117805657909245,2.7890333673230163,2.7759354780375967,2.684745285794314,2.3384505626028935,2.0569826735725294,1.8879800671035347,1.7852951005931235,1.53088097475701,1.2180952340448765,7.269981709598342,6.955364809430082,6.625004957579777,6.132733546104495,5.760883571392778,-0.8388086569224253,5.19301820444505,5.172492283272205,-1.1725300158609522,5.014568884721967,4.925964029723297
2.0409999999998862,0.29083332274632706,-0.32143309726178426,4.88815883056095,4.7838767326770935,4.717227070156788,4.56897360227569,4.198775729997365,3.889155041440646,3.638645531010414,9.43064000363377,2.5363098633816357,2.0234943721987,1.418004432163428,0.8938321293268381,0.43872662902225557,-0.08017199600538483,5.971094776678651,-0.31313572252324406,6.010963795046867,6.155969807172838,-0.090462612543063,0.020474442707126762,0.2803068880044237,0.23637577264349066,0.14888822600885354,-0.02948202307391426,-0.06752890688030305,-0.10055921621096071,-0.2276307721159804,6.032152543245668,-0.4031829743752132,5.7538195946724215,-0.6738466886129826,5.498252184245692,5.02932728001118,-1.7803351823153002,4.1031979478813305,-2.7767718604163303,3.0760062019385512,2.5644969087128398,2.337493418310184,2.2823519656486555,2.164735757028836,1.9009778286178665,1.5805634179350594,7.53419995654666,0.9434071606097651,0.8429718937745733,7.11192022386959,0.8607938314659921,0.7052556505065268,0.47160858544271034,0.4886992132457127,0.43507434256176364,0.4224674594800513,0.49920607442237086,0.47102620696493785,6.560215729470094,-0.06645314085536283,6.012671838264245,5.8675654147289045,5.686615049138469,5.371620931807756,5.158260927735296,5.001976630883684,5.0463193594521245,5.3086954690656745,5.475129188350879,5.46273829703927,5.490385103452398,5.389884795914494,5.256560556880146,5.241801860489214,5.1856609589705025,4.898095419893516,4.619923701861802,4.076067029377524,3.953132848837127,3.6879357714169925,3.390814855315857,3.1201040033907024,2.810732977978708,2.78799272926571,2.775037658038837,2.6841077914797604,2.338182889386035,2.0571324760486656,1.888553712599462,1.786272296557136,1.532228069030647,1.2197526409548773,7.271868657494558,6.957413274424023,6.627154859115671,6.134949980460905,5.763151912124469,-0.8364723266663548,5.195461843633747,5.175095552416597,-1.1697039047308346,5.0176784649848445,4.929403090117576
2.050999999999885,0.2917006897120749,-0.32218534683524824,4.8919479047324765,4.788005707985413,4.721650846823976,4.573614287657291,4.203525762487672,3.893864350615074,3.6431509430136146,9.434733620395368,2.539762806196176,2.026176048314417,1.4197150502616855,0.8945045401414854,0.4383172232803118,-0.08175227518553148,5.968452321250844,-0.31680065622813697,6.006316548630595,6.1504025425513005,-0.0968395033979068,0.01341244790663395,0.272696470425354,0.22840246256035288,0.1407256201441656,-0.037663663892550873,-0.07557433484164199,-0.10833771141007012,-0.2350398229957312,6.025175350016164,-0.40969069760892346,5.747783439884747,-0.6794269522598,5.493097875436107,5.024614044492056,-1.7846219613010434,4.099294875378126,-2.780255273635184,3.0729037498231384,2.5617893028992835,2.3351289861575575,2.280300861262106,2.1629646190718645,1.8994457090342742,1.5792155069618556,7.532975929223908,0.9422530708684487,0.8418498353624582,7.110817401285541,0.8597241688840332,0.7042617582272964,0.4707610728994233,0.4880822446978043,0.43478844054552,0.4226146776730223,0.4998831409947262,0.4723109848490337,6.562176590575139,-0.06375909774534355,6.016064834060255,5.871613665109364,5.691258740439164,5.376791292562044,5.163838252243425,5.0078400031649535,5.052343123108168,5.314755490901155,5.481098364518923,5.46849689235779,5.495818490363667,5.394885836175542,5.261034253099735,5.2456764952448545,5.188879315887068,4.900596568945278,4.621704202195523,4.077066247651078,3.953516233377559,3.6877752618728534,3.390222603694718,3.1192200632631644,2.8097039579316574,2.7869694497588906,2.7741547187566358,2.683481636473407,2.3379220324674894,2.0572844443952514,1.889125296611164,1.7872439799599322,1.5335671814910508,1.2214009016042553,7.273746709381379,6.9594543934991915,6.629300000065026,6.137165100549685,5.765422318658443,-0.834130993770907,5.197912561272132,5.177706806660878,-1.1668702056783233,5.02079387897229,4.932844995366405
2.060999999999884,0.29255641089950296,-0.32292247576631705,4.895735813988404,4.7921290416395514,4.726064427399273,4.578240563915852,4.208257790973875,3.898553361089139,3.6476351791974717,9.438806556334185,2.543196877706891,2.028841544650985,1.4214127922699193,0.8951675950009094,0.43790203937845146,-0.083334770650358,5.9658112918531465,-0.3204603330954493,6.001678422823558,6.144848269032182,-0.10319997591453296,0.00636977564059619,0.26510749057089805,0.22045139618341356,0.13258472909389446,-0.04582550335842316,-0.08360304508790062,-0.1161034350736215,-0.24244048804502877,6.018202344384502,-0.4161978735021046,5.741745218244281,-0.6850107152967095,5.487939796251434,5.019897667963775,-1.7889106918545303,4.0953909742325045,-2.7837388382108665,3.0698010164580976,2.559080388168529,2.33276177688432,2.2782452967156392,2.1611874444321284,1.8979064608361895,1.5778602595454596,7.5317454717541885,0.9410945678936731,0.8407261886868806,7.109716372576981,0.8586598424529467,0.7032764950081084,0.46992480770553,0.4874780479774469,0.4345156177954229,0.4227740449387028,0.5005703177343316,0.4736029096989072,6.564140898973684,-0.06106581821188636,6.019453213342681,5.875653902042066,5.695891555152258,5.38194845382952,5.169400823344397,5.013687705771566,5.0583508428992365,5.320799541513362,5.487052038000044,5.474240815195201,5.501238420533112,5.399875038360582,5.265498183433819,5.249543943324067,5.192093537317181,4.903097075685415,4.623487859675303,4.078072810761188,3.9539106699296096,3.687629090132088,3.3896472023779998,3.1183543906691638,2.808693333942718,2.7859633671265085,2.7732865272367815,2.682866732987328,2.3376679649310783,2.057438614608417,1.8896949110074412,1.7882102859940285,1.5348984750121168,1.2230401861445328,7.2756160216842725,6.961488289977372,6.63144045574448,6.13937892045124,5.767694745303954,-0.8317847576486002,5.200370216239503,5.180325880249849,-1.1640290901302695,5.023914970074056,4.936289623086244
2.070999999999883,0.29340049675964275,-0.3236446169568235,4.899522486857135,4.7962467212147,4.730467860159204,4.582852534706707,4.212971963678435,3.9032222444212903,3.652098412513371,9.442858964780891,2.546612195558846,2.0314909401397383,1.4230977014279698,0.8958213125745409,0.4374810834625186,-0.08491947790864601,5.9631716921252265,-0.32411475497894243,5.997049402424216,6.139306946452136,-0.10954410315401053,-0.0006536853946303826,0.25753980061014736,0.21252240337197809,0.1244653797569845,-0.05396769389017392,-0.09161514715168322,-0.12385643711795201,-0.24983274955149545,6.011233605901499,-0.42270437522607585,5.73570507928972,-0.6905978330730489,5.482778061076221,5.015178210599293,-1.7932013771500421,4.091486189878558,-2.787222644900796,3.0666979052536596,2.556370090610844,2.330391756351728,2.2761852872732993,2.1594042989536297,1.8963601925133355,1.576497809125067,7.530508719098682,0.9399317644500723,0.8396010262908216,7.108617157854744,0.857600815695015,0.702299771462892,0.4690996588014901,0.4868864688781476,0.43425571617239844,0.42294541758447113,0.5012674900273089,0.474901905804244,6.5661086233459915,-0.05837328842059014,6.02283702372761,5.8796861951120984,5.7005135736748915,5.387092497437072,5.174948716825684,5.019519805139269,5.064342576056735,5.326827671310043,5.49299025651535,5.47997011471109,5.506644947496117,5.404852461564242,5.269952410972731,5.253404266707867,5.195303677141579,4.905596978105543,4.625274686870169,4.079086696490001,3.9543160971903237,3.6874971549686943,3.3890885149017818,3.1175068248614086,2.807700936669042,2.7849743220685133,2.7724329525622906,2.682262994613374,2.3374206602735805,2.0575950220898376,1.890262646191708,1.7891713477435025,1.5362221099811542,1.224670662188486,7.27747674854224,6.963515085405899,6.633576300388374,6.141591454009695,5.769969146961798,-0.8294337163537717,5.202834669407454,5.182952609843487,-1.1611807269293704,5.027041584127472,4.939736852880734
2.080999999999882,0.2942329587269626,-0.32435189978801166,4.903307853079921,4.800358734545187,4.7348611926262825,4.587450302000345,4.2176684264287045,3.9078711695229673,3.6565408134963424,9.446890997354577,2.550008876709556,2.034124314001902,1.4247698220155034,0.8964657128611521,0.43705436280610704,-0.08650639197832152,5.960533525438757,-0.3277639246749925,5.992429470915886,6.1337785334422135,-0.11587195879367723,-0.007658046135786874,0.24999325424280247,0.2046153164445704,0.11636740198658191,-0.062090385063600914,-0.09961074845605797,-0.1315967665772786,-0.25721659041485284,6.004269212119945,-0.4292100789844522,5.729663169110918,-0.6961881641097134,5.4776127820198965,5.010455731801585,-1.7974940194522817,4.087580469954078,-2.7907067813977013,3.063594322740703,2.5536583387618377,2.3280188917977376,2.2741208483086557,2.15761524732722,1.8948070103564034,1.5751282863327019,7.529265803348995,0.9387647708905106,0.8384744191348498,7.107519776699412,0.8565470526910705,0.7013314997122543,0.468285497300851,0.4863073556380706,0.4340085798660458,0.42312865379629155,0.5019745444644369,0.476207897884138,6.568079732028688,-0.05568149554338864,6.026216311481691,5.88371061250635,5.705124875201915,5.392223504384744,5.180482008085801,5.025336367722814,5.0703183801375555,5.332839931198622,5.498913068299333,5.485684840442591,5.512038124906152,5.4098181646572465,5.2743969982141135,5.257257526462104,5.198509788114348,4.9080963130135595,4.627064695327275,4.080107881987171,3.954732453816145,3.687379355823883,3.388546406187165,3.116677207067763,2.806726599090061,2.784002157616409,2.7715938658142787,2.6816703362963747,2.3371800923968777,2.0577537016578087,1.8908285911279126,1.7901272962191623,1.5375382443377044,1.2262924948468705,7.279329041838432,6.9655348995797075,6.635707607161472,6.143802714836064,5.772245479118289,-0.8270779665978224,5.2053057836155165,5.185586834484498,-1.1583252823725991,5.030173569376977,4.943186566303942
2.0909999999998807,0.2950538092013524,-0.3250444501970764,4.907091843585341,4.8044650697159135,4.739244471581241,4.592033966115998,4.222347322708453,3.912500302716976,3.6609625503172496,9.450902803995021,2.553387037431361,2.0367417457213968,1.426429199301775,0.897100817130424,0.43662188576107613,-0.08809550741124232,5.957896794904272,-0.3314078458846651,5.987818610525821,6.128262987491013,-0.12218361707872193,-0.0146434171348842,0.24246770667758902,0.19672997012383484,0.10829062851391424,-0.07019372369044376,-0.10758995437670563,-0.1393244716338261,-0.2645919941365407,5.997309238642554,-0.4357148639375205,5.723619630434833,-0.7017815700217891,5.472444068969467,5.00573029021641,-1.801788620146405,4.083673764239177,-2.794191332409866,3.0604901784923224,2.550945063544281,2.3256431518072556,2.272051995306544,2.155820353121969,1.8932470185111914,1.5737518190584265,7.528016853790207,0.9375936952055598,0.8373464366258577,7.10642424816585,0.8554985180617346,0.7003715933464658,0.46748219644257344,0.4857405588907978,0.4337740553523591,0.4233236136099864,0.5026913688294544,0.47752081109287875,6.570054193036017,-0.05299042772644902,6.029591121556567,5.8877272210433285,5.709725537746226,5.397341554853773,5.186000772130993,5.0311374599838485,5.076278313006559,5.338836372566438,5.5048205220808555,5.491385042288593,5.517418006524356,5.414772206283166,5.278832007068162,5.261103782751709,5.201711921885132,4.910595116061338,4.628857895600628,4.0811363437943795,3.955159678437077,3.6872755928057885,3.388020742523752,3.115865380460115,2.8057701564664774,2.783046719089793,2.7707691400336847,2.681088674307869,2.3369462356001596,2.0579146875579637,1.891392833365827,1.7910782603929931,1.538847033611698,1.2279058467646589,7.281173051230461,6.96754785056324,6.637834448171644,6.146012716311433,5.774523697839251,-0.8247176037644315,5.207783423646907,5.188228395566131,-1.1554629202491387,5.033310776434355,4.946638646824468
2.1009999999998796,0.2958630615304387,-0.3257223907515364,4.910874390464557,4.808565715054326,4.743617743075277,4.596603625754654,4.227008793708154,3.917109807794295,3.6653637888334445,9.454894532993924,2.5567467933136387,2.039343315018486,1.4280758794970738,0.8977266478665961,0.4361836617099347,-0.08968681831691873,5.955261503377931,-0.3350465231770462,5.983216802282172,6.1227602650054385,-0.1284791527757133,-0.021609908542295928,0.23496301461111183,0.1888662014830231,0.10023489487448162,-0.07827785389473925,-0.11555286830213836,-0.14703959964699992,-0.2719589448095984,5.9903537591685625,-0.4422186121287192,5.717574602709158,-0.7073779154431925,5.46727202964098,5.001001943744908,-1.806085179767119,4.0797660245966,-2.797676379739296,3.05738538504732,2.5482301982112276,2.323264506282922,2.269978743864541,2.1540196788155717,1.8916803190313243,1.5723685325139756,7.5267619969625335,0.9364186430719936,0.836217146645351,7.105330590787856,0.8544551769492873,0.6994199673894269,0.46668963154449195,0.4851859316171693,0.43355199135228456,0.42353015888296036,0.5034178520873813,0.4788405710253476,6.572031974080371,-0.05030007405894826,6.032961497622501,5.891736086202419,5.714315638158821,5.402446728214692,5.191505083572215,5.036923148379207,5.082222432819469,5.344817047261371,5.510712667064466,5.49707077049422,5.5227846462093515,5.419714644855328,5.283257498862935,5.264943094854819,5.204910129021017,4.913093421771845,4.630654297279103,4.082172057869146,3.955597709670323,3.6871857666889922,3.387511391553349,3.1150711901238677,2.804831446300143,2.782107854053869,2.7699586501838214,2.6805179262203613,2.3367190645721956,2.058078013473637,1.8919554590657321,1.7920243672319034,1.5401486309609618,1.2295108781567867,7.283008924180425,6.96955405471225,6.639956894482538,6.148221471590133,5.776803759764006,-0.8223527219247375,5.210267456204402,5.19087713680028,-1.1525938018778255,5.036453058239682,4.950092979790366
2.1109999999998785,0.2966607299922226,-0.3263858407215038,4.914655426947339,4.812660659122832,4.747981052442319,4.601159378031478,4.2316529783740835,3.9216998460693415,3.6697446926379356,9.458866331025133,2.5600882592648935,2.0419291018242407,1.4297099097058137,0.8983432287141223,0.43573970102002013,-0.09128031838521454,5.952627653468226,-0.3386799619537895,5.978624026068903,6.11727032136917,-0.13475864112800245,-0.028557630090736915,0.22747903620713278,0.18102384989401443,0.09220003933648349,-0.08634291718682308,-0.12349959169204769,-0.15474219718162988,-0.2793174271087937,5.983402845539029,-0.4487212084131549,5.7115282221836745,-0.7129770679532669,5.462096769629712,4.996270749556034,-1.8103836980268682,4.075857204913701,-2.8011620023578563,3.0542798578355903,2.545513678290413,2.320882926416401,2.267901109694178,2.1522132858238345,1.8901070119295833,1.5709785492948642,7.525501356721613,0.9352397179003186,0.8350866155772965,7.104238822582939,0.8534169950001522,0.69847653826359,0.4659076799578838,0.4846433290981796,0.43334223879109374,0.4237481532663692,0.5041538843728617,0.48016710372203564,6.5740130425921315,-0.04761042454270598,6.036327482101208,5.895737272152564,5.7188952521486,5.407539103035504,5.196995016622392,5.042693499349595,5.088150798006171,5.350782007572827,5.516589552912024,5.502742075635588,5.528138097907294,5.4246455385539,5.287673534349715,5.268775521176773,5.20810445902803,4.915591263565695,4.632453909013755,4.0832149996079385,3.9560464861334226,3.6871097789138534,3.387018222253888,3.1142944830280297,2.8039103082948134,2.7811854122778867,2.769162273113737,2.6799580108820886,2.3364985543836725,2.058243712535905,1.8925165530225074,1.7929657417307914,1.5414431872080936,1.2311077468434197,7.284836805984626,6.971553626695449,6.64207501612622,6.150428993602918,5.779085622099379,-0.819983413852477,5.212757749886349,5.193532904185891,-1.1497180861440968,5.03960027002295,4.953549452394866
2.1209999999998774,0.2974468297780338,-0.3270349161499156,4.918434887378785,4.816749890711699,4.752334444311277,4.605701318507648,4.236280013456264,3.9262705764337675,3.6741054231071164,9.462818343173932,2.5634115495147185,2.0444991862557975,1.4313313378812011,0.8989505844252635,0.43529001499940445,-0.09287600090807153,5.949995247542605,-0.3423081684148404,5.97404026067873,6.1117931109989145,-0.14102215781293076,-0.03548669108009449,0.22001563107625868,0.1732027569768164,0.0841859028314068,-0.09438905253505343,-0.13143022413383895,-0.1624323100353104,-0.2866674262809897,5.976456567780877,-0.45522254038809895,5.705480621989426,-0.7185788980052836,5.456918392459174,4.991536764098818,-1.8146841738431456,4.071947261046003,-2.8046482764814398,3.051173515105333,2.5427954415299,2.318498384660191,2.2658191086219195,2.150401234529266,1.8885271952278913,1.5695819894409961,7.524235054297471,0.9340570208813589,0.8339549083355323,7.103148961057195,0.8523839383479733,0.697541223755815,0.4651362210231197,0.4841126088689081,0.43314465075855596,0.42397746217772714,0.5048993569785346,0.4815003356736989,6.575997365738835,-0.044921470062648856,6.039689116197918,5.899730841780394,5.723464454301901,5.41261875708987,5.202470645093939,5.048448579308653,5.094063467254421,5.356731306213089,5.5224512297246475,5.50839900860483,5.53347841564215,5.4295649453231345,5.292080173708409,5.2726011192639675,5.211294960372321,4.918088673787148,4.634256738544478,4.0842651438686115,3.9565059464568906,3.6870475315856783,3.386541104923566,3.1135351079958933,2.803006584317741,2.7802792456944996,2.768379887522364,2.6794088483922898,2.3362846804796105,2.0584118173332997,1.8930761986891562,1.7939025069449424,1.5427308508767072,1.2326966082847406,7.2866568398029905,6.973546679516027,6.644188882115751,6.152635295060137,5.781369242613709,-0.8176097710390757,5.215254175162815,5.196195545977644,-1.146835929536445,5.042752269266391,4.957007953642893
2.1309999999998763,0.2982213769757939,-0.3276697299207853,4.922212707196773,4.8208333988323595,4.756677962618283,4.610229541221619,4.24089003355527,3.9308221554088045,3.678446139447118,9.466750712965386,2.5667167776156545,2.0470536485923976,1.4329402127814443,0.8995487408095457,0.4348346158544632,-0.09447385880029815,5.94736428773402,-0.3459311495252985,5.969465483864144,6.106328587398528,-0.14726977890077717,-0.04239720036308007,0.21257266025602667,0.1654027665504973,0.07619232888670473,-0.10241639643532933,-0.13934486339740768,-0.17010998326486215,-0.29400892813573704,5.969514994149723,-0.461722498325399,5.699431932215746,-0.7241832788567957,5.451736999628914,4.986800043114448,-1.8189866053649506,4.068036150762326,-2.8081352756422104,3.048066277852056,2.5400754278449473,2.31611085469994,2.2637327565899135,2.148583584308788,1.8869409650059825,1.5681789704958162,7.522963208352157,0.9328706510319127,0.8328220883907458,7.1020610232102825,0.8513559735972698,0.6966139429841312,0.4643751360263709,0.48359363067345684,0.4329590824698961,0.4242179527739452,0.5056541623434343,0.48284019382566384,6.577984910443697,-0.04223320235808345,6.043046439932681,5.903716856717791,5.728023318101776,5.417685767365371,5.207932042396542,5.054188454632385,5.099960499493932,5.362664996299044,5.528297748024989,5.514041620595415,5.538805653506201,5.434472922868764,5.296477476552983,5.276419945817567,5.214481680500967,4.920585683729586,4.636062792725986,4.085322464992201,3.9569760292963903,3.686998927473713,3.3860799111651976,3.1127929156762795,2.8021201183620885,2.7793892083600102,2.767611373923436,2.678870360076965,2.3360774186718505,2.0585823599212234,1.8936344781997712,1.7948347840217793,1.5440117682270673,1.23427761561526,7.288469166688183,6.975533324533012,6.646298560457752,6.154840388454883,5.783654579630867,-0.8152318837086869,5.217756604351877,5.198864912654942,-1.1439474861823817,5.045908915667453,4.96046837431833
2.1409999999998752,0.2989843885535825,-0.32829039182553404,4.925988822910072,4.824911172711138,4.7610116506189035,4.614744138719807,4.245483171167915,3.935354737196217,3.682766998738818,9.470663582391817,2.5700040564449536,2.0495925692521917,1.43453658392744,0.9001377246850218,0.43437351664904217,-0.0960738846194623,5.944734775947394,-0.34954891298338137,5.96489967238661,6.100876703211072,-0.15350158081538026,-0.04928926633167019,0.20514998619137387,0.1576237245855027,0.06821916356049726,-0.11042508297847436,-0.14724360548821264,-0.1777752612119403,-0.3013419190360818,5.962578191171515,-0.46822097510575,5.693382279985231,-0.7297900865017981,5.446552690661164,4.982060641648183,-1.8232909899984295,4.0641238336914185,-2.811623070758985,3.044958069749325,2.5373535792660693,2.3137203114272533,2.261642069656526,2.146760393560616,1.8853484154487963,1.5667696075640343,7.521685935036114,0.9316807052394949,0.8316882177970218,7.100975025540498,0.8503330678076481,0.6956946163653845,0.46362430815734723,0.48308625642087655,0.43278539122751875,0.4244694939247948,0.5064181940414271,0.48418660558179843,6.579975643403503,-0.03954561399475684,6.046399492170926,5.907695377368939,5.732571915947,5.422740210071764,5.213379281535164,5.059913191648938,5.105841953880868,5.36858313133427,5.534129158739821,5.5196699630877255,5.544119865650779,5.439369528655546,5.300865501936928,5.28023205670707,5.2176646658624435,4.9230823236604335,4.637872077553186,4.086386936824079,3.957456673344446,3.6869638700099894,3.3856345138707757,3.1120677585153467,2.801250756510148,2.7785151564154824,2.766856614611153,2.6783424684651167,2.3358767451316194,2.0587553718310687,1.8941914723919704,1.7957626922319785,1.5452860832911217,1.2358509196776581,7.290273925614424,6.977513671482478,6.6484041181648905,6.1570442860661485,5.785941592024299,-0.8128498408331718,5.220264911596082,5.201540856891216,-1.1410529078839116,5.049070071102453,4.963930606952046
2.150999999999874,0.29973588234349874,-0.32889700862746113,4.929763172077102,4.828983201783357,4.765335550900295,4.619245202086719,4.25005955673187,3.9398684737279033,3.6870681559815637,9.474557091939442,2.573273498206266,2.0521160287697806,1.4361205015619056,0.9007175638312701,0.43390673126516266,-0.09767607058492704,5.942106713865991,-0.35316146718945457,5.960342802063986,6.095437410268904,-0.15971764029637445,-0.056162996904306844,0.1977474727154807,0.14986547915731036,0.060266255378227475,-0.118415243915554,-0.15512654469869666,-0.18542818752781193,-0.3086663858895783,5.955646223683046,-0.47471786615476913,5.687331789526674,-0.7353991996046455,5.441365563146364,4.977318614061091,-1.8275973244317192,4.060210271270062,-2.8151117302057904,3.041848817081215,2.534629839888267,2.311326730913007,2.259547063996669,2.144931719730314,1.8837496388926285,1.5653540133679638,7.520403348043306,0.9304872783061862,0.8305533572179694,7.099890984049931,0.8493151884785568,0.6947831655837454,0.46288362246804166,0.4825903501420571,0.43262343638348505,0.424731956186791,0.507191346769685,0.4855394988081587,6.581969531105885,-0.03685869833768291,6.049748310653319,5.911666462936808,5.737110319170807,5.427782160649281,5.218812435108301,5.065622856628745,5.111707889782693,5.374485765191481,5.539945513182948,5.5252840878349145,5.549421106277203,5.444254819904954,5.305244308358751,5.284037506983725,5.220843961926755,4.925578622845577,4.6396845981858945,4.087458532734493,3.9579478173417213,3.6869422632880138,3.385204787206242,3.111359490728943,2.8003983468973317,2.777656948048689,2.7661154936265846,2.6778250972654667,2.335682636382181,2.0589308840790586,1.8947472608288072,1.7966863489999694,1.5465539379069422,1.2374166690561612,7.292071253505988,6.979487828498614,6.650505621268328,6.1592469999619555,5.788230239211067,-0.8104637301470141,5.222778972839055,5.204223233523525,-1.1381523441525159,5.052235599590867,4.967394545790635
2.160999999999873,0.30047587702581396,-0.32948968412440344,4.9335356932853385,4.833049475687805,4.769649705393323,4.623732820974506,4.254619318669223,3.9443635147141762,3.691349764135647,9.478431380614206,2.576525214431255,2.0546241077744845,1.4376920166098999,0.9012882869440714,0.43343427436520743,-0.09928040859606493,5.939480102957711,-0.35676882121609294,5.955794847816228,6.090010659641844,-0.16591803436298028,-0.06301849951382846,0.1903649850309758,0.1421278804013788,0.05233345527120954,-0.12638700872119238,-0.16299377365810772,-0.19306880519732805,-0.31598231613949773,5.948719154871354,-0.4812130693808188,5.681280582246061,-0.7410104994356801,5.436175712787577,4.972574014041604,-1.8319056046590225,4.056295426692592,-2.818601319878651,3.038738448676418,2.531904155821404,2.3089300903811383,2.2574477559019446,2.143097619336062,1.8821447258700725,1.5639322983025008,7.519115558665094,0.9292904629916028,0.8294175659524278,7.0988089142496955,0.8483023035345676,0.6938795135600563,0.46215296583245685,0.4821057779475609,0.43247307930272616,0.4250052117774863,0.507973516337203,0.48689880183632617,6.583966539846006,-0.0341724495247132,6.053092932024893,5.915630171449146,5.741638598059377,5.432811693776929,5.224231575306445,5.071317515774985,5.11755836676342,5.3803729520953345,5.545746863038432,5.530884046849042,5.554709429627959,5.449128853592996,5.309613953767461,5.287836350893799,5.2240196132052095,4.928074609573262,4.641500358972978,4.088537225638525,3.9584494000878685,3.6869340120613234,3.3847906065964617,3.110667968275482,2.7995627396769227,2.7768144434568853,2.7653878967247794,2.677318171343629,2.335495069291566,2.059108927174814,1.8953019218201825,1.7976058699338349,1.5478154717525856,1.2389750101094557,7.293861285265404,6.9814559021345985,6.652603134830096,6.161448542002476,5.790520481145924,-0.8080736381621685,5.225298665802275,5.206911899522475,-1.1352459422436518,5.055405367260273,4.9708600867658586
2.170999999999872,0.3012043921134072,-0.330068519209644,4.937306326131299,4.837109984261554,4.773954155384604,4.628207083631969,4.259162583429,3.9488400076907735,3.695611974163574,9.482286585966806,2.5797593159811543,2.057116886969317,1.4392511806406918,0.9018499235917038,0.4329561613555304,-0.10088689024968583,5.936854944481289,-0.3603709847791397,5.951255783709443,6.084596401683503,-0.172102840279292,-0.06985588109610326,0.18300238969149177,0.13441078046934818,0.04442061651700681,-0.13434050465495256,-0.17084538338076802,-0.20069715656211118,-0.3232896977562246,5.9417970463120575,-0.48770648511452613,5.675228776795663,-0.7466238698085271,5.430983233443817,4.967826894616912,-1.8362158260039414,4.052379264861813,-2.8220919032606524,3.035626895843975,2.529176475141695,2.306530368182916,2.2553441617805987,2.141258147993159,1.880533765153785,1.5625045704887819,7.517822675842941,0.9280903500550033,0.828280901959759,7.097728831165234,0.8472943813111619,0.6929835844219951,0.46143222690729213,0.4816324079863783,0.4323341833269788,0.42528913455017325,0.5087645996533599,0.4882644434664459,6.585966635742677,-0.031486862440833964,6.056433391863515,5.919586559783933,5.746156821870047,5.4378288833807975,5.229636773910749,5.0769972352143835,5.1233934445692055,5.386244746605583,5.551533260344151,5.536469892387473,5.559984889978062,5.4539916864481714,5.313974495568094,5.291628641891686,5.227191663269874,4.930570311177496,4.643319363475881,4.0896229880154635,3.9589613604519727,3.686939021741902,3.384391848710399,3.1099930488293395,2.7987437869855674,2.775987504810383,2.764673711342572,2.676821616699746,2.3353140210653893,2.0592895311296786,1.8958555324437654,1.7985213688546178,1.5490708223793865,1.240526087003146,7.295644153801344,6.983417997383339,6.654696722955403,6.163648923843123,5.79281227831539,-0.8056796501828337,5.227823869962036,5.209606713962453,-1.1323338471907685,5.058579242311901,4.974327127464789
2.180999999999871,0.3019214479364793,-0.330633611931115,4.941075011201139,4.8411647175351,4.778248941528481,4.632668076933013,4.263689475528686,3.9532980980646317,3.6998549350701753,9.486122844117016,2.582975913048274,2.05959444711065,1.4407980458309346,0.9024025041727994,0.43247240835143685,-0.1024955068567115,5.934231239492391,-0.36396796820973326,5.946725582998351,6.079194586075843,-0.1782721355210078,-0.07667524807933813,0.17565955458356253,0.12671403348645166,0.036527594681580594,-0.142275856820842,-0.17868146331284004,-0.20831328334298227,-0.3305885192288322,5.934879958006654,-0.49419801604994823,5.669176489141267,-0.7522391970190115,5.425788217172343,4.963077308164154,-1.8405279831420893,4.048461752341254,-2.8255835414853316,3.032514092310575,2.526446747844293,2.304127543771695,2.2532362981573133,2.1394133604377794,1.8789168437991028,1.5610709358265489,7.516524806219929,0.9268870282965511,0.8271434218847313,7.096650749341695,0.8462913905410159,0.6920953034750369,0.46072129609356444,0.481170110405585,0.4322066137394283,0.4255835999689853,0.5095644947165299,0.48963635296997926,6.587969784753919,-0.028801932693167578,6.059769724707656,5.92353568369434,5.750665058849253,5.442833802642365,5.23502810229191,5.082662080988326,5.1292131831143175,5.392101203600597,5.557304757475647,5.542041676939552,5.565247541626656,5.458843374949554,5.3183259906272236,5.29541443265285,5.230360154772671,4.933065754060963,4.645141614491595,4.090715791927618,3.9594836373825992,3.6869571983984684,3.3840083914464905,3.1093345917547546,2.797941342909481,2.775175996216895,2.763972826567077,2.6763353604465605,2.3351394692397527,2.0594727254647767,1.8964081685654404,1.799432957825062,1.5503201252446897,1.2420700417417605,7.297419990056206,6.9853742176980145,6.656786448804884,6.165848156937637,5.7951055917318675,-0.8032818503201493,5.230354466526564,5.212307537992185,-1.1294162018388403,5.061757094986828,4.977795567100616
2.1909999999998697,0.30262706562753927,-0.3311850575489488,4.944841690051801,4.845213665727807,4.78253410385892,4.637115886404561,4.268200117594766,3.957737929158459,3.7040787939415942,9.489940289777259,2.58617511515747,2.0620568689885554,1.4423326649291062,0.9029460598757075,0.4319830321434844,-0.10410624945812957,5.931608988849632,-0.3675597824272683,5.942204218167203,6.07380516187202,-0.18442599774354876,-0.0834767063740372,0.16833634890885102,0.11903749551009865,0.028654247563152102,-0.15019318822500288,-0.18650210137763554,-0.21591722666164787,-0.337878769556828,5.927967948418831,-0.5006875671873329,5.663123832627634,-0.7578563697856536,5.420590754269905,4.9583253064214485,-1.8448420701230086,4.04454285730873,-2.8290762933984244,3.0293999741594018,2.523714925796943,2.3017215976781307,2.2511241816728282,2.13756331055001,1.8772940471855506,1.559631498045256,7.515222054191127,0.9256805845977444,0.8260051810819988,7.095574682849358,0.8452933003407597,0.6912145971741873,0.4600200654991442,0.4807187573108802,0.4320902377300441,0.42588848508439375,0.5103731006027464,0.49101446009218047,6.589975952691972,-0.026117656586660983,6.063101964083523,5.927477597833193,5.755163376250231,5.447826524006805,5.240405631409224,5.088312119044277,5.135017642467448,5.3979423782612175,5.563061407130322,5.547599453213541,5.570497438888804,5.463683975324996,5.322668495278478,5.299193775086626,5.233525129464164,4.93556096371744,4.646967114075049,4.0918156090385915,3.960016169917461,3.6869884487546534,3.3836401139182106,3.1086924580802267,2.7971552634513577,2.7743797836866473,2.763285133104836,2.6758593307879255,2.3349713916742405,2.059658539218849,1.896959904859298,1.8003407471777924,1.5515635137440342,1.2436070142003088,7.2991889230333795,6.987324665012459,6.658872374606761,6.168046252541136,5.7974003829277505,-0.800880321506809,5.232890338413342,5.215014234805606,-1.126493146877426,5.06493879753276,4.981265306484108
2.2009999999998686,0.30332126710665785,-0.3317229485914246,4.948606305192695,4.849256819243651,4.786809681801304,4.641550596253929,4.272694630402299,3.9621596422541376,3.708283695983185,9.493739056275519,2.5893570311675798,2.0645042334077948,1.4438550912211694,0.9034806226393132,0.4314880501650512,-0.10571910884025619,5.928988193220485,-0.37114643891326166,5.937691660969222,6.068428077537579,-0.1905645047515165,-0.09026036136358445,0.16103264316669916,0.11138102448959142,0.02080043513772203,-0.15809261983164488,-0.19430738401951245,-0.22350902706166972,-0.34516043824206366,5.921061074509788,-0.5071750457774278,5.657070918042192,-0.7634752791917031,5.4153909333129935,4.953570940498751,-1.8491580803914163,4.040622549511165,-2.8325702156180315,3.026284479770477,2.5209809626946864,2.299312511485851,2.249007829083423,2.1357080513761955,1.8756654590572581,1.5581863587539422,7.513914521952852,0.9244711039610332,0.8248662336401795,7.094500645289117,0.8443000801982014,0.6903413930964746,0.4593284289021829,0.48027822272798687,0.4319849243615952,0.42620366850909197,0.5111903174544172,0.4923986950543087,6.5919851052378045,-0.023434031100442777,6.066430142531542,5.931412355776938,5.759651840350425,5.452807119191258,5.245769431809831,5.0939474152275075,5.140806882838384,5.403768326054963,5.568803262311916,5.553143274123837,5.575734636087492,5.468513543549449,5.327002065328051,5.302966720348847,5.236686628212002,4.938055964753758,4.648795863560971,4.092922410631037,3.9605588971927133,3.6870326801870528,3.3832868964398384,3.1080665104733836,2.796385406497959,2.773598735098223,2.762610523251618,2.6753934569977473,2.3348097665450016,2.0598470009558567,1.8975108148271769,1.8012448455429475,1.5528011192427995,1.2451371421553983,7.30095107982421,6.989269439761364,6.660954561668928,6.170243221713148,5.799696613949589,-0.7984751455115892,5.235431370226599,5.217726669613061,-1.123564820873249,5.068124224171428,4.984736247995706
2.2109999999998675,0.3040040750669813,-0.33224737490935763,4.952368800067936,4.853294168667226,4.791075714184149,4.645972289395668,4.277173132913567,3.966563376635008,3.712469784556367,9.497519275577575,2.5925217692728317,2.066936621169452,1.4453653784974196,0.9040062251152589,0.4309874804611287,-0.10733407554933767,5.926368853087101,-0.3747279496860958,5.9331878824646,6.063063280990067,-0.19668773446943905,-0.09702631789542655,0.15374830913699047,0.10374448022693891,0.012966019506194441,-0.16597427061727713,-0.20209739624640338,-0.2310887245287365,-0.3524335152808019,5.914159391772634,-0.5136603612672916,5.651017853677049,-0.7690958186286678,5.4101888411971055,4.9488142608885095,-1.8534760068077976,4.036700800220669,-2.836065362593231,3.0231675497624657,2.5182448140155835,2.296900267807596,2.246887257260247,2.1338476351506,1.8740311615623257,1.5567356174899112,7.512602309550827,0.9232586695486354,0.8237266324055401,7.09342864979801,0.8433116999600001,0.6894756199141727,0.4586462817154104,0.47984838256489337,0.43189054453633025,0.42652903039426365,0.5120160464691027,0.49378898855558745,6.593997207955098,-0.020751053864829998,6.069754291632207,5.935340010049128,5.764130516468654,5.457775659193111,5.251119573628126,5.099568035273101,5.146580964565006,5.409579102720573,5.574530376315321,5.558673192778432,5.580959187545823,5.473332135343389,5.3313267560602045,5.306733318854304,5.23984469101904,4.940550780911291,4.6506278635852025,4.094036167623884,3.9611117584519007,3.6870898007231765,3.382948620512407,3.107456613216328,2.795631631788372,2.772832720165133,2.761948890862854,2.674937669399338,2.3346545723379233,2.06003813877237,1.8980609708177771,1.8021453598752835,1.5540330711073231,1.2466605613159105,7.30270658563465,6.991208640900295,6.663033070390957,6.1724390753206215,5.801994247352247,-0.796066402953786,5.237977448235009,5.220444709612825,-1.12063136030231,5.071313251066555,4.988208295558246
2.2209999999998664,0.3046755129605032,-0.33275842372897546,4.956129119039056,4.857325704760012,4.7953322392507,4.650381047477893,4.2816357423158085,3.9709492696270425,3.7166372012144664,9.501281078308631,2.595669437004245,2.0693541130531945,1.4468635810204784,0.9045229006315216,0.4304813416582895,-0.10895113990551797,5.923750968752018,-0.37830432727660857,5.928692853057125,6.057710719637098,-0.202795764913759,-0.10377468027283229,0.14648321986331717,0.09612772433873278,0.005150864843053099,-0.1738382576232918,-0.20987222167101813,-0.2386563585102596,-0.3596979911559331,5.907262954265879,-0.5201434252475644,5.6449647453893474,-0.7747178837413012,5.4049845631750575,4.94405531747617,-1.8577958416683695,4.032777582191785,-2.839561786661188,3.0200491269359104,2.515506436977442,2.2944848502617914,2.244762483188523,2.131982113316423,1.8723912352911596,1.5552793717662337,7.511285514927249,0.9220433627205713,0.8225864290052906,7.092358709054792,0.8423281298197727,0.6886172073687438,0.45797352095128246,0.47942911457491993,0.43180697096331006,0.4268644524062276,0.5128501898883501,0.4951852717749191,6.59601222630375,-0.018068723138968408,6.0730744420313325,5.939260612143448,5.7685994689820115,5.462732214298237,5.256456126585343,5.105174044798259,5.152339948100633,5.415374764252896,5.5802428027116875,5.56418926246666,5.586171147579415,5.478139806171362,5.335642622242759,5.310493620289061,5.2429993570411435,4.943045435086991,4.6524631141054975,4.095156850589092,3.9616746930545537,3.6871597190392986,3.382625168809839,3.106862632181439,2.7948938008829116,2.7720816104030814,2.7613001313246794,2.674491899345183,2.3345057878418993,2.0602319803047435,1.8986104440453537,1.8030423954807586,1.5552594967354985,1.248177405353246,7.3044555638115956,6.993142365925526,6.665107960276013,6.174633824040902,5.804293246193105,-0.79365417331756,5.240528460349573,5.223168223962957,-1.1176928995815336,5.074505756292417,4.991681354610276
2.2309999999998653,0.30533560498408585,-0.3332561797033259,4.9598872073682205,4.861351418456893,4.79957929467042,4.654776950908081,4.286082574058059,3.9753174566389675,3.7207860857375756,9.505024593774298,2.598800141231009,2.071756789800134,1.448349753494398,0.9050306831572965,0.42996965293578787,-0.11057029201619996,5.921134540343785,-0.3818755847045059,5.924206542529455,6.052370340412951,-0.20888867416601675,-0.11050555224720594,0.13923724963644313,0.08853062021905135,-0.0026451626534594783,-0.18168469600695353,-0.21763194255076118,-0.24621196793431102,-0.3669538568293359,5.900371814646031,-0.5266241514011486,5.638911696660034,-0.7803413723740077,5.399778182894357,4.939294159550483,-1.8621175767244362,4.02885286961992,-2.843059538102792,3.016929156217852,2.512765790495523,2.2920662434495735,2.242633523966622,2.1301115365461722,1.8707457593138093,1.5538177171181111,7.509964233966836,0.9208252630719261,0.8214456738704928,7.091290835285541,0.8413493403066232,0.6877660862454742,0.4573100451879565,0.4790202983205894,0.43173407812637954,0.42720981770345473,0.5136926509865927,0.4965874763723663,6.5980301256528975,-0.01538703778908945,6.076390623464687,5.943174212546258,5.773058761342505,5.467676854089212,5.261779159989279,5.110765509294864,5.158083894001689,5.421155366888101,5.585940595333843,5.56969153664718,5.5913705704889916,5.482936611240629,5.339949718132566,5.314247673622573,5.246150664604662,4.9455399493539804,4.65430161442181,4.096284429767906,3.9622476404844575,3.687242344458205,3.382316425165273,3.106284434807618,2.7941717771326586,2.7713452790979245,2.760664141525587,2.67405607919711,2.3343633921421905,2.060428552736098,1.8991593046080015,1.8039360560426108,1.5564805215868645,1.2496878059311398,7.306198135868926,6.995070710893693,6.667179289942685,6.176827478364688,5.806593574026286,-0.791238534966185,5.243084296101705,5.225897083753475,-1.1147495710999453,5.077701619802954,4.995155332079973
2.240999999999864,0.3059843760657282,-0.3337407249622599,4.963643011201913,4.865371300862901,4.803816917550369,4.65916007887838,4.29051374188713,3.9796680712013437,3.724916576166472,9.508749949981025,2.6019139881618663,2.0741447320962836,1.4498239510348407,0.9055296072691439,0.4294524339977514,-0.11219152178882574,5.918519567822471,-0.38544173545556826,5.919728920077117,6.047042089813745,-0.21496654034718674,-0.11721903701093275,0.1320102739780553,0.0809530330033591,-0.010422194809708558,-0.1895136990908438,-0.2253766398264044,-0.25375559122792407,-0.37420110373437726,5.8934860241993565,-0.5331024554532663,5.632858808651051,-0.7859661845186273,5.394569782433662,4.934530835813645,-1.8664412032011546,4.024926638100899,-2.846558665196869,3.0138075846078114,2.510022835141203,2.2896444329322456,2.2405003968050217,2.128235954761425,1.869094811216332,1.5523507471481266,7.5086385605418275,0.9196044484693605,0.8203044162585899,7.090225040269306,0.8403753022740786,0.6869221883487909,0.45665575453607693,0.4786218151382854,0.43167174225276517,0.4275650109139505,0.5145433340601134,0.4979955344904086,6.600050871293489,-0.012705997267366698,6.079702864782059,5.9470808607586925,5.777508456093439,5.472609647453494,5.267088742734188,5.116342494122324,5.163812862915693,5.426920967089219,5.591623808262014,5.575180068936237,5.596557510553163,5.487722605499908,5.344248097480962,5.3179955271196775,5.249298651223599,4.9480343449817,4.6561433631961,4.097418875086657,3.9628305403575994,3.687337586946854,3.3820222745575665,3.1057218900769756,2.7934654256496065,2.77062360127429,2.760040819828666,2.6736301423068496,2.33422736461388,2.060627882803106,1.8997076215055488,1.8048264436469397,1.5576962692121938,1.2511918927350534,7.30793442151322,6.996993770441251,6.669247117136712,6.179020048598949,5.808895194896897,-0.7888195651561942,5.245644846621514,5.228631161978859,-1.1118015052493975,5.080900723401452,4.998630136359617
2.250999999999863,0.30662185185107577,-0.33421213916102716,4.9673964775550745,4.869385343250164,4.808045144446463,4.663530509390395,4.294929357882727,3.9840012450046474,3.7290288088356207,9.512457273655968,2.605011083346494,2.0765180205565934,1.4512862291403,0.9060197081183545,0.4289297050464211,-0.11381481894309962,5.915906050985086,-0.3890027934596271,5.915259954341258,6.0417259139312325,-0.22102944159312174,-0.12391523719073579,0.12480216962479593,0.07339482953337,-0.018180361523625788,-0.19732537841080985,-0.23310639315955256,-0.2612872663347746,-0.3814397237685435,5.886605632872797,-0.5395782551228453,5.6268061802610365,-0.7915922222635681,5.389359442338354,4.9297653943912705,-1.8707667118157276,4.020998864591616,-2.850059214273005,3.0106843611250893,2.507277533101573,2.2872194052091612,2.2383631190251543,2.1263554171520003,1.8674384671362094,1.5508785535704037,7.50730858655599,0.9183809950868794,0.8191627042755604,7.0891613353437695,0.8394059868894201,0.6860854464782377,0.45601055060635026,0.4782335481036801,0.43161984128228625,0.4279299181129994,0.5154021444160779,0.49940937875498564,6.602074428450398,-0.010025601591355559,6.083011193970738,5.9509806053183105,5.781948614885538,5.477530662591566,5.272384943300793,5.121905064500666,5.169526915569562,5.432671621532019,5.597292495809856,5.580654913096165,5.601732022021393,5.4924978436382155,5.348537813539201,5.321737228352385,5.252443353616463,4.9505286424556365,4.657988358471634,4.098560156172094,3.963423332429807,3.6874453571139503,3.3817426030979765,3.105174868491943,2.7927746132774227,2.7699164536648504,2.7594300660444127,2.673214022996986,2.3340976849154207,2.060829996802593,1.9002554626570647,1.8057136588078089,1.558906861282592,1.2526897935011487,7.30966453866918,6.998911637803744,6.671311498742634,6.181211544869827,5.8111980733353175,-0.786397340051426,5.248210004616302,5.231370333510891,-1.108848830454835,5.084102950710772,5.002105677280644
2.260999999999862,0.3072480586901663,-0.33467049952752964,4.9711475542956824,4.87339353705508,4.8122640113745945,4.667888319279501,4.299329532491759,3.9883171079363797,3.7331229184052854,9.51614669026631,2.6080915316768882,2.07887673570954,1.452736643664328,0.906501021399491,0.4284014867564028,-0.11544017302267874,5.913293989470888,-0.39255877306928616,5.910799613440197,6.036421758485278,-0.22707745603106655,-0.13059425484152334,0.11761281451256803,0.06585587832284469,-0.02591979081030475,-0.20511984376246528,-0.24082128096894012,-0.2688070307322626,-0.38866970928620087,5.879730689304106,-0.5460514700752002,5.6207539081795455,-0.7972193897442416,5.384147241655237,4.924997882842165,-1.8750940927950497,4.017069527371749,-2.8535612297630073,3.007559436757364,2.5045298481399545,2.284791147696035,2.2362217080581566,2.124469972194543,1.8657768017968424,1.549401226253709,7.505974401987635,0.917154977440877,0.8180205848977008,7.088099731410934,0.8384413656233979,0.6852557944050941,0.45537433647788983,0.4778553819979142,0.4315782548371679,0.42830442680126357,0.5162689883616349,0.5008289422763311,6.604100762294107,-0.007345851324003073,6.086315638178443,5.954873493820291,5.7863792984928235,5.482439967025047,5.277667829756452,5.127453285503892,5.175226112758233,5.4384073870911935,5.602946712510763,5.586116123024145,5.6068941591071475,5.497262380083796,5.352818919063858,5.325472824211521,5.255584807722822,4.953022861496619,4.659836597691831,4.099708242366296,3.9640259566040834,3.6875655662074327,3.3814772980170233,3.1046432420528034,2.7920992085627794,2.769223714680236,2.758831781404105,2.6728076565422794,2.333974332982283,2.0610349205979652,1.9008028949179967,1.8065978004918748,1.560112417618113,1.2541816340448473,7.3113886035047315,7.00082440483488,6.6733724907953205,6.183401977125489,5.813502174351509,-0.7839719347369618,5.250779664349262,5.234114475071807,-1.1058916732041097,5.087308187144098,5.005581866089225
2.270999999999861,0.30786302362440787,-0.335115880908265,4.9748961901297495,4.877395873875657,4.816473553821643,4.672233584238651,4.303714374561827,3.9926157881172237,3.737199037892795,9.51981832403806,2.6111554373887675,2.081220957982273,1.454175250788743,0.9069735833200631,0.42786780024989235,-0.1170675734063525,5.910683382766598,-0.3961096890393636,5.906347864999803,6.031129568855053,-0.23311066175719966,-0.13725619144070766,0.11044208776110784,0.058336049524291715,-0.03364060884627691,-0.21289720324628827,-0.2485213804655951,-0.2763149214480103,-0.39589105309147793,5.8728612408511935,-0.5525220218759643,5.61470208693985,-0.8028475930947772,5.378933257966383,4.9202283481679565,-1.8794233358928143,4.013138606006523,-2.857064754251056,3.004432764410538,2.5017797455573114,2.2823596487036637,2.234076181443519,2.122579667670556,1.8641098885411487,1.5479188532635169,7.504636094931681,0.915926468424468,0.8168781039930434,7.087040238942844,0.8374814102403136,0.6844331668496216,0.4547470166673141,0.477487203274513,0.431546864192443,0.4286884258832325,0.5171437731930902,0.5022541586496123,6.606129837951982,-0.004666747554210442,6.089616223735702,5.9587595729382175,5.790800566828225,5.487337627604743,5.28293746975544,5.1329872220535675,5.180910515333578,5.44412832082687,5.60858651310449,5.591563752741212,5.612043975981231,5.502016269003148,5.3570914663222124,5.329202360918195,5.2587230487195304,4.955517021079712,4.661688077718644,4.100863102741135,3.96463835293766,3.687698126111893,3.381226247651522,3.104126884235626,2.7914390817272667,2.7685452643795547,2.7582458685337237,2.6724109791513655,2.3338572890206946,2.061242679625465,1.901349984096946,1.8074789661425568,1.561313056215903,1.25566753828898,7.313106730455832,7.002732162025415,6.675430148491423,6.185591355138966,5.815807463429355,-0.7815434232329578,5.253353721618381,5.236863465207799,-1.102930158077354,5.090516319876236,5.0090586154223775
2.28099999999986,0.30846677437378534,-0.3355483558130034,4.978642334586732,4.881392345469056,4.820673806756336,4.67656637884172,4.3080839913739375,3.996897411936296,3.7412572987029793,9.523472297974376,2.614202904062978,2.0835507676862894,1.4556021069977774,0.9074374305713028,0.42732866707283657,-0.11869700931873343,5.908074230211507,-0.3996555565070343,5.90190467618277,6.025849290109004,-0.23912913681516723,-0.1439011478829759,0.103289869658817,0.050835214896545126,-0.041342940012509904,-0.22065756331136174,-0.25620676768690515,-0.28381097507579545,-0.40310374843126573,5.865997333620726,-0.5589898339462427,5.608650808970348,-0.8084767404009725,5.373717567422163,4.915456836822529,-1.8837544304061054,4.009206081310469,-2.8605698285225647,3.0013042988598126,2.4990271921545344,2.279924897417061,2.2319265568276463,2.12068455068389,1.8624377993642924,1.5464315209030646,7.503293751640781,0.9146955393411224,0.8157353063424139,7.085982867987288,0.8365260927884642,0.6836174994589169,0.45412849709857783,0.47712890002702096,0.431525552246932,0.4290818056460175,0.5180264071851535,0.5036849619553779,6.608161620519127,-0.0019882918779341955,6.092912976177698,5.962638888444413,5.795212478958949,5.492223710518667,5.288193930539358,5.1385069389126645,5.18658018419363,5.449834479971428,5.614211952524063,5.596997856381515,5.617181526765298,5.50675956430013,5.361355507097585,5.332925884035113,5.261858111036693,4.958011139452703,4.663542794850494,4.102024706112345,3.9652604616487634,3.6878429493459177,3.3809893414317855,3.103625669970605,2.790794104639864,2.767880984441533,2.75767223142841,2.672023927948814,2.333746533501474,2.061453298900264,1.9018967949720946,1.8083572517037572,1.562508893277879,1.2571476282915344,7.314819032250966,7.0046349985218415,6.6774845262007085,6.187779688510947,5.818113906521039,-0.7791118785083635,5.255932073735563,5.239617184262823,-1.0999644077759063,5.093727237815421,5.0125358392846096
2.2909999999998587,0.30905933932428853,-0.3359679944582306,4.9823859380053355,4.885382943749282,4.824864804639972,4.680886776566363,4.312438488674442,4.0011621040854966,3.745297830657805,9.527108733873398,2.6172340346269305,2.085866245003625,1.4570172690531416,0.9078926002999946,0.42678410917199766,-0.1203284698404792,5.905466531002486,-0.4031963909726459,5.897470013716808,6.020580867033629,-0.24513295917557051,-0.150529224475495,0.09615604164784847,0.04335324777319081,-0.04902690693616856,-0.22840102879779797,-0.2638775175296204,-0.29129522779093653,-0.41030778898833425,5.859139012495988,-0.5654548315189455,5.602600164644614,-0.8141067416544537,5.368500244773451,4.910683394721297,-1.888087365191491,4.005271935312165,-2.8640764916118004,2.998173996701968,2.4962721561955865,2.2774868838749907,2.2297728519623443,2.1187846676777022,1.860760604945556,1.5449393137534257,7.501947456565525,0.9134622599376162,0.814592235660131,7.084927628173551,0.8355753855909296,0.68280872878536,0.4535186850735195,0.4767803619573403,0.431514203494789,0.4294844577384861,0.5189167995802605,0.5051212867598263,6.61019607506885,0.000689513620187147,6.096205920265588,5.96651148522988,5.799615093121602,5.497098281299991,5.293437278937654,5.144012500679616,5.192235180272077,5.455525921916623,5.6198230858829685,5.602418488181806,5.62230686552553,5.511492319615149,5.365611092694659,5.3366434384777035,5.264990028373296,4.960505234154192,4.665400744839768,4.103193021053165,3.9658922231231175,3.6879999490593596,3.3807664698690014,3.1031394756207815,2.790164150789949,2.7672307581362334,2.757110775427441,2.671646440957543,2.333642047153968,2.061666803022402,1.9024433913072867,1.809232751643143,1.5637000432379518,1.2586220242730002,7.316525619935338,7.006533002144873,6.6795356774773005,6.189966986672549,5.820421470041451,-0.7766773724945291,5.258514619505965,5.242375514352755,-1.096994543150803,5.096940831575624,5.016013453025043
2.3009999999998576,0.30964074751556164,-0.33637486480939033,4.986126951519695,4.889367660785049,4.829046581437029,4.685194849816423,4.316777970706223,4.005409987593007,3.749320762025239,9.530727752345614,2.620248931356054,2.088167469973556,1.4584207939699776,0.9083391300813287,0.42623414887288635,-0.1219619439180658,5.90286028419889,-0.40673220828119105,5.89304384392178,6.015324244161114,-0.251122206716373,-0.15714052093353345,0.08904048630943984,0.0358900230318155,-0.05669263053117783,-0.23612770297788938,-0.2715337037818251,-0.2987677153651462,-0.41750316887455663,5.852286321164053,-0.571916941596268,5.596550242330159,-0.8197375087080082,5.363281363403054,4.905908067250309,-1.8924221286806298,4.0013361512199275,-2.867584780848278,2.995041816308796,2.4935146073714813,2.2750455989499008,2.2276150847032157,2.116880064450916,1.8590783746793922,1.5434423147126175,7.500597292393748,0.9122266984363105,0.813448934614358,7.08387452871814,0.8346292612366987,0.6820067922656399,0.4529174892431079,0.47644148034475636,0.43151270399760194,0.4298962751507314,0.5198148605779739,0.5065630681148986,6.612233166662747,0.003366666384695221,6.09949508000732,5.970377407323811,5.80400846673705,5.501961404834954,5.298667581368257,5.149503971782618,5.197875564528074,5.4612027042010185,5.625419968462638,5.6078257024711835,5.627420046266501,5.516214588324434,5.36985827394476,5.3403550685250964,5.2681188337125695,4.962999322031288,4.66726192290988,4.104368015907609,3.9665335779201785,3.688169039030546,3.3805575245427706,3.102668178961149,2.7895490952608433,2.7665944702973544,2.7565614071897233,2.6712784570815833,2.3335438109600743,2.0618832161825718,1.9029898358677828,1.8101055589749993,1.5648866187888002,1.260090844643323,7.318226602894765,7.008426259407734,6.6815836550707965,6.192153258888045,5.822730120862635,-0.7742399760986957,5.261101259207544,5.245138339339861,-1.094020683230839,5.100156993449373,5.019491373315043
2.3109999999998565,0.3102110286287657,-0.33676903262196556,4.989865327045924,4.8933464887977784,4.833219170625595,4.689490669943871,4.321102540239169,4.009641183855925,3.7533262195473616,9.534329472830809,2.6232476958752704,2.090454522479784,1.459812738993663,0.9087770578927411,0.42567880885853143,-0.12359742037313144,5.900255488727356,-0.4102630246044132,5.8886261327358405,6.01007936579587,-0.25709695720419234,-0.16373513637648193,0.08194308734948827,0.028445417064053034,-0.06434023003762547,-0.243837687596026,-0.2791753991539117,-0.30622847318086877,-0.4246898826242404,5.845439302142251,-0.5783760929082864,5.590501128435908,-0.8253689552320629,5.358060995356366,4.901130899275178,-1.8967587088954116,3.9973987133884346,-2.8710947319019695,2.991907717781684,2.490754516765083,2.272601034328246,2.2254532730079952,2.1149707861741778,1.8573911767056692,1.5419406050337736,7.499243340088954,0.9109889215667729,0.8123054448471058,7.082823578430529,0.8336876925721184,0.68121162820034,0.4523248195793706,0.476112148015635,0.4315209413570375,0.43031715219387134,0.5207205013244602,0.5080102415582061,6.614272860360421,0.006043163406677544,6.102780478677952,5.974236697912705,5.808392656425054,5.506813145370718,5.303884903838316,5.15498141647413,5.203501397936311,5.466864884497715,5.631002655700209,5.613219553661068,5.632521122925194,5.520926423539378,5.374097101211086,5.344060817830929,5.271244559337053,4.965493419256926,4.669126323771928,4.105549658803336,3.9671844667791225,3.688350133663432,3.3803623980888107,3.102211659158134,2.788948814703875,2.7659720072950895,2.7560240346697786,2.670919916089186,2.3334518061483713,2.0621025621677624,1.9035361904356936,1.8109757652826635,1.5660687309082082,1.261554206028465,7.319922088879267,7.010314855534257,6.683628510937301,6.194338514257558,5.825039826308267,-0.7717997592173713,5.2636918945708215,5.247905544807598,-1.0910429452501986,5.103375617381051,5.022969518126322
2.3209999999998554,0.3107702129746535,-0.33715056148142536,4.9936010172690235,4.897319420159748,4.837382605207679,4.6937743072703055,4.325412298599916,4.013855812672123,3.757314328467762,9.537914013614552,2.6262304291605045,2.0927274822381112,1.461193161577454,0.9092064220887058,0.4251181121490566,-0.12523488791140863,5.897652143386518,-0.413788856423527,5.884216845740598,6.004846176039993,-0.26305728827644453,-0.1703131693242575,0.07486372958436119,0.021019307746403447,-0.07196982306004088,-0.2515310829074176,-0.28680267530858655,-0.31367753624511896,-0.4318679251875621,5.8385979968039825,-0.5848322158726328,5.584452907458425,-0.8310009966722739,5.352839211371266,4.896351935149862,-1.901097093462642,3.9934596072862347,-2.8746063788273664,2.988771662907298,2.487991856816707,2.2701531824911925,2.223287434934817,2.113056877405342,1.855699077939132,1.5404342643624014,7.497885678927897,0.9097489945967531,0.8111618069938946,7.081774785718896,0.8327506526926575,0.6804231757340733,0.4517405873479885,0.4757922593137783,0.43153880468801764,0.4307469844801726,0.521633633902049,0.5094627431127993,6.616315121228827,0.008719001240647676,6.106062138839468,5.97808939935909,5.8127677180186526,5.511653566523154,5.30908931194503,5.1604448988256,5.209112741477365,5.472512520602375,5.636571203176567,5.618600096235406,5.637610149365195,5.525627878105963,5.378327624393927,5.347760729433987,5.274367236843386,4.967987541346823,4.670993941640934,4.106737917664174,3.967844830624583,3.6885431479846886,3.3801809841868233,3.1017697967494353,2.7883631873129464,2.765363257009537,2.7554985670942234,2.6705707585962597,2.3333660141883343,2.062324864366765,1.9040825158250965,1.8118434607405505,1.567246488884967,1.263012223296584,7.321612184026357,7.012198874476771,6.685670296250331,6.196522761719734,5.827350554148172,-0.7693567907495847,5.266286428758871,5.250677018035739,-1.0880614446756647,5.106596598940682,5.026447806709505
2.3309999999998543,0.31131833148185084,-0.33751951284207243,4.9973339756301165,4.901286447392367,4.841536917719371,4.698045831108002,4.329707345700908,4.018053992271272,3.761285212558225,9.541481491844316,2.629197231540219,2.0949864287845665,1.4625621193609237,0.9096272613764471,0.4245520820820322,-0.12687433513126126,5.895050246851599,-0.41730972051253096,5.879815948185338,5.999624618817711,-0.2690032774243093,-0.1768747176940749,0.06780229892693748,0.013611574411801233,-0.07958152560458545,-0.25920798771565867,-0.2944156028899395,-0.3211149392028347,-0.4390372919241,5.831762445403883,-0.591285242555223,5.578405662026961,-0.8366335502082021,5.347616080907297,4.8915712187252565,-1.905437269628289,3.9895188194641373,-2.8781197541064145,2.985633615114352,2.4852266012904995,2.2677020366957055,2.2211175886404204,2.1111383821044902,1.854002144098102,1.5389233707727483,7.496524386537321,0.9085069813625293,0.8100180607030805,7.080728158595867,0.8318181149349759,0.6796413748361472,0.4511647050815388,0.47548171007142087,0.43156618459242013,0.4311856689034953,0.5225541713188729,0.5109205092867838,6.618359914351293,0.011394176020954327,6.109340082360133,5.9819355532198495,5.817133706578298,5.516482731284569,5.314280870876578,5.165894482722391,5.214709656128325,5.478145670421529,5.6421256666046595,5.623967384741116,5.642687179371045,5.530319004604242,5.382549892935818,5.351454845768685,5.277486897156803,4.970481703176049,4.6728647702516986,4.107932760222258,3.9685146105721576,3.6887479976407453,3.3800131775485176,3.101342473624226,2.787792092799599,2.764768108804643,2.754984914938718,2.6702309260501416,2.3332864167846523,2.062550145775544,1.9046288718968511,1.81270873413578,1.5684200003443574,1.26446500958383,7.32329699288404,7.014078398933797,6.687709061411625,6.198706010054363,5.829662272592876,-0.7669111386100216,5.2688847663475205,5.253452647975814,-1.0850762952334099,5.1098198352981905,5.029926159573139
2.340999999999853,0.3118554156853414,-0.3378759460648238,5.0010641563140315,4.905247563164574,4.845682140240844,4.702305309780535,4.333987780068778,4.022235839345131,3.7652389941447475,9.54503202354518,2.6321482026969862,2.0972314414639985,1.4639196701491863,0.9100396147925395,0.4239807422935762,-0.12851575053184455,5.892449797678919,-0.420825633922098,5.875423405010333,5.994414637898841,-0.2749350019764849,-0.18341987879757016,0.06075868237287374,0.0062220978219100255,-0.08717545211518854,-0.26686849940917234,-0.3020142515516042,-0.32854071634976123,-0.4461979785964641,5.824932687102362,-0.5977351066320002,5.572359472947307,-0.8422665347130407,5.34239167217411,4.886788793357643,-1.9097792242713052,3.985576337524448,-2.881634888690352,2.9824935394314336,2.48245872524159,2.2652475909560024,2.2189437523783004,2.1092153436485033,1.852300439732438,1.5374080008032938,7.495159538929852,0.9072629442986312,0.808874244654849,7.079683704684228,0.8308900528692855,0.6788661662817478,0.4505970865533726,0.47518039758085673,0.4316029731332893,0.4316331036200526,0.5234820274985903,0.5123834770727919,6.620407204836177,0.014068683477730479,6.112614330433381,5.985775200264173,5.821490676405774,5.52130070203138,5.3194596454131435,5.171330231858908,5.220292202853673,5.483764391961181,5.647666101818081,5.629321473778751,5.647752266642739,5.534999855347907,5.386763955826658,5.355143208675373,5.280603570545366,4.972975918995249,4.6747388028742485,4.109134154029829,3.969193747933683,3.688964598894774,3.3798588739057953,3.100929573003696,2.7872354123685588,2.7641864535026697,2.7544829899053878,2.6699003607136853,2.3332129958716425,2.06277842900248,1.9051753175731208,1.8135716728894107,1.5695893712732116,1.2659126763197686,7.324976618433508,7.015953510367538,6.689744856061829,6.200888267884971,5.8319749502882035,-0.764462869742036,5.271486813305767,5.256232325226895,-1.082087608935378,5.113045225198112,5.033404498463169
2.350999999999852,0.3123814977151519,-0.33821991845394733,5.00479151423719,4.909202760291336,4.849818304406216,4.706552810642974,4.338253698872062,4.026401469077066,3.7691757941328934,9.548565723635162,2.6350834416690905,2.0994625994190974,1.4652658718928697,0.9104435216803668,0.4234041167001739,-0.1301591225209032,5.889850794310296,-0.4243366139640225,5.871039180869289,5.9892161769212775,-0.28085253908370483,-0.18994874933826145,0.053732767987090674,-0.0011492398598783268,-0.09475171550866195,-0.27451271399656835,-0.30959868998403944,-0.3359549016448796,-0.45334998136401805,5.818108759989533,-0.6041817433516742,5.566314419244525,-0.8478998707143738,5.337166052159226,4.882004701916961,-1.9141229439170375,3.981632150091029,-2.885151812040488,2.979351402445858,2.4796882049839852,2.2627898400253743,2.216765944496809,2.107287804845197,1.8505940282507702,1.5358882294913956,7.493791210539131,0.9060169444669565,0.8077303965798813,7.078641431222656,0.8299664402919971,0.678097491633629,0.4500376467521102,0.47488822056667757,0.4316490638095498,0.4320891880294806,0.5244171172701914,0.5138515839473139,6.622456957825214,0.01674251895239466,6.115884903596233,5.98960838049113,5.825838681057852,5.526107540531711,5.324625699928018,5.17675220973393,5.225860442596429,5.48936874331569,5.6531925647599275,5.634662417993397,5.65280546479041,5.539670482383912,5.3909698616087995,5.3588258594105005,5.283717286633926,4.975470202446511,4.676616032328931,4.110342066470697,3.9698821842222904,3.689192868623634,3.3797179699990836,3.100530979421942,2.7866930286937523,2.7636181833591706,2.7539927049006945,2.669579005649669,2.3331457336077492,2.063009736273494,1.9057219108516026,1.8144323630772936,1.5707547060445706,1.2673553332524305,7.32665116211154,7.017824289021173,6.6917777290910765,6.203069543681381,5.834288556309907,-0.762012050130542,5.274092476976432,5.259015942011672,-1.0790954961052532,5.116272668934767,5.036882746342817
2.360999999999851,0.31289661028523164,-0.3385514852927916,5.008516005035805,4.913152031732271,4.853945441413257,4.7107884001016505,4.3425051979482765,4.030550995170853,3.7730957320325182,9.552082705940167,2.6380030468521696,2.1016799815798524,1.4666007826688199,0.9108390216684077,0.42282222948119386,-0.13180443942222253,5.887253235077349,-0.4278426781962062,5.866663240150934,5.984029179412583,-0.286755965703986,-0.19646142540933328,0.04672444489047458,-0.008502555094761503,-0.1023104272088248,-0.28214072614094965,-0.3171689859409576,-0.3433575287223935,-0.460493296776693,5.811290701108557,-0.6106250894994169,5.560270578204568,-0.8535334803559301,5.331939286655115,4.87721898679494,-1.91846841475024,3.9776862467801646,-2.8886705521679374,2.976207172263525,2.4769150180591932,2.2603287793783666,2.214584183437209,2.1053558079470367,1.848882971947035,1.534364130407106,7.492419474254129,0.9047690415852927,0.8065865532776983,7.077601345071419,0.8290472512186428,0.6773352932242908,0.449486301856741,0.4746050791586142,0.43170435153121134,0.43255382275621523,0.5253593563578902,0.5153247678698979,6.624509138501552,0.019415677412717273,6.119151821747289,5.993435133146871,5.830177773359737,5.530903307952924,5.329779098388773,5.1821604796461145,5.231414436269545,5.494958782656912,5.658705111471911,5.639990272065776,5.657846827329138,5.544330937492158,5.395167658382072,5.3625028386565985,5.286828074417803,4.977964566578898,4.678496451001113,4.111556464771367,3.970579861157239,3.6894327243147678,3.3795903635658275,3.100146578707188,2.7861648258947853,2.7630631920384694,2.7535139740137575,2.669266804705505,2.333084612370151,2.0632440894370463,1.90626870881948,1.8152908894505526,1.5719161074419385,1.2687930884730005,7.328320723832627,7.019690813935942,6.693807728649459,6.205249845762238,5.836603060158347,-0.7595587448147768,5.276701666057011,5.261803392152871,-1.076100065404032,5.119502068327874,5.0403608273728935
2.37099999999985,0.31340078668252686,-0.33887069987853136,5.01223758505438,4.917095370590356,4.858063582032946,4.7150121436335235,4.346742371830369,4.034684529878792,3.776998925981875,9.555583083208624,2.6409071160008923,2.103883666653422,1.4679244606615107,0.9112261546493221,0.42223510506206935,-0.13345168948274808,5.884657118205706,-0.43134384440816737,5.862295546999792,5.97885358881068,-0.29264535858858276,-0.2029580024917305,0.039733603246789234,-0.015837962994181828,-0.10985169717966964,-0.28975262919319966,-0.32472520626492785,-0.35074863090328945,-0.46762792176888734,5.804478546478412,-0.6170650833614955,5.554228025414827,-0.8591672873603126,5.3267114402856,4.872431689913059,-1.9228156226276991,3.9737386181721956,-2.8921911356723498,2.973060818469755,2.474139143205575,2.2578644051933145,2.2123984877316865,2.1034193946644457,1.8471673320263273,1.532835775686181,7.491044401452723,0.9035192940552556,0.8054427506346876,7.076563452718063,0.8281324598770633,0.6765795141386344,0.4489429692123108,0.47433087486496334,0.43176873259505616,0.43302690963116913,0.5263086613711023,0.5168029672822222,6.6265637120974565,0.022088153467462544,6.122415104164282,5.997255496741475,5.834508005418275,5.535688064869092,5.334919904358532,5.1875551046896895,5.236954244747551,5.500534568223645,5.664203798083738,5.64530509070359,5.662876407673919,5.548981272185248,5.399357393808774,5.366174186532118,5.289935962276222,4.98045902386362,4.6803800508555415,4.112777316011841,3.9712867206685605,3.6896840840630607,3.3794759533291288,3.0997762579633337,2.7856506895138713,2.7625213745896207,2.753046712495107,2.6689637024982598,2.3330296147494503,2.063481509969029,1.906815767667106,1.816147335455701,1.5730736766831401,1.2702260484401384,7.329985402010784,7.021553162968041,6.69583490215737,6.207429182297489,5.838918431753192,-0.7571030179009413,5.279314290580774,5.2645945710499795,-1.0731014238551944,5.122733326698616,5.043838666892518
2.380999999999849,0.3138940607562426,-0.3391776135559583,5.015956211334488,4.921032770110738,4.862172756618876,4.719224105805139,4.350965313772542,4.038802184029099,3.780885492771128,9.559066967125752,2.6437957462306736,2.106073733114413,1.4692369641451395,0.9116049607598101,0.4216427680981266,-0.13510086087938705,5.882062441819112,-0.4348401306070568,5.85793606533617,5.973689348483685,-0.29852079426862005,-0.20943857545254846,0.03276013424979361,-0.023155577344838578,-0.11737563395759955,-0.29734851522428235,-0.33226741691217865,-0.3581282412064821,-0.47475385365345374,5.797672331116106,-0.6235016646908118,5.548186834803626,-0.8648012169926744,5.321482576531634,4.867642852730355,-1.9271645530904853,3.969789255783922,-2.8957135877796523,2.9699123120910778,2.471360560328378,2.2553967143352236,2.210208876001324,2.1014786061787136,1.8454471686300826,1.5313032360622978,7.489666062034492,0.9022677589896533,0.8042990236418155,7.075527760283079,0.8272220407008539,0.6758300981970854,0.44840756730618464,0.4740655105465885,0.43184210466079787,0.4335083516737065,0.5272649497945083,0.5182861211070474,6.628620643901743,0.0247599413806168,6.125674769521188,6.001069509065442,5.8388294286349325,5.540461871268389,5.340048180997294,5.192936147750344,5.2424799288584385,5.5060961583113075,5.669688680802735,5.650606928633057,5.667894259134789,5.553621537708289,5.403539115118622,5.369839942601097,5.293040977985474,4.9829535862089,4.682266823450334,4.1140045871361135,3.9720027049014806,3.6899468665676567,3.3793746389865342,3.0994199055518212,2.7851505064931974,2.761992627422851,2.752590836735858,2.668669644399964,2.3329807235444657,2.0637220189775447,1.907363142701417,1.817001783254399,1.574227513443797,1.271654318003952,7.331645293581092,7.023411412805308,6.697859296315751,6.2096075613108335,5.841234641428191,-0.7546449325747128,5.281930261898049,5.267389375656282,-1.0700996768694846,5.125966348846101,5.047316191400227
2.3909999999998477,0.3143764669072906,-0.3394722757503405,5.019671841603832,4.924964223679613,4.866272995116506,4.72342435029119,4.355174115775499,4.042904067052672,3.7847555478652852,9.56253446832751,2.6466690340194363,2.108250259195547,1.4705383514663817,0.9119754803612162,0.42104524345903155,-0.1367519417255048,5.879469203943446,-0.43833155500416243,5.853584758875387,5.968536401748926,-0.30438234904237926,-0.21590323854370763,0.02580393011056106,-0.030455510633076624,-0.12488234468276478,-0.30492847505658693,-0.33979568297662566,-0.3654963923595588,-0.4818710901157675,5.790872089058352,-0.6299347746733234,5.5421470786787115,-0.8704351960253162,5.3162527577564225,4.862852516251083,-1.931515191375845,3.9658381520417363,-2.8992379323788353,2.9667616255579596,2.4685792504704684,2.2529257043389905,2.208015366954043,2.0995334831545236,1.8437225408606184,1.5297665808985075,7.488284524452813,0.901014492239292,0.8031554064120319,7.074494273525555,0.8263159683230572,0.6750869899391647,0.4478800157448696,0.4738088903914834,0.43192436672770435,0.43399805307390904,0.5282281399782056,0.5197741687470524,6.630679899266912,0.027431035085214207,6.128930835904943,6.004877207205828,5.843142093718543,5.545224786560418,5.345163991063332,5.198303671501263,5.247991549375789,5.511643611261904,5.67515981590374,5.655895840590676,5.672900434912079,5.558251785038762,5.407712869113639,5.373500145882687,5.296143148731826,4.9854482649745036,4.6841567599506355,4.115238244962352,3.9727277562206624,3.6902209911287436,3.379286321198968,3.0990774110738135,2.7846641651527246,2.7614768482864593,2.7521462642473145,2.668384576523219,2.3329379217571096,2.063965637207585,1.9079108883590923,1.8178543137428653,1.5753777158804187,1.273078000429609,7.333300494020946,7.025265638983717,6.699880957116208,6.211784990682146,5.843551659925954,-0.7521845511136297,5.28454949265777,5.27018770445622,-1.0670949282693052,5.129201041024284,5.0507933285354785
2.4009999999998466,0.31484804007792067,-0.3397547339993802,5.023384434265566,4.928889724823198,4.870364327072253,4.727612939892681,4.359368868611096,4.0469902870091845,3.7886092054265825,9.565985696414238,2.649527075209405,2.110413322878715,1.4718286810277874,0.9123377540208543,0.4204425562138352,-0.13840492007712998,5.876877402510639,-0.44181813600188885,5.849241591146261,5.963394691891159,-0.3102300989632142,-0.222352085400899,0.01886488404499562,-0.03773787406866988,-0.1323719351295271,-0.312492598294345,-0.3473100687131484,-0.3728531168091348,-0.48897962920787613,5.784077853382721,-0.6363643558953203,5.536108827764747,-0.8760691527031821,5.311022045229948,4.858060721032221,-1.9358675224287405,3.961885300255471,-2.902764192057805,2.963608732668427,2.465795195783723,2.2504513733929628,2.205817979382513,2.0975840657521063,1.841993506805036,1.5282258782179332,7.486899855746214,0.8997595484192298,0.8020119321973711,7.073462997848797,0.8254142175700985,0.6743501346075021,0.4473602352313855,0.47356091988988275,0.432015419111674,0.4344959191751311,0.5291981511279495,0.521267050083561,6.6327414436159975,0.03010142819677094,6.13218332083174,6.008678627562051,5.847446050697851,5.549976869583466,5.35026739691466,5.203657738399354,5.253489167011129,5.517176985454238,5.680617259719225,5.661171881315186,5.677894988091822,5.562872064886439,5.4118787021730075,5.377154834860507,5.299242501124182,4.98794307098594,4.686049851141944,4.11647825619279,3.9734618172142557,3.6905063776443034,3.3792109015798113,3.0987486653526823,2.7841915551683982,2.7609739362441803,2.7517129136409597,2.668108445707083,2.332901192587361,2.064212385045603,1.9084590582194627,1.8187050065709451,1.576524380653123,1.27449719742061,7.33495109737103,7.027115915903662,6.701899929851025,6.213961478149846,5.84586945839281,-0.7497219348993499,5.287171896789209,5.272989457443052,-1.064087280312728,5.132437310919263,5.054270007060529
2.4109999999998455,0.3153088157415298,-0.34002503398429146,5.027093948387877,4.932809267206772,4.874446781642445,4.73178993655472,4.363549661846419,4.05106095061257,3.7924465783363153,9.569420759963993,2.652369965008948,2.1125630018864037,1.4731080112718002,0.9126918224940285,0.41983473161659435,-0.14005978393887955,5.874287035362493,-0.4452998921811963,5.844906525508877,5.95826416218003,-0.3160641198280717,-0.2287852090427903,0.011942890261541375,-0.0450027776080175,-0.13984450973607865,-0.3200409733531513,-0.3548106375601404,-0.3801984467308325,-0.49607946934272784,5.777289656228282,-0.6427903523115339,5.530072151239848,-0.8817030167102285,5.305790499152881,4.853267507190827,-1.9402215309130497,3.9579306945929438,-2.9062923881383247,2.9604536085525868,2.4630083795010775,2.247973720322827,2.203616732162032,2.09563039363904,1.8402601235585199,1.5266811947337386,7.485512121569047,0.8985029809344938,0.8008686334057522,7.072433938305929,0.8245167634559519,0.6736194781322776,0.44684814754316843,0.4733215058099098,0.43211516342275685,0.435001856456837,0.5301749032954809,0.522764705475164,6.634805242449156,0.032771114026336465,6.135432241262939,6.012473805861351,5.85174134893382,5.554718178611676,5.355358460510551,5.208998410681625,5.258972842406508,5.522696339294382,5.6860610686296775,5.666435105539733,5.682877971641293,5.567482427693356,5.4160366602578724,5.380804047491846,5.302339061206498,4.990438014548376,4.687946087443084,4.117724587423327,3.974204830697766,3.690802946606831,3.3791482826841204,3.0984335604167943,2.7837325675507816,2.760483791652981,2.7512907046088633,2.667841199503239,2.3328705194283317,2.06446228252399,1.9090077050171737,1.8195539401608465,1.5776676029479897,1.2759120091417155,7.33659719625599,7.028962316846054,6.703916259123052,6.216137031313255,5.848188008373681,-0.7472571444297785,5.289797389483951,5.275794536096823,-1.0610768337171292,5.135675067627004,5.057746156842683
2.4209999999998444,0.31575882989264936,-0.3402832195600208,5.030800343693822,4.936722844633783,4.878520387602106,4.735955401383937,4.36771658386732,4.055116163255873,3.796267778216149,9.572839766545593,2.655197797994457,2.11469937367348,1.4743764006653732,0.9130377267067254,0.4192217950925482,-0.1417165212696172,5.871698100254422,-0.44877684228948594,5.8405795251716945,5.953144755886776,-0.32188448716659546,-0.2352027018704798,0.0050378439490808185,-0.052250329976769996,-0.1473001716332408,-0.3275736874886143,-0.36229745216135295,-0.38753241403889616,-0.503170609288476,5.770507528815755,-0.6492127092140554,5.524037116771183,-0.8873367191366435,5.300558178679912,4.848472914411249,-1.9445772012224414,3.9539743300551793,-2.9098225407100764,2.957296229638002,2.4602187859092144,2.2454927445758197,2.2014116442483886,2.0936725060016905,1.8385224472470294,1.5251325958783821,7.48412138622147,0.897244842005269,0.7997255416174854,7.071407099605465,0.8236235811765313,0.6728949671160782,0.44634367551049553,0.47309055617374884,0.43222350254311165,0.4355157725177184,0.5311583173689447,0.5242670757562407,6.636871261349983,0.03544008559317453,6.1386776136205805,6.016262777173928,5.856028037131728,5.559448771362162,5.36043724341312,5.21432575036173,5.26444263612732,5.528201731206393,5.691491299054216,5.671685567984255,5.687849438404689,5.57208292363384,5.420186788916083,5.38444782121673,5.305432854469947,4.992933105460222,4.6898454589188985,4.11897720515285,3.9749567397177437,3.6911106191000256,3.3790983679979862,3.0981319894825856,2.7832870946240784,2.7600063161413004,2.750879557904465,2.6675827861624346,2.332845885861419,2.0647153493254624,1.9095568806546133,1.8204011917255474,1.5788074764990534,1.2773225342415329,7.338238881904859,7.030804913988208,6.705929988855479,6.218311657634886,5.850507281807013,-0.7447902393310677,5.292425887178078,5.278602843362644,-1.0580636876824547,5.138914221631458,5.0612217088368965
2.4309999999998433,0.31619811903710415,-0.3405293327846388,5.034503580551393,4.940630451045019,4.882585173353601,4.7401093946655175,4.371869721901407,4.05915602903554,3.800072915448933,9.576242822731382,2.6580106681122735,2.1168225154193263,1.475633907685169,0.9133755077389569,0.4186037722248284,-0.14337511998785415,5.869110594859082,-0.45224900522891365,5.836260553207963,5.94803641630024,-0.3276912762307907,-0.2416046556671886,-0.0018503587349816097,-0.059480638691902135,-0.15473902267246933,-0.3350908268241645,-0.36977057438705774,-0.3948550503954535,-0.5102530481628591,5.763731501467171,-0.6556313732020369,5.518003790549665,-0.8929701924468948,5.295325141942515,4.8436769819521945,-1.948934517490926,3.9500162024522862,-2.9133546686638527,2.954136573615915,2.4574264003218707,2.2430084462052586,2.1992027346757017,2.0917104415563217,1.8367805330494174,1.5235801458321732,7.482727712678752,0.8959851826915696,0.7985826876014873,7.07038248611685,0.8227346461042991,0.6721765488191604,0.44584674299541827,0.47286798023433063,0.43234034060539006,0.43603757605908566,0.5321483150633991,0.5257741022353867,6.638939465991587,0.03810833563708089,6.141919453802527,6.020045575927758,5.860306163353051,5.564168705002031,5.365503806788953,5.219639819226657,5.269898608655312,5.53369321962328,5.696908007441437,5.676923323348035,5.69280944109894,5.57667360261457,5.424329133286911,5.388086192966816,5.308523905864853,4.995428353026431,4.691747955292585,4.120236075792283,3.9757174875553116,3.6914293167954577,3.3790610619280335,3.097843846937934,2.782855030005558,2.759541412587707,2.7504793953237434,2.667333154621194,2.3328272756515527,2.0649716047873534,1.9101066362141046,1.8212468372868884,1.5799440936099418,1.2787288698747745,7.339876244171183,7.032643778419537,6.707941162301506,6.220485364442731,5.852827251019745,-0.7423212783694858,5.295057307534579,5.281414283629268,-1.0550479399141168,5.142154684783053,5.064696595068727
2.440999999999842,0.31662672018234245,-0.3407634139479181,5.038203619963817,4.944532080517832,4.886641166935118,4.74425197587989,4.376009162040505,4.063180650775099,3.8038620991990033,9.579630034109709,2.660808668680653,2.1189325040203224,1.4768805908033231,0.9137052068087279,0.41798068874168504,-0.14503556797690498,5.866524516769933,-0.45571640004512326,5.831949572571522,5.942939086742178,-0.3334845619852282,-0.2479911615981792,-0.00872182067645458,-0.06669381008324858,-0.16216116345308887,-0.3425924763780464,-0.3772300653545474,-0.402166387219435,-0.5173267854276533,5.756961603625082,-0.6620462921521596,5.511972237323766,-0.898603370448583,5.290091446071142,4.838879748653655,-1.9532934636031016,3.9460563083799727,-2.9168887897239166,2.950974619408292,2.4546312090537623,2.2405208258553846,2.196990022554239,2.0897442385598755,1.8350344352189771,1.522023907551151,7.481331162619939,0.8947240529174029,0.7974401013312109,7.069360101875967,0.8218499337830845,0.6714641711451074,0.4453572748711911,0.47265368845251843,0.4324655829715403,0.43656717686853047,0.5331448189114141,0.5272857266937505,6.641009822142408,0.040775856630349064,6.145157777197223,6.023822235923083,5.864575775027129,5.568878036155343,5.3705582114108,5.224940678833583,5.275340820381828,5.539170862978202,5.702311250260508,5.6821484263024695,5.697758032309651,5.581254514274715,5.428463738105689,5.391719199174146,5.3116122398123755,4.997923766071497,4.693653565957762,4.12150116567336,3.9764870177295157,3.69175896194921,3.379036269791052,3.097569028325806,2.7824362685853568,2.7590889850999716,2.7500901396867574,2.667092254488788,2.3328146727425287,2.065231067905823,1.910657021969878,1.8220909516933477,1.5810775451751686,1.2801311117241834,7.341509371552875,7.034478980157058,6.709949822053878,6.2226581589324965,5.855147888722335,-0.7398503194631564,5.29769156942597,5.284228762707979,-1.052029686645531,5.145396370277585,5.068170748617637
2.450999999999841,0.31704467082793286,-0.34098550159912744,5.0419004235600955,4.948427727265424,4.890688396029006,4.74838320371905,4.380134989262605,4.067190130048305,3.807635437432024,9.583001505297178,2.66359189239178,2.1210294160826524,1.4781165084737473,0.9140268652566108,0.4173525705042089,-0.1466978530898081,5.863939863504683,-0.4591790459163822,5.827646546111961,5.937852710581916,-0.3392644190977679,-0.25436231021089145,-0.015576643815917151,-0.07388994931451806,-0.169566693348781,-0.3500787200895193,-0.3846759854479956,-0.4094664556951633,-0.5243918208831969,5.750197863871303,-0.6684574151898405,5.505942520432462,-0.9042361882620789,5.284857147216888,4.834081252943688,-1.957654023204102,3.9420946451966876,-2.920424920479535,2.9478103471356665,2.4518331993951015,2.238029884746513,2.194773527068228,2.087773934820432,1.8332842071044435,1.5204639427942976,7.479931796455871,0.8934615014944374,0.7962978120002913,7.068339950590613,0.8209694199231025,0.6707577826268697,0.44487519700218386,0.4724475924747852,0.4325991362120206,0.43710448580385486,0.53414775225376,0.5288018913832847,6.643082295671794,0.043442640789391584,6.148392598698109,6.027592790346605,5.868836918962635,5.573576820909983,5.3756005176593,5.230228390506859,5.280769331601257,5.544634719695911,5.707701083992473,5.687360931484032,5.7026952644871765,5.585825707986072,5.4325906477084205,5.395346875779755,5.314697880215981,5.000419352952175,4.6955622799902175,4.122772441057157,3.977265274000524,3.692099477398497,3.3790238978037617,3.0973074303281782,2.782030706506656,2.758648938994552,2.749711714819548,2.6668600360344614,2.3328080612524307,2.0654937573399805,1.9112080873998192,1.8229336086375139,1.5822079207010835,1.2815293540221375,7.343138351211814,7.036310588160682,6.7119560100543225,6.224830048169799,5.857469168003819,-0.7373774196936698,5.3003285929171415,5.287046187811758,-1.0490090226602966,5.148639192635468,5.071644103600611
2.46099999999984,0.3174520089562264,-0.3411956325740542,5.045593953585738,4.952317385636167,4.894726887969954,4.752503136102545,4.3842472874533085,4.071184567201731,3.8113930369343607,9.586357339950608,2.6663604313138145,2.1231133279154397,1.479341719118967,0.9143405245309039,0.41671944349453216,-0.14836196315402062,5.861356632508678,-0.4626369621431094,5.823351436589203,5.932777231250364,-0.34503092193078216,-0.2607181914352856,-0.022414929160101762,-0.081069160403801,-0.1769557105333488,-0.3575496408442922,-0.39210839433769634,-0.4167552867806217,-0.5314481546629842,5.743440309945227,-0.6748646926611617,5.49991470183735,-0.909868582290927,5.279622300572617,4.829281532845066,-1.9620161797092508,3.938131211001362,-2.9239630764157276,2.9446437380857646,2.449032359586696,2.235535624660485,2.192553267473647,2.0857995677073635,1.831529901170455,1.5189003121501052,7.478529673356579,0.892197576145184,0.7951558480379177,7.067322035645949,0.8200930803961715,0.6700573324131782,0.44440043622426684,0.4722496051113696,0.43274090808541554,0.4376494147772617,0.5351570392301893,0.5303225390249169,6.645156852555369,0.04610868008602786,6.151623932717667,6.031357271785361,5.873089641358828,5.578265114824469,5.380630785524757,5.235503015335148,5.286184202504685,5.550084848184422,5.713077565121795,5.692560893487405,5.707621189942804,5.590387232853304,5.436709906036334,5.3989692582421345,5.317780850472675,5.002915121569908,4.697474086159368,4.124049868142362,3.9780522003726726,3.692450786558264,3.379023853072716,3.0970589507502337,2.7816382411462297,2.758221180776462,2.7493440455364,2.6666364501749187,2.332807425469142,2.0657596914159275,1.9117598811970054,1.8237748806732574,1.5833353083264874,1.282923689571931,7.344763268993163,7.03813867034833,6.713959767602856,6.227001039092339,5.8597910623269165,-0.7349026353175596,5.30296829924842,5.289866467534758,-1.045986041314028,5.15188306768136,5.075116595156114
2.470999999999839,0.31784877302317976,-0.3413938420212844,5.049284172893716,4.9562010501129805,4.89875666975303,4.756611830193108,4.388346139426784,4.075164061376823,3.815135003332004,9.589697640778775,2.6691143768929937,2.1251843155241885,1.4805562811174624,0.9146462261733549,0.4160813338044901,-0.15002788597589772,5.858774821158173,-0.46609016813778154,5.819064206687498,5.927712592253415,-0.3507841445328596,-0.2670588945843829,-0.02923677679310647,-0.08823154624358523,-0.18432831200577932,-0.36500532049921514,-0.399527350998702,-0.4240329112154127,-0.538495787228328,5.7366889687617,-0.681268076105501,5.493888842153952,-0.9155004901929892,5.274386960393573,4.824480625981789,-1.9663799163134397,3.934166004611738,-2.9275032719432286,2.941474774682896,2.446228678795622,2.2330380479264176,2.190329263096014,2.0838211741611925,1.8297715690174945,1.517333075062514,7.477124851278071,0.8909323235257007,0.79401423712393,7.066306360109891,0.819220891231117,0.6693627702553211,0.4439329203256558,0.472059640314901,0.43289080751844633,0.4382018767398048,0.5361726047703074,0.5318476128066406,6.647233458880135,0.04877396625844514,6.154851793201126,6.035115712240308,5.877333987816606,5.582942972934676,5.385649074608968,5.240764614168698,5.291585493173737,5.555521306826911,5.718440750128115,5.697748366858813,5.712535860845085,5.594939137714166,5.4408215566403815,5.40258638154554,5.320861173484011,5.005411079382988,4.69938897293944,4.125333413073287,3.9788477410973506,3.6928128134177687,3.3790360435843243,3.0968234885048185,2.7812587710953456,2.7578056181195385,2.748987057622449,2.6664214484620503,2.3328127498459375,2.066028888130725,1.9123124512810332,1.8246148392326116,1.5844597948429184,1.2843142097687423,7.346384209444422,7.03996329361084,6.715961135366987,6.229171138512031,5.862113545523191,-0.7324260217776527,5.305610610818841,5.292689511832074,-1.0429608345558377,5.15512791252414,5.078588159428349
2.480999999999838,0.31823500194933807,-0.3415801634277538,5.052971044935628,4.960078715312744,4.902777768041559,4.760709342411965,4.392431626946251,4.079128710531454,3.8188614411090605,9.593022509553911,2.6718538199557678,2.1272424546045285,1.481760252791509,0.9149440118054316,0.41543826762472724,-0.15169560934496498,5.856194426763542,-0.4695386834152063,5.814784819028862,5.922658737184747,-0.35652416063097175,-0.2733845083549953,-0.03604228588743955,-0.09537720862029427,-0.19168459361462567,-0.3724458399062519,-0.4069329137288798,-0.4312993595284168,-0.5455347193630886,5.729943866428484,-0.6876675182288423,5.487865000682226,-0.9211318508523141,5.269151180017488,4.819678569585465,-1.9707452160002323,3.9301990255432733,-2.931045520427696,2.938303440458085,2.4434221470914546,2.2305371574067387,2.188101533328162,2.0818387907031535,1.8280092614013248,1.515762289856233,7.475717386988521,0.889665789247829,0.7928730062036471,7.065292926738491,0.8183528286093613,0.6686740464942743,0.4434725780282067,0.47187761315948235,0.43304874458636783,0.438761785666092,0.537194374584536,0.5333770563815362,6.649312080849404,0.051438490821842604,6.158076193639829,6.038868143139612,5.881570003349365,5.587610449760476,5.390655444127069,5.246013247616741,5.296973263574628,5.560944153973837,5.723790695478228,5.70292340608953,5.717439329216276,5.599481471139807,5.444925642685694,5.40619828020817,5.323938871666877,5.007907233418447,4.701306928520367,4.1266230419476715,3.9796518406757535,3.693185482537148,3.3790603781950113,3.0966009435971635,2.780892196141024,2.7574021598470813,2.7486406778166304,2.666214983070905,2.332824018997171,2.0663013651562863,1.9128658448091418,1.8254535546423638,1.5855814657146134,1.2857010046202897,7.348001255834222,7.041784523826692,6.717960153390801,6.2313403531171065,5.864436591788253,-0.7299476337142873,5.308255451169642,5.2955152319997865,-1.0399334929494801,5.1583736455372415,5.082058733551836
2.4909999999998367,0.31861073511097443,-0.34175462864359135,5.056654533753041,4.963950375985741,4.906790209174863,4.764795728453808,4.396503830743991,4.08307861146097,3.8225724536258228,9.59633204712298,2.674578850710981,2.129287820536262,1.4829536923954931,0.9152339231151163,0.41479027123423107,-0.1533651210379926,5.853615446572388,-0.47298252758315057,5.810513236185986,5.917615609738073,-0.3622510436230839,-0.2796951208286345,-0.042831554714899946,-0.10250624823336109,-0.19902465008172918,-0.3798712789357539,-0.41432514016640265,-0.4385546620451609,-0.5525649521684696,5.723205028263324,-0.6940629728777489,5.481843235436311,-0.9267626043517116,5.263915011884202,4.814875400501553,-1.9751120615507043,3.926230273988594,-2.9345898342181904,2.9351297200199267,2.440612755423037,2.228032956483516,2.185870097628017,2.0798524534444804,1.8262430282519255,1.514188013761461,7.474307336093868,0.888398017900974,0.7917321815024294,7.06428173798125,0.817488868860686,0.6679911120481739,0.44301933896914897,0.47170343982022134,0.4332146304937443,0.4393290565392391,0.5382222751551684,0.5349108138657209,6.651392684787487,0.05410224507876615,6.161297147084275,6.042614595351653,5.885797732393646,5.592267599312317,5.39564995290944,5.251248976045034,5.302347573552394,5.566353447935282,5.729127457618271,5.708086065609569,5.722331646928887,5.604014281435098,5.4490222069559815,5.409804988290199,5.327013966964081,5.01040359028367,4.703227940818411,4.127918720824224,3.980464443861485,3.6935687190439683,3.379096766621502,3.0963912171098533,2.780538417247632,2.7570107159128643,2.7483048337949625,2.6660170067879,2.33284121769404,2.066577139843195,1.9134201081871374,1.8262910961403678,1.5867004050981537,1.287084162767181,7.3496144901708576,7.043602425876531,6.7199568611039275,6.2335086894741725,5.866760175676997,-0.7274675249764004,5.310902744967966,5.29834354065531,-1.0369041056941615,5.161620186339335,5.085528255636283
2.5009999999998356,0.3189760123313822,-0.34191726790627713,5.060334603969033,4.967816027015147,4.910794019175849,4.768871043301451,4.400562830540911,4.08701385981875,3.8262681431364274,9.599626353418707,2.677289558752095,2.1313204883776895,1.4841366581046915,0.9155160018442112,0.4141373709902793,-0.15503640882288053,5.851037877772575,-0.47642172033331304,5.806249420694612,5.9125831537188,-0.3679648665711939,-0.28599081947259286,-0.0496046806572964,-0.1096187647138514,-0.2063485750253016,-0.3872817164990599,-0.4217040873066947,-0.445798848894906,-0.5595864870578772,5.7164724788106005,-0.7004543950139819,5.47582360317352,-0.9323926919460117,5.258678507554802,4.810071155195487,-1.9794804355520272,3.9222597507974943,-2.938136224674928,2.9319535990261536,2.437800495595788,2.2255254490450636,2.1836349755163673,2.0778621980954224,1.8244729186919537,1.512610302938021,7.472894753062861,0.8871290530734339,0.7905917885399839,7.063272795986414,0.8166289884591645,0.6673139184001248,0.44257313368324647,0.47153703755319964,0.4333883775555968,0.43990360533607004,0.5392562337275145,0.5364488298362327,6.653475237144193,0.056765220129142716,6.1645146661568235,6.046355099197741,5.890017218819601,5.596914475097706,5.40063265940363,5.256471859573517,5.307708482825321,5.571749246973508,5.734451092966127,5.713236399781542,5.727212865702352,5.608537616639,5.453111291857883,5.413406539401669,5.3300864808547,5.012900156177763,4.705151997486536,4.129220415729958,3.981285495663028,3.69396244862976,3.3791451194312256,3.0961942111880485,2.7801973365388206,2.756631197382515,2.7479794541541573,2.6658274729992613,2.3328643308604344,2.0668562292244537,1.913975287080127,1.8271275318915818,1.5878166958617943,1.2884637715029592,7.351223993220559,7.04541706365751,6.721951297330395,6.235676154030247,5.869084272098912,-0.7249857486324867,5.313552417990781,5.301174351718001,-1.033872760645015,5.1648674557753385,5.0889966647517495
2.5109999999998345,0.3193308738723201,-0.34206810986412534,5.064011220779922,4.971675663416534,4.914789223758445,4.772935341240176,4.40460870506566,4.090934550136298,3.829948610806122,9.602905527470442,2.6799860330594556,2.133340532860212,1.4853092080044976,0.9157902897761366,0.4134795933187839,-0.1567094604623616,5.848461717495182,-0.47985628143262976,5.801993335065427,5.9075613130552,-0.37366570219478323,-0.2922716911411881,-0.0563617602170086,-0.11671485664264852,-0.21365646098238694,-0.39467723057043874,-0.4290698115188472,-0.4530319500174629,-0.566599325751843,5.709746241857621,-0.706841740689743,5.469806159422614,-0.9380220560359921,5.253441717730288,4.805265869758673,-1.9838503204058089,3.9182874574574598,-2.9416847021963406,2.9287750641558907,2.434985360249528,2.2230146394728174,2.1813961865746325,2.0758680599739923,1.8226989810547325,1.5110292124989235,7.471479691251537,0.8858589373732938,0.7894518521444089,7.062266102606219,0.8157731640192633,0.6666424175863339,0.4421338935853759,0.4713783246758704,0.4335698991789136,0.44048534901255937,0.5402961783011402,0.5379910493288532,6.655559704499127,0.05942740688002039,6.167728763064101,6.050089684464562,5.894228505941267,5.601551130127632,5.405603621676318,5.261681958074098,5.313056050979537,5.577131609295717,5.739761657904022,5.7183744628946975,5.732083037099827,5.613051524524969,5.457192939425269,5.417002966710242,5.333156434364239,5.015396936902663,4.707079085924504,4.130528092667293,3.9821149413460866,3.6943665975465474,3.3792053480328472,3.0960098290249505,2.779868857279787,2.7562635164152356,2.7476644683955467,2.6656463356796953,2.3328933435688732,2.0671386500191717,1.9145314264230597,1.8279629290038368,1.5889304196044909,1.2898399167938528,7.352829844525516,7.047228500097438,6.723943500297375,6.2378427531147596,5.87140885631341,-0.7225023569814254,5.316204397109008,5.304007580390082,-1.0308395443332554,5.168115375897766,5.0924639009140975
2.5209999999998334,0.31967536042560535,-0.34220718159911623,5.067684349947162,4.97552928033742,4.918775848334901,4.776988675871754,4.408641532073314,4.094840775842858,3.8336139567281395,9.60616966741477,2.6826683620025946,2.1353480283832105,1.486471400080082,0.9160568287242008,0.41281696470501916,-0.1583842637175305,5.845886962817375,-0.4832862307149012,5.7977449417954565,5.902550031809041,-0.3793536228646627,-0.2985378220771628,-0.06310288902739306,-0.1237946215682129,-0.22094839943072087,-0.4020578982083985,-0.4364223685615214,-0.46025399516974563,-0.5736034702730095,5.703026340450532,-0.7132249670235272,5.463790958511352,-0.943650640142957,5.248204692269795,4.800459579914348,-1.9882216983361864,3.914313396074698,-2.945235276245454,2.9255941030825827,2.4321673428368142,2.2205005326284937,2.1791537504426395,2.0738700740144624,1.8209212629017852,1.509444796533374,7.470062202927145,0.8845877124488843,0.78831239646599,7.061261659402087,0.8149213722920957,0.6659765621845585,0.4417015509535128,0.47122722054787425,0.43375910984451893,0.44107420548951387,0.5413420376211954,0.5395374178358722,6.657646053565798,0.06208879605502392,6.17093944960909,6.053818380416357,5.898431636526642,5.60617761692289,5.410562897415307,5.266879331168553,5.318390337463802,5.582500593047028,5.745059208771341,5.723500309159122,5.7369422125250775,5.61755605260139,5.461267191323494,5.420594302948828,5.336223848074578,5.017893937873992,4.709009193288722,4.131841717620955,3.982952726435789,3.69478109260336,3.379277364666919,3.0958379748475062,2.7795528838598584,2.755907586245884,2.74735980690932,2.6654735493812822,2.332928241036516,2.067424418636178,1.9150885704310872,1.82879735354334,1.5900416566746227,1.291212683298227,7.354432122421639,7.049036797168741,6.72593350764381,6.240008492941503,5.873733903925227,-0.7200174015631798,5.318858610271857,5.3068431431378,-1.027804541986008,5.1713638699484035,5.095929905070715
2.5309999999998323,0.3200095131048536,-0.34233450864909465,5.071353957789412,4.979376873056812,4.922753918022946,4.78103110012818,4.412661388363641,4.098732629284603,3.8372642799402072,9.609418870505968,2.685336633342581,2.1373430490091767,1.4876232922064727,0.9163156605203315,0.4121495116847186,-0.16006080635120637,5.843313610765197,-0.4867115880727327,5.793504203378994,5.897549254185739,-0.3850287005971985,-0.30478929791323295,-0.06982816186303677,-0.13085815602392764,-0.22822448081000643,-0.4094237955763799,-0.44376181359835515,-0.4674650139320703,-0.580598922941175,5.696312796909857,-0.7196040321765672,5.45777805359338,-0.9492783888839473,5.242967480208358,4.795652321023335,-1.9925945513976955,3.910337569355671,-2.9487879553756016,2.9224107044475747,2.429346437601773,2.217983133841498,2.1769076868163957,2.0718682747756123,1.8191398110399275,1.5078571081292338,7.468642339291559,0.8833154190088224,0.7871734449907456,7.060259467649789,0.814073590161834,0.6653163053028643,0.44127603891211437,0.47108364555226523,0.43395592508928915,0.44167009363848797,0.5423937411698361,0.5410878813037964,6.659734251195536,0.0647493782035317,6.174146737202913,6.057541215806811,5.902626652807581,5.610793987520348,5.415510543931542,5.272064038226548,5.3237114015844655,5.587856256303651,5.750343801857627,5.728613992700107,5.741790443219483,5.622051248112056,5.465334088853591,5.42418058042307,5.339288742133717,5.020391164131682,4.710942306501849,4.133161256564648,3.983798796718779,3.695205861162744,3.379361082396646,3.095678553902349,2.77924932177539,2.7555633211673887,2.7470654009590803,2.6653090692225927,2.332969008621261,2.067713551177583,1.9156467626097433,1.8296308705499211,1.5911504861884178,1.2925821543857483,7.356030904056082,7.050842015902238,6.727921356428925,6.242173379610584,5.876059390879851,-0.7175309331693663,5.321514986491375,5.309680957672889,-1.0247678375458258,5.1746128623402985,5.099394619086528
2.540999999999831,0.3203333734373633,-0.3424501150293437,5.075020011174779,4.98321843698481,4.926723457652791,4.7850626662851,4.416668349798962,4.102610201743384,3.8408996784406844,9.612653233126219,2.6879909342344015,2.1393256684591067,1.4887649421390403,0.916566827004249,0.41147726083552827,-0.16173907613113603,5.840741658316278,-0.49013237344977645,5.789271082318086,5.8925589245440175,-0.39069100704890525,-0.3110262036737767,-0.07653767264986142,-0.1379055555450421,-0.23548479454262333,-0.41677499796285333,-0.45108820121288756,-0.4746650357142083,-0.5875856863684016,5.689605632845699,-0.7259788953298534,5.45176749667442,-0.9549052479475675,5.237730129774264,4.790844128089666,-1.9969688614829049,3.906359980589112,-2.9523427472554964,2.919224857834345,2.426522639559415,2.2154624488966115,2.1746580154458717,2.069862696448738,1.817354671537923,1.5062661993949513,7.467220150504156,0.8820420968416367,0.7860350205537288,7.0592595283445565,0.813229794642265,0.664661600568681,0.44085729141589036,0.47094752107713655,0.4341602614887135,0.4422729332679318,0.5434512191577361,0.5426423861310052,6.661824264381244,0.0674091437095817,6.177350636876333,6.061258218890723,5.906813596489512,5.615400293479123,5.420446618161155,5.277236138363763,5.329019302500584,5.5931986570662575,5.755615493395786,5.733715567552683,5.746627780259151,5.62653715803667,5.4693936729564205,5.427761831018701,5.342351136265323,5.022888620350344,4.712878412262154,4.134486675467544,3.984653098245183,3.6956408311372595,3.3794564150987796,3.095531472441963,2.778958077612973,2.7552306365134935,2.746781182666679,2.665152850878011,2.3330156318179194,2.068006063442269,1.9162060457649461,1.8304635440520265,1.592256986048091,1.2939484121562652,7.357626265404518,7.052644216400733,6.7299070831406365,6.244337419110312,5.878385293459014,-0.715043001853695,5.324173455827203,5.312520942934295,-1.0217295136898943,5.177862278640068,5.102857985730249
2.55099999999983,0.3206469833561417,-0.34255402325356127,5.0786824775132136,4.98705396766219,4.930684491774006,4.789083425974966,4.420662491321594,4.1064735834550365,3.8445202492043564,9.615872850795695,2.6906313512293902,2.14129596010813,1.4898964075043768,0.9168103700130679,0.4108002387688031,-0.1634190608330439,5.838171102402484,-0.49354860683326657,5.785045541132575,5.887578987405129,-0.39634061351138916,-0.31724862377665763,-0.08323151447508072,-0.14493691468522452,-0.24272942905378758,-0.42411157980083736,-0.4584015854230191,-0.48185408976120225,-0.594563763454179,5.682904869172588,-0.7323495166617149,5.445759338637831,-0.9605311640704132,5.232492688405959,4.786035035766102,-2.0013446103298373,3.9023806336285047,-2.9558996586936677,2.9160365537433472,2.4236959444754307,2.2129384840219166,2.172404756132785,2.067853372865427,1.8155658897427234,1.5046721214809784,7.465795685704184,0.8807677848349895,0.7848971453520899,7.058261842206143,0.8123899628734901,0.6640124021181504,0.4404452432339527,0.4708187694976382,0.4343720366397895,0.44288264510956554,0.54451440251569,0.5442008791653603,6.663916060260962,0.0700680828005139,6.180551159290955,6.064969417435381,5.91099250876096,5.619996585886682,5.425371176667535,5.282395690440136,5.334314099219221,5.59852785325355,5.760874339555473,5.7388050876563135,5.751454274552128,5.631013829091379,5.47344598421678,5.431338086208764,5.345411049778083,5.025386310849412,4.714817497052636,4.135817940300564,3.985515577330453,3.6960859309859733,3.3795632774546167,3.095396637711082,2.7786790590329478,2.7549094486418295,2.7465070849973636,2.6650048505672803,2.333068096254471,2.0683019709293298,1.916766462012833,1.8312954370814643,1.593361232959692,1.2953115374584023,7.3592182812881495,7.054443457852422,6.731890723703852,6.246500617319063,5.880711588276218,-0.7125536569422817,5.326833949371526,5.315363019070166,-1.0186896518489288,5.1811120455505,5.106319948660908
2.560999999999829,0.32095038519207,-0.34264625435424434,5.082341324749056,4.990883460760033,4.934637044662248,4.793093430199879,4.42464388697092,4.1103228636273,3.8481260881978803,9.619077818182411,2.693257970277691,2.1432539969813873,1.4910177457915539,0.9170463313713112,0.410118472121734,-0.16510074824353627,5.835601939912468,-0.4969603082468372,5.780827542369725,5.88260938746162,-0.4019775909066298,-0.3234566420351748,-0.08990977959701373,-0.1519523270327346,-0.2499584717911784,-0.4314336146868577,-0.46570201969501884,-0.48903220515895135,-0.6015331573806499,5.676210526124005,-0.7387158573259439,5.439753629269522,-0.966156085014082,5.2272552027685615,4.781225078359518,-2.005721779529178,3.898399532875031,-2.959458695662294,2.9128457835674726,2.4208663488464452,2.210411245876983,2.1701479287283982,2.0658403375051084,1.8137735102952968,1.5030749246006774,7.464368993032646,0.8794925209945013,0.7837598409579,7.0572664096838515,0.8115540721187632,0.6633686645857572,0.4400398299343331,0.4706973141583766,0.4345911691442479,0.44349915080497765,0.5455832228863087,0.5457633077017665,6.666009606121269,0.07272618555535612,6.183748314750158,6.068674838731713,5.91516343030291,5.624582915364872,5.430284275643416,5.287542753058199,5.3395958505908965,5.603843902696013,5.7661203964366745,5.743882606849732,5.756269976835721,5.635481307729347,5.477491062867441,5.434909377060721,5.3484685015748665,5.0278842396030665,4.716759547149928,4.137155017042465,3.9863861805571137,3.6965410897109496,3.3796815849411157,3.0952739579333035,2.7784121747532016,2.7545996749173067,2.7462430417452017,2.664865025045244,2.333126387688394,2.068601288841454,1.9173280527894259,1.8321266116879074,1.594463302450673,1.2966716099078786,7.36080702539051,7.056239798544125,6.733872313488642,6.24866298000713,5.8830382522723195,-0.7100629470438332,5.329496399234242,5.318207107420107,-1.0156483322257728,5.184362090893473,5.109780452414628
2.570999999999828,0.3212436216662077,-0.34272682790250386,5.0859965213537475,4.994706912079351,4.938581140325857,4.797092729344175,4.428612609900068,4.114158130457321,3.851717290394907,9.622268229111933,2.6958708767307606,2.1451998517501325,1.4921290143437491,0.917274752881325,0.40943198754979393,-0.166784126162865,5.833034167694173,-0.5003674977436146,5.776617048613436,5.877650069585675,-0.4076020097825866,-0.3296503416601345,-0.09657255945475668,-0.15895188522622666,-0.257172009244047,-0.4387411753993623,-0.47298955695709516,-0.4961994108395753,-0.6084938716078889,5.669522623266572,-0.7450778794304511,5.433750417282254,-0.9717799595427542,5.222017718769966,4.77641428983619,-2.0101003505312733,3.8944166832609546,-2.963019863320427,2.9096525395681008,2.4180338498807283,2.2078807415412998,2.167887553131323,2.0638236235023864,1.8119775771460578,1.5014746580507392,7.462940119653688,0.8782163424621876,0.7826231283307455,7.056273230961506,0.8107220997614589,0.6627303430942344,0.4396409878688619,0.4705830793561898,0.4348175785920997,0.4441223728924443,0.5466576126158034,0.5473296194796907,6.668104869400512,0.07538344191295929,6.186942113209744,6.072374509605173,5.919326401297975,5.629159332075862,5.4351859709129915,5.292677384561532,5.344864615305198,5.609146863129864,5.771353720063468,5.74894817886595,5.7610749376739046,5.6399396401413435,5.481528948793157,5.438475734243416,5.3515235101617025,5.030382410249912,4.71870454863295,4.138497871685741,3.9872648547763827,3.6970062368537344,3.37981125382213,3.0951633422979183,2.7781573345332644,2.7543012336958124,2.745988987518787,2.664733331591797,2.3331904920030757,2.0689040320882492,1.9178908588601324,1.8329571289531572,1.5955632688871826,1.2980287079055528,7.3623925702740065,7.058033295874322,6.735851887318318,6.2508245128385145,5.885365262711154,-0.7075709200597047,5.332160738528322,5.321053130497698,-1.0126056338136984,5.187612343593161,5.113239442391633
2.5809999999998268,0.3215267358822301,-0.3427957620273199,5.089648036318671,4.99852431755073,4.9425168025123165,4.801081373186732,4.432568732392222,4.1179794711487725,3.85529394979087,9.625444176576911,2.6984701553439066,2.1471335967280596,1.4932302703502278,0.9174956763140784,0.40874081171949045,-0.16846918240755676,5.83046778255724,-0.503770195399575,5.772414022493074,5.872700978837049,-0.4132139403091167,-0.33582980526203515,-0.10321994467771575,-0.16593568097019354,-0.26437012696182455,-0.4460343339166103,-0.4802642496125427,-0.5033557355865638,-0.6154459098692417,5.662841179513923,-0.7514355460164357,5.427749750339344,-0.977402737401326,5.216780281576561,4.771602703826968,-2.014480304652937,3.890432090233441,-2.966583166036642,2.9064568148517336,2.4151984454793527,2.2053469785029436,2.165623649285336,2.061803263654161,1.8101781335699094,1.4998713702311184,7.461509111775514,0.876939285534515,0.7814870278300905,7.055282305962372,0.8098940233021716,0.6620973932447388,0.4392486541583979,0.47047599032328674,0.43505118554550076,0.44475223479396464,0.5477375047458615,0.5488997626806411,6.670201817691907,0.07803984167988853,6.190132564288318,6.076068456426412,5.923481461439415,5.6337258857280155,5.440076317934042,5.297799643033304,5.350120451886554,5.614436792191179,5.776574366377967,5.754001857327404,5.7658692074548386,5.644388872256371,5.485559681534615,5.442037188033926,5.354576093656568,5.0328808261024545,4.720652487391371,4.13984647024234,3.9881515471096978,3.6974813024918354,3.3799522011397447,3.095064700946959,2.777914449158686,2.754014044308217,2.7457448577272214,2.6646097280020316,2.333260395204296,2.0692102152895173,1.9184549203290908,1.8337870490051777,1.5966612054910827,1.299382908655199,7.363974987396231,7.05982400636603,6.7378294794774,6.25298522137271,5.887692597175218,-0.7050776231938312,5.3348269013553775,5.323901011973277,-1.0095616344144167,5.19086273365952,5.116696864843517
2.5909999999998257,0.32179977131900034,-0.342853073434255,5.093295839148145,5.002335673233991,4.946444054714569,4.805059410913006,4.436512325876567,4.121786971928586,3.8588561594174693,9.628605752746441,2.701055890278859,2.1490553038678506,1.4943215708386683,0.917709143400335,0.40804497130141626,-0.17015590481291434,5.82790278127536,-0.5071684213071598,5.768218426691917,5.8677620604706044,-0.4188134522741944,-0.34199511485336237,-0.10985202509500344,-0.17290380505006092,-0.27155290957224204,-0.45331316143405015,-0.4875261495524801,-0.5105012080397173,-0.6223892761667185,5.65616621314028,-0.7577888210380584,5.421751675077777,-0.9830243692940832,5.211542935628564,4.766790353632334,-2.0188616230840535,3.8864457597388014,-2.970148607411122,2.9032586033471945,2.4123601342177747,2.2028099646474892,2.163356237177206,2.0597792904265426,1.8083752221809073,1.4982651086645011,7.460076014670839,0.8756613856800853,0.7803515592274163,7.054293634354035,0.8090698203559342,0.6614697711072844,0.4388627666784007,0.47037597321074537,0.435291911522924,0.4453886608025097,0.5488228330056124,0.5504736859256081,6.672300418746451,0.08069537453807885,6.193319677277411,6.07975670512168,5.927628649939963,5.638282625581684,5.444955371800081,5.302909586294916,5.35536341869015,5.619713747410194,5.781782391234441,5.7590436957412585,5.770652836388474,5.648829049742313,5.489583300292332,5.445593768324294,5.357626269797996,5.035379490156357,4.722603349133833,4.141200778749203,3.9890462049501356,3.697966217235208,3.380104344705727,3.094977944962452,2.777683430425688,2.7537380270446774,2.74551058856637,2.6644941725765787,2.3333360834167842,2.069519852778478,1.9190202766483568,1.8346164310318958,1.5977571843567067,1.300734288181013,7.365554347126037,7.061611985679494,6.739805123719471,6.255145111066442,5.890020233561382,-0.7025831029625321,5.337494822791416,5.326750676656963,-1.0065164106557958,5.194113192172073,5.120152666860733
2.6009999999998246,0.3220627718232726,-0.34289877742363767,5.096939899852542,5.006140975317834,4.95036292017722,4.80902689112681,4.4404434609438805,4.125580718063328,3.8624040113568485,9.631753048975279,2.7036281651063834,2.150965044757927,1.4954029726678242,0.9179151958221856,0.40734449296358305,-0.17184428123539502,5.825339160588554,-0.5105621955691384,5.7640302239552375,5.862833259943474,-0.42440061508041615,-0.3481463518509864,-0.11646888974470063,-0.1798563473469421,-0.2787204407989783,-0.46057772838120337,-0.49477530816818854,-0.5176358566998895,-0.6293239747664408,5.649497741793717,-0.7641376693426017,5.41575623713076,-0.9886448068638989,5.206305724654981,4.761977272227366,-2.023244286894,3.8824576982071424,-2.9737161902971816,2.9000578997833757,2.409518915327851,2.2002697082471476,2.161085336834535,2.05775173596157,1.806568884946558,1.4966559200153149,7.458640872696885,0.8743826775569534,0.7792167417181395,7.053307215553227,0.808249468649559,0.6608474332114318,0.4384832640448378,0.4702829550723605,0.4355396789836373,0.446031576069481,0.5499135318036825,0.5520513382724693,6.674400640475703,0.0833500300522578,6.19650346115135,6.083439281183028,5.931768005540499,5.6428296004549265,5.449823187242519,5.308007271904733,5.360593573897993,5.624977786205788,5.7869778503935985,5.764073747494839,5.775425874504251,5.653260218006611,5.493599843930513,5.449145504628121,5.360674055953512,5.03787840509948,4.724557119395975,4.142560763273633,3.989948775963732,3.6984609122227305,3.3802676030930834,3.094902986353872,2.7774641911260933,2.753473103139234,2.745286117005373,2.6643866241121414,2.333417542880855,2.0698329586049447,1.919586966626938,1.8354453332947815,1.598851276467345,1.3020829213448613,7.367130718759391,7.063397288624696,6.7417788532749245,6.257304187275386,5.8923481500766695,-0.7000874052041927,5.340164438872807,5.329602050481946,-1.003470038009301,5.197363651263963,5.123606796360314
2.6109999999998235,0.322315781602523,-0.3429328879082304,5.100580188941545,5.009940220119517,4.9542734219025855,4.812983861861836,4.444362207361781,4.129360793875204,3.865937596755479,9.634886155812879,2.7061870628089237,2.152862890619415,1.4964745325205013,0.9181138752049276,0.4066394033650325,-0.17353429955487046,5.822776917205374,-0.5139515382927137,5.759849377098021,5.857914522921844,-0.4299754977417842,-0.35428359707865703,-0.12307062688298709,-0.18679339685206184,-0.2858728034788487,-0.46782810443806805,-0.5020117763630675,-0.5247597099335336,-0.6362500101941458,5.642835782509137,-0.7704820566511038,5.409763481149715,-0.9942640026719437,5.201068691688216,4.757163492266583,-2.0276282770378846,3.878467912537415,-2.9772859168222627,2.8968546996675286,2.40667478868026,2.1977262179501413,2.158810968323613,2.0557206320837333,1.8047591632017574,1.4950438501082914,7.457203729314941,0.8731031950295881,0.7780825939333103,7.052323048730606,0.8074329460190911,0.660230336537223,0.43811008560041825,0.4701968638488334,0.4357944113124777,0.4466809065923756,0.55100953622034,0.5536326692133636,6.676502450954424,0.08600379767714433,6.199683924576864,6.0871162096782685,5.935899566518559,5.647366858729149,5.454679818632835,5.3130927571569115,5.3658109755151235,5.6302289658801365,5.792160799517062,5.7690920658512255,5.7801883716488955,5.657682422196965,5.497609350980855,5.452692426087067,5.363719469127889,5.04037757332072,4.7265137835482465,4.1439263899184855,3.9908592080907073,3.6989653191186873,3.380441895627724,3.0948397380458044,2.7772566450325096,2.7532191947546876,2.7450713807734197,2.6642870418922135,2.333504759949109,2.070149546538446,1.920155028439682,1.8362738131422083,1.599943551711481,1.3034288818632682,7.368704170534993,7.065179969173709,6.743750700858615,6.259462455255846,5.8946763252340775,-0.6975905750888187,5.3428356865824265,5.332455060488013,-1.0004225908071565,5.200614044106275,5.127059202073823
2.6209999999998224,0.32255884521791045,-0.34295541743039254,5.104216677417536,5.01373340408453,4.958175582656629,4.816930370592927,4.44826863408964,4.133127282757713,3.869457005837751,9.638005163012323,2.708732665783281,2.1547489123032957,1.497536306896854,0.9183052231092809,0.40592972914971076,-0.17522594767677468,5.82021604780506,-0.5173364695838595,5.75567584901237,5.853005795287397,-0.4355381688807539,-0.3604069307695902,-0.12965732399314228,-0.19371504168085887,-0.2930100795785487,-0.47506435855105805,-0.5092356045642165,-0.5318727959770633,-0.6431673872307427,5.6361803517209665,-0.7768219495394577,5.403773450825736,-0.9998819101778919,5.195831879078317,4.752349046088702,-2.032013574362604,3.874476410082856,-2.9808577884083975,2.8936489992640735,2.4038277547673306,2.195179502770289,2.156533151747291,2.0536860103063126,1.8029460976623801,1.4934289439465969,7.455764627109482,0.8718229711854839,0.7769491339511003,7.051341132815475,0.8066202304073732,0.6596184385063553,0.4377431714011445,0.4701176283522953,0.4360560328049181,0.447336579202654,0.5521107819997285,0.5552176286720333,6.678605818423078,0.088656666764428,6.202861075922466,6.090787515260709,5.94002337069668,5.651894448354671,5.459525319984772,5.318166099080314,5.371015681365965,5.63546734361353,5.797331294161992,5.774098703944968,5.784940377484294,5.662095707202059,5.501611859646305,5.45623456147721,5.366762525971234,5.042876996918645,4.72847332680353,4.145297624827206,3.991777449546597,3.69947937010925,3.3806271423802268,3.094788113865798,2.7770607068837854,2.752976224967764,2.744866318346776,2.664195385677982,2.3335977210832146,2.070469630071311,1.9207244996360147,1.837101927022595,1.6010340788987707,1.3047722423241506,7.370274769649675,7.066960080472865,6.745720698677394,6.261619920166419,5.8970047378484365,-0.6950926571274706,5.345508503836011,5.335309634805336,-0.9973741422592303,5.203864304892633,5.1305098335355
2.6309999999998213,0.32279200757735965,-0.3429663771787583,5.1078493367691085,5.017520523786255,4.962069424974776,4.820866464247099,4.4521628092931635,4.136880267190971,3.872962327919291,9.641110159539055,2.71126505584332,2.156623180287762,1.4985883521079781,0.9184892810239261,0.4052154969406004,-0.17691921353414317,5.817656549039608,-0.5207170095418833,5.7515096026745525,5.8481070231434025,-0.4410886967255378,-0.3665164325691424,-0.13622906779441907,-0.2006213690867754,-0.30013235021096574,-0.4822865589484902,-0.5164468427336566,-0.5389751429410323,-0.6500761109079205,5.629531465275559,-0.7831573154199563,5.397786188910529,-1.0054984837206131,5.190595328506877,4.747533965721282,-2.036400159612735,3.870483198636802,-2.9844318057921675,2.890440795573931,2.4009778146862697,2.1926295720768234,2.1542519072428674,2.0516479018375344,1.8011297284385326,1.4918112457295332,7.454323607806868,0.8705420383514274,0.7758163793080766,7.050361466500465,0.8058112998617151,0.6590116969735896,0.4373824622031747,0.47004517825115893,0.43632446865241925,0.44799852155380887,0.5532172055421893,0.5568061670011389,6.680710711290191,0.09130862656953596,6.206034923267574,6.09445322217869,5.9441394554505775,5.656412416856223,5.464359744956523,5.323227354437507,5.376207749090817,5.64069297645936,5.802489389775873,5.779093714777948,5.789681941485463,5.666500117652304,5.505607407804766,5.4597719392153055,5.3698032427869125,5.045376677709936,4.730435734224557,4.1466744341886965,3.9927034488232946,3.7000029978989635,3.380823264157712,3.094748028532414,2.776876292370719,2.752744117754544,2.7446708689360624,2.6641116156994102,2.3336964128507467,2.0707932224217043,1.9212954171485435,1.8379297304973412,1.6021229257757703,1.3061130742032987,7.37184258227357,7.068737674854751,6.74768887843754,6.263776587069615,5.899333367032327,-0.6925936951815724,5.348182829468694,5.338165702638481,-0.9943247644696526,5.207114368824058,5.133958641070652
2.64099999999982,0.32301531392876953,-0.34296577700443187,5.111478138964681,5.021301575925659,4.965954971167571,4.824792189214328,4.4560448003586535,4.1406198287566935,3.8764536514200048,9.644201233579517,2.713784314222712,2.158485764675743,1.4996307242697973,0.9186660903583589,0.404496733334097,-0.1786140850895493,5.815098417535791,-0.5240931782542069,5.747350601151747,5.8432181528204845,-0.44662714910765405,-0.37261218153756687,-0.14278594425079216,-0.20751246547474228,-0.307239695651071,-0.4894947731556352,-0.5236455403792012,-0.5460667788141393,-0.6569761865038111,5.622889138443349,-0.789488122523279,5.391801737236823,-1.0111136784993386,5.185359081000611,4.742718282885279,-2.040788013436254,3.8664882864188708,-2.9880079690441557,2.8872300863143407,2.3981249701227703,2.190076435584417,2.151967254979991,2.0496063375865514,1.7993100950474734,1.4901907988698297,7.452880712293632,0.8692604281094307,0.77468434701027,7.049384048246153,0.8050061325316682,0.6584100702183862,0.43702789944998877,0.46997944405528846,0.4365996449280622,0.44866666210962836,0.5543287438966709,0.5583982349795484,6.682817098134587,0.09395966625819054,6.209205474411416,6.098113354284883,5.948247857717188,5.660920811338356,5.469183146852954,5.328276579723838,5.381387236142468,5.645905921339265,5.807635141691476,5.784077151215372,5.794413112938598,5.670895697920619,5.509596033012769,5.463304587364931,5.372841635539296,5.047876617237631,4.732400990731134,4.148056784242031,3.993637154690004,3.7005361357072313,3.381030182495813,3.0947193976434626,2.7767033181220087,2.752522797976169,2.744484972473763,2.664035692646495,2.3338008219221096,2.071120336536616,1.9218678173015122,1.8387572782535517,1.6032101590414247,1.3074514478806147,7.3734076735650715,7.070512803850057,6.7496552713520925,6.265932460933459,5.901662192192045,-0.6900937324720995,5.350858603221724,5.341023194250673,-0.991274528453167,5.210364172094069,5.137405575784223
2.650999999999819,0.32322880985334257,-0.34295362543672087,5.115103056446257,5.025076557330966,4.969832243326254,4.828707591358099,4.459914673906955,4.1443460481528565,3.87993106387686,9.647278472549614,2.716290521577704,2.1603367351926246,1.50066347929723,0.9188356924360441,0.40377346489462557,-0.18031055033694152,5.812541649897105,-0.5274649957913609,5.7431988076084775,5.838339130882078,-0.45215359345970896,-0.37869425615284696,-0.14932803857958374,-0.21438841641436787,-0.31433219535140444,-0.49668906800934426,-0.5308317465649899,-0.553147731467065,-0.6638676195387021,5.616253385930727,-0.7958143398809023,5.3858201367383085,-1.0167274505552824,5.180123176944603,4.737902028999501,-2.0451771163900996,3.8624916820615063,-2.991586277587926,2.8840168698991753,2.3952692233350037,2.1875201033434197,2.1496792151585855,2.0475613481692565,1.7974872364262127,1.4885676460105264,7.451435980634359,0.8679781713123332,0.7735530535440416,7.04840887628564,0.8042047066668963,0.6578135169367578,0.43667942525984926,0.4699203571014831,0.4368814885724553,0.4493409301326547,0.5554453347532274,0.5599937838096016,6.684924947707501,0.0966097749127661,6.212372736881699,6.101767935045402,5.952348614002534,5.665419678490788,5.473995578627806,5.333313831166603,5.386554199782963,5.651106235038433,5.812768605121958,5.789049065981887,5.79913394093921,5.675282492123211,5.5135777725090716,5.466832533642513,5.3758777198613625,5.050376816779169,4.734369081107189,4.149444641281013,3.9945785161941108,3.701078717264809,3.381247819650751,3.0947021376644277,2.7765417016904594,2.7523121913648065,2.7443085696019844,2.663967577660701,2.3339109350675185,2.0714509850948133,1.9224417358191292,1.839584624116559,1.60429584436231,1.3087874326561029,7.374970107685576,7.072285518199229,6.751619908148086,6.268087546633064,5.903991193023605,-0.6875928115886469,5.353535765729385,5.343882040948295,-0.988223504151223,5.213613651874054,5.140850589549581
2.660999999999818,0.32343254125903315,-0.34292992969841507,5.118724062123273,5.02884546495732,4.97370126332818,4.832612716025723,4.463772495807099,4.148059005208047,3.883394651956407,9.650341963103072,2.7187837579899248,2.1621761611841324,1.5016866728986311,0.9189981284878631,0.4030457181494833,-0.18200859730338573,5.809986242705669,-0.5308324822021805,5.739054185312749,5.833469904129574,-0.45766809681340637,-0.38476273431360275,-0.15585543525996848,-0.2212493066528384,-0.32140992795716344,-0.5038695096722646,-0.538005509921693,-0.5602180286561451,-0.6707504157708012,5.609624221891669,-0.8021359373079253,5.379841427469082,-1.022339756753713,5.174887656095222,4.733085235184968,-2.0495674489455724,3.858493394596865,-2.995166730218515,2.8808011454197304,2.3924105771379724,2.1849605857303036,2.1473878080067914,2.0455129639139247,1.7956611909437978,1.486941829041465,7.4499894520891665,0.8666952980990822,0.772422514886746,7.0474359486290705,0.8034070006151431,0.6572219962333415,0.4363369824135516,0.4698678495392656,0.4371699273799098,0.4500212556728315,0.5565669164356025,0.5615927651143533,6.687034228934562,0.09925894153844826,6.215536717943058,6.105416987548698,5.956441760389453,5.669909064593673,5.478797092885934,5.338339164724282,5.391708697080467,5.656293974201055,5.817889835156124,5.794009511657837,5.803844474390339,5.679660544120392,5.517552663218246,5.470355805423251,5.378911511062127,5.052877277354271,4.736339990007624,4.150837971658595,3.995527482661965,3.7016306768102973,3.381476098591501,3.0946961659170693,2.7763913615394196,2.75211222450987,2.7441416016604436,2.663907232326555,2.3340267391540475,2.0717851805097514,1.9230172078337573,1.8404118210622475,1.6053800463876422,1.3101210967656216,7.376529947814003,7.07405586786398,6.753582819073671,6.270241848952176,5.9063203495088,-0.6850909744983763,5.356214258506091,5.346742175065615,-0.9851717604478103,5.216862746298873,5.144293634997505
2.670999999999817,0.3236265543741152,-0.3428946957206212,5.12234112936657,5.032608295886483,4.977562052842141,4.836507608058437,4.467618331189648,4.1517587788955,3.8868445014670567,9.65339179113966,2.721264102969208,2.1640041116143913,1.5027003605704967,0.9191534396458434,0.40231351958390527,-0.18370821405071724,5.807432192524043,-0.5341956575092016,5.734916697641909,5.828610419607178,-0.4631707257977719,-0.3908176933420659,-0.16236821804135895,-0.2280952201275379,-0.32847297132090925,-0.5110361636466567,-0.5451668786563997,-0.5672776980268883,-0.6776245811920507,5.603001659939098,-0.8084528853862997,5.373865648622613,-1.0279505547664614,5.169652557592745,4.728267932269186,-2.053958991493589,3.8544934334440453,-2.998749325120476,2.877582912625975,2.389549034888231,2.1823978934383144,2.1450930537789272,2.043461214866703,1.7938319964132954,1.485313389115396,7.448541165130816,0.8654118379096977,0.7712927465172001,7.0464652630681,0.8026129928202904,0.6566354676136772,0.4360005143424559,0.46982185431696927,0.43746488998487976,0.4507075695563393,0.5576934278939015,0.5631951309347976,6.689144910917666,0.10190715506920185,6.2186974246052875,6.109060534514258,5.960527332545177,5.674389015522802,5.483587741885527,5.343352636085855,5.3968507849062854,5.661469195325937,5.822998886753844,5.798958540675632,5.8085447620008575,5.684029897517409,5.521520741754194,5.473874429746933,5.381943024133925,5.055377999732622,4.738313701964995,4.1522367417911425,3.9964840036995923,3.7021919490866475,3.3817149429920663,3.0947014005682134,2.776252217029463,2.751922824844495,2.7439840106746813,2.6638546186634193,2.334148221142753,2.0721229349324384,1.9235942678939735,1.8412389212291824,1.6064628287640512,1.3114525073964,7.378087256161112,7.075823902038634,6.755544033905144,6.272395372584688,5.908649641911304,-0.6825882625548432,5.358894023933667,5.349603529949741,-0.9821193651850424,5.220111394452721,5.14773466550535
2.6809999999998158,0.32381089574086475,-0.34284792815717124,5.125954232002473,5.036365047326487,4.981414633333559,4.8403923118012715,4.471452244459752,4.155445447346847,3.8902806973711073,9.656428041813268,2.72373163545645,2.165820655064136,1.5037045975924215,0.9193016669371603,0.40157689563634175,-0.1854093886771056,5.80487949589701,-0.5375545417042467,5.730786308088221,5.823760624606478,-0.46866154663758586,-0.39685920998711904,-0.16886646995167512,-0.23492623997839487,-0.33552140251689916,-0.5181890947878246,-0.5523159005621969,-0.5743267671173401,-0.6844901220239943,5.59638571315602,-0.8147651554484535,5.3678928385502624,-1.0335598030548527,5.164417919973669,4.723450150790319,-2.0583517243497806,3.8504918083966437,-3.002334059885467,2.8743621719082544,2.3866846004689597,2.179832037468316,2.142794972753469,2.041406130796939,1.7919996901034767,1.483682366663707,7.447091157461424,0.8641278194999283,0.7701637634259584,7.045496817180318,0.8018226618205047,0.6560538909766879,0.4356699651167925,0.4697823051681182,0.4377663058486604,0.45139980337461355,0.5588248086973467,0.5648008337270722,6.6912569629367304,0.10455440437355151,6.2218548636313615,6.1126985983011135,5.964605365728764,5.678859576754726,5.488367577540349,5.348354300670188,5.40198051993198,5.666631954762255,5.828095814741606,5.803896205316249,5.81323485228383,5.688390595665297,5.525482044423624,5.477388433323634,5.384972273759531,5.05787898444138,4.7402902013960215,4.153640918162559,3.997448029193324,3.702762469337663,3.381964277223841,3.0947177606187064,2.77612418840529,2.7517439206322596,2.7438357393445028,2.6638096991174187,2.33427536808585,2.072464260254272,1.9241729499725049,1.8420659759305444,1.6075442541501281,1.3127817307023206,7.379642093983609,7.077589669161294,6.757503581953876,6.2745481221361326,5.910979050772819,-0.6800847165067092,5.361575005248812,5.352466039945808,-0.9790663851784902,5.223359536355197,5.151173635186422
2.6909999999998147,0.3239856122093577,-0.3427896303986053,5.129563344306957,5.040115716611313,4.985259026069562,4.844266871112712,4.475274299309923,4.159119087865555,3.893703323796543,9.659450799539892,2.726186433826497,2.1676258597290947,1.504699439022306,0.9194428512784014,0.4008358726939413,-0.1871121093185371,5.802328149353287,-0.5409091547441968,5.726662980264179,5.818920466670748,-0.4741406251520143,-0.4028873604273954,-0.1753502733054982,-0.2417424485599629,-0.3425552978550573,-0.525328367317172,-0.5594526230274516,-0.5813652633613023,-0.69134704471369,5.589776394106419,-0.8210727195612963,5.361923034779358,-1.0391674608530506,5.159183781182728,4.718631921001288,-2.062745627759454,3.846488529610634,-3.0059209315294013,2.8711389242794394,2.383817278275374,2.1772630291198363,2.1404935852310594,2.0393477412023655,1.790164308750211,1.4820488014117879,7.445639466028816,0.8628432709556041,0.7690355801253973,7.0445306083336074,0.8010359862464691,0.6554772266073599,0.43534527943423673,0.46974913659809275,0.4380741052463387,0.45209788947354496,0.5599609990271218,0.5664098263596482,6.693370354451343,0.107200678260182,6.225009041545244,6.116331200916143,5.96867589479838,5.683320793371806,5.493136651421974,5.353344213625487,5.407097958626625,5.671782308705452,5.833180673808222,5.80882255770585,5.81791479355497,5.692742681661739,5.529436607229488,5.48089784253933,5.387999274319147,5.060380231772508,4.742269472607914,4.155050467328279,3.9984195093103527,3.7033421733045193,3.382224026348067,3.094745165892553,2.776007196782865,2.751575440954148,2.7436967310326317,2.663772436553525,2.334408167123962,2.072809168109834,1.9247532874740365,1.84289303566588,1.6086243842307464,1.3141088318189729,7.381194521598045,7.079353216924882,6.759461492073138,6.2767001021251465,5.913308556909272,-0.6775803765063342,5.3642571465307425,5.355329640382393,-0.9760128862322739,5.226607112947636,5.154610498879512
2.7009999999998136,0.32415075093137996,-0.3427198045857488,5.133168440999929,5.043860301200549,4.989095252123953,4.848131329374143,4.479084558732524,4.162779776940114,3.8971124640485937,9.662460148005481,2.7286285758910487,2.1694197934185127,1.5056849396918013,0.9195770334700859,0.4000904770882306,-0.18881636415021635,5.799778149407188,-0.5442595165469424,5.722546677907565,5.814089893598993,-0.4796080267534316,-0.40890222027443496,-0.1818197097121122,-0.24854392745324244,-0.34957473289459434,-0.5324540448348946,-0.5665770930448047,-0.58839321409141,-0.6981953559296747,5.58317371484591,-0.8273755505105979,5.355956274030828,-1.0447734881518043,5.153950178584627,4.713813272873766,-2.067140681902407,3.8424836075925586,-3.0095099365091738,2.867913171357498,2.3809470732004803,2.174690879982295,2.138188911532522,2.037286075314134,1.7883258885675821,1.4804127323940377,7.444186127042529,0.8615582197066926,0.7679082106596137,7.043566633690457,0.8002529448196961,0.6549054351696126,0.43502640260874453,0.4697222838710732,0.4383882192539938,0.45280176094285707,0.5611019396692966,0.5680220621105041,6.695485055102301,0.10984596548336009,6.228159964639498,6.119958364022201,5.972738954218444,5.687772710067204,5.497895014762034,5.3583224298288314,5.412203157254154,5.676920313193278,5.838253518500668,5.8137376498125075,5.82258463393116,5.697086198351962,5.5333844658743665,5.4844026834613935,5.391024039897222,5.062881741789938,4.744251499804541,4.156465355919124,3.999398394499212,3.703930997222283,3.38249411610839,3.0947835370262156,2.7759011641367697,2.751417315695749,2.7435669297535843,2.6637427942478076,2.3345466054834323,2.073157669879644,1.925335313242899,1.843720150132665,1.6097032797311623,1.31543387487848,7.382744598394522,7.081114592287983,6.76141779266484,6.278851316984914,5.915638141407065,-0.6750752821182535,5.366940392689002,5.358194267557137,-0.9729589331539121,5.229854066079653,5.158045212138637
2.7109999999998124,0.32430635935444907,-0.34263845162288836,5.136769497239609,5.047598798679054,4.992923332382061,4.851985729499087,4.482883085031993,4.1664275902569115,3.900508200621086,9.66545617017366,2.731058138901591,2.1712025235538284,1.5066611542019812,0.919704254191429,0.39934073509098605,-0.190522141387893,5.79722949256022,-0.5476056469875079,5.718437364886258,5.809268853449726,-0.4850638164464259,-0.4149038645758929,-0.18827486008343347,-0.2553307574772505,-0.3565797824572853,-0.53956619033232,-0.5736893572198849,-0.595410646542074,-0.7050350625579752,5.576577686932178,-0.8336736217857298,5.349992592236412,-1.0503778456825905,5.148717148975491,4.708994236102108,-2.0715368668976177,3.838477053188025,-3.013101070738973,2.8646849153485,2.378073990621155,2.1721156019264307,2.135880971996915,2.035221162101707,1.7864844652587275,1.478774197968523,7.442731175989435,0.8602726925410655,0.766781668614139,7.042604890212227,0.7994735163509187,0.6543384776993569,0.43471328055964265,0.4697016829972581,0.43870857973613925,0.4535113516056584,0.5622475720078406,0.5696374946642879,6.697601034713048,0.11249025474818493,6.231307638982697,6.123580108946057,5.976794578066645,5.692215371149787,5.502642718454457,5.363289003885761,5.417296171870845,5.682046024101972,5.843314403220067,5.81864153344306,5.827244421329045,5.701421188329634,5.537325655763818,5.487902981843993,5.394046584289146,5.065383514336572,4.74623626709244,4.157885550645025,4.0003846354901995,3.7045288778164425,3.3827744729234994,3.094832795458081,2.775806013287768,2.751269475534689,2.7434462801627517,2.663720735879828,2.3346906704736923,2.0735097766928843,1.9259190595706361,1.8445473682376876,1.610781000430898,1.3167569230241032,7.384292382850183,7.082873841485571,6.763372511686169,6.2810017710645765,5.917967785619351,-0.6725694723275404,5.369624689451466,5.361059858722597,-0.9699045897689375,5.233100338495921,5.161477731222933
2.7209999999998113,0.32445248521594533,-0.34254557119055945,5.140366488616988,5.051331206756608,4.9967432875454865,4.855830113942249,4.486669939836811,4.170062602712867,3.9038906152075548,9.668438948293382,2.7334751995523554,2.1729741171674917,1.5076281369192437,0.9198245539953426,0.3985866729102882,-0.1922294292891153,5.794682175302641,-0.5509475658943432,5.7143350052028,5.8044572945445285,-0.4905080588269787,-0.4208923678187979,-0.19471580464183194,-0.2621030187003442,-0.36357052064041606,-0.5466648662039059,-0.5807894617797517,-0.602417587852289,-0.7118661716981689,5.569988321435182,-0.8399669075647616,5.344032024555468,-1.055980494902134,5.143484728594045,4.704174840107184,-2.0759341628077883,3.834468877570493,-3.016694329606181,2.8614541590300155,2.375198036384549,2.169537207095906,2.1335697869795966,2.0331530302776226,1.7846400740264108,1.4771332358312925,7.441274647649047,0.8589867156179799,0.7656559671254738,7.0416453746633545,0.7986976797385592,0.6537763155977334,0.4344058598009692,0.4696872707203489,0.43903511933340383,0.45422659600816767,0.5633978380177157,0.5712560781094667,6.699718263291012,0.1151335347156711,6.234452070426649,6.127196456686151,5.980842800040809,5.69664882054898,5.507379813057719,5.368243990129931,5.422377058322901,5.687159497142566,5.848363382217808,5.823534260240076,5.831894203463694,5.705747693937784,5.541260212009677,5.4913987631334,5.397066921007797,5.067885549041109,4.748223758486656,4.159311018298615,4.001378183295714,3.7051357522994417,3.383065023879869,3.0948928634180954,2.775721667890599,2.751131851928289,2.743334727545683,2.66370622552519,2.3348403494846934,2.073865499430089,1.9265045582034572,1.845374738108252,1.6118576051774092,1.3180780384246285,7.385837932542516,7.084631010039554,6.765325676656122,6.28315146863062,5.9202974711623755,-0.6700629855480548,5.372309983352496,5.363926352072305,-0.9668499189352784,5.236345873823145,5.164908013086741
2.7309999999998102,0.32458917653735075,-0.342441161757955,5.143959391150397,5.0550575232675525,5.000555138136725,4.859664524708345,4.490445184111195,4.173684888427787,3.907259788712165,9.671408563906406,2.735879833983293,2.1747346409019186,1.5085859419714207,0.919937973303666,0.3978283166867531,-0.19393821615441378,5.792136194114953,-0.554285293045779,5.710239562998744,5.7996551654713535,-0.49594081808181373,-0.4268678039328559,-0.20114262292784416,-0.26886079045130634,-0.3705470208294082,-0.553750134258906,-0.5878774525810779,-0.6094140650683187,-0.718688690659492,5.56340562894716,-0.8462553826999001,5.338074605391371,-1.061581397977301,5.138252953132525,4.699355114040133,-2.0803325496437743,3.8304590922303605,-3.0202897079868847,2.8582209057349295,2.372319216794802,2.16695570789909,2.131255376850319,2.0310817083021138,1.7827927495833362,1.4754898830303669,7.43981657610848,0.8577003144812804,0.7645311188904439,7.040688083615507,0.797925413967268,0.6532189106245287,0.4341040874310564,0.4696789845052953,0.4393677714504468,0.45494742940960736,0.5645526802580546,0.5728777669354681,6.701836711028851,0.11777579400766836,6.237593264613419,6.130807427920177,5.984883653465629,5.701073101819528,5.512106348797088,5.373187442622839,5.427445872244133,5.692260787857338,5.853400509591786,5.828415881678913,5.836534027847342,5.71006575726973,5.545188169433312,5.494890052473187,5.40008506328994,5.070387845324717,4.75021395791643,4.160741725758715,4.002378989210535,3.705751558367234,3.3833656967245744,3.0949636639175524,2.775648052421964,2.7510043771014474,2.7432322178075808,2.6636992276482374,2.3349956299844026,2.074224848725797,1.9270918403495731,1.846202307103211,1.6129331518995453,1.3193972822885351,7.387381304162457,7.086386142769175,6.76727731466196,6.285300413868248,5.922627179911862,-0.667555859630579,5.374996221721288,5.366793686727046,-0.9637949825574137,5.239590616557286,5.168336015369843
2.740999999999809,0.32471648161859457,-0.34232522059496107,5.14754818128016,5.058777746170437,5.004358904503706,4.863489003360761,4.494208878166566,4.177294520756474,3.910615801260411,9.674365097854729,2.7382721177830756,2.1764841610085823,1.5095346232441,0.9200445524026163,0.39706569248993523,-0.1956484903284186,5.789591545469351,-0.5576188481666372,5.706151002558763,5.794862415087618,-0.5013621579879063,-0.4328302462937959,-0.2075553938077807,-0.27560415133019667,-0.37750935571013006,-0.5608220557327164,-0.5949533751180767,-0.6164001051462557,-0.7255026269569927,5.556829619592417,-0.8525390227032645,5.3321203684075265,-1.067180517770356,5.1330218577473365,4.6945350867860425,-2.0847320073688786,3.8264477089643174,-3.0238872002609996,2.8549851593356355,2.3694375386000686,2.164371117001026,2.12893776199134,2.029007224387607,1.7809425261622092,1.473844175979398,7.438356994777063,0.8564135140723309,0.7634071361753831,7.039733013451685,0.7971566981065344,0.6526662248917622,0.43380791112234934,0.4696767625262972,0.4397064702441015,0.45567378777226375,0.5657120418654199,0.5745025160298122,6.703956348305596,0.12041702121162216,6.240731226982177,6.1344130430125015,5.98891717129929,5.7054882581462145,5.5168223755668695,5.378119415153595,5.432502669053767,5.697349951616379,5.8584258392827895,5.833286449064908,5.84116394178818,5.714375420170037,5.549109562568846,5.498376874709339,5.403101024102507,5.072890402407558,4.752206849230739,4.162177639993677,4.003387004812047,3.7063762341958335,3.383676419858211,3.095045120739043,2.775585092168722,2.7508869840347416,2.743138697462981,2.66369970709489,2.335156499516352,2.0745878349711755,1.92768093668642,1.847030121823826,1.614007697620802,1.3207147148779506,7.38892255352731,7.088139283801278,6.769227452365563,6.287448610882719,5.924956893999428,-0.6650481318708408,5.37768335267037,5.369661802721331,-0.9607398416003016,5.242834512050959,5.171761696387879
2.750999999999808,0.3248344490325039,-0.34219774378383705,5.15113283586332,5.062491873547645,5.0081546068242035,4.86730359103,4.4979610816727424,4.1808915723005855,3.913958732209619,9.67730863028788,2.740652125992117,2.1782227433472285,1.5104742343771478,0.9201443314384521,0.3962988263148937,-0.19736024020091253,5.787048225831121,-0.5609482509249941,5.702069288314564,5.79007899252308,-0.5067721419121457,-0.438779767726756,-0.21395419548122976,-0.28233317921897716,-0.38445759728090545,-0.5678806912979075,-0.602017274530184,-0.623375734954464,-0.7323079883077338,5.550260303036901,-0.8588178037329897,5.326169346543002,-1.0727778178245713,5.127791477069448,4.689714786967551,-2.089132515903034,3.822434739864984,-3.027486800327021,2.8517469242286144,2.3665530089798392,2.1617834473155604,2.1266169627955636,2.0269296065030966,1.7790894375255486,1.4721961504710153,7.436895936400674,0.8551263387426761,0.7622840308251444,7.038780160370278,0.7963915113093633,0.6521182208574399,0.43351727911145777,0.46968054365505424,0.4400511506117427,0.4564056077517111,0.566875866547146,0.5761302806752356,6.706077145687712,0.12305720488517975,6.243865962775872,6.138013322021391,5.992943386139928,5.70989433234849,5.521527942932649,5.383039961238762,5.437547503954334,5.7024270436142945,5.863439425070987,5.838146013530656,5.84578399238923,5.718676724235474,5.553024425666324,5.501859254395263,5.406114816148727,5.07539321931514,4.7542024162036896,4.163618728064626,4.0044021819603905,3.7070097184378845,3.3839971223278904,3.0951371584265566,2.775532713216291,2.750779606452739,2.7430541136256386,2.663707629085629,2.3353229456972473,2.074954468316613,1.9282718773677745,1.8478582281244575,1.615081298472369,1.3220303955223995,7.3904617355934645,7.089890476580403,6.771176116009693,6.289596063700665,5.927286595809062,-0.662539839017428,5.380371325084275,5.372530640990091,-0.9576845561030886,5.246077506501074,5.175185015122905
2.760999999999807,0.32494312761935784,-0.3420587262305387,5.154713332168475,5.066199903605022,5.011942265110161,4.87110832842196,4.5017018536689175,4.1844761149202405,3.91728866015926,9.680239240670115,2.7430199331056087,2.179950453385218,1.5114048287614241,0.9202373504133451,0.3955277440789181,-0.1990734542078234,5.784506231659987,-0.5642735209290906,5.697994384848574,5.785304847182501,-0.512170832811146,-0.4447164405097046,-0.22033910548845814,-0.28904795129191596,-0.3913918168642261,-0.5749261010749566,-0.6090691956095027,-0.6303409812759097,-0.7391047826270395,5.543697688497591,-0.8650917025796451,5.320221572027788,-1.0783732623501803,5.12256184521455,4.684894242948367,-2.09353405512686,3.8184201973108074,-3.031088501616407,2.8485062053193873,2.363665635532559,2.159192711997654,2.1242929996647018,2.0248488823783912,1.777233516975263,1.470545841689862,7.43543343307571,0.8538388122664443,0.7611618142719422,7.037829520389056,0.7956298328110163,0.6515748613194715,0.4332321401894323,0.4696902674492617,0.44040174817987493,0.4571428266871957,0.5680440985747598,0.5777610165468123,6.708199073930077,0.12569633356064627,6.24699747704771,6.141608284706097,5.996962330231991,5.714291366885053,5.526223100133539,5.387949134122252,5.442580431929659,5.707492118867028,5.868441320572577,5.8429946260333905,5.850394226547272,5.722969710815988,5.556932792694849,5.505337215796717,5.409126451874141,5.077896294884533,4.7562006425397465,4.165064957128576,4.0054244727985555,3.7076519502192378,3.384327733820326,3.095239702275738,2.775490842437238,2.750682178812521,2.7429784139985944,2.6637229592086165,2.3354949562146374,2.075324758674278,1.9288646920307608,1.8486866711230903,1.61615400970598,1.3233443826323428,7.391998904468931,7.091639763878748,6.7731233314241654,6.291742776271383,5.929616267973633,-0.6600310172795912,5.383060088608385,5.375400143355562,-0.9546291851926015,5.249319546936643,5.17860593121413
2.770999999999806,0.3250425664815427,-0.34190816167570315,5.158289647870669,5.069901834671482,5.015721899211904,4.874903255826023,4.505431252574389,4.18804821974541,3.9206056629610613,9.683157007787525,2.7453756130765785,2.1816673561969897,1.5123264595356898,0.9203236491814469,0.3947524716184061,-0.20078812083215794,5.781965559411407,-0.5675946777243832,5.693926256897448,5.780539928748114,-0.517558293231198,-0.4506403363768961,-0.2267102007177116,-0.2957485440257757,-0.3983120851181774,-0.581958344642683,-0.6161091828080155,-0.6372958708103806,-0.7458930180247894,5.537141784751686,-0.8713606966529669,5.3142770763977,-1.0839668162106633,5.117332995792973,4.680073482836725,-2.097936604885612,3.814404093956225,-3.0346922971076014,2.845263008007826,2.360775426263532,2.1565989244358508,2.1219658930074594,2.022765079508253,1.7753747973619907,1.4688932842253342,7.433969516262782,0.8525509578524917,0.7600404975440307,7.03688108934912,0.7948716419278175,0.6510361094097442,0.43295244369226077,0.4697058741413428,0.44075819929293547,0.4578853825921791,0.5692166827774837,0.579394679709068,6.7103221039768615,0.12833439574929423,6.250125774667484,6.145197950533763,6.000974035472463,5.718679403858348,5.530907896084413,5.392846986775268,5.447601507742969,5.71254523220879,5.873431579236518,5.847832337352481,5.854994690951835,5.727254421015699,5.560834697345666,5.508810782896636,5.412135943472479,5.0803996277704355,4.758201511878851,4.166516294441438,4.006453829752421,3.708302869135541,3.384668184655001,3.095352678324289,2.775459407480067,2.750594636292415,2.7429115468644327,2.663745663412955,2.3356725188246337,2.075698715720646,1.9294594098027527,1.8495154952117017,1.6172258857065662,1.3246567337125137,7.3935341134257,7.093387187805988,6.775069124031934,6.293888752468117,5.931945893371459,-0.6575217023349401,5.385749593637929,5.378270252514378,-0.9515737870966253,5.2525605812068195,5.182024404948791
2.7809999999998047,0.3251328149783097,-0.3417460427052956,5.16186176104638,5.0735976651986165,5.0194935288222595,4.878688413122967,4.509149336199075,4.191607957187055,3.92390981772894,9.686062009755027,2.747719239318968,2.1833735164636385,1.5132391795836884,0.9204032674451516,0.3939730346858891,-0.20250422860488015,5.779426205537835,-0.5709117407907338,5.68986486935537,5.775784187181901,-0.5229345853083552,-0.45655152652235576,-0.23306755741241605,-0.3024350332097924,-0.4052184720475863,-0.5889774810484025,-0.6231372802445777,-0.6442404301766009,-0.7526727028017559,5.530592600145596,-0.8776247639688899,5.308335890508935,-1.0895584449093625,5.112104961919361,4.675252534488759,-2.102340144993015,3.8103864427220704,-3.0382981793397166,2.8420173381738225,2.3578823895731,2.1540020982449164,2.1196356632377484,2.020678225156416,1.7735133110942103,1.4672385120840192,7.432504216800107,0.8512627981562969,0.7589200912742184,7.0359348629187926,0.7941169180560157,0.6505019285883511,0.43267813949157996,0.46972730462741624,0.4411204410023085,0.458633214145036,0.5703935645358168,0.5810312266130923,6.712446206962342,0.1309713799455302,6.2532508603277215,6.1487823386861855,6.0049785334169705,5.723058485019014,5.535582379378151,5.397733571896314,5.4526107859350645,5.717586438289136,5.878410254341399,5.852659198087009,5.859585432084251,5.731530895693893,5.564730173035225,5.5122799793998745,5.415143302891415,5.082903216451093,4.760205007801373,4.167972707360926,4.007490205530739,3.708962415248837,3.385018405777423,3.0954760133425188,2.7754383367581914,2.7505169147809196,2.742853461075716,2.663775708002072,2.3358556213496895,2.0760763488990044,1.9300560593081717,1.850344744066465,1.6182969800047138,1.325967505375056,7.3950674149119076,7.095132789818949,6.777013518855083,6.296033996089298,5.934275455122905,-0.6550119293370298,5.388439791307134,5.3811409120248515,-0.9485184191569724,5.255800557969107,5.185440397253184
2.7909999999998036,0.3252139227206298,-0.3415723607609345,5.165429650168586,5.077287393760293,5.023257173480575,4.882463839792709,4.512856161753792,4.195155396948049,3.927201200848752,9.688954324023287,2.7500508847107175,2.185068998472606,1.5141430415314103,0.9204762447515404,0.39318945894719937,-0.2042217661057357,5.776888166489924,-0.5742247295397301,5.685810187277175,5.771037572727679,-0.52829977076865,-0.46245008160339424,-0.23941125117828135,-0.3091074939554495,-0.41211104701489787,-0.5959835688178038,-0.6301535317116896,-0.6511746859142437,-0.7594438454459888,5.524050142603758,-0.883883883136875,5.302398044552263,-1.0951481145764141,5.106877776222132,4.670431425511815,-2.106744655234991,3.8063672567862334,-3.041906140425875,2.8387692021632973,2.3549865342451075,2.1514022472586283,2.1173023307729224,2.018588346359497,1.771649090147134,1.4655815587018557,7.431037564916585,0.8499743552916101,0.7578006057082235,7.034990836597466,0.7933656406707059,0.6499722826379672,0.43240917798559686,0.4697545004564907,0.44148841105554637,0.45938626067990534,0.5715746897751945,0.5826706140936482,6.71457135421163,0.13360727463092328,6.256372738549672,6.15236146806641,6.00897585528576,5.727428651770253,5.540246598287858,5.402608941911235,5.457608320822606,5.722615791570122,5.8833773989924225,5.857475258653447,5.864166496216771,5.7357991754660445,5.5686192529081815,5.515744828737859,5.418148541838197,5.085407059234089,4.7622111138329455,4.169434163349348,4.008533553125055,3.7096305290841762,3.385378328752454,3.095609634824035,2.775427559439098,2.750448950865835,2.742804106045605,2.6638130596272473,2.3360442516764275,2.0764576674219257,1.930654668675184,1.8511744606577987,1.6193673452889334,1.3272767533524612,7.39659886056383,7.0968766107311305,6.778956540520733,6.2981785108597785,5.93660493658703,-0.6525017329228451,5.39113063347856,5.384012066294454,-0.9454631378423436,5.259039426677774,5.188853869683843
2.8009999999998025,0.325285939566148,-0.3413871061498952,5.168993294101894,5.080971019052238,5.027012852576639,4.886229574921872,4.516551785860326,4.198690608033886,3.9304798879878646,9.691834027385543,2.7523706215968757,2.1867538661174777,1.515038097744523,0.9205426204890079,0.3924017699787739,-0.20594072196402508,5.774351438717692,-0.577533663312136,5.681762175881287,5.766300035913017,-0.533653910928432,-0.4683360717441459,-0.24574135699030897,-0.31576600070605254,-0.4189898787507884,-0.6029766659645573,-0.6371579806820631,-0.6580986644858458,-0.7662064546292432,5.5175144196372665,-0.8901380333475254,5.2964635680669225,-1.1007357919559895,5.1016514708527,4.665610183267683,-2.1111501153732855,3.802346549574557,-3.0455161720662165,2.835518606774552,2.352087869435621,2.1487993855227314,2.1149659160320344,2.016495469930798,1.769782166071383,1.4639224569560072,7.42956959024462,0.8486856508418609,0.7566820507128722,7.034049005719383,0.792617789324805,0.6494471356583732,0.4321455100902133,0.4697874038198829,0.44186204788579353,0.46014446217769184,0.572760004959728,0.5843127993662818,6.716697517241324,0.13624206827809834,6.259491413689143,6.155935357305176,6.012966031969573,5.731789945172147,5.544900600769109,5.407473148973326,5.46259416649648,5.727633346323597,5.888333066118498,5.862280569283443,5.868737929411734,5.740059300704831,5.5725019698403715,5.519205354073166,5.421151671785162,5.087911154261966,4.764219813449153,4.170900629976295,4.009583825809597,3.7103071516262407,3.385747885757731,3.09575347097658,2.775427005433687,2.7503906818235824,2.7427634317386502,2.66385768528126,2.336238397753531,2.0768426802737077,1.9312552655422983,1.8520046872602638,1.6204370334177451,1.328584532510317,7.3981285012176885,7.098618690722107,6.780898213266874,6.3003223004320414,5.938934321358287,-0.6499911472201767,5.393822072732567,5.386883660567489,-0.9424079987609877,5.262277137572452,5.192264784418858
2.8109999999998014,0.32534891561423296,-0.34119026805480795,5.17255267209776,5.08464853989161,5.030760585354518,4.889985657211198,4.520236264561288,4.202213658763165,3.9337459541045576,9.694701195984303,2.7546785217927203,2.1884281828978867,1.5159244003259642,0.9206024338840584,0.3916099932650902,-0.20766108485932877,5.771816018671645,-0.5808385613754655,5.677720800552494,5.761571527550976,-0.5389970666948245,-0.4742095665391312,-0.2520579491997053,-0.3224106272461095,-0.4258550353645241,-0.6099568299996648,-0.6441506703149842,-0.6650123922786298,-0.7729605392034515,5.510985438352322,-0.8963871943604784,5.290532489954155,-1.106321444393838,5.096426077494502,4.660788834875775,-2.1155565051489833,3.7983243347519644,-3.0491282655605856,2.8322655592449464,2.349186404661915,2.1461935272880432,2.1126264394341256,2.014399622464011,1.7679125700014502,1.4622612391764673,7.428100321832635,0.8473967058713296,0.7555644357841436,7.033109365457386,0.7918733436480809,0.6489264520611174,0.4318870872303514,0.46982595754085404,0.44224129060140877,0.4609077592572147,0.5739494570860179,0.5859577400244311,6.718824667760092,0.13887574935449823,6.262606889942165,6.159504024767223,6.016949094035391,5.736142405945907,5.549544434462159,5.412326244963479,5.4675683768202505,5.732639156628599,5.893277308469442,5.867075180021678,5.873299777520792,5.744311311541175,5.576378356441742,5.522661578303987,5.424152703975123,5.090415499517751,4.766231090080106,4.172372074921234,4.010640977141085,3.7109922243159796,3.3861270095771574,3.0959074507129998,2.775436605385794,2.7503420456087175,2.7427313886617517,2.6639095522921608,2.336438047589674,2.0772313962127926,1.9318578770648656,1.8528354654623083,1.6215060954315732,1.3298908968598568,7.3996563869213,7.1003590693467835,6.782838560948084,6.302465368387377,5.941263593263244,-0.6474802058548935,5.396514062356945,5.389755640912943,-0.9393530566731618,5.265513641666914,5.1956731042493365
2.8209999999998003,0.32540290120112314,-0.3409818345430509,5.176107763789761,5.088319955216574,5.034500390916285,4.8937321249827805,4.523909653329768,4.205724616777879,3.936999473457252,9.697555905318016,2.75697465658689,2.1900920119195177,1.5168020011136933,0.9206557239982702,0.39081415419622934,-0.20938284352218475,5.769281902803853,-0.5841394429216765,5.67368602684455,5.756851998741694,-0.544329298566295,-0.48007063505683867,-0.2583611015407019,-0.32904144671052227,-0.43270658435407033,-0.616924117940556,-0.6511316434624801,-0.6719158956062328,-0.7797061081972395,5.5044632054585145,-0.9026313464925747,5.284604838490449,-1.1119050398251242,5.091201627371785,4.6559674072162265,-2.1199638042859332,3.794300626213818,-3.0527424118209074,2.8290100672378977,2.346282149791717,2.1435846870037065,2.1102839213965376,2.0123008303368124,1.766040332663963,1.4605979371573965,7.426629788157326,0.8461075409360902,0.7544477700550628,7.032171910826597,0.7911322833462324,0.6484101965643173,0.4316338613314736,0.4698701050644585,0.442626078975783,0.461676093166502,0.5751429936770467,0.5876053940365358,6.7209527776691775,0.14150830632601757,6.265719171350521,6.163067488557436,6.020925071732077,5.740486074478061,5.554178146694163,5.417168281490377,5.472531005428704,5.737633276368851,5.898210178613301,5.8718591407238225,5.877852086184201,5.748555247865282,5.580248445059244,5.52611352406855,5.427151649426654,5.09292009283033,4.768244927114873,4.1738484659760005,4.011704960958517,3.7116856890472616,3.386515633594479,3.0960715036423587,2.775456290661886,2.7503029808436246,2.7427079278552946,2.6639686283171744,2.336643189251514,2.077623823774159,1.9324625299214844,1.853666836175866,1.6225745815644674,1.3311958995703272,7.401182566945533,7.102097785544514,6.784777607041195,6.304607718237057,5.943592736357376,-0.6449689419581145,5.399206556336704,5.392627954212538,-0.936298365503395,5.268748890738043,5.1990787925710125
2.8309999999997992,0.3254479468951648,-0.3407617925758515,5.1796585491889555,5.091985264085849,5.038232288225666,4.897469016187156,4.527572007078774,4.209223549053483,3.940240519613583,9.700398230247606,2.759259096744532,2.1917454158942062,1.5176709516785982,0.9207025297254209,0.39001427806556066,-0.21110598673472214,5.766749087568991,-0.5874363270649801,5.669657820482616,5.752141400873801,-0.5496506666333314,-0.4859193458433257,-0.2646508871372843,-0.33565853159359266,-0.4395445926159597,-0.623878586319942,-0.6581009426752961,-0.6788092007103487,-0.7864431708124858,5.497947727276934,-0.90887047060629,5.278680641340469,-1.1174865467625505,5.08597815125822,4.651145926932935,-2.1243719924940736,3.7902754380774955,-3.056358601383255,2.8257521388301905,2.3433751150326954,2.1409728793105955,2.1079383823332436,2.0101991197143705,1.7641654843857428,1.4589325821681989,7.42515801713565,0.8448181760947258,0.7533320623034447,7.031236636688059,0.790394588200016,0.6478983341875931,0.4313857848112918,0.4699197904476027,0.4430163534373465,0.4624494057742276,0.5763405627761475,0.5892557197431504,6.723081819062851,0.14413972766051328,6.268828261807114,6.166625766526862,6.024893994995896,5.744820990824577,5.558801784481388,5.421999309890735,5.477482105726467,5.742615759230368,5.903131728933752,5.876632501054583,5.882394900830148,5.752791149327702,5.584112267779688,5.529561213749423,5.4301485189392436,5.095424931879687,4.7702613079058045,4.175329771047189,4.012775731382899,3.7123874881635355,3.386913691786932,3.096245560061174,2.7754859933409235,2.750273426808393,2.742693000884442,2.6640348813367196,2.3368538108617245,2.0780199712716856,1.9330692503203117,1.8544988396458069,1.6236425412556414,1.3324995929811676,7.402707089795614,7.103834877648096,6.786715374650853,6.306749353423482,5.94592173492187,-0.642457388173277,5.401899509344005,5.39550054814895,-0.9332439783525579,5.271982837314967,5.202481813375967
2.840999999999798,0.32548410349214507,-0.3405301280171006,5.183205008679298,5.095644465678264,5.041956296111606,4.90119636841023,4.531223380170492,4.212710521908777,3.9434691654593053,9.703228245002942,2.761531912510462,2.1933884571401334,1.5185313033225445,0.9207428897887674,0.38921039006754515,-0.21283050333125117,5.764217569425337,-0.590729232839761,5.6656361473655545,5.747439685625693,-0.5549612305792215,-0.4917557669258354,-0.2709273785098308,-0.3422619537578491,-0.44636912645492494,-0.6308202911944305,-0.6650586102086878,-0.6856923337622876,-0.793171736420925,5.491439009748112,-0.9151045480984265,5.2727599255696695,-1.1230659342847586,5.080755679485291,4.646324420436541,-2.128781049472664,3.7862487846741852,-3.059976824419618,2.8224917824995965,2.340465310922199,2.138358119034862,2.1055898426532127,2.0080945165527524,1.7622880551016733,1.457265204964347,7.4236850361365345,0.8435286309188226,0.7522173209594931,7.0303035377523155,0.7896602380644226,0.6473908302471321,0.43114281057166215,0.46997495834930636,0.4434120550597646,0.4632276395612887,0.5775421129410452,0.5909086758540599,6.725211764228782,0.14677000183119338,6.271934165061198,6.170178876278578,6.028855893455934,5.749147194714928,5.563415394531418,5.426819381229579,5.48242173088671,5.747586658699161,5.9080420116276375,5.881395310485825,5.886928266674147,5.757019055340395,5.587969856432563,5.533004669477756,5.43314332309836,5.097930014202023,4.7722802157727235,4.176815958158465,4.013853242816917,3.7130975644545097,3.3873211187189742,3.0964295509447948,2.775525646204401,2.7502533234308806,2.742686559830593,2.6641082796485427,2.3370699005970876,2.078419846800489,1.9336780640052826,1.855331515459249,1.6247100231608385,1.333802028614006,7.404230003222256,7.105570383392611,6.788651886515007,6.308890277321299,5.948250573460506,-0.639945576663106,5.404592876728237,5.3983733711942135,-0.9301899475097455,5.275215434668376,5.205882131244507
2.850999999999797,0.32551142201071426,-0.3402868256418868,5.1867471230131335,5.099297559292281,5.045672433271731,4.904914218880058,4.534863826425334,4.216185601015597,3.946685483207046,9.706046023189229,2.7637931736123287,2.1950211975821126,1.519383107076572,0.9207768427384752,0.3884025152956518,-0.2145563821988131,5.761687344835728,-0.5940181791986091,5.661620973568066,5.742746804966661,-0.5602610496809304,-0.4975799658164274,-0.2771906475816625,-0.34885178444269765,-0.45318025159330505,-0.637749288152912,-0.6720046880280376,-0.6925653208644529,-0.79989181456079,5.484937058439815,-0.9213335608890575,5.266842717656645,-1.128643172025004,5.0755342419504945,4.641502913907343,-2.1331909549134256,3.7822206805408864,-3.063597070749382,2.819229007112791,2.337552748317225,2.1357404211816267,2.1032383227587963,2.0059870466022405,1.7604080743623742,1.4555958357979577,7.422210871992357,0.842238924503248,0.7511035541132545,7.029372608582952,0.7889292128678965,0.6468876503508778,0.43090489199066156,0.4700355540211643,0.4438131255523153,0.4640107376125206,0.5787475932379741,0.5925642214453989,6.727342585648352,0.14939911731988864,6.275036884723469,6.173726835173425,6.032810796439409,5.753464725556101,5.568019023245348,5.431628546300575,5.487349933849926,5.752546028059045,5.912941078702583,5.886147618294794,5.891452228718479,5.761239005077791,5.5918212425928155,5.536443913137448,5.436136072280383,5.100435337194766,4.774301634007009,4.178306995452774,4.0149374499445845,3.7138158611528382,3.387737849536088,3.096623407938901,2.775575182726547,2.7502426112769403,2.7426885572830018,2.6641887918619744,2.337291446686629,2.07882345823924,1.934288996262238,1.8561649025547253,1.6257770751635237,1.3351032571844772,7.405751354232618,7.107304339924168,6.790587165010323,6.31103049323851,5.950579236696539,-0.6374335391164828,5.407286614506256,5.401246372598307,-0.9271363244639713,5.2784466368000045,5.20927971133715
2.860999999999796,0.32552995368789994,-0.34003186914476186,5.190284873306742,5.102944544345531,5.049380718275738,4.908622604473475,4.538493399130821,4.219648851408301,3.949889544404906,9.70885163779331,2.7660429492637952,2.196643698751958,1.5202264136992234,0.9208044269491931,0.3875906787403842,-0.21628361227769102,5.759158410268482,-0.5973031850104515,5.657612265342693,5.738062711157868,-0.565550182810071,-0.5033920095156208,-0.2834407656855061,-0.3554280942729013,-0.4599780331802279,-0.6446656323247207,-0.6789392178142963,-0.6994281880517406,-0.8066034149335025,5.4784418785546585,-0.9275574914107181,5.2609290435051665,-1.1342182301600943,5.070313868125355,4.636681433298155,-2.137601688503592,3.77819114041262,-3.0672193298505213,2.8159638219135563,2.3346374383846302,2.133119800928804,2.1008838430441386,2.0038767354105596,1.758525571341698,1.4539245044281257,7.420735551010148,0.8409490754762157,0.7499907695219326,7.028443843600079,0.7882014926115978,0.6463887603938435,0.43067198291483916,0.47010152329800275,0.4442195072504468,0.464798643608548,0.5799569532358684,0.5942223159567763,6.729474255996909,0.15202706262020926,6.278136424271008,6.177269660335613,6.036758732976874,5.757773622436536,5.572612716719975,5.436426855626388,5.492266767322791,5.757493920389536,5.917828981974706,5.8908894735624004,5.895966831751676,5.765451037477885,5.595666457583594,5.539878966369224,5.4391267766574485,5.102940898121432,4.776325545875556,4.17980285119446,4.016028307730838,3.7145423219308302,3.388163819958655,3.0968270633511366,2.7756345370646818,2.750241231540828,2.7426989463305467,2.6642763868922996,2.3375184374097984,2.079230813252452,1.9349020719249677,1.8569990392312183,1.6268437443859087,1.3364033286138621,7.407271189101114,7.109036783808491,6.792521232157498,6.313170004417561,5.952907709569661,-0.6349213067552174,5.409980679352749,5.404119502377912,-0.9240831599156799,5.281676398432281,5.212674519386751
2.870999999999795,0.32553974997470925,-0.3397652411477361,5.193818241035955,5.106585420374322,5.05308116956869,4.912321561722573,4.5421121510502545,4.223100337493086,3.95308141994491,9.711645161189898,2.7682813081677256,2.198256021788939,1.5210612736750098,0.9208256806177667,0.38677490528741193,-0.2180121825618827,5.756630762198292,-0.6005842690587887,5.653609989121676,5.733387356753213,-0.570828688433964,-0.509191964516047,-0.2896778035698707,-0.3619909532668927,-0.46676253580057864,-0.6515693783875814,-0.6858622409692591,-0.7062809612928641,-0.8133065474004004,5.4719534749375915,-0.9337763225978364,5.2550189284559625,-1.1397910793995842,5.065094587063255,4.6318600043371045,-2.1420132299288768,3.774160179214833,-3.070843590870517,2.812696236511276,2.3317193925915634,2.1304962736210658,2.098526423893615,2.001763608326025,1.7566405748440428,1.4522512401310252,7.419259098982568,0.8396591020091437,0.7488789746170642,7.027517237083764,0.7874770573687058,0.645894126553544,0.4304440376516413,0.47017281258872595,0.44463114310651136,0.4655913018177685,0.5811701430006252,0.5958829191884057,6.73160674814396,0.1546538262405912,6.281232787052097,6.180807368658189,6.0406997318073135,5.762073924130019,5.577196520749979,5.441214359459089,5.497172283777086,5.762430388563853,5.922705773066447,5.895620925171594,5.900472120348066,5.769655191243318,5.599505532478956,5.543309850574639,5.442115446202176,5.105446694116389,4.778351934624628,4.181303493771314,4.017125771421089,3.715276890897166,3.3885989662759095,3.0970404501428574,2.7757036440497433,2.750249126035773,2.7427176805536506,2.66437103395523,2.3377508610947015,2.07964191929275,1.9355173153811613,1.8578339631570533,1.6279100771998098,1.337702292040552,7.408789553380051,7.110767751039389,6.794454109626514,6.315308814036406,5.95523597723298,-0.6324089103407233,5.412675028590762,5.4069927113053335,-0.9210305037880783,5.284904674998148,5.2160665216907525
2.8809999999997937,0.32554086253181835,-0.33948692320802093,5.197347208031836,5.1102201870331445,5.05677380547424,4.916011126821052,4.545720134431238,4.22654012305713,3.9562611800713143,9.714426665147714,2.770508318519379,2.1998582274403202,1.521887737213002,0.9208406417610864,0.38595521971580354,-0.21974208209953808,5.754104397107063,-0.6038614500400256,5.649614111518679,5.728720694600046,-0.5760966246167825,-0.5149798968061113,-0.2959018314053404,-0.3685404308449248,-0.4735338234837573,-0.6584605805753437,-0.6927737986206801,-0.7131236664916071,-0.8200012219795082,5.4654718520832155,-0.939990037876397,5.249112397298215,-1.1453616909752278,5.059876427407068,4.627038652530366,-2.146425558876355,3.7701278120560002,-3.0744698426370065,2.8094262608697007,2.328798622696121,2.127869854763943,2.096166085680297,1.9996476905005964,1.7547531133114895,1.450576071709777,7.417781541198638,0.8383690218263093,0.7477681765115579,7.0265927831774215,0.7867558872837639,0.6454037152855432,0.4302210109620039,0.47024936886735025,0.4450479766806709,0.4663886570884681,0.5823871130894399,0.5975459912982417,6.7337400351533105,0.15727939670723273,6.28432597629091,6.184339976808385,6.044633821383148,5.766365669099509,5.5817704808300945,5.44599110778059,5.502066535448711,5.767355485247004,5.927571503404463,5.900342021805822,5.904968138867356,5.7738515048424786,5.603338498106545,5.546736586920024,5.445102090692304,5.107952722189493,4.780380783483598,4.182808891696521,4.018229796540737,3.7160195125936335,3.389043225339961,3.0972635019210117,2.775782439176963,2.750266237184718,2.7427447140163594,2.6644727025615005,2.3379887061163775,2.080056783603109,1.9361347505782798,1.8586697113786639,1.6289761192373404,1.3390001958313429,7.410306491910119,7.112497277047111,6.79638581874181,6.317446925209567,5.957564025050044,-0.6298963801805957,5.4153696201823465,5.409865950897603,-0.9179784052382901,5.2881314226310385,5.219455685103539
2.8909999999997926,0.3255333432253499,-0.33919689582551793,5.200871756476414,5.113848844094165,5.060458644197767,4.919691335630421,4.549317401013994,4.22996827127753,3.9594288943887705,9.717196220835572,2.772724048009613,2.2014503760619735,1.5227058542455447,0.9208493482140656,0.3851316466963584,-0.22147329999336315,5.751579311484727,-0.6071347465618998,5.645624599330396,5.724062677839774,-0.5813540490207764,-0.520755871873661,-0.3021129187907825,-0.3750765958370614,-0.48029195971223354,-0.6653392926855146,-0.6996739316272298,-0.7199563294880074,-0.8266874488423491,5.458997014142958,-0.9461986211538357,5.243209474280798,-1.150930036630666,5.054659417396637,4.62221740316486,-2.150838655037263,3.766094054220414,-3.0780980736681665,2.806153905295987,2.3258751407382245,2.125240560018049,2.0938028487644353,1.9975290068928562,1.7528632148307703,1.4488990275040934,7.416302902454234,0.8370788522143028,0.7466583820066004,7.025670475891144,0.7860379625720588,0.6449174933191155,0.43000285805310845,0.47033113966421924,0.4454699521319721,0.46719065484106487,0.5836078145452124,0.5992114927991224,6.735874090283143,0.15990376256692698,6.2874159950920605,6.187867501232828,6.048561029875128,5.770648895500909,5.586334642157277,5.450757150303126,5.506949574336746,5.7722692628939605,5.932426224217638,5.9050528119475505,5.909454931454267,5.778040016510597,5.607165385050219,5.55015919634033,5.448086719715214,5.110458979230619,4.782412075668581,4.1843190136105335,4.01934033889465,3.716770131991875,3.389496534559889,3.0974961529301352,2.775870858596695,2.750292508011218,2.742780001258557,2.664581362511562,2.3382319608951168,2.0804754132190784,1.9367544010293367,1.8595063203292217,1.6300419154014458,1.3402970875925606,7.4118220488307145,7.114225396706561,6.798316380487375,6.319584340989152,5.9598918385919175,-0.6273837461350967,5.418064412719358,5.412739173405741,-0.914926912668337,5.29135659815501,5.222841977028937
2.9009999999997915,0.3255172441227354,-0.3388951384500627,5.2043918688984805,5.117471391446709,5.06413570382944,4.9233622236860635,4.552904002039536,4.233384844730103,3.9625846318703553,9.719953898828377,2.7749285638280963,2.203032527619063,1.5235156744270903,0.9208518376277435,0.3843042107900315,-0.22320582540099054,5.749055501830031,-0.6104041771419977,5.641641419538026,5.7194132599083405,-0.5866010189075745,-0.5265199547096584,-0.3083111347594757,-0.3815995164910133,-0.4870370074299032,-0.6722055680865905,-0.7065626805833025,-0.7267789760594728,-0.8333652383107976,5.452528964932108,-0.9524020568091532,5.237310183123263,-1.1564960886113629,5.04944358487607,4.617396281310864,-2.155252498109719,3.762058921161162,-3.0817282721828416,2.8028791804300015,2.322948959030705,2.1226084051934353,2.0914367334919794,1.9954075822709119,1.7509709071400734,1.4472201353997043,7.414823207062362,0.8357886100312883,0.7455495975984318,7.024750309104994,0.7853232635190385,0.644435427653016,0.4297895345712991,0.47041807305739847,0.4458970142095862,0.4679972410604786,0.5848321988910248,0.6008793845559232,6.738008886986054,0.16252691238979203,6.29050284644503,6.191389958162644,6.052481385177144,5.774923641186787,5.590889049632854,5.455512536469763,5.511821452202603,5.777171773747928,5.937269986535163,5.909753343876861,5.913932542038205,5.78222076425087,5.6109862236526675,5.553577699542925,5.451069342672359,5.112965462014076,4.784445794385968,4.1858338282828695,4.020457354566596,3.7175286944901518,3.3899588318959086,3.0977383380444645,2.7759688391053965,2.7503278821304975,2.7428234972883314,2.6646969838903853,2.3384806138948275,2.080897814970978,1.9373762898186047,1.8603438258371447,1.6311075098762762,1.3415930141810164,7.413336267590117,7.115952144345406,6.8002458155117615,6.321721064365877,5.962219403634278,-0.6248710376235471,5.420759365414394,5.415612331804185,-0.9118760737359474,5.294580159075033,5.226225365412802
2.9109999999997904,0.3254926174886615,-0.33858162948843296,5.20790752816944,5.121087829096732,5.067805002347192,4.927023826203179,4.556479988257665,4.236789905398,3.965728460865457,9.722699769113042,2.777121932666517,2.20460474168681,1.5243172471331485,0.9208481474675088,0.38347293644644986,-0.2249396475353194,5.74653296465127,-0.6136697602063595,5.637664539308625,5.714772394536602,-0.591837591139559,-0.5322722098118564,-0.31449654778515523,-0.3881092604798239,-0.49376902905025105,-0.6790594597252003,-0.7134400858236755,-0.7335916319218347,-0.8400346008539719,5.446067707936703,-0.9586003296832505,5.23141454702656,-1.1620598196547656,5.044228957300865,4.612575311824604,-2.1596670678013687,3.758022428493276,-3.0853604261104226,2.799602097233878,2.3200200901506,2.119973406244072,2.089067760193111,1.9932834412152187,1.7490762176356804,1.445539422837567,7.413342478863202,0.8344983117160725,0.7444418294849907,7.0238322765722385,0.7846117704797636,0.6439574855513571,0.42958099659515453,0.4705101176642431,0.44632910824421196,0.4688083622886258,0.586060218124687,0.6025496277827147,6.740144398909023,0.16514883477190012,6.293586533228483,6.19490736361843,6.056394914910918,5.77918994371003,5.595433747864673,5.46025731545494,5.516682220569226,5.782063069838692,5.942102841184718,5.914443665670133,5.918401014332994,5.786393785835562,5.614801044017959,5.55699211701131,5.454049968783608,5.115472167202917,4.786481922835848,4.187353304613823,4.02158079991865,3.7182951459101248,3.3904300558536016,3.0979899927601684,2.776076318136756,2.7503723037406678,2.742875157574473,2.6648195370623617,2.3387346536214446,2.0813239954860716,1.9380004396072363,1.8611822631344712,1.6321729461374062,1.3428880217148018,7.414849190955519,7.117677553752051,6.802174144133031,6.3238570982700635,5.964546706154568,-0.6223582836306234,5.423454438091859,5.418485379780376,-0.9088259353651981,5.297802063567437,5.2296058187357435
2.9209999999997893,0.3254595157811002,-0.3382563463111216,5.2114187174992255,5.124698157166281,5.071466557619632,4.93067617808259,4.560045409934789,4.240183514680155,3.968860449107541,9.725433901094354,2.779304220721806,2.2061670774513202,1.5251106214593437,0.9208383150114394,0.3826378480025165,-0.22667475566482576,5.744011696467013,-0.6169315140881707,5.633693925996364,5.710140035750575,-0.5970638221813102,-0.538012701188478,-0.3206692257879804,-0.3946058949094063,-0.5004880864643275,-0.6859010201330595,-0.7203061874280265,-0.7403943227303391,-0.8466955470851678,5.43961324632029,-0.964793425069472,5.225522588683532,-1.1676212029806996,5.039015561744876,4.607754519350774,-2.1640823438319488,3.7539845919870616,-3.08899452310048,2.7963226669818315,2.3170885469306466,2.117335579262453,2.086695949180812,1.99115660812133,1.7471791733784525,1.4438569168228714,7.411860741233934,0.8332079732969863,0.7433350835724348,7.022916371922543,0.7839034638783926,0.6434836345395898,0.42937720062871326,0.4706072226331376,0.44676618013963687,0.4696239656170368,0.5872918247133533,0.6042221840399332,6.742280599893353,0.16776951833781145,6.296667058214454,6.198419733415115,6.060301646430635,5.783447840327457,5.599968781169235,5.464991536165049,5.521531930720363,5.786943202981055,5.946924838790734,5.919123825198779,5.922860391836624,5.790559118807138,5.618609876014102,5.560402469008768,5.457028607091475,5.117979091353136,4.788520444215342,4.188877411636104,4.02271063159056,3.719069432493649,3.390910145478224,3.0982510531876915,2.7761932337529664,2.750425717614093,2.74293493803912,2.664948992666312,2.338994068621378,2.081753961190725,1.938626872638806,1.8620216668651155,1.6332382669618997,1.3441821555839217,7.416360861022892,7.119401658183511,6.80410138634363,6.325992445572613,5.9668737323291765,-0.6198455127125678,5.426149591179161,5.421358271724505,-0.9057765437569909,5.301022270470504,5.232983306005955
2.930999999999788,0.32541799164742136,-0.33791926525888866,5.214925420432254,5.128302375892952,5.07512038740888,4.934319313916412,4.563600316861607,4.24356573339959,3.9719806637217765,9.728156363600748,2.781475493699358,2.2077195937104794,1.5258958462205818,0.9208223773487559,0.3817989696810984,-0.22841113911384373,5.741491693806779,-0.6201894570265323,5.629729547143648,5.70551613787161,-0.602279768101114,-0.5437414923618937,-0.3268292361404225,-0.4010894863259369,-0.5071942410485424,-0.6927303014337448,-0.7271610252253157,-0.7471870740805803,-0.8533480877588312,5.433165582930541,-0.9709813287043577,5.21963433028916,-1.173180212281979,5.033803424907127,4.6029339283250055,-2.168498305935786,3.7499454275616024,-3.092630550532158,2.7930409012502166,2.314154342450982,2.1146949404743145,2.0843213207494493,1.989027107202577,1.7452798011001578,1.4421726439338367,7.410378017098352,0.8319176104005833,0.7422293654815357,7.02200258866511,0.783198324207698,0.6430138424005852,0.4291781035948465,0.4707093376354007,0.4472081763644543,0.47044399867959175,0.5885269715882059,0.6058970152315591,6.744417463974543,0.17038895174301313,6.299744424072421,6.2019270831667015,6.064201606827447,5.787697368003363,5.60449419357382,5.469715247239045,5.526370633699907,5.791812224773355,5.951736029772727,5.9237938701280655,5.927310717831064,5.794716800479389,5.622412749275522,5.5638087755819425,5.460005266465271,5.120486230917771,4.790561341721821,4.190406118516406,4.023846806499081,3.7198515008995847,3.391399040349075,3.098521456044213,2.7763195246361385,2.750488069088907,2.7430027950505327,2.6650853216105914,2.3392588474800067,2.082187718312534,1.9392556107447758,1.8628620710929995,1.6343035144382256,1.345475460460764,7.4178713192267205,7.121124490373155,6.806027561815178,6.328127109085973,5.969200468530668,-0.6173327530033059,5.428844785698051,5.424230962719425,-0.9027279443993649,5.3042407392752,5.236357796752136
2.940999999999787,0.3253680979205855,-0.3375703616490905,5.218427620843454,5.131900485629319,5.078766509373321,4.93795326799362,4.567144758360613,4.246936621811548,3.9750891712325442,9.730867224890044,2.7836358168162607,2.209262348874914,1.52667296995032,0.9208003713783816,0.38095632558979553,-0.23014878726282054,5.738972953211692,-0.6234436071653124,5.625771370482156,5.700900655516437,-0.6074854845725376,-0.5494586463722997,-0.3329766456730764,-0.407560100723109,-0.513887553672281,-0.699547355349292,-0.7340046387980325,-0.7539699115093754,-0.8599922337675695,5.426724720305744,-0.9771640267585957,5.213749793550578,-1.1787368217152334,5.028592573118454,4.598113562976301,-2.1729149338642206,3.74590495127842,-3.096268495523342,2.789756811907822,2.31121749003103,2.11205150623348,2.081943895173392,1.9868949624926748,1.7433781272096536,1.4404866303303132,7.4088943289362765,0.8306272382601592,0.7411246805539524,7.021090920191777,0.7824963320286131,0.6425480771708141,0.42898366282877687,0.47081641285735365,0.4476550439439335,0.4712684096453762,0.5897656121392058,0.6075740836023065,6.746554965382137,0.17300712367626694,6.302818633373258,6.205429428290904,6.068094822933909,5.791938563413029,5.6090100288186,5.47442849704908,5.531198380311277,5.796670186596051,5.9565364643437375,5.928453847915984,5.931752035382109,5.798866867938555,5.6262096932055465,5.567211056564352,5.462979955605163,5.122993582250895,4.792604598556056,4.191939394556904,4.024989281837276,3.7206412982006234,3.3918966805739292,3.0988011386462118,2.7764551300798535,2.7505593040606797,2.7430786854160023,2.6652284950682907,2.339528978820207,2.082625272882443,1.9398866753498862,1.8637035093100638,1.6353687299760233,1.34676798031042,7.419380606349589,7.122846082538341,6.807952689903202,6.3302610915650845,5.971526901325041,-0.6148200322204749,5.4315399832560765,5.4271034085307,-0.8996801820776508,5.307457430116067,5.2397292610165485
2.950999999999786,0.3253098876154181,-0.337209609781797,5.221925302934324,5.135492486842379,5.082404941070296,4.941578074305479,4.570678783293474,4.2502962396114805,3.9781860375708167,9.73356655265508,2.7857852548045208,2.210795400969012,1.5274420408999336,0.9207723338076061,0.3801099397197882,-0.23188768954854447,5.736455471235102,-0.6266939825520726,5.621819363933767,5.696293543597127,-0.6126810268760579,-0.5551642257813929,-0.33911152068039646,-0.41401780354924883,-0.5205680847053489,-0.7063522332066257,-0.7408370674863145,-0.7607428604955873,-0.8666279961392039,5.420290660681165,-0.9833415058281718,5.207868999696868,-1.1842910058919462,5.023383032348014,4.593293447329397,-2.177332207387958,3.7418631793353048,-3.0999083449395943,2.7864704111064005,2.3082780032215835,2.1094052930168186,2.0795636927056504,1.984760197848269,1.7414741777989182,1.4387989017621874,7.407409698792753,0.8293368717240954,0.7400210338583854,7.020181359780064,0.7817974679698075,0.6420863071366208,0.42879383607173865,0.470928398992549,0.44810673045203864,0.4720971472116513,0.5910077002099113,0.6092533517348225,6.748693078539501,0.17562402286186682,6.305889688593091,6.208926784013666,6.071981321328324,5.796171462946157,5.613516330358751,5.479131333701169,5.536015221116893,5.801517139610403,5.961326192508823,5.933103805812201,5.936184387339261,5.803009358044481,5.6300007369788405,5.570609331579842,5.465952683046135,5.125501141611515,4.7946501979252485,4.193477209196676,4.026138015073786,3.7214387718801323,3.392403006783548,3.0990900389021436,2.776599989980857,2.75063936897422,2.7431625663748886,2.665378484472535,2.339804451300934,2.083066630736829,1.9405200874774668,1.8645460144441641,1.6364339543157236,1.3480597584008438,7.420888762531614,7.124566466387934,6.809876789651791,6.3323943957083095,5.973853017469026,-0.6123073776713668,5.434235146038176,5.42997556559682,-0.8966333008844672,5.3106723037622405,5.243097669348161
2.960999999999785,0.32524341392496164,-0.33683698294570225,5.225418451229068,5.139078380112965,5.086035699958723,4.945193766550862,4.574202440068228,4.253644645942894,3.9812713280814216,9.736254414029299,2.7879238719142974,2.2123188076320024,1.5282031070381792,0.9207383011508534,0.37925983594476,-0.23362783546434934,5.733939244443176,-0.6299406011370683,5.617873495611387,5.691694757320967,-0.6178664499007502,-0.5608582926760426,-0.3452339269263565,-0.42046265971429786,-0.5272358940252481,-0.7131449859438206,-0.7476583503919431,-0.7675059464608929,-0.8732553860338585,5.413863405995281,-0.9895137529257114,5.201991969488621,-1.1898427398696967,5.018174828209627,4.5884736052071045,-2.18175010629936,3.7378201280603007,-3.1035500854028677,2.7831817112714305,2.3053358957970653,2.106756317419307,2.0771807335765367,1.982622836951409,1.7395679786489475,1.4371094835775995,7.405924148287051,0.8280465252640304,0.7389184301966122,7.0192739005961755,0.7811017127272909,0.6416285008305918,0.42860858146477543,0.47104524723415386,0.44856318400359474,0.4729301605969388,0.5922531900923617,0.6109347825469003,6.750831778063599,0.17823963806181184,6.30895759211704,6.212419165373586,6.075861128338991,5.800396102710275,5.618013141366531,5.483823805035884,5.540821206437667,5.806353134757214,5.966105264063638,5.937743790857066,5.940607816335652,5.807144307431741,5.633785909543802,5.574003620045966,5.468923457161878,5.128008905167372,4.796698123045981,4.1950195320130605,4.027292963952069,3.722243869829012,3.3929179601262383,3.099388095305219,2.776754044830878,2.7507282108155344,2.74325439559179,2.6655352615118724,2.340085253615825,2.0835117975195785,1.9411558677546787,1.865389618866847,1.6374992275380245,1.3493508373128644,7.4223958272797566,7.126285673129721,6.811799879798178,6.334527024158346,5.9761788039074295,-0.6097948162587825,5.4369302367983945,5.432847391019558,-0.8935873442295632,5.313885321608618,5.246462992795899
2.970999999999784,0.3251687302169066,-0.3364524534238327,5.228907050570752,5.142658166135156,5.089658803401644,4.948800378141446,4.577715776646377,4.256981899405034,3.9843451075301872,9.738930875592267,2.7900517319171296,2.2138326261190913,1.528956216050751,0.9206983097285424,0.3784060380198921,-0.2353692145602949,5.731424269415473,-0.6331834807723201,5.6139337338196835,5.6871042521902355,-0.6230418081460289,-0.5665409086719575,-0.3513439296500373,-0.42689473359666447,-0.5338910410242902,-0.7199256641162057,-0.7544685263822155,-0.7742591947705034,-0.8798744147410889,5.407442957895896,-0.9956807554720083,5.1961187232273,-1.1953919991436013,5.012967985968002,4.583654060232585,-2.18616861041466,3.7337758139058446,-3.10719370330001,2.7798907250930953,2.302391181747977,2.104104596149213,2.074795037992356,1.9804829033119633,1.7376595552355074,1.4354184007309747,7.40443769862148,0.8267562129828634,0.7378168741094084,7.018368535697954,0.7804090470640422,0.6411746270280132,0.4284278575426735,0.47116690926748617,0.4490243532465972,0.4737673995342179,0.5935020365220255,0.6126183392887008,6.75297103876468,0.18085395807789337,6.312022346242851,6.215906587226222,6.079734270048372,5.804612518534073,5.622500504733382,5.488505958629087,5.545616386352587,5.811178222755648,5.970873728593102,5.942373849880683,5.945022364788005,5.811271752510796,5.637565239624945,5.57739394117731,5.471892286168577,5.130516868998643,4.798748357147084,4.1965663327229485,4.028454086489614,3.7230565403425735,3.3934414822624897,3.0996952469262964,2.7769172357085914,2.7508257771039055,2.7433541311498306,2.665698798125759,2.3403713744918533,2.08396077868414,1.941794036417681,1.8662343544010151,1.6385645890732286,1.3506412589500465,7.4239018394769785,7.128003733477703,6.813721978777262,6.33665897950313,5.978504247770499,-0.6072823744868031,5.439625218851714,5.435718842554478,-0.8905423548495071,5.317096445667152,5.249825202902001
2.9809999999997827,0.32508589003009997,-0.336055992499061,5.232391086117534,5.146231845715685,5.093274268668716,4.952397942206806,4.581218840549794,4.260308058060442,3.9874074401109665,9.741596003375138,2.7921688981091752,2.2153369133026533,1.5297014153399253,0.9206523956660434,0.37754856958092875,-0.23711181644332413,5.728910542745469,-0.6364226392107546,5.610000047055741,5.682521984001909,-0.628207155723438,-0.5722121349173467,-0.3574415935711411,-0.4333140890499485,-0.5405335846165512,-0.72669431790231,-0.761267634093703,-0.7810026307338348,-0.8864850936770483,5.401029317746135,-1.0018425012877348,5.190249280764381,-1.2009387596379495,5.0077625305447855,4.578834835831589,-2.190587699576124,3.7297302534430563,-3.1108391847910535,2.7765974655174843,2.2994438752735196,2.1014501460233856,2.0724066261341174,1.9783404202699717,1.7357489327347508,1.4337256777908731,7.402950370590002,0.8254659486225909,0.736716369882355,7.017465258037789,0.7797194518096646,0.6407246547434152,0.4282516232280257,0.47129333726269995,0.44949018735466195,0.4746088142642319,0.594754194672815,0.61430398553999,6.755110835645968,0.1834669717537011,6.315083953184425,6.219389064248298,6.083600772297191,5.808820745970702,5.626978463071982,5.493177841792656,5.550400810698332,5.8159924541021235,5.975631635470112,5.94699402950204,5.949428074896628,5.8153917294691455,5.6413387557252435,5.580780313988749,5.474859178128624,5.133025029101554,4.800800883472407,4.19811758118401,4.029621340977116,3.723876732117429,3.393973515359667,3.100011433406866,2.777089504271699,2.7509320158841253,2.743461731544076,2.66586906650013,2.3406628026880165,2.084413579495552,1.942434613316728,1.8670802523284806,1.6396300777104393,1.3519310645484033,7.42540683739127,7.129720677659286,6.815643104726061,6.338790264276719,5.980829336371343,-0.6047700784664748,5.442320056066019,5.438589878601582,-0.8874983748172285,5.3203056385582945,5.253184271695468
2.9909999999997816,0.3249949470711286,-0.335647570459429,5.235870543338932,5.149799419773328,5.0968821129386255,4.955986491599392,4.584711678867534,4.263623179442369,3.990458389452561,9.744249862866036,2.794275433314436,2.2168317256734738,1.5304387520242895,0.9206005948927244,0.37668745414330873,-0.23885563077739974,5.726398061041081,-0.6396580941054071,5.6060724040096135,5.6779479088472735,-0.6333625463584878,-0.5778720320965735,-0.36352698289543456,-0.43972078940954107,-0.547163583244671,-0.7334509971096589,-0.768055711935895,-0.7877362796051349,-0.8930874343816908,5.394622486630312,-1.0079989785853332,5.184383661510292,-1.2064829976980298,5.002558486524508,4.574015955234647,-2.195007353654145,3.7256834633561735,-3.1144865158173016,2.773301945738004,2.2964939907743847,2.0987929839626442,2.070015518156271,1.9761954109979378,1.7338361360287113,1.4320313389476667,7.401462184586663,0.8241757455719848,0.7356169215515338,7.016564060465482,0.7790329078600645,0.6402785532272028,0.4280798378254244,0.4714244838676165,0.4499606360196134,0.4754543555289027,0.596009620152163,0.615991685207387,6.7572511439032885,0.1860786679765499,6.318142415075263,6.222866610941822,6.08746066068842,5.813020820301011,5.631447058718315,5.4978395015752755,5.555174529068947,5.820795879069277,5.980379033854354,5.951604376128203,5.953824988645447,5.819504274272472,5.645106486128431,5.584162757298651,5.477824140954258,5.135533381391897,4.802855685283511,4.1996732473958645,4.030794685977644,3.7247043942484046,3.394514002086767,3.1003365949521453,2.777270792749145,2.751046875718848,2.743577155675068,2.6660460390630623,2.3409595269940606,2.0848702050324595,1.943077617921195,1.8679273433974057,1.6406957316066197,1.3532202946859668,7.4269108586845345,7.131436535422372,6.8175632754880935,6.340920880960159,5.9831540572033735,-0.602257953921412,5.44501471285418,5.441460458196103,-0.8844554455514134,5.3235128635025495,5.256540171685605
3.0009999999997805,0.3248959552109788,-0.335227156603287,5.239345408012142,5.153360889338283,5.100482353301446,4.959566058899391,4.58819433826247,4.2669273205620595,3.993498018625522,9.746892519015393,2.79637139988799,2.2183171193420415,1.5311682729385536,0.9205429431410833,0.37582271510136195,-0.24060064728361982,5.723886820925148,-0.6428898630086933,5.602150773564796,5.67338198311147,-0.6385080333925396,-0.5835206604338018,-0.369600161320122,-0.4461148974991026,-0.5537810948865037,-0.7401957511804216,-0.7748327980947335,-0.7944601665840627,-0.8996814485160136,5.388222465359703,-1.0141501759610787,5.178521884443158,-1.2120246900821392,4.997355878160384,4.569197441479225,-2.199427552549273,3.7216354604371293,-3.1181356821092145,2.770004179186998,2.293541542845727,2.0961331269872816,2.0676217341854697,1.9740478985030643,1.7319211897106594,1.4303354080210406,7.399973160613848,0.8228856168741102,0.7345185329091147,7.01566493573107,0.7783493961771524,0.6398362919623696,0.42791246101577957,0.4715603022006981,0.4504356494442078,0.47630397456485263,0.5972682689961616,0.6176814025216261,6.75939193892467,0.1886890356793287,6.321197733971787,6.226339241638096,6.091313960591214,5.817212776536753,5.635906333733715,5.502490984763219,5.559937590815577,5.825588547704987,5.985115972691172,5.956204935953561,5.958213147802067,5.8236094226658,5.6488684589013,5.587541289732014,5.4807871824111025,5.138041921708465,4.804912745862272,4.201233301501165,4.031974080325753,3.725539476225462,3.3950628856092324,3.1006706723242634,2.7774610439334526,2.7511703056810837,2.7437003628424743,2.6662296884805166,2.341261536229241,2.0853306601891064,1.9437230693245362,1.8687756578296382,1.6417615882955199,1.3545089892922137,7.428413940421364,7.133151336042329,6.819482508617693,6.34305083198234,5.985478397937788,-0.5997460261933182,5.447709154166244,5.444330540999441,-0.8814136078257514,5.326718084312175,5.259892875855672
3.0109999999997794,0.3247889684817706,-0.3347947192442537,5.242815666218392,5.156916255551554,5.104075006760927,4.963136676419494,4.591666864977833,4.270220537915886,3.996526390148852,9.749524036241212,2.798456859719225,2.219793150039887,1.5318900246334435,0.9204794759459644,0.37495437572756857,-0.2423468557403144,5.721376819035886,-0.6461179633717392,5.59823512479863,5.668824163472959,-0.6436436697847289,-0.5891580796966325,-0.37566119203914816,-0.45249647563692275,-0.5603861770616214,-0.7469286291969195,-0.7815989305360421,-0.8011743168162297,-0.9062671478593352,5.3818292544781805,-1.0202960823873128,5.1726639681173445,-1.2175638139537754,4.992154729379973,4.564379317411831,-2.203848276194195,3.7175862615802715,-3.1217866691941007,2.766704179527565,2.2905865462702866,2.0934705922126615,2.065225294319352,1.9718979056294326,1.7300041180903412,1.428637908467329,7.398483318290348,0.8215955752336888,0.7334212075088354,7.014767876487593,0.7776688977885675,0.639397840661289,0.42774945285075855,0.47170074584416066,0.45091517833498845,0.4771576230970296,0.598530097664766,0.6193731020348315,6.7615331962899115,0.19129806384227505,6.324249911856593,6.229806970501622,6.095160697144753,5.8213966494237255,5.6403563299069015,5.507132337881179,5.564690045046229,5.830370509831469,5.9898425007104965,5.960795754959136,5.962592593917882,5.827707210174664,5.652624701895945,5.5909159297235504,5.483748310121645,5.14055064581639,4.806972048513414,4.202797713786664,4.0331594831266075,3.7263819279306434,3.3956201095838394,3.101013606835555,2.777660201173185,2.7513022553468107,2.74383131273886,2.6664199876521733,2.3415688192411177,2.0857949496773167,1.9443709862491751,1.8696252253279382,1.6428276846964684,1.3557971876573518,7.429916119077655,7.134865108328876,6.821400821384271,6.345180119720833,5.987802346421093,-0.5972343202474256,5.45040334548176,5.447200087290231,-0.8783729017780473,5.329921265382998,5.263242357656624
3.0209999999997783,0.3246740410735635,-0.3343502257160052,5.2462813043393535,5.1604655196643,5.10766009023673,4.966698376209562,4.595129304843594,4.273502887492378,3.999543565996599,9.752144478434287,2.8005318742350562,2.2212598731209696,1.5326040533756653,0.9204102286438551,0.37408245917187705,-0.24409424598312235,5.718868052027339,-0.6493424125437696,5.594325426982616,5.6642744069029165,-0.6487695081139303,-0.5947843491997302,-0.3817101377484341,-0.4588655856421637,-0.5669788868376752,-0.7536496798869929,-0.788354147008853,-0.8078787553936978,-0.9128445443066092,5.375442854267764,-1.0264366872048432,5.16680993067182,-1.223100346874,4.986955063790725,4.559561605690078,-2.2082695045556475,3.713535883777213,-3.1254394624036137,2.7634019606455813,2.287629016011683,2.0908053968449174,2.0628262186253523,1.969745455060127,1.7280849451990896,1.426938863386686,7.396992676859261,0.8203056330243116,0.7323249486713743,7.013872875293827,0.776991393787422,0.6389631692625893,0.4275907737473462,0.4718457688372232,0.45139917389527134,0.47801525333243494,0.5997950630370563,0.6210667486178074,6.76367489177011,0.1939057414946756,6.327298950641585,6.233269811533937,6.099000895262009,5.825572473444868,5.644797088756004,5.511763607193094,5.569431940625613,5.8351418150444285,5.994558666425861,5.965376878911934,5.96696336832819,5.831797672106259,5.656375242751986,5.594286695520707,5.48670753156863,5.143059549410407,4.8090335765669465,4.204366454684188,4.034350853755047,3.727231699635031,3.396185618153628,3.1013653403419434,2.777868208365523,2.751442674787725,2.7439699654435636,2.666616909707344,2.341881364904388,2.086263078028443,1.9450213870513293,1.8704760750831015,1.6438940571230365,1.3570849284414666,7.431417430549115,7.136577880632841,6.823318230776507,6.347308746502725,5.9901258906726484,-0.5947228606778554,5.453097252802202,5.450069057955549,-0.8753333669191871,5.333122371686362,5.2665885910009305
3.030999999999777,0.32455122733123737,-0.33389364237689184,5.249742309053596,5.164008683037209,5.111237620566604,4.970251190061173,4.598581703282735,4.276774424779099,4.00254960760435,9.754753908963353,2.8025965044031595,2.2227173435631062,1.533310405147948,0.9203352363722609,0.373206988461081,-0.24584280790505153,5.716360516569785,-0.6525632277715548,5.590421649582661,5.659732670664576,-0.6538856005807592,-0.60039952780844,-0.3877470606510449,-0.46522228884099154,-0.5735592808366179,-0.7603589516292357,-0.7950984850486336,-0.814573507355439,-0.9194136498657773,5.369063264754048,-1.032571980115504,5.160959789838322,-1.2286342667939787,4.981756904685406,4.5547443287847225,-2.2126912176362796,3.709484344111821,-3.1290940468810735,2.7600975366419105,2.2846689672078595,2.088137558176751,2.0604245271395345,1.9675905693193068,1.7261636947948236,1.4252382955300957,7.395501255195713,0.8190158022955013,0.7312297594896224,7.012979924616974,0.7763168653320636,0.6385322479280994,0.4274363844825202,0.4719953256694906,0.4518875878182575,0.4788768179539527,0.6010631224065626,0.6227623074573418,6.765817001327166,0.19651205771649768,6.330344852171043,6.236727778577337,6.102834579633434,5.829740282823321,5.649228651530573,5.516384838703017,5.574163326175003,5.839902512712293,5.99926451813346,5.969948353364367,5.971325512152369,5.835880843550623,5.660120108898767,5.5976536051866415,5.489664854098376,5.145568628118025,4.811097313380549,4.20593949477157,4.035548151854649,3.728088741995723,3.3967593559429003,3.1017258152364175,2.7780850099489673,2.7515915145641068,2.744116281416694,2.6668204280009693,2.342199162119751,2.086735049595318,1.945674289725765,1.871328235780979,1.6449607412915717,1.3583722496835335,7.432917910159639,7.1382896808528535,6.825234753506467,6.349436714605422,5.992449018882265,-0.5922116717128998,5.455790842643518,5.452937414482254,-0.8722950421419711,5.336321368761195,5.269931550256494
3.040999999999776,0.3244205817514428,-0.3334249346143968,5.253198667333079,5.167545747139832,5.11480761450849,4.9737951495120925,4.602024105317401,4.280035204769428,4.005544575875618,9.757352390680182,2.8046508107351844,2.2241656159694414,1.5340091256491553,0.9202545340691534,0.3723279864982502,-0.24759253145652158,5.713854209350119,-0.6557804261989129,5.586523762259249,5.6551989123124855,-0.6589919990096074,-0.6060036739423909,-0.3937720224622916,-0.47156664607259546,-0.5801274152407923,-0.7670564924580981,-0.8018319819804188,-0.8212585976877597,-0.925974476655154,5.362690485711523,-1.0387019511748747,5.155113562949353,-1.2341655520476835,4.976560275047394,4.549927508981645,-2.217113395476456,3.705431659755324,-3.1327504075885977,2.7567909218248023,2.2817064151646904,2.085467093583324,2.0580202398654444,1.9654332707742284,1.724240390366927,1.4235362273062284,7.394009071814433,0.8177260947796308,0.7301356428338519,7.0120890168353025,0.7756452936458595,0.6381050470398707,0.4272862461880405,0.4721493712744663,0.45238037228026984,0.47974227011427734,0.6023342334766488,0.6244597440535238,6.767959501113249,0.19911700163995003,6.333387618224586,6.240180885318522,6.106661774730585,5.8339001115254305,5.65365105921358,5.520996078155997,5.578884250072157,5.8446526519754824,6.003960103911284,5.974510223653709,5.975679066294059,5.83995675938178,5.66385932755752,5.601016676603124,5.4926202849240315,5.1480778775026215,4.813163242341857,4.20751680477352,4.036751337336763,3.728953006052831,3.3973412680522794,3.102094974442606,2.7783105508961494,2.7517487257178073,2.744270221493228,2.6670305161096914,2.342522199812803,2.0872108685541666,1.9463297119104952,1.8721817356093946,1.646027772329607,1.3596591888102958,7.434417592669553,7.1400005364418995,6.8271504060136845,6.351564026257454,5.994771719407822,-0.5897007772202244,5.458484082028782,5.455805118948456,-0.8692579657298105,5.339518222706197,5.27327121024067
3.050999999999775,0.324282158979623,-0.3329440668494355,5.25665036643969,5.171076713549928,5.118370088742591,4.977330285850628,4.605456555574911,4.2832852819692,4.0085285311881345,9.759939985924625,2.8066948532899736,2.2256047445699587,1.5347002602944624,0.9201681564724914,0.3714454760622162,-0.24934340664539015,5.711349127072241,-0.6589940248662627,5.582631734867556,5.6506730896917166,-0.6640887548507124,-0.611596845579088,-0.39978508441476734,-0.4778987176950999,-0.5866833457988879,-0.7737423500688647,-0.8085546749218493,-0.8279340513246878,-0.9325270369008519,5.356324516668804,-1.0448265907851553,5.1492712669459975,-1.2396941813447602,4.971365197555855,4.5451111683838015,-2.221536018156014,3.701377847961555,-3.136408529314057,2.7534821307024795,2.278741375349731,2.0827940205182456,2.0556133767729885,1.9632735816372149,1.722315055141016,1.4218326807881416,7.392516144877139,0.8164365218986988,0.7290426013567856,7.011200144240749,0.7749766600169974,0.6376815371972723,0.42714032034534993,0.4723078610231934,0.4528774799341125,0.480611563429939,0.6036083543559548,0.6261590242170786,6.770102367470239,0.20172056245097747,6.336427250520048,6.243629145292143,6.110482504809662,5.838051993263711,5.658064352523396,5.525597371038977,5.583594760451276,5.849392281745754,6.008645471618315,5.9790625349016215,5.980024071441392,5.844025454258929,5.6675929257435085,5.604375927473412,5.495573831128735,5.150587293066457,4.815231346870684,4.209098355562454,4.0379603703795235,3.729824443226486,3.397931300053819,3.102472761408439,2.7785447767067613,2.7519142597653588,2.7444317468772215,2.6672471478280104,2.342850466932974,2.087690538906516,1.9469876708914091,1.8730366022649654,1.6470951847841462,1.36094578264501,7.435916512283752,7.141710474413808,6.829065204469152,6.353690683639259,5.997093980772922,-0.5871902007119975,5.461176938480965,5.45867213401512,-0.8662221753652919,5.34271290017214,5.276607546214337
3.060999999999774,0.3241360138071056,-0.3324510025405044,5.260097393921821,5.174601583952793,5.121925059873356,4.980856630119908,4.608879098293675,4.286524710403235,4.011501533400045,9.76251675652959,2.8087286916767753,2.227034783223028,1.5353838542156015,0.9200761381198118,0.37055947980710796,-0.25109542353696396,5.708845266457383,-0.6622040407102284,5.578745537457479,5.646155160937015,-0.669175919182258,-0.617179100257491,-0.40578630726332016,-0.4842185635913713,-0.5932271278317707,-0.7804165718225079,-0.8152666007861199,-0.8345998931483273,-0.9390713429342382,5.349965356913753,-1.0509458896881883,5.143432918385562,-1.2452201337635553,4.966171694590823,4.540295328913145,-2.225959065795961,3.697322926062316,-3.1400683966778637,2.7501711779758975,2.2757738633861178,2.0801183565096473,2.0532039577973387,1.9611115239675827,1.7203877120835998,1.4201276777198335,7.391022492199788,0.8151470947709658,0.7279506374985686,7.010313299041474,0.7743109457983014,0.6372616892141534,0.4269985687805823,0.472470750718019,0.45337886390254944,0.48148465197542445,0.6048854435538998,0.6278601140667143,6.772245576929139,0.20432272939069063,6.339463750716288,6.24707257188428,6.114296793914989,5.84219596149976,5.662468571915778,5.53018876258171,5.588294905203012,5.8541214507056,6.013320668893766,5.983605332013704,5.984360568067237,5.848086962627608,5.671320930268134,5.607731375325038,5.49852549966873,5.15309687025361,4.817301610421179,4.210684118159255,4.039175211426845,3.730703005313874,3.398529397986174,3.1028591200999056,2.778787633400593,2.7520880686912026,2.7446008191361217,2.6674702971645137,2.343183952452484,2.0881740644810836,1.9476481836068407,1.873892862959822,1.6481630126298252,1.3622320674160613,7.437414702659694,7.143419521349622,6.8309791647792775,6.3558166888839525,5.999415791664578,-0.5846799653499405,5.463869380015804,5.4615384229177915,-0.8631877081386111,5.345905368354291,5.279940533876093
3.070999999999773,0.32398220116826304,-0.33194570418767966,5.263539737610998,5.178120360140583,5.125472544431441,4.984374213122054,4.612291777328982,4.289753543621749,4.01446364185601,9.765082763825976,2.810752385058443,2.2284557854169904,1.5360599522611695,0.9199785133478853,0.3696700202619383,-0.25284857225399554,5.706342624244455,-0.665410490563294,5.574865140273624,5.641645084471891,-0.6742535427125012,-0.6227504950815781,-0.4117757512899615,-0.4905262431747212,-0.5997588162381874,-0.7870792047504238,-0.8219677962848426,-0.8412561479891798,-0.9456074071894288,5.343613005498497,-1.0570598389586305,5.13759853344906,-1.2507433887442947,4.960979788238147,4.535480012312493,-2.230382518560127,3.693266911462853,-3.143729994139586,2.746858078531686,2.2728038950466143,2.077440119156357,2.050792002837853,1.9589471196735153,1.7184583839066303,1.4184212395226508,7.389528131259651,0.8138578242174538,0.7268597534916442,7.009428473364391,0.7736481324070673,0.6368454741160761,0.4268609536596768,0.4726379965864821,0.4538844777719004,0.48236149027739156,0.6061654599762406,0.6295629800264877,6.774389106209467,0.2069234917567326,6.342497120415894,6.2505111783358185,6.118104665882411,5.846332049447137,5.666863757585823,5.534770297757705,5.592984731974514,5.858840207307704,6.017985743156408,5.988138659679122,5.988688596429488,5.852141318720866,5.675043367741023,5.61108303751258,5.501475297376393,5.155606604452841,4.819374016483902,4.2122740637339975,4.040395821187391,3.7315886444862776,3.3991355083498247,3.1032539949948927,2.779039067510687,2.7522701049410236,2.7447774001951823,2.667699938338179,2.34352264536534,2.088661448935643,1.9483112666520743,1.8747505444282324,1.6492312892769563,1.363518078765452,7.438912196915298,7.145127703403891,6.832892302589765,6.357942044078094,6.001737140930941,-0.5821700939503063,5.466561375134784,5.464403949458449,-0.8601546005558799,5.349095594984951,5.283270149356508
3.0809999999997717,0.32382077613774163,-0.3314281333364799,5.266977385618528,5.181633044011631,5.129012558875594,4.987883065422261,4.615694636158672,4.2929718347066546,4.017414915393215,9.767638068647546,2.8127659921546453,2.229867804271779,1.5367285989969934,0.9198753162924376,0.3687771198302359,-0.25460284297666524,5.7038411971903304,-0.6686133911535038,5.570990513755217,5.637142819007666,-0.6793216757819274,-0.628311086723896,-0.417753476308713,-0.49682181539450915,-0.6062784655003493,-0.7937302955590504,-0.8286582979308231,-0.8479028406264354,-0.9521352422008158,5.337267461244357,-1.0631684299972675,5.131768127948516,-1.2562639260824167,4.9557895002943395,4.5306652401473855,-2.2348063566567604,3.689209821637459,-3.147393306004402,2.7435428474352537,2.269831486247795,2.0747593261241484,2.0483775317570254,1.9567803905138965,1.716527093071951,1.416713387301555,7.388033079202254,0.8125687207683117,0.7257699513655352,7.008545659257625,0.7729882013249111,0.6364328631376119,0.42672743748359515,0.47280955527531954,0.4543942755857519,0.48324203330897636,0.6074483629206874,0.6312675888231831,6.776532932218604,0.20952283890458462,6.3455273611678304,6.253944977745761,6.121906144342634,5.850460290074186,5.671249949469914,5.539342021285169,5.597664288169508,5.86354859977444,6.022640741603916,5.992662562370253,5.993008196571355,5.856188556560432,5.67876026457208,5.614430931220362,5.504423230963204,5.158116491000369,4.821448548587835,4.213868163606619,4.041622160633525,3.732481313286142,3.399749578102357,3.103657331077114,2.7792990260765915,2.752460321415208,2.7449614523319825,2.667936045774757,2.3438665346863607,2.0891526957588837,1.9489769362837965,1.8756096729331326,1.65030004757945,1.3648038517571626,7.440409027636708,7.14683504631086,6.834804633289446,6.360066751262428,6.0040580175790526,-0.5796606089887834,5.4692528928182265,5.467268677997478,-0.8571228885473057,5.352283548326095,5.286596369212469
3.0909999999997706,0.3236517939277581,-0.3308982505815867,5.270410326332213,5.185139637569756,5.132545119594502,4.99138321735281,4.619087717888714,4.296179636277759,4.020355412347283,9.770182731335748,2.8147695712450513,2.231270892540568,1.5373898387065568,0.9197665808879317,0.367880800789725,-0.256358225942551,5.701340982070151,-0.6718127591042091,5.567121628535975,5.63264832354245,-0.6843803683654299,-0.6338609314290945,-0.4237195416703916,-0.5031053387416469,-0.6127861296893993,-0.8003698906343755,-0.8353381420407584,-0.8545399957882343,-0.9586548606006297,5.330928722746687,-1.0692716545244692,5.125941717334132,-1.2617817259220492,4.9506008522713225,4.525851033807879,-2.239230560340086,3.6851516741251817,-3.151058316429392,2.740225499924071,2.2668566530443672,2.0720759951420873,2.0459605643794516,1.9546113581000975,1.714593861795643,1.415004141851249,7.386537352848161,0.8112797946690504,0.7246812329515327,7.0076648486929605,0.7723311340976319,0.6360238277197054,0.4265979830836388,0.4729853838445893,0.4549082118387803,0.48412623648419073,0.6087341120725777,0.632973907483708,6.778677032051141,0.21212076024881088,6.348554474469981,6.257373983074441,6.12570125272449,5.854580716106832,5.675627187247661,5.5439039776279815,5.602333620948427,5.8682466760974465,6.0272857112123095,5.997177084342398,5.997319408321709,5.860228709957893,5.682471646973529,5.617775073465097,5.507369307022642,5.160626525182591,4.823525190302331,4.215466389247539,4.042854191000256,3.7333809646241534,3.4003715546537996,3.104069073830125,2.7795674566377246,2.752658671462404,2.745152938171042,2.668178594103219,2.344215609450231,2.0896478082722436,1.94964520842448,1.876470274272563,1.6513693198426251,1.366089420885392,7.44190522688595,7.148541575390561,6.836716172014052,6.362190812432626,6.00637841077263,-0.5771515326053266,5.471943902518479,5.47013257344578,-0.8540926074752486,5.355469197162126,5.289919170421601
3.1009999999997695,0.32347530988546147,-0.3303560155704372,5.273838548413077,5.188640142923557,5.1360702429085725,4.9948746990169735,4.6224710652586625,4.2993770004988345,4.023285190558108,9.772716811744486,2.816763180172523,2.232665102611458,1.5380437153914803,0.9196523408674099,0.36698108529204737,-0.25811471144658393,5.6988419756775865,-0.675008610933857,5.563258455443897,5.628161557360099,-0.6894296700745117,-0.6394000850174442,-0.429674006267334,-0.5093768712540061,-0.6192818624707624,-0.8069980360463332,-0.8420073647378538,-0.8611676381519001,-0.965166275116535,5.324596788379604,-1.075369504573779,5.120119316701277,-1.267296768749633,4.945413865401064,4.5210374145103325,-2.2436551099118094,3.681092486525648,-3.154725009429673,2.7369060514011037,2.263879411623628,2.069390143998955,2.0435411204908207,1.9524400438977219,1.7126587120522716,1.41329352366217,7.385040968699613,0.8099910558866501,0.7235935998872939,7.006786033568228,0.7716769123350892,0.6356183395070975,0.4264725536168652,0.47316543976190784,0.4554262414706857,0.48501405565240946,0.6100226675006031,0.6346819033325058,6.780821382988186,0.21471724526424696,6.3515784617716475,6.260798207146681,6.129490014258142,5.85869336003132,5.679995510343822,5.548456210996683,5.606992777228573,5.872934484037231,6.031920698735411,6.001682269633527,6.001622271295434,5.864261812515871,5.686177540961907,5.621115481098504,5.510313532033026,5.163136702238722,4.8256039252389975,4.217068712278231,4.0440918737841445,3.7342875517763434,3.4010013858620076,3.104489169231424,2.7798443072268437,2.752865108873196,2.7453518206785334,2.6684275581522794,2.344569858710581,2.090146789631733,1.9503160986667163,1.8773323737860121,1.652439137830901,1.36737482008267,7.443400826208477,7.15024731555483,6.838626933649928,6.364314229540004,6.008698309829881,-0.5746428866089194,5.474634374153204,5.472995601256973,-0.8510637921421559,5.358652510792748,5.293238530376768
3.1109999999997684,0.3232913794903621,-0.3298013870066894,5.277262040792155,5.192134562285718,5.139587945071681,4.9983575402928375,4.625844720647009,4.302563979083604,4.026204307375594,9.775240369244836,2.818746876346292,2.234050486509189,1.5386902727720544,0.9195326297623916,0.36607799536252694,-0.2598722898409927,5.696344174825088,-0.6782009630558232,5.559400965501032,5.623682480029106,-0.6944696301595088,-0.6449286028883384,-0.4356169285380615,-0.5156364705217331,-0.625765717109386,-0.8136147775530963,-0.8486660019543641,-0.8677857923441472,-0.9716694985692607,5.318271656300645,-1.081461972485642,5.114300940797338,-1.272809035387685,4.940228560640114,4.516224403299142,-2.2480799857225753,3.6770322764949914,-3.1583933688843855,2.7335845174284135,2.2608997783000513,2.0667017905397596,2.0411192198369306,1.95026646922831,1.710721665579038,1.4115815529263476,7.383543942947023,0.8087025141155405,0.7225070536213511,7.005909205709667,0.771025517711093,0.6352163703458112,0.42635111256159947,0.4733496808967982,0.45594831986023415,0.485905447092944,0.611313989652594,0.6363915439889843,6.782965962496654,0.21731228348713208,6.354599324475949,6.264217662654848,6.1332724519782245,5.862798254096921,5.684354957930212,5.552998765349465,5.611641803684318,5.877612071122834,6.036545750704382,6.006178162064072,6.005916824893815,5.868287897629193,5.689877972360053,5.624452170809858,5.513255912360278,5.165647017363362,4.827684737053503,4.218675104471764,4.045335170742211,3.7352010283811996,3.401639020028108,3.104917563746633,2.780129526363611,2.753079587873881,2.7455580631570946,2.6686829129469904,2.3449292715391032,2.0906496428297374,1.9509896222774872,1.8781959963606711,1.6535095327753775,1.368660082727857,7.444895856640593,7.151952291313221,6.840536932837688,6.3664370044922345,6.011017704221364,-0.5721346924822618,5.477324278098774,5.475857727419739,-0.8480364767983768,5.3618334590259265,5.296554426880657
3.1209999999997673,0.32310005835182526,-0.3292343226535667,5.280680792667296,5.195622897972286,5.143098242272859,5.001831770837057,4.629208726076446,4.305740623301611,4.029112819665312,9.777753462729722,2.820720716745133,2.2354270958968785,1.539329554287826,0.9194074809028281,0.3651715528999753,-0.2616309515352368,5.693847576344114,-0.6813898317782834,5.555549129923172,5.619211051401455,-0.6995002975118324,-0.6504465400237778,-0.4415483664718865,-0.5218841936924704,-0.6322377464748709,-0.8202201606052649,-0.855314089434062,-0.8743944829412603,-0.9781645438702634,5.311953324455322,-1.0875490509012598,5.10848660402842,-1.278318506988694,4.935044958674046,4.5114120210484545,-2.252505168173385,3.6729710617418916,-3.162063378542528,2.730260913720912,2.2579177695100072,2.0640109526623225,2.03869488212272,1.948090655271002,1.7087827438798362,1.4098682495431365,7.38204629147534,0.8074141787834597,0.7214215954175333,7.005034356874229,0.7703769319633057,0.6348178922806962,0.4262336237130391,0.47353806551514854,0.4564744028194048,0.4868003675097029,0.6126080393513552,0.6381027973649606,6.785110748228536,0.21990586451618643,6.357617063942157,6.26763236216186,6.137048588726915,5.866895430318601,5.6887055689276,5.557531684393195,5.616280746747332,5.882279484651542,6.041160913427293,6.010664805236761,6.010203108304931,5.8723069984860645,5.693572966799059,5.627785159128498,5.5161964542606485,5.168157465709004,4.829767609447343,4.2202855377532815,4.046584043890822,3.736121348436806,3.40228440589199,3.105354204323759,2.7804230630482705,2.7533020631203504,2.7457716292407244,2.6689446337053977,2.345293837024693,2.0911563706968104,1.9516657942023814,1.8790611664376005,1.6545805353813074,1.3699452416540199,7.446390348716772,7.153656526778836,6.842446183975826,6.368559139154052,6.013336583567859,-0.5696269713863936,5.480013585183756,5.478718918450267,-0.8450106951498606,5.365012012170966,5.299866838140431
3.130999999999766,0.32290140220662833,-0.3286547793370846,5.284094793500024,5.1991051524019545,5.146601150637938,5.005297420088518,4.6325631232190085,4.308906983983994,4.032010783814072,9.780256150618523,2.8226847579205283,2.2367949820777926,1.5399616030982313,0.919276927417108,0.36426177967653606,-0.2633906869959283,5.691352177085354,-0.6845752333041243,5.551702920119509,5.614747231611432,-0.70452172066623,-0.6559539509918374,-0.44746837761346026,-0.5281200974764898,-0.6386980030464954,-0.8268142303499548,-0.861951662734634,-0.8809937344692537,-0.9846514240194232,5.305641790581596,-1.0936307327565753,5.102676320465906,-1.2838251650291561,4.929863079921801,4.5066002884638525,-2.256930637716966,3.6689088600237096,-3.1657350220286435,2.726935256140268,2.2549334018066007,2.0613176483139504,2.036268127011325,1.945912623064163,1.706841968229217,1.4081536331248201,7.380548029870264,0.8061260590571913,0.7203372263593006,7.004161478751863,0.7697311368931563,0.63442287755303,0.42612005117895047,0.47373055227377603,0.4570044465876421,0.4876987740259369,0.6139047777905571,0.6398156316621223,6.787255718020149,0.2224979780136349,6.360631681487965,6.271042318104102,6.140818447156949,5.870984920479637,5.693047382007588,5.562055011584433,5.620909652606864,5.886936771688647,6.0457662329887585,6.015142242536492,6.0144811605041,5.876319148069256,5.697262549720201,5.631114462426294,5.519135163883348,5.170668042388465,4.83185252616953,4.221899984200442,4.047838455504555,3.7370484662979884,3.402937492627854,3.105799038387541,2.780724866755409,2.75353248969208,2.745992482889784,2.6692126958352644,2.3456635442726097,2.09166697590344,1.9523446290697553,1.879927908017805,1.6556521758354545,1.3712303291561923,7.447884332476874,7.155360045674073,6.844354701224264,6.3706806353479335,6.01565493763828,-0.5671197441652452,5.482702266682514,5.481579141384815,-0.841986480365738,5.368188141031679,5.303175742762451
3.140999999999765,0.322695466916582,-0.32806271294916733,5.28750403301242,5.202581328095337,5.150096686231149,5.008754517271926,4.635907953401131,4.312063111529158,4.034898255735413,9.782748490861646,2.8246390559998207,2.238154195997137,1.5405864620832779,0.9191410022321141,0.36334869733756553,-0.2651514867467427,5.688857973918921,-0.6877571837308918,5.5478623076922435,5.610290981074407,-0.7095339478030613,-0.6614508899501156,-0.4533770190672643,-0.5343442381517357,-0.645146538918139,-0.8333970316347898,-0.8685787572300079,-0.8875835714040028,-0.9911301521027728,5.299337052214271,-1.0997070112763792,5.0968701038528605,-1.2893289913037331,4.924682944539931,4.5017892260839965,-2.261356374859104,3.664845689142727,-3.1694082828483747,2.7236075606889574,2.251946691854637,2.0586218954881805,2.033838974123153,1.943732393506969,1.7048993596762652,1.4064377230020921,7.379049173424346,0.804838163848185,0.7192539473539972,7.003290562967752,0.7690881143657642,0.6340312985981756,0.42601035937545445,0.4739271002150963,0.4575384078262084,0.48860062417906636,0.6152041665306798,0.6415300153695077,6.78940084989136,0.2250886137061813,6.363643178391685,6.274447542794276,6.144582049734571,5.875066756134206,5.69738043559449,5.5665687901304794,5.62552856721003,5.89158397906725,6.050361755249603,6.019610517130241,6.018751020254322,5.8803243791572655,5.700946746376843,5.634440096920063,5.522072047273146,5.1731787424772655,4.833939471018232,4.22351841604383,4.049098368115054,3.7379823366734906,3.4035982298398015,3.1062520138338714,2.7810348874278277,2.753770823086211,2.7462205883860733,2.6694870749308706,2.3460383824036803,2.0921814609618137,1.95302614119484,1.8807962446682294,1.656724483813349,1.3725153769990237,7.449377837473242,7.157062871336283,6.8462624985078495,6.372801494854784,6.01797275634762,-0.5646130313501238,5.485390294308876,5.484438363772394,-0.8389638650857885,5.371361816899677,5.306481119747093
3.150999999999764,0.32248230846621434,-0.32745807845065755,5.290908501184045,5.206051427674238,5.1535848650566685,5.012203091401316,4.63924325760861,4.31520905590835,4.037775290875017,9.785230540945042,2.8265836666893613,2.2395047882438748,1.5412041738442706,0.9189997380733299,0.3624323274015511,-0.26691334136832107,5.686364963734534,-0.6909356990507743,5.544027264436146,5.605842260485566,-0.7145370267505908,-0.6669374106491641,-0.4592743475020448,-0.5405566715687854,-0.6515834058031021,-0.8399686090117984,-0.8751954081126135,-0.8941640181713576,-0.9976007412902584,5.2930391066892915,-1.1057778799685407,5.091067967610317,-1.2948299679195447,4.91950457242677,4.496978854282252,-2.265782360159932,3.660781566942484,-3.173083144393867,2.7202778435044688,2.2489576564257057,2.055923712221601,2.031407443034985,1.9415499873609585,1.7029549390483887,1.4047205382294188,7.37754973714294,0.8035505018180604,0.718171759137018,7.002421601084509,0.7684478463098754,0.633643128043294,0.4259045130228987,0.47412766876189444,0.4580762436126379,0.48950587591558997,0.6165061674950081,0.6432459172610011,6.7915461220447995,0.22767776138593113,6.366651555894375,6.27784804842419,6.1483394187424345,5.879140968609928,5.701704767867182,5.57107306299042,5.630137536262163,5.896221153388109,6.0549475258465835,6.0240696719670215,6.023012726106755,5.884322724325497,5.704625581836322,5.637762078673939,5.525007110372897,5.175689561015931,4.836028427842344,4.225140805667317,4.050363744509876,3.7389229146231573,3.4042665675574884,3.1067130790242925,2.781353075470499,2.754017019211738,2.746455910328009,2.6697677467698577,2.346418340553512,2.092699828227554,1.9537103445837931,1.8816661995276627,1.6577974884864335,1.3738004164243114,7.4508708927777025,7.158765026723342,6.848169589519801,6.374921719414594,6.020290029754924,-0.5621068531641313,5.488077640209927,5.487296553667547,-0.8359428814277977,5.37453301154773,5.3097829484836145
3.160999999999763,0.32226198296051534,-0.3268408298742259,5.294308188248907,5.209515453860913,5.157065703060137,5.015643171283481,4.642569076491461,4.3183448666711435,4.040641944216037,9.787702357894684,2.8285186452776463,2.240846809052564,1.541814780704581,0.9188531674649901,0.36151269126006286,-0.268676241498162,5.683873143441689,-0.6941107951506215,5.54019776233808,5.601401030818619,-0.7195310049872905,-0.6724135664358991,-0.46516041915519296,-0.5467574531557226,-0.6580086550388309,-0.8465290067412194,-0.8818016503955789,-0.9007350991472328,-1.004063204833534,5.286747951147972,-1.111843332618359,5.085269924843412,-1.3003280772905785,4.9143279832264914,4.4921691932682695,-2.2702085742351756,3.6567165113042095,-3.176759589949047,2.716946120853635,2.245966312393384,2.0532231165907504,2.028973553279089,1.9393654252515469,1.7010087269550214,1.4030020975902822,7.37604973575004,0.8022630813839987,0.7170906622758972,7.001554584604341,0.7678103147178053,0.6332583387051084,0.4258024771418149,0.47433221771219536,0.45861791143528635,0.490414487586075,0.6178107429656782,0.6449633063928457,6.793691512865054,0.23026541091126723,6.3696568152019095,6.281243847067465,6.152090576282434,5.8832075890103805,5.706020416760946,5.575567872876193,5.634736605227169,5.9008483410195325,6.0595235901921605,6.028519749777869,6.027266316401209,5.88831421594744,5.708299080981803,5.641080423601705,5.527940359026019,5.178200493012236,4.838119380543014,4.226767125608378,4.051634547731315,3.739870155555144,3.404942456231815,3.107182182780577,2.7816793817446213,2.75427103438379,2.746698413625879,2.6700546873101567,2.3468034078717426,2.0932220799014525,1.9543972529376978,1.8825377953125637,1.6588712185291075,1.3750854781584232,7.452363526988465,7.160466534419143,6.850075987725104,6.377041310727107,6.022606748061275,-0.5596012295265197,5.490764276959871,5.4901536796232415,-0.8329235609948028,5.377701697223246,5.313081208745098
3.170999999999762,0.32203454662274567,-0.3262109203271803,5.29770308469244,5.212973409477329,5.160539216130111,5.019074785521344,4.645885450368701,4.321470592950831,4.04349827028435,9.790163998280992,2.83044404663844,2.2421803083052194,1.5424183247104586,0.9187013227302797,0.3605898101777387,-0.2704401778305042,5.681382509969809,-0.6972824878119952,5.536373773576487,5.596967253324466,-0.724515929644158,-0.6778794102569934,-0.47103528983706916,-0.5529466379229305,-0.6644223375915446,-0.8530782687952203,-0.8883975189148638,-0.9072968386576791,-1.0105175560637853,5.280463582541134,-1.1179033632830258,5.079475988347404,-1.3058233021322232,4.909153196333103,4.487360263089559,-2.2746349977573646,3.6526505401433464,-3.180437602694766,2.713612409127119,2.2429726767285514,2.050520126709085,2.0265373243423603,1.9371787276695063,1.699060743791245,1.401282419602311,7.374549183693992,0.8009759107240229,0.7160106571743143,7.000689504971171,0.7671755016453932,0.6328769035877193,0.4257042170489585,0.47454070723423336,0.4591633691879786,0.4913264179402246,0.6191178555797762,0.6466821521011749,6.795837000917842,0.23285155220767734,6.372658957486974,6.284634950682185,6.155835544278479,5.887266648217561,5.710327419969308,5.580053262253666,5.639325819327931,5.905465588097321,6.064089993474301,6.032960793075871,6.031511829266662,5.892298886195837,5.7119672685141145,5.644395147469079,5.530871798978906,5.1807115334433975,4.840212313075112,4.228397348558378,4.052910741075218,3.7408240152231333,3.405625846730675,3.107659274379379,2.782013757561767,2.7545328253180092,2.746948063497188,2.6703478726869605,2.347193573521311,2.0937482180311764,1.9550868796565113,1.8834110543228022,1.6599457021256687,1.3763705924196135,7.453855768236907,7.162167416639011,6.85198170636385,6.379160270452454,6.024922901607838,-0.5570961800569788,5.493450177553999,5.493009710683874,-0.8299059348822307,5.380867846641839,5.316375880683479
3.1809999999997607,0.3218000557923018,-0.32556830199418896,5.30109318124854,5.216425297444411,5.164005420099498,5.022497962517243,4.649192419233018,4.324586283469718,4.046344323153745,9.7926155182232,2.8323599252338947,2.2435053355331944,1.5430148476318812,0.918544235991573,0.3596637052923013,-0.272205141116202,5.6788930602683765,-0.7004507927112514,5.532555270520822,5.592540889529838,-0.729491847507043,-0.6833349946622483,-0.4768990149352745,-0.5591242804678047,-0.6708245040607715,-0.8596164388615264,-0.8949830483313327,-0.9138492609789359,-1.016963808389586,5.274185997633175,-1.1239579662862063,5.073686170613552,-1.3113156254559197,4.903980230894336,4.482552083633019,-2.279061611457001,3.648583671406169,-3.184117165713813,2.7102767248340207,2.2399767664948147,2.047814760724021,2.0240987756654807,1.9349899149724126,1.6971110097413304,1.3995615225222973,7.373048095153079,0.7996889977821708,0.714931744076025,6.999826353572728,0.766543389211964,0.6324987958804711,0.4256096983534299,0.47475309786151515,0.4597125751647483,0.4922416261220236,0.6204274683254853,0.6484024239995592,6.7979825649491685,0.2354361752685377,6.375657983891015,6.288021371113477,6.1595743444792275,5.8913181768943215,5.714625814945845,5.584529273343714,5.643905223546726,5.910072940524731,6.068646780656335,6.0373928441562175,6.035749302621793,5.896276767043856,5.715630168953561,5.647706265895958,5.533801435883292,5.183222677258188,4.842307209448639,4.230031447362824,4.054192288089783,3.7417844497235846,3.406316690334745,3.1081443035469576,2.7823561546781175,2.754802349125018,2.7472048254620827,2.670647279209767,2.347588826677753,2.0942782445129673,1.9557792378429606,1.8842859984473208,1.6610209669771547,1.3776557889252246,7.455347644194266,7.163867695235026,6.853886758454534,6.381278600211792,6.027238480873912,-0.554591724079862,5.496135315402749,5.495864616378378,-0.8268900336849296,5.384031432980986,5.319666944824612
3.1909999999997596,0.32155856692264484,-0.324912926139912,5.304478468896622,5.2198711207812964,5.167464330746926,5.025912730476147,4.6524900227553765,4.327691986544334,4.049180156451014,9.795056973393697,2.834266335117654,2.24482193991908,1.5436043909634427,0.9183819391707154,0.3587343976146055,-0.27397112216259134,5.676404791307066,-0.7036157254196541,5.5287422257309675,5.588121901235914,-0.7344588050189848,-0.6887803718079454,-0.48275164941886856,-0.5652904349793862,-0.6772152046837941,-0.8661435603469673,-0.9015582731327695,-0.9203923903374657,-1.0234019752947876,5.267915193006061,-1.130007136212728,5.067900483834879,-1.316805030563927,4.898809105815469,4.4777446746264475,-2.283488396123696,3.644515923066486,-3.1877982619958054,2.7069390845966255,2.2369785988440527,2.045107036814042,2.021657926642095,1.9327990073860588,1.6951595447821983,1.3978394243511054,7.371546484040991,0.7984023502735601,0.7138539230687126,6.998965121742601,0.7659139596002984,0.6321239889558663,0.42551888695287404,0.4749693504879783,0.46026548805467,0.4931600716649597,0.6217395445382837,0.6501240919765727,6.800128183884475,0.23801927015585103,6.378653895526113,6.291403120096034,6.163306998460745,5.895362205486774,5.718915638906,5.588995948123311,5.648474862625687,5.914670443972501,6.073193996476858,6.041815945096312,6.039978774175539,5.9002478902662645,5.71928780664171,5.651013794358617,5.5367292752985655,5.185733919379011,4.844404053730091,4.231669395021575,4.0554791525743585,3.7427514154929855,3.4070149387333264,3.1086372204539776,2.782706525288788,2.7550795633049847,2.7474686653388614,2.6709528833594787,2.347989156528522,2.094812161093326,1.9564743403063884,1.8851626491697169,1.6620970403080815,1.3789410968987905,7.4568391820782365,7.165567391701279,6.855791156797297,6.383396301587935,6.029553476475018,-0.5520878806283497,5.498819664325831,5.498718366713423,-0.8238758875040956,5.3871924298737826,5.322954382063437
3.2009999999997585,0.32131013657928537,-0.3242447431115555,5.307858938858716,5.223310882604569,5.17091596379809,5.029319117408811,4.655778300289514,4.330787750090559,4.052005823360995,9.79748841902231,2.836163329937949,2.2461301702986183,1.5441869959252787,0.918214463989345,0.35780190802871537,-0.27573811183334923,5.673917700075847,-0.7067773014035169,5.524934611956598,5.583710250516894,-0.7394168482825556,-0.6942155934601784,-0.48859324784253527,-0.5714451552429192,-0.6835944893400053,-0.8726596763809432,-0.9081232276358361,-0.9269262509099712,-1.0298320703364343,5.261651165063229,-1.13605086790338,5.062118939911798,-1.3222915010441973,4.893639839763058,4.472938055640026,-2.287915332607261,3.640447313122431,-3.1914808744419565,2.703599505145276,2.233978191012053,2.0423969731858795,2.019214796618009,1.93060602500584,1.693206368686805,1.3961161428384745,7.370044364012178,0.7971159756893504,0.7127771940877657,6.9981058007622465,0.7652871950566098,0.6317524563675263,0.4254317490297574,0.4751894263632396,0.46082206693678207,0.49408171448731897,0.62305404789719,0.6518471261933766,6.802273836827766,0.24060082700094287,6.381646693476802,6.294780209256571,6.167033527629122,5.899398764226636,5.723196928828862,5.593453328326642,5.6530347810672765,5.919258143878898,6.077731685449649,6.0462301377558845,6.044200281427663,5.9042122874406,5.7229402057431615,5.654317748191876,5.539655322694019,5.188245254703911,4.846502830043772,4.23331116468901,4.056771298578221,3.7437248693051326,3.407720544020237,3.109137975710375,2.78306482202224,2.755364425742279,2.7477395492395633,2.671264661785561,2.3483945522723295,2.0953499693706763,1.957172199566549,1.8860410275737445,1.6631739488730892,1.3802265450770304,7.458330408659468,7.167266527179042,6.85769491397712,6.385513376125959,6.031867879161009,-0.549584668448551,5.501503198546475,5.501570932166737,-0.8208635259540975,5.390350811402787,5.326238173659193
3.2109999999997574,0.3210548214378287,-0.323563702341344,5.311234582596589,5.2267445861275,5.174360334927055,5.032717151134859,4.6590572908763805,4.3338736216286575,4.054821376631527,9.799909909900542,2.8380509629406774,2.2474300751626415,1.5447627034640248,0.9180418419692521,0.3568662572920088,-0.2775061010483451,5.671431783585085,-0.7099355360243732,5.521132402136517,5.579305899718564,-0.7443660230622131,-0.6996407109981632,-0.4944238643506972,-0.5775884946443332,-0.6899624075551792,-0.8791648298188102,-0.9146779459879758,-0.9334508668233976,-1.0362541071427147,5.255393910033434,-1.1420891564498186,5.056341550457646,-1.3277750207653658,4.888472451168598,4.468132246087774,-2.2923424018187775,3.63637785959334,-3.195164985869721,2.700258003313369,2.230975560314266,2.039684588071762,2.0167694048904092,1.9284109877981026,1.6912515010274531,1.394391695487714,7.368541748467095,0.7958298813016046,0.7117015569199807,6.997248381862979,0.7646630778905281,0.6313841718481984,0.4253482510477196,0.47541328708793396,0.4613822712750972,0.49500651488755565,0.6243709424210576,0.6535714970813187,6.8044195030607275,0.24318083600511556,6.384636378801841,6.2981526501162195,6.17075395322304,5.90342788313357,5.727469721458952,5.597901455446214,5.657585023134803,5.923836085449817,6.082259891863659,6.05063546377716,6.048413861669349,5.908169989948333,5.726587390247291,5.657618142591231,5.542579583451055,5.190756678108526,4.8486035225730415,4.234956729674182,4.05806869039934,3.744704768268425,3.40843345868974,3.109646520360301,2.783430997934779,2.7556568947002047,2.748017443565633,2.6715825913032516,2.3488050031185153,2.095891670797022,1.9578728278573543,1.886921154348743,1.6642517189634898,1.3815121617167412,7.459821350267953,7.1689651224618665,6.859598042366975,6.387629825333812,6.0341816798142105,-0.547082106003544,5.504185892685739,5.504422283680502,-0.8178529781691998,5.393506552093955,5.329518301230695
3.2209999999997563,0.32079267828207675,-0.32286975234892606,5.314605391808905,5.2301722346592845,5.1777974597575165,5.036106859285805,4.662327033248469,4.3369496482882415,4.057626868578342,9.802321500385785,2.8399292869724766,2.2487217026590165,1.545331554253809,0.9178641044327737,0.3559274660353092,-0.27927508078348584,5.668947038865619,-0.7130904445391736,5.517335569397969,5.574908811456825,-0.7493063747866582,-0.7050557754175278,-0.500243552681579,-0.5837205061746505,-0.696319008505659,-0.8856590632451887,-0.9212224621692635,-0.9399662621549195,-1.042668099410939,5.249143423974513,-1.1481219971895729,5.050568326804071,-1.333255573871842,4.883306958232104,4.46332726522898,-2.2967695847316136,3.632307580516706,-3.1988505790173276,2.6969145960324776,2.227970724141652,2.036969899726718,2.0143217707070935,1.9262139156014686,1.6892949611790284,1.3926660995603022,7.3670386505573235,0.7945440741680476,0.7106270112071933,6.996392856227913,0.7640415904750912,0.6310191093078086,0.4252683597479993,0.47564089460914,0.4619460609136998,0.49593443353973277,0.625690192464917,0.6552971753395536,6.806565162041829,0.24575928744026207,6.387622952535917,6.301520454092871,6.174468296316281,5.907449592017469,5.7317340533079815,5.60234037073397,5.662125632852945,5.928404313658901,6.086778659783017,6.0550319645850506,6.052619551983806,5.912121028976042,5.73022938396997,5.6609149926149165,5.5455020628653475,5.193268184447986,4.850706115561544,4.236606063440925,4.0593712925831476,3.745691069823174,3.409153635632526,3.1101628058771316,2.7838050065051356,2.7559569288158356,2.7483023150036683,2.6719066488908347,2.3492204982864333,2.0964372666795854,1.9585762371305742,1.8878030497949871,1.665330376413718,1.38279797460159,7.461312032799345,7.170663198000597,6.861500554130926,6.3897456506829124,6.036494869447599,-0.5445802114773565,5.506867721756907,5.507272392654874,-0.8148442728101859,5.396659626910656,5.332794746751684
3.230999999999755,0.3205237640021872,-0.32216284074370977,5.317971358428404,5.2335938316042645,5.181227353864027,5.039488269308002,4.6655875658340795,4.34001587681313,4.06042235108988,9.804723244405459,2.8417983544837844,2.2500051005946116,1.5458935886972753,0.9176812825032258,0.3549855547630434,-0.28104504207055386,5.666463462968846,-0.7162420421005067,5.51354408705591,5.570518948616202,-0.7542379485511967,-0.7104608373335803,-0.5060523661712216,-0.5898412424343243,-0.7026643410224621,-0.8921424189771991,-0.9277568099942057,-0.9464724609319127,-1.049074060905549,5.242899702777084,-1.154149385701158,5.044799280006333,-1.3387331447790074,4.878143378925617,4.458523132169616,-2.301196862382428,3.6282364939452227,-3.2025376365481932,2.693569300327594,2.224963699956637,2.034252926425959,2.0118719132657312,1.924014828128128,1.687336768322166,1.390939372080379,7.3655350831906,0.7932585611367302,0.7095535564498378,6.995539214993869,0.763422715246741,0.6306572428315554,0.4251920421459306,0.4758722112158911,0.46251339607192804,0.49686543148903445,0.6270117627163629,0.6570241319326778,6.808710793405414,0.24833617164944222,6.390606415691306,6.304883632503451,6.178176577820183,5.911463920480717,5.7359899606566085,5.6067701152024165,5.6666566540083165,5.932962873247707,6.091288033047084,6.059419681387373,6.056817389246896,5.916065435516575,5.7338662105552745,5.664208313185972,5.548422766148942,5.1957797685587686,4.852810593314364,4.238259139607926,4.060679069921279,3.746683731738937,3.4098810281317378,3.11068678415854,2.7841868016291325,2.7562644870949273,2.7485941305212385,2.672236811686963,2.3496410270048638,2.0969867581824304,1.959282439059487,1.888686733828964,1.6664099466076947,1.3840840110488062,7.46280248172116,7.1723607739083235,6.863402461227183,6.39186085360873,6.03880743920298,-0.5420790027788881,5.50954866115998,5.510121230941589,-0.8118374380708843,5.399810011247781,5.336067492546235
3.240999999999754,0.32024813559288845,-0.32144291422713744,5.32133247461914,5.23700938046116,5.18465003277318,5.042861408465538,4.668838926761507,4.343072353566155,4.063207875632057,9.807115195461114,2.843658217531882,2.2512803164372697,1.546448846926637,0.9174934071053669,0.35404054385342404,-0.2828159759970392,5.6639810529667685,-0.7193903437568472,5.509757928612259,5.566136274348337,-0.7591607891201062,-0.7158559469845557,-0.511850357757445,-0.5959507556375041,-0.7089984535953063,-0.8986149390676225,-0.9342810231134903,-0.9529694871319131,-1.0554720054561546,5.236662742168168,-1.1601713177992805,5.039034420848471,-1.344207718168514,4.872981730996635,4.453719865863716,-2.3056242158721183,3.624164617943893,-3.206226141055231,2.6902221333124836,2.221954505289156,2.0315336864623106,2.0094198517131345,1.921813744965105,1.6853769414463486,1.3892115298391492,7.364031059035724,0.7919733488505961,0.708481192010436,6.99468744925326,0.7628064347053255,0.6302985466780474,0.42511926552751056,0.4761071995347715,0.46308423733963927,0.49779947014734743,0.6283356181919906,0.6587523380883855,6.810856376960783,0.2509114790474192,6.393586769259462,6.308242196566151,6.181878818486063,5.915470897920408,5.740237479556174,5.611190729625765,5.671178130150043,5.937511808725906,6.095788055270534,6.063798655175103,6.061007410127763,5.920003240370213,5.7374978934771566,5.6674981190942395,5.551341698432317,5.198291425260478,4.854916940199145,4.239915931948773,4.061991987450322,3.747682712111863,3.410615589859044,3.1112184075216494,2.784576337614428,2.7565795289069097,2.7488928573627787,2.6725730569880364,2.3500665785114423,2.097540146328076,1.9599914450424838,1.889572225988575,1.6674904544850921,1.3853702979157743,7.4642927220789,7.1740578699652575,6.865303775411105,6.393975435511368,6.041119380349225,-0.5395784975457751,5.5122286866762344,5.512968770837656,-0.808832501684597,5.402957680925932,5.339336521284227
3.250999999999753,0.3199658501517516,-0.32070991859490505,5.324688732773712,5.240418884822283,5.188065511964777,5.046226303843064,4.672081153863142,4.346119124533873,4.065983493252934,9.80949740663253,2.8455089277839285,2.2525473973178016,1.546997368804761,0.9173005089658935,0.35309245355865554,-0.2845878737059662,5.661499805952051,-0.7225353644528248,5.505977067755111,5.561760752070454,-0.7640749409290047,-0.721241154234841,-0.5176375799837654,-0.6020490976162335,-0.7153213943765581,-0.905076665307992,-0.9407951350156883,-0.9594573646825635,-1.0618619469556028,5.2304325377147505,-1.1661877895301458,5.033273759848378,-1.349679278983684,4.867822031971477,4.448917485114739,-2.310051626366758,3.6200919705872283,-3.2099160750650477,2.68687311218516,2.218943157732802,2.028812198143717,2.006965605144549,1.9196106855754953,1.6834154993529338,1.387482589399183,7.362526590527375,0.7906884437519557,0.7074099171170192,6.993837550055925,0.7621927314141063,0.6299429952774813,0.42504999744603394,0.47634582252559204,0.46365854567255654,0.4987365112889102,0.6296617242338749,0.6604817652951404,6.81300189269126,0.2534852001211603,6.3965640142125775,6.311596157402584,6.1855750389075705,5.919470553530546,5.744476645830422,5.615602254541069,5.675690104590368,5.942051164371508,6.100278769843473,6.068168926722655,6.065189651089508,5.923934474145828,5.74112445604111,5.670784424998338,5.554258864766389,5.200803149357608,4.857025140647166,4.241576414391975,4.06331001045055,3.7486879693620594,3.4113572748707477,3.111757628698237,2.7849735691753406,2.756902013979972,2.7491984630455595,2.672915362245634,2.350497142052117,2.0980974319990917,1.9607032662066268,1.8904595454382669,1.6685719245475135,1.3866568616065327,7.465782778502083,7.175754505623518,6.867204508238177,6.396089397756124,6.043430684280504,-0.5370787131481958,5.514907774462881,5.515814985079151,-0.8058294909304359,5.4061026121857045,5.342601815976875
3.260999999999752,0.31967696487751557,-0.3199637987391247,5.328040125510552,5.243822348372765,5.191473806872931,5.049582982348566,4.675314284679503,4.349156235331199,4.068749254587353,9.811869930581707,2.8473505365199845,2.2538063900319814,1.5475391939262744,0.9171026186139682,0.3521413040051631,-0.2863607263957137,5.659019719038059,-0.725677119029518,5.50220147835794,5.557392345463815,-0.7689804480872214,-0.7266165085781776,-0.5234140850032619,-0.6081363198245792,-0.7216332111851059,-0.9115276392316162,-0.9472991790289104,-0.9659361174615475,-1.0682438993580738,5.224209084827277,-1.1721987971668588,5.0275173072627615,-1.355147812425003,4.862664299158584,4.444116008576909,-2.3144790750984896,3.6160185699565135,-3.2136074210420342,2.683522254223468,2.2159296749410595,2.026088479790797,2.004509192602966,1.9174056692996793,1.681452460658119,1.38575256709863,7.361021689870821,0.789403852086867,0.706339730866481,6.992989508410951,0.7615815879997695,0.6295905632298596,0.42498420571879536,0.4765880434771484,0.46423628238769565,0.4996765170460306,0.6309900465060968,0.6622123852998661,6.815147320753249,0.2560573254303025,6.39953815150508,6.314945526039918,6.1892652595230055,5.923462916304191,5.748707495077221,5.620004730249378,5.680192620405282,5.94658098423113,6.104760219931603,6.072530536588192,6.069364148389842,5.927859167262053,5.744745921385814,5.674067245427606,5.557174270124483,5.2033149356412265,4.859135179154368,4.2432405610209445,4.064633104444645,3.7496994622309727,3.4121060376039503,3.1123044008300127,2.785378451427757,2.75723190239622,2.7495109153557227,2.673263705063994,2.350932706880618,2.098658615939685,1.9614179134111622,1.8913487109740925,1.6696543808645818,1.3879437280781755,7.467272675210184,7.177450700011877,6.8691046710669195,6.39820274167406,6.045741342514572,-0.5345796666926218,5.517585901047777,5.51865984683511,-0.802828432639563,5.409244781682033,5.345863359972322
3.2709999999997508,0.3193815370684678,-0.31920449865044837,5.3313866456712375,5.247219774889766,5.194874932887162,5.0529314707160795,4.678538356463194,4.352183731205976,4.071505209861491,9.814232819556878,2.8491830946360146,2.255057341042561,1.5480743616187036,0.9168997663817762,0.35118711519384344,-0.2881345253198307,5.656540789358884,-0.728815622224766,5.498431134478757,5.553031018472143,-0.7738773543801678,-0.7319820591408418,-0.5291799245823982,-0.6142124733426972,-0.7279339515101605,-0.917967902116534,-0.9537931883224179,-0.9724057692965136,-1.0746178766772054,5.217992378763073,-1.1782043372049138,5.02176507309201,-1.3606133039457098,4.857508549651727,4.4393154547565326,-2.3189065433663876,3.6119444341371474,-3.2173001613923518,2.680169576780772,2.2129140746236358,2.023362549734465,2.002050633078445,1.9151987153565073,1.67948784379584,1.38402147905534,7.35951636904652,0.7881195799094285,0.7052706322278657,6.992143315288444,0.7609729871524431,0.6292412253032474,0.42492185842385616,0.4768338260030553,0.4648174091588695,0.5006194499048681,0.6323205509913119,0.6639441701056541,6.817292641475291,0.2586278456075828,6.402509182075084,6.318290313412923,6.192949500617597,5.9274480150355995,5.7529300626702495,5.624398196816879,5.684685720435161,5.951101312120284,6.109232448476402,6.076883525113957,6.073530938081777,5.931777349948422,5.74836231248474,5.677346594783992,5.560087919404251,5.205826778890627,4.861247040282343,4.244908346073957,4.065961235196417,3.7507171497787937,3.4128618328727454,3.1128586774639615,2.7857909398841123,2.7575691545869145,2.749830182344393,2.6736180631975435,2.351373262257952,2.0992236987572648,1.9621353972509887,1.8922397410286984,1.6707378470799414,1.3892309228471618,7.468762436018491,7.179146471940406,6.871004275061776,6.400315468562542,6.048051346691055,-0.5320813750255123,5.520263043324243,5.5215033297015,-0.7998293532013424,5.412384166478633,5.349121136951285
3.2809999999997497,0.3190796241208785,-0.31843196142014263,5.334728286317826,5.250611168241686,5.198268905353441,5.056271795508335,4.681753406182782,4.355201657043465,4.074251408897358,9.816586125396432,2.851006652646886,2.256300296481288,1.5486029109436323,0.916691982405108,0.3502299070003362,-0.2899092617868469,5.654063014069357,-0.7319508886735053,5.494666010359263,5.548676735300048,-0.7787657032717114,-0.7373378546848043,-0.5349351501047945,-0.6202776088808313,-0.7342236625149806,-0.9243974949884076,-0.9602771959081907,-0.9788663439649868,-1.080983892984246,5.211782414629714,-1.1842044063577817,5.016017067084945,-1.3660757392474772,4.852354800333187,4.434515842013292,-2.3233340125373,3.607869581216054,-3.220994278467819,2.67681509728176,2.209896374542878,2.0206344263136047,1.9995899455074648,1.9129898428444605,1.6775216670206075,1.3822893411708954,7.358010639814646,0.786835633085982,0.7042026200455904,6.991298961621273,0.760366911625716,0.6288949564320663,0.42486292389687474,0.47708313403765973,0.46540188801227017,0.5015652727012806,0.6336532039873654,0.6656770919694908,6.819437835357093,0.2611967513592354,6.405477106845791,6.321630530365994,6.196627782325717,5.931425878322307,5.757144383760695,5.628782694076064,5.689169447285449,5.9556121916237,6.1136954981953435,6.081227932426639,6.077690056014327,5.935689052246539,5.751973652147762,5.680622487343922,5.562999817429544,5.208338673874929,4.863360708659282,4.246579743944084,4.067294368709515,3.751740991381872,3.4136246158644687,3.1134204125477396,2.786210990448443,2.757913731327791,2.7501562323238553,2.673978414548486,2.3518187974519136,2.099792680924004,1.9628557280600811,1.893132653676246,1.671822346417175,1.3905184709955327,7.470252084343865,7.180841839905078,6.8729033311959356,6.402427579685787,6.050360688569782,-0.5295838547369547,5.522939178545939,5.524345407695288,-0.7968322785693992,5.415520744042516,5.352375130922768
3.2909999999997486,0.31877128352748696,-0.31764612924213204,5.338065040730221,5.2539965323873785,5.201655739575217,5.05960398311937,4.684959470526624,4.358210057370757,4.0769879011172225,9.818929899532824,2.852821260689343,2.2575353021509352,1.549124880697886,0.9164792966239723,0.3492696991753154,-0.29168492716007854,5.651586390345072,-0.735082932908122,5.490906080423971,5.544329460411426,-0.7836455379065446,-0.7426839436108645,-0.5406798125749582,-0.6263317767832495,-0.7405023910405323,-0.9308164586233497,-0.9667512346424532,-0.9853178651942727,-1.0873419624062364,5.20557918738832,-1.1901990015525785,5.010273298743489,-1.3715351042761845,4.847203067876838,4.429717188561526,-2.327761464046649,3.6037940292791655,-3.2246897545697033,2.673458833218346,2.206876592510278,2.017904127872802,1.9971271487722824,1.9107790707427892,1.6755539484102813,1.3805561691345571,7.356504513719499,0.7855520172992321,0.703135693042605,6.990456438306791,0.7597633442366627,0.6285517317154248,0.4248073707279994,0.477335931832027,0.4659896813221258,0.5025139486167368,0.6349879721039473,0.6674111234000014,6.821582883068568,0.2637640334653581,6.408441926726857,6.324966187655105,6.200300124633072,5.935396534567202,5.761350493278916,5.633158261626898,5.69364384332733,5.960113666095686,6.118149411582144,6.085563798437751,6.081841537833215,5.939594304011222,5.755579963022733,5.68389493726014,5.565909968952246,5.210850615354623,4.865476168980872,4.248254729179088,4.068632471226134,3.752770946730154,3.4143943421359806,3.1139895604251473,2.786638559411524,2.758265593734451,2.7504890338637993,2.6743447371644278,2.3522693017366207,2.100365562778379,1.9635789159148709,1.894027466637266,1.672907901685633,1.3918063971770376,7.471741643210427,7.182536822092279,6.874801850254132,6.404539076275396,6.052669360029125,-0.5270871221642508,5.525614284321825,5.527186055248592,-0.7938372342675917,5.418654492238582,5.355625326219818
3.3009999999997475,0.3184565728760418,-0.31684694341500746,5.341396902403575,5.2573758713753564,5.2050354508144006,5.0629280597770645,4.688156585906608,4.361208976361121,4.079714735547997,9.821264192996448,2.854626968524978,2.2587624035273395,1.5496403094147373,0.9162617387832325,0.34830651134480023,-0.2934615128574297,5.649110915382361,-0.7382117693588236,5.487151319279312,5.539989158527848,-0.788516901112556,-0.748020373961765,-0.5464139626219648,-0.6323750270321187,-0.7467701836090775,-0.9372248335506923,-0.9732153372271599,-0.9917603566613504,-1.0936920991242183,5.199382691856798,-1.1961881199258253,5.004533777327225,-1.3769913852177749,4.8420533687511815,4.424919512471477,-2.3321888793992116,3.599717796408967,-3.2283865719524094,2.6701008021456705,2.2038547463830622,2.0151716727601334,1.9946622617003127,1.9085664179126254,1.6735847058687867,1.378821978427128,7.354998002093834,0.7842687380522778,0.7020698498234887,6.989615736208514,0.7591622678658686,0.6282115264154852,0.4247551677588208,0.4775921839500019,0.46658075180643094,0.5034654411742888,0.6363248222592931,0.6691462371552124,6.823727765448858,0.2663296827802452,6.4114036426156895,6.328297295949725,6.203966547378828,5.939360011980556,5.765548425936102,5.637524938837977,5.698108950698452,5.964605778660503,6.122594230907048,6.08989116284405,6.085985418981603,5.94349313491166,5.759181267597044,5.687163958563496,5.568818378654062,5.213362598083093,4.867593406011171,4.249933276481314,4.069975509225715,3.753806975824638,3.4151709676099906,3.1145660758316493,2.787073603446071,2.758624703257834,2.7508285557876326,2.6747170092360535,2.352724764392061,2.1009423445266995,1.9643049706375848,1.8949241972834407,1.6739945352861823,1.3930947256231714,7.473231135255158,7.184231436383275,6.876699842835392,6.406649959530881,6.0549773530643725,-0.52459119339545,5.528288338611192,5.530025247202927,-0.7908442453958957,5.421785389324293,5.3588717074953545
3.3109999999997464,0.31813554984789155,-0.3160343443440114,5.344723865045702,5.260749189342994,5.2084080542923195,5.066244051545639,4.69134478846182,4.36419845783829,4.0824319608255415,9.823589056419445,2.85642382554318,2.259981645761443,1.5501492353651356,0.9160393384332678,0.34734036301048327,-0.29523901035118993,5.64663658639831,-0.7413374123540311,5.483401701712708,5.535655794626935,-0.793379835403197,-0.753347193425281,-0.5521376505030975,-0.6384074092513198,-0.7530270864276976,-0.9436226600556932,-0.9796695362114427,-0.9981938419927591,-1.10003431737147,5.193192922713015,-1.20217175881929,4.998798511857875,-1.382444568494202,4.836905719222321,4.420122831670528,-2.3366162401698745,3.5956409006821177,-3.2320847128270787,2.666741021678207,2.2008308540608663,2.012437079325008,1.9921953030635244,1.9063519030980751,1.6716139571287707,1.3770867843247314,7.353491116063096,0.7829858006725648,0.7010050888774857,6.988776846157772,0.7585636654574609,0.6278743159558641,0.4247062840793844,0.47785185526434043,0.4671750625227494,0.504419714234607,0.6376637216769239,0.6708824062403316,6.8258724635053465,0.26889369023269116,6.41436225539873,6.331623865834685,6.207627070257714,5.9433163385820285,5.769738216225926,5.64188276484771,5.70256481130364,5.96908857221277,6.127029998217138,6.094210065127963,6.090121734700831,5.947385574432552,5.762777588199168,5.690429565164723,5.571725051148272,5.21587461680807,4.869712404583425,4.25161536070753,4.071323449423638,3.7548490389748452,3.41595444857143,3.115149913889963,2.787516079602017,2.7589910216797544,2.751174767168856,2.675095209094855,2.3531851747036607,2.101523026244629,1.9650339017995406,1.895822862642327,1.6750822692168719,1.394383480149123,7.474720582733413,7.18592570035859,6.878597319355747,6.408760230620177,6.057284659786127,-0.5220960842728313,5.530961319718775,5.5328629588035225,-0.7878533366362039,5.42491341394441,5.362114259718041
3.3209999999997453,0.31780827221662744,-0.3152082715430006,5.348045922574542,5.2641164905157325,5.211773565190653,5.069551984328087,4.69452411406217,4.367178545280664,4.085139625198927,9.825904540039497,2.8582118807640717,2.2611930736813424,1.5506516965589514,0.915812124930658,0.34637127355007724,-0.2970174111678271,5.644163400630719,-0.7444598761207836,5.479657202691649,5.531329333940726,-0.7982343829798464,-0.7586644493372883,-0.5578509261074406,-0.6444289727102007,-0.7592731453917503,-0.9500099781821879,-0.9861138639930188,-1.0046183447644739,-1.1063686314317704,5.187009874497925,-1.2081499157759135,4.993067511123672,-1.387894640759457,4.831760135356868,4.41532716394442,-2.341043528004349,3.5915633601671235,-3.235784159365095,2.6633795094859605,2.197804933482489,2.009700365916061,1.9897262915778533,1.9041355449272852,1.6696417197542024,1.3753506019025097,7.351983866549561,0.7817032103157547,0.6999414085814807,6.987939758955332,0.7579675200191406,0.627540075920067,0.4246606890252607,0.47811491095291214,0.4677725768640876,0.5053767319920754,0.6390046378824303,0.6726196039055468,6.828016958412674,0.2714560468262658,6.41731776595267,6.334945907811994,6.211281712822072,5.947265542202646,5.773919898426175,5.646231778565493,5.707011466815646,5.973562089417906,6.131456755336666,6.098520544558049,6.094250520031153,5.951271651875246,5.766368947000181,5.69369177085616,5.574629990981432,5.218386666273054,4.8718331496008656,4.253300956868759,4.072676258769909,3.7558970967963057,3.4167447416638534,3.115741030105704,2.7879659453018615,2.759364511108523,2.7515276373275066,2.6754793152108984,2.35365052196187,2.102107607878684,1.9657657187243995,1.8967234794020098,1.676171125078517,1.3956726841596392,7.476210007524356,7.187619631302339,6.880494290050901,6.410869890680156,6.059591272418722,-0.5196018103963317,5.53363320628992,5.53569916569374,-0.7848645322580389,5.428038545125827,5.365352968168208
3.330999999999744,0.3174747978467754,-0.314368663636394,5.351363069115631,5.2674777792062795,5.215131998652324,5.0728518838685615,4.697694598311929,4.370149281825454,4.08783777653463,9.828210693703571,2.8599911828414317,2.2623967317943467,1.5511477307462447,0.9155801274388911,0.3453992622176776,-0.29879670688777754,5.641691355338085,-0.7475791747851636,5.475917797362732,5.5270097419540285,-0.8030805857341706,-0.7639721886848077,-0.5635538389594319,-0.6504397663272755,-0.765508406088265,-0.9563868277351832,-0.992548352819563,-1.0110338885017771,-1.1126950556376891,5.180833541618623,-1.214122588535817,4.987340783683657,-1.3933415888956788,4.826616633024805,4.410532526938447,-2.345470724619875,3.5874851929220832,-3.2394848937015026,2.6600162832907643,2.1947770026227276,2.0069615508791,1.9872552459026294,1.9019173619134915,1.667668011142919,1.3736134460382463,7.3504762642764,0.7804209719695153,0.6988788072029156,6.987104465372992,0.7573738146222164,0.6272087820499552,0.4246183521746704,0.4783813164949715,0.4683732585548382,0.5063364589709465,0.6403475387002959,0.6743578036438428,6.830161231511738,0.2740167436395592,6.420270175145639,6.338263432302611,6.214930494483876,5.951207650486743,5.7780935066003645,5.650572018672884,5.711448958675906,5.9780263727125895,6.135874543867423,6.102822640189475,6.098371809812519,5.955151396358896,5.769955366015268,5.696950589313465,5.577533202635042,5.220898741218699,4.873955626037457,4.254990040130087,4.07403390444784,3.7569511102080706,3.4175418038858925,3.116339380363089,2.7884231583360855,2.7597451339746275,2.751887135826659,2.6758693061906387,2.3541207954617707,2.1026960892477278,1.9665004304913807,1.897626063915694,1.6772611240802031,1.3969623606548014,7.477699431136321,7.189313246206488,6.882390764978861,6.412978940817128,6.061897183298659,-0.5171083871269263,5.536303977305849,5.538533843909556,-0.781877856124186,5.4311607622724445,5.368587818433848
3.340999999999743,0.3171351846925397,-0.31351545836111117,5.354675298999607,5.270833059813805,5.218483369782374,5.076143775754722,4.700856276553213,4.373110710272764,4.090526462320671,9.830507566871624,2.8617617800656037,2.2635926642890367,1.5516373754185457,0.9153433749290905,0.3444243481441417,-0.3005768891452319,5.639220447799568,-0.7506953223727331,5.472183461050694,5.522696984402763,-0.8079184852504807,-0.7692704581090266,-0.5692464382223695,-0.6564398386738624,-0.7717329137992761,-0.9627532482833974,-0.9989730347900452,-1.0174404966791208,-1.1190136043689003,5.174663918351351,-1.2200897750323865,4.981618337871877,-1.3987854000093458,4.821475227902269,4.4057389381586365,-2.349897811805887,3.5834064169924917,-3.2431868979383336,2.6566513608626665,2.191747079489289,2.0042206525551034,1.9847821846400242,1.8996973724560464,1.6656928485291147,1.3718753314159071,7.3489683197716555,0.7791390904572342,0.6978172829026481,6.986270956155139,0.7567825324016424,0.6268804102442447,0.42457924334566677,0.47865103766749595,0.4689770716467907,0.5072988600215532,0.6416923922507606,0.6760969791888338,6.832305264308689,0.2765757718264007,6.423219483838349,6.341576449648177,6.218573434516693,5.95514269089388,5.782259074599354,5.654903523624796,5.715877328095314,5.982481464305233,6.140283405189125,6.107116390864526,6.102485638685322,5.959024836821582,5.773536867105211,5.700206034097279,5.580434690527182,5.223410836384146,4.87607981893861,4.25668258581044,4.07539635387274,3.758011040430232,3.4183455925877384,3.1169449209206963,2.7888876768586397,2.7601328530264895,2.7522532324689917,2.6762651607747774,2.354595984502689,2.1032884700444456,1.9672380459384344,1.8985306322062332,1.6783522870447172,1.398252532235719,7.479188874712082,7.19100656177505,6.884286754022528,6.415087382107328,6.06420238487308,-0.5146158295899578,5.538973612078968,5.5413669698741375,-0.7788933316962442,5.434280045160146,5.371818796406637
3.350999999999742,0.3167894907965939,-0.31264859256850436,5.357982606759749,5.274182336823143,5.221827693648795,5.07942768542002,4.7040091838694105,4.376062873089598,4.09320572967071,9.832795208620276,2.863523720366385,2.2647809150373273,1.5521206678101598,0.9151018961807649,0.3434465503374823,-0.302357949627918,5.636750675314941,-0.7538083328089876,5.468454169257426,5.518391027272304,-0.8127481228080833,-0.7745593039082975,-0.5749287727018799,-0.6624292379776696,-0.7779467135050948,-0.9691092791617464,-1.0053879418560323,-1.0238381927199849,-1.1253242920505286,5.168500998844451,-1.2260514733884362,4.975900181801506,-1.4042260614275408,4.816335935474302,4.400946414972905,-2.354324771424664,3.5793270504091037,-3.2468901541478523,2.6532847600164073,2.1887151821197803,2.0014776892782673,1.98230712633451,1.8974755948414228,1.6637162489857806,1.3701362725291122,7.347460043372121,0.7778575704416557,0.6967568337377542,6.985439222020282,0.7561936565560549,0.6265549365570361,0.4245433325933697,0.47892404054159027,0.4695839805152091,0.5082639003165791,0.6430391669467247,0.6778371045126176,6.83444903847393,0.27913312261605105,6.4261656928852,6.344884970112702,6.222210552057626,5.959070690700739,5.7864166360629365,5.659226331650676,5.720296616055024,5.986927406176509,6.144683380459836,6.111401835213109,6.1065920410912025,5.962892002021452,5.777113471977855,5.703458118654877,5.583334459014098,5.225922946508326,4.878205713421868,4.2583785693823435,4.0767635746905775,3.7590768489814645,3.419156065467672,3.1175576084072847,2.789359459382494,2.7605276313262905,2.7526258972934103,2.6766668578361648,2.35507607838784,2.1038847498368143,1.9679785736653734,1.8994371999705948,1.679444634413891,1.399543221110142,7.480678359034058,7.192699594428228,6.886182266892251,6.417195215597408,6.0665068696982525,-0.512124152678414,5.541642090248266,5.544198520392495,-0.7759109820400939,5.437396373931833,5.375045888278035
3.360999999999741,0.31643777428892184,-0.31176800222629303,5.361284987129528,5.2775256148039915,5.225164985283356,5.082703638145935,4.707153355088535,4.379005812413821,4.095875625328068,9.835073667646437,2.865277051315906,2.265961527596536,1.5525976448994805,0.9148557197825752,0.34246588768327624,-0.3041398800768812,5.634282035204549,-0.7569182199198224,5.464729897660975,5.514091836795803,-0.8175695393836263,-0.7798387720411126,-0.5806008908493412,-0.6684080121263244,-0.7841498498875233,-0.9754549594737802,-1.0117931058229594,-1.0302269999967268,-1.1316271331515153,5.162344777121251,-1.2320076819124492,4.970186323368872,-1.4096635606942969,4.8111987710375335,4.396154974612205,-2.3587515854119463,3.5752471111858557,-3.2505946443757163,2.6499164986079835,2.18568132857877,1.9987326793741003,1.9798300894723349,1.8952520472442014,1.6617382294270897,1.3683962836845276,7.345951445227163,0.7765764164284429,0.6956974576642738,6.98460925366256,0.7556071703478127,0.6262323371963744,0.4245105902072537,0.47920029147895477,0.47019394985497537,0.5092315453473842,0.6443878314906925,0.679578153823644,6.8365925358411,0.28168878731336877,6.4291088031353425,6.3481890038841975,6.225841866109206,5.962991677002981,5.790566224421425,5.663540480755697,5.724706863307247,5.991364240079863,6.149074510616403,6.115679011653311,6.110691051273826,5.966752920537855,5.780685202189556,5.70670685632177,5.5862325123917556,5.228435066331207,4.880333294677555,4.2600779664716635,4.078135534776662,3.760148497676588,3.419973180568623,3.1181773998176654,2.789838464775261,2.7609294322458635,2.7530051005717344,2.6770743763777434,2.3555610664239737,2.104484928069552,1.9687220220369681,1.9003457825842671,1.680538186253879,1.4008344490979894,7.482167904529434,7.194392360306479,6.888077313128339,6.419302442304922,6.068810630438075,-0.5096333710561627,5.544309391774763,5.547028472646213,-0.7729308298312887,5.44050972909252,5.378269080535413
3.3709999999997398,0.31608009338570636,-0.31087362242050487,5.3645824350401945,5.280862898410095,5.228495259682389,5.085971659064174,4.71028882478653,4.381939570058045,4.098536195669714,9.837342992270914,2.86702182013149,2.2671345452114564,1.5530683434103236,0.9146048741331214,0.3414823789450868,-0.30592267228626047,5.631814524809248,-0.7600249974320117,5.461010622114531,5.509799379452514,-0.8223827756534396,-0.7851089081290564,-0.5862628407652678,-0.6743762086708494,-0.790342367333012,-0.9817903280940676,-1.0181885583513663,-1.0366069418304285,-1.1379221421830132,5.15619524708291,-1.2379583990948881,4.964476770257418,-1.415097885567015,4.806063749702816,4.3913646341716435,-2.3631782357775384,3.5711666173178465,-3.2543003506440566,2.646546594531304,2.1826455369549254,1.9959856411575672,1.977351092481016,1.893026747728039,1.6597588066107345,1.36665537900519,7.344442535302446,0.7752956327696675,0.6946391525399028,6.983781041753214,0.7550230571030383,0.6259125885228382,0.42448098670848605,0.47947975712841645,0.47080694467679607,0.5102017609203867,0.645738354871753,0.6813201015646038,6.838735738406055,0.28424275729895127,6.432048815433705,6.351488561076296,6.229467395541248,5.966905676717086,5.794707872897214,5.667846008721948,5.729108110376077,5.995792007542082,6.153456836374926,6.119947958391952,6.11478270327969,5.970607620772464,5.78425207914662,5.709952260323294,5.589128854897363,5.2309471905950335,4.882462547969386,4.2617807528573195,4.079512202234303,3.7612259486241397,3.4207968962747763,3.118804252508628,2.790324652254875,2.761338219462649,2.7533908128054376,2.6774876955305302,2.356050937921047,2.105089004065558,1.9694683991860005,1.9012563951056038,1.681632962260357,1.4021262376368004,7.483657531275216,7.1960848752745425,6.889971902103539,6.421409063218782,6.071113659862609,-0.5071434991611339,5.546975496937044,5.549856804188256,-0.7699528973603688,5.443620091504512,5.381488359958246
3.3809999999997387,0.31571650638826476,-0.3099653873574282,5.367874945618391,5.2841941923784495,5.23181853180755,5.089231773158823,4.71341562729051,4.384864187513458,4.1011874867101845,9.83960323044196,2.8687580736784994,2.2683000108164224,1.5535327998132713,0.914349387441745,0.3404960427648995,-0.30770631810306354,5.6293481414903335,-0.7631286789737007,5.457296318645401,5.50551362196611,-0.827187871995867,-0.7903697574597345,-0.5919146702026545,-0.6803338748290875,-0.7965243099357595,-0.9881154236705326,-1.0245743309581052,-1.0429780414907368,-1.1442093336968056,5.150052402511207,-1.2439036236045822,4.9587715299415684,-1.4205290240129544,4.800930886397805,4.3865754106115995,-2.36760470460588,3.5670855867793727,-3.258007254954473,2.643175065714923,2.1796078253582163,1.9932365929312772,1.974870153728845,1.8907997142466153,1.6577779971402136,1.3649135724337622,7.3429333233835825,0.774015223667228,0.6935819161266309,6.982954576942036,0.7544413002116588,0.6255956670481565,0.42445449284731585,0.4797624044225226,0.47142293030347304,0.5111745131534972,0.6470907063626009,0.6830629224103345,6.8408786283258545,0.28679502402925233,6.434985730621995,6.354783651729793,6.23308715909268,5.9708127165821585,5.7988416145063475,5.6721429531096215,5.733500397558327,6.000210749863865,6.157830398231239,6.124208713425164,6.118867030958936,5.974456130950393,5.787814124106719,5.713194343776164,5.592023490710849,5.233459314045489,4.884593458635052,4.263486904470985,4.080893545393488,3.7623091642239683,3.421627171308213,3.119438124194927,2.7908179813853438,2.7617539569557183,2.753783004722447,2.6779067945516437,2.3565456821919057,2.105696977027343,1.9702177130162821,1.9021690522801105,1.682728981763645,1.4034186077871045,7.485147259003198,7.197777154925389,6.891866043025479,6.423515079299734,6.073415950846633,-0.5046545512084576,5.549640386326847,5.55268349293785,-0.7669772065380969,5.4467274423826435,5.384703713614346
3.3909999999997376,0.31534707168203185,-0.30904323036558123,5.371162514183784,5.287519501528496,5.235134816586553,5.092484005268447,4.716533796681945,4.387779705953599,4.103829544105459,9.841854429738797,2.8704858584731645,2.2694579670373902,1.5539910503270309,0.91408928772935,0.3395068976635691,-0.3094908094269382,5.626882882629489,-0.7662292780749101,5.453586963453969,5.501234531302995,-0.8319848684935924,-0.7956213649896781,-0.5975564265702796,-0.6862810574890744,-0.8026957215007592,-0.9944302846267445,-1.0309504550175161,-1.0493403221957007,-1.1504887222837499,5.143916237071272,-1.2498433542851834,4.9530706096905215,-1.4259569642057939,4.795800195869488,4.38178732075881,-2.372030974056593,3.5630040375220196,-3.2617153392909595,2.6398019301188596,2.1765682119171954,1.9904855529837224,1.9723872915244103,1.8885709646445648,1.6557958174670722,1.3631708777357137,7.341423819079717,0.7727351931761974,0.6925257460933278,6.982129849858792,0.7538618831274494,0.6252815494338545,0.4244310796005114,0.48004820057419345,0.4720418723662347,0.5121497684726086,0.6484448555165929,0.6848065912657424,6.843021187917729,0.28934557903667657,6.437919549539645,6.358074285814186,6.236701175373316,5.974712823161712,5.802967482060053,5.676431351258215,5.737883764924377,6.004620508120418,6.162195236461431,6.128461314538995,6.122944067966161,5.97829847912133,5.791371358180286,5.716433119690002,5.59491642395631,5.235971431432859,4.886726012086772,4.265196397396758,4.082279532809533,3.763398107164847,3.4224639647255812,3.1200789729453113,2.791318412072557,2.7621766090018616,2.754181647274001,2.6783316528223673,2.3570452885519835,2.1063088460384423,1.9709699712056312,1.9030837685446729,1.6838262637337627,1.4047115802377146,7.48663710710487,7.1994692145841235,6.893759744939073,6.425620491480812,6.075717496368218,-0.502166541193554,5.552304040844715,5.555508517175444,-0.7640037789006211,5.449831763289581,5.387915128856152
3.4009999999997365,0.3149718477355889,-0.30810708389770697,5.374445136246726,5.29083883076131,5.238444128913898,5.095728380088157,4.719643366799799,4.390686166238065,4.106462413156787,9.84409663737511,2.872205220685397,2.270608456194007,1.5544431309198077,0.913824602829239,0.3385149620412807,-0.31127613820994154,5.62441874562869,-0.7693268081680494,5.449882532912651,5.4969620746706065,-0.8367738049359588,-0.8008637753472274,-0.6031881569359694,-0.6922178032123614,-0.8088566455467919,-1.0007349491641597,-1.0373169617625795,-1.0556938071116047,-1.1567603225722467,5.137786744314274,-1.2557775901516934,4.947374016571972,-1.4313816945222622,4.790671692686673,4.3770003813074485,-2.3764570263650184,3.5589219874728024,-3.265424585622749,2.6364272057314952,2.1735267147763384,1.9877325395875545,1.9699025241161319,1.8863405166583893,1.653812283893094,1.3614273085024424,7.339914031827016,0.7714555452081043,0.691470640018276,6.981306851114609,0.7532847893680754,0.6249702124899251,0.4244107181688452,0.48033711307343463,0.4726637368011275,0.513127493608137,0.6498007721648428,0.6865510832637453,6.84516339965806,0.2918944139296507,6.4408502730247434,6.361360473229148,6.2403094628656195,5.978606022845432,5.807085508166279,5.680711240287727,5.742258252319037,6.009021323162075,6.166551391122373,6.132705799310017,6.127013847761263,5.982134693160651,5.7949238023319,5.719668600968838,5.597807658703425,5.238483537513134,4.88886019381181,4.266909207870829,4.0836701332617515,3.7644927404220994,3.423307235914814,3.1207267571786144,2.79182590456016,2.7626061401717363,2.7545867116315583,2.6787622498462538,2.3575497463190134,2.106924610064821,1.9717251812088183,1.9040005580317272,1.6849248267854084,1.4060051753109462,7.488127094636248,7.201161069311823,6.895653016728892,6.4277253006677855,6.0780182895073125,-0.4996794828951798,5.554966441695715,5.558331855537743,-0.7610326356145607,5.452933036131199,5.391122593317062
3.4109999999997354,0.3145908930997379,-0.30715687953279747,5.3777228075059345,5.294152185058794,5.241746483651542,5.098964922171628,4.722744371243593,4.393583608916173,4.109086138814455,9.8463299002025,2.8739162061415873,2.271751520301687,1.5548890773106845,0.9135553603879626,0.33752025417802006,-0.31306229645630756,5.621955727910133,-0.7724212825884426,5.446183003564835,5.492696219515723,-0.8415547208212767,-0.8060970328353892,-0.6088099080298248,-0.6981441582372881,-0.8150071253093674,-1.0070294552643226,-1.0436738822860323,-1.062038519352797,-1.1630241492267335,5.131663917680057,-1.261706330387056,4.941681757455751,-1.436803203538837,4.785545391242419,4.372214608820187,-2.380882843842716,3.554839454532363,-3.2691349759070865,2.633050910566554,2.1704833520934574,1.9849775709979107,1.9674158696918125,1.8841083879173541,1.6518274125724497,1.3596828781543262,7.338403970892106,0.7701762835341435,0.6904165953916543,6.980485571303346,0.7527100025151361,0.6246616331735265,0.42439337997462573,0.48062910968410755,0.4732884898454681,0.5141076555916136,0.6511584264133526,0.6882963737632298,6.847305246181349,0.29444152039267424,6.4437779019149195,6.364642223805979,6.243912039926415,5.9824923418508975,5.81119572523121,5.684982657099846,5.74662389936242,6.013413235614927,6.170898902052269,6.136942205105961,6.131076403610254,5.9859648007705175,5.798471477381655,5.7229008004125745,5.600697198968841,5.240995627049082,4.890995989372968,4.268625312281116,4.0850653157521055,3.765593027255245,3.4241569445918767,3.1213814356598926,2.7923404194254844,2.763042515326077,2.754998169183759,2.6791985652472645,2.358059044812757,2.107544267956264,1.9724833502604695,1.904919434573375,1.6860246891828723,1.4072994129677578,7.489617240322635,7.202852733909323,6.897545867121493,6.429829507739608,6.080318323444372,-0.49719338987842915,5.557627570385227,5.561153487012808,-0.7580637974820218,5.456031243152001,5.394326094907809
3.4209999999997343,0.3142042664066213,-0.30619254797815176,5.380995523846217,5.29745956948287,5.245041895629582,5.102193655933068,4.725836843376431,4.3964720742305605,4.111700765681513,9.848554264713892,2.8756188603273873,2.2728872010736896,1.555328924971017,0.9132815878661853,0.33652279223405646,-0.3148492762222125,5.619493826916147,-0.7755127145748634,5.4424883521238145,5.488436933522767,-0.8463276553591274,-0.8113211814346738,-0.614421726247409,-0.7040601684822095,-0.8211472037436139,-1.013313840691018,-1.0500212475414643,-1.0683744819815169,-1.1692802169462015,5.125547750499722,-1.2676295743388182,4.935993839017399,-1.4422214800285083,4.78042130575642,4.3674300197292375,-2.3853084088779535,3.5507564565732155,-3.272846492091927,2.6296730626601525,2.167438142037177,1.9822206654507792,1.9649273463782007,1.881874595944367,1.649841219513799,1.3579375999437109,7.33689364537543,0.7688974117883236,0.6893636096179714,6.979666001002933,0.7521375062142073,0.6243557885877064,0.42437903665927496,0.4809241584407552,0.4739160980343517,0.5150902217523278,0.6525177886401795,0.6900424383470289,6.849446710279181,0.2969868901863482,6.446702437048206,6.367919547309012,6.2475089247885665,5.986371806225294,5.815298165460775,5.689245638379156,5.750980745450825,6.017796285881486,6.17523780887123,6.141170569086364,6.135131768586125,5.989788829481002,5.802014404006505,5.726129730718439,5.603585048717512,5.243507694811301,4.893133384409046,4.270344687166879,4.0864650495038735,3.7666989312056627,3.4250130507975545,3.1220429674966117,2.7928619175755443,2.763485699611969,2.755415991533446,2.67964057876795,2.358573173354745,2.108167818447757,1.9732444853779358,1.9058404117054404,1.6871258688448763,1.4085943128128202,7.4911075625633075,7.204544222920949,6.899438304687722,6.431933113548852,6.082617591458982,-0.49470827549768887,5.560287408714782,5.563973390935229,-0.7550972849455408,5.459126366930634,5.3975256218128935
3.430999999999733,0.313812026368885,-0.30521401907147616,5.384263281336181,5.300760989174676,5.248330379646887,5.105414605649165,4.728920816327974,4.399351602120722,4.1143063380174505,9.850769777046924,2.877313228390473,2.2740155399231843,1.555762709125836,0.9130033125395629,0.33552259425043435,-0.31663706961553756,5.617033040109097,-0.7786011172700795,5.438798555471707,5.484184184612099,-0.8510926474726535,-0.8165362648059061,-0.6200236576528972,-0.7099658795486721,-0.8272769235271198,-1.0195881429923868,-1.0563590883443847,-1.074701718007717,-1.1755285404627371,5.119438235998176,-1.273547321515857,4.930310267741667,-1.4476365129576063,4.775299450277354,4.362646630337388,-2.38973370393617,3.5466730114380427,-3.2765591161185648,2.6262936800679317,2.16439110278447,1.9794618411614073,1.9624369722405708,1.879639158156843,1.6478537205823511,1.356191486957839,7.335383064214539,0.7676189334705507,0.6883116800184509,6.978848130776686,0.7515672841748857,0.6240526559801489,0.42436766008094984,0.48122222764548467,0.4745465281972182,0.5160751597140202,0.6538788294926388,0.6917892528199151,6.851587774899195,0.2995305151473843,6.449623879263856,6.371192453436988,6.2511001355626306,5.990244441847104,5.819392860862148,5.6935002205943235,5.755328829757635,6.0221705141413535,6.179568150981872,6.145390928203232,6.139179975569684,5.9936068066511865,5.805552602741601,5.7293554044824075,5.606471211864017,5.24601973557922,4.895272364635273,4.2720673092183405,4.087869303960297,3.7678104160942674,3.4258755148942663,3.1227113121348893,2.7933903602430865,2.7639356584591788,2.7558401504947314,2.6800882702676656,2.359092121268028,2.108795260160852,1.974008593364128,1.906763502671474,1.6882283833493492,1.4098898940995082,7.492598079436152,7.206235550638188,6.901330337844987,6.434036118922135,6.0849160869285255,-0.49222415289955257,5.5629459387779665,5.566791546981379,-0.7521331180929564,5.462218390375432,5.400721162487053
3.440999999999732,0.31341423177888744,-0.3042212217830327,5.387526076226014,5.304056449353758,5.251611950471734,5.108627795460982,4.731996322997351,4.402222232226521,4.116902899741825,9.852976482987296,2.8789993551432937,2.2751365779653323,1.5561904647552585,0.9127205614996333,0.3345196781494758,-0.3184256687956309,5.61457336497129,-0.7816865037214045,5.435113590658374,5.4799379409383135,-0.8558497358008439,-0.8217423262930157,-0.6256157479821904,-0.7158613367245471,-0.8333963270627247,-1.025852399502995,-1.0626874353732656,-1.0810202503888853,-1.1817691345400867,5.113335367296615,-1.2794595715851662,4.924631049925938,-1.4530482914826945,4.770179838685168,4.357864456819018,-2.3941587115604213,3.5425891369380396,-3.2802728299241957,2.6229127808622583,2.1613422525182617,1.976701116322753,1.9599447652823134,1.8774020918675498,1.6458649315018818,1.3544445521217132,7.3338722361872986,0.7663408519496459,0.6872608038333674,6.978031951174593,0.7509993201708309,0.6237522127419476,0.42435922231220724,0.4815232858649022,0.4751797474544743,0.5170624373916239,0.6552415198845413,0.6935367932066113,6.853728423144048,0.30207238718859386,6.452542229403146,6.3744609518244015,6.254685690238477,5.994110274427757,5.823479843245221,5.697746439999305,5.759668191234228,6.026535960351903,6.183889967569924,6.1496033192017245,6.143221057250419,5.99741875947026,5.809086093981611,5.732577834200594,5.609355692273852,5.248531744142075,4.897412915843722,4.2737931552762625,4.089278048783237,3.7689274460192075,3.426744297562928,3.123386429355782,2.793925708982699,2.764392357576541,2.7562706180901153,2.6805416197208203,2.3596158778769496,2.1094265916050245,1.9747756808103167,1.907688720426704,1.6893322499381316,1.411186175734829,7.494088808702201,7.207926731103313,6.903221974859478,6.436138524660549,6.087213803326842,-0.4897410350256909,5.565603142956392,5.569607935164719,-0.7491713166622126,5.465307296720045,5.403912705651777
3.450999999999731,0.31301094150794856,-0.30321408421784096,5.390783904945253,5.307345955317257,5.254886622842395,5.111833249375804,4.735063396056031,4.405084003891606,4.119490494437836,9.855174427972086,2.880677285065803,2.2762503560193523,1.5566122265959113,0.9124333616547191,0.33351406173529163,-0.32021506597306676,5.612114799004867,-0.7847688868812605,5.4314334349003275,5.475698170888543,-0.8605989587008057,-0.8269394089258018,-0.6311980426459919,-0.7217465849871161,-0.8395054564812658,-1.0321066473458669,-1.0690063191705594,-1.0873301020298647,-1.188002013972243,5.1072391374149735,-1.2853663243687092,4.918956191683599,-1.4584568049475215,4.765062484693347,4.353083515221098,-2.3985834143718034,3.5385048508513046,-3.2839876154444063,2.6195303831294967,2.158291609425092,1.973938509103971,1.9574507434445416,1.8751634142854423,1.6438748678567092,1.352696808200903,7.332361169915055,0.7650631704663037,0.6862109782243373,6.977217452734583,0.7504335980398087,0.6234544364064,0.42435369563771186,0.4818273019271028,0.47581572321416965,0.5180520229880536,0.6566058309934666,0.6952850357498206,6.855868638270373,0.30461249829885895,6.455457488310134,6.377725052042796,6.258265606686869,5.997969329513267,5.82755914422408,5.701984332634539,5.763998868610888,6.030892664249002,6.188203297604859,6.15380777862084,6.147255046127363,6.0012247149586155,5.81261489798202,5.735797032270625,5.612238493764674,5.251043715299856,4.899555023903676,4.2755222023315245,4.0906912538518325,3.7700499853535776,3.4276193597998343,3.124068279271621,2.794467925666977,2.7648557629484074,2.7567073665476585,2.681000607215163,2.3601444325069205,2.110061811179017,1.9755457540988948,1.9086160776419305,1.6904374855216182,1.412483176284271,7.49557976781014,7.209617778112948,6.905113223848379,6.438240331540078,6.089510734222934,-0.4872589346156801,5.568259003915712,5.572422535831189,-0.7462119000460945,5.468393069519115,5.407100240291877
3.46099999999973,0.31260221450564424,-0.3021925336179406,5.394036764100587,5.310629512439112,5.2581544114677286,5.11503099126898,4.7381220679506395,4.407936956166817,4.122069165355871,9.857363657093028,2.882347062308174,2.277356914610587,1.5570280291423564,0.9121417397308409,0.3325057626943013,-0.32200525340940506,5.609657339731698,-0.7878482796077455,5.427758065579631,5.471464843080749,-0.865340354250028,-0.8321275554226759,-0.6367705867328479,-0.7276216690061132,-0.8456043536442771,-1.0383509234344774,-1.0753157701436944,-1.0936312957826682,-1.1942271935820583,5.101149539274328,-1.2912675798403324,4.913285698947332,-1.4638620428800335,4.759947401851111,4.348303821464178,-2.4030077950698603,3.534420170921277,-3.287703454615603,2.6161465049673542,2.155239191692833,1.9711740376489428,1.9549549246057087,1.8729231425164792,1.6418835450936309,1.3509482678042917,7.330849873865722,0.7637858921359892,0.6851622002765619,6.976404625983754,0.7498701016837324,0.6231593046478267,0.4243510525519845,0.4821342449187104,0.4764544231687271,0.5190438849910423,0.6579717342580689,0.6970339569082702,6.858008403687746,0.3071508405430841,6.458369656832396,6.38098476360204,6.2618399026610225,6.001821632485849,5.8316307952184605,5.70621393432815,5.768320900397735,6.035240665347721,6.1925081798405355,6.158004342794128,6.151281974509958,6.005024699968947,5.816139034860417,5.7390130109929824,5.615119620107531,5.253555643864224,4.90169867476199,4.277254427524679,4.09210888926115,3.7711779987431484,3.428500662913584,3.124756822322396,2.7950169724827463,2.7653258408311485,2.7571503682981993,2.6814652129501066,2.360677774484216,2.1107009171721693,1.9763188194061099,1.909545586707371,1.691544106683332,1.4137809139765876,7.497070973900724,7.211308705221585,6.907004092782029,6.440341540311999,6.091806873279676,-0.48477786420978874,5.5709135046017115,5.575235329654645,-0.7432548872968963,5.471475692644016,5.410283755652078
3.4709999999997287,0.3121881097991405,-0.3011564963647189,5.397284650473687,5.31390712616925,5.261415331027735,5.11822104488568,4.741172370905727,4.410781127813511,4.124638955416986,9.859544215099767,2.8840087306934987,2.278456293972571,1.5574379066485273,0.9118457222726415,0.33149479859576125,-0.3237962234169474,5.607200984693273,-0.7909246946652102,5.424087460242797,5.467237926362018,-0.8700739602486335,-0.8373068081933821,-0.6423334250121531,-0.7334866331467237,-0.8516930601466429,-1.0445852644747071,-1.081615818566047,-1.0999238544462984,-1.200444688219877,5.095066565699247,-1.2971633381227359,4.907619577472342,-1.4692639949894482,4.754834603545588,4.343525391343367,-2.4074318364329663,3.5303351148552187,-3.291420329377373,2.612761164482292,2.1521850175084736,1.9684077200748464,1.9524573265812413,1.8706812935644272,1.6398909785238176,1.3491989433867677,7.329338356356798,0.7625090199517761,0.6841144670010273,6.975593461439599,0.7493088150687036,0.62286679528041,0.42435126575719184,0.4824440841819692,0.4770958152917253,0.5200379921700237,0.6593392013754169,0.6987835333547757,6.860147702957646,0.3096874060621312,6.4612787358217405,6.38424009595157,6.265408595798126,6.005667208565507,5.835694827455197,5.7104352806971335,5.772634324885663,6.0395800029430795,6.196804652815876,6.162193047850407,6.155301874518946,6.008818741187333,5.819658524597776,5.742225782572324,5.617999075028055,5.256067524659386,4.9038438544434175,4.278989808145494,4.093530925320836,3.772311451104114,3.42938816852204,3.125452019272191,2.7955728119273395,2.765802557749713,2.7575995959726174,2.681935417235078,2.361215893135778,2.1113439077657428,1.9770948827047592,1.9104772597364508,1.6926521296844357,1.415079406708513,7.498562443811144,7.21299952574505,6.90889458948606,6.442442151703305,6.094102214252551,-0.4822978361517239,5.573566628236442,5.578046297632388,-0.7403002971310212,5.4745551502786505,5.41346324123368
3.4809999999997276,0.3117686864925709,-0.3001058979813135,5.400527561019058,5.317178802032777,5.264669396174097,5.121403433842662,4.744214336926499,4.413616557306853,4.127199907216357,9.861716146403063,2.8856623337204663,2.2795485340490926,1.5578418931291727,0.9115453356443202,0.3304811868923009,-0.3255879683584937,5.604745731450581,-0.7939981447248399,5.4204215965996765,5.463017389806866,-0.8747998142216216,-0.8424772093416929,-0.6478866019371194,-0.7393415214725385,-0.8577716173192084,-1.05080970696676,-1.08790649457789,-1.1062078007665583,-1.206654512762191,5.088990209420113,-1.3030535994845047,4.9019578328395275,-1.4746626511633814,4.749724103003943,4.338748240529293,-2.4118555213187,3.526249700322743,-3.295138221674786,2.6093743797870035,2.1491291050559513,1.9656395744707564,1.9499579671231813,1.868437884331649,1.6378971833246758,1.3474488472518604,7.327826625558337,0.7612325567871262,0.6830677753366574,6.97478394961119,0.7487497222250535,0.6225768862570568,0.4243543081609747,0.4827567893118852,0.47773986783473277,0.5210343135730607,0.6607082042983681,0.7005337419743215,6.862286519792415,0.31222218707273713,6.46418472613488,6.387491058481595,6.268971703620845,6.0095060828116,5.839751271969654,5.714648407148563,5.77693918014728,6.0439107161107986,6.201092754855532,6.166373929714498,6.159314778087232,6.0126068651343125,5.823173387039701,5.7454353591187886,5.620876862207632,5.25857935252296,4.90599054905091,4.2807283216324805,4.094957332553776,3.7734503076208528,3.430281838549314,3.1261538312056585,2.7961354068049267,2.7662858804942387,2.7580550223991556,2.6824112004879064,2.361758777789031,2.111990781034226,1.9778739497668536,1.9114111085695473,1.6937615704681794,1.416378672049409,7.500054194079311,7.214690252763916,6.910784721643504,6.44454216641709,6.096396750988395,-0.4798188625913365,5.576218358314414,5.580855421080731,-0.7373481479335195,5.477631426915307,5.4166386867912415
3.4909999999997265,0.3113440037664521,-0.29904066313509436,5.403765492861908,5.320444545629185,5.2679166215307,5.124578181629973,4.747247997801482,4.41644328283906,4.129752063026668,9.863879495077988,2.8873079145660294,2.2806336744962503,1.5582400223613004,0.9112406060305758,0.3294649449204657,-0.32738048064709574,5.602291577583992,-0.7970686423652434,5.41676045252234,5.458803202715528,-0.8795179534210977,-0.8476388006680833,-0.6534301616477132,-0.7451863777484691,-0.8638400662313477,-1.057024287207046,-1.094187828187326,-1.1124831574358696,-1.212856682110319,5.082920463075387,-1.3089383643371963,4.896300470458584,-1.4800580014650335,4.744615913295461,4.333972384569052,-2.4162788326641884,3.522163944954382,-3.2988571134606337,2.6059861689979575,2.1460714725140453,1.9628696188962902,1.9474568639198448,1.8661929316198802,1.6359021745416633,1.3456979915543195,7.326314689495839,0.7599565053986123,0.6820221221524253,6.973976081000346,0.7481928072473812,0.6222895556682799,0.4243601528743158,0.4830723301534148,0.4783865493241927,0.5220328185238182,0.6620787152329738,0.7022845598621569,6.864424838054218,0.3147551758674162,6.467087628634084,6.390737660524273,6.272529243538777,6.0133382801243895,5.843800159607149,5.718853348880784,5.781235504037862,6.048232843708066,6.20537252407059,6.170547024107976,6.163320716960788,6.016389098165982,5.826683641897677,5.748641752649265,5.623752985284537,5.26109112230679,4.908138744765898,4.28246994557241,4.096388081694739,3.7745945337437106,3.431181635222791,3.1268622195245417,2.796704720222899,2.7667757761167193,2.758516620600772,2.682892543233245,2.362306417771713,2.1126415349466376,1.97865602616625,1.9123471447776776,1.6948724446642873,1.4176787272458444,7.501546240948107,7.216380899126867,6.912674496796862,6.446641585132946,6.09869047742417,-0.4773409554872887,5.5788686785988535,5.583662681630649,-0.734398457762562,5.480704507350567,5.419810082329316
3.5009999999997254,0.31091412087714276,-0.2979607156402309,5.406998443296039,5.323704362631538,5.271157021694139,5.127745311612625,4.750273385105161,4.419261342322582,4.132295464801486,9.866034304867071,2.8889455160880484,2.2817117546845096,1.5586323278856338,0.9109315594375583,0.3284460899012681,-0.32917375274581184,5.599838520693134,-0.8001362000730472,5.413104006043968,5.454595334612267,-0.8842284148284938,-0.8527916236723795,-0.6589641479735556,-0.7510212454436189,-0.8698984476934888,-1.0632290412900296,-1.1004598492711921,-1.118749947093084,-1.2190512111891059,5.076857319213839,-1.3148176332324863,4.890647495571047,-1.48545003613043,4.739510047333607,4.329197838887142,-2.4207017534864437,3.5180778663401973,-3.302576986697604,2.602596550233007,2.1430121380543237,1.9600978713802828,1.9449540345954908,1.8639464521309916,1.6339059670900768,1.343946388302643,7.324802556053099,0.7586808684285856,0.6809775042494226,6.973169846102772,0.7476380542945915,0.6220047817411017,0.4243687732094445,0.483390676798703,0.47903582855835725,0.5230334766185798,0.6634507066359177,0.7040359643219111,6.866562641754003,0.3172863648143442,6.469987444187813,6.393979911354864,6.276081232849903,6.017163825246564,5.847841521024368,5.723050140884599,5.785523334196318,6.0525464243743174,6.209643998359283,6.174712366549918,6.167319722699539,6.020165466475055,5.830189308750298,5.751844975088652,5.626627447855046,5.26360282887775,4.910288427848548,4.284214657699811,4.097823143689043,3.7757440951867927,3.4320875210701853,3.127577145944246,2.7972807155883075,2.767272211927724,2.75898436379255,2.6833794261010193,2.362858802411712,2.1132961673678055,1.9794411172812485,1.9132853796661433,1.6959847675932822,1.4189795892261108,7.503038600369548,7.2180714774540125,6.914563922350154,6.4487404085073505,6.100983387585749,-0.4748641266096806,5.581517573118003,5.586468061223481,-0.7314512443538476,5.483774376681272,5.422977418099216
3.5109999999997243,0.3104790971563385,-0.2968659784603548,5.410226409781772,5.326958258785682,5.274390611234199,5.130904847032244,4.753290530200572,4.422070773393258,4.134830154178565,9.868180619183411,2.890575180827925,2.282782813700751,1.5590188430080678,0.9106182216938294,0.3274246389407442,-0.3309677771674585,5.597386558396762,-0.803200830243495,5.40945223535772,5.450393755243676,-0.8889312351567746,-0.8579357195563889,-0.6644886044367905,-0.7568461677341165,-0.8759468022595984,-1.0694240051100408,-1.1067225875759514,-1.125008192323296,-1.2252381149456444,5.070800770296735,-1.3206914068593656,4.884998913253279,-1.4908387455657126,4.7344065178780275,4.3244246187863915,-2.4251242668826767,3.5139914820284344,-3.3062978233604055,2.599205541609055,2.1399511198391385,1.9573243499195,1.9424494967100008,1.8616984624677397,1.6319085757567993,1.3421940493615532,7.323290232974984,0.7574056484077886,0.6799339183628843,6.972365235409187,0.7470854475899323,0.6217225428379759,0.4243801426777788,0.48371179958436633,0.47968767460427003,0.5240362577233071,0.6648241512119859,0.7057879328637233,6.868699915050468,0.31981574635723026,6.47288417367132,6.397217820192841,6.279627688741985,6.0209827427647395,5.851875386690758,5.727238817944471,5.789802708046154,6.0568514965320315,6.2139072154077075,6.178869992357681,6.171311826678259,6.0239359960919305,5.833690407044479,5.755045038271082,5.629500253474522,5.266114467118511,4.912439584637995,4.28596243589646,4.099262489691199,3.7768989579257806,3.432999458916622,3.1282985724904493,2.797863356604347,2.7677751554931658,2.759458225379151,2.683871829824912,2.363415921036915,2.113954676059647,1.9802292282971588,1.9142258242781218,1.6970985542707493,1.4202812746046742,7.504531288008902,7.2197620001401575,6.916453005570922,6.4508386371740505,6.103275475586719,-0.47238838754263995,5.584165026161481,5.589271542106697,-0.7285065251249523,5.486841020300544,5.426140684595841
3.5209999999997232,0.3100389920106079,-0.29575637371132224,5.413449389943879,5.330206239909432,5.277617404694319,5.134056811008674,4.756299464241829,4.424871613413397,4.13735617248312,9.870318481113788,2.892196951013213,2.2838468903503166,1.5593996008011306,0.9103006184513291,0.3264006090305163,-0.33276254647436293,5.594935688332633,-0.8062625451810533,5.405805118815613,5.44619843457698,-0.8936264508526339,-0.8630711292265031,-0.6700035742549193,-0.762661187505907,-0.8819851702296267,-1.0756092143630582,-1.1129760727185618,-1.1312579156576588,-1.2314174083480196,5.0647508086999915,-1.3265596860413922,4.8793547284193926,-1.4962241203444873,4.7293053375365295,4.319652739448868,-2.4295463560305968,3.509904809524213,-3.3100196054378275,2.595813161239791,2.1368884360196816,1.954549072477388,1.9399432677585757,1.8594489791345024,1.6299100152020123,1.3404409864544204,7.321777727870166,0.7561308477579142,0.6788913611641751,6.971562239406415,0.7465349714210296,0.6214428174557293,0.42439423498790296,0.4840356690888228,0.4803420567947968,0.525041131970743,0.6661990219115679,0.7075404432023908,6.870836642249015,0.32234331301517277,6.475777817967216,6.400451396202983,6.283168628293954,6.024795057110947,5.85590178688992,5.731419414639706,5.794073662796449,6.061148098387541,6.218162212690571,6.1830199366476775,6.175297060087474,6.027700712885771,5.837186956096657,5.758241953941137,5.632371405658473,5.268626031928285,4.914592201552545,4.287713258190858,4.100706091063575,3.7780590881957603,3.433917411881762,3.129026461495758,2.798452607266897,2.7682845746311235,2.7599381789523023,2.6843697352408737,2.363977762975073,2.1146170586824335,1.981020364208838,1.9151684893982124,1.698213819411542,1.4215837996865615,7.506024319248742,7.2214524793580175,6.9183417535922285,6.452936271744433,6.105566735627213,-0.469913749686873,5.586811022276694,5.592073106829733,-0.7255643171796157,5.4899044238938615,5.429299872554521
3.530999999999722,0.30959386492096636,-0.29463182266408267,5.416667381569545,5.333448311891785,5.280837416592056,5.137201226541554,4.75930021817664,4.427663899474846,4.139873560731066,9.872447933421697,2.893810868560212,2.2849040231590494,1.5597746341054481,0.9099787751863511,0.32537401704836233,-0.33455805327811355,5.592485908157366,-0.8093213571000197,5.402162634927394,5.442009342798353,-0.8983140980986786,-0.8681978932962805,-0.6755091003436032,-0.7684663473575074,-0.8880135916519127,-1.0817847045484559,-1.1192203341873286,-1.1374991395731961,-1.2375891063840698,5.0587074267162695,-1.3324224717339974,4.8737149458241245,-1.5016061512052203,4.7242065187670175,4.314882215936787,-2.433968004188694,3.5058178662882615,-3.3137423149347516,2.5924194272334735,2.1338241047340802,1.9517720569828514,1.9374353651714378,1.857198018538005,1.6279102999608774,1.3386872111656398,7.320265048213778,0.7548564687941124,0.6778498292627337,6.970760848578459,0.7459866101399206,0.6211655842245224,0.42441102404358044,0.48436225612966494,0.48099894472570276,0.5260480697575547,0.6675752919281894,0.7092934732555336,6.872972807800721,0.3248690573825006,6.47866837796604,6.403680648496436,6.286704068477273,6.028600792564086,5.8599207517209795,5.73559196534565,5.7983362354428385,6.065436267931843,6.222409027471945,6.187162234336169,6.179275453934367,6.031459642565556,5.840678975093982,5.761435733755028,5.635240907883585,5.271137518223544,4.9167462650898806,4.289467102757693,4.102153919375052,3.7792244524890655,3.434841343376946,3.129760775596408,2.799048431861109,2.768800437408711,2.760424198288341,2.684873123285669,2.364544317553667,2.115283312796042,1.981814529823192,1.9161133855559336,1.699330577433928,1.4228871804716872,7.507517709192943,7.223142927061398,6.920230173414602,6.455033312807903,6.107857161992734,-0.4674402242621791,5.589455546265304,5.594872738239869,-0.7226246373119664,5.492964573435187,5.432454972947916
3.540999999999721,0.30914377544248584,-0.293492245747665,5.419880382606347,5.336684480692118,5.284050661419499,5.140338116511864,4.7622928227487575,4.430447668401988,4.142382359632198,9.87456901855038,2.895416975076549,2.285954250375328,1.5601439755312156,0.9096527172005227,0.32434487975878956,-0.3363542902393106,5.590037215546312,-0.8123772781251358,5.398524762359407,5.4378264503112295,-0.9029942128155982,-0.8733160520890059,-0.6810052253194325,-0.7742616896027218,-0.8940321063255525,-1.0879505109707222,-1.1254554013427363,-1.1437318864926174,-1.2437532240601759,5.052670616557058,-1.3382797650218436,4.868079570065645,-1.506984829048684,4.719110073879399,4.310113063193392,-2.4383891946965024,3.5017306697356814,-3.317465933874099,2.589024357690782,2.130758144105553,1.9489933213290707,1.934925806313547,1.8549455969880344,1.6259094444451818,1.336932734942957,7.318752201350041,0.7535825137274464,0.6768093192079788,6.969961053407563,0.7454403481630862,0.6208908219068275,0.42443048394180116,0.4846915317610778,0.48165830825277495,0.5270570417415191,0.6689529346960749,0.7110470011417748,6.875108396301294,0.32739297212860224,6.481555854566774,6.406905586131747,6.290234026157264,6.0323999732513744,5.863932311099958,5.739756504234868,5.802590462768501,6.0697160429414385,6.226647696806027,6.191296920140062,6.1832470390436844,6.035212810681131,5.844166483095483,5.764626389281776,5.638108763588728,5.273648920938707,4.918901761827215,4.29122394791729,4.103605946399676,3.780395017553143,3.4357712171023755,3.130501477729003,2.799650794958042,2.7693227121390005,2.7609162573457877,2.685381974995444,2.365115574099792,2.1159534358611976,1.9826117297616508,1.9170605230291753,1.7004488424636781,1.4241914326591136,7.509011472670617,7.224833354988315,6.922118271907964,6.457129760932244,6.110146749053023,-0.46496782230992795,5.5920985831797365,5.597670419478178,-0.7196875020106908,5.496021455183144,5.435605976982942
3.55099999999972,0.30868878320394394,-0.29233756255228316,5.423088391160257,5.3399147523393955,5.2872571536437,5.143467503683439,4.765277308500401,4.43322295675471,4.144882609593353,9.876681778625835,2.897015311863735,2.286997609972095,1.5605076574596635,0.9093224696217923,0.323313213813614,-0.33815125006731583,5.587589608193405,-0.8154303202922044,5.3948914799334675,5.43364972773462,-0.9076668306643243,-0.8784256456402271,-0.6864919915026644,-0.7800472562733191,-0.9000407538027284,-1.094106668741145,-1.1316813034182673,-1.149956178784132,-1.2499097764000615,5.046640370354696,-1.3441315671162293,4.8624486055883205,-1.5123601449354533,4.714016015037448,4.3053452960438365,-2.4428099109748573,3.497643237234758,-3.321190444298733,2.585627970702722,2.127690572240605,1.9462128833723473,1.9324146084843323,1.8526917306981403,1.6239074629449501,1.335177569099746,7.317239194494819,0.7523089846672978,0.6757698274911759,6.969162844375235,0.744896169971481,0.620618509396425,0.4244525889708623,0.4850234672712996,0.48232011748899095,0.5280680188387477,0.6703319238877393,0.7128010051789376,6.877243392490045,0.3299150499977402,6.484440248677367,6.410126218115873,6.293758518094406,6.036192623149765,5.867936494761123,5.743913065278339,5.80683638134515,6.073987460979167,6.230878257537923,6.1954240285777225,6.187211846058657,6.038960242624271,5.8476494990332295,5.767813932004347,5.640974976175945,5.276160235026815,4.921058678421445,4.292983772135054,4.105062144115328,3.781570750388428,3.436706997044324,3.131248531127301,2.800259661411349,2.7698513673779814,2.761414330262974,2.6858962715043297,2.365691521940048,2.1166274252407042,1.9834119684626135,1.9180099118476033,1.7015686283380989,1.425496571651257,7.510505624239998,7.226523774664075,6.924006055813531,6.459225616663973,6.112435491260924,-0.46249655469550155,5.594740118319749,5.600466133975538,-0.7167529274631405,5.499075055677254,5.438752876097752
3.560999999999719,0.30822894790750743,-0.2911676918325744,5.426291405493663,5.343139132931375,5.290456907707067,5.146589410704454,4.768253705774633,4.435989800831326,4.147374350721515,9.878786255459772,2.898605919919712,2.2880341396488793,1.5608657120445333,0.9089880574054218,0.3222790357525448,-0.33994892552000133,5.585143083811032,-0.818480495548709,5.391262766625721,5.42947914590144,-0.9123319870481764,-0.8835267137002698,-0.6919694409199305,-0.7858230891216762,-0.9060395733910039,-1.10025321277947,-1.1378980695212029,-1.1561720387612655,-1.256058778443624,5.04061668016437,-1.3499778793525452,4.856822056685415,-1.5177320900834497,4.708924354260647,4.300578929196055,-2.4472301365261253,3.493555586105806,-3.3249158282733067,2.5822302843485807,2.124621407227279,1.9434307609309827,1.9299017889174261,1.850436435786324,1.6219043696300293,1.3334217248172457,7.315726034738126,0.7510358836237228,0.6747313505472654,6.968366211963262,0.744354060110562,0.6203486257174162,0.4244773136084817,0.4853580341801228,0.4829843428017301,0.5290809722209506,0.6717122334116116,0.71455546388226,6.879377781248852,0.33243528380885456,6.487321561215207,6.41334255340516,6.297277560945625,6.039978766087345,5.871933332258328,5.7480616822466315,5.81107402753404,6.078250559395066,6.235100746304436,6.1995435939697945,6.191169905441909,6.042701963629721,5.851128041713483,5.7709983733207775,5.643839549011407,5.27867145546016,4.923217001609282,4.294746554020903,4.1065224847023805,3.7827516182462406,3.437648647472377,3.132001899319035,2.800874996354009,2.7703863719215867,2.761918391355698,2.686415994043071,2.3662721504004374,2.117305278200666,1.9842152501838592,1.9189615617960192,1.7026899486100087,1.4268026125580293,7.512000178192264,7.228214197404319,6.925893531745685,6.461320880528706,6.114723383151282,-0.4600264321107003,5.597380137229047,5.603259865448684,-0.7138209295593855,5.502125361734214,5.441895661958729
3.5709999999997177,0.3077643293284518,-0.28998255151097285,5.429489424023416,5.346357628633818,5.29364993802775,5.149703860108877,4.771222044717691,4.438748236671445,4.149857622826892,9.880882490552553,2.900188839941377,2.289063876833814,1.5612181712135509,0.9086495053349831,0.3212423620037717,-0.341747309403499,5.582697640129875,-0.8215278157544383,5.387638601565518,5.425314675856832,-0.9169897171149934,-0.8886192957367293,-0.6974376153069115,-0.7915892296233835,-0.9120286041555815,-1.106390177815529,-1.144105728633403,-1.1623794886826775,-1.2622002452457768,5.034599537966068,-1.3558187031877813,4.851199927501751,-1.5231006558655293,4.703835103425982,4.295813977241615,-2.451649854934426,3.4894677336200406,-3.328642067886059,2.578831316693947,2.121550667133445,1.940646971784187,1.9273873647804178,1.8481797282757226,1.619900178551638,1.3316652131467424,7.314212729046583,0.7497632125097597,0.6736938847566548,6.967571146654695,0.7438140031903157,0.6200811500232538,0.4245046325199433,0.48569520423643825,0.483650954810029,0.5300958733127411,0.673093837409686,0.7163103559626238,6.881511547601133,0.3349536664553538,6.490199793107594,6.416554600906301,6.300791171265553,6.043758425744725,5.875922852966346,5.752202388711085,5.815303437486962,6.0825053753272265,6.239315199534867,6.2036556504400275,6.195121247476376,6.046437998776234,5.854602129817822,5.774179724545295,5.6467024854263475,5.281182577230921,4.925376718207355,4.296512272328687,4.107986940542362,3.783937588626693,3.4385961329366994,3.1327615461227802,2.8014967651951053,2.7709276948027424,2.7624284151149308,2.686941123937681,2.366857448806276,2.1179869919116947,1.9850215790049355,1.919915482417678,1.7038128165516588,1.4281095702009228,7.513495148555311,7.229904634318009,6.927780706193813,6.4634155530314965,6.117010419339839,-0.4575574650761145,5.600018625691944,5.606051597896326,-0.7108915238962086,5.505172360444224,5.445034326457545
3.5809999999997166,0.30729498731491606,-0.288782058681229,5.432682445318891,5.349570245679699,5.29683625900002,5.1528108743178915,4.774182355281299,4.4414983000588215,4.152332465425952,9.882970525096097,2.9017641123270907,2.290086858685643,1.561565066669903,0.9083068380233609,0.3202032088845583,-0.3435463945719484,5.580253274898773,-0.8245722926821106,5.384018964034272,5.4211562888565,-0.9216400557592539,-0.8937034309369395,-0.7028965561109826,-0.7973457189798154,-0.918007884921526,-1.112517598390841,-1.1503043096120797,-1.168578550751977,-1.2683341918753162,5.028588935666508,-1.361654040198078,4.8455822220363105,-1.5284658338071206,4.698748274269715,4.291050454656565,-2.456069049865842,3.4853796969984967,-3.332369145250561,2.5754310857887743,2.1184783700051386,1.937861533671019,1.9248713531746118,1.8459216240952743,1.6178949036438883,1.329908045011717,7.312699284265831,0.7484909731436914,0.6726574264469728,6.966777638934823,0.7432759838852806,0.619816061595788,0.424534520556274,0.4860349494158178,0.4843199243818788,0.5311126937889763,0.6744767102552017,0.7180656603248017,6.883644676710813,0.33747019090489394,6.493074945292179,6.41976236947727,6.304299365507749,6.047531625656401,5.87990508608219,5.756335218044992,5.81952464714726,6.086751945702672,6.243521653451826,6.207760231916111,6.1990659022662316,6.050168372987612,5.858071781904267,5.777357996909392,5.64956378871798,5.283693595351748,4.927537815112309,4.298280905955598,4.109455484216626,3.785128629276619,3.4395494182653414,3.133527435644856,2.802124933616651,2.771475305288483,2.762944376204554,2.6874716426081258,2.367447406482111,2.118672563450112,1.9858309588295098,1.9208716830175572,1.7049372451585998,1.4294174591170368,7.514990549097468,7.2315950963103806,6.929667585524132,6.465509634657187,6.119296594522156,-0.45508966394346095,5.602655569730078,5.60884131559533,-0.7079647257810459,5.508216039167376,5.4481688617082416
3.5909999999997155,0.306820981787691,-0.28756612961208233,5.4358704681000685,5.352776990368421,5.300015884994615,5.155910475641295,4.7771346672249235,4.444240026524147,4.154798917744414,9.885050399976757,2.9033317771791674,2.2911031220957265,1.5619064298937126,0.907960079913758,0.31916159260183774,-0.3453461739272451,5.5778099858845716,-0.8276139380180024,5.380403833464334,5.417003956365052,-0.9262830376241815,-0.8987791582104228,-0.7083463044938287,-0.8030925981206669,-0.923977454275954,-1.1186355088601845,-1.1564938411905472,-1.1747692471175453,-1.2744606334138067,5.022584865101012,-1.3674838920763224,4.839968944144788,-1.533827615583903,4.693663878389126,4.286288375802272,-2.460487705068606,3.481291493410977,-3.3360970425074163,2.572029609665498,2.1154045338649476,1.9350744642893571,1.9223537711348007,1.8436621390803787,1.6158885587252765,1.3281502312099434,7.311185707122878,0.7472191672512578,0.6716219718947879,6.965985679292122,0.7427399869345721,0.6195533398443283,0.4245669527524513,0.4863772419181369,0.4849912226315648,0.5321314055721367,0.6758608265503522,0.7198213560657181,6.885777153881294,0.33998485019914615,6.495947018717394,6.422965867928227,6.307802160025917,6.051298389212095,5.883880060626423,5.76046020342477,5.823737692250844,6.090990307238233,6.247720144072059,6.211857372130524,6.203003899737809,6.05389311103374,5.861537016408388,5.7805332015629025,5.652423462150394,5.286204504856338,4.929700279300873,4.3000524339415716,4.110928088505019,3.7863247081875135,3.4405084685615592,3.134299532276273,2.8027594675704584,2.772029172877099,2.7634662494591398,2.6880075315670333,2.368042012751649,2.119361989799136,1.9866433933877006,1.9218301726655864,1.7060632471534967,1.4307262935630483,7.516486393331158,7.233285594085848,6.931554175981469,6.4676031258707445,6.121581903472562,-0.4526230388978861,5.605290955599166,5.611629003096938,-0.7050405502358713,5.511256385530076,5.451299260044337
3.6009999999997144,0.306342372740042,-0.2863346797510966,5.439053491235644,5.355977869065031,5.303188830359086,5.159002686278871,4.780079010117995,4.446973451347804,4.157257018720213,9.887122155778178,2.9048918743063514,2.2921127036900315,1.5622422921435153,0.9076092552807054,0.3181175292528125,-0.34714664041878834,5.575367770871967,-0.8306527633625786,5.376793189437851,5.412857650054342,-0.9309186971038387,-0.9038465161913137,-0.7137869013340297,-0.8088299077064554,-0.9299373505701903,-1.1247439433931452,-1.1626743519789633,-1.1809515998723565,-1.2805795849544848,5.016587318035365,-1.3733082606297968,4.834360097542095,-1.5391859930195309,4.688581927244212,4.281527754926247,-2.464905804373283,3.477203139975028,-3.339825741825912,2.5686269063372094,2.112329176710434,1.932285781294896,1.9198346356290437,1.841401288973546,1.6138811575001466,1.3263917824155451,7.309672004228418,0.7459477964678267,0.6705875173272928,6.965195258219176,0.7422059971419006,0.6192929643047207,0.42460190432564004,0.4867220541652356,0.4856648209170455,0.5331519808297416,0.6772461611240216,0.7215774224727283,6.887908964554443,0.342497637453555,6.498816014342852,6.426165105022402,6.311299571075089,6.055058739658093,5.88784780544445,5.764577377831135,5.827942608327203,6.095220496441446,6.251910707207281,6.215947104621381,6.206935269640526,6.057612237531608,5.864997851644393,5.783705349575048,5.65528150895541,5.2887153007999865,4.93186409782991,4.301826835468681,4.112404726384552,3.7875257935934923,3.4414732492011755,3.135077800689709,2.8034003332750514,2.772589267295334,2.7639940098817695,2.6885487724184287,2.3686412569376913,2.1200552678500615,1.9874588862383729,1.9227909601998339,1.7071908349898894,1.4320360875191243,7.517982694516513,7.234976138150867,6.933440483691035,6.4696960271175925,6.123866341043087,-0.4501575999602357,5.607924769785813,5.614414645223043,-0.7021190120010279,5.51429338742153,5.454425514015994
3.6109999999997133,0.3058592202375636,-0.2850876237286632,5.442231513741146,5.359172888199442,5.306355109418126,5.162087528321726,4.7830154133421035,4.449698609562585,4.159706807006432,9.889185832784104,2.906444443226269,2.2931156398311234,1.5625726844577368,0.9072543882310755,0.31707103482555754,-0.3489477870432291,5.572926627663361,-0.8336887802311242,5.373187011685639,5.40871734180182,-0.9355470683452043,-0.908905543240764,-0.7192183872296157,-0.8145576881309899,-0.935887611921892,-1.1308429359756353,-1.1688458704650542,-1.1871256310538005,-1.2866910616011833,5.01059628616763,-1.3791271477778628,4.8287556858048175,-1.5445409580834004,4.683502432159374,4.276768606162961,-2.4693233316929346,3.473114653754955,-3.3435552254056202,2.56522299379587,2.1092523165126047,1.9294955023001739,1.9173139635584622,1.8391390894250377,1.6118727135601247,1.3246327091810124,7.308158182079085,0.7446768623405173,0.6695540589239527,6.964406366213597,0.7416739993755918,0.6190349146384408,0.4246393506734591,0.4870693587986172,0.4863406908373729,0.5341743919718024,0.6786326890295491,0.7233338390219115,6.890040094309558,0.34500854585708485,6.501681933139736,6.429360089476958,6.314791614812796,6.0588127000985414,5.8918083492078095,5.768686774050274,5.832139430700432,6.0994425496114415,6.25609337846501,6.220029462733296,6.21086004154782,6.061325776946332,5.868454305806217,5.786874451935472,5.658137932333439,5.2912259782601225,4.934029257836465,4.303604089860517,4.113885371028072,3.7887318539692654,3.4424437258299663,3.135862205836539,2.8040474972126246,2.7731555584956205,2.764527632641886,2.689095346856495,2.3692451283620772,2.120752394403423,1.9882774407714117,1.9237540542296487,1.7083200208559002,1.4333468546927812,7.519479465664931,7.236666738816765,6.935326514660157,6.471788338823945,6.126149902162443,-0.4476933569892922,5.610556999004359,5.617198227062537,-0.6992001255390066,5.517327032990253,5.4575476163872025
3.6209999999997122,0.30537158441806755,-0.28382487536218237,5.445404534777083,5.362362054265649,5.309514736473882,5.16516502375361,4.785943906093147,4.452415535956376,4.162148320974173,9.891241470981187,2.907989523167872,2.2941119666201435,1.5628976376561667,0.9068955027050973,0.31602212519962564,-0.3507496068442175,5.570486554078697,-0.8367220000543774,5.369585280086046,5.404583003688894,-0.9401681852502398,-0.9139562774493242,-0.7246408025005961,-0.8202759795238075,-0.9418282762171392,-1.136932520411391,-1.175008425014825,-1.1932913626435073,-1.2927950784672728,5.00461176112993,-1.384940555549697,4.823155712373628,-1.549892502888458,4.678425404325058,4.2720109435346565,-2.473740271023269,3.4690260517608684,-3.347285475477962,2.5618178900105826,2.106173971214419,1.926703644873629,1.9147917717570382,1.836875555993493,1.6098632403855249,1.3228730219391773,7.306644247059675,0.743406366330283,0.668521592818121,6.963618993778905,0.7411439785685999,0.6187791706316997,0.424679267372276,0.4874191286771832,0.4870188042301516,0.5351986116483093,0.6800203855425202,0.7250905853763813,6.892170528862356,0.34751756867195777,6.504544776091162,6.432550829963835,6.318278307300196,6.062560293496748,5.895761720415455,5.772788424675004,5.836328194490256,6.1036565028398595,6.26026819324943,6.224104479618249,6.214778244858068,6.065033753592174,5.871906396968594,5.790040519555252,5.660992735454306,5.293736532336812,4.936195746537776,4.305384176581568,4.115369995802949,3.7899428580281227,3.443419864361069,3.1366527129438837,2.804700926126045,2.773728016653365,2.7650670930731835,2.689647236664361,2.369853616345634,2.1214533661701545,1.989099060209964,1.9247194631387634,1.7094508166778941,1.4346586085226884,7.520976719542583,7.238357406202514,6.937212274779996,6.473880061397129,6.128432581835007,-0.4452303196839793,5.613187630193779,5.619979733967685,-0.6962839050381717,5.520357310640649,5.4606655601330045
3.630999999999711,0.3048795254915005,-0.2825463476604328,5.448572553647104,5.365545373820954,5.312667725806261,5.1682351944522,4.7888645173834465,4.455124265074789,4.164581598715422,9.893289110061744,2.909527153073851,2.295101719898782,1.5632171823414371,0.9065326224773756,0.31497081614665645,-0.3525520929121505,5.56804754795531,-0.8397524341791645,5.3659879746638275,5.4004546079992926,-0.9447820814779403,-0.918998756639304,-0.7300541871914564,-0.8259848217525767,-0.9477593811124978,-1.1430127303234427,-1.1811620438732606,-1.1994488165671764,-1.2988916506746222,4.998633734490204,-1.3907484860820636,4.8175601805556525,-1.5552406196890465,4.67335085479938,4.267254780952138,-2.4781566064427816,3.4649373509477552,-3.351016474307722,2.5584116129259016,2.103094158729343,1.9239102265386792,1.9122680769914275,1.8346107041465527,1.6078527513467298,1.3211127310051491,7.305130205445316,0.7421363098139485,0.6674901150986202,6.9628331314254055,0.7406159197185235,0.6185257121945661,0.42472163017553033,0.4877713368750056,0.48769913316903585,0.5362246127467551,0.681409226158585,0.72684764138461,6.894300254063956,0.35002469923338153,6.5074045441925366,6.435737335110557,6.32175966450321,6.066301542676454,5.899707947395011,5.776882362105945,5.840508934613057,6.107862392011757,6.26443518676224,6.22817218823645,6.218689908795526,6.068736191633553,5.875354143088109,5.793203563267898,5.663845921458054,5.296246958153247,4.938363551231289,4.3071670752365865,4.116858574269739,3.7911587747199453,3.4444016309724286,3.137449287511712,2.805360587015892,2.7743066121642683,2.7656123666715366,2.690204423712909,2.3704667102081403,2.1221581797727374,1.9899237476126568,1.925687195088357,1.7105832341240859,1.4359713621824193,7.522474468673874,7.240048150237485,6.939097769827236,6.4759711952259025,6.130714375139806,-0.4427684975855349,5.615816650514621,5.622759151550561,-0.693370364416436,5.523384209029625,5.46377933843675
3.64099999999971,0.3043831037398942,-0.2812519528281351,5.45173556979618,5.3687228534851945,5.3158140916732135,5.171298062190367,4.791777276043839,4.457824831223774,4.167006678045864,9.895328789426488,2.9110573716030475,2.29608493525124,1.5635313489004912,0.9061657711579114,0.31391712333098654,-0.35435523838391897,5.5656096071477705,-0.842780093869035,5.362395075589018,5.396332127217434,-0.9493887904463719,-0.9240330183671113,-0.735458581073629,-0.8316842544254712,-0.9536809640370487,-1.1490835991555621,-1.1873067551650118,-1.2055980146944034,-1.3049807933525792,4.992662197753914,-1.3965509416171311,4.811969093526782,-1.5605853008787973,4.668278794509711,4.2625001322155684,-2.482572322112881,3.4608485682145873,-3.35474820419452,2.555004180460195,2.100012896939934,1.921115264772835,1.9097428959607798,1.832344549261469,1.6058412597055465,1.3193518465782124,7.3036160634035925,0.7408666940862088,0.6664596218112919,6.962048769671037,0.7400898078876147,0.6182745193600998,0.4247664150120831,0.48812595667913333,0.4883816499612652,0.5372523683896916,0.6827991865913031,0.7286049870787698,6.896429255899865,0.35252993094926854,6.510261238451885,6.438919613501036,6.325235702293616,6.070036470323092,5.903647058304033,5.780968618552672,5.844681685782904,6.112060252806535,6.268594394003531,6.2322326213572286,6.222595062411265,6.072433115086048,5.878797562004246,5.796363593830336,5.666697493455736,5.298757250856219,4.940532659294639,4.308952765569946,4.118351080180889,3.7923795732292205,3.4453889921042617,3.138251895309968,2.8060264471375445,2.7748913156416912,2.7661634290929586,2.690766889959607,2.3710843992682906,2.1228668317463355,1.9907515058757843,1.9266572580200731,1.711717284608098,1.4372851285841477,7.523972725344846,7.241738980664138,6.940983005465741,6.478061740680773,6.132995277229543,-0.44030790007965237,5.618444047345997,5.625536465679541,-0.6904595173248843,5.526407717063244,5.466888944687392
3.650999999999709,0.3038823795173448,-0.27994160227071957,5.454893582808804,5.371894499939977,5.31895384831102,5.174353648637418,4.794682210725719,4.460517268472181,4.1694235965076665,9.897360548187246,2.9125802171328345,2.297061648006183,1.5638401675060614,0.9057949721931244,0.31286106231026334,-0.3561590364426555,5.563172729527719,-0.845804990304897,5.358806563175798,5.3922155340268105,-0.953988345334696,-0.9290590999255693,-0.7408540236479374,-0.8373743168935104,-0.9595930621943882,-1.155145160173687,-1.1934425868950678,-1.2117389788385158,-1.311062521636966,4.986697142365741,-1.4023479245003314,4.80638245433396,-1.5659265389885568,4.66320923425425,4.257747011015245,-2.486987402278003,3.456759720403454,-3.3584806474742424,2.55159561050405,2.096930203696474,1.918318777006828,1.9072162452965689,1.830077106625708,1.6038287786165317,1.3175903787436853,7.302101826996627,0.7395975203615832,0.6654301089605135,6.961265899042209,0.7395656282027885,0.6180255722835011,0.4248135979845937,0.48848296158743376,0.48906632714523657,0.538281851932321,0.684190242770014,0.7303626026730888,6.898557520488972,0.3550332572999459,6.51311485989016,6.44209767367635,6.328706436450129,6.073765098985026,5.907579081131256,5.785047226034875,5.8488464825125925,6.116250120698862,6.272745849772656,6.236285811559911,6.226493734584093,6.076124547817406,5.882236671440422,5.799520621923862,5.669547454530177,5.301267405616563,4.942703058185625,4.310741227464998,4.119847487479407,3.79360522297308,3.446381914456553,3.1390605023757403,2.806698473998302,2.7754820979140593,2.7667202561515984,2.6913346174473696,2.3717066728436684,2.1235793185399223,1.991582337735474,1.9276296596590041,1.7128529792924696,1.4385999203822952,7.525471501606546,7.243429907040692,6.9428679872482055,6.480151698114302,6.135275283329611,-0.4378485363985918,5.621069808282602,5.628311662475832,-0.6875513771513481,5.529427823893439,5.469994372476814
3.660999999999708,0.3033774132500212,-0.27861520659930894,5.4580465924072135,5.375060319927903,5.322087009934546,5.177401975360306,4.7975793499030654,4.463201610654294,4.171832391372225,9.899384425169634,2.9140957277614836,2.2980318932386936,1.564143668118136,0.9054202488668772,0.3118026485360598,-0.3579634803174825,5.5607369129837085,-0.848827134585654,5.35522241788138,5.3881048013083745,-0.9585807790851769,-0.9340770383462135,-0.7462405541470092,-0.8430550482528714,-0.9654957125646015,-1.1611974464673218,-1.19956956694942,-1.2178717307564035,-1.3171368506690946,4.98073855971124,-1.4081394371782587,4.800800265897406,-1.5712643266843513,4.658142184703549,4.25299543093237,-2.491401831265712,3.4526708242987287,-3.362213786520428,2.5481859209187228,2.0938460968156334,1.915520780623777,1.9046881415624335,1.8278083914375463,1.6018153211282986,1.3158283374747424,7.300587502183129,0.7383287897763329,0.6644015725106843,6.960484510074609,0.7390433658556288,0.6177788512412713,0.4248631553679227,0.48884232530646843,0.48975313748811283,0.539313036960121,0.6855823708377335,0.7321204685622223,6.900685034082538,0.357534671837858,6.5159654095415585,6.4452715241354905,6.332171882659457,6.077487451074774,5.9115040436978195,5.789118216383511,5.853003359114677,6.120432030959614,6.276889588669118,6.240331791234716,6.230385954021503,6.07981051354853,5.885671489005012,5.802674658155092,5.6723958077367245,5.303777417629592,4.944874735442176,4.312532440943416,4.12134777029756,3.7948356935993495,3.4473803649865764,3.1398750750104667,2.8073766353545544,2.776078930022306,2.76728282381777,2.691907588303437,2.3723335202507307,2.124295636517394,1.9924162457698225,1.9286044075166313,1.7139903290921197,1.439915749977125,7.526970809278331,7.245120938743757,6.944752720617768,6.482241067861418,6.13755438873714,-0.4353904156232604,5.623693921131788,5.631084728310054,-0.6846459570239309,5.532444518914753,5.473095615597181
3.6709999999997067,0.3028682654362022,-0.2772726756359217,5.461194598449622,5.37822032025181,5.325213590737503,5.180443063824826,4.800468721874412,4.465877891372324,4.174233099642889,9.901400458915727,2.9156039413105215,2.2989957057722,1.564441880485428,0.9050416243015001,0.31074189735449104,-0.35976856328325924,5.55830215542105,-0.8518465377288414,5.351642620304879,5.383999902138931,-0.9631661244051782,-0.9390868704015661,-0.751618211537667,-0.8487264873471698,-0.9713889519062048,-1.167240490950917,-1.2056877230957144,-1.2239962921483596,-1.3232037955948,4.97478644111846,-1.4139254821966025,4.7952225310128185,-1.5765986567653902,4.653077656402036,4.248245405439819,-2.495815593486794,3.448581896626258,-3.3659476037456226,2.544775129534627,2.0907605940791756,1.9127212929583723,1.9021586012540252,1.825538418806655,1.5998009001847922,1.314065732634201,7.29907309482039,0.7370605033903375,0.6633740083876793,6.959704593314014,0.7385230061023916,0.6175343366303867,0.42491506360755954,0.48920402174940114,0.49044205398346685,0.5403458972865004,0.6869755471490766,0.7338785653196397,6.902811783063195,0.36003416818726053,6.518812888453788,6.448441173336105,6.335632056517351,6.0812035488702225,5.915421973658503,5.793181621241956,5.857152349702511,6.124606018656805,6.281025645093455,6.244370592583639,6.234271749260602,6.0834910358544745,5.88910203219236,5.805825713056892,5.675242556103977,5.306287282115513,4.947047678682287,4.314326386164536,4.122851902955573,3.796070954984616,3.4483843109064445,3.14069557977717,2.8080608992089853,2.7766817832173554,2.7678511082160124,2.6924857847382757,2.372964930804795,2.125015781958683,1.9932532324010075,1.929581508893732,1.7151293446777602,1.441232629518285,7.52847065995114,7.246812084970912,6.946637210909598,6.484329850239716,6.139832588820051,-0.43293354668526335,5.626316373910676,5.633855649798882,-0.6817432698144847,5.535457791761132,5.476192668038337
3.6809999999997056,0.30235499664634197,-0.27591391841890905,5.46433760092848,5.381374507774004,5.328333604892685,5.183476935396778,4.803350354764819,4.468546143998874,4.1766257580576305,9.903408687686673,2.917104895327058,2.29995312018041,1.5647348341468421,0.9046591214588179,0.30967882400683266,-0.3615742786603307,5.555868454761636,-0.8548632106712618,5.348067151186201,5.37990080978954,-0.9677444137691428,-0.9440886326073905,-0.7569870345232882,-0.8543886727697134,-0.9772728167580607,-1.173274326365228,-1.2117970829838898,-1.2301126846579165,-1.3292633715634894,4.968840777859545,-1.4197060621981277,4.789649252353516,-1.5819295221621068,4.648015659769494,4.243496947902888,-2.5002286734353345,3.44449295405258,-3.3696820816026842,2.541363254149874,2.087673713232697,1.9099203312960829,1.8996276407988655,1.8232672037546784,1.5977855286265468,1.3123025739762704,7.297558610666241,0.7357926621889325,0.6623474124802753,6.958926139317059,0.7380045342640068,0.6172920089674852,0.42496929931807603,0.4895680250339397,0.49113304984896056,0.5413804069504894,0.688369748268203,0.735636873696025,6.904937753943951,0.362531740043907,6.521657297688345,6.451606629695213,6.339086973529616,6.08491341451581,5.919332898502931,5.797237472067143,5.861293488191286,6.128772118656543,6.285154053248141,6.248402247621364,6.23815114866905,6.087166138165433,5.892528318383776,5.808973797089292,5.678087702634493,5.308796994319816,4.94922187560396,4.316123043424689,4.124359859960317,3.7973109772323106,3.44939371968068,3.14152198349773,2.8087512338078158,2.777290628957646,2.7684250856231905,2.6930691890445075,2.3736008938200355,2.1257397510608467,1.994093299897373,1.93056097088324,1.7162700364792625,1.4425505709083046,7.529971064990707,7.248503354743267,6.948521463352475,6.486418045549749,6.142109879016113,-0.4304779383689245,5.628937154843311,5.63662441380172,-0.6788433281420402,5.538467632302755,5.479285523985217
3.6909999999997045,0.30183766752316116,-0.2745388432086329,5.467475599968746,5.384522889415514,5.331447066552204,5.186503611343116,4.8062242765277805,4.4712064016793605,4.17901040309171,9.905409149465301,2.9185986270861055,2.3009041707892273,1.5650225584329351,0.9042727631411758,0.30861344363014054,-0.36338061981427516,5.553435808943792,-0.8578771642696219,5.344495991404924,5.375807497723932,-0.9723156794205594,-0.9490823612249243,-0.7623470615461425,-0.8600416428657239,-0.9831473434412671,-1.1792989852786513,-1.21789767414681,-1.2362209298716906,-1.3353155937272099,4.962901561152293,-1.4254811799206872,4.784080432472554,-1.587256915934232,4.64295620510252,4.238750071580049,-2.5046410556887837,3.4404040131841724,-3.3734172025860563,2.537950312528846,2.084585471984401,1.9071179128723925,1.8970952765562135,1.8209947612158044,1.5957692191919162,1.3105388711482693,7.296044055380974,0.734525267084711,0.6613217806415449,6.958149138652006,0.7374879357260754,0.617051848888064,0.42502583928160353,0.4899343094803087,0.49182609852405856,0.5424165402144593,0.6897649509667887,0.7373953746176943,6.9070629333671905,0.36502738117472866,6.524498638320766,6.454767901589901,6.34253664911312,6.088617070023715,5.923236845556781,5.801285800130711,5.865426808299075,6.13293036562398,6.289274847138493,6.2524267881761615,6.242024180445997,6.090835843767713,5.895950364848531,5.812118920640384,5.680931250305488,5.311306549513648,4.951397313985111,4.317922393156525,4.125871616004017,3.798555730670801,3.450408559023818,3.142354253250193,2.8094476076380848,2.777905438906687,2.7690047324666165,2.6936577835958495,2.3742413986094797,2.1264675399391586,1.9949364503754916,1.931542800373079,1.7174124146889798,1.4438695858060382,7.531472035540732,7.250194756907966,6.95040548307033,6.48850565407533,6.144386254832034,-0.4280235993132795,5.631556252357849,5.639391007417423,-0.6759461443761882,5.541474030642913,5.48237417781532
3.7009999999997034,0.3013163387817652,-0.273147357493395,5.470608595826187,5.387665472155323,5.334553989847712,5.189523112833073,4.8090905149471235,4.473858697334415,4.1813870709602865,9.9074018819587,2.9200851735928754,2.301848891678666,1.56530508246738,0.9038825719924674,0.30754577125787086,-0.36518758015565306,5.551004215922105,-0.8608884093011682,5.340929121979187,5.371719939596926,-0.9768799533739145,-0.9540680922630919,-0.7676983307896988,-0.8656854357345333,-0.9890125680610189,-1.1853145000885406,-1.2239895240008807,-1.2423210493192283,-1.3413604772397316,4.956968782161694,-1.431250838195272,4.778516073804797,-1.5925808312689045,4.6378993025759705,4.234004789623676,-2.50905272490802,3.436315090566723,-3.3771529492329986,2.5345363224008075,2.081495888003908,1.904314054872057,1.89456152481694,1.818721106037327,1.5937519845182846,1.3087746336923063,7.294529434529229,0.7332583189192875,0.6602971086902232,6.957373581899485,0.7369731959388665,0.6168138371456902,0.4250846604463336,0.4903028496092537,0.492521173667775,0.543454271561875,0.6911611322220225,0.7391540491850268,6.909187308103683,0.3675210854175064,6.527336911440867,6.457924997358006,6.345981098596775,6.092314537275003,5.927133841982976,5.805326636520138,5.869552343547874,6.1370807940242615,6.293388060573574,6.256444245890799,6.245890872623021,6.0945001758047175,5.899368188744827,5.815261094027204,5.683773202069505,5.313815942994185,4.953573981683484,4.319724415928346,4.1273871459629605,3.799805185851509,3.4514287968980293,3.14319235636611,2.8101499894249717,2.778526184930657,2.7695900253222105,2.6942515508460847,2.3748864344850213,2.1271991446281846,1.9957826858022005,1.9325270040489506,1.7185564892650236,1.4451896856300637,7.532973582526022,7.251886300140674,6.952289275083774,6.49059267608381,6.146661711842556,-0.4255705380140393,5.634173655083792,5.642155417981077,-0.6730517306404155,5.54447697711492,5.4854586240961725
3.7109999999997023,0.30079107120978793,-0.27173936799562837,5.473736588885678,5.39080226302963,5.337654388890608,5.192535460939258,4.811949097638867,4.476503063662239,4.183755797621007,9.909386922600774,2.9215645715850607,2.302787316684745,1.5655824351684176,0.9034885704991606,0.30647582182050226,-0.3669951531397558,5.54857367366726,-0.8638969564643213,5.337366524064583,5.367638109252855,-0.9814372674166301,-0.9590458614806961,-0.773040880180912,-0.8713200892317503,-0.9948685265084429,-1.1913209030225027,-1.2300726598466627,-1.2484130644728526,-1.3473980372556489,4.951042432001447,-1.4370150399440986,4.772956178668941,-1.5979012614788166,4.632844962244357,4.229261115080787,-2.5134636658373917,3.432226202684428,-3.38088930412479,2.5311213014585676,2.0784049789210997,1.901508774428383,1.8920264018034119,1.8164462529802001,1.591733837143251,1.3070098710469302,7.293014753581827,0.7319918184650248,0.6592733924120437,6.956599459653225,0.7364603004173093,0.6165779546112211,0.42514573992504284,0.49067362014007593,0.4932182491564536,0.544493575695077,0.6925582692146249,0.7409128786709103,6.911310865051606,0.3700128466805378,6.5301721181529695,6.461077925298779,6.349420337222503,6.096005838020788,5.931023914782866,5.809360012139877,5.873670127264648,6.141223438123497,6.297493727167106,6.260454652223448,6.249751253065064,6.098159157277909,5.902781807120771,5.818400327496603,5.6866135608550765,5.316325170084965,4.95575186663654,4.321529092443408,4.128906424896205,3.8010593135470305,3.452454401510771,3.1440362604279084,2.8108583481291523,2.779152839096035,2.7701809409126903,2.6948504733280507,2.375535990757433,2.1279345610828484,1.996632007996612,1.9335135883970909,1.7197022699344935,1.4465108815620324,7.534475716655556,7.253577992948015,6.954172844311601,6.492679111826374,6.148936245689554,-0.4231187628255261,5.636789351849269,5.644917633060807,-0.6701600988153974,5.547476462279072,5.488538857582858
3.720999999999701,0.3002619256675581,-0.27031478067836023,5.476859579659531,5.3939332691310975,5.340748277772243,5.195540676638739,4.814800052053059,4.4791395331409305,4.1861166187765635,9.911364308554754,2.9230368575350982,2.303719479401379,1.5658546452503126,0.9030907809913254,0.30540361014615786,-0.3688033322663545,5.546144180165877,-0.8669028163793097,5.3338081789530545,5.363561980724005,-0.9859876531109858,-0.9640157043885906,-0.7783747473924797,-0.8769456409714015,-1.0007152544624092,-1.197318226139678,-1.2361471088694709,-1.254496996747516,-1.3534282889294973,4.945122501735426,-1.4427737881787333,4.767400749269525,-1.6032182000003918,4.627793194043247,4.2245190608937655,-2.517873863304755,3.428137365959313,-3.384626249887883,2.527705267357169,2.0753127623249954,1.898702088622532,1.8894899236693825,1.814170216719588,1.5897147895057955,1.3052445925487468,7.291500017917582,0.7307257664267266,0.6582506275610495,6.955826762520775,0.7359492347409835,0.616344182272038,0.4252090549936396,0.49104659598869727,0.49391729908157983,0.5455344275330934,0.693956339326892,0.7426718445192024,6.9134335912355445,0.37250265894229656,6.533004259576113,6.464226693673526,6.3528543801461845,6.099690993883354,5.9349070907974095,5.813385957712485,5.87778019258238,6.1453583319897165,6.301591880338402,6.264458038448611,6.253605349471369,6.101812811047777,5.906191236915331,5.8215366312260945,5.68945232956737,5.318834226136217,4.957930956861334,4.323336403539245,4.130429428044291,3.802318084749283,3.453485341312462,3.1448859332662984,2.811572652944194,2.77978537366727,2.770777456105788,2.6954545336526468,2.3761900567363856,2.1286737851794904,1.997484418632104,1.9345025597069887,1.7208497661966669,1.4478331845499717,7.535978448425542,7.255269843669985,6.95605619557227,6.494764961538318,6.15120985208116,-0.4206682819625807,5.63940333167833,5.64767764045464,-0.6672712605422426,5.550472476919638,5.491614873215558
3.7309999999997,0.29972896308829267,-0.2688735007519566,5.479977568785851,5.3970584976081035,5.343835670564106,5.1985387808141015,4.817643405475577,4.481768138030784,4.188469569877218,9.913334076715705,2.9245020676524183,2.304645413182264,1.5661217412248023,0.9026892256436593,0.30432915096122815,-0.37061211107944986,5.543715733420346,-0.8699059995888025,5.330254068071795,5.359491528229062,-0.9905311417960285,-0.9689776562518299,-0.783699969845077,-0.882562128328044,-1.006552787391315,-1.2033065013319943,-1.242212898139966,-1.2605728675006556,-1.359451247414886,4.939208982379147,-1.4485270859982462,4.761849787698876,-1.6085316403919923,4.622744007790631,4.219778639901068,-2.5222833022215,3.4240485967505814,-3.3883637691950352,2.5242882377126192,2.0722192557626617,1.8958940144828453,1.886952106499893,1.8118930118454029,1.5876948539474225,1.3034788074340016,7.289985232825067,0.7294601634432953,0.6572288098608736,6.955055481124187,0.7354399845541083,0.6161125012312882,0.4252745830897332,0.49142175226575396,0.49461829774762567,0.5465768022094821,0.6953553201407613,0.7444309283432055,6.915555473805533,0.3749905162510862,6.535833336844249,6.4673713107062385,6.356283242438595,6.103370026357274,5.93878339670833,5.817404503779744,5.881882572441108,6.149485509493848,6.305682553313279,6.268454435658026,6.257453189376416,6.105461159834799,5.909596494959276,5.8246700153247,5.692289511088802,5.321343106525179,4.960111240454388,4.325146330186967,4.131956130827968,3.803581470667656,3.454521584994182,3.1457413429577112,2.81229287329398,2.7804237611044824,2.7713795479125025,2.696063714507859,2.376848621730472,2.129416812716913,1.9983399192382805,1.93549392407407,1.7219989873261408,1.449156605311543,7.5374817881224025,7.256961860482322,6.957939333585363,6.4968502254393155,6.153482526790893,-0.418219103502445,5.642015583788312,5.650435428187417,-0.6643852272256963,5.553465012041896,5.494686666117127
3.740999999999699,0.29919224447830955,-0.26741543268115847,5.4830905570268875,5.400177955664011,5.346916581318011,5.2015297942544905,4.820479185029907,4.484388910376554,4.190814686123297,9.915296263713003,2.925960237885669,2.3055651511427433,1.5663837514025403,0.9022839264765137,0.30325245889099406,-0.37242148316702195,5.541288331448661,-0.8729065165585411,5.326704172982155,5.355426726171566,-0.995067764589466,-0.9739317520918015,-0.7890165847095649,-0.888169588438853,-1.0123811605548456,-1.2092857603254112,-1.2482700546147363,-1.26664069803205,-1.365466927863649,4.93330186490118,-1.4542749365874077,4.756303295939041,-1.6138415763321634,4.6176974131882575,4.215039864837944,-2.526691967582569,3.419959911353984,-3.3921018447663993,2.520870230100657,2.069124476738151,1.8930845689841869,1.8844129663111777,1.8096146528628423,1.5856740427132827,1.3017125248401342,7.28847040350435,0.7281950100893549,0.6562079350059952,6.954285606100711,0.7349325355655255,0.615882892707139,0.42534230181122523,0.49179906427471964,0.49532121966992443,0.5476206750702013,0.6967551894359014,0.7461901119241553,6.917676500036068,0.377476412724689,6.5386593511064355,6.470511784584206,6.359706939086313,6.107042956810518,5.9426528590392715,5.821415680703788,5.885977299588983,6.1536050043106885,6.3097657791249935,6.2724438747616045,6.261294800150863,6.109104226220389,5.9129975979761165,5.827800489833767,5.69512510827966,5.323851806656384,4.962292705591543,4.326958853490565,4.133486508846909,3.8048494427271855,3.455563101485395,3.1466024578217677,2.81301897883018,2.781067974061204,2.771987193485376,2.6966779986578135,2.3775116750472405,2.130163639417422,1.9991985112029158,1.9364876874023451,1.7231499423759349,1.4504811543372527,7.5389857458257366,7.25865405139885,6.959822262973032,6.498934903733701,6.155754265656808,-0.41577123538661526,5.644626097587211,5.653190984507733,-0.6615020100372971,5.556454058869207,5.4977542315907035
3.750999999999698,0.29865183091726477,-0.26594048019242533,5.486198545267416,5.403291650556426,5.3499910240662665,5.204513737656626,4.823307417678888,4.4870018820096895,4.193152002467663,9.91725090591279,2.927411403924931,2.306478726161669,1.5666407038945391,0.9018749053569174,0.30217354846025035,-0.37423144216078064,5.53886197228425,-0.8759043776779685,5.323158475378544,5.351367549138376,-0.9995975523895454,-0.9788780266883361,-0.7943246289091769,-0.8937680582056826,-1.018200409005713,-1.215256034681138,-1.2543186051368727,-1.272700509583681,-1.3714753454250088,4.927401140224562,-1.46001734321491,4.750761275863667,-1.6191480016179078,4.612653419822956,4.21030274833713,-2.531099844466462,3.4158713260012137,-3.395840459370582,2.5174512620555602,2.0660284427114743,1.8902737690473148,1.8818725190505823,1.8073351541929128,1.5836523679532777,1.2999457538073047,7.286955535068694,0.726930306876841,0.6551879986629668,6.953517128103443,0.7344268735486832,0.6156553380320413,0.4254121889149212,0.49217850751005626,0.49602603957257657,0.5486660216715082,0.698155925187825,0.7479493772097255,6.919796657325141,0.3799603425500087,6.541482303527003,6.473648123458612,6.363125484992618,6.110709806485533,5.946515504156949,5.825419518668211,5.890064406583307,6.157716849919875,6.313841590615177,6.276426386488348,6.265130209002478,6.112742032647853,5.916394562583032,5.830928064727787,5.697959123978687,5.326360321961951,4.964475340527808,4.328773954686208,4.135020537878453,3.806121972566739,3.4566098599517,3.1474692464187783,2.813750939429749,2.781717985382149,2.7726003701168014,2.6972973689418374,2.3781792059932307,2.1309142609278564,2.000060195773869,1.9374838554070246,1.7243026401805512,1.451806841893621,7.54049033141123,7.260346424273779,6.961704988261406,6.501018996610737,6.158025064580644,-0.4133246854226698,5.647234862671118,5.6559442978849255,-0.6586216199184944,5.55943960884013,5.500817565117337
3.760999999999697,0.2981077835584094,-0.2644485462815884,5.489301534513135,5.406399589596463,5.353059012821842,5.2074906316258085,4.826128130226437,4.4896070845505385,4.195481553618142,9.919198039420388,2.9288556012039137,2.3073861708832544,1.5668926266136043,0.9014621839996015,0.3010924340939293,-0.37604198173591663,5.536436653975815,-0.8788995932608592,5.319616957087352,5.34731397189814,-1.0041205358769196,-0.9838165145818,-0.799624139121678,-0.8993575742971018,-1.0240105675913667,-1.2212173557968418,-1.2603585764365346,-1.2787523233395985,-1.3774765152447566,4.921506799228164,-1.4657543092316272,4.745223729239858,-1.6244509101629891,4.607612037167939,4.205567302929542,-2.535506918035232,3.4117828568593214,-3.39957959582567,2.5140313510689802,2.0629311710976035,1.8874616315382649,1.8793307805964863,1.8050545301729524,1.5816298417231407,1.2981785032798832,7.285440632546216,0.7256660542565593,0.6541689964716177,6.952750037801994,0.7339229843416136,0.6154298186520042,0.42548422231516403,0.49256005765539257,0.4967327323863863,0.549712817777887,0.6995575055660221,0.7497087063125446,6.921915933193277,0.38244229998270785,6.544302195285724,6.476780335445115,6.366538894978381,6.114370596500327,5.9503713582722755,5.829416047679187,5.894143925791583,6.161821079606871,6.3179100204347725,6.280402001387272,6.268959442977069,6.116374601423323,5.919787405291778,5.834052749915179,5.700791561003667,5.328868647901848,4.966659133597191,4.330591615141543,4.136558193876326,3.8073990320372118,3.4576618297925976,3.148341677547276,2.8144887251924575,2.7823737681010225,2.773219055237356,2.697921808273545,2.378851203874013,2.131668672820601,2.00092497406098,1.9384824336170983,1.7254570893589911,1.4531336780263042,7.541995554553522,7.262038986803986,6.963587513881999,6.503102504244874,6.160294919527007,-0.41087946128607195,5.649841868821666,5.658695357006113,-0.6557440675837214,5.562421653605559,5.503876662353658
3.7709999999996957,0.2975601636288667,-0.2629395332218307,5.4923995258890885,5.409501780148019,5.356120561578522,5.210460496676894,4.82894134931924,4.492204549410516,4.197803374039936,9.921137700082719,2.9302928649021305,2.3082875177189104,1.5671395472757679,0.9010457839680203,0.3000091301177236,-0.3778530956108525,5.534012374587161,-0.8818921735459447,5.3160796000658666,5.343265969399788,-1.0086367455164955,-0.9887472500751651,-0.8049151517815036,-0.9049381731504057,-1.0298116709556857,-1.227169754907832,-1.2663899951315083,-1.2847961604257887,-1.3834704524644488,4.915618832748039,-1.471485838068905,4.739690657729992,-1.6297502959962655,4.602573274584082,4.200833541044971,-2.5399131735344778,3.407694520030157,-3.4033192370002228,2.5106105145888122,2.059832679265504,1.8846481732677607,1.8767877667582322,1.8027727950571453,1.5796064759855006,1.2964107821079174,7.2839257008815235,0.7244022526197097,0.6531509240462309,6.951984325883113,0.7334208538469117,0.6152063161258777,0.42555838008248686,0.4929436905817294,0.4974412732468266,0.5507610393600036,0.7009599089321172,0.7514680815087279,6.9240343152825705,0.38492227934684203,6.5471190275779545,6.479908428624408,6.369947183782922,6.118025347849521,5.95422044744149,5.833405297566576,5.898215889392562,6.165917726463949,6.321971101044976,6.284370749828348,6.272782528959432,6.120001954716704,5.9231761425095995,5.8371745552390895,5.703622422151986,5.331376779964142,4.968844073212528,4.332411816354977,4.1380994529693815,3.808680593199748,3.458718980639291,3.149219720241572,2.8152323064384626,2.783035295438353,2.7738432264141664,2.698551299639944,2.3795276579942355,2.132426870594604,2.00179284703794,1.9394834273778834,1.7266132983177322,1.454461672563174,7.543501424729045,7.263731746531253,6.965469844173088,6.505185426796013,6.162563826522532,-0.4084355705219451,5.652447106003532,5.661444150773263,-0.6528693635234285,5.565400185025924,5.506931519129563
3.7809999999996946,0.297009032429929,-0.26141334257200494,5.495492520638079,5.4125982296270525,5.359175684311049,5.213423353235258,4.831747101448421,4.49479430779426,4.200117497958006,9.923069923490656,2.931723229947059,2.30918279884908,1.5673814934017138,0.9006257266753716,0.29892365075871014,-0.37966477754699485,5.531589132197036,-0.8848821286975384,5.312546386401194,5.339223516771014,-1.013146211559272,-0.9936702672360619,-0.8101977030818727,-0.9105098909736007,-1.035603753540646,-1.233113263088233,-1.2724128877277558,-1.2908320419100454,-1.3894571722206184,4.909737231578749,-1.4772119332368834,4.734162062893507,-1.6350461532600544,4.5975371413211805,4.196101475012753,-2.5443185962933215,3.4036063315498226,-3.4070593658142405,2.5071887700181077,2.0567329845371916,1.8818334109906407,1.8742434932760652,1.8004899630170286,1.5775822826109267,1.2946425990485677,7.282410744937317,0.7231389022993819,0.652133776976695,6.951219983051308,0.7329204680317073,0.6149848121246458,0.42563464044228666,0.4933293823456721,0.49815163749203356,0.5518106625926871,0.7023631138380476,0.7532274852364235,6.926151791355736,0.38740027503448776,6.54993280161478,6.4830324110427835,6.373350366064865,6.121674081405402,5.9580627975672815,5.837387297985017,5.902280329377288,6.170006823391172,6.326024864718183,6.288332662003423,6.2765994936742695,6.123624114562605,5.926560790540123,5.840293490478152,5.706451710201179,5.333884713665243,4.971030147865295,4.334234539954966,4.139644291460351,3.8099666283239615,3.4597812823524974,3.150103343769354,2.815981653705907,2.783702540799366,2.7744728613492935,2.699185826100552,2.380208557657677,2.1331888496763747,2.002663815544142,1.9404868418535384,1.7277712752536667,1.4557908351173556,7.545007951218814,7.265424710844478,6.967351983381068,6.507267764409765,6.164831781655093,-0.4059930205468257,5.655050564361964,5.664190668300306,-0.649997518007073,5.568375195168405,5.509982131445938
3.7909999999996935,0.2964544513373724,-0.2598698751852988,5.498580520119131,5.415688945500858,5.362224394975274,5.216379221637746,4.834545412951192,4.497376390701736,4.202423959359415,9.924994744981394,2.9331467310162878,2.310072046225051,1.5676184923182,0.9002020333856159,0.297836010145972,-0.3814770213484862,5.529166924898958,-0.8878694688061582,5.309017298309188,5.335186589316783,-1.0176489640441582,-0.998585599898812,-0.8154718289768796,-0.9160727637473677,-1.0413868495879668,-1.2390479112521375,-1.2784272806199601,-1.2968599888018448,-1.3954366896440011,4.903861986474658,-1.4829325983228483,4.7286379461886545,-1.6403384762085234,4.592503646519184,4.191371117062455,-2.5487231717243803,3.399518307388164,-3.4107999652400918,2.503766134714008,2.053632104186824,1.879017361405304,1.8716979758210777,1.7982060481419941,1.575557273378954,1.292873962767516,7.28089576949594,0.7218760035720182,0.6511175508296322,6.950457000029453,0.7324218129276368,0.6147652884307282,0.4257129817735163,0.49371710918768796,0.49886380066082914,0.5528616638529386,0.703767099024262,0.7549869000943706,6.928268349295151,0.38987628150536735,6.552743518623144,6.486152290712649,6.376748456402975,6.125316817918957,5.9618984343998855,5.84136207841504,5.9063372775501515,6.174088403097387,6.330071343538935,6.292287767927169,6.280410363687133,6.12724110286126,5.929941365584241,5.843409565347249,5.70927942790947,5.336392444550122,4.973217346125406,4.336059767699304,4.141192685824585,3.8112571098861845,3.460848705020295,3.150992517629302,2.816736737748556,2.7843754777718885,2.775107937878152,2.69982537078654,2.3808938921673026,2.133954605420974,2.0035378802865074,1.9414926820295426,1.7289310281569972,1.4571211750902233,7.546515143111174,7.267117886981851,6.969233935661792,6.509349517217704,6.167098781072997,-0.4035518186503882,5.657652234220352,5.66693489891029,-0.6471285410860708,5.57134667630419,5.5130284954724065
3.8009999999996924,0.2958964818017886,-0.2583090312182624,5.501663525805943,5.418773935287351,5.365266707508274,5.21932812213359,4.837336310012458,4.499950828930328,4.204722791995659,9.926912199640787,2.934563402539637,2.3109552915707696,1.5678505711594735,0.8997747252144929,0.29674622231122116,-0.38328982086195856,5.526745750801059,-0.8908542038891477,5.305492318133388,5.331155162517845,-1.0221450327997816,-1.0034932816664415,-0.8207375651835622,-0.9216268272270005,-1.0471609931407357,-1.2449737301547459,-1.2844332000920589,-1.3028800220522239,-1.4014090198587763,4.897993088151214,-1.4886478369896166,4.723118308974216,-1.645627259206112,4.587472799209419,4.186642479324535,-2.5531268853237283,3.395430463448267,-3.414541018303419,2.500342625986717,2.0505300554398156,1.8762000411531774,1.8691512299951611,1.7959210644397865,1.5735314599790908,1.2911048818403472,7.279380779260935,0.7206135566588464,0.6501022411495013,6.949695367559381,0.7319248746308115,0.6145477269372921,0.42579338260739646,0.4941068475303904,0.4995777384907716,0.553914019717966,0.7051718434179421,0.7567463088404737,6.930383977101912,0.3923502932864684,6.555551179845961,6.489268075613068,6.380141469296976,6.128953578020894,5.96572738353819,5.84532966816415,5.910386765529922,6.17816249810121,6.334110569404878,6.296236097438001,6.284215165405344,6.130852941379452,5.933317883740988,5.8465227894982545,5.71210557801629,5.338899968192533,4.975405656641019,4.337887481474394,4.142744612708808,3.8125520105677193,3.461921218955983,3.1518872115487384,2.817497529533458,2.7850540801242794,2.775748433967954,2.7004699168998845,2.381583650825323,2.134724133112999,2.004415041841292,1.9425009527151478,1.7300925648140952,1.4584527016743523,7.54802300930452,7.2688112820330035,6.971115705081892,6.5114306853376105,6.1693648209842005,-0.4011119719971478,5.6602521060778175,5.669676832132568,-0.6442624425967085,5.57431462090577,5.516070607545099
3.8109999999996913,0.2953351853489338,-0.25673071014020415,5.504741539285371,5.421853206554356,5.368302635828488,5.222270074885326,4.840119818666418,4.502517653076901,4.207014029384957,9.928822322305638,2.9359732787012742,2.311832566384637,1.568077756868682,0.8993438231305352,0.2956543011894201,-0.3851031699762866,5.524325608025905,-0.8938363438912933,5.301971428343953,5.327129212029255,-1.0266344474462803,-1.0083933459126746,-0.8259949471839474,-0.9271721169443206,-1.0529262180450107,-1.2508907503934896,-1.290430672317775,-1.3088921625536645,-1.407374177981821,4.8921305272861915,-1.4943576529739482,4.717603152511201,-1.6509124967259798,4.58244460831579,4.181915573831,-2.557529722670849,3.3913428155659795,-3.418282508084009,2.4969182610985006,2.0474268554719806,1.8733814668181965,1.8666032713309664,1.793635025836991,1.5715048540118088,1.289335364753904,7.277865778858532,0.7193515617272841,0.6490878434596787,6.948935076402461,0.7314296393017831,0.6143321096475711,0.42587582162614557,0.4944985739768464,0.500293426916234,0.5549677069632446,0.7065773261312437,0.758505694390388,6.932498662894895,0.39482230497166154,6.55835578654223,6.4923797736902555,6.383529419168359,6.132584382222655,5.969549670430817,5.849290096367915,5.914428824750801,6.182229140732024,6.338142574027708,6.300177680199026,6.288013925078931,6.1344596517514365,5.936690361008407,5.849633172520765,5.7149301632427845,5.3414072801952015,4.977595068138317,4.339717663294535,4.144300048929883,3.8138513032531143,3.4629987946959697,3.152787395481309,2.8182640002386457,2.7857383218033935,2.7763943277161736,2.7011194477125438,2.3822778229332595,2.1354974279675574,2.005295300655871,1.9435116585457943,1.7312558928103217,1.4597854238564347,7.54953155850997,7.270504902941125,6.972997295620085,6.513511268873728,6.171629897655532,-0.39867348762813853,5.662850170606851,5.672416457700038,-0.6413992321630148,5.5772790216442685,5.519108464164462
3.82099999999969,0.29477062358009165,-0.2551348107429743,5.507814562255922,5.424926766918896,5.371332193835826,5.225205099969684,4.842895964798136,4.50507689353983,4.209297704814519,9.930725147565997,2.9373763934418005,2.312703901941296,1.5683000761992794,0.8989093479560805,0.29456026061940216,-0.386917062622342,5.521906494710343,-0.8968158986854404,5.298454611536616,5.323108713678903,-1.0311172373970796,-1.0132858257839092,-0.8312440102270757,-0.9327086682095692,-1.0586825579514034,-1.2567990024091393,-1.2964197233611388,-1.3148964311399771,-1.4133321791219806,4.886274294520928,-1.500062050084988,4.712092477964501,-1.6561941833484795,4.577419082655954,4.177190412516068,-2.561931669428585,3.387255379509455,-3.422024417716646,2.4934930572627247,2.044322521408705,1.870561654926311,1.8640541152918693,1.7913479461795196,1.569477466989517,1.2875654199076163,7.27635077283913,0.7180900188923136,0.648074353263515,6.948176117340154,0.7309360931655066,0.614118418674194,0.42596027766172867,0.4948922653089094,0.501010842066508,0.5560227025606023,0.7079835264595586,0.7602650398161205,6.93461239490982,0.3972923112213119,6.561157339987126,6.495487392858081,6.386912320361179,6.1362092509174015,5.97336532037721,5.8532433919910565,5.918463486463469,6.186288363130961,6.342167388934133,6.30411254569898,6.291806668801556,6.1380612554798395,5.940058813284409,5.852740723942821,5.717753186292308,5.343914376190022,4.979785569421284,4.341550295301192,4.145858971473566,3.8151549610284463,3.464081402997678,3.153693039604684,2.8190361212508632,2.786428176932579,2.7770455973490393,2.7017739465656403,2.3829763977920124,2.136274485131226,2.0061786570504996,1.9445248039854992,1.7324210195328071,1.4611193504201492,7.551040799254001,7.272198756505051,6.974878711168452,6.515591267916992,6.173894007411941,-0.3962363724625679,5.665446418650978,5.6751537655463995,-0.6385389191995949,5.580239871386805,5.522142061993076
3.830999999999689,0.2942028581724512,-0.25352123115114356,5.510882596526264,5.4279946240464865,5.374355395411778,5.228133217378459,4.8456647741450825,4.507628580521009,4.211573851342798,9.932620709767404,2.9387727804603343,2.3135693292934065,1.568517555716424,0.8984713203682814,0.29346411434449166,-0.3887314927727482,5.519488409005333,-0.899792878073107,5.294941850431619,5.319093643466064,-1.0355934318606534,-1.0181707542011742,-0.8364847893310028,-0.9382365161132781,-1.0644300463166418,-1.2626985164868973,-1.3024003791770031,-1.3208928485861915,-1.4192830383793527,4.88042438046152,-1.5057610322027382,4.7065862864045185,-1.6614723137596596,4.572396230942486,4.1724670072168175,-2.5663327113430747,3.383168170978716,-3.425766730391921,2.490067031642909,2.0412170703241395,1.8677406219450026,1.8615037772719425,1.7890598392330894,1.5674493103375144,1.285795055614803,7.274835765678742,0.7168289282178286,0.647061766045369,6.94741848117457,0.7304442225112994,0.6139066362385208,0.42604672969462265,0.4952878984855766,0.5017299602639358,0.5570789836763312,0.7093904238797968,0.7620243283446416,6.936725161498317,0.39976030676189,6.563955841472099,6.498590940998547,6.390290187142828,6.139828204381012,5.977174358528702,5.85718958382852,5.9224907817361165,6.190340197251912,6.3461850454668305,6.308040723253166,6.295593422511432,6.141657773936573,5.94342325636762,5.855845453231619,5.7205746498509065,5.346421251838226,4.981977149371473,4.34338535976227,4.147421357493284,3.8164629571796196,3.465169014837478,3.1546041143182983,2.819813864163327,2.787123619809696,2.7777022212200544,2.7024333968686745,2.383679364701937,2.137055299683015,2.0070651112200566,1.9455403933292112,1.7335879521731983,1.462454489948996,7.552550739881057,7.27389284938132,6.976759955533697,6.517670682545284,6.17615714663573,-0.39380063329944764,5.668040841222453,5.677888745803467,-0.6356815129144269,5.583197163193889,5.525171397853518
3.840999999999688,0.29363195087949806,-0.2518898688325907,5.513945644013755,5.431056785650446,5.377372254419522,5.231054447019377,4.848426272298655,4.5101727440278205,4.2138425018016905,9.934509043013152,2.940162473216563,2.3144288792734105,1.5687302217983723,0.898029760900112,0.29236587601312286,-0.39054645444163605,5.517071349075783,-0.9027672917850931,5.2914331278726925,5.315083977559943,-1.0400630598422758,-1.0230481638620663,-0.8417173192847801,-0.9437556955281156,-1.0701687164051128,-1.2685893227574792,-1.3083726656115537,-1.3268814356084488,-1.4252267708445852,4.8745807756800135,-1.5114546032765563,4.701084578808767,-1.6667468827497909,4.567376061784023,4.167745369673826,-2.570732834243683,3.379081205605231,-3.4295094293570267,2.4866402013518245,2.0381105192404214,1.8649183842828212,1.858952272595936,1.7867707186836972,1.5654203953949326,1.2840242801039514,7.273320761780406,0.7155682897179535,0.6460500772716204,6.946662158729004,0.7299540136927989,0.613696744669987,0.42613515685260084,0.49568545064136826,0.5024507580220666,0.5581365276693225,0.7107979980486887,0.7637835433565128,6.938836951127007,0.40222628638557767,6.566751292304942,6.501690425962259,6.3936630337048035,6.143441262773044,5.9809768098895715,5.861128700506556,5.926510741455495,6.194384674862509,6.350195574785411,6.311962242004394,6.2993742119922596,6.145249228363734,5.9467837059582145,5.858947369794206,5.723394556587786,5.348927902830549,4.984169796947769,4.345222839071385,4.148987184308906,3.8177752651906784,3.466261601408638,3.1555205902411085,2.8205972007735127,2.787824624905174,2.778364177808538,2.7030977820987405,2.3843867129629164,2.137839866635307,2.007954663235765,1.9465584307051356,1.7347566977303621,1.463790850829091,7.554061388556107,7.275587188086199,6.978641032438406,6.519749512823657,6.178419311765827,-0.39136627681920283,5.670633429499993,5.680621388798518,-0.6328270223116192,5.586150890316855,5.528196468726237
3.850999999999687,0.2930579635314174,-0.2502406206095148,5.517003706742984,5.434113259491183,5.380382784704017,5.233968808716934,4.8511804847056785,4.5127094138751005,4.2161036887987455,9.936390181166487,2.9415455049327894,2.315282582495287,1.5689381006378667,0.8975846899413716,0.2912655591794578,-0.39236194168439964,5.514655313100381,-0.9057391494820898,5.287928426825997,5.31107969229824,-1.044526150145752,-1.02791808724267,-0.8469416346504144,-0.9492662411107133,-1.0758986012903855,-1.274471451198176,-1.3143366084028136,-1.3328622128639003,-1.431163391598185,4.868743470715557,-1.5171427673236815,4.695587356063446,-1.6720178852119196,4.562358583686391,4.163025511531808,-2.575132024042923,3.3749944989515126,-3.4332524979165218,2.483212583450614,2.0350028851269224,1.86209495828894,1.856399616519261,1.7844805981380871,1.5633907334156572,1.282253101519972,7.2718057654755786,0.7143081033583336,0.6450392823916595,6.945907140848452,0.7294654531279168,0.6134887264054566,0.4262255384095327,0.49608489908473097,0.5031732120438392,0.5591953120892257,0.7122062288011068,0.7655426683845257,6.940947752376576,0.4046902449498717,6.569543693809869,6.504785855568887,6.397030874163462,6.147048446137699,5.984772699318106,5.865060770483782,5.930523396327953,6.198421827545138,6.354199007867374,6.31587713092392,6.303149062874141,6.1488356398744894,5.950140177658753,5.862046482978157,5.726212909155766,5.351434324887379,4.98636350118614,4.347062715747133,4.150556429405522,3.819091858742134,3.4673591341192953,3.156442438209384,2.8213861030809744,2.7885311668600945,2.779031445718188,2.7037670857997638,2.3850984318744453,2.1386281809348,2.008847313046895,1.9475789200770304,1.7359272630130609,1.4651284412519203,7.555572753267171,7.277281778997685,6.980521945522267,6.5218277588045686,6.180680499297044,-0.3889333095852567,5.673224174826542,5.683351685051658,-0.6299754561941338,5.589101046195323,5.531217271747458
3.860999999999686,0.29248095803550683,-0.24857338266987933,5.520056786844327,5.437164053375522,5.383387000092094,5.236876322213226,4.85392743666988,4.515238619687049,4.218357444719312,9.938264157852794,2.9429219085959546,2.3161304693562963,1.5691412182435172,0.897136127739686,0.29016317730400265,-0.3941779485974535,5.512240299271436,-0.908708460755283,5.284427730379099,5.307080764185723,-1.0489827313751383,-1.0327805565994586,-0.8521577697648052,-0.9547681873034709,-1.0816197338567137,-1.2803449316339077,-1.320292233181141,-1.3388352009506073,-1.4370929157098469,4.862912456075546,-1.522825528427788,4.690094618964986,-1.6772853161404435,4.557343805053714,4.158307444340248,-2.5795302667363758,3.3709080665107365,-3.4369959194330693,2.479784194947934,2.0318941848995133,1.8592703602527252,1.853845824227984,1.7821894911242155,1.5613603355692345,1.280481527925428,7.2702907810254915,0.7130483690574019,0.644029376838856,6.94515341840013,0.7289785272987911,0.613282563988581,0.42631785378420173,0.49648622129646364,0.5038972992197893,0.5602553146746319,0.713615096148407,0.7673016871123541,6.943057553940856,0.4071521773771848,6.5723330473275725,6.507877237607602,6.400393722560753,6.150649774404772,5.988562051527636,5.868985822052254,5.934528776880471,6.20245168669792,6.358195375509078,6.319785418812395,6.3069180006345,6.152417029453976,5.953492686974995,5.865142802072256,5.729029710191726,5.353940513758901,4.988558251199381,4.348904972432355,4.152129070432236,3.820412711709305,3.468461584590455,3.1573696292745224,2.8221805432851976,2.789243220484296,2.7797040036756755,2.7044412915817535,2.385814510735714,2.139420237463434,2.00974306048244,1.9486018652464718,1.7370996546425845,1.4664672692170595,7.557084841827826,7.278976628357483,6.982402698343283,6.523905420528116,6.1829407057793615,-0.38650173804559423,5.675813068707054,5.686079625273249,-0.6271268231664701,5.592047624454698,5.534233804207116
3.8709999999996847,0.29190099637660194,-0.24688805057930624,5.523104886552524,5.440209175156006,5.386384914392534,5.239777007168762,4.85666715335335,4.517760390899152,4.220603801728691,9.940131006461796,2.9442917169596514,2.3169725700387107,1.569339600441173,0.8966840944015049,0.2890587437542232,-0.39599446931798993,5.50982630579472,-0.9116752351269563,5.280931021739955,5.303087169892808,-1.053432831936449,-1.037635603971176,-0.8573657587416632,-0.9602615683363382,-1.0873321468005241,-1.286209793738261,-1.326239565469721,-1.3448004204074433,-1.4430153582377885,4.857087722236735,-1.5285028907375653,4.684606368221555,-1.6825491706297133,4.552331734189499,4.153591179554024,-2.5839275484025968,3.3668219237063743,-3.4407396773281484,2.4763550527991316,2.028784435419862,1.8564446064033233,1.851290910838822,1.7798974110917078,1.5593292129417655,1.2787095673017415,7.268775812622488,0.711789086687617,0.6430203560315074,6.944400982273961,0.7284932227517336,0.6130782400691672,0.4264120825391386,0.4968893949281649,0.5046229966262806,0.5613165133512799,0.7150245802767888,0.76906058337322,6.9451663446259335,0.4096120786544437,6.575119354215282,6.510964579837515,6.403751592864951,6.154245267390584,5.992344891087581,5.8729038833385125,5.938526913461706,6.206474283535722,6.362184708326708,6.323687134300798,6.310681050599002,6.155993417960181,5.956841249316717,5.86823633630716,5.731844962317035,5.356446465225225,4.990754036176854,4.350749591893404,4.153705085200949,3.821737798160669,3.469568924654,3.1583021347008877,2.822980493783471,2.7899607607545147,2.78038183052925,2.7051203831200685,2.3865349388456947,2.1402160310393117,2.0106419052527826,1.9496272698550932,1.7382738790553511,1.467807342534853,7.55859766187965,7.280671742272938,6.984283294378968,6.525982498022257,6.185199927817217,-0.3840715685343046,5.6784001028063225,5.6888052003613545,-0.6242811316373156,5.594990618903691,5.537246063546811
3.8809999999996836,0.2913181406175068,-0.24518451929343174,5.52614800820526,5.4432486327302145,5.389376541396152,5.242670883163254,4.859399659777963,4.5202747567600365,4.222842791774239,9.941990760149677,2.9456549625461124,2.3178089145115335,1.5695332728752949,0.8962286098930962,0.28795227180515826,-0.39781149802373705,5.5074133308892925,-0.9146394820510879,5.277438284235882,5.299098886254157,-1.057876480039344,-1.0424832611807044,-0.8625656354734068,-0.9657464182285788,-1.0930358726318805,-1.2920660670345137,-1.3321786306850525,-1.350757891714007,-1.448930734228103,4.851269259646341,-1.5341748584653248,4.679122604454557,-1.6878094438726596,4.547322379297724,4.148876728534031,-2.5883238552030154,3.3627360858918447,-3.4444837550827443,2.472925173905451,2.0256736534947484,1.8536177129092615,1.8487348913991482,1.7776043714123135,1.5572973765367792,1.2769372275503776,7.2672608643913215,0.710530256076677,0.6420122153737662,6.943649823383067,0.7280095260971772,0.6128757374025519,0.426508204379471,0.49729439780070267,0.5053502815237613,0.5623788862302855,0.7164346615456743,0.7708193411485706,6.947274113349221,0.4120699438326856,6.577902615846806,6.514047889988102,6.407104498971372,6.157834944798909,5.996121242424468,5.876814982304654,5.942517836243016,6.21048964909115,6.36616703675723,6.327582305851381,6.314438237942472,6.159564826124819,5.960185879998514,5.871327094856046,5.734658668137981,5.358952175096504,4.992950845384216,4.35259655701941,4.155284451685163,3.8230670923562307,3.4706811263507267,3.159239925963683,2.823785927168795,2.7906837628125505,2.781064905247379,2.7058043441546973,2.3872597055032334,2.1410155564176105,2.0115438469513296,1.9506551373867909,1.7394499425054741,1.469148668829058,7.560111220894664,7.2823671267189605,6.986163737027524,6.528058991303032,6.187458162068804,-0.38164280727310035,5.680985268946836,5.691528401399228,-0.6214383898221605,5.597930023531887,5.540254047357788
3.8909999999996825,0.29073245289943456,-0.2434626831707388,5.529186154241775,5.446282434040087,5.39236189487587,5.245557969696415,4.8621249808268034,4.522781746333338,4.225074446587466,9.943843451841218,2.9470116776481885,2.318639532532213,1.5697222610103145,0.8957696940415372,0.2868437746400327,-0.39962902893271873,5.5050013727873495,-0.9176012109139493,5.273949501312546,5.295115890267282,-1.0623137036988082,-1.0473235598369077,-0.8677574336330391,-0.9712227707905114,-1.0987309436759354,-1.2979137808966483,-1.3381094541374325,-1.3567076352905303,-1.454839058714125,4.84545705872311,-1.5398414358856298,4.673643328200084,-1.6930661311594377,4.542315748483888,4.144164102547793,-2.592719173381837,3.3586505683501806,-3.448228136238012,2.469494575113255,2.0225618558754013,1.8507896958780672,1.8461777808870012,1.7753103853803547,1.5552648372760973,1.2751645164940075,7.265745940390448,0.7092718770087073,0.6410049502565464,6.942899932664242,0.727527424009618,0.6126750388489833,0.4266061991517886,0.4977012079027042,0.506079131355043,0.5634424116063942,0.7178453204861063,0.7725779445667692,6.949380849138572,0.4145257680266519,6.580682833612575,6.517127175759609,6.41045245470307,6.16141882622189,5.999891129822954,5.880719146749361,5.9465015752195,6.214497814215549,6.370142391059372,6.331470961758613,6.3181895876897975,6.1631312745542015,5.963526594240593,5.874415086835251,5.73747083024617,5.361457639213044,4.9951486681631465,4.354445850821541,4.15686714801878,3.824400568745904,3.471798161928408,3.1601829747468395,2.8245968162278157,2.791412201963456,2.781753206917403,2.7064931584895557,2.3879888000071454,2.1418188082914877,2.0124488850561404,1.9516854711699057,1.7406278510672912,1.470491255539453,7.561625526177706,7.284062787539914,6.988044029609002,6.530134900374782,6.189715405245379,-0.3792154603728169,5.6835685591066545,5.6942492196528285,-0.6185986057458768,5.600865832507334,5.543257753378936
3.9009999999996814,0.2901439954424533,-0.24172243598587637,5.532219327201476,5.449310587071251,5.395340988586774,5.248438286188711,4.864843141245541,4.525281388499524,4.2272987976861,9.945689114231918,2.9483618943313097,2.3194644536483384,1.5699065901319897,0.8953073665357034,0.28573326535086774,-0.40144705630301336,5.502590429734063,-0.9205604310346946,5.270464656532965,5.291138159091154,-1.0667445307368115,-1.0521565313364634,-0.8729411866760048,-0.9766906596252325,-1.1044173920743583,-1.3037529645503505,-1.3440320610314311,-1.3626496714977956,-1.4607403467158042,4.839651109858378,-1.545502627333953,4.668168539910363,-1.698319227876103,4.537311849756055,4.139453312770077,-2.5971134892659253,3.354565386293712,-3.451972804395917,2.4660632732132775,2.0194490592568646,1.8479605713559,1.8436195942111024,1.7730154662131692,1.5532316060006799,1.2733914418776475,7.264231044613272,0.7080139492254249,0.6399985560584113,6.9421513010784075,0.7270469032275569,0.61247612737301,0.4267060468430233,0.49810980338906824,0.5068095237436037,0.5645070679562537,0.7192565377991642,0.7743363779017974,6.951486541131387,0.41697954641437995,6.583460008919661,6.52020244482346,6.413795473811532,6.164996931140943,6.003654577426837,5.884616404308959,5.95047816021102,6.218498809580004,6.374110801314581,6.335353130150114,6.321935124716857,6.166692783730113,5.966863407169558,5.877500321304909,5.740281451218928,5.363962853445406,4.9973474939310565,4.356297456432263,4.158453152494917,3.825738201967903,3.4729200038398593,3.161131252940938,2.825413133938784,2.7921460536737555,2.7824467147442133,2.707186809991796,2.3887222116563125,2.142625781292972,2.0133570189315217,1.9527182743793745,1.7418076106378624,1.4718351099244078,7.563140584868795,7.285758730451475,6.989924175366443,6.5322102252303695,6.191971654110582,-0.37678953383489033,5.686149965417325,5.696967646568369,-0.6157617872452649,5.603798040174161,5.546257179494822
3.9109999999996803,0.28955283054593667,-0.23996367094348436,5.535247529722572,5.4523330998523445,5.398313836266186,5.251311851982131,4.867554165643814,4.527773711957693,4.229515876376125,9.947527779790066,2.9497056444354275,2.3202837071993256,1.5700862853487536,0.8948416469272499,0.2846207569390897,-0.40326557443251443,5.500180499987416,-0.9235171516659508,5.266983733576499,5.287165670044827,-1.0711689887839566,-1.056982206865673,-0.8781169278420278,-0.9821501181303188,-1.1100952497867531,-1.3095836470739988,-1.349946476466364,-1.3685840206370545,-1.4666346132390984,4.833851403417111,-1.5511584372053564,4.662698239955163,-1.7035687295033004,4.532310691025886,4.134744370283485,-2.601506789264688,3.350480554863771,-3.455717743219854,2.4626312849399072,2.016335280277375,1.8451303553271994,1.841060346210873,1.770719627051553,1.55119769347146,1.2716180113697766,7.262716180989378,0.7067564724272779,0.6389930281464412,6.941403919611059,0.7265679505534367,0.6122789860428755,0.42680772757934515,0.4985201625794963,0.5075414364919122,0.5655728339367107,0.7206682943543983,0.7760946255719727,6.953591178573724,0.4194312742367937,6.586234143191815,6.523273704822638,6.417133569977347,6.168569278927646,6.007411609240056,5.888506782458446,5.95444762086324,6.222492665676337,6.378072297428,6.339228838987607,6.325674873751409,6.1702493740106625,5.970196333819191,5.880582807269563,5.7430905336196885,5.366467813694493,4.999547312180801,4.3581513571046075,4.160042443564711,3.827079966847149,3.4740466247410406,3.1620847326411483,2.8262348534695465,2.79288529356969,2.783145408048952,2.7078852825911266,2.389459929749783,2.1434364699938504,2.014268247829619,1.9537535500388554,1.7429892269394338,1.473180239063422,7.564656403945461,7.2874549610424735,6.991804177467012,6.534284965851389,6.194226905479766,-0.3743650335528147,5.688729480161831,5.699683673769918,-0.6129279419715642,5.606726641050233,5.549252323733747
3.920999999999679,0.2889590205890183,-0.23818628069253533,5.538270764540718,5.455349980454365,5.401280451633708,5.254178686340918,4.87025807849657,4.53025874522736,4.231725713753808,9.949359480758808,2.951042959576943,2.321097322318098,1.5702613715930545,0.8943725546315935,0.28350626231613824,-0.40508457765869216,5.497771581818043,-0.926471381994404,5.263506716237859,5.283198400606081,-1.0755871052811148,-1.061800617402257,-0.8832846901569281,-0.9876011794995099,-1.1157645485920544,-1.3154058573996388,-1.3558527254367603,-1.3745107029499526,-1.4725218732753729,4.828057929738911,-1.5568088699531968,4.657232428623174,-1.7088146316149824,4.5273122801096495,4.1300372860790695,-2.605899059869951,3.3463960891304,-3.459462936435241,2.4591986269704824,2.013220535517768,1.842299063714347,1.8385000516564647,1.768422880960193,1.5491631103701609,1.269844232563436,7.2612013533857445,0.7054994462745605,0.6379883618770819,6.9406577792727076,0.7260905528535762,0.6120835980299204,0.4269112216250718,0.4989322639570447,0.5082748475797765,0.566639688383128,0.7220805711882817,0.7778526721386735,6.955694750819414,0.42188094679729177,6.589005237869469,6.526340963372072,6.420466756810892,6.172135888844625,6.011162249127689,5.892390308512531,5.95840998664864,6.226479412818107,6.382026909129431,6.343098116067847,6.32940885937401,6.173801065631147,5.97352538913122,5.883662553678778,5.745898079998369,5.3689725158916275,5.001748112480395,4.360007536211424,4.161634999836153,3.8284258383936924,3.4751779974891726,3.1630433861452025,2.8270619481755586,2.793629897435484,2.783849266267733,2.708588560279152,2.390201943586873,2.1442508689065507,2.0151825708919757,1.9547913010228246,1.7441727055218685,1.4745266498596268,7.566172990225033,7.289151484776704,6.993684039003103,6.536359122208374,6.196481156219333,-0.3719419653135789,5.69130709577254,5.702397293057005,-0.6100970773929332,5.609651629824838,5.552243184265809
3.930999999999678,0.28836262803104895,-0.23639015734120786,5.541289034487679,5.458361236989995,5.404240848391279,5.2570388084522985,4.872954904145403,4.532736516650213,4.233928340707686,9.951184249158194,2.9523738711506176,2.3219053279327455,1.5704318736226928,0.8939001089288885,0.2823897943040707,-0.40690406035835597,5.495363673509077,-0.9294231311413813,5.260033588426129,5.279236328410062,-1.079998907481044,-1.0666117937171316,-0.8884445064344215,-0.9930438767243722,-1.1214253200899065,-1.3212196243139491,-1.3617508328328258,-1.3804297386184563,-1.4784021418008169,4.822270679139022,-1.5624539300878544,4.651771106123382,-1.7140569298771442,4.522316624729219,4.125332071056916,-2.610290287655832,3.342312004092086,-3.4632083678300924,2.4557653159246198,2.010104841500902,1.839466712377343,1.8359387252487902,1.7661252409280987,1.5471278673001043,1.2680701129773042,7.25968656560791,0.7042428703885079,0.6369845525969751,6.939912871099311,0.7256146970581048,0.6118899466079903,0.42701650938159325,0.4993460861666961,0.5090097351627125,0.5677076103077231,0.7234933495026803,0.7796105023050809,6.957797247329183,0.4243285594613349,6.591773294409764,6.5294042280590014,6.4237950478529715,6.175696780046427,6.014906520816931,5.896267009626657,5.9623652868675485,6.230459081141607,6.385974665974303,6.346960989023569,6.333137106018914,6.177347878704899,5.976850587956082,5.886739569427746,5.748704092891742,5.371476955998627,5.003949884472699,4.361865977244644,4.163230800072903,3.8297757918011457,3.47631409514087,3.1640071859513803,2.8278943915979253,2.794379841211642,2.784558268950381,2.7092966271087215,2.3909482424672794,2.1450689724850047,2.0160999871510787,1.9558315300586468,1.7453580517650462,1.475874349042251,7.5676903503668935,7.2908483069947065,6.995563762993443,6.53843269426101,6.198734403246078,-0.3695203347990849,5.693882804829226,5.705108496402272,-0.6072692007968946,5.6125730013563855,5.555229759401007
3.940999999999677,0.2877637154120542,-0.23457519247230812,5.544302342490007,5.461366877612954,5.407195040223223,5.259892237427199,4.875644666799857,4.535207054391851,4.2361237879205405,9.9530021167872,2.9536984103314703,2.322707752768182,1.5705978160221452,0.8934243289649986,0.28127136563616645,-0.40872401694741667,5.492956773355989,-0.9323724081634291,5.256564334163779,5.275279431247939,-1.084404422449994,-1.0714157663761694,-0.8935964092778987,-0.9984782425959442,-1.1270775957020291,-1.327024976459193,-1.3676408234409014,-1.3863411477647827,-1.4842754337758688,4.816489641909304,-1.5680936221754838,4.646314272586393,-1.7192956200465825,4.517323732513055,4.12062873602674,-2.614680459278599,3.3382283146755087,-3.466954021255574,2.4523313683635646,2.0069882146911056,1.8366333171134972,1.8333763816195607,1.7638267198690307,1.5450919747870013,1.2662956600567543,7.258171821401149,0.7029867443523645,0.6359815956437703,6.939169186152673,0.7251403701608908,0.6116980151528505,0.42712357138631013,0.4997616080139504,0.5097460775703355,0.5687765788979272,0.7249066106633392,0.781368100914929,6.959898657669786,0.4267741076560322,6.594538314286534,6.532463506443344,6.42711845657547,6.1792519715803715,6.018644447898078,5.9001369127980245,5.96631355064916,6.23443170060686,6.389915597344642,6.350817485324423,6.3368596379749755,6.1808898332241355,5.980171945053673,5.88981386335787,5.751508574823788,5.373981130007865,5.006152617875115,4.363726663814539,4.16482982319313,3.831129802445126,3.477454890950298,3.1649761047565317,2.82873215746147,2.7951351009932663,2.785272395759197,2.7100094671932884,2.391698815691182,2.145890775125516,2.0170204955318907,1.9568742397286203,1.74654527088123,1.477223343169057,7.569208490874723,7.292545432915534,6.997443352384166,6.540505681958333,6.200986643526551,-0.3671001475875441,5.696456600057076,5.707817275949169,-0.6044443192927489,5.615490750670164,5.558212047587368
3.950999999999676,0.28716234535319124,-0.23274127715925305,5.5473106915677235,5.464366910517347,5.410143040796282,5.262738992300949,4.878327390538725,4.537670386443488,4.238312085871348,9.954813115225738,2.9550166080766553,2.323504625347786,1.5707592232038872,0.8929452337524657,0.2801509889575283,-0.4105444418806504,5.490550879666431,-0.935319222052889,5.253098937585692,5.2713276870655665,-1.088803677069299,-1.0762125657419408,-0.8987404310821869,-1.0039043097063631,-1.1327214066735665,-1.3328219423341616,-1.3735227219439172,-1.3922449504513355,-1.4901417641446555,4.8107148083191955,-1.5737279508367878,4.640861928065759,-1.7245306979696735,4.5123336109971754,4.115927291708464,-2.619069561476535,3.334145035735295,-3.47069988062653,2.448896800789559,2.0038706714936376,1.8337988936571303,1.830813035331329,1.7615273306219212,1.543055443279733,1.2645208811748923,7.256657124451595,0.7017310677124337,0.6349794863469183,6.938426715520855,0.7246675592194685,0.6115077871416061,0.4272323883115861,0.5001788084634334,0.5104838533047726,0.5698465735147653,0.7263203361983872,0.7831254529512698,6.961998971513134,0.42921758686972433,6.597300298990315,6.535518806058038,6.430436996381989,6.182801482387419,6.022376053825494,5.904000044866614,5.970254806952545,6.23839730099862,6.393849732450045,6.354667632277909,6.3405764793865345,6.1844269490607955,5.983489475094094,5.892885444257347,5.754311528306036,5.376485033942321,5.008356302479275,4.365589579648981,4.1664320482683515,3.832487845881718,3.4786003583673426,3.165950115454111,2.829575219672827,2.795895653028403,2.7859916264677342,2.7107270647062895,2.392453652559356,2.146716271167606,2.017944094853355,1.9579194324719948,1.7477343679173993,1.478573638628742,7.570727418098685,7.294242867638481,6.999322810049883,6.542578085238933,6.203237874076415,-0.3646814091548566,5.699028474324751,5.710523624009652,-0.6016224398139567,5.618404872956094,5.561190047409084
3.960999999999675,0.2865585805572051,-0.23088830198262975,5.55031408483303,5.467361343937011,5.413084863759658,5.265579092033968,4.881003099311318,4.540126540623657,4.240493264837208,9.956617275836631,2.956328495127326,2.32429597399503,1.5709161194097045,0.8924628421714735,0.279028676825682,-0.41236532965146333,5.488145990760084,-0.9382635817384679,5.249637382938204,5.2673810739621665,-1.093196698036955,-1.0810022219754423,-0.9038766040352921,-1.0093221104504728,-1.1383567840744182,-1.3386105502951053,-1.379396552921843,-1.398141166680643,-1.496001147834441,4.80494616861665,-1.579356920745816,4.635414072539258,-1.7297621595811696,4.507346267626108,4.111227748732799,-2.6234575810697867,3.3300621820537963,-3.474445929921996,2.4454616296452376,2.0007522282541728,1.8309634576792928,1.8282487008775365,1.759227085951294,1.541018283151116,1.262745783633573,7.255142478387364,0.7004758399791026,0.6339782200284466,6.937685450318566,0.7241962513549625,0.6113192461521286,0.42734294096371317,0.5005976666375259,0.511223041039095,0.5709175736912543,0.7277345077968582,0.784882543535248,6.96409817863544,0.4316589926515688,6.600059250028329,6.5385701344093885,6.433750680608467,6.186345331302997,6.026101361918572,5.907856432516188,5.974189084567677,6.242355911927358,6.397777100328635,6.3585114570303185,6.344287654254329,6.187959245967372,5.9868031926583924,5.895954320861737,5.757112955837913,5.378988663855631,5.010560928150725,4.367454708592703,4.1680374545222705,3.8338498978459423,3.479750471035806,3.166929191132243,2.830423552318558,2.796661473716405,2.7867159409596036,2.711449403880529,2.3932127423732887,2.147545454894867,2.018870783829891,1.9589671105869646,1.7489253477575577,1.4799252416433062,7.572247138237602,7.295940616144803,7.001202138794731,6.544649904031149,6.205488091959826,-0.3622641248759694,5.70159842064246,5.713227533061939,-0.5988035691204892,5.621315363566539,5.5641637575846765
3.9709999999996737,0.285952483808881,-0.22901615704734615,5.55331252548902,5.470350186144882,5.416020522745046,5.268412555512444,4.883671816938717,4.542575544579869,4.2426673548952465,9.958414629767585,2.957634102010484,2.3250818268351017,1.5710685287120003,0.8919771729708078,0.2779044417111734,-0.4141866747916566,5.485742104968498,-0.9412054960858075,5.246179654578134,5.263439570189014,-1.0975835118691837,-1.0857847650378043,-0.9090049601201232,-1.0147316770274146,-1.1439837588005577,-1.3443908285566526,-1.3852623408521358,-1.404029816395301,-1.5018535997550897,4.799183713029065,-1.5849805366287801,4.62997070591017,-1.734990000903021,4.502361709753836,4.106530117641823,-2.627844504960213,3.3259797683408765,-3.478192153185688,2.442025871313043,1.9976329012583045,1.8281270247874948,1.825683392682566,1.7569259985476786,1.53898050469866,1.2609703746644014,7.253627886779636,0.6992210606278483,0.6329777920037191,6.936945381687543,0.7237264337520095,0.6111323758624877,0.4274552102818906,0.5010181618150094,0.5119636196157716,0.5719895591308246,0.7291491073072276,0.7866393579248883,6.966196268916359,0.4340983206111219,6.6028151689244785,6.5416174989773985,6.437059522523798,6.189883537057836,6.029820395362688,5.911706102275302,5.978116412116438,6.246307562830272,6.401697729848037,6.362348986567667,6.347993186436376,6.191486743577748,5.990113112239289,5.899020501854533,5.759912859907065,5.3814920158321184,5.012766484828603,4.36932203460655,4.169646021329642,3.8352159342502423,3.480905202791619,3.167913305071806,2.831277129663294,2.7974325396063255,2.7874453192272908,2.7121764690075794,2.3939760744352947,2.148378320535793,2.0198005610728678,1.9600172762326338,1.7501182151250054,1.4812781582703882,7.573767657341089,7.2976386832993985,7.003081341353409,6.546721138253271,6.207737294288808,-0.3598483000262179,5.704166432160069,5.715928995748282,-0.5959877138011475,5.6242222180141255,5.567133176965189
3.9809999999996726,0.28534411797549086,-0.22712473200039132,5.556306016828415,5.4733334454523535,5.41895003136665,5.271239401548995,4.886333567115015,4.545017425790264,4.244834385924503,9.960205207953123,2.9589334590408125,2.3258622117965113,1.5712164750150917,0.8914882447688115,0.2767782959981642,-0.416008471871193,5.483339220634947,-0.9441449738980474,5.242725736971845,5.2595031541481365,-1.1019641449019837,-1.0905602246919852,-0.9141255311161989,-1.0201330414422005,-1.149602361575333,-1.3501628051927226,-1.3911201101101809,-1.409910919477918,-1.5076991347985365,4.793427431764192,-1.590598803262897,4.62453182800852,-1.7402142180432094,4.497379944644718,4.101834408889546,-2.6322303201312267,3.3218978092337106,-3.4819385345264746,2.43858954211466,1.994512706731066,1.8252896105254472,1.8231171251017992,1.754624081028022,1.5369421181453051,1.2591946614297136,7.252113353143733,0.6979667291002215,0.6319781975821774,6.936206500796925,0.7232580936586779,0.6109471600503894,0.42756917733721667,0.50144027342973,0.5127055680451429,0.5730625097057582,0.7305641167359677,0.7883958815138948,6.9682932323381435,0.43653556641792157,6.605568057219317,6.544660907216094,6.4403635353304365,6.193416118278797,6.033533177210148,5.915549080518305,5.982036818053628,6.250252282972263,6.405611649706343,6.366180247716626,6.351693099648857,6.195009461408017,5.993419248241901,5.902083995867705,5.762711242989677,5.383995085986831,5.014972962525307,4.371191541766746,4.171257728215114,3.83658593118298,3.4820645276610667,3.168902430744542,2.8321359261479033,2.798208827395329,2.788179741370994,2.712908244437191,2.394743638048631,2.1492148622646132,2.020733425092061,1.9610699314309612,1.7513129745845835,1.4826323944055704,7.575288981311666,7.299337073852477,7.0049604203922,6.548791787813724,6.209985478222654,-0.35743393978264704,5.706732502165228,5.718628004872769,-0.5931748802758526,5.627125431969591,5.570098304532393
3.9909999999996715,0.28473354600723566,-0.2252139160492184,5.559294562232304,5.476311130208641,5.421873403221225,5.27405964888333,4.888988373408534,4.547452211565239,4.246994387607784,9.961989041116523,2.9602265963224874,2.3266371566126858,1.5713599820565027,0.8909960760543364,0.27565025198502463,-0.4178307154979637,5.480937336114267,-0.9470820239163855,5.2392756146942885,5.255571804391016,-1.106338623292665,-1.0953286305044478,-0.9192383486013351,-1.0255262355072678,-1.1552126229507549,-1.3559265081374243,-1.3969698849697327,-1.4157844957510666,-1.513537767838273,4.787677315011014,-1.5962117254752466,4.619097438592308,-1.745434807194606,4.49240097947441,4.097140632842479,-2.6366150136476323,3.3178163192966017,-3.485685058118829,2.435152658310473,1.9913916608364688,1.8224512303728186,1.8205499124216795,1.7523213459360947,1.534903133640158,1.2574186510235372,7.250598880940162,0.6967128448048099,0.6309794320680662,6.935468798843612,0.7227912183863837,0.6107635825926185,0.42768482333169305,0.5018639810692807,0.5134488655039134,0.5741364054556464,0.7319795182461171,0.7901520998304611,6.9703890589847965,0.4389707258010681,6.608317916470022,6.547700366553838,6.443662732164984,6.196943093489679,6.037239730381128,5.91938539346634,5.985950330667971,6.254190101446935,6.409518888433077,6.370005267145459,6.355387417467008,6.198527418857299,5.9967216149844536,5.90514481148225,5.765508107550784,5.38649787046555,5.017180351326165,4.373063214264152,4.172872554852101,3.837959864906943,3.483228419859037,3.169896541811186,2.8329999163876822,2.79899031392713,2.788919187597484,2.713644714576715,2.395515422517621,2.1500550742021094,2.0216693742970895,1.9621250780686756,1.7525096305448868,1.4839879557846518,7.576811115906836,7.301035792441202,7.006839378509976,6.550861852611267,6.212232640967312,-0.35502104922531497,5.709296624081528,5.721324553399163,-0.5903650747979045,5.630025001259676,5.573059139397019
4.000999999999671,0.2841208309376778,-0.22328359798076486,5.5622781651689,5.479283248800158,5.424790651888081,5.27687331618288,4.891636259263027,4.549879929049051,4.249147389433515,9.963766159771712,2.9615135437509843,2.3274066888235567,1.571499073408245,0.8905006851876889,0.27452032188492415,-0.4196534003175559,5.478536449772712,-0.9500166548206346,5.235829272428071,5.251645499617315,-1.1107069730213728,-1.10009001184682,-0.9243434439533188,-1.0309112908440183,-1.1608145733087716,-1.3616819651859462,-1.4028116896033478,-1.4216505649772355,-1.5193695137288437,4.7819333529406265,-1.6018193081416552,4.613667537348708,-1.7506517646338466,4.48742482133076,4.092448799780197,-2.6409985726554583,3.3137353130208065,-3.4894317082032607,2.4317152360990435,1.9882697796770596,1.8196118997450006,1.817981768859778,1.7500178057428954,1.532863561259207,1.2556423504725382,7.249084473575643,0.6954594071181812,0.6299814907611417,6.9347322670526115,0.7223257953098057,0.6105816274644883,0.4278021295972416,0.5022892644736988,0.5141934913336648,0.5752112265858679,0.7333952941558671,0.7919079985360916,6.972483739041236,0.44140379454880546,6.611064748250375,6.550735884393643,6.446957126098788,6.200464481112028,6.0409400776645965,5.923215067188326,5.989856978083119,6.258121047177586,6.413419474390157,6.3738240713649486,6.359076163326,6.20204063520856,6.000020226698994,5.908202957228725,5.768303456044569,5.389000365444818,5.019388641389101,4.374937036403527,4.174490481061651,3.8393377118578704,3.484396853787291,3.1708956121196192,2.8338690751705697,2.7997769761904507,2.7896636382189754,2.7143858638905387,2.396291417147776,2.1508989504164324,2.0226084069988435,1.9631827178991705,1.7537081872604503,1.4853448479858913,7.578334066741136,7.302734843591298,7.008718218239191,6.552931332535168,6.214478779774803,-0.3526096333385798,5.7118587914666845,5.724018634448767,-0.5875583034562106,5.632920921865021,5.576015680797009
4.010999999999674,0.2835060358841661,-0.22133366618113043,5.56525682919232,5.482249809649892,5.427701790929104,5.279680422043442,4.8942772479988585,4.55230060522141,4.251293420697557,9.965536594225163,2.962794331014864,2.328170835777135,1.5716337724780967,0.8900020904015729,0.27338851782642015,-0.42147652101302213,5.476136559987803,-0.9529488752297745,5.232386694962522,5.2477242186736035,-1.1150692198925967,-1.1048443978975389,-0.9294408483515583,-1.0362882388843389,-1.1664082428625226,-1.3674292039954379,-1.4086455480828202,-1.4275091468587882,-1.5251943873053482,4.776195535707093,-1.607421556185596,4.60824212389525,-1.7558650867202252,4.482451477214701,4.087758919895887,-2.645380984381784,3.3096548048243783,-3.493178469086731,2.428277291616609,1.985147079293494,1.8167716339928883,1.8154127085648655,1.7477134728470498,1.530823411006031,1.2538657667369486,7.247570134404125,0.6942064153858082,0.6289843689573651,6.9339968966773835,0.7218618118667951,0.610401278739293,0.42792107759473297,0.5027161035341828,0.5149394250393861,0.5762869534660826,0.7348114269371644,0.7936635634244341,6.974577262792455,0.4438347685081024,6.61380855415072,6.553767468113462,6.4502467301385,6.203980299465922,6.044634241719242,5.9270381276019455,5.993756788258648,6.262045148918193,6.417313435772861,6.377636686729326,6.362759360521818,6.205549129629414,6.003315097532084,5.911258441587774,5.771097290914653,5.3915025671319325,5.021597822944294,4.376812992602783,4.176111486811324,3.840719448642983,3.485569804032741,3.171899615703042,2.834743377455381,2.800568791317501,2.790413073652024,2.715131676899528,2.397071611245919,2.1517464849239065,2.023550521410886,1.9642428525443725,1.7549086488339039,1.486703076432219,7.5798578392881595,7.30443423171866,7.010596942046866,6.555000227465403,6.216723891942634,-0.3501996970123664,5.714418998010744,5.726710241298312,-0.5847545721774883,5.635813189918106,5.578967928095792
4.0209999999996775,0.2828892240482474,-0.2193640086559243,5.568230557941362,5.485210821216783,5.430606833888773,5.282480984989786,4.896911362814176,4.554714266899037,4.253432510505,9.967300374577755,2.964068987597541,2.3289296246310696,1.5717641025108682,0.8895003098020269,0.2722548518540437,-0.4233000723046498,5.473737665148178,-0.9558786937025014,5.228947867192768,5.243807940552099,-1.1194253895366666,-1.1095918176434805,-0.9345305927787225,-1.0416571108721069,-1.1719936616575868,-1.373168252085882,-1.4144714843796082,-1.433360261037923,-1.5310124033829606,4.77046385344828,-1.613018474577112,4.602821197780984,-1.7610747698946034,4.477480954041126,4.083071003296907,-2.6497622361345594,3.305574809052013,-3.4969253251430508,2.4248388409365957,1.9820235756641273,1.8139304484026697,1.8128427456169878,1.7454083595752068,1.5287826928124961,1.2520889067114778,7.246055866727768,0.6929538689229721,0.6279880619495783,6.9332626790001655,0.7213992555582862,0.6102225205877677,0.4280416489130275,0.5031444782918231,0.5156866462880254,0.5773635666287475,0.7362278992143273,0.7954187804201251,6.976669620622713,0.44626364358423243,6.616549335777914,6.556795125066486,6.453531557226665,6.2074905667707645,6.048322245074397,5.9308546004746265,5.997649788991058,6.2659624352544,6.42120080061079,6.381443139437198,6.366437032212137,6.209052921172927,6.006606241545497,5.914311272990649,5.773889614594395,5.394004471764958,5.02380788629383,4.378691067392256,4.177735552214074,3.8421050520395337,3.486747245365755,3.172908526778172,2.835622798370075,2.801365736582481,2.791167474416431,2.715882138180486,2.3978559941203117,2.152597671689828,2.0244957156508456,1.965305483496587,1.7561110192181006,1.4880626463934183,7.581382438882556,7.306133961130922,7.012475552335544,6.557068537272823,6.218967974813219,-0.3477912450434182,5.716977237534309,5.7293993673778765,-0.5819538867284344,5.638701801701205,5.581915880780568
4.030999999999681,0.2822704587160675,-0.2173745130513008,5.571199355138305,5.488166291995113,5.43350579429416,5.285275023476273,4.899538626786065,4.557120940737216,4.255564687771948,9.969057530726618,2.965337542779037,2.3296830823541996,1.5718900865896648,0.8889953613693571,0.2711193359288831,-0.4251240489497308,5.471339763653445,-0.9588061187377719,5.225512774118817,5.239896644389413,-1.123775507411235,-1.114332299881571,-0.9396127080223592,-1.04701793786468,-1.177570859573211,-1.3788991368409544,-1.4202895223652598,-1.4392039270966386,-1.536823576756456,4.764738296286682,-1.6186100683317552,4.597404758487624,-1.76628081067834,4.472513258639749,4.0783850600053375,-2.6541423153024266,3.3014953399749194,-3.5006722608132623,2.421399900069155,1.9788992847046207,1.8110883581956274,1.8102718940275466,1.7431024781824338,1.5267414165394404,1.2503117772262045,7.244541673797909,0.6917017670156489,0.6269925650281674,6.9325296053323,0.7209381139482022,0.6100453372775517,0.4281638252680278,0.5035743689363504,0.516435134907057,0.5784410467676466,0.7376446937626797,0.7971736355776442,6.978760803014696,0.4486904157403549,6.619287094755296,6.559818862581427,6.45681162024226,6.210995301146055,6.0520041101309285,5.934664511424513,6.0015360079147655,6.269872934604502,6.425081596768821,6.385243455532471,6.370109201417187,6.212552028778417,6.009893672716899,5.917361459819719,5.776680429507143,5.396506075612706,5.026018821811356,4.380571245413955,4.179362657527138,3.843494498993363,3.4879291527384737,3.1739223197434585,2.8365073132100296,2.802167789400103,2.7919268211341777,2.716637232365618,2.398644555080782,2.153452504629251,2.0254439877417854,1.9663706121203202,1.7573153022182173,1.4894235629882795,7.582907870721991,7.307834036029008,7.014354051444247,6.559136261819343,6.221211025773309,-0.34538428213653033,5.719533503986796,5.732086006268839,-0.5791562527178707,5.641586753644379,5.584859538460633
4.040999999999684,0.2816498032587559,-0.21536506667569758,5.574163224587717,5.491116230513894,5.436398685654941,5.288062555887446,4.90215906287167,4.559520653231323,4.257689981227275,9.970808092366969,2.966600025637725,2.330431235728095,1.5720117476371376,0.8884872629590647,0.2699819819291651,-0.42694844574233437,5.468942853914032,-0.961731158775344,5.2220814008446474,5.235990309465317,-1.1281195988027455,-1.1190658732203858,-0.944687224676499,-1.0523707507343671,-1.1831398663235289,-1.384621885508879,-1.4260996858118367,-1.4450401645567015,-1.5426279221997488,4.759018854330231,-1.6241963425095478,4.5919928054306665,-1.771483205672236,4.467548397755959,4.073701099958514,-2.658521209354531,3.297416411790689,-3.504419260605996,2.4179604849607164,1.9757742222675667,1.8082453785279529,1.807700167739384,1.740795840852603,1.5246995919773494,1.2485343850474584,7.2430275588160145,0.6904501089213763,0.6259978734817069,6.93179766701454,0.7204783746633588,0.6098697131726574,0.42828758850174253,0.5040057558049004,0.5171848708830685,0.5795193747364413,0.7390617935071985,0.79892811508018,6.980850800548714,0.4511150809970951,6.622021832722626,6.562838687962792,6.460086932001256,6.214494520612163,6.055679859162153,5.938467885921436,6.005415472503089,6.273776675220425,6.428955851948071,6.389037660905275,6.373775891020631,6.216046471272241,6.013177404940535,5.920409010408973,5.779469738066526,5.3990073749747305,5.028230619941733,4.382453511420837,4.180992783150927,3.844887766617468,3.4891155012831474,3.174940969177319,2.8373968974363524,2.8029749273241378,2.7926910945283656,2.717396944142007,2.3994372834388527,2.154310977607776,2.0263953356135653,1.9674382396540775,1.758521501493824,1.490785831186722,7.584434139869093,7.309534460508662,7.0162324416494135,6.5612034009581155,6.223453042253439,-0.34297881290576676,5.722087791444718,5.734770151701854,-0.5763616755988584,5.644468042323478,5.5877989008657085
4.0509999999996875,0.2810273211327964,-0.21333555652229721,5.577122170175283,5.494060645336265,5.439285521463395,5.290843600538627,4.904772693909325,4.561913430718326,4.259808419414366,9.972552088993938,2.9678564650520527,2.3311741113485867,1.5721291084167297,0.8879760323027699,0.2688428016508337,-0.42877325751307793,5.466546934351051,-0.9646538221963135,5.218653732577301,5.232088915201507,-1.1324576888278894,-1.1237925660817298,-0.9497541731432416,-1.0577155801698854,-1.188700711458763,-1.3903365252032707,-1.4319019983923318,-1.45086899287962,-1.548425454465438,4.7533055176730885,-1.6297773022139617,4.586585337960498,-1.7766819515554975,4.462586378051665,4.069019133009579,-2.66289890584033,3.2933380386231867,-3.508166309097825,2.41452061149356,1.9726484041421262,1.8054015244905692,1.8051275806268707,1.7384884596987802,1.5226572288470201,1.24675673687868,7.241513524934615,0.689198893870102,0.6250039825975932,6.931066855417357,0.7200200253933667,0.6096956327329434,0.4284129205813607,0.5044386193807925,0.5179358343603656,0.5805985315472373,0.7404791815211766,0.8006822052385082,6.982939603901882,0.45353763543212494,6.62475355133604,6.5658546084911595,6.4633575052571475,6.217988243091084,6.059349514314722,5.942264749287874,6.009288210069239,6.277673685188712,6.432823593686858,6.392825781292882,6.377437123770422,6.219536267368589,6.016457452027891,5.9234539330445095,5.782257542676697,5.401508366181306,5.030443271200669,4.384337850276071,4.1826259096279355,3.846284832190592,3.490306266310489,3.1759644498364015,2.838291526674205,2.803787128045978,2.793460275422175,2.718161258251103,2.4002341685078723,2.155173084442318,2.027349757104177,1.968508367212142,1.7597296205609303,1.4921494558118917,7.585961251253366,7.311235238561957,7.018110725165826,6.563269954533699,6.225694021727366,-0.34057484187566,5.724640094109977,5.73745179755485,-0.5735701606707856,5.647345664458181,5.590733967844288
4.060999999999691,0.2804030758803762,-0.21128586929222287,5.580076195866634,5.4969995450588875,5.442166315194405,5.293618175676482,4.907379542619657,4.564299299378275,4.261920030692833,9.974289549904327,2.9691068897022537,2.331911735627279,1.5722421915339144,0.8874616870091303,0.2677018068081256,-0.43059847912890115,5.464152003396144,-0.9675741173236478,5.2152297546259945,5.228192441160394,-1.1367898024350485,-1.1285124067022048,-0.9548135836343268,-1.0630524566778028,-1.194253424366416,-1.3960430829039698,-1.4376964836810875,-1.4566904314666178,-1.5542161882843684,4.747598276396418,-1.6353529525909143,4.58118235536348,-1.7818770450847152,4.457627206106115,4.06433916892801,-2.6672753923893975,3.289260234522448,-3.5119133909335867,2.411080295485403,1.9695218460536823,1.802556811108965,1.8025541464959984,1.7361803467636057,1.5206143368002154,1.2449788393612673,7.239999575258213,0.6879481210650162,0.6240108876626612,6.930337161941228,0.7195630538905305,0.6095230805135934,0.42853980359833854,0.5048729402923252,0.5186880056395917,0.5816784983691677,0.741896841024901,0.8024358924898776,6.985027203847329,0.45595807517974407,6.6274822522679875,6.56886663142343,6.466623352701495,6.22147648640719,6.063013097609509,5.946055126699915,6.013154247767298,6.2815639924314945,6.436684849361647,6.396607842280623,6.381092922279669,6.223021435670259,6.019733827708362,5.926496235965034,5.785043845732596,5.404009045593395,5.032656766174372,4.38622424695229,4.184262017641643,3.8476856731558087,3.4915014233080433,3.1769927366538577,2.8391911767111537,2.804604369393221,2.7942343447378475,2.7189301594882194,2.4010351996031507,2.156038818901883,2.028307249961075,1.9695809957863255,1.7609396627940028,1.4935144415422261,7.587489209673076,7.3129363740787845,7.019988904147518,6.565335922382239,6.227933961711527,-0.33817237348239565,5.727190406308195,5.740130937851059,-0.5707817130814297,5.650219616910057,5.593664739362022
4.070999999999694,0.27977713112971986,-0.20921589141849026,5.583025305706203,5.499932938311362,5.445041080305453,5.296386299479602,4.909979631606668,4.566678285235783,4.2640248432402235,9.976020504198422,2.9703513280720384,2.332644134793058,1.5723510194374246,0.8869442445647533,0.26655900903414415,-0.4324241054928393,5.461758059491349,-0.9704920524227124,5.2118094524012255,5.224300867043886,-1.1411159644057236,-1.1332254231347607,-0.9598654861726875,-1.0683814105839615,-1.1997980342724488,-1.4017415854578719,-1.4434831651542084,-1.4625044996586152,-1.560000138365196,4.74189712056915,-1.640923298827785,4.5757838568630085,-1.787068483092857,4.45267088841672,4.059661217400154,-2.6716506567112277,3.2851830134645876,-3.5156604908267046,2.4076395526890098,1.9663945636635123,1.7997112533430404,1.799979879084477,1.7338715140196759,1.5185709254203086,1.2432006990754076,7.238485712844182,0.6866977896833636,0.6230185839637865,6.929608578016922,0.7191074479697451,0.6093520411645982,0.42866821976749564,0.5053086993115854,0.5194413651763689,0.5827592565269951,0.7433147553843444,0.8041891633969095,6.987113591253385,0.45837639643046035,6.630207937207162,6.5718747639930974,6.469884486964444,6.224959268287972,6.066670630942491,5.9498390431882004,6.017013612593197,6.28544762470747,6.440539646188008,6.400383869302806,6.384743309027488,6.226501994669433,6.023006545629912,5.92953592736233,5.78782864962019,5.40650940960262,5.034871095519181,4.388112686530873,4.185901088015434,3.849090267119139,3.4927009479385736,3.178025804737646,2.840095823495536,2.8054266293282795,2.795013283495675,2.7197036327020387,2.4018403660420904,2.1569081747083176,2.0292678118424794,1.9706561262477038,1.762151631427956,1.494880792913493,7.589018019797113,7.3146378708483235,7.021866980688678,6.567401304331632,6.2301728597645045,-0.33577141207497946,5.729738722487058,5.742807566757078,-0.5679963378289904,5.653089896680648,5.596591215500101
4.0809999999996975,0.2791495505953969,-0.2071255090907293,5.585969503816075,5.5028608337556255,5.447909830236612,5.2991479900590575,4.912572983358808,4.569050414161469,4.266122885053688,9.977744980781729,2.9715898084502816,2.3333713348935845,1.5724556144204727,0.8864237223351061,0.26541441988142966,-0.4342501315437986,5.459365101088952,-0.9734076357017978,5.2083928114138915,5.220414172692194,-1.1454361993559516,-1.1379316432502322,-0.9649099105939896,-1.073702472034891,-1.2053345702424452,-1.4074320595797438,-1.449262066189974,-1.4683112167362102,-1.5657773193939664,4.736202040248732,-1.646488346152448,4.5703898416205675,-1.7922562624882818,4.4477174313998615,4.054985288029755,-2.676024686595027,3.281106389351718,-3.5194075935594817,2.404198398791809,1.9632665725684693,1.796864866086961,1.797404792061836,1.7315619733699188,1.5165270042229175,1.2414223225408954,7.236971940703643,0.6854478988772411,0.622027066788475,6.928881095105774,0.7186531955083906,0.6091824994302428,0.42879815142612193,0.5057458773532739,0.5201958935799517,0.5838407874997277,0.744732908109872,0.8059420046465063,6.9891987570828,0.4607925954305717,6.632930607858449,6.574879013410483,6.473140920615243,6.228436606364777,6.07032213608562,5.953616523638882,6.020866331385693,6.28932460961288,6.444388011221568,6.404153887643629,6.388388306359865,6.22997796274845,6.026275619359717,5.932573015381728,5.790611956716716,5.409009454631231,5.037086249961202,4.390003154201205,4.187543101711515,3.8504985918481616,3.493904816038464,3.179063629368848,2.8410054431348555,2.8062538859469974,2.7957970728130115,2.72048166279413,2.4026496571443228,2.157781145537067,2.0302314403186767,1.9717337593483222,1.7633655295601185,1.4962485143208037,7.590547686166828,7.3163397325604835,7.023744956824531,6.569466100201691,6.232410713486491,-0.3333719619163892,5.732285037214685,5.745481678580942,-0.5652140397640977,5.655956500909578,5.5995133964536725
4.090999999999701,0.2785203980786086,-0.2050146082806947,5.588908794394874,5.505783240085368,5.450772578410539,5.301903265458941,4.915159620250038,4.571415711873396,4.268214183951656,9.979463008366727,2.9728223589326834,2.3340933617967803,1.5725559986219675,0.8859001375654185,0.26426805082252774,-0.43607655225633235,5.456973126651351,-0.9763208753126379,5.204979817274413,5.216532338082645,-1.1497505317377104,-1.1426310947388596,-0.9699468865481534,-1.0790156709992027,-1.2108630611827655,-1.4131145318530338,-1.455033210069246,-1.4741106019196673,-1.571547746033701,4.730513025481852,-1.6520480998323226,4.565000308736758,-1.7974403802537644,4.4427668413916805,4.050311390338475,-2.680397469909509,3.277030376011878,-3.5231546839833876,2.4007568494155387,1.9601378883006813,1.7940176641690222,1.7948288990295258,1.7292517366479698,1.514482582656529,1.2396437162179317,7.23545826180232,0.6841984477743777,0.6210363314254373,6.928154704699955,0.7182002844462243,0.609014440148598,0.4289295810330958,0.5061844554735436,0.5209515716119003,0.5849230729192537,0.7461512828549621,0.8076944030487708,6.991282692391955,0.4632066684817485,6.635650265942852,6.577879386862988,6.476392666162747,6.23190851817353,6.073967634687683,5.9573875927945545,6.024712430827336,6.293194974582468,6.4482299713589555,6.407917922438083,6.392027936490497,6.2334493581805726,6.029541062384824,5.9356075081225805,5.793393769390906,5.411509177132048,5.039302220295945,4.3918956352599485,4.1891880398298404,3.851910625270647,3.495113003616141,3.1801061860000033,2.8419200118941887,2.8070861174772994,2.796585693903294,2.7212642347184746,2.403463062231843,2.1586577250179193,2.031198132873294,1.972813895722888,1.764581360152171,1.497617610020596,7.592078213197849,7.318041962807333,7.025622834532221,6.571530309804311,6.234647520518766,-0.330974027184711,5.734829345178025,5.748153267770235,-0.5624348235917932,5.658819426872689,5.6024312825302705
4.100999999999704,0.2778897374674481,-0.20288307476858217,5.591843181716642,5.508700166025457,5.453629338232459,5.304652143656913,4.91773956454087,4.573774203938485,4.270298767575468,9.981174615474577,2.9740490074234214,2.3348102411922964,1.572652194027719,0.8853735073815815,0.2631199132505549,-0.437903362640417,5.454582134650916,-0.9792317793509274,5.201570455691869,5.212655343328506,-1.154058985840307,-1.1473238051117958,-0.9749764435008622,-1.0843210372689702,-1.2163835358416861,-1.4187890287306777,-1.4607966199758737,-1.479902674368905,-1.577311432923996,4.7248300663051666,-1.657602565173442,4.559615257252314,-1.8026208334455367,4.437819124648867,4.045639533766418,-2.6847689946026816,3.272954987198976,-3.526901747019325,2.3973149201158965,1.9570085263272639,1.7911696623515256,1.7922522135210297,1.7269408156185395,1.5124376701031148,1.2378648865079145,7.233944679061392,0.6829494354788972,0.6200463731651512,6.927429398322726,0.7177487027852704,0.608847848251016,0.4290624911680112,0.5066244148688531,0.5217083801847677,0.5860060945689909,0.7475698634149404,0.8094463455359355,6.9933653883300755,0.4656186119406164,6.638366913197411,6.580875891515324,6.479639736055927,6.235375021155453,6.077607148275166,5.961152275255196,6.028551937445442,6.2970587468904595,6.452065553338749,6.4116759986728695,6.395662221501643,6.236916199130745,6.032802888112767,5.938639413638707,5.796174090003217,5.414008573588426,5.041518997387952,4.393790115110315,4.190835883607055,3.8533263454731954,3.496325486850505,3.1811534502534697,2.8428395061946192,2.8079233022778514,2.7973791280750833,2.7220513334810015,2.4042805706291497,2.1595379067357436,2.0321678869045647,1.9738965358904357,1.7657991260320616,1.4989880841325922,7.593609605181858,7.319744565084513,7.027500615731666,6.573593932943629,6.2368832785431785,-0.32857761197425983,5.737371641181262,5.750822328910221,-0.5596586938734865,5.661678671980189,5.60534487414826
4.1109999999997076,0.27725763273713233,-0.20073079417016568,5.594772670129728,5.5116116203313545,5.45648012309015,5.3073946425647325,4.9203128383793935,4.576125915773916,4.272376663391008,9.982879830436838,2.9752697816367886,2.3355219985929745,1.5727442224716364,0.8848438487910404,0.26197001847976065,-0.4397305577412303,5.45219212356985,-0.982140355856834,5.198164712473137,5.20878316867781,-1.1583615857917589,-1.1520098017025997,-0.9799986107350535,-1.089618600461098,-1.2218960228105293,-1.4244555765358888,-1.4665523189970988,-1.485687453183491,-1.5830683946806257,4.719153152746002,-1.6631517475195363,4.554234686149086,-1.8077976191923457,4.432874287349438,4.0409697276726435,-2.6891392487016357,3.2688802365927354,-3.530648767657888,2.393872626382214,1.9538785020500458,1.7883208753306599,1.789674749001973,1.7246292219777843,1.5103922758787383,1.2360858397542092,7.232431195358315,0.6817008610720662,0.6190571873004095,6.9267051675286915,0.7172984385897075,0.6086827087616297,0.4291968645303153,0.5070657368748342,0.5224663003608052,0.5870898343825527,0.7489886337257284,0.8111978191613024,6.995446836138465,0.4680284222183386,6.641080551375135,6.583868534509752,6.482882142684357,6.238836132657783,6.081240698253098,5.9649105954790995,6.032384877613048,6.300915953651526,6.4558947837424245,6.415428141187301,6.399291183344965,6.240378503656349,6.036061109872216,5.941668739938849,5.798952920906044,5.416507640514182,5.0437365721704195,4.3956865792613335,4.192486614415425,3.854745730699893,3.4975422420893856,3.182205397919801,2.8437639026116903,2.8087654188367424,2.7981773567311192,2.722842944139129,2.405102171663382,2.1604216842312183,2.0331406997265775,1.9749816802559732,1.7670188298958935,1.500359940641733,7.595141866288365,7.3214475427926144,7.029378302286409,6.5756569694161815,6.239117985281641,-0.32618272029668555,5.739911920144252,5.7534888567220035,-0.5568856550288859,5.664534233774838,5.608254171835313
4.120999999999711,0.2766241479502059,-0.19855765196477562,5.597697264055711,5.514517611788555,5.459324946353927,5.310130780028776,4.922879463802292,4.578470872648508,4.274447898690308,9.98457868139716,2.976484709098816,2.3362286593362986,1.57283210563692,0.8843111786836843,0.2608183777460878,-0.44155813263892973,5.449803091900061,-0.9850466128155058,5.194762573522032,5.204915794512205,-1.1626583555601568,-1.1566891116687112,-0.9850134173523963,-1.0949083900186736,-1.2274005505247796,-1.4301142014629489,-1.472300330123957,-1.4914649574026386,-1.5888186458951583,4.713482274823044,-1.668695652251134,4.548858594351036,-1.8129707346945232,4.427932335593489,4.036301981335684,-2.6935082203123226,3.264806137798656,-3.534395730959598,2.390429983637141,1.95074783080531,1.7854713177363968,1.7870965188702397,1.7223169673536687,1.5083464092341505,1.2343065822429107,7.230917813527634,0.6804527236130251,0.6180687691268555,6.925982003904036,0.7168494799857553,0.6085190067968572,0.4293326839384553,0.5075084029651719,0.523225313350681,0.5881742744424284,0.7504075778626054,0.8129488110981935,6.997527027149731,0.47043609578020157,6.643791182244927,6.5868573229662974,6.4861198983787,6.242291869934464,6.084868305905906,5.968662577783791,6.036211277549881,6.304766621821731,6.4597176889952905,6.419174374674203,6.4029148438423675,6.243836289707954,6.039315740913596,5.944695494987116,5.801730264443936,5.419006374453555,5.045954935644828,4.397585013327133,4.194140213761792,3.8561687593509735,3.498763245848005,3.1832620049561338,2.844693177873875,2.8096124457701808,2.798980361367388,2.723639051801321,2.405927854664462,2.161309051001556,2.034116568570508,1.9760693291121065,1.7682404743097901,1.5017331834000802,7.59667500056644,7.323150899238557,7.031255896004461,6.577719419011072,6.241351638495624,-0.32378935608206305,5.74245017710098,5.756152846060697,-0.5541157113379044,5.667386109930148,5.611159176226888
4.130999999999714,0.2759893472567105,-0.19636353352413402,5.600616967988314,5.517418149212005,5.462163821376622,5.312860573830551,4.92543946273585,4.580809099684091,4.276512500593135,9.986271196312947,2.9776938171488796,2.336930248585831,1.5729158650572417,0.8837755138327283,0.2596650022077294,-0.4433860824484319,5.447415038143017,-0.9879505581575754,5.191364024838469,5.201053201345803,-1.1669493189550209,-1.1613617619929173,-0.9900208922747528,-1.1001904352123038,-1.2328971472651886,-1.4357649295779846,-1.4780406762516747,-1.4972352060052077,-1.5945622011345815,4.7078174225470155,-1.6742342847846792,4.543486980725185,-1.8181401772230725,4.422993275403964,4.031636303954046,-2.6978758976193347,3.2607327043479835,-3.5381426220551333,2.386987007236348,1.947616527863544,1.7826210041323907,1.7845175364560892,1.7200040633063298,1.5063000793553798,1.2325271202035897,7.229404536361776,0.6792050221395047,0.617081113943506,6.925259899066761,0.7164018151615552,0.6083567275649091,0.42946993232903596,0.5079523947504992,0.5239854005122164,0.5892593969786809,0.7518266800389841,0.8146993086389099,6.99960595278702,0.4728416291451993,6.646498807591488,6.589842263982974,6.489353015411187,6.245742250146851,6.088489992398234,5.972408246346957,6.0400311633233,6.3086107781995135,6.463534295367432,6.422914723680809,6.4065332246868305,6.24728957513006,6.042566794409699,5.947719686703415,5.8045061229537955,5.421504771981128,5.048174078880568,4.399485403026207,4.195796663286517,3.8575954099814944,3.4999884748074632,3.184323247484608,2.845627308861065,2.8104643618212153,2.799788123572204,2.7244396416266428,2.4067576089652314,2.162200000501219,2.0350954905858436,1.977159482640647,1.7694640617117348,1.503107816128699,7.598209011946422,7.3248546376369355,7.033133398639121,6.5797812815101135,6.243584235985661,-0.3213975231799686,5.7449864071980326,5.758814291913641,-0.5513488669425407,5.670234298248605,5.614059888064738
4.140999999999718,0.27535329489432325,-0.19414832414206373,5.603531786492336,5.520313241445558,5.4649967614935635,5.315584041687201,4.92799285699693,4.583140621856844,4.278570496048569,9.987957402957013,2.9788971329412957,2.337626791332641,1.57299552211792,0.8832368708955916,0.25850990294568305,-0.4452144023191929,5.44502796080962,-0.9908521997596602,5.187969052517619,5.197195369824044,-1.1712344996286368,-1.1660277794848009,-0.995021064245626,-1.1054647651414404,-1.23838584115887,-1.441407786819742,-1.483773380180067,-1.5029982179097077,-1.6002990749409334,4.702158585921341,-1.6797676505716652,4.5381198440825665,-1.8233059441187678,4.418057112727387,4.026972704646721,-2.702242268885681,3.2566599496976822,-3.541889426145544,2.3835437124682404,1.9444846084292065,1.7797699490158922,1.7819378150222802,1.7176905213284357,1.5042532953643108,1.2307474598100254,7.2278913666118365,0.6779577556685265,0.616094217053261,6.9245388446669125,0.7159554323670533,0.6081958563652997,0.429608592755985,0.5083976939773048,0.5247465433491357,0.5903451843676574,0.7532459246051987,0.8164492991937026,7.001683604563259,0.47524501888561904,6.649203429215242,6.592823364635994,6.492581505996092,6.24918729036439,6.0921057787757915,5.976147625207351,6.043844560849256,6.312448449426621,6.467344628974645,6.4266492126096635,6.410146347443242,6.25073837766184,6.045814283456302,5.950741322963888,5.807280498765079,5.42400282970176,5.050393993014552,4.401387734180708,4.197455944762453,3.8590256613000258,3.501217905813236,3.1853891017907947,2.846566272603084,2.811321145858468,2.8006006250253104,2.725244698824336,2.4075914239015956,2.1630945261426286,2.0360774628415843,1.9782521409141929,1.7706895944133865,1.5044838424195126,7.5997439042416275,7.3265587611113485,7.0350108118898005,6.581842556687988,6.245815775590856,-0.31900722536054094,5.747520605693099,5.761473189398622,-0.548585125848736,5.673078796659919,5.616956308195427
4.150999999999721,0.2747160551884559,-0.1919119090650887,5.606441724202603,5.523202897361401,5.467823780022552,5.3183012012520035,4.93053966829395,4.585465463998635,4.280621911836547,9.989637328919224,2.9800946834469,2.338318312396721,1.5730710980570881,0.8826952664147707,0.2573530909643023,-0.44704308743499,5.442641858420068,-0.9937515454448571,5.184577642749078,5.19334228072257,-1.1755139210773868,-1.1706871907821745,-1.0000139618315922,-1.1107314087356925,-1.2438666601803823,-1.4470427990003494,-1.4894984646139318,-1.508754011974306,-1.6060292818309465,4.6965057549427955,-1.6852957550977812,4.532757183179158,-1.8284680327912677,4.413123853434604,4.022311192453685,-2.706607322452555,3.252587887230427,-3.545636128502447,2.3801001145536897,1.941352087640505,1.7769181668176648,1.7793573677641956,1.715376352845543,1.5022060663192567,1.228967607180926,7.226378306988337,0.6767109231970888,0.6151080737634029,6.923818832386796,0.7155103199138786,0.6080363785883631,0.4297486483897287,0.508844282526853,0.5255087235098324,0.5914316191307166,0.7546652960473061,0.8181987702897507,7.00375997408041,0.47764626162662877,6.651905048932246,6.5958006319799845,6.4958053822901896,6.252627007565311,6.095715685966168,5.979880738265711,6.047651495893239,6.316279661989077,6.471148715779369,6.43037786571951,6.413754233549223,6.25418271493787,6.049058221072775,5.953760411601326,5.810053394199987,5.426500544250517,5.052614669250835,4.403291992715711,4.199118040093902,3.8604594921673434,3.502451515873685,3.1864595443221466,2.8475100462782126,2.8121827768748857,2.801417847496986,2.7260542086533968,2.408429288812666,2.1639926212968685,2.0370624823274355,1.9793473038976976,1.7719170746018726,1.5058612657371324,7.60127968115,7.3282632726957155,7.036888137402816,6.583903244312393,6.24804625518841,-0.31661846631552854,5.750052767953482,5.764129533762128,-0.5458244919282078,5.6759196032192865,5.619848437568872
4.160999999999724,0.27407769255231756,-0.18965417352394498,5.609346785822916,5.526087125859513,5.470644890263829,5.321012070114856,4.933079918227849,4.587783650798337,4.282666774569408,9.991311001608116,2.981286495454614,2.3390048364283906,1.5731426139668518,0.8821507168187074,0.2561945771918452,-0.4488721330137037,5.440256729503735,-0.9966486029832341,5.181189781816037,5.189493914946107,-1.1797876066430666,-1.1753400223525035,-1.00499961342372,-1.1159903947561218,-1.2493396321527996,-1.452669991806077,-1.495215952163443,-1.5145026069968368,-1.6117528362956974,4.690858919602149,-1.690818603882079,4.527398996716789,-1.8336264407182417,4.408193503321505,4.017651776336395,-2.710971046739108,3.248516530254594,-3.5493827144682224,2.376656228645776,1.9382189805691876,1.7740656719019154,1.7767762078099711,1.71306156921645,1.5001584012155216,1.2271875683806357,7.2248653601619806,0.6754645237028392,0.6141226793860817,6.923099853941185,0.7150664661752196,0.6078782797147718,0.42989008251637606,0.5092921424141174,0.5262719227861481,0.5925186839329695,0.7560847789859013,0.819947709570153,7.005835053028712,0.48004535404586507,6.654603668574097,6.598774073048178,6.499024656393223,6.256061418637286,6.099319734779651,5.983607609285657,6.051451994071212,6.320104442218127,6.474946581591618,6.434100707126181,6.417356904315949,6.257622604488866,6.05229862020267,5.9567769604055885,5.812824811573655,5.428997912292588,5.054836098860241,4.405198164658504,4.200782931315593,3.8618968815951433,3.503689282158593,3.187534551686464,2.848458607211739,2.8130492339865127,2.8022397728471735,2.726868156422156,2.4092711930409036,2.1648942792943764,2.038050545954985,1.9804449714500136,1.7731465043415573,1.5072400894206648,7.60281634625577,7.329968175335573,7.038765376772187,6.585963344144188,6.250275672693135,-0.3142312496593222,5.75258288945464,5.766783320377623,-0.5430669689202589,5.6787567161056876,5.622736277236903
4.170999999999728,0.2734382714869362,-0.18737500276601685,5.612246976125022,5.5289659358671095,5.473460105500051,5.323716665802752,4.9356136282930265,4.590095206803119,4.284705110693406,9.99297844825251,2.9824725955729976,2.339686387909692,1.57321009079444,0.8816032384226506,0.25503437248101984,-0.4507015343071007,5.437872572599031,-0.9995433800923175,5.177805456094473,5.185650253527359,-1.1840555795141856,-1.1799863004943125,-1.0099780472389737,-1.1212417517965276,-1.2548047847487742,-1.458289390798088,-1.5009258653445392,-1.5202440217148172,-1.6174697528002642,4.685218069884787,-1.6963362024761484,4.522045283344042,-1.8387811654445114,4.403266068109745,4.012994465178291,-2.715333430242209,3.2444458920042663,-3.5531291694561795,2.373212069829546,1.9350853022203427,1.77121247856623,1.7741943482206262,1.7107461817335472,1.4981103089859558,1.2254073494198316,7.22335252876438,0.6742185561447305,0.6131380292387894,6.922381901077528,0.714623859585699,0.6077215453150595,0.4300328785369117,0.5097412557867258,0.5270361231121676,0.5936063615820351,0.7575043581749435,0.8216961047929249,7.007908833185952,0.48244229287302226,6.65729928998784,6.601743694852616,6.502239340348345,6.259490540378106,6.102917945910039,5.987328261894583,6.05524608085056,6.323922816291179,6.47873825206991,6.4378177608034814,6.420954380928975,6.261058063742401,6.055535493714326,5.959790977124016,5.815594753194333,5.431494930523198,5.057058273179966,4.407106236137876,4.2024506005916535,3.8633378087447587,3.504931181997698,3.18861410065038,2.8494119328745215,2.813920496431274,2.8030663830246128,2.727686527487879,2.4101171259322594,2.1657994934256344,2.0390416505588687,1.9815451433254174,1.7743778855757868,1.5086203166854912,7.604353903031071,7.331673471889352,7.040642531540422,6.588022855937551,6.252504026056987,-0.3118455789299743,5.755110965778737,5.769434544743846,-0.5403125604335633,5.68159013362019,5.625619828351832
4.180999999999731,0.2727978565811357,-0.1850742820887172,5.615142299947596,5.531839336338108,5.476269438996263,5.3264150057802615,4.938140819878283,4.592400156419741,4.286736946490219,9.994639695903086,2.9836530102317873,2.3403629911557706,1.573273549343347,0.8810528474295137,0.2538724876095277,-0.4525312866006183,5.435489386253279,-1.0024358844375751,5.1744246520523305,5.181811277625907,-1.1883178627272613,-1.1846260513385807,-1.0149492913216036,-1.126485508284718,-1.260262145491585,-1.4639010214131805,-1.5066282265793132,-1.5259782748054624,-1.6231800457833963,4.679583195771323,-1.7018485564633141,4.516696041657139,-1.843932204581204,4.398341553447436,4.008339267785278,-2.7196944615362124,3.240375985639243,-3.5568754789507255,2.3697676531217846,1.9319510675322136,1.768358601041516,1.771611801990199,1.7084302016231703,1.4960617985015026,1.2236269562562068,7.221839815388785,0.6729730194636646,0.6121541186448228,6.9216649655761415,0.7141824886412452,0.6075661610491476,0.4301770199663977,0.5101916049239186,0.527801306563028,0.59469463502681,0.7589240185005962,0.8234439438300076,7.00998130641672,0.4848370748894428,6.659991915035875,6.604709504384344,6.505449446142572,6.262914389496341,6.106510339935443,5.991042719584562,6.059033781551016,6.327734810232757,6.482523752722187,6.441529050584084,6.4245466844490435,6.264489110023624,6.058768854401449,5.962802469461831,5.818363221363553,5.433991595667532,5.059281183613201,4.409016193383393,4.204121030214609,3.864782252925891,3.506177192879259,3.189698168137861,2.850370000881575,2.81479654356778,2.8038976600659957,2.7285093072563638,2.4109670768363234,2.1667082569418525,2.040035792897915,1.9826478191751173,1.775611220128614,1.5100019506250286,7.605892354837544,7.333379165129629,7.042519603199281,6.590081779440107,6.2547313132686,-0.3094614575902049,5.757636992613218,5.772083202483123,-0.5375612699479307,5.684419854184289,5.628499092165042
4.190999999999734,0.2721565125114694,-0.1827518968738281,5.618032762195224,5.534707336252581,5.479072903999865,5.329107107449988,4.940661514267743,4.594698523915812,4.288762308078433,9.996294771433975,2.9848277656834195,2.3410346703162515,1.5733330102744683,0.8804995599307267,0.2527089332806026,-0.4543613852131495,5.433107169022587,-1.0053261236328943,5.171047356248719,5.177976968527123,-1.1925744791680974,-1.1892593008501202,-1.019913373544523,-1.131721692483769,-1.265711741756179,-1.469504908964526,-1.512323058196397,-1.5317053848857078,-1.6288837296571885,4.673954287238204,-1.707355671457842,4.511351270200812,-1.8490795558049187,4.393419964909864,4.0036861928862155,-2.724054129272716,3.2363068242450623,-3.5606216285075147,2.3663229934707974,1.9288162913760236,1.7655040534919573,1.7690285820458853,1.7061136400459418,1.4940128785717384,1.2218463947951397,7.220327222590792,0.6717279125831214,0.6111709429337353,6.9209490392504,0.7137423418989651,0.607412112665874,0.4303224904331835,0.5106431722355183,0.5285674553537398,0.5957834873562524,0.7603437449800791,0.8251912146662875,7.012052464671686,0.4872296969277094,6.662681545595857,6.607671508613593,6.508654985707213,6.266332982611984,6.110096937319084,5.994751005713224,6.062815121345594,6.331540449915424,6.486303108906745,6.445234600160389,6.428133835812899,6.267915760555982,6.061998714983694,5.965811445082537,5.821130218376309,5.436487904480631,5.061504821628735,4.410928022724694,4.205794202604364,3.866230193595352,3.5074272924486247,3.1907867312287275,2.85133278899067,2.8156773548741447,2.8047335860951295,2.7293364811815524,2.411821035106466,2.1676205630556384,2.0410329696562868,1.983752998548742,1.7768465097064978,1.5113849942124624,7.607431704927918,7.3350852577443835,7.04439659319054,6.592140114393081,6.2569575323528355,-0.3070788890283934,5.76016096574941,5.7747292893397155,-0.5348131008160462,5.687245876338249,5.6313740700256
4.200999999999738,0.27151430404210414,-0.1804077326228194,5.620918367837409,5.537569944616229,5.4818705137405725,5.33179298815303,4.943175732641761,4.596990333421056,4.290781221415012,9.997943701544303,2.9859968880045424,2.341701449376597,1.573388494107228,0.8799433919070822,0.2515437201235485,-0.4561918254968292,5.430725919471731,-1.0082141052410587,5.167673555333115,5.174147307641095,-1.1968254515730523,-1.1938860748289455,-1.0248703216106692,-1.1369503324932682,-1.2711536007701998,-1.4751010786424026,-1.5180103824313484,-1.5374253705122312,-1.6345808188067648,4.6683313342582995,-1.7128575531041608,4.506010967469156,-1.8542232168569035,4.388501308000163,3.9990352491334127,-2.7284124221803148,3.2322384208330264,-3.5643676037535887,2.3628781057562067,1.9256809885558133,1.762648850014972,1.7664447012481783,1.7037965080971191,1.4919635579454034,1.2200656708903566,7.218814752889027,0.6704832344097755,0.6101884974417775,6.920234113946914,0.7133034079770101,0.6072593860025269,0.4304692736781251,0.5110959402609115,0.5293345518380242,0.5968729017981796,0.7617635227605326,0.8269379053986217,7.014122299986864,0.4896201558712379,6.665368183560591,6.610629714489967,6.511855970918311,6.269746336257105,6.113677758410091,5.998453143504636,6.066590125261512,6.335339761060739,6.490076345833144,6.448934433085419,6.431715855834089,6.271338032461918,6.065225088107244,5.968817911608306,5.823895746521213,5.438983853747305,5.0637291787605765,4.4128417105907864,4.207470100307205,3.8676816103558167,3.5086814585068207,3.191879767157188,2.8523002751009505,2.816562909946823,2.8055741433221124,2.730168034765149,2.412678990099984,2.168536404941668,2.0420331774446,1.9848606808958087,1.778083755899983,1.5127694503024594,7.608971956447562,7.336791752338211,7.046273502906744,6.594197860531438,6.259182681370328,-0.3046978765595567,5.7626828810811235,5.777372801178185,-0.5320680562651889,5.690068198739489,5.634244763378876
4.210999999999741,0.27087129602465393,-0.1780416749931631,5.623799121907584,5.540427170459846,5.484662281430389,5.334472665169429,4.945683496077822,4.599275608928538,4.292793712296742,9.99958651275974,2.9871604030975156,2.3423633521594605,1.5734400212206963,0.8793843592295774,0.2503768586942728,-0.4580226028368203,5.4283456361740186,-1.0110998367742154,5.1643032360445735,5.170322276501557,-1.201070802530294,-1.1985063989116267,-1.0298201630543549,-1.1421714562505494,-1.2765877496150084,-1.4806895555149155,-1.5236902214270323,-1.543138250181481,-1.64027132758997,4.662714326801475,-1.7183542070760998,4.500675131906465,-1.8593631855422494,4.383585588150006,3.994386445103094,-2.732769329064358,3.228170788340238,-3.568113390387505,2.3594330047887633,1.9225451738082862,1.7597930046411812,1.7638601723910123,1.7014788168069332,1.489913845310926,1.2182847903445773,7.217302408765833,0.6692389838340986,0.6092067775123257,6.919520181545706,0.712865675554444,0.607107966984381,0.4306173535538109,0.5115498916680425,0.5301025785071634,0.5979628617180789,0.7631833371178933,0.8286840042348752,7.01619080448291,0.4920084486538713,6.668051830837944,6.613584128942621,6.51505241359706,6.27315446687649,6.117252823444273,6.00214915605019,6.070358818181118,6.339132769240171,6.4938434885631215,6.45262857277368,6.4352927652037755,6.274755942763586,6.068447986345377,5.971821876620368,5.826659808080657,5.441479440282025,5.0659542466075544,4.414757243509327,4.209148705994804,3.8691364829545876,3.5099396690091536,3.1929772533103926,2.8532724372515736,2.81745318849946,2.8064193140425195,2.731003953556238,2.413540931178248,2.1694557757373447,2.043036412801037,1.9859708655671744,1.7793229601853553,1.5141553216328547,7.610513112436037,7.338498651433543,7.048150333691937,6.596255017584011,6.261406758417034,-0.3023184234263157,5.765202734603293,5.78001373398177,-0.529326139398929,5.692886820160969,5.637111173765191
4.220999999999744,0.27022755339796134,-0.1756536098356583,5.626675029502126,5.5432790228388,5.487448220263571,5.337146155718613,4.948184825551427,4.601554374295897,4.294799806361688,10.001223231434027,2.988318336691891,2.3430204023260237,1.5734876118547017,0.8788224776602499,0.24920835947581776,-0.4598537126511027,5.425966317711183,-1.0139833256943438,5.160936385210945,5.16650185676483,-1.2053105544810443,-1.2031202985726297,-1.0347629252426023,-1.1473850915319117,-1.2820142152266911,-1.4862703645287185,-1.5293625972340006,-1.5488440423297047,-1.6459552703370706,4.65710325483516,-1.7238456390761387,4.495343761908063,-1.8644994597290911,4.378672810720268,3.9897397892958875,-2.7371248388067015,3.2241039396296416,-3.5718589741794515,2.355987705310162,1.9194088618026672,1.7569365313343823,1.7612750082019075,1.6991605771409293,1.4878637492969393,1.216503758910156,7.215790192667937,0.6679951597309501,0.6082257784963016,6.918807233960384,0.7124291333711075,0.6069578416242372,0.4307667140237967,0.5120050092524172,0.5308715179888618,0.5990533506179324,0.7646031734557831,0.8304294994929671,7.018257970364394,0.49439457225947603,6.6707324893507245,6.616534758880436,6.51824432551024,6.276557390828265,6.120822152544913,6.00583906630946,6.074121224842803,6.342919499876038,6.4976045620115155,6.456317042502036,6.438864584491524,6.278169508383542,6.071667422199031,5.974823347659388,5.829422405330966,5.443974660928835,5.06818001683293,4.416674608105929,4.210830002463236,3.870594791282365,3.5112019020638217,3.194079167227003,2.85424925362036,2.8183481703617588,2.8072690806366087,2.7318442231509197,2.414406847706847,2.170378668543456,2.0440426721924383,1.9870835518164691,1.78056412392628,1.5155426108263208,7.612055175828593,7.340205957471826,7.050027086842402,6.598311585273641,6.2636297616238,-0.2999405327998476,5.76772052241062,5.7826520838508,-0.5265873531988015,5.695701739489605,5.639973302818462
4.230999999999748,0.269583141187822,-0.17324342323278555,5.629546095779403,5.546125510832512,5.490228343416574,5.339813476959833,4.950679741936968,4.603826653246543,4.296799529090597,10.00285388375049,2.989470714345886,2.3436726233773255,1.5735312861109338,0.8782577628530082,0.2480382328788882,-0.46168515039026087,5.423587962673248,-1.0168645794137163,5.157572989748098,5.1626860302087705,-1.2095447297208124,-1.2077277991256459,-1.039698635376466,-1.1525912659538307,-1.2874330243970606,-1.4918435305097248,-1.5350275318108737,-1.5545427653329833,-1.6516326613504595,4.651498108324907,-1.7293318548346706,4.490016855821122,-1.8696320373478241,4.37376298100169,3.9850952901372962,-2.741478940365454,3.220037887490074,-3.5756043409713563,2.3525422219928798,1.9162720671405713,1.754079443991532,1.7586892213421235,1.6968418000003036,1.4858132784727922,1.2147225822897025,7.214278107007101,0.6667517609601531,0.6072454957525808,6.918095263138292,0.7119937702274806,0.6068089960219651,0.43091733916184843,0.51246127593612,0.5316413530461233,0.6001443521350542,0.7660230173044077,0.8321743795999246,7.020323789919101,0.49677852372153913,6.673410161036587,6.619481611192184,6.521431718370611,6.279955124384532,6.124385765723533,6.009522897111077,6.077877369841911,6.346699978242425,6.5013595909471595,6.459999865410573,6.442431334146105,6.281578746145438,6.074883408097359,5.977822332225845,5.832183540542547,5.446469512561222,5.070406481164004,4.418593791103455,4.212513972631992,3.872056515372036,3.512468135930551,3.1951854865957707,2.8552307025224635,2.8192478354783614,2.8081234255685312,2.732688829191949,2.415276729055736,2.17130507642482,2.0450519520153914,1.9881987388015099,1.7818072483754113,1.5169313203920094,7.613598149457682,7.341913672814715,7.051903763607367,6.600367563317317,6.265851689155932,-0.29756420778082615,5.770236240696246,5.785287847001112,-0.5238517005259606,5.698512955724705,5.6428311522648835
4.240999999999751,0.268938124506652,-0.17081100153810544,5.632412325958808,5.548966643543936,5.493002664048037,5.342474645992582,4.953168266008592,4.606092469370865,4.298792905808315,10.004478495723529,2.9906175614478396,2.3443200386555847,1.5735710639540386,0.877690230354457,0.24686648924237667,-0.46351691153727465,5.421210569658414,-1.0197436052953568,5.154213036659147,5.158874778731738,-1.2137733504006138,-1.2123289257249048,-1.0446273204923424,-1.1577900069741522,-1.2928442037746453,-1.4974090781638116,-1.5406850470247158,-1.5602344375072668,-1.6573035149043724,4.645898877234931,-1.7348128601092783,4.48469441194545,-1.8747609163903307,4.368856104215541,3.980452955978171,-2.7458316227747255,3.2159726446363193,-3.579349476676981,2.349096569440016,1.9131348043558816,1.7512217564427348,1.7561028244068047,1.6945224962222385,1.4837624413490507,1.2129412661367032,7.212766154160766,0.6655087863670603,0.6062659246483902,6.917384261060669,0.7115595749845435,0.6066614163640498,0.4310692131511922,0.5129186747668406,0.5324120665761402,0.6012358500409415,0.7674428543194692,0.833918633090948,7.022388255517325,0.4991603001227674,6.676084847847924,6.622424692746699,6.52461460383734,6.283347683731986,6.127943682880656,6.013200671153579,6.081627277631651,6.350474229466116,6.505108599993799,6.46367706450346,6.445993034496277,6.284983672774717,6.0780959563982915,5.980818837780393,5.834943215980031,5.448963992082033,5.072633631391724,4.420514779321325,4.214200599543007,3.8735216353974646,3.5137383490192318,3.1962961892541486,2.8562167624090598,2.8201521639077485,2.808982331385557,2.733537757368376,2.4161505645993824,2.1722349924109268,2.0460642485972995,1.9893164255856997,1.78305233467599,1.518321452727176,7.615142036054429,7.343621799745214,7.053780365189727,6.6024229514263,6.268072539212753,-0.29518945140034825,5.772749885750428,5.78792101976251,-0.5211191841228118,5.701320467976413,5.645684723921607
4.250999999999754,0.26829256855309286,-0.1683562314167192,5.63527372531981,5.551802430099057,5.495771195298719,5.345129679857031,4.9556504184410475,4.6083518461274044,4.300779961685173,10.006097093200106,2.991758903217661,2.3449626713455007,1.5736069652127058,0.8771198956047173,0.2456931388338855,-0.46534899160730936,5.418834137272944,-1.0226204106534957,5.150856513033695,5.155068084351561,-1.2179964385281825,-1.2169237033664784,-1.0495490074632674,-1.1629813418932788,-1.2982477798656702,-1.5029670320775221,-1.5463351646514125,-1.5659190771084133,-1.6629678452446104,4.640305551528638,-1.7402886606840249,4.479376428534289,-1.8798860949092184,4.363952185514259,3.975812795095178,-2.7501828751443695,3.2119082237091754,-3.5830943672820093,2.345650762185149,1.9099970879146364,1.7483634824512388,1.7535158299251397,1.692202676580234,1.4817112463779938,1.2111598160561217,7.211254336472678,0.6642662347831066,0.6052870605596969,6.916674219742803,0.7111265365636353,0.6065150889231393,0.4312223202837723,0.5133771889169115,0.5331836416091934,0.6023278282401374,0.7688626702810883,0.8356622486084826,7.024451359611176,0.5015398985946884,6.678756551751751,6.6253640103930325,6.527792993516396,6.286735084972521,6.131495923806576,6.016872411006277,6.085370972523999,6.354242278527499,6.508851613630988,6.46734866264981,6.4495497057515765,6.288384304899292,6.081305079389067,5.983812871744227,5.83770143390241,5.451458096423342,5.074861459370292,4.422437559674811,4.21588986635969,3.8749901316722997,3.51501251988858,3.197411253186898,2.8572074118660438,2.8210611358211484,2.8098457807173105,2.7343909934152024,2.4170283437169124,2.173168409496572,2.047079558197439,1.9904366111394043,1.784299383863414,1.5197130101187803,7.616686838250084,7.345330340468836,7.0556568927467325,6.604477749306258,6.270292310027193,-0.29281626662085075,5.775261453959247,5.790551598577219,-0.5183898066146229,5.704124275464191,5.648534019695456
4.260999999999758,0.2676465386115546,-0.16587899988680363,5.638130299201039,5.55463287964638,5.49853395029147,5.347778595534435,4.958126219810534,4.610604806844018,4.302760721738366,10.007709701861216,2.9928947647082547,2.345600544475557,1.573639009580748,0.8765467739382405,0.24451819185024576,-0.46718138614750776,5.416458664131043,-1.0254950027540164,5.147503406047074,5.1512659292045155,-1.2222140159691657,-1.2215121568895708,-1.054463723000198,-1.1681652978553412,-1.303643779035027,-1.5085174167187592,-1.5519779063760442,-1.5715967023322317,-1.6686256665882682,4.634718121169161,-1.745759262368755,4.474062903795082,-1.8850075710170693,4.359051229982092,3.971174815691265,-2.754532686659728,3.207844637275524,-3.5868389988441183,2.342204814692203,1.90685893221493,1.7455046357134367,1.7509282503605148,1.689882351784439,1.4796597019541033,1.2093782376049966,7.209742656253509,0.6630241050263496,0.6043088988715857,6.915965131234159,0.7106946439463115,0.6063700000575983,0.43137664495951633,0.5138368016823569,0.5339560613075679,0.6034202707691075,0.7702824510927387,0.8374052149013003,7.026513094733882,0.5039173163172517,6.681425274729601,6.628299570960618,6.530966898960949,6.29011734412385,6.135042508182108,6.020538139110099,6.089108478690593,6.358004150261489,6.512588656194982,6.4710146825845305,6.453101368003099,6.2917806590502305,6.084510789286796,5.986804441499447,5.8404581965631825,5.453951822546334,5.0770899570167645,4.424362119174351,4.217581756365961,3.876461984648789,3.516290627244806,3.198530656524726,2.858202629612753,2.8219747315014665,2.8107137562750175,2.735248523113035,2.417910055792257,2.1741053206424885,2.048097877008008,1.991559294341318,1.7855483968667916,1.5211059947450654,7.618232558577461,7.3470392971147245,7.057533347390685,6.6065319566573875,6.272510999865369,-0.29044465633701255,5.77777094180333,5.793179579998386,-0.5156635705111152,5.706924377515303,5.6513790415816345
4.270999999999761,0.26700010005168956,-0.16337919436224393,5.640982052999336,5.557458001356432,5.501290942131182,5.350421409947542,4.96059569059552,4.612851374719036,4.304735210833309,10.009316347223333,2.9940251708069434,2.346233680919305,1.5736672166181733,0.8759708805846191,0.24334165841803326,-0.46901409073678224,5.414084148854751,-1.0283673888149032,5.144153702959596,5.147468295544316,-1.2264261044483136,-1.2260943109777958,-1.059371493653286,-1.173341901849362,-1.3090322275072375,-1.5140602564374723,-1.5576132937932579,-1.577267331314526,-1.6742769931234724,4.629136576119856,-1.7512246709984112,4.468753835890233,-1.8901253428857008,4.354153242635729,3.966539025896123,-2.758881046581369,3.203781897828405,-3.5905833574930486,2.338758741355327,1.9037203515868164,1.7426452298588775,1.7483400981106758,1.687561532481978,1.4776078164145445,1.2075965362930239,7.208231115781454,0.661782395901998,0.6033314349786278,6.915256987618524,0.7102638861741992,0.6062261362110619,0.43153217168560803,0.514297496481951,0.5347293089644777,0.6045131617951272,0.771702182780192,0.8391475208235893,7.02857345349911,0.5062925505184336,6.684091018777411,6.631231381259421,6.5341363316717604,6.293494477120096,6.138583455579336,6.0241978777784295,6.092839820163636,6.3617598693584325,6.5163197518796405,6.474675146909178,6.456648041224276,6.295172751662422,6.087713098238975,5.989793554389398,5.843213506210463,5.456445167441201,5.07931911631066,4.426288444924852,4.2192762529652965,3.8779371749166076,3.5175726499402966,3.1996543775429322,2.8592023945007004,2.8228929313422246,2.8115862408507675,2.736110332287754,2.4187956902143033,2.1750457187759635,2.0491192011551562,1.9926844739798084,1.7867993745104724,1.5225004086771172,7.619779199472358,7.348748671736767,7.059409730189617,6.608585573174544,6.274728607026172,-0.2880746233766461,5.780278345856575,5.795804960688574,-0.5129404782080343,5.70972077356333,5.654219791662467
4.280999999999764,0.2663533183277992,-0.16085670269636995,5.643828992168855,5.56027780442126,5.50404218390475,5.353058139961,4.963058851177572,4.615091572822401,4.306703453684989,10.010917054639844,2.9951501462368757,2.34686210339664,1.5736916057522476,0.8753922306693889,0.24216354859408157,-0.47084710098560845,5.4117105900738185,-1.0312375760066825,5.140807391115813,5.143675165741113,-1.2306327255506528,-1.2306701901604404,-1.0642723458131367,-1.1785111807104038,-1.3144131513674056,-1.5195955754663417,-1.5632413484076408,-1.5829309821311444,-1.6799218390091248,4.62356090634481,-1.7566848924323595,4.463449222937861,-1.8952394087454372,4.3492582284249215,3.961905433766646,-2.763227944244826,3.1997200177871017,-3.594327429430657,2.335312556498778,1.900581360292229,1.7397852784502787,1.7457513855078877,1.6852402292572786,1.4755555980396449,1.205814717583135,7.206719717302836,0.6605411062029309,0.6023546642852402,6.914549781014137,0.7098342523488508,0.6060834839119941,0.4316888850757667,0.5147592568562881,0.5355033680030045,0.6056064856151828,0.773121851490474,0.8408891553340545,7.030632428600282,0.5086655984738427,6.68675378590541,6.634159448080085,6.5373013030975775,6.296866499812394,6.142118785462356,6.027851649197957,6.0965650208367785,6.365509460365017,6.520044924737313,6.478330078092803,6.460189745271645,6.298560599075248,6.0909120183240315,5.992780217719026,5.84596736508713,5.458938128127003,5.0815489292935645,4.428216524125011,4.220973339679783,3.8794156832016893,3.518858566972316,3.20078239466007,2.860206685512325,2.8238157158465165,2.812463217316779,2.736976406810178,2.41968523637704,2.175989596791458,2.0501435267000097,1.9938121487542426,1.7880523175155618,1.523896253880403,7.621326763274953,7.350458466314698,7.061286042167955,6.6106385985473635,6.276945129840866,-0.28570617050157665,5.782783662784915,5.798427737418293,-0.5102205319887005,5.712513463146692,5.657056272106146
4.290999999999768,0.2657062589781672,-0.15831141322681733,5.646671122220154,5.563092298053945,5.506787688681023,5.355688802381751,4.965515721842155,4.6173254240967845,4.3086654748592865,10.012511849302479,2.996269715558414,2.347485834475068,1.573712196278552,0.8748108392148288,0.24098387236599178,-0.47268041253581994,5.409337986425598,-1.0341055714528586,5.137464457943781,5.139886522280502,-1.2348339007226523,-1.235239818813721,-1.0691663057120526,-1.1836731611207083,-1.3197865765621617,-1.5251233979214545,-1.5688620916340872,-1.5885876727980288,-1.6855602183746545,4.617991101809336,-1.762139932553729,4.458149063012533,-1.9003497668843907,4.3443661922331085,3.9572740472873873,-2.7675733690603317,3.1956590094972293,-3.598071200930967,2.3318662743768206,1.8974419725249043,1.7369247949835502,1.7431621248190976,1.6829184526323955,1.473503055053361,1.2040327868920573,7.20520846303268,0.659300234710202,0.6013785822060351,6.913843503573809,0.7094057316315953,0.6059420297732478,0.43184676984953474,0.5152220664668614,0.5362782219750465,0.6067002266548848,0.7745414434908318,0.842630107495023,7.032690012809902,0.511036457506327,6.689413578137998,6.6370837781940875,6.540461824635504,6.3002334279694745,6.145648517188014,6.0314994754295,6.100284104466002,6.369252947685171,6.523764198679725,6.481979498472793,6.463726499885623,6.301944217533258,6.094107561551848,5.995764438755214,5.848719775430931,5.461430701651553,5.083779388068734,4.430146344066622,4.222673000149171,3.8808974903650744,3.5201483574817134,3.2019146864366275,2.8612154817597535,2.824743065625976,2.8133446686246835,2.7378467325957496,2.4205786836797016,2.1769369475512135,2.0511708496396808,1.9949423172763037,1.7893072265014116,1.5252935322162897,7.622875252231187,7.352168682755173,7.063162284307192,6.61269103246039,6.279160566672681,-0.28333930040850946,5.785286889345082,5.8010479070645475,-0.5075037340255402,5.715302445907196,5.659888485165496
4.300999999999771,0.2650589876243172,-0.15574321482152928,5.6495084487193035,5.565901491488114,5.509527469510755,5.358313413959414,4.967966322779437,4.619552951358709,4.3106212987743024,10.014100756242726,2.997383903170521,2.3481048965709594,1.5737290073620298,0.8742267211407534,0.23980263965263965,-0.47451402106040336,5.406966336554942,-1.036971382230349,5.1341248909543244,5.136102347762536,-1.239029651273377,-1.2398032211620205,-1.074053399425272,-1.1888278696108263,-1.325152528900598,-1.5306437478029773,-1.5744755447981689,-1.594237421271271,-1.691192145319773,4.612427152480447,-1.7675897972687646,4.4528533541459865,-1.9054564156477563,4.339477138878012,3.9526448743710123,-2.7719173105125527,3.1915988852308317,-3.601814658340203,2.328419909173636,1.8943022024103169,1.7340637928878202,1.7405723282461039,1.6805962130673295,1.471450195623743,1.2022507495908736,7.20369735515528,0.6580597801935371,0.6004031841661605,6.913138147485041,0.7089783132433891,0.6058017604916295,0.43200581083157075,0.5156859090951526,0.5370538545602819,0.6077943694673907,0.7759609451677115,0.8443703664715612,7.034746198978882,0.5134051249855833,6.6920703975136355,6.640004378353874,6.543617907631384,6.303595277278252,6.149172670006637,6.035141378408845,6.103997094670507,6.372990355580962,6.527477597478864,6.485623430255716,6.467258324691268,6.305323623186812,6.097299739864277,5.9987462247271255,5.851470739474601,5.463922885091283,5.086010484800696,4.432077892133897,4.224375218129943,3.882382577401766,3.5214420007516467,3.2030512315737165,2.862228762483586,2.8256749613997623,2.814230577804814,2.73872129560421,2.4214760215269218,2.177887763885857,2.0522011659082633,1.996074978071283,1.7905641019870957,1.5266922454435414,7.624424668494116,7.353879322892848,7.0650384575465335,6.614742874593188,6.281374915916424,-0.28097401572988684,5.787788022383387,5.803665466609396,-0.5047900863815975,5.718087721588601,5.662716433176753
4.310999999999774,0.2644115699701926,-0.15315199692590417,5.652340977286992,5.568705393977452,5.512261539426562,5.3609319913866855,4.97041067408507,4.621774177299645,4.312570949701652,10.015683800333209,2.9984927333121236,2.3487193119507963,1.5737420580380266,0.8736398912653006,0.23861986030467913,-0.47634792226329487,5.404595639114082,-1.0398350153699127,5.1307886777403295,5.132322624900756,-1.2432199983756296,-1.2443604212791202,-1.0789336528721882,-1.1939753325607316,-1.3305110340551944,-1.536156648995821,-1.5800817291365008,-1.5998802454471661,-1.6968176339142416,4.606869048327331,-1.7730344925061876,4.447562094327843,-1.910559353437111,4.334591073112249,3.9480179228587504,-2.7762597581603226,3.1875396571864805,-3.6055577880768213,2.324973475003241,1.8911620640056235,1.7312022855254696,1.7379820079257227,1.6782735209603508,1.469397027863391,1.200468611005567,7.202186395824772,0.6568197414118162,0.5994284656016318,6.912433704970136,0.7085519864646644,0.6056626628474636,0.43216599295095015,0.5161507686417302,0.5378302495651396,0.6088888987323424,0.7773803430257469,0.8461099215305984,7.036800980035887,0.5157715983277682,6.694724246084725,6.642921255293001,6.5467695633801775,6.3069520633444025,6.152691263062757,6.0387773799475575,6.1077040149335815,6.376721708173489,6.53118514476786,6.489261895518147,6.470785239199039,6.308698832092752,6.100488565135665,6.001725582826527,5.854220259445982,5.466414675551117,5.088242211714856,4.434011155802787,4.226079977494374,3.8838709254395942,3.5227394762063176,3.2041920089117824,2.8632465070516857,2.826611383993553,2.81512092796551,2.739600081839291,2.422377239328875,2.178842038594997,2.053234471377819,1.9972101295793618,1.791822944392864,1.5280923952197982,7.625975014125267,7.355590388491423,7.066914562783537,6.616794124620468,6.2835881759980845,-0.27861031903473266,5.790287058834531,5.806280413138539,-0.5020795910120267,5.720869290035202,5.665540118558355
4.320999999999778,0.26376407180125516,-0.15053764961111565,5.655168713597671,5.571504014795231,5.514989911442871,5.3635445512997,4.97284879576097,4.623989124487091,4.314514451767753,10.017261006289086,2.9995962300634695,2.3493291027324053,1.573751367213324,0.8730503643057156,0.2374355441050435,-0.47818211187917753,5.402225892762532,-1.0426964778565737,5.1274558059760125,5.128547336521224,-1.2474049630670834,-1.2489114430894157,-1.0838070918175624,-1.1991155762009298,-1.335862117562736,-1.5416621252703029,-1.585680665797107,-1.6055161631622752,-1.7024366981976429,4.60131677932181,-1.778474024216571,4.442275281506312,-1.91565857870973,4.329707999623921,3.9433932005208416,-2.780600701636369,3.183481337489384,-3.6093005766315294,2.321526985909411,1.8880215712996138,1.7283402861921704,1.7353911759299576,1.675950386648315,1.4673435598299078,1.1986863764175575,7.20067558716567,0.6555801171135496,0.5984544219596556,6.911730168286303,0.7081267406351761,0.6055247237041631,0.43232730124047264,0.5166166291253591,0.5386073909217851,0.6099837992548128,0.778799623686757,0.8478487620400594,7.038854348986663,0.5181358749951116,6.697375125917497,6.6458344157262745,6.549916803126323,6.310303801692931,6.156204315395836,6.042407501733802,6.111404888603482,6.380447029443777,6.534886864041857,6.492894916207508,6.47430726280555,6.312069860215038,6.103674049173353,6.004702520208126,5.856968337568125,5.468906070164336,5.090474561097096,4.435946122640305,4.227787262229623,3.8853625157380938,3.5240407634097206,3.205336997429324,2.8642686949579956,2.827552314338557,2.8160157022924253,2.74048307734841,2.423282326501428,2.179799764447815,2.054270761859351,1.9983477701568753,1.793083754041578,1.5294939831030347,7.627526291095949,7.357301881244693,7.068790600874756,6.618844782212201,6.285800345374451,-0.27624821282948575,5.792783995720415,5.808892743839913,-0.49937224976556505,5.723647151190419,5.668359543809756
4.330999999999781,0.26311655898349756,-0.1479000636236099,5.657991663378668,5.574297363233829,5.517712598555874,5.366151110278412,4.97528070771609,4.626197815365653,4.316451828955111,10.018832398669412,3.0006944173474728,2.349934290886184,1.5737569536671645,0.8724581548791258,0.2362497007694429,-0.4800165856732791,5.399857096166975,-1.0455557766300434,5.124126263416221,5.124776465561569,-1.2515845662514027,-1.253456310369123,-1.0886737418727204,-1.2042486266135528,-1.341205804825225,-1.5471602002828024,-1.591272375839785,-1.6111451921934847,-1.7080493521791567,4.595770335438795,-1.7839083983717245,4.436992913588876,-1.9207540899779074,4.3248279230372,3.9387707150569815,-2.784940130647045,3.1794239381915004,-3.6130430105672984,2.3180804558656183,1.884880738212669,1.725477808116932,1.7327998442661745,1.673626820406979,1.4652897995263432,1.196904051064232,7.199164931273412,0.6543409060373404,0.5974810486989425,6.9110275297257635,0.7077025651538468,0.6053879300077997,0.43248972083597614,0.5170834746821181,0.5393852626871147,0.6110790559642659,0.7802187738887562,0.8495868774680052,7.040906298913396,0.5204979524955308,6.700023039091881,6.648743866349877,6.553059638064096,6.313650507768739,6.159711845940968,6.046031765333165,6.115099738894285,6.384166343233661,6.538582778658885,6.49652251414289,6.477824414794326,6.315436723425403,6.10685620371819,6.007677043989884,5.859714976059401,5.471397066092441,5.092707525293383,4.43788278030386,4.229497056436802,3.8868573296873876,3.5253458420644055,3.206486176241631,2.865295305821356,2.8284977334705337,2.8169148840478537,2.7413702682223677,2.4241912724662837,2.1807609341836485,2.0553100331037735,1.9994878980775592,1.7943465311601303,1.5308970105529993,7.629078501288567,7.359013802777561,7.070666572636358,6.620894847033733,6.288011422532731,-0.2738876995588239,5.7952788301489715,5.811502456002319,-0.4966680643859885,5.7264213050954265,5.671174711510238
4.340999999999784,0.26246909746237057,-0.14523913043579034,5.660809832409347,5.577085448604269,5.520429613743476,5.36875168484696,4.977706429767166,4.628400272258105,4.318383105103561,10.020398001878483,3.0017873189310436,2.350534898236313,1.5737588360522665,0.8718632775033143,0.2350623399468592,-0.48185133944117153,5.397489248001158,-1.0484129185851379,5.120800037895726,5.1210099950700325,-1.2557588286993535,-1.2579950467474712,-1.093533628496742,-1.2093745097334427,-1.346542121110778,-1.552650897576411,-1.5968568802364682,-1.616767350258073,-1.7136556098373459,4.590229706656727,-1.7893376209640914,4.431714988442969,-1.925845885808289,4.31995084791292,3.934150474096763,-2.789278034972053,3.175367471271653,-3.6167850765193674,2.31463389877498,1.8817395785967315,1.722614864462149,1.730208024877273,1.671302832451315,1.4632357549016337,1.1951216401394633,7.197654430214885,0.6531021069123383,0.5965083412900136,6.9103257816158425,0.7072794494786105,0.605252268786679,0.4326532369756568,0.5175512895645277,0.540163849041763,0.6121746539135255,0.7816377804849728,0.8513242573817814,7.042956822974056,0.5228578283822484,6.702667987701393,6.651649613841501,6.5561980793379755,6.316992196937193,6.163213873529598,6.049650192189452,6.118788588886768,6.387879673246661,6.542272911840731,6.500144711015879,6.481336714336546,6.3187994375039915,6.11003504044503,6.010649161253339,5.862460177133597,5.473887660525021,5.094941096709367,4.439821116540572,4.231209344330078,3.88835534880708,3.5266546920102475,3.207639524599532,2.8663263193843465,2.8294476225288316,2.8178184565700564,2.7422616405950557,2.4251040666511328,2.1817255405125713,2.056352280802854,2.000630511533785,1.7956112758808407,1.5323014789326352,7.630631646497918,7.360726154647061,7.07254247884474,6.622944318745896,6.290221405990177,-0.2715287816064748,5.797771559313019,5.814109547014045,-0.49396703651354784,5.72919175188778,5.673985624317757
4.350999999999788,0.2618217532616172,-0.1425547422979125,5.663623226520259,5.579868280235747,5.523140969965246,5.371346291474029,4.980125981639476,4.6305965173664365,4.320308303911537,10.021957840167193,3.002874958426407,2.3511309464619625,1.5737570328958363,0.8712657465974861,0.23387347122003752,-0.4836863690085714,5.395122346945793,-1.051267910572189,5.117477117328529,5.117247908204538,-1.2599277710499046,-1.2625276757078867,-1.098386776997637,-1.2144932513492295,-1.3518710915545231,-1.5581342405815788,-1.602434199871587,-1.622382655013777,-1.719255485119947,4.584694882958008,-1.794761698006155,4.426441503896647,-1.930933964821215,4.315076778749135,3.929532485200115,-2.793614404464173,3.171311948635656,-3.620526761195239,2.3111873284702082,1.8785981062352768,1.7197514683236599,1.7276157296418666,1.6689784329358235,1.4611814338510354,1.1933391487941198,7.1961440860289425,0.6518637184586821,0.595536295215499,6.909624916319056,0.706857383126256,0.6051177271509163,0.4328178349993955,0.5180200581406859,0.5409431342891184,0.6132705782777575,0.7830566304428791,0.8530608914471752,7.045005914401758,0.5252155002534105,6.705309973853012,6.654551664860477,6.559332138042994,6.32032888448467,6.166710416890225,6.053262803625491,6.122471461529254,6.3915870430488715,6.5459572866737945,6.503761528391373,6.484844180491792,6.322158018139992,6.113210570963228,6.013618879043913,5.865203943000014,5.476377850679607,5.097175267809987,4.441761119186619,4.232924110235755,3.8898565547451645,3.527967293223235,3.20879702188816,2.867361715512139,2.8304019627554338,2.818726403272608,2.743157180643165,2.4260206984897943,2.182693576115965,2.057397500590157,2.0017756086377725,1.7968779882428405,1.5337073895094835,7.6321857284324475,7.362438938343349,7.074418320237147,6.624993197005126,6.292430294293716,-0.26917146129601766,5.800262180489116,5.8167140143615335,-0.4912691676863871,5.731958491800065,5.676792284967784
4.360999999999791,0.2611745924820137,-0.13984679229119076,5.666431851592299,5.5826458674751755,5.525846680162361,5.373934946573208,4.982539382967571,4.632786572772885,4.322227448937278,10.023511937634344,3.0039573592924107,2.351722457098483,1.5737515626005671,0.8706655764830292,0.23268310410597487,-0.48552167023114007,5.392756391688455,-1.0541207593974553,5.114157489707173,5.113490188231761,-1.2640914138113155,-1.267054220589162,-1.1032332125335074,-1.2196048771043937,-1.3571927411594826,-1.5636102526167535,-1.60800435554243,-1.6279911240588616,-1.7248489919436671,4.579165854329431,-1.8001806355298575,4.421172457739244,-1.9360183256900696,4.3102057199816945,3.9249167558577414,-2.797949229048983,3.1672573821164436,-3.6242680513746657,2.3077407587135745,1.875456334843302,1.7168876327308067,1.7250229703744577,1.666653631954842,1.4591268442165544,1.191556582136569,7.1946339007269176,0.6506257393879346,0.5945649059704254,6.908924926233201,0.7064363556722651,0.6049842922920159,0.4329835003480912,0.518489764893414,0.5417231028543517,0.6143668143534606,0.7844753108432292,0.8547967694275803,7.047053566504119,0.5275709657517078,6.707948999667062,6.657450026047894,6.562461825225086,6.323660585619118,6.170201494649094,6.056869620843934,6.126148379638462,6.395288476069821,6.5496359261099615,6.507372987708401,6.488346832208776,6.325512480932277,6.116382806817128,6.01658620437123,5.867946275863563,5.478867633801532,5.0994100311190715,4.443702776166567,4.234641338591388,3.8913609292769356,3.5292836258142675,3.209958647625728,2.868401474191364,2.8313607354940205,2.819638707643745,2.7440568745859046,2.4269411574223665,2.1836650336470864,2.0584456880419766,2.0029231874227995,1.798146668193434,1.535114743457064,7.633740748715521,7.364152155290692,7.0762940975122595,6.6270414814635705,6.294638086019582,-0.2668157408916745,5.802750691036444,5.819315855628048,-0.4885744593419441,5.734721525158569,5.679594696272174
4.370999999999794,0.2605276813000137,-0.13711517438213322,5.669235713555889,5.585418219686727,5.528546757257564,5.376517666503336,4.984946653296008,4.634970460440965,4.324140563600072,10.025060318227979,3.00503454483582,2.3523094515385967,1.5737424434456355,0.8700627813842696,0.23149124805640578,-0.48735723899428623,5.3903913809234805,-1.0569714718235257,5.11084114310206,5.109736818526203,-1.2682497773622172,-1.2715747045866186,-1.1080729601137025,-1.2247094124983209,-1.3625070947974505,-1.5690789568890189,-1.613567367959502,-1.633592774932194,-1.7304361441939864,4.573642610762589,-1.8055944395860282,4.415907847722016,-1.9410989671406438,4.305337675984808,3.92030329349155,-2.802282498724581,3.163203783474198,-3.62800893390963,2.304294203196883,1.872314278067312,1.7140233706465005,1.7224297588256199,1.6643284395428535,1.4570719937873682,1.1897739452331717,7.193123876293114,0.6493881684035061,0.5935941690624992,6.908225803791431,0.7060163567506538,0.6048519514824525,0.4331502185629993,0.5189603944194116,0.5425037392834533,0.6154633475574703,0.7858938088791086,0.8565318811831693,7.049099772662633,0.5299242225639984,6.71058506727708,6.660344704026724,6.56558715188143,6.32698731547059,6.173687125330892,6.060470664928044,6.129819365900367,6.398983995603352,6.553308852967446,6.510979110280932,6.491844688326086,6.328862841390019,6.119551759486553,6.01955114420941,5.870687177924854,5.481357007163788,5.1016453792189465,4.445646075492712,4.2363610139448875,3.8928684543039123,3.530603670027966,3.211124381462322,2.869445575528989,2.832323922189039,2.820555353245725,2.7449607086847205,2.4278654328953717,2.184639905731628,2.0594968386782515,2.004073245844383,1.7994173155894464,1.5365235418562446,7.635296708886652,7.365865806848435,7.078169811330793,6.62908917176919,6.296844779772951,-0.26446162259909056,5.805237088395694,5.821915068492358,-0.48588291281833257,5.737480852381959,5.6823928611180365
4.380999999999798,0.2598810859662896,-0.1343597834781093,5.672034818390152,5.588185346251382,5.531241214155099,5.379094467568853,4.987347812080072,4.637148202216485,4.32604767118145,10.026603005746665,3.0061065382126033,2.3528919510335653,1.5737296935876872,0.8694573754292235,0.23029791245828463,-0.4891930712129688,5.388027313351863,-1.0598200545697207,5.107528065660771,5.105987782569282,-1.2724028819526807,-1.2760891507532535,-1.1129060445999621,-1.229806882887347,-1.367814177209862,-1.5745403764947223,-1.619123257746883,-1.6391876251133175,-1.736016955724968,4.5681251422542895,-1.8110031162438212,4.410647671558776,-1.9461758879505033,4.300472651071589,3.915692105455088,-2.8066142035613093,3.159151164396497,-3.631749395724319,2.300847675541448,1.8691719494853187,1.7111586949672934,1.7198361066821795,1.6620028656747938,1.455016890300244,1.1879912431087685,7.191614014685301,0.6481510042010684,0.5926240800123791,6.907527541462336,0.7055973760538095,0.6047206920752554,0.4333179752850768,0.5194319314284183,0.5432850282422819,0.6165601634259709,0.7873121118549932,0.8582662166700744,7.051144526332037,0.5322752684209331,6.713218178829707,6.663235705401937,6.568708128960794,6.330309089091793,6.177167327359433,6.064065956842483,6.133484442871038,6.402673624808485,6.556976089931652,6.514579917298679,6.49533776757291,6.332209114933319,6.122717440387287,6.022513705497373,5.873426651380278,5.483845968066874,5.103881304750031,4.447591005264423,4.238083120953633,3.8943791118527713,3.531927406241493,3.2122942031787045,2.8704939997512153,2.833291504384793,2.821476323714198,2.745868669243025,2.428793514361904,2.1856181849682734,2.060550947963473,2.005225781781452,1.800689930198551,1.5379337856965847,7.636853610402729,7.367579894311958,7.080045462316082,6.631136267565879,6.299050374187605,-0.26210910856610464,5.8077213700879815,5.82451165072745,-0.4831945293557082,5.7402364739799925,5.685186782466632
4.390999999999801,0.25923487280417207,-0.1315805154841673,5.674829172122116,5.590947256566483,5.533930063740674,5.381665366020138,4.989742878686482,4.639319819828536,4.327948794826383,10.028140023840784,3.0071733624292,2.353469976694356,1.573713331061815,0.868849372650341,0.22910310663426547,-0.4910291628315008,5.385664187681162,-1.0626665143124903,5.104218245607399,5.1022430639484275,-1.276550747705276,-1.2805975820008761,-1.1177324907075459,-1.2348973134857912,-1.373114013008655,-1.5799945344201036,-1.6246720454425834,-1.6447756920225298,-1.741591440359073,4.562613438806945,-1.8164066715901657,4.405391926926521,-1.9512490869483674,4.295610649494611,3.911083199033968,-2.8109443337014697,3.1550995364984464,-3.6354894238150894,2.2974011892980823,1.8660293626068463,1.708293618523455,1.7172420255674004,1.6596769202663555,1.4529615414399504,1.1862084807471578,7.190104317835192,0.6469142454689615,0.5916546343539434,6.906830131750007,0.7051794033323273,0.6045905015035947,0.43348675625433375,0.5199043607423861,0.5440669545156227,0.6176572476135196,0.7887302071858157,0.8599997659395751,7.053187821039691,0.5346241010965824,6.715848336484549,6.6661230367606175,6.571824767363868,6.333625921458621,6.180642119058339,6.067655517434098,6.137143632977471,6.406357386710267,6.560637659556009,6.518175429827909,6.4988260885697615,6.335551316893826,6.1258798608715415,6.025473895139135,5.876164698422101,5.486334513838661,5.106117800410451,4.449537553667482,4.239807644383595,3.8958928840742884,3.5332548149633864,3.2134680926851313,2.8715467272023836,2.8342634637245365,2.822401602757585,2.746780742605925,2.4297253912817696,2.186599863929245,2.061608011307582,2.0063807930375086,1.801964511700582,1.5393454758776677,7.63841145463922,7.369294418913631,7.081921051054653,6.633182768493561,6.301254867925552,-0.25975820088350915,5.810203533713756,5.827105600199249,-0.48050931009761605,5.742988390552212,5.687976463352273
4.400999999999804,0.2585891082079806,-0.12877726736110304,5.6776187808259,5.59370396004529,5.536613318881392,5.384230378053841,4.992131872394098,4.6414853348904925,4.32984395754446,10.02967139601382,3.0082350403437834,2.3540435494927983,1.573693373782531,0.8682387869852471,0.22790683984317794,-0.49286550982335403,5.383302002625407,-1.065510857685805,5.100911671241887,5.098502646356192,-1.2806933946161205,-1.2851000211012384,-1.122552323006356,-1.2399807293669844,-1.3784066266771235,-1.5854414535419161,-1.6302137514989,-1.6503569930209623,-1.7471596118869819,4.557107490428967,-1.821805111729223,4.400140611466048,-1.956318563013497,4.2907516754464465,3.9064765814462943,-2.815272879359042,3.1510489113228353,-3.639229005250425,2.2939547579470925,1.862886530872942,1.7054281540790515,1.7146475270411667,1.6573506131742912,1.4509059548396646,1.184425663091566,7.18859478764891,0.6456778908885884,0.5906858276345475,6.9061335671941,0.7047624283948445,0.6044613672803703,0.43365654730918896,0.5203776672946598,0.5448495030062548,0.6187545858920809,0.7901480823960451,0.8617325191372939,7.055229650384961,0.5369707184080652,6.718475542414066,6.669006704672081,6.5749370779435985,6.336937827470677,6.184111518651715,6.071239367432689,6.1407969585184325,6.410035304200642,6.5642935842628285,6.5217656688122325,6.502309669829202,6.3388894625153425,6.129039032228442,6.028431720004097,5.878901321238535,5.488822641834226,5.108354858955636,4.45148570897344,4.241534569108462,3.8974097532422904,3.5345858768324048,3.214646030020182,2.872603738343893,2.835239781949582,2.8233311741564644,2.7476969151599566,2.4306610531216393,2.1875849351608516,2.0626680240668565,2.0075382773417707,1.8032410596888286,1.5407586132104127,7.639970242891362,7.371009381823734,7.083796578096791,6.635228674188288,6.303458259676701,-0.2574089015858006,5.812683576951747,5.829696914865351,-0.4778272560923224,5.745736602786699,5.690761906881239
4.410999999999808,0.2579438586412429,-0.12594993718478997,5.680403650621933,5.596455466116547,5.539290992425708,5.386789519813221,4.994514812394612,4.64364476890098,4.33173318221106,10.031197145623604,3.0092915946675074,2.3546126902627273,1.57366983954473,0.867625632277476,0.22670912128050102,-0.4947021081909651,5.380940756904999,-1.068353091281547,5.097608330939365,5.094766513589356,-1.284830842555919,-1.2895964906871484,-1.1273655659220465,-1.2450571554642818,-1.3836920425707653,-1.590881156628043,-1.6357483962827708,-1.655931545410665,-1.7527214840674197,4.551607287135148,-1.8271984427818564,4.394893722782556,-1.9613843150750885,4.285895733060204,3.9018722598430853,-2.8195998308194024,3.146999300340286,-3.6429681271708887,2.290508394898282,1.8597434676561968,1.7025623143320323,1.7120526226001733,1.6550239541967147,1.4488501380813759,1.1826427950451113,7.187085426007456,0.6444419391348044,0.5897176554152753,6.905437840369902,0.7043464411078749,0.604333276997802,0.4338273343858334,0.5208518361291639,0.5456326587340306,0.6198521641500687,0.7915657251187719,0.8634644665023995,7.057270008038604,0.5393151182151812,6.721099798803444,6.671886715687979,6.578045071505512,6.340244821951811,6.187575544264829,6.074817527451789,6.144444441665282,6.413707400039296,6.5679438863441355,6.525350655073406,6.505788529756557,6.342223566954442,6.132194965684483,6.031387186927333,5.881636522013818,5.4913103494357145,5.1105924731979275,4.453435459538966,4.243263880108777,3.8989297017526146,3.5359205726163854,3.215827995349607,2.8736650137531377,2.8362204408984235,2.8242650217629683,2.748617173332832,2.4316004893551875,2.1885733911840193,2.0637309815447855,2.008698232350298,1.8045195736713147,1.5421731984183704,7.641529976375336,7.372724784151389,7.085672043957107,6.6372739842823565,6.305660548158509,-0.25506121265192033,5.815161497557901,5.832285592773789,-0.4751483682941284,5.748481111458807,5.6935431162307015
4.420999999999811,0.2572991906348009,-0.12309842420677992,5.683183787676169,5.599201784224041,5.541963097203373,5.389342807388466,4.996891717793231,4.645798143244857,4.333616491568508,10.032717295883579,3.010343047965747,2.35517741970112,1.5736427460246465,0.8670099222772008,0.2255099600788331,-0.49653895396554165,5.378580449246616,-1.071193221649895,5.094308213149503,5.091034649548053,-1.2889631112709914,-1.294087013253577,-1.1321722437371218,-1.2501266165720701,-1.3889702849181194,-1.5963136663381108,-1.641276000076127,-1.6614993664346875,-1.7582770706269903,4.5461128189470354,-1.8325866708851077,4.389651258446248,-1.9664463421116793,4.281042826410053,3.8972702413086937,-2.8239251784390396,3.14295071494941,-3.6467067767890673,2.2870621134909634,1.8566001862607675,1.6996961119143204,1.7094573236781125,1.6526969530734004,1.446794098696282,1.1808598814712579,7.185576234767158,0.6432063888762946,0.5887501132711837,6.90474294388838,0.7039314313956401,0.6042062183270236,0.4339991035175977,0.5213268523995995,0.546416406834962,0.6209499683914028,0.7929831230948047,0.8651955983668181,7.059308887742171,0.5416572984200436,6.723721107850463,6.674763076342407,6.581148758808046,6.34354691965063,6.191034213924763,6.078390017989427,6.148086104462803,6.417373696854505,6.571588587962504,6.528930409312118,6.509262686650627,6.345553645281066,6.135347672403996,6.0343403027098725,5.8843703029282866,5.493797634052179,5.1128306360061835,4.455386793805205,4.24499556247107,3.900452712122078,3.5372588832111083,3.217013968965177,2.8747305341224503,2.8372054225058623,2.825203129500187,2.74954150359318,2.4325436894632393,2.189565224494832,2.064796878992938,2.009860655647114,1.8058000530720595,1.5435892321390003,7.643090656229425,7.3744406269454545,7.0875474491150765,6.6393186984044,6.307861732115649,-0.25271513600598533,5.8176372933643545,5.834871632061789,-0.472472647564668,5.751221917429927,5.696320094647679
4.430999999999814,0.2566551707847976,-0.12022262891617384,5.685959198199315,5.60194292382618,5.544629646025377,5.3918902568170175,4.999262607609361,4.6479454791941555,4.335493908227214,10.034231869864032,3.01138942265932,2.355737758369219,1.5736121107808019,0.8663916706419569,0.22430936530835935,-0.4983760432068702,5.376221078383128,-1.0740312552997056,5.09101130639587,5.0873070382349015,-1.2930902203842924,-1.2985716111587515,-1.1369723805920269,-1.255189137346764,-1.3942413778215987,-1.6017390052240956,-1.6467965830762465,-1.6670604732771699,-1.7638263852600133,4.540624075893293,-1.837969802191686,4.384413215992912,-1.9715046431505607,4.276192959511751,3.8926705328612257,-2.828248912645265,3.1389031664769664,-3.650444941389509,2.2836159269939715,1.8534566999224114,1.6968295593919045,1.7068616416458644,1.6503696194860806,1.4447378441651806,1.1790769271942656,7.184067215760115,0.641971238775945,0.587783196791539,6.904048870396238,0.7035173892399008,0.6040801790176779,0.4341718408343259,0.5218027013686495,0.5472007325603184,0.62204798473457,0.7944002641717756,0.866925905154451,7.0613462833073894,0.543997256966715,6.726339471765377,6.677635793152016,6.5842481505628685,6.34684413524102,6.194487545561086,6.081956859428887,6.151721968830015,6.421034217143977,6.5752277111518875,6.532504952108779,6.5127321587044005,6.348879712479124,6.138497163489609,6.037291074118978,5.887102666158448,5.4962844931194255,5.115069340305387,4.457339700297139,4.2467296013870195,3.9019787669874564,3.538600789639179,3.2182039312835564,2.875800280258057,2.8381947088021557,2.8261454813615843,2.750469892450295,2.4334906429339136,2.1905604275650488,2.065865711611813,2.011025544745302,1.807082497232325,1.545006714924934,7.644652283515153,7.376156911195429,7.0894227940156025,6.641362816179485,6.310061810319668,-0.25037067351800957,5.820110962278401,5.837455030954567,-0.4698000946741902,5.75395902164627,5.699092845447978
4.440999999999818,0.25601186575054263,-0.1173224531027738,5.688729888446071,5.604678894395561,5.547290651683895,5.394431884083887,5.001627500777267,4.650086797909032,4.33736545466681,10.03574089049331,3.0124307410257027,2.356293726693652,1.573577951254948,0.8657708909373626,0.22310734597731607,-0.5002133720031247,5.3738626430534975,-1.0768671986988902,5.087717599275285,5.083583663754138,-1.2972121893964212,-1.3030503066252421,-1.1417660004862262,-1.2602447423077945,-1.3995053452583148,-1.607157195730929,-1.6523101653961032,-1.672614883063431,-1.7693694416283674,4.5351410480100585,-1.8433478428694627,4.379179592924497,-1.9765592172671973,4.271346136323161,3.888073141452954,-2.832571023935931,3.1348566661780324,-3.6541826083286573,2.2801698486056963,1.850313021808522,1.69396266926494,1.7042655878116912,1.6480419630587428,1.4426813819188582,1.1772939369996296,7.182558370794633,0.6407364874912038,0.5868169015800474,6.903355612575961,0.7031043046797872,0.6039551468975143,0.43434553256175495,0.5222793684071897,0.5479856212757334,0.6231461994116988,0.7958171363032527,0.8686553773804003,7.063382188615578,0.5463349918408452,6.728954892770795,6.680504872616111,6.587343257435181,6.350136483322645,6.1979355570065024,6.085518072039466,6.155352056560996,6.424688983275693,6.578861277818451,6.536074303924298,6.516196964005754,6.352201783447094,6.141643449982697,6.040239507888425,5.889833613877052,5.498770924099861,5.117308579076246,4.4592941676229385,4.2484659821525845,3.9035078491044723,3.5399462730489173,3.219397862845183,2.8768742330790564,2.839188281912168,2.8270920614104136,2.7514023264538943,2.4344413392627664,2.191558992842634,2.0669374745516897,2.0121928970880947,1.8083669054118432,1.5464256472452174,7.646214859218422,7.377873637832335,7.091298079069536,6.643406337229214,6.312260781568669,-0.24802782700461667,5.82258250228148,5.840035787764128,-0.46713071030282355,5.756692425137652,5.701861372015161
4.450999999999821,0.2553693422522524,-0.11439779992151529,5.691495864714364,5.607409705418553,5.549946126952234,5.396967705121966,5.003986416146738,4.652222120438708,4.339231153237264,10.037244380559047,3.013467025200236,2.356845344967536,1.573540284773,0.8651475966378309,0.2219039110324519,-0.5020509364706758,5.371505142002696,-1.0797010582747903,5.084427080457193,5.079864510310771,-1.3013290376866222,-1.3075231217410341,-1.1465531272792713,-1.2652934558385858,-1.404762211080895,-1.6125682601970959,-1.6578167670647177,-1.6781626128600597,-1.7749062533613398,4.529663725341302,-1.8487207991009798,4.373950386709687,-1.9816100635846563,4.266502360744766,3.8834780739707337,-2.836891502879141,3.1308112252361653,-3.6579197650347743,2.276723891454104,1.8471691650181747,1.691095453967851,1.701669173421427,1.6457139933579228,1.4406247193384727,1.1755109156345143,7.181049701655652,0.6395021336744361,0.5858512232550779,6.902663163145854,0.7026921678116265,0.6038311098719886,0.43452016502089846,0.5227568389935092,0.5487710584603185,0.6242445987676424,0.7972337275478643,0.8703840056502012,7.065416597617049,0.5486705010693116,6.73156737310154,6.683370321216751,6.590434090044056,6.3534239784214686,6.201378265997506,6.089073675977235,6.158976389325688,6.428338017488738,6.582489309741385,6.539638485100864,6.519657120538151,6.355519872998606,6.14478654286383,6.043185610718767,5.892563148253152,5.501256924482337,5.1195483453548105,4.461250184473344,4.250204690167179,3.9050399413467907,3.541295314713259,3.220595744313162,2.877952373616393,2.840186124054533,2.8280428537791544,2.7523387921938762,2.435395767952933,2.192560912752266,2.068012162913461,2.013362710049949,1.8096532767900342,1.5478460294865435,7.6477783842506115,7.379590807729584,7.093173304654217,6.645449261171824,6.314458644686972,-0.24568659822974218,5.825051911428187,5.84261390088808,-0.4644644950418263,5.759422129016307,5.704625677799532
4.460999999999824,0.25472766706866207,-0.1114485739581842,5.694257133344615,5.610135366394881,5.552596084584781,5.399497735812334,5.006339372483736,4.654351467722378,4.3410910261599875,10.038742362709351,3.0144982971773167,2.3573926333515773,1.573499128545963,0.8645218011272799,0.22069906935948608,-0.503888732753902,5.369148573981611,-1.0825328404145456,5.081139738683033,5.076149562209731,-1.305440784513773,-1.311990078460592,-1.1513337846918608,-1.2703353021875263,-1.4100119990182929,-1.6179722208552307,-1.6633164080275058,-1.6837036796750091,-1.7804368340554793,4.524192097939159,-1.8540886770829603,4.368725594784456,-1.9866571812730442,4.261661636620166,3.878885337236409,-2.84121034011296,3.1267668547635794,-3.6616563990078617,2.273278068596785,1.8440251425821754,1.688227925869436,1.6990724096586758,1.6433857198929986,1.4385678637559318,1.1737278678081806,7.179541210105165,0.6382681759732692,0.5848861574498789,6.901971514860086,0.7022809687887699,0.6037080559238647,0.43469572462743666,0.5232350987125386,0.5495570297057902,0.6253431692590702,0.7986500260684296,0.8721117806590626,7.0674495043305265,0.551003782719861,6.734176915004537,6.686232145418854,6.593520658962721,6.356706634990242,6.204815690175024,6.0926236912857625,6.162594988670713,6.4319813418941365,6.586111828573732,6.543197515862718,6.523112646181336,6.358833995863035,6.147926453053224,6.046129389277604,5.895291271452162,5.503742491781982,5.121788632232075,4.463207739621025,4.251945710932829,3.9065750267050223,3.5426478960286674,3.22179755647217,2.879034683011861,2.841188217540831,2.8289978426689446,2.7532792763000824,2.436353918515272,2.19356617969585,2.069089771749458,2.014534980937608,1.8109416104672018,1.5492678619544618,7.649342859449695,7.381308421703843,7.095048471113989,6.6474915876222695,6.316655398524807,-0.24334698890532774,5.827519187845279,5.845189368808469,-0.4618014493948202,5.762148134475703,5.7073857663171275
4.470999999999828,0.2540869070345042,-0.10847468129641866,5.69701370071899,5.61285588683721,5.555240537316942,5.402021991984567,5.008686388471045,4.656474860590143,4.342945095528934,10.040234859454008,3.0155245788115748,2.357935611875156,1.573454499670852,0.8638935176998354,0.21949282978356338,-0.5057267570249999,5.366792937746964,-1.0853625514654623,5.077855562765621,5.072438803855035,-1.3095474490173686,-1.3164511986059153,-1.1561079963068868,-1.2753703054689285,-1.4152547326765916,-1.6233690998327066,-1.668809108146626,-1.689238100457694,-1.7859611972744551,4.518726155864273,-1.8594514830258355,4.3635052145526165,-1.99170056954895,4.256823967736593,3.874294938007223,-2.8455275263451236,3.122723565801323,-3.6653924978195738,2.269832393020998,1.8408809674631164,1.6853600972729792,1.6964753076450034,1.6410571521164807,1.4365108224542664,1.171944798192407,7.178032897882632,0.6370346130309307,0.5839216998127887,6.901280660508721,0.70187069782142,0.6035859731128189,0.4348721978911114,0.5237141332550843,0.5503435207156022,0.6264418974535698,0.8000660201310993,0.8738386931911132,7.069480902842557,0.5533348349007549,6.73678352073868,6.689090351670288,6.596602974718879,6.359984467409004,6.208247847085055,6.096168137896883,6.166207876020158,6.435618978475671,6.589728855843193,6.54675141631692,6.526563558712034,6.362144166686079,6.151063191411176,6.049070850199849,5.898017985635929,5.506227623540054,5.124029432853587,4.4651668219199525,4.253689030053348,3.908113088285739,3.544003998514057,3.223003280227373,2.8801211425171056,2.8421945447747756,2.8299570123490283,2.7542237654420645,2.4373157804685057,2.194574786053021,2.0701702960642687,2.015709706991149,1.8122319054657186,1.5506911448745768,7.650908285581303,7.383026480515878,7.09692357876072,6.649533316192329,6.318851041957989,-0.24100900069200568,5.829984329730702,5.847762190090626,-0.45914157377900844,5.7648704427893875,5.71014164114871
4.480999999999831,0.25344712903785127,-0.10547602958599506,5.699765573260677,5.615571276270739,5.5578794978650885,5.404540489417028,5.011027482708897,4.658592319763896,4.34479338331168,10.041721893165649,3.0165458918190478,2.3584743004374067,1.5734064151316032,0.8632627595605287,0.21828520106970653,-0.5075650054837975,5.364438232061222,-1.088190197735375,5.074574541588534,5.068732219748953,-1.31364905021849,-1.3209065038675798,-1.1608757855704763,-1.2803984896639808,-1.4204904355398016,-1.6287589191522236,-1.6742948872013268,-1.6947658920990882,-1.7914793565489238,4.513265889186113,-1.8648092231532751,4.358289243386363,-1.996740227674898,4.251989357825392,3.8697068829762227,-2.8498430523527536,3.1186813693194537,-3.6691280491131266,2.266386877643715,1.8377366525554395,1.6824919804163672,1.6938778784401396,1.6387282994243022,1.4344536026680013,1.1701617114219012,7.17652476670538,0.6358014434865785,0.5829578460074386,6.9005905929177445,0.7014613451764538,0.6034648495750459,0.4350495714151265,0.5241939284170715,0.5511305173040882,0.6275407700287582,0.8014816981045034,0.8755647341186563,7.071510787306934,0.5556636557604154,6.739387192574708,6.691944946401969,6.599681047795007,6.363257489985578,6.21167475417931,6.099707035631415,6.169815072676384,6.439250949090709,6.593340412952937,6.550300206454122,6.530009875804624,6.365450400030334,6.154196768738504,6.052010000087984,5.900743292962777,5.508712317323768,5.126270740419057,4.4671274203047835,4.255434633233508,3.909654109310495,3.5453636038097254,3.2242128966033547,2.881211733492645,2.8432050882514064,2.830920347156207,2.7551722463288555,2.4382813433393626,2.1955867241816476,2.071253730815539,2.0168868853850164,1.8135241607311938,1.5521158783937308,7.652474663339806,7.38474498487139,7.098798627874316,6.651574446490689,6.321045573887601,-0.23867263519977513,5.83244733535264,5.850332363382027,-0.4564848685263797,5.767589055309827,5.712893305938796
4.4909999999998345,0.25280840001731936,-0.10245252811239715,5.702512757433163,5.618281544232796,5.560512978926508,5.407053243837173,5.0133626737156165,4.660703865858221,4.3466359113505,10.043203486080909,3.017562257778341,2.3590087188082873,1.5733548917999802,0.862629539825991,0.21707619192326552,-0.5094034743575663,5.362084455692516,-1.0910157854930058,5.071296664105502,5.065029794491195,-1.3177456070207691,-1.325356015805774,-1.1656371757930173,-1.2854198786216913,-1.4257191309706485,-1.6341417007323908,-1.679773764888291,-1.7002870714318248,-1.7969913253763952,4.507811287983304,-1.8701619037017267,4.353077678626805,-2.0017761549588067,4.247157810562524,3.8651211787726627,-2.8541569089820618,3.1146402762172256,-3.6728630406032003,2.2629415353116844,1.8345922106855013,1.6796235874722056,1.6912801330421736,1.6363991711561072,1.4323962115835183,1.1683786120947095,7.175016818268997,0.6345686659756241,0.5819945917129504,6.899901304949093,0.7010529011772474,0.6033446735228668,0.4352278318955519,0.5246744700987941,0.5519180053956128,0.6286397737714007,0.8028970484589092,0.87728989440143,7.073539151944131,0.5579902434870748,6.741987932795074,6.694795936027948,6.60275488862866,6.366525716956056,6.215096428815842,6.103240404199899,6.1734165998208175,6.442877275471013,6.596946521182416,6.553843906149317,6.53345161503183,6.368752710375872,6.157327195776976,6.05494684551232,5.903467195587575,5.5111965707261446,5.128512548181972,4.469089523790231,4.257182506278225,3.91119807311486,3.5467266936763004,3.2254263867430577,2.8823064374068954,2.844219830556297,2.8318878314943032,2.7561247057087455,2.439250596662714,2.19660198641832,2.0723400709147763,2.018066513229045,1.8148183751336264,1.5535420625811678,7.654041993349366,7.386463935421846,7.1006736187032065,6.653614978123037,6.323238993239697,-0.23633789398866925,5.834908203048559,5.852899887411168,-0.4538313338848959,5.770303973467279,5.715640764394673
4.500999999999838,0.2521707869591264,-0.099404087867668,5.705255259739514,5.620986700272444,5.563140993179337,5.409560270921832,5.015691979928224,4.662809519381279,4.3484727013634235,10.044679660301597,3.018573698131776,2.359538886629641,1.5732999464364703,0.8619938715251396,0.21586581099036353,-0.511242159900837,5.359731607414557,-1.0938393209683175,5.068021919339808,5.06133151277809,-1.321837138211339,-1.3297997558513204,-1.170392190150181,-1.290434496059822,-1.4309408422113596,-1.6395174663883054,-1.6852457608219824,-1.7058016552303,-1.802497117221109,4.502362342343935,-1.875509530919966,4.347870517584491,-2.0068083507534538,4.2423293295690385,3.860537831962401,-2.8584690871480585,3.110600297323277,-3.676597460075833,2.2594963788014946,1.831447654611646,1.6767549305479401,1.688682082387756,1.6340697765955368,1.4303386563394194,1.1665955047726158,7.173509054247727,0.6333362791300466,0.581031932624128,6.899212789500675,0.7006453562034988,0.6032254332443389,0.4354069661207343,0.5251557443041713,0.5527059710237312,0.6297388955765397,0.8043120597653858,0.8790141650858758,7.075565991040729,0.5603145963084263,6.74458574369383,6.69764332694551,6.605824507612748,6.369789162485278,6.218512888259669,6.106768263203328,6.17701247851473,6.446497979223561,6.600547201688154,6.5573825351626045,6.536888793865398,6.372051112120804,6.160454483209743,6.0578813930112485,5.906189695661775,5.513680381365837,5.130754849449211,4.471053121470454,4.258932635091752,3.912744963147455,3.5480932499936935,3.2266437319067363,2.8834052358352187,2.8452387543647704,2.8328594498336255,2.7570811303690594,2.440223529981718,2.1976205650788425,2.0734293112281295,2.019248587569472,1.816114547468545,1.5549696974296854,7.6556102761649765,7.388183332765287,7.1025485514648565,6.655654910692151,6.325431298964984,-0.23400477856941376,5.83736693122427,5.855464760986461,-0.45118097001966534,5.773015198768671,5.71838402028544
4.510999999999841,0.2515343568940054,-0.0963306216225345,5.707993086721679,5.623686753950068,5.565763553282515,5.412061586297503,5.018015419703062,4.664909300735675,4.3503037749452895,10.04615043779583,3.019580234186526,2.360064823416244,1.5732415956911756,0.8613557675998628,0.2146540668583403,-0.5130810583952129,5.357379686006546,-1.0966608103528672,5.064750296383679,5.057637359401783,-1.3259236624617814,-1.334237745306692,-1.1751408516839301,-1.295442365565814,-1.4361555923844376,-1.644886237832127,-1.6907108945349871,-1.7113096602107765,-1.8079967455139137,4.496919042365867,-1.8808521110686545,4.342667757539925,-2.011836814455954,4.237503918411561,3.8559568490483054,-2.8627795778342597,3.1065614433958157,-3.6803312953883154,2.256051420819643,1.8283029970242841,1.6738860216859854,1.6860837373522977,1.6317401249705146,1.4282809440268807,1.1648123939815354,7.172001476294846,0.6321042815787029,0.5800698644516418,6.8985250395063895,0.7002387006910484,0.6031071171028681,0.43558696097071203,0.5256377371400125,0.5534944003303571,0.6308381224466328,0.8057267206949782,0.8807375373044126,7.077591298948852,0.5626367124912789,6.747180627576483,6.70048712553526,6.608889915095854,6.373047840667316,6.221924149683397,6.110290632133864,6.180602729700028,6.450113081831344,6.604142475504547,6.560916113139937,6.540321429676766,6.375345619581854,6.163578641661757,6.060813649091488,5.908910795333469,5.5161637468869715,5.1329976375806465,4.473018202518441,4.260685005676872,3.9142947629690026,3.5494632547600617,3.2278649134709174,2.8845081104589725,2.8462618424411263,2.8338351867104454,2.75804150713594,2.4412001328479587,2.198642452458716,2.074521446577172,2.020433105389931,1.817412676458129,1.5563987828567702,7.65717951227349,7.3899031774471355,7.104423426346243,6.6576942437979865,6.327622490038531,-0.2316732904040776,5.839823518353011,5.858026982995129,-0.4485337770141015,5.775722732796491,5.72112307744106
4.5209999999998445,0.25089917689396407,-0.09323204399980017,5.710726244959789,5.626381714837007,5.568380671875732,5.414557205540632,5.020333011316396,4.6670032302193265,4.352129153568776,10.047615840399159,3.020581887115751,2.360586548556851,1.5731798561046961,0.8607152409056967,0.21344096805619225,-0.514920166149187,5.3550286902531115,-1.0994802598001563,5.061481784397714,5.053947319249437,-1.33000519832906,-1.3386700053470169,-1.1798831833035195,-1.3004435105977088,-1.4413634044934331,-1.6502480366736476,-1.6961691854783576,-1.716811103031491,-1.8134902236521484,4.491481378157033,-1.8861896504199014,4.337469395744071,-2.016861545507236,4.232681580602769,3.8513782364706413,-2.8670883720923968,3.1025237251228193,-3.6840645344690777,2.2526066740026103,1.8251582505459736,1.6710168728638517,1.683485108750173,1.6294102254535294,1.4262230816900079,1.163029284211906,7.170494086043035,0.6308726719476263,0.5791083829222091,6.897838047936137,0.6998329251317013,0.6029897135368225,0.4357678034166344,0.5261204348152874,0.5542832795649394,0.631937441490698,0.8071410200178883,0.8824600022747184,7.079615070085616,0.564956590341212,6.749772586759889,6.703327338161209,6.6119511213825,6.376301765525949,6.2253302301678355,6.11380753037556,6.184187374200027,6.4537226046541765,6.607732363544662,6.5644446596138755,6.543749539737736,6.37863624699491,6.166699681700199,6.063743620228334,5.911630496747441,5.518646664958986,5.135240905988768,4.474984756185399,4.262439604134095,3.9158474562513828,3.5508366900907866,3.2290899129273782,2.885615043064572,2.847289077637875,2.83481502672648,2.759005822874135,2.4421803948215803,2.199667640833614,2.0756164717396692,2.0216200636124406,1.818712760752324,1.5578293187057202,7.658749702094632,7.391623469960986,7.106298243504343,6.659732977037761,6.329812565459468,-0.22934343090671427,5.842277962974533,5.860586552402134,-0.44588975487106713,5.778426577207692,5.723857939751423
4.530999999999848,0.25026531406889246,-0.09010827154900725,5.713454741071466,5.629071592515148,5.57099236157936,5.417047144177895,5.022644772965016,4.669091328026311,4.353948858585441,10.049075889815697,3.021578677959707,2.3611040813152275,1.573114744109007,0.8600723042124978,0.21222652305500997,-0.5167594794979588,5.352678618944215,-1.102297675425969,5.058216372610282,5.050261377302444,-1.334081764256446,-1.3430965570210722,-1.184619207786488,-1.305437954485054,-1.4465643014237075,-1.65560288442086,-1.7016206530219524,-1.7223060002927633,-1.8189775649995334,4.486049339835729,-1.8915221552568386,4.332275429418857,-2.02188254339153,4.22786231960185,3.8468020006074677,-2.8713954610421175,3.0984871531222273,-3.6877971653175674,2.249162150916945,1.8220134277315085,1.6681474959942786,1.6808862073349253,1.627080087161918,1.4241650763261833,1.1612461799190676,7.168986885104749,0.6296414488603221,0.5781474837787668,6.897151807795832,0.6994280200730443,0.6028732110591491,0.43594948052018617,0.5266038236404046,0.5550725950836458,0.6330368399234688,0.8085549466026651,0.8841815512990184,7.081637298932566,0.5672742282022348,6.752361623572112,6.7061639711708585,6.615008136733448,6.379550951015128,6.228731146702611,6.117318977205067,6.187766432720227,6.457326568929491,6.611316886601014,6.567968194004318,6.547173141221138,6.381923008515581,6.169817613834887,6.0666713128659,5.9143488020451995,5.521129133276456,5.137484648138294,4.476952771800151,4.264196416660869,3.917403026776696,3.5522135382174578,3.2303187118821284,2.8867260155425667,2.8483204428949844,2.835798954548384,2.7599740644867876,2.44316430547143,2.20069612245986,2.0767143814503366,2.0228094590983705,1.8200147989299322,1.55926130474675,7.660320845982002,7.39334421074939,7.108173003066601,6.661771110006041,6.332001524250686,-0.22701520144399534,5.8447302636942,5.8631434682491035,-0.4432489035140039,5.78112673373261,5.726588611165408
4.540999999999851,0.24963283556300964,-0.08695922282234098,5.7161785817111435,5.6317563965765505,5.5735986349944096,5.419531417686471,5.0249507227668255,4.671173614247716,4.355762911226728,10.05053060761922,3.0225706276268594,2.3616174408311723,1.5730462760283268,0.8594269702051114,0.21101074026841246,-0.5185989948032513,5.35032947087508,-1.105113063308718,5.0549540503169546,5.046579518635644,-1.3381533785744373,-1.3475174212522711,-1.1893489477796397,-1.310425720429808,-1.4517583059431907,-1.6609508024805193,-1.7070653164547802,-1.7277943685371044,-1.8244587828860632,4.480622917530903,-1.8968496318731998,4.327085855757669,-2.0268998076358673,4.223046138814977,3.842228147775029,-2.8757008358706946,3.0944517379421406,-3.6915291760041318,2.2457178640593463,1.8188685410680128,1.6652779029253701,1.678287043799468,1.6247497191581457,1.42210693488641,1.1594630855236392,7.167479875072574,0.6284106109380538,0.5771871627806392,6.896466312127411,0.699023976118266,0.6027575982569909,0.4361319794330168,0.5270878900264957,0.5558623333485563,0.6341363050645568,0.8099684894154013,0.8859021757633799,7.083657980035131,0.5695896244564457,6.7549477403523035,6.708997030895286,6.618060971365975,6.3827954110194485,6.2321269161867745,6.120824991792348,6.191339925849078,6.460924995773138,6.614896065346357,6.571486735619253,6.550592251201492,6.385205918219753,6.172932448518691,6.069596733417352,5.917065713365031,5.523611149558938,5.139728857545791,4.478922238768532,4.26595542955079,3.9189614584363386,3.5535937814868697,3.2315512920544105,2.887841009886728,2.8493559212391313,2.836786954907242,2.760946218915227,2.444151854375191,2.2017278895748915,2.0778151704015912,2.0240012886494094,1.8213187894996974,1.5606947406780836,7.661892944224061,7.395065400204626,7.110047705131407,6.663808642294826,6.334189365458559,-0.22468860333583632,5.847180419182098,5.865697729653278,-0.44061122278804826,5.783823204173905,5.729315095689974
4.5509999999998545,0.24900180855114926,-0.08378481845178348,5.718897773569391,5.634436136623066,5.5761995047024735,5.422010041494314,5.02725087876143,4.673250108872471,4.357571332604975,10.051980015254276,3.0235577568949763,2.3621266461215353,1.5729744680799798,0.8587792514840336,0.2097936280529782,-0.5204387084531312,5.347981244846112,-1.1079264294897795,5.0516948068799215,5.042901728416542,-1.3422200595016651,-1.351932618839639,-1.194072425800017,-1.315406831507231,-1.4569454407031335,-1.6662918121587034,-1.7125031949853358,-1.733276224249332,-1.8299338906079023,4.475202101382431,-1.9021720865729101,4.3219006719258255,-2.031913337809576,4.2182330415957665,3.837656684228144,-2.8800044878327324,3.090417490061026,-3.695260554669883,2.2422738258567603,1.8157236029750363,1.6624081054407351,1.6756876287762923,1.6224191304500848,1.4200486642756538,1.1576800054118894,7.165973057519585,0.6271801568001237,0.5762274157037012,6.8957815540088365,0.6986207839259744,0.6026428637913068,0.4363152873961741,0.5275726204847067,0.5566524809268629,0.6352358243376236,0.8113816375189397,0.8876218671370121,7.085677108002083,0.5719027775236951,6.757530939450574,6.71182652364923,6.621109635454154,6.3860351593546065,6.235517555429401,6.124325593201374,6.194907874058751,6.464517906180167,6.618469920334461,6.575000303655488,6.554006886655661,6.388484990104138,6.176044196147945,6.072519888265155,5.919781232842037,5.526092711550791,5.141973527779284,4.480893146572785,4.267716629192828,3.92052273523008,3.554977402360024,3.2327876352757063,2.888960008193142,2.850395495782969,2.8377790125980757,2.761922273138769,2.445143031119521,2.2027629343977257,2.0789188332442943,2.0251955490085107,1.8226247309013723,1.5621296261270334,7.663465997045103,7.396787038669455,7.111922349768552,6.66584557349363,6.336376088152646,-0.22236363785601382,5.84962842817216,5.868249335806468,-0.4379767124611335,5.786515990405496,5.732037397389259
4.560999999999858,0.24837230023487927,-0.08058498122749176,5.721612323372252,5.637110822265963,5.578794983265665,5.424483030980424,5.02954525891071,4.675320831788171,4.359374143714412,10.053424134037261,3.0245400864122183,2.362631716081222,1.5728993363752521,0.8581291605660699,0.20857519470867406,-0.5222786168618272,5.345633939662828,-1.110737779973828,5.048438631727427,5.039227991904548,-1.3462818251457964,-1.3563421704587817,-1.198789664235866,-1.3203813106667721,-1.462125728238852,-1.6716259346613678,-1.7179343077419407,-1.738751583856683,-1.8354029014272897,4.469786881541396,-1.9074895256696804,4.316719875061069,-2.0369231335237945,4.213423031245725,3.8330876161605896,-2.8843064082498664,3.0863844198879216,-3.69899128952657,2.2388300486664745,1.8125786258046568,1.6595381152596291,1.673087972837673,1.6200883299912927,1.4179902713531782,1.1558969439361024,7.164466433999685,0.6259500850641472,0.5752682383405348,6.89509752655409,0.6982184342100126,0.6025289963964928,0.43649939173954194,0.5280580016254963,0.5574430244900785,0.6363353852695599,0.8127943800720854,0.8893406169715751,7.087694677504996,0.5742136858612515,6.760111223227874,6.714652455731164,6.624154139129131,6.389270209767864,6.2389030811501875,6.127820800390831,6.198470297705886,6.468105321025617,6.622038472000883,6.578508917199382,6.557417064463509,6.39176023808681,6.179152867062846,6.075440783761297,5.922495362608172,5.528573817021018,5.144218652457881,4.482865484770973,4.269480002070543,3.9220868412651546,3.5563643834111454,3.234027723488753,2.890082992659318,2.8514391497243996,2.838775112479352,2.762902214174515,2.4461378253001866,2.203801249129417,2.0800253645884834,2.026392236860827,1.823932621506773,1.5635659606510617,7.665040004606219,7.398509126437883,7.113796937019678,6.66788190318957,6.338561691425416,-0.22004030623277546,5.8520742894612985,5.870798285974025,-0.43534537222507763,5.7892050943715265,5.734755520383673
4.570999999999861,0.24774437783845177,-0.0773596361773899,5.724322237880581,5.639780463125552,5.58138508322657,5.426950401475113,5.031833881099397,4.677385802781891,4.361171365432145,10.054862985157497,3.025517636698213,2.3631326694841936,1.572820896920239,0.8574767098849875,0.2073554484792804,-0.5241187164695518,5.343287554135781,-1.1135471207291658,5.045185514353213,5.035558294450213,-1.3503386935044224,-1.3607460966628424,-1.203500685347589,-1.325349180732947,-1.4672991909704671,-1.6769531910948976,-1.7233586737730802,-1.7442204637289305,-1.840865828572443,4.464377248170352,-1.9128019554866103,4.311543462274026,-2.0419291944309803,4.208616111014709,3.8285209497054877,-2.88860658851047,3.0823525377626435,-3.702721368856438,2.2353865447762202,1.809433621841588,1.6566679440370986,1.6704880864958755,1.617757326681288,1.4159317629328803,1.1541139054149354,7.1629600060479515,0.6247203943463192,0.5743096265005794,6.8944142229131735,0.6978169177392747,0.6024159848800061,0.4366842798812833,0.5285440201579398,0.5582339508132519,0.6374349754896732,0.8142067063288266,0.8910584169004947,7.089710683277708,0.5765223479634681,6.762688594055861,6.717474833423381,6.627194492479396,6.392500575938496,6.242283509980056,6.131310632214808,6.202027217032357,6.471687261065298,6.625601740663743,6.582012595227569,6.560822801408546,6.395031676007749,6.182258471547857,6.078359426227519,5.92520810479228,5.5310544637630885,5.146464225251393,4.484839242996379,4.271245534761321,3.9236537607553568,3.557754707326709,3.2352715387465723,2.891209945583303,2.8524868663458527,2.8397752394725018,2.763886029077155,2.4471362265221988,2.204842825953509,2.0811347590040965,2.0275913488346418,1.8252424596208199,1.565003743738834,7.666614967006244,7.400231663755892,7.11567146689874,6.669917630967424,6.340746174391964,-0.21771860964944137,5.854518001908555,5.87334457949383,-0.4327172016966581,5.791890518085336,5.737469468849021
4.5809999999998645,0.24711810860457892,-0.07410871064795853,5.7270275238894,5.642445068830822,5.583969817108184,5.429412168260262,5.034116763135635,4.679445041540999,4.362963018519129,10.056296589678302,3.0264904281451246,2.363629524984455,1.5727391656166871,0.8568219117921633,0.20613439755281385,-0.525959003742321,5.3409420870804825,-1.1163544576880498,5.041935444315954,5.031892621494479,-1.3543906824659442,-1.365144417883451,-1.208205511268694,-1.3303104644062076,-1.4724658512036377,-1.6822736024666562,-1.7287763120477413,-1.7496828801785005,-1.846322685237471,4.458973191443581,-1.9181093823557989,4.306371430648668,-2.0469315202244354,4.203812284101361,3.823956690935685,-2.892905020069358,3.0783218539559987,-3.7064507810120917,2.231943326404282,1.8062886033032888,1.6537976033641315,1.667887980203365,1.615426129365825,1.4138731457836171,1.1523308941337729,7.161453775180962,0.6234910832616762,0.5733515760102796,6.893731636272104,0.6974162253375208,0.6023038181219897,0.4368699393272869,0.5290306628890398,0.5590252467741919,0.6385345827288831,0.8156186056375627,0.8927752586382811,7.091725120115795,0.5788287623614533,6.765263054316779,6.72029366299207,6.630230705551061,6.395726271478242,6.2456588584617245,6.134795107423485,6.2055786521660155,6.475263746936562,6.629159746524487,6.585511356607681,6.564224114178567,6.398299317629375,6.185361019832106,6.081275821955543,5.927919461520127,5.533534649594778,5.1487102398799545,4.486814410956925,4.273013213935612,3.925223478020146,3.5591483569044704,3.2365190632115106,2.892340849362812,2.853538629013583,2.8407793785614417,2.764873704938778,2.4481382243999463,2.205887657036482,2.0822470110216873,2.028792881502277,1.8265542434825657,1.566442974811254,7.668190884282694,7.401954650822177,7.117545939392444,6.6719527564097385,6.342929536189741,-0.21539854924499796,5.856959564434253,5.8758882157752925,-0.43009220041867285,5.794572263628435,5.740179247015625
4.590999999999868,0.24649355979003268,-0.07083213438619985,5.729728188227245,5.645104649019073,5.586549197413871,5.431868346569579,5.0363939227515395,4.681498567653954,4.364749123621137,10.057724968538036,3.0274584810187064,2.3641223011170345,1.5726541582628286,0.8561647785572263,0.2049120500619471,-0.5277994751717793,5.338597537317334,-1.1191597967470137,5.038688411238707,5.02823095856793,-1.3584378098104457,-1.3695371544316668,-1.212904164006729,-1.335265184263805,-1.4776257311302878,-1.6875871896855288,-1.7341872414557467,-1.7551388494605922,-1.851773484582287,4.453574701547358,-1.9234118126179613,4.3012037772427725,-2.051930110637831,4.199011553653561,3.8193948458641347,-2.897201694447489,3.074292378669997,-3.7101795144163416,2.2285004056996076,1.8031435823400794,1.6509271047678051,1.6652876643530155,1.6130947468371681,1.411814426629534,1.1505479143450759,7.159947742897131,0.6222621504243506,0.5723940827132254,6.893049759852901,0.6970163478831909,0.6021924850749,0.4370563576706191,0.5295179167230427,0.5598168993526987,0.6396341948189254,0.8170300674403403,0.8944911339798564,7.093737982876042,0.581132927622742,6.76783460640333,6.723108950687389,6.633262788348117,6.39894730993176,6.249029143050312,6.138274244663823,6.20912462312144,6.478834799159081,6.6327125096686474,6.5890052200990645,6.567621019366301,6.401563176637081,6.1884605220897715,6.084189977207302,5.93062943491444,5.536014372357999,5.1509566901136425,4.488790978434583,4.274783026356166,3.926795977483763,3.560545315052512,3.2377702791542884,2.893475686494362,2.8545944211769636,2.8417875147921063,2.7658652288886785,2.4491438085573294,2.2069357345281975,2.083362115133136,2.0299968313809993,1.82786797126621,1.5678836532224876,7.669767756412694,7.403678087788869,7.119420354460681,6.673987279096887,6.345111775978274,-0.2130801261146847,5.859398976019157,5.878429194298356,-0.4274703678609883,5.7972503331495115,5.7428848591674715
4.600999999999871,0.24587079866106307,-0.06752983962276231,5.73242423775554,5.6477592133355605,5.5891232366272945,5.434318951588863,5.03866537760375,4.6835464006110845,4.366529701269705,10.059148142551159,3.0284218154593545,2.364611016298957,1.5725658905542097,0.8555053223686968,0.2036884140844253,-0.5296401272750213,5.33625390367156,-1.1219631437671906,5.035444404808365,5.024573291290055,-1.362480093210561,-1.373924326498906,-1.2175966654442139,-1.3402133627606425,-1.4827788528293284,-1.6928939735624653,-1.7395914808080908,-1.7605883877733008,-1.8572182397325294,4.448181768680189,-1.9287092526220533,4.296040499088369,-2.0569249654447446,4.194213922768849,3.8148354204442696,-2.90149660323167,3.070264122038066,-3.7139075575620617,2.225057794741925,1.7999985710352615,1.6480564597114433,1.6626871492783202,1.6107631878343625,1.4097556121503847,1.1487649702687248,7.158441910677019,0.6210335944478197,0.5714371424702892,6.89236858691357,0.6966172763092169,0.6020819747631344,0.4372435225909788,0.5300057686607624,0.5606088956298021,0.6407337996915623,0.8184410812720952,0.8962060347998874,7.09574926647592,0.583434842350971,6.770403252718556,6.725920702743547,6.636290750832709,6.402163704777056,6.2523943801139,6.1417480624802385,6.212665149800675,6.482400438135606,6.636260050066606,6.592494204353497,6.571013533470035,6.4048232666397595,6.191556988440478,6.087101898215151,5.9333380270949325,5.538493629918618,5.153203569772106,4.490768935284792,4.276554958877285,3.9283712436743454,3.5619455647882954,3.2390251689530585,2.8946144395724223,2.8556542263677973,2.84279963327198,2.7668605880931705,2.45015296862789,2.2079870505623376,2.0844800657923415,2.0312031949339104,1.8291836410821023,1.5693257782609717,7.671345583313878,7.405401974762235,7.121294712036959,6.676021198607152,6.347292892938901,-0.21076334131057334,5.861836235703662,5.8809675146125215,-0.4248517034215749,5.7999247288634335,5.745586309641341
4.6109999999998745,0.24524989248863258,-0.06420176115619548,5.735115679367959,5.65040877143314,5.591691947212376,5.436763998456242,5.040931145273971,4.685588559805385,4.368304771883091,10.060566132409257,3.0293804514831395,2.3650956888302086,1.5724743780845107,0.8548435553346185,0.2024634976434802,-0.5314809565944163,5.333911184973135,-1.1247645045746275,5.032203414775119,5.020919605368517,-1.3665175502323301,-1.3783059541578677,-1.2222830373395588,-1.345155022230125,-1.4879252382673736,-1.6981939748110155,-1.744989048837274,-1.766031511257739,-1.8626569637794828,4.442794383053063,-1.934001708724902,4.290881593192177,-2.0619160844581947,4.189419394494868,3.8102784205703832,-2.9057897380742546,3.0662370941252752,-3.7176348990120296,2.2216155055418665,1.7968535814052398,1.6451856795947724,1.6600864452536013,1.6084314610435055,1.4076967089818515,1.1469820660923564,7.1569362799836584,0.6198054139451482,0.5704807511597557,6.891688110748089,0.6962190016028365,0.6019722762826629,0.43743142185415756,0.5304942057989092,0.5614012227870063,0.6418333853778029,0.8198516367599031,0.8979199530521246,7.0977589658930755,0.5857345051855546,6.772968995675711,6.728728925378869,6.639314602925389,6.405375469425933,6.25575458593412,6.145216579315281,6.216200251993968,6.485960684152737,6.639802387574334,6.595978327915893,6.574401672894257,6.408079601170325,6.194650428949686,6.090011591182087,5.936045240178331,5.5409724201662955,5.155450872724188,4.492748271435883,4.278328998444081,3.929949261223058,3.5633490892377235,3.2402837150924753,2.8957570912885693,2.8567180281996327,2.8438157191696463,2.767859769755405,2.4511656942549456,2.2090415972568365,2.085600857415918,2.0324119685708286,1.8305012509777305,1.5707693491504127,7.672924364845299,7.407126311803396,7.12316901202883,6.678054514516798,6.349472886274508,-0.20844819584213983,5.864271342586975,5.883503176335888,-0.4222362064275284,5.802595453050274,5.748283602825982
4.620999999999878,0.24463090854346226,-0.06084783643831336,5.737802519989815,5.653053332971908,5.594255341613233,5.439203502262432,5.04319124326952,4.687625064533277,4.370074355767193,10.06197895868206,3.0303344089828372,2.3655763368946894,1.5723796363463614,0.8541794894831872,0.2012373087082411,-0.5333219596974335,5.331569380056713,-1.1275638849605987,5.028965430951922,5.017269886598431,-1.3705501983360515,-1.3826820573634473,-1.2269633013279773,-1.3500901848849982,-1.4930649092994488,-1.7034872140478658,-1.7503799641976343,-1.7714682359981604,-1.8680896697800076,4.4374125348896865,-1.9392891872908447,4.285727056536044,-2.0669034675301927,4.184627971829787,3.805723852077997,-2.9100810906928505,3.0622113049285486,-3.7213615273987704,2.218173550041092,1.7937086253996517,1.6423147757540788,1.6574855624942233,1.6060995750980163,1.4056377237158604,1.145199205971698,7.155430852262852,0.6185776075292254,0.5695249046774491,6.891008324686393,0.695821514805403,0.60186337880066,0.43762004331150345,0.530983215329425,0.5621938681055441,0.6429329400071273,0.8212617236222369,0.8996328807687476,7.099767076164811,0.588031914801365,6.77553183769813,6.731533624795872,6.642334354505388,6.408582617224421,6.2591097767067225,6.148679813510301,6.2197299493805005,6.489515557381678,6.6433395419341545,6.599457609225008,6.577785453950275,6.411332193686236,6.197740853629061,6.092919062281967,5.9387510762784075,5.543450741014315,5.157698592887549,4.494728976888506,4.280105132091728,3.9315300148632293,3.5647558716342105,3.241545900162775,2.8969036244306534,2.8577858103670897,2.844835757714327,2.76886276111519,2.4521819750917184,2.2100993667143087,2.0867244843838746,2.0336231486491574,1.8318207989386972,1.572214365050769,7.674504100808318,7.408851098929012,7.125043254318309,6.680087226400151,6.351651755209264,-0.20613469067682763,5.866704295826313,5.886036179154192,-0.4196238761360794,5.805262508054339,5.750976743161262
4.630999999999881,0.24401391409088674,-0.05746800566063853,5.7404847665774374,5.655692907618861,5.596813432254127,5.441637478050978,5.045445689023848,4.689655933995376,4.371838473116485,10.063386641818468,3.031283707728948,2.366052978561164,1.572281680732148,0.8535131367633743,0.20000985519414302,-0.5351631331764685,5.329228487761569,-1.130361290681915,5.025730443213955,5.0136241208616354,-1.3745780548771225,-1.3870526559536405,-1.2316374789223912,-1.3550188728181807,-1.4981978876696975,-1.7087737117933677,-1.7557642454656814,-1.7768985780220887,-1.873516370756468,4.432036214426714,-1.9445716946913711,4.280576886077369,-2.0718871145512865,4.179839657722718,3.8011717207442337,-2.9143706528700193,3.058186764376894,-3.725087431424397,2.2147319401124177,1.7905637149014975,1.6394437594623725,1.6548845111568042,1.6037675385789039,1.4035786629008933,1.1434163940308943,7.1539256289434885,0.6173501738129973,0.5685695989368545,6.890329222094341,0.695424807012197,0.601755271555138,0.4378093748993891,0.5314727845388243,0.5629868189656357,0.644032451806723,0.8226713316682314,0.901344810059716,7.101773592387585,0.590327069908412,6.778091781219121,6.734334807181336,6.645350015410857,6.411785161453212,6.262459968542145,6.152137783306122,6.2232542615291155,6.493065077878986,6.646871532775477,6.60293206661414,6.581164892856842,6.4145810575699995,6.200828272436865,6.095824317659718,5.941455537506003,5.545928590399408,5.159946724228307,4.496711041715053,4.281883346944731,3.9331134894294952,3.566165895317767,3.2428117068588653,2.8980540218819764,2.858857556645193,2.845859734195445,2.7698695494488113,2.4532018008014655,2.2111603510224755,2.0878509410402897,2.034836731474747,1.8331422828896857,1.5736608250592246,7.676084790947471,7.410576336111962,7.126917438762291,6.682119333829665,6.353829498988359,-0.203822826740606,5.869135094636114,5.888566522819874,-0.4170147117355906,5.807925896283217,5.753665735137362
4.6409999999998846,0.24339897638551433,-0.05406221184189522,5.743162426117575,5.6583275050475486,5.599366231539413,5.444065940818497,5.047694499897071,4.691681187297252,4.37359714401493,10.064789202147551,3.032228367370703,2.366525631784196,1.5721805265348152,0.8528445090455454,0.198781144963332,-0.5370044736486697,5.326888506931524,-1.1331567274612324,5.022498441498105,5.009982294126,-1.378601137106872,-1.3914177696504426,-1.236305591514325,-1.3599411080035897,-1.5033241950120777,-1.714053488472066,-1.761141911140425,-1.7823225533004443,-1.878937079696669,4.426665411913977,-1.9498492373047762,4.275431078749531,-2.0768670254501247,4.175054455074145,3.796622032288187,-2.918658416452976,3.0541634823316235,-3.72881259986044,2.2112906875599565,1.7874188617272744,1.636572641929552,1.6522833013394302,1.6014353600150322,1.4015195330422952,1.141633634362831,7.152420611437824,0.616123111409691,0.5676148298692357,6.889650796373703,0.6950288693722362,0.6016479438545836,0.43799940463868364,0.5319629008075404,0.5637800628457572,0.6451319091007238,0.8240804507969541,0.9030557331121268,7.103778509716498,0.5926199692515292,6.78064882868183,6.737132478706373,6.648361595439136,6.414983115328081,6.2658051774660715,6.155590506843697,6.226773207899035,6.4966092655873355,6.650398379615542,6.606401718311827,6.584540005740775,6.417826206129695,6.203912695278319,6.098727363431547,5.94415862596905,5.548405966281586,5.1621952607606545,4.498694456059102,4.283663630216198,3.9346996698569505,3.567579143734085,3.244081117979423,2.8992082666204744,2.8599332508887136,2.846887633962179,2.7708801220688573,2.454225161057605,2.2122245422545843,2.088980221693979,2.0360527133027384,1.8344657006954095,1.5751087282111451,7.677666434951344,7.412302023282028,7.128791565192952,6.684150836375997,6.356006116877752,-0.2015126049185195,5.871563738287251,5.891094207151144,-0.4144087123465409,5.810585620206826,5.756350583293948
4.650999999999888,0.24278616266568806,-0.05063040091651806,5.745835505626781,5.660957134937734,5.601913751853485,5.446488905514918,5.049937693176495,4.693700843450163,4.375350388436882,10.066186659879536,3.0331684074370657,2.3669943144050816,1.572076188948659,0.8521736181220749,0.19755118582506734,-0.5388459777557666,5.324549436414886,-1.1359502009873534,5.019269415802448,5.006344392444707,-1.3826194621733883,-1.395777418060736,-1.2409676603747934,-1.3648569122969592,-1.5084438528510573,-1.7193265644132225,-1.766512979643708,-1.7877401777476736,-1.8843518095537939,4.421300117614704,-1.9551218215158166,4.270289631462291,-2.0818432001930165,4.170272366736331,3.792074792371286,-2.9229443733532934,3.050141468586586,-3.732537021547684,2.2078498041192494,1.7842740776271169,1.6337014343025695,1.6496819430818679,1.5991030478833874,1.3994603406025803,1.1398509310294527,7.150915801141786,0.6148964189330353,0.5666605934237462,6.8889730409621155,0.6946336930880841,0.6015413850775945,0.4381901206342287,0.5324535516092797,0.5645735873219117,0.6462313003094605,0.8254890709966838,0.9047656421895768,7.105781823364797,0.5949106116100579,6.783202982539125,6.7399266455264994,6.651369104346996,6.418176492000317,6.269145419419992,6.159038002164767,6.230286807840592,6.500148140336242,6.653920101860152,6.609866582442532,6.5879108086375675,6.421067652599477,6.206994132005989,6.101628205685148,5.946860343772596,5.5508828666439625,5.164444196546495,4.5006792101348365,4.285445969207118,3.9362885411803057,3.568995600433638,3.245354116426002,2.900366341717913,2.861012877031516,2.8479194424230343,2.7718944663240492,2.455252045543848,2.21329193246982,2.0901123206191508,2.0372710903384053,1.8357910501615553,1.5765580734810263,7.679249032453415,7.414028160326554,7.13066563341816,6.686181733608074,6.358181608163918,-0.1992040260552318,5.873990226106262,5.893619232031072,-0.41180587702249816,5.813241682356493,5.759031292219373
4.660999999999891,0.24217554014774603,-0.04717252182414396,5.748504012150835,5.663581806975052,5.604456005560722,5.4489063870437136,5.052175286077124,4.695714921371813,4.377098226247983,10.0675790351068,3.034103847337722,2.36745904415277,1.5719686830701163,0.8515004757079543,0.19631998553612157,-0.5406876421638988,5.322211275064384,-1.138741716915527,5.016043356185727,5.002710401955562,-1.3866330471223358,-1.4001316206771695,-1.2456237066551799,-1.3697663074366517,-1.5135568826023003,-1.7245929598513385,-1.7718774693205344,-1.7931514672218787,-1.8897605732463476,4.415940321805731,-1.960389453715374,4.265152541102216,-2.0868156387835013,4.165493395513731,3.7875300065976596,-2.9272285155466053,3.0461207328683924,-3.7362606853959894,2.204409301457412,1.7811293742849386,1.6308301476656013,1.6470804463657802,1.5967706106093411,1.3974010920017346,1.1380682880620765,7.1494111994352565,0.6136700949974762,0.5657068855675375,6.88829594933307,0.694239269415659,0.6014355846725183,0.4383815110743184,0.5329447245103783,0.5653673800669125,0.6473306139487147,0.8268971823441953,0.9064745296315319,7.107783528603388,0.5971989957975359,6.785754245253467,6.742717313781695,6.654372551850899,6.42136530455714,6.272480710261761,6.162480287212511,6.233795080595927,6.503681721842817,6.657436718804405,6.613326677027342,6.591277317492003,6.424305410140081,6.210072592420142,6.104526850479898,5.949560693018823,5.5533592894925885,5.166693525695076,4.502665294226506,4.287230351305638,3.937880088533056,3.570415249070789,3.246630685202152,2.9015282303390926,2.86209641908592,2.8489551450454087,2.77291256959907,2.4562824439543243,2.21436251371372,2.091247232056057,2.038491858737979,1.8371183290357083,1.5780088597834274,7.680832583032908,7.415754747091102,7.132539643221866,6.688212025093169,6.360355972153601,-0.19689709095556132,5.87641455747459,5.896141597406671,-0.4092062047510788,5.815894085324022,5.761707866549896
4.670999999999895,0.2415671760200763,-0.04368852660004662,5.751167952764149,5.666201530850689,5.606993005005441,5.45131840026214,5.054407295742172,4.697723439887066,4.378840677206059,10.068966347804839,3.0350347063640624,2.367919838644779,1.5718580238985453,0.8508250934413969,0.19508755180117712,-0.5425294635634439,5.3198740217371085,-1.1415312808677465,5.012820252766848,4.9990803088803,-1.3906419088977648,-1.4044803968790338,-1.250273751388111,-1.374669315044461,-1.5186633055733494,-1.7298526949266684,-1.777235398439398,-1.7985564375249528,-1.8951633836581008,4.410586014777728,-1.9656521403001261,4.260019804533066,-2.091784341261923,4.160717544163395,3.7829876805145006,-2.931510835072302,3.042101284836649,-3.7399835803841204,2.200969191173281,1.7779847633185768,1.627958793040219,1.64447882111494,1.5944380565669134,1.3953417936175148,1.1362857094617016,7.147906807682349,0.6124441382183855,0.5647537022858641,6.887619514995861,0.6938455896640416,0.6013305321570935,0.43857356423018284,0.5334364071691666,0.5661614288496697,0.648429838628983,0.8283047750040518,0.9081823878527012,7.109783620760334,0.5994851206613895,6.7883026192967995,6.745504489596474,6.6573719476272295,6.424549566022121,6.275811065766143,6.165917379832202,6.237298045299708,6.507210029712498,6.66094824963342,6.616782019984638,6.59463954815876,6.427539491839316,6.213148086269117,6.107423303847069,5.952259675807063,5.555835232856277,5.1689432423626265,4.504652698687855,4.289016763986354,3.9394742971466528,3.571838073402905,3.2479108074125453,2.902693915741061,2.86318386114206,2.8499947273551745,2.773934419314397,2.4573163459937057,2.215436278018576,2.0923849502116383,2.039715014609467,1.8384475350082705,1.5794610859738931,7.682417086215618,7.417481783380105,7.1344135943644975,6.690241710396965,6.36252920817356,-0.19459180038501128,5.878836731827827,5.898661303288013,-0.40660969445489664,5.818542831760792,5.764380310968871
4.680999999999898,0.24096113743696307,-0.040178370466474406,5.753827334569193,5.668816316261037,5.609524762511835,5.453724959981464,5.056633739243567,4.69972641772868,4.380577760961985,10.070348617833227,3.0359610036901516,2.368376715388101,1.5717442263370012,0.8501474828844382,0.1938538922732203,-0.5443714386688517,5.317537675294445,-1.1443188984330428,5.009600095724376,4.995454099523906,-1.3946460643429157,-1.4088237659331222,-1.254917815488318,-1.3795659566264118,-1.5237631429643046,-1.7351057896857374,-1.7825867851926107,-1.803955104402712,-1.900560253638041,4.405237186835381,-1.9709098876722204,4.254891418596196,-2.0967493077050077,4.155944815395373,3.7784478196124223,-2.935791324033238,3.0380831340841885,-3.7437056955595636,2.1975294847975615,1.7748402562799428,1.625087381385563,1.6418770771954476,1.592105394079033,1.3932824517857436,1.1345031991993118,7.146402627231686,0.611218547212266,0.5638010395821809,6.886943731495559,0.6934526451952823,0.6012262171180914,0.4387662684554762,0.5339285873353389,0.5669557215344831,0.6495289630547454,0.8297118392279035,0.9098892093424189,7.111782095220377,0.6017689850826257,6.79084810715042,6.748288179079953,6.6603673013125535,6.427729289355586,6.27913650162536,6.16934929777184,6.240795720979831,6.510733083439781,6.6644547134230585,6.620232629130782,6.597997516403009,6.430769910712567,6.216220623249682,6.110317571790024,5.954957294233823,5.558310694786426,5.171193340751984,4.50664141394158,4.290805194809606,3.941071152349687,3.5732640572894843,3.249194466262113,2.903863381272333,2.8642751873672636,2.851038174936258,2.7749600029261394,2.458353741377332,2.216513217403837,2.093525469260159,2.04094055401346,1.8397786657133655,1.5809147508498642,7.684002541474729,7.4192092689575055,7.136287486583346,6.692270789083616,6.364701315570331,-0.19228815507029204,5.881256748654977,5.901178349747339,-0.40401634499249967,5.821187924376854,5.767048630205994
4.690999999999901,0.2403574915122225,-0.03664201192484745,5.756482164695917,5.671426172907379,5.612051290383937,5.4561260809671905,5.058854633582443,4.701723873538019,4.382309497060557,10.071725864936598,3.036882758373693,2.3688296917800993,1.5716273051930048,0.84946765552353,0.1926190145539324,-0.5462135642184726,5.31520223460202,-1.1471045751677755,5.0063828752960315,4.991831760273935,-1.3986455302010112,-1.4131617469945887,-1.2595559197534938,-1.3844562535735474,-1.5288564158684934,-1.7403522640818507,-1.7879316476966278,-1.8093474835450307,-1.9059511960003248,4.39989382829761,-1.976162702238958,4.249767380110951,-2.1017105382254537,4.151175211873115,3.7739104293258205,-2.940069974595429,3.034066290137307,-3.747427020038346,2.1940901937929866,1.7716958646551733,1.6222159235985198,1.6392752244159465,1.5897726314178005,1.3912230728006032,1.1327207612161772,7.144898659416672,0.6099933205969498,0.56284889347824,6.886268592412967,0.6930604274242076,0.60112262921096,0.4389596121857676,0.5344212528493275,0.5677502460803437,0.6506279760237433,0.8311183653537924,0.9115949866640282,7.113778947424451,0.6040505879755277,6.793390711304859,6.751068388325912,6.663358622503855,6.430904487455039,6.2824570334496395,6.172776058682801,6.24428812655812,6.514250902408946,6.667956129140642,6.623678522180792,6.601351237901022,6.433996679703284,6.219290213007396,6.113209660284411,5.9576535503927985,5.5607856733568575,5.173443815112241,4.508631430478764,4.292595631420777,3.9426706395670728,3.5746931846912866,3.2504816450551917,2.9050366103721257,2.865370382005427,2.8520854734302308,2.775989307925877,2.45939461983134,2.2175933238765047,2.09466878334383,2.042168472963928,1.8411117187297301,1.5823698531515769,7.685588948231629,7.420937203547378,7.138161319592944,6.69429926071583,6.366872293709986,-0.18998615569983743,5.883674607497714,5.903692736918191,-0.40142615515929425,5.823829365940045,5.7697128290365285
4.700999999999905,0.23975630531262385,-0.0330794128487686,5.759132450301188,5.674031110495562,5.614572600905553,5.4585217779392865,5.061069995689636,4.703715825865761,4.384035904941359,10.073098108745556,3.0377999893569845,2.3692787851094006,1.571507275179303,0.8487856227701321,0.1913829261940784,-0.5480558369743914,5.312867698529636,-1.1498883165959188,5.0031685817782,4.9882132775998445,-1.4026403231160451,-1.4174943591077949,-1.2641880848651394,-1.3893402271627169,-1.533943145273138,-1.7455921379756016,-1.7932700039923737,-1.814733590585979,-1.9113362235242344,4.394555929497758,-1.9814105904124792,4.24464768587504,-2.1066680329715153,4.146408736213854,3.7693755150332278,-2.9443467789877573,3.030050762456001,-3.751147543004851,2.1906513295544663,1.7685515998647858,1.6193444305138964,1.6366732725278395,1.5874397768047437,1.389163662914924,1.1309383994241489,7.143394905555755,0.6087684569917932,0.5618972600141808,6.885594091364582,0.6926689278182262,0.6010197581594693,0.43915358393803644,0.5349143916416834,0.5685449905402399,0.6517268664262622,0.8325243438054635,0.9132997124542745,7.1157741728692,0.6063299282873525,6.7959304342597635,6.753845123412855,6.666345920758776,6.434075173155561,6.285772676767743,6.176197680120464,6.247775280851026,6.517763505894781,6.671452515645666,6.627119716749008,6.604700728240754,6.437219811683471,6.222356865136959,6.116099575278349,5.96034844637488,5.563260166663634,5.1756946597383795,4.5106227388583555,4.2943880615495935,3.9442727443192496,3.5761254396694757,3.2517723271946735,2.9062135865695904,2.8664694293764055,2.8531366085359005,2.7770223218405,2.4604389710927776,2.218676589431528,2.095814886573434,2.0433987674290095,1.8424466915815982,1.583826391562947,7.687176305856707,7.422665586834566,7.140035093085449,6.6963271248549185,6.369042141977895,-0.18768580292431503,5.886090307949662,5.9062044649945475,-0.39883912368845953,5.826467159275112,5.772372912280554
4.710999999999908,0.23915764585109306,-0.029490538577796963,5.761778198568233,5.67663113873568,5.617088706340224,5.4609120655724075,5.063279842426172,4.705702293172598,4.385757003939606,10.074465368777634,3.038712715467859,2.3697240125567776,1.5713841509146265,0.8481013959612974,0.19014563469389217,-0.54989825372226,5.31053406595122,-1.1526701282093468,4.999957205525443,4.9845986380523275,-1.4066304596335633,-1.4218216212071515,-1.2688143313894071,-1.3942178985573477,-1.5390233520600174,-1.7508254311353761,-1.7986018720455677,-1.820113441103959,-1.9167153489541373,4.389223480783786,-1.9866535586094585,4.239532332664916,-2.111621792126602,4.141645390989012,3.7648430820576646,-2.9486217295016677,3.026036560434205,-3.7548672537116268,2.187212903409254,1.7654074732638378,1.6164729129046054,1.6340712312255068,1.585106838411078,1.3871042283404729,1.12915611770595,7.14189136695269,0.607543955017866,0.5609461352486171,6.884920222002548,0.6922781378971343,0.6009175937553581,0.43934817231017087,0.5354079917324616,0.5693399430604704,0.6528256232444217,0.8339297650916841,0.9150033794227015,7.117767767106511,0.6086070049980307,6.798467278523777,6.756618390404077,6.66932920559585,6.437241359230215,6.289083447027508,6.179614179544853,6.2512572025703115,6.521270913063297,6.674943891690507,6.630556230349757,6.6080460029224435,6.440439319454173,6.225420589182569,6.118987322692635,5.963041984268179,5.56573417282489,5.177945868970915,4.512615329706609,4.296182473009439,3.945877452221376,3.577560806384772,3.2530664961811744,2.907394293483066,2.867572313875407,2.8541915660089106,2.7780590322320515,2.4614867849097326,2.219763006052189,2.096963773028935,2.0446314333317885,1.8437835817395707,1.5852843647124482,7.688764613670139,7.424394418465286,7.141908806731006,6.698354381060868,6.3712108597784916,-0.18538709735712922,5.888503849655683,5.908713534229979,-0.3962552492518487,5.829101307262844,5.775028884802212
4.720999999999911,0.23856158007969658,-0.025875358011938892,5.764419416706082,5.679226267341765,5.6195996189311685,5.463296958496116,5.065484190583741,4.707683293829924,4.387472813286985,10.075827664438217,3.039620955420628,2.370165391196023,1.571257946924439,0.8474149863602533,0.18890714750346002,-0.5517408112711314,5.308201335744762,-1.1554500154681144,4.99674873695001,4.98098782826266,-1.4106159562014344,-1.42614355211795,-1.2734346797779308,-1.3990892888082203,-1.5440970570061223,-1.7560521632378545,-1.8039272697470479,-1.8254870506218464,-1.9220885849994496,4.38389647251845,-1.9918916132508024,4.2344213172361505,-2.11657181590888,4.136885178724573,3.7603131356669963,-2.9528948184908757,3.022023693400031,-3.7585861414791975,2.18377492661711,1.7622634961420882,1.6136013814818428,1.6314691101465244,1.5827738243579617,1.385044775248236,1.1273739199154633,7.140388044896794,0.6063198132981364,0.5599955152587208,6.884246978014611,0.6918880492329208,0.6008161258579836,0.4395433659804705,0.5359020412306118,0.5701350918799649,0.653924235551473,0.8353346198055673,0.9167059803510543,7.119759725743046,0.6108818171198691,6.8010012466144225,6.759388195347721,6.672308486494748,6.440403058390443,6.292389359596375,6.183025574321246,6.2547339103237425,6.524773142972446,6.678430275921126,6.6339880803980185,6.611387077359188,6.443655215745948,6.2284813946382656,6.121872908420922,5.965734166158032,5.568207689980665,5.180197437195537,4.514609193716548,4.297978853696668,3.947484748982548,3.5789992690966064,3.254364135612204,2.9085787148193325,2.8686790199723946,2.8552503316613445,2.7790994266975773,2.4625380510414545,2.2208525657104863,2.0981154367600867,2.0458664665510624,1.8451223866214759,1.5867437711739751,7.690353870942669,7.426123698047734,7.143782460178121,6.7003810288924,6.373378446535042,-0.18309003957491726,5.890915232311165,5.9112199449368035,-0.39367453046088097,5.8317318128392115,5.777680751508974
4.730999999999915,0.2379681748824025,-0.0222338437067906,5.767056111949025,5.6818165060314625,5.622105350901234,5.465676471295093,5.067683056885176,4.709658846120532,4.389183352112502,10.07718501502146,3.040524727817002,2.370602937994817,1.5711286776416802,0.8467264051569787,0.1876674720231005,-0.5535835064532961,5.305869506792261,-1.1582279838007354,4.993543166521359,4.977380834942046,-1.4145968291706155,-1.4304601705571864,-1.2780491503686546,-1.4039544188542306,-1.5491642807843098,-1.7612723538685093,-1.8092462149130935,-1.8308544346071298,-1.9274559443346018,4.3785748950794865,-1.9971247607613567,4.229314636323803,-2.1215181045708773,4.132128101901476,3.7557856810742787,-2.9571660383710627,3.01801217061601,-3.762304195695867,2.180337410370468,1.7591196797241608,1.610729846895274,1.628866918871881,1.580440742716752,1.3829853097687008,1.125591809878014,7.138884940663191,0.605096030457651,0.5590453961403007,6.883574353124066,0.691498653449571,0.6007153443939698,0.4397391537071519,0.536396528333374,0.5709304253296085,0.6550226925111019,0.8367388986239027,0.9184075080926879,7.121750044439767,0.6131543636972557,6.80353234105798,6.762154544276842,6.675283772896498,6.44356028328647,6.295690429761913,6.186431881720817,6.258205422615771,6.528270214572824,6.681911686877775,6.637415284210084,6.614723966877535,6.446867513219355,6.231539290948274,6.124756338329906,5.968424994127011,5.5706807162927205,5.182449358842753,4.5166043216474385,4.299777191589928,3.9490946204050115,3.580440812162289,3.2556652291813455,2.9097668343728773,2.8697895322114957,2.856312891361333,2.7801434928689677,2.463592759258468,2.221945260367516,2.0992698717870253,2.0471038629220994,1.8464631035932173,1.5882046094676976,7.691944076896379,7.427853425152689,7.145656053054016,6.702407067907032,6.375544901689414,-0.180794630118041,5.893324455661329,5.913723697485255,-0.3910969658674211,5.834358678994531,5.780328517350908
4.740999999999918,0.23737749706761635,-0.018565971969284917,5.7696882915560765,5.684401864525733,5.624605914452849,5.468050618509362,5.069876457984928,4.711628968239282,4.390888639443288,10.078537439711198,3.0414240511470134,2.371036669815583,1.5709963574075037,0.8460356634687758,0.18642661560374188,-0.5554263361241168,5.303538577979665,-1.1610040386044576,4.990340484765686,4.9737776448809745,-1.4185730947959092,-1.4347714951343813,-1.2826577633866496,-1.4088133095231463,-1.5542250439639453,-1.7664860225221013,-1.8145587252857471,-1.8362156084720522,-1.9328174395990088,4.373258738859791,-2.0023530075696137,4.224212286642777,-2.1264606583990915,4.127374162955982,3.751260723438108,-2.9614353816195833,3.0140020012793376,-3.7660214058175225,2.176900365794606,1.7559760351697118,1.6078583197332181,1.6262646669261975,1.5781076015092579,1.380925837992134,1.1238097913906482,7.137382055513064,0.6038726051237093,0.5580957740078785,6.882902341089713,0.691109942222871,0.60061523935686,0.4399355243278582,0.5368914413256796,0.5717259318315729,0.6561209833767383,0.8381425923064937,0.9201079555719798,7.123738718911478,0.6154246438063669,6.806060564389373,6.764917443209467,6.6782550742037285,6.446713046507688,6.298986672732346,6.1898331189212366,6.261671757848206,6.531762146708378,6.685388142995683,6.640837859004204,6.618056686718058,6.450076224465424,6.234594287507349,6.127637618259514,5.971114470254935,5.5731532499443786,5.184701628387535,4.518600704324249,4.301577474749482,3.9507070523833834,3.5818854200361843,3.256969760677447,2.910958636025167,2.8709038352104193,2.857379231032669,2.7811912184128147,2.4646508993426988,2.2230410819738444,2.1004270721008664,2.0483436182373915,1.8478057299696138,1.589666878060901,7.693535230705443,7.429583599314098,7.147529584964985,6.704432497661148,6.3777102247018504,-0.17850086949107147,5.895731519500539,5.916224792302671,-0.38852255396464885,5.836981908772629,5.782972187319956
4.750999999999921,0.23678961336048931,-0.0148717229539747,5.7723159628104295,5.686982352548548,5.627101321767977,5.470419414634492,5.072064410469522,4.713593678293772,4.3925886942054255,10.079884957581843,3.0423189437899296,2.3714666034163474,1.5708610004720063,0.8453427723408385,0.18518458554729686,-0.5572692971618659,5.301208548196827,-1.1637781852455358,4.98714068226545,4.970178244948582,-1.4225447692367166,-1.4390775443523869,-1.287260538944924,-1.4136659815323596,-1.5592793670115472,-1.7716931886031722,-1.819864818533137,-1.8415705875737551,-1.9381730833970432,4.367947994267589,-2.007576360107426,4.21911426488817,-2.131399477713609,4.122623364280059,3.746738267862965,-2.9657028407751613,3.0099931945221163,-3.7697377613674368,2.1734638039478207,1.7528325735736006,1.604986810522837,1.6236623637779466,1.5757744087079943,1.3788663659688567,1.1220278682224085,7.135879390693899,0.6026495359260358,0.5571466449947597,6.882230935705793,0.6907219072802108,0.6005158008067704,0.440132466759172,0.5373867685795567,0.5725215998986564,0.657219097490873,0.8395456916955006,0.9218073157837494,7.1257257449263705,0.6176926565548747,6.80858591915205,6.767676898148648,6.681222399780892,6.449861360583056,6.3022781036370645,6.1932293030072945,6.265132934320897,6.535248958117111,6.688859662605756,6.6442558219012415,6.621385252035921,6.453281362006119,6.237646393661117,6.130516754023078,5.973802596618881,5.575625289140342,5.186954240348968,4.520598332637133,4.303379691316549,3.9523220309038862,3.5833330772688936,3.258277713983818,2.912154103743926,2.8720219136598764,2.8584493366544272,2.7822425910302604,2.465712461087588,2.2241400224698804,2.1015870316642835,2.049585728247389,1.8491502630152254,1.5911305753688185,7.695127331496871,7.431314220029662,7.149403055496749,6.7064573177100435,6.37987441505075,-0.1762087581632665,5.898136423671623,5.918723229872681,-0.38595129318791704,5.839601505270006,5.78561176644923
4.760999999999925,0.2362045903949963,-0.011151080759791833,5.774939133018942,5.689557979826588,5.629591585008064,5.472782874121809,5.0742469308580205,4.715552994305008,4.39428353522476,10.081227587599283,3.04320942401515,2.371892755451576,1.5707226209949547,0.844647742746815,0.18394138910703484,-0.5591123864675628,5.298879416337443,-1.1665504290594997,4.9839437496589065,4.966582622092017,-1.426511868557779,-1.4433783366081891,-1.291857497045229,-1.4185124554896313,-1.5643272702914233,-1.7768938714265323,-1.8251645122497957,-1.8469193872144223,-1.9435228882980085,4.362642651726599,-2.0127948248097325,4.2140205677356395,-2.1363345628677237,4.117875708221751,3.7422183193995595,-2.969968408437596,3.0059857594116024,-3.7734532519360626,2.1700277358216002,1.7496893059660614,1.6021153297303237,1.6210600188396715,1.573441172236434,1.3768068997095178,1.120246044114604,7.1343769474397085,0.6014268214969455,0.5561980052531027,6.881560130801936,0.6903345404003864,0.600417018870044,0.44032996999613144,0.5378824985535416,0.5733174181336244,0.6583170242843799,0.8409481877147896,0.923505581792682,7.127711118305564,0.6199584010816608,6.811108407897871,6.770432915082525,6.684185758954489,6.45300523798148,6.30556473752715,6.196620450971509,6.268588970232394,6.53873066743177,6.692326263935257,6.647669189925316,6.624709677901465,6.456482938294813,6.240695618706404,6.133393751407521,5.976489375293187,5.578096832106526,5.1892071892899,4.522597197540896,4.305183829512629,3.953939542043585,3.584783768506443,3.2595890730774326,2.913353221582428,2.873143752323012,2.8595231942605865,2.7832975984568513,2.4667774342982107,2.2252420737862417,2.1027497444120904,2.0508301886612363,1.8504966999451713,1.592595699755452,7.696720378351259,7.4330452867614065,7.1512764642148,6.708481527608001,6.382037472232444,-0.17391829656904412,5.9005391680651975,5.921219010734402,-0.38338318191560006,5.842217471635035,5.788247259812295
4.770999999999928,0.23562249470578214,-0.007404033527212674,5.777557809511607,5.69212875608894,5.632076716313992,5.475141011378614,5.076424035602483,4.717506934208055,4.395973181227694,10.082565348621758,3.0440955099831037,2.3723151424730156,1.570581233046503,0.8439505855893668,0.18269703348795113,-0.560955600964813,5.296551181299003,-1.1693207753514212,4.980749677639653,4.96299076333582,-1.4304744087299148,-1.4476738901937052,-1.2964486575788543,-1.4233527518938307,-1.5693687740663014,-1.7820880902177492,-1.8304578239569813,-1.852262022641425,-1.9488668668361213,4.357342701676199,-2.018008408114282,4.208931191841729,-2.141265914247562,4.113131197085545,3.7377008830451746,-2.9742320772674646,3.0019797049504517,-3.777167867180831,2.16659217234081,1.7465462433128793,1.5992438877610937,1.6184576414682064,1.5711078999692567,1.3747474451853643,1.1184643227810773,7.132874726971278,0.600204460471506,0.5552498509539828,6.8808899202431055,0.6899478334134036,0.6003188837389072,0.4405280231117505,0.5383786197920944,0.5741133752285614,0.6594147532758449,0.8423500713692879,0.9252027467327575,7.129694834922662,0.6222218765565288,6.8136280331869905,6.77318549998438,6.687145161013298,6.4561446911122005,6.308846589375874,6.2000065797147315,6.272039883680616,6.542207293180537,6.695787965108496,6.651077980004443,6.628029979300761,6.459680965716744,6.243741971891574,6.136268616173535,5.979174808349456,5.580567877089887,5.191460469816592,4.524597290054477,4.306989877638852,3.955559571969629,3.5862374784894855,3.26090382202815,2.9145559736787905,2.8742693360348417,2.8606007899396575,2.7843562284624,2.4678458087913944,2.2263472278441165,2.1039152042518037,2.0520769951474898,1.851845037925937,1.594062249534381,7.698314370303509,7.434776798936254,7.153149810664742,6.710505126908335,6.384199395760976,-0.1716294851084487,5.902939752619009,5.923712135481661,-0.38081821846993064,5.844829811067148,5.790878672522489
4.780999999999931,0.23504339271977376,-0.0036305735357602905,5.780171999641044,5.694694691066815,5.63455672780603,5.477493840768371,5.078595741088408,4.719455515852691,4.397657650841978,10.08389825940073,3.0449772197461327,2.372733780930521,1.570436850607906,0.8432513117007235,0.1814515258471336,-0.5627989375996475,5.294223841982745,-1.1720892293961773,4.977558456956171,4.959402655781299,-1.434432405630749,-1.4519642232965675,-1.3010340403274174,-1.4281868911356659,-1.5744038984979574,-1.7872758641136304,-1.8357447711029942,-1.8575985090474687,-1.954205031510491,4.352048134571582,-2.023217116461362,4.203846133844221,-2.1461935322717114,4.108389833132733,3.733185963744003,-2.978493839985823,2.997975040076971,-3.780881596825943,2.1631571243638703,1.743403396515567,1.596372494959976,1.615855240964896,1.5687745997325993,1.3726880083285076,1.116682707908469,7.1313727304963885,0.5989824514876964,0.5543021782874539,6.8802202979295375,0.689561778200279,0.6002213856711272,0.44072661525654144,0.538875120925019,0.5749094599642253,0.6605122740709006,0.8437513337443446,0.9268988038066855,7.1316768907033,0.624483082179921,6.816144797587742,6.775934658812693,6.6901006152085944,6.459279732325172,6.312123674079221,6.203387706046741,6.2754856926635165,6.545678853787727,6.699244784147502,6.654482208971171,6.631346171136175,6.46287545658948,6.246785462416854,6.139141354055747,5.981858897856567,5.583038422358251,5.193714076578372,4.526598601260437,4.308797824075327,3.9571821069385034,3.587694192052503,3.2622219449979313,2.9157623442552825,2.8753986497016912,2.8616821098343133,2.7854184688508377,2.4689175743958276,2.2274554765556216,2.105083405064214,2.053326143334832,1.8531952740761701,1.5955302229695634,7.69990930634355,7.436508755946578,7.155023094372631,6.7125281151634555,6.386360185167893,-0.1693423241476114,5.905338177317281,5.926202604762208,-0.37825640111782677,5.847438526816048,5.793506009732224
4.790999999999935,0.23446735074755667,0.00016930269822702652,5.782781710781983,5.697255794493244,5.637031631583792,5.479841376610923,5.080762063635184,4.721398757004042,4.399336962597495,10.08522633858176,3.0458545712493703,2.373148687172878,1.5702894875722264,0.8425499318432325,0.18020487329412682,-0.5646423933403629,5.2918973972936,-1.1748557964387107,4.974370078411368,4.955818286605914,-1.438385875045437,-1.456249354000905,-1.3056136649636474,-1.4330148934984117,-1.5794326636478369,-1.7924572121627038,-1.8410253710634958,-1.8629288615707404,-1.9595373947851045,4.346758940883918,-2.028420956293538,4.198765390362464,-2.1511174173908563,4.103651618581778,3.7286735663874855,-2.9827536893739093,2.993971773665362,-3.784594430662158,2.1597226026829426,1.7402607764115456,1.5935011616114096,1.6132528265758166,1.5664412793043028,1.3706285950321897,1.1149012031564762,7.129870959210037,0.5977607931865601,0.5533549834626059,6.879551257796673,0.6891763666928414,0.6001245149896713,0.4409257356580417,0.5393719906668882,0.5757056612094076,0.6616095763615676,0.8451519660050982,0.9285937462853444,7.133657281624707,0.626742017182636,6.8186587036765225,6.778680397511203,6.693052130754375,6.46241037391144,6.315396006456372,6.206763846686853,6.2789264150797255,6.549145367574459,6.702696738972694,6.657881893563217,6.634658268226929,6.466066423163367,6.2498260994346655,6.142011970762905,5.984541645880675,5.585508466200136,5.1959680042672876,4.52860112230444,4.310607657280489,3.9588071332952883,3.5891538941230245,3.263543426240074,2.916972317617632,2.8765316783006525,2.8627671401410333,2.7864843074600807,2.4699927209521793,2.2285668118241553,2.1062543407039365,2.0545776288127793,1.8545474054674675,1.5969996182761246,7.70150518541705,7.43824115715076,7.156896314845306,6.714550491924924,6.388519840002027,-0.16705681401920558,5.907734442190062,5.928690419276949,-0.37569772807170965,5.850043622180915,5.796129276632316
4.800999999999938,0.23389443497451418,0.003995594323645382,5.785386950330774,5.6998120761028,5.639501439726191,5.482183633182689,5.082923019496527,4.723336675343226,4.40101113492704,10.086549604705374,3.0467275823316107,2.3735598774486197,1.5701391577450352,0.8418464567099041,0.17895708289129356,-0.5664859651773626,5.289571846140142,-1.1776204816942875,4.971184532862137,4.952237643062674,-1.442334832667379,-1.460529300288118,-1.3101875510521601,-1.4378367791586293,-1.584455089477674,-1.797632153325694,-1.8462996411418253,-1.8682530952950582,-1.964863969088813,4.341475111100494,-2.0336199340553915,4.193688957997708,-2.156037570087418,4.098916555608667,3.7241636958146485,-2.987011618272843,2.989969914525981,-3.7883063585465866,2.1562886180241176,1.737118393774327,1.590629897939637,1.610650407491996,1.564107946414162,1.368569211151046,1.1131198121581092,7.128369414294661,0.5965394842123541,0.5524082627076192,6.878882793815095,0.6887915908735343,0.6000282620823677,0.4411253736203432,0.5398692178164748,0.5765019679203013,0.6627066499256012,0.8465519593958488,0.930287567507226,7.135636003715267,0.6289986808255499,6.821169754037684,6.781422722008957,6.695999716827576,6.46553662810352,6.318663601250225,6.210135018264502,6.28236206872922,6.552606852759334,6.706143847403566,6.661277050424087,6.63796628530965,6.46925387762199,6.252863892049945,6.144880471978036,5.987223054485214,5.587978006924592,5.198222247617765,4.530604844394744,4.312419365790459,3.9604346374729196,3.5906165697208445,3.264868250098448,2.91818587815435,2.877668406879033,2.8638558671097414,2.7875537321618906,2.4710712383132103,2.2296812255447516,2.1074280049999623,2.055831447132369,1.8559014291251525,1.5984704336211366,7.7031020064261115,7.439974001873727,7.158769471570712,6.716572256743509,6.390678359829285,-0.1647729550228955,5.910128547312595,5.931175579779189,-0.37314219749030914,5.852645100509641,5.7987484784513095
4.810999999999941,0.2333247114517275,0.007848296056564284,5.787987725704876,5.702363545631311,5.641966164291382,5.484520624716855,5.085078624860914,4.7252692884679846,4.402680186167083,10.087868076207876,3.04759627072617,2.373967367906831,1.569985874845107,0.8411408969249539,0.1777081616541733,-0.5683296501229996,5.287247187434542,-1.180383290348752,4.968001811218913,4.948660712479537,-1.4462792940989306,-1.4648040800376418,-1.3147557180502278,-1.4426525681868814,-1.589471195850104,-1.802800706476,-1.8515675985693156,-1.8735712252500205,-1.970184766815324,4.336196635724869,-2.038814056193269,4.188616833333418,-2.1609539908751936,4.094184646347271,3.7196563568124383,-2.991267619583335,2.985969471405584,-3.7920173704024718,2.152855181047605,1.7339762593136985,1.5877587141089031,1.6080479928496358,1.561774608744169,1.3665098625013632,1.1113385385199432,7.126868096920352,0.5953185232126964,0.5514620122698158,6.878214899990469,0.6884074427752148,0.5999326174015669,0.44132551852362534,0.5403667912561846,0.5772983691398723,0.6638034846258446,0.8479513052394366,0.9319802608778852,7.137613053054079,0.6312530723993387,6.823677951263419,6.784161638220364,6.698943382568284,6.468658507075764,6.321926473127875,6.213501237319837,6.285792671313954,6.55606332745912,6.709586127159336,6.664667696103711,6.641270237038931,6.472437832082613,6.25589884932046,6.147746863358621,5.989903125730899,5.590447042861023,5.200476801406269,4.532609758801698,4.314232938218409,3.962064605991464,3.5920822039572506,3.2661964010067406,2.9194030103360524,2.8788088205538234,2.86494827704345,2.7886267308617407,2.472153116343887,2.2307987096044237,2.1086043917562,2.0570875938068545,1.85725734202904,1.5999426671243875,7.704699768229968,7.441707289407499,7.160642564018231,6.718593409169237,6.392835744232444,-0.16249074742578057,5.912520492804675,5.933658087073876,-0.3705898074794611,5.855242965198055,5.801363620454811
4.820999999999945,0.23275824608663637,0.011727398082147442,5.790584044342379,5.704910212815582,5.644425817316735,5.486852365403576,5.087228895852017,4.727196613893292,4.4043441345585315,10.089181771422227,3.0484606540617367,2.374371174597952,1.5698296525051076,0.8404332630443387,0.17645811655183857,-0.5701734452114193,5.284923420092524,-1.1831442275587798,4.964821904445233,4.945087482258801,-1.4502192748521046,-1.4690737110277077,-1.3193181853085405,-1.4474622805484387,-1.5944810025292713,-1.8079628904001661,-1.8568292605056074,-1.8788832664111563,-1.9754998003231932,4.330923505277008,-2.0440033291550304,4.183549012935606,-2.165866680299009,4.0894558928896885,3.71515155411605,-2.9955216862653873,2.9819704529875826,-3.795727456218977,2.1494223023479284,1.7308343836759095,1.5848876202236521,1.6054455917303316,1.5594412739287582,1.3644505548613381,1.1095573858223684,7.125367008245067,0.5940979088387058,0.5505162284157075,6.87754757036346,0.6880239144809553,0.5998375714638056,0.4415261598236911,0.5408646999514964,0.578094853997237,0.6649000704095869,0.8493499949366264,0.9336718198693948,7.1395884257705395,0.6335051912242035,6.826183297953647,6.786897152045253,6.701883137079957,6.471776022944737,6.325184636681114,6.216862520304297,6.28921824043851,6.559514809689412,6.713023595859617,6.668053847059056,6.644570137987865,6.475618298596627,6.258930980257137,6.15061115053676,5.992581861675728,5.592915572359019,5.202731660450958,4.534615856857238,4.316048363253929,3.9636970254573916,3.593550782034265,3.267527863487717,2.920623698714799,2.8799529045111623,2.866044356297913,2.7897032914986806,2.4732383449214894,2.231919255882506,2.109783494752017,2.0583460643123797,1.8586151411141953,1.6014163168591398,7.706298469645666,7.443441019011712,7.162515591639001,6.720613948751454,6.394991992810946,-0.1602101914628335,5.9149102788300425,5.936137942016868,-0.3680405560928943,5.857837219689172,5.80397470794485
4.830999999999948,0.2321951046334591,0.01563288595663266,5.793175913701508,5.707452087393114,5.646880410818776,5.489178869390173,5.089373848529128,4.729118669051983,4.406002998247482,10.09049070857886,3.0493207498632215,2.3747713134745694,1.5696705042722796,0.8397235655562905,0.1752069545072484,-0.572017347498403,5.282600543033312,-1.185903298452125,4.961644803557301,4.941517939876526,-1.4541547903492666,-1.4733382109360933,-1.3238749720719616,-1.452265936103986,-1.5994845291814348,-1.8131187237983497,-1.8620846440389633,-1.8841892337000787,-1.9808090819358193,4.325655710293425,-2.0491877593898047,4.178485493353137,-2.1707756389343666,4.084730297286597,3.710649292409262,-2.999773811337996,2.9779728678922943,-3.7994366060509677,2.145989992454115,1.7276927774438606,1.5820166263287285,1.6028432131612946,1.5571079495550515,1.362391293971334,1.1077763576198338,7.123866149414838,0.5928776397451414,0.5495709074310409,6.8768807990096805,0.6876409981238434,0.599743114849472,0.4417272870515064,0.5413629329504059,0.5788914117070457,0.6659963973079294,0.8507480199654971,0.9353622380198051,7.1415621180439,0.635755036649598,6.828685796715906,6.789629269368922,6.704818989429636,6.474889187769575,6.328438106426923,6.220218883581206,6.29263879361074,6.562961317365296,6.716456271025066,6.671435519654737,6.647866002648596,6.478795289149993,6.261960293824367,6.153473339119341,5.995259264374977,5.595383593788184,5.204986819611352,4.5366231299543855,4.317865629662395,3.965331882562863,3.595022289243884,3.2688626221524744,2.921847927923434,2.8811006440058122,2.8671440912812813,2.7907834020452085,2.4743269139357214,2.2330428562509903,2.1109653077427626,2.059606854088647,1.859974823271681,1.6028913808528815,7.707898109448731,7.44517518991414,7.164388553866219,6.722633875038866,6.3971471051806965,-0.15793128733733222,5.9172979055957535,5.938615145514195,-0.3654944413330082,5.860427867472437,5.806581746259214
4.840999999999951,0.23163535268337057,0.019564740509469658,5.7957633412601535,5.709989179101834,5.649329956793146,5.491500150781321,5.09151349888758,4.7310354712953675,4.407656795285961,10.091794905806502,3.05017657555259,2.375167800392204,1.5695084436091193,0.8390118148818437,0.1739546823975995,-0.573861354061213,5.280278555179592,-1.188660508127869,4.958470499623563,4.937952072881947,-1.4580858559238254,-1.4775975973408682,-1.3284260974802773,-1.4570635546103146,-1.6044817953755661,-1.81826822528479,-1.8673337661865825,-1.8894891419846351,-1.9861126239414446,4.320393241327318,-2.0543673533477516,4.173426271118044,-2.1756808673871033,4.080007861547597,3.7061495763247594,-3.0040239878788606,2.973976724677204,-3.803144810018789,2.1425582618298993,1.7245514511372968,1.5791457424095778,1.6002408661155736,1.5547746431630987,1.3603320855341294,1.105995457441091,7.122365521563968,0.5916577145905355,0.5486260456208386,6.8762145800396,0.687258685886782,0.5996492382024716,0.44192888981274214,0.541861479382873,0.5796880315688703,0.6670924554351536,0.8521453718808367,0.9370515089326069,7.143534126102853,0.638002608053958,6.831185450165236,6.792357996062189,6.707750948648164,6.477998013552352,6.331686896807945,6.223570343426336,6.2960543482423965,6.566402868302018,6.719884170078045,6.674812730163642,6.651157845432854,6.481968815663678,6.264986798940322,6.15633343468819,5.997935335881211,5.597851105537969,5.207242273787997,4.538631569546754,4.31968472628436,3.9669691640850173,3.596496710967329,3.2702006616997177,2.923075682674934,2.882252024360639,2.8682474684537618,2.791867050507138,2.475418813288821,2.234169502574865,2.1121498244602983,2.060869958539582,1.8613363853492957,1.6043678570880646,7.709498686373847,7.446909801311224,7.166261450115469,6.724653187579605,6.399301080973854,-0.15565403522128787,5.919683373351586,5.9410896985213375,-0.3629514611516397,5.863014912083,5.809184740770823
4.850999999999955,0.23107905565443865,0.023522937745701144,5.798346334515391,5.7125214976798215,5.651774467214565,5.493816223639238,5.093647862859161,4.732947037893815,4.409305543632673,10.093094381133001,3.0510281484496953,2.3755606511100886,1.5693434838940477,0.8382980213753599,0.17270130705467449,-0.5757054619984379,5.2779574554574635,-1.1914158616566626,4.955298983764279,4.934389868896889,-1.4620124868209143,-1.4818518877211337,-1.332971580568939,-1.461855155721016,-1.609472820583945,-1.8234114133882704,-1.8725766438949116,-1.894783006079063,-1.9914104385931533,4.315136088948696,-2.059542117479823,4.168371342745827,-2.1805823662930495,4.075288587641554,3.701652410444468,-3.0082722090240814,2.9699820318372145,-3.806852058308045,2.13912712087392,1.721410415212997,1.576274978392447,1.5976385595122764,1.55244136224612,1.3582729352151717,1.1042146887894317,7.120865125815239,0.5904381320373246,0.5476816393094389,6.875548907598484,0.6868769700022882,0.5995559322298951,0.44213095778731976,0.5423603284602737,0.5804847029665989,0.6681882349880989,0.8535420423135434,0.9387396262762019,7.145504446225108,0.6402479048444325,6.833682260924081,6.79508333798145,6.7106790237303775,6.4811025122384365,6.334931022192978,6.226916916028486,6.299464921649761,6.569839480215635,6.723307310343266,6.678185494767528,6.654445680672491,6.485138889994091,6.268010504477261,6.159191442800249,6.000610078244267,5.600318106017505,5.20949801792212,4.540641167148061,4.321505642034922,3.9686088568852687,3.597974032674308,3.2715419669150325,2.924306947761764,2.8834070309661017,2.8693544743272783,2.7929542249234736,2.4765140328956683,2.235299186712441,2.1133370386135093,2.062135373033987,1.8626998241523016,1.6058457435028368,7.711100199115498,7.448644852368564,7.168134279785017,6.726671885921271,6.401453919838651,-0.15337843525586642,5.922066682389431,5.943561602042518,-0.36041161345082207,5.865598357100974,5.811783696887093
4.860999999999958,0.23052627878131754,0.02750744874869249,5.800924900983019,5.715049052865045,5.654213954036781,5.496127101983871,5.095776956312535,4.734853386037372,4.410949261153715,10.094389152486121,3.0518754857731003,2.3759498812919424,1.5691756384220763,0.8375821953250482,0.17144683526518764,-0.5775496684298392,5.275637242796396,-1.1941693640809692,4.9521302471511,4.9308313156152,-1.4659346981980697,-1.4861010994577513,-1.3375114402697987,-1.4666407589871684,-1.6144576241827517,-1.828548306552581,-1.8778132940399561,-1.900070840744143,-1.9967025381088759,4.309884243744507,-2.064712058237534,4.163320704735759,-2.185480136317696,4.070572477496932,3.6971577992998683,-3.0125184679678707,2.9659887978049055,-3.8105583411693766,2.1356965799199217,1.7182696800649722,1.573404344144592,1.5950363022167917,1.5501081142507471,1.356213848642824,1.102434055142924,7.1193649632801055,0.5892188907519765,0.5467376848405306,6.874883775866304,0.686495842752293,0.5994631877016876,0.4423334807289599,0.5428594694748587,0.5812814153678338,0.6692837262455428,0.8549380229700314,0.9404265837833761,7.147473074736981,0.6424909264566181,6.8361762316221695,6.797805300968723,6.713603223635332,6.484202695716863,6.338170496877454,6.230258617490053,6.30287053105428,6.573271170723671,6.726725709048432,6.681553829557633,6.657729522620013,6.488305523933514,6.271031419261841,6.162047368987721,6.003283493511263,5.602784593655424,5.211754046995314,4.542651914331628,4.3233283659031185,3.970250947908608,3.599454239922277,3.27288652267017,2.925541708055243,2.8845656492797414,2.870465095465139,2.794044913366283,2.477612562683892,2.2364319005156807,2.1145269438888197,2.063403092906183,1.8640651364441447,1.607325037991763,7.712702646328625,7.450380342221433,7.170007042256109,6.728689969610986,6.403605621439181,-0.15110448755180533,5.924447833042704,5.94603085712999,-0.3578748960835337,5.86817820615072,5.814378620049312
4.870999999999961,0.22997708710470033,0.03151823958329916,5.803499048197089,5.717571854395089,5.656648429192534,5.498432799793088,5.09790079505364,4.736754532836341,4.412587965623308,10.095679237694354,3.0527186046408863,2.376335506506736,1.5690049204054692,0.836864346953481,0.17019127377112855,-0.5793939704961996,5.273317916129189,-1.1969210204153018,4.94896428100666,4.927276400802178,-1.4698525051258988,-1.4903452498340715,-1.3420456954118392,-1.4714203838580144,-1.6194362254526518,-1.8336789231369743,-1.8830437334275916,-1.905352660687356,-2.0019889346713966,4.304637696318764,-2.069877182072736,4.158274353571184,-2.190374178155861,4.0658595330021345,3.6926657473723274,-3.016762757962257,2.96199703095079,-3.8142636489182364,2.1322666492369566,1.7151292560246614,1.57053384947448,1.592434103041011,1.5477749065772601,1.3541548314086096,1.1006535599546434,7.117865035058887,0.5879999894051133,0.5457941785771869,6.8742191790576825,0.6861152964679397,0.5993709954503198,0.44253644846473367,0.5433588917992136,0.5820781583232961,0.670378919567589,0.8563333056316429,0.9421123752507786,7.149440008012977,0.6447316723542951,6.838667364896411,6.800523890851703,6.716523557286495,6.487298575820667,6.341405335083905,6.233595463827587,6.306271193583172,6.576697957345759,6.73013938332488,6.684917750535269,6.6610093854491055,6.49146872921053,6.274049552075415,6.164901218758228,6.0059555837265854,5.605250566899706,5.214010356029193,4.544663802729909,4.325152886951324,3.9718954241829145,3.6009373183557143,3.2742343139223404,2.926779948504908,2.885727864825682,2.8715793184817127,2.795139103940574,2.4787143925939725,2.2375676358305188,2.115719533950693,2.064673113456649,1.8654323189471658,1.6088057384065342,7.714306026629254,7.452116269975277,7.171879736893286,6.730707438195443,6.405756185455217,-0.14883219218982505,5.9268268256857635,5.948497464883346,-0.35534130685443793,5.870754462900135,5.816969515732028
4.880999999999965,0.2294315454605281,0.03555527119958361,5.80606878370946,5.7200899120069035,5.659077904593505,5.500733331002859,5.100019394826102,4.738650495321865,4.414221674724511,10.096964654487708,3.053557522071469,2.376717542229449,1.568831342974398,0.8361444864181058,0.1689346292701026,-0.5812383653591695,5.270999474391928,-1.1996708356464594,4.94580107660415,4.923725112294013,-1.4737659225887452,-1.4945843560366494,-1.3465743647218973,-1.476194049681635,-1.624408643579378,-1.8388032814166237,-1.8882679787938719,-1.9106284805630382,-2.007269640428357,4.299396437292663,-2.0750374954373916,4.1532322857198,-2.1952644925313605,4.061149756005831,3.6881762590934164,-3.021005072316787,2.9580067395835723,-3.817967971934657,2.1288373390295967,1.7119891533611298,1.5676635041319957,1.589831970743552,1.545441746579828,1.352095889067458,1.098873206652904,7.11636534224095,0.5867814266716316,0.5448511169018954,6.87355511142179,0.6857353235293845,0.5992793463704591,0.4427398508946171,0.5438585848857237,0.5828749214662344,0.6714738053950587,0.8577278821540638,0.9437969945384048,7.151405242475384,0.6469701420291658,6.841155663390786,6.803239113443808,6.719440033571961,6.490390164327254,6.344635550962438,6.236927470972365,6.3096669262700615,6.580119857504292,6.733548350208222,6.688277273612421,6.664285283255163,6.4946285174904475,6.277064911654341,6.167752997594975,6.008626350931896,5.607716024217496,5.21626694008507,4.546676824034001,4.326979194314642,3.9735422728182668,3.602423253705401,3.2755853257135112,2.928021654137898,2.8868936631941295,2.8726971300420976,2.7962367847841705,2.4798195125793505,2.2387063844971835,2.1169148024421367,2.065945429952652,1.866801368343302,1.6102878425566742,7.715910338595144,7.45385263470619,7.1737523630446605,6.73272429122095,6.407905611582014,-0.14656154922103562,5.929203660733327,5.950961426448828,-0.3528108435206134,5.873327131059946,5.819556389442438
4.890999999999968,0.228889718468959,0.039618499337183775,5.808634115089338,5.722603235436541,5.661502392130287,5.503028709507434,5.1021327713116245,4.740541290446518,4.415850406049928,10.098245420498495,3.0543922549843883,2.377096003841823,1.5686549191775887,0.8354226238117521,0.16767690841566943,-0.5830828502011175,5.268681916523947,-1.20241881473376,4.9426406252669235,4.9201774379972285,-1.4776749654853458,-1.4988184351559588,-1.3510974668253801,-1.4809617757056206,-1.6293748976543108,-1.843921399583075,-1.8934860468053396,-1.9158983149725382,-2.012544667492274,4.294160457304694,-2.0801930047833617,4.1481944976339555,-2.200151080196689,4.056443148317289,3.6836893388452303,-3.0252454043982384,2.9540179319504096,-3.8216713006630276,2.125408659438137,1.7088493822812707,1.5647933178086482,1.5872299140299784,1.5431086415667437,1.350037027137943,1.097092998641483,7.114865885904907,0.5855632012308182,0.5439084962165852,6.8728915672422755,0.6853559163655925,0.5991882314186432,0.4429436779910486,0.5443585382660436,0.5836716945118399,0.6725683742488895,0.859121744466747,0.9454804355690838,7.153368774593866,0.6492063350005949,6.843641129756246,6.805950974544234,6.722352661344649,6.493477472958737,6.347861158591207,6.240254654770937,6.313057746055579,6.583536888525058,6.736952626638969,6.691632414612339,6.6675572300558015,6.49778490037572,6.280077506690266,6.170602710956892,6.011295797166114,5.610180964094949,5.2185237942636356,4.5486909699931655,4.328807277200312,3.975191481006268,3.603912031787706,3.2769395431697137,2.9292668100583326,2.88806303004089,2.873818516861804,2.797337944067593,2.4809279126065267,2.23984813835051,2.11811274298519,2.067220037628868,1.8681722812747792,1.611771348210231,7.71751558076639,7.455589435461413,7.175624920042214,6.734740528233483,6.410053899530123,-0.14429255866733812,5.931578338639909,5.953422743018651,-0.35028350379227574,5.8758962143830225,5.822139246719784
4.900999999999971,0.22835167052309532,0.04370787443044343,5.8111950499228335,5.7251118344189,5.663921903672336,5.505318949159525,5.104240940130392,4.742426935084864,4.41747417710241,10.099521553262106,3.055222820201108,2.377470906633108,1.568475661982969,0.8346987691631366,0.16641811781767848,-0.5849274222249795,5.266365241467782,-1.205164962609273,4.939482918368083,4.916633365888126,-1.481579648629483,-1.5030475041870952,-1.355615020246976,-1.4857235810777332,-1.6343350066750486,-1.8490332957446969,-1.898697954059332,-1.921162178464376,-2.0178140279405437,4.288929747010758,-2.085343716562186,4.143160985750925,-2.2050339419326965,4.051739711706698,3.6792049909607027,-3.029483747630323,2.950030616237169,-3.825373625611862,2.121980620538806,1.7057099529300068,1.5619233001377792,1.584627941553024,1.540775598800661,1.3479782511025242,1.0953129392998435,7.113366667118788,0.5843453117664644,0.5429663129426523,6.872228540837184,0.6849770674541382,0.5990976416129553,0.4431479197984896,0.544858741550572,0.5844684672566635,0.6736626167295374,0.8605148845723392,0.9471626923279711,7.155330600885064,0.6514402508153518,6.8461237666506,6.808659479937998,6.725261449422504,6.496560513382286,6.351082171976875,6.243577030985686,6.31644366978798,6.586949067637877,6.7403522294631575,6.694983189270124,6.670825239791382,6.500937889406368,6.283087345830441,6.173450364278796,6.013963924465423,5.612645385037055,5.22078091370462,4.550706232414358,4.330637124887116,3.9768430360193694,3.6054036385038803,3.2782969515003546,2.9305154014467036,2.8892359510868775,2.8749434657064366,2.798442569993938,2.4820395826551676,2.240992889220253,2.1193133491814127,2.0684969316879944,1.8695450543447953,1.6132562530944612,7.719121751646057,7.457326671259801,7.177497407202086,6.736756148778733,6.412201049025204,-0.14202522052182107,5.933950859899248,5.955881415830329,-0.34775928533349004,5.878461716663684,5.824718093134766
4.910999999999975,0.22781746577747267,0.04782334151441575,5.813751595812522,5.727615718687479,5.666336451067939,5.50760406377049,5.106343916841457,4.74430744603403,4.419093005295744,10.100793070217774,3.0560492344457937,2.377842265800797,1.5682935842783037,0.8339729324373609,0.16515826404260261,-0.5867720786541097,5.264049448169139,-1.2079092841780459,4.936327947330083,4.9130928840122445,-1.4854799867506285,-1.5072715800304768,-1.3601270434113597,-1.4904794848465643,-1.6392889895459803,-1.8541389879271293,-1.9039037170842892,-1.9264200855343998,-2.0230777338154655,4.283704297084277,-2.0904896372248785,4.138131746493194,-2.209913078548275,4.047039447905492,3.6747232197239246,-3.0337200954933943,2.9460448005686883,-3.829074937353566,2.118553232343979,1.7025708753904956,1.5590534606947728,1.5820260619128153,1.5384426254988297,1.3459195664077825,1.093533031983356,7.111867686940221,0.5831277569669748,0.5420245635209808,6.871566026558868,0.6845987693210024,0.5990075680326997,0.44335256643298737,0.545359184427928,0.5852652295780421,0.6747565235163866,0.8619072945461124,0.9488437588620457,7.157290717912195,0.6536718890473561,6.848603576738415,6.8113646353959885,6.7281664065886915,6.4996392972104795,6.354298605055073,6.246894615295372,6.319824714223751,6.590356411977234,6.743747175432984,6.698329613233311,6.674089326325519,6.504087496060391,6.286094437677995,6.17629596297153,6.016630734863254,5.615109285567478,5.223038293586483,4.5527226031617545,4.332468726724786,3.978496925210204,3.606898059839355,3.2796575359975364,2.931767413559272,2.8904124121176364,2.87607196339138,2.799550650798761,2.4831545127182033,2.242140628931395,2.1205166146123657,2.0697761073013585,1.8709196841181965,1.6147425548965082,7.720728849700767,7.459064341092293,7.179369823824849,6.73877115240215,6.414347059807846,-0.13975953474915176,5.9363212250437645,5.958337446166018,-0.34523818576287524,5.8810236417370225,5.8272929342889555
4.920999999999978,0.2272871681363108,0.051964840131853644,5.816303760377007,5.730114897974124,5.668746046144162,5.5098840671105,5.108441716943127,4.746182840014273,4.420706907955341,10.102059988709351,3.056871514346093,2.3782100964513644,1.5681086988718302,0.8332451235364083,0.16389735361386853,-0.5886168167321325,5.261734535576851,-1.21065178431833,4.933175703624336,4.909555980483816,-1.4893759944945852,-1.5114906794925371,-1.36463355464389,-1.4952295059621876,-1.6442368650788493,-1.8592384940737274,-1.909103352340059,-1.9316720506259475,-2.0283357971242544,4.278484098216301,-2.0956307732217154,4.133106776268732,-2.214788490880043,4.0423423586066685,3.6702440293704552,-3.0379544415241573,2.9420604930090377,-3.832775226524207,2.1151265048023906,1.699432159684332,1.5561838089972642,1.5794242836570922,1.5361097288333283,1.343860978464655,1.0917532800235148,7.110368946416607,0.5819105355254748,0.5410832444119638,6.870904018793904,0.684221014540371,0.5989180018180795,0.44355760808174105,0.5458598566644336,0.586061971433526,0.6758500853671613,0.8632989665354023,0.9505236292796118,7.159249122284659,0.655901249297423,6.851080562690906,6.814066446675015,6.7310675415918055,6.502713836001638,6.357510471690857,6.250207423295681,6.323200896028199,6.593758938582902,6.7471374812074085,6.701671702062452,6.677349503445586,6.507233731754183,6.289098790792237,6.1791395124221165,6.019296230390285,5.617572664228385,5.225295929126088,4.554740074156281,4.334302072133431,3.980153136010928,3.6083952818630496,3.2810212820353883,2.933022831727469,2.891592398982868,2.8772039967814904,2.8006621747499616,2.484272692801933,2.24329134930445,2.121722532840085,2.0710575596095135,1.8722961671221439,1.6162302512640672,7.722336873361315,7.460802443922385,7.181242169195791,6.740785538648991,6.416491931633378,-0.13749550128596263,5.938689434644002,5.960790835351858,-0.3427202026542989,5.883581993478234,5.829863775814204
4.930999999999981,0.22676084124152773,0.05613230424131232,5.818851551250495,5.732609382008778,5.671150700706824,5.512158972908719,5.1105343558733525,4.748053133669526,4.422315902318923,10.10332232598606,3.057689676433908,2.3785744136009863,1.5679210184928842,0.8325153522996352,0.1626353930121855,-0.5904616337227947,5.259420502642844,-1.213392467881804,4.930026178770814,4.906022643485229,-1.4932676864241174,-1.5157048192864107,-1.369134572171303,-1.4999736632768066,-1.6491786519933147,-1.8643318320460063,-1.914296876218202,-1.9369180881300063,-2.0335882298390615,4.2732691411156,-2.1007671310020375,4.128086071471257,-2.2196601797920406,4.037648445465108,3.6657674240876363,-3.042186779315375,2.9380777015617805,-3.836474483823276,2.1117004477993473,1.6962938157717586,1.5533143545053512,1.5768226152814304,1.5337769159312977,1.3418024926486674,1.0899736867281509,7.108870446585293,0.5806936461399133,0.540142352095519,6.87024251196301,0.6838437957344319,0.5988289341698751,0.44376303500267067,0.5463607481035995,0.5868586828603133,0.6769432931173458,0.8646898927590498,0.9522022977498034,7.1612058106576475,0.6581283311930141,6.853554727185842,6.816764919517858,6.733964863146059,6.505784141260166,6.360717785679167,6.2535154704997655,6.326572231776069,6.597156664400572,6.750523163352787,6.7050094712316906,6.680605784863233,6.510376607842934,6.292100413688942,6.181981017993905,6.021960413074429,5.620035519580288,5.227553815578383,4.556758637375155,4.3361371506029505,3.981811655932564,3.609895290726687,3.282388175069395,2.9342816413573085,2.8927758975959605,2.87833955279079,2.801777130147665,2.485394112926118,2.2444450421557622,2.1229310974075535,2.0723412837228334,1.8736744998467714,1.617719339806046,7.723945821023249,7.462540978686581,7.183114442585191,6.742799307064362,6.418635664271699,-0.13523312004123358,5.941055489308085,5.9632415847573315,-0.34020533353756444,5.886136775801962,5.832430623372085
4.940999999999985,0.22623854846052116,0.060325662126472224,5.821394976082362,5.73509918051925,5.673550426540454,5.5144287948534805,5.112621849010099,4.749918343567948,4.423920005537189,10.10458009920323,3.058503737146151,2.378935232176262,1.567730555792523,0.8317836285042581,0.16137238867587106,-0.5923065269098188,5.257107348322098,-1.2161313396937965,4.92687936433767,4.9024928612665,-1.4971550770195807,-1.5199140160326132,-1.3736301141223994,-1.5047119755453977,-1.6541143689175097,-1.8694190196240787,-1.9194843050422976,-1.9421582123853725,-2.0388350438969973,4.268059416508778,-2.1058987170140515,4.123069628480512,-2.224528146175424,4.032957710097884,3.6612934080148998,-3.046417102515579,2.9340964341702356,-3.8401727000134525,2.108275071156952,1.6931558535518725,1.5504451066218057,1.5742210652294664,1.5314441938751724,1.3397441143001658,1.0881942553816453,7.107372188473739,0.5794770875131635,0.5392018830711042,6.8695815005209475,0.6834671055731739,0.5987403563491249,0.4439688375239891,0.5468618486656144,0.5876553539746873,0.6780361376796076,0.866080065506849,0.9538797585020957,7.163160779731758,0.6603531343879875,6.856026072907436,6.819460059653307,6.7368583799314745,6.508850224436886,6.363920560745278,6.256818772338785,6.329938737952119,6.600549606282463,6.753904238343467,6.70834293612933,6.683858184214876,6.513516135621041,6.295099314840634,6.184820485026714,6.02462328494083,5.622497850201867,5.229811948236083,4.558778284851421,4.337973951692471,3.9834724725643507,3.6113980726641097,3.28375820063574,2.9355438279288015,2.8939628939335273,2.8794786183821617,2.8028955053241114,2.4865187631240846,2.2456016992978074,2.1241423018391603,2.0736272747220927,1.875054678745836,1.619209818093214,7.725555691047455,7.464279944294848,7.184986643248587,6.744812457193262,6.42077825750709,-0.13297239089666904,5.943419389681185,5.965689695794616,-0.33769357589908905,5.888687992661636,5.83499348265332
4.950999999999988,0.225720352873717,0.06454483630681979,5.823934042536744,5.737584303230966,5.675945235408253,5.516693546592446,5.1147042116717305,4.751778486202477,4.425519234674482,10.10583332542305,3.059313712825509,2.379292567014927,1.5675373233441416,0.8310499618658372,0.16010834700117466,-0.5941514935967573,5.254795071572609,-1.218868404553502,4.923735251940844,4.898966622144749,-1.5010381806795428,-1.524118286259718,-1.378120198528723,-1.5094444614263454,-1.6590440343885948,-1.8745000745070937,-1.9246656550682435,-1.9473924376788148,-2.044076251200153,4.262854915140358,-2.1110255377046325,4.118057443662524,-2.229392390948161,4.028270154084581,3.6568219852440778,-3.0506454048287797,2.9301166987177387,-3.8438698659203685,2.104850384634313,1.6900182828628347,1.5475760746922873,1.5716196418931159,1.5291115697029112,1.3376858487245435,1.0864149892451371,7.1058741730996875,0.5782608583531215,0.5382618338577294,6.86892097895644,0.6830909367741841,0.5986522596768068,0.4441750060437757,0.5473631483468389,0.5884519749714604,0.6791286100432258,0.8674694771389985,0.9555560058258192,7.165114026252605,0.6625756585623512,6.858494602546243,6.822151872796214,6.7397481005940865,6.511912096929374,6.367118810545242,6.260117344162434,6.33330043095172,6.603937780987945,6.757280722562405,6.711672112058405,6.6871067150622014,6.516652326322507,6.2980955026768655,6.187657918836971,6.027284848011852,5.624959654689823,5.23207032242936,4.560799008673491,4.339812465029768,3.985135573573102,3.6129036139906074,3.2851313443506545,2.936809376995378,2.895153374034949,2.8806211805670525,2.8040172886435437,2.4876466334428176,2.246761312539484,2.125356139641163,2.0749155276590465,1.87643670023736,1.6207016836588448,7.727166481760737,7.466019339631059,7.186858770427047,6.746824988580628,6.422919711138046,-0.13071331370707054,5.945781136444994,5.968135169917969,-0.3351849271825741,5.891235648048831,5.837552359377224
4.960999999999991,0.2252063172618909,0.06878974344980282,5.826468758292116,5.740064759866735,5.67833513905206,5.51895324173279,5.116781459117375,4.753633577991361,4.427113606709447,10.1070820216153,3.0601196197211835,2.3796464328665587,1.5673413336440862,0.8303143620387569,0.15884327434259865,-0.5959965311068476,5.252483671355361,-1.2216036672341977,4.920593833243689,4.89544391450367,-1.5049170117214,-1.5283176464050217,-1.3826048433252367,-1.514171139482076,-1.663967666853306,-1.8795750143136718,-1.9298409424845608,-1.9526207782452345,-2.049311863615629,4.257655627772882,-2.116147599519139,4.113049513369858,-2.2342529150547397,4.023585778967589,3.6523531598197088,-3.0548716800141738,2.926138503027906,-3.847565972432371,2.101426397927772,1.6868811134820831,1.5447072680055554,1.5690183536127993,1.526779050408227,1.3356277011924682,1.084635891556728,7.104376401471319,0.5770449573727988,0.5373222009939665,6.868260941792075,0.6827152821024454,0.5985646355335201,0.4443815310295545,0.5478646372193021,0.5892485361234218,0.6802207012735256,0.8688581200855594,0.9572310340696786,7.167065547010447,0.6647959034220187,6.860960318799066,6.8248403646475415,6.742634033746123,6.51496977008229,6.370312548666339,6.263411201239479,6.336657327081439,6.607321205184144,6.760652632301765,6.714997014237246,6.690351390892662,6.519785191121348,6.3010889855845065,6.190493324717855,6.029945104307067,5.627420931658702,5.234328933525524,4.562820800984695,4.3416526803107045,3.986800946702567,3.6144119011022524,3.286507591909767,2.9380782741833147,2.896347324001915,2.8817672264051777,2.8051424685020985,2.4887777139430596,2.247923873686401,2.126572604302137,2.076206037556997,1.877820560704264,1.6221949339993504,7.728778191456377,7.467759163553438,7.188730823347423,6.74883690077138,6.425060024977097,-0.12845588830070426,5.9481407303172045,5.970578008623093,-0.3326793847896659,5.893779745992634,5.840107259291152
4.970999999999995,0.22469650409326264,0.07306029428459095,5.828999131040887,5.742540560146518,5.680720149192316,5.521207893841357,5.118853606547293,4.755483635278695,4.428703138535691,10.10832620465807,3.060921473989641,2.3799968443932764,1.5671425991122592,0.8295768386167008,0.1575771770132171,-0.5978416367828676,5.250173146634284,-1.224337132483458,4.917455099956594,4.8919247267930315,-1.5087915843819857,-1.5325121128152066,-1.3870840663509931,-1.518892028179684,-1.668885284668502,-1.884643856582338,-1.9350101834126956,-1.9578432482678303,-2.054541892975562,4.252461545186993,-2.121264908901222,4.108045833941879,-2.2391097194658673,4.018904586252429,3.647886935739342,-3.0590959218858593,2.922161854864897,-3.85126101050028,2.0980031206711205,1.6837443551265443,1.5418386957936845,1.5664172086776615,1.5244466429408154,1.333569676940108,1.0828569655316878,7.102878874587416,0.5758293832904153,0.5363829810379569,6.867601383584216,0.6823401343701329,0.598477475359171,0.4445884030178733,0.5483663054302047,0.590045027780789,0.6813124025113168,0.8702459868459163,0.9589048376412761,7.169015338839796,0.6670138686985656,6.863423224368849,6.827525540894402,6.745516187966201,6.51802325518771,6.3735017886275145,6.26670035875828,6.340009442559617,6.610699895446553,6.764019983763517,6.718317657800037,6.693592225119961,6.522914741131975,6.304079771908016,6.193326707939447,6.03260405584325,5.629881679740738,5.236587776928714,4.564843653982827,4.34349458729868,3.9884685797728006,3.6159229204752363,3.2878869290874695,2.9393505051911726,2.897544729997981,2.882916743004228,2.806271033327692,2.4899119946994035,2.2490893745411706,2.1277916892934226,2.07749879941136,1.8792062564949923,1.623689566574906,7.730390818394707,7.469499414894994,7.190602801222624,6.7508481933104525,6.427199198850647,-0.1262001144796645,5.950498172050985,5.973018213446525,-0.3301769460806106,5.896320290559007,5.8426581881699535
4.980999999999998,0.22419097551036987,0.07735639351757612,5.831525168488988,5.745011713787191,5.683100277528024,5.52345751644483,5.120920669103245,4.757328674334949,4.430287846962424,10.109565891338486,3.0617192916953404,2.380343816170435,1.5669411320927202,0.8288374011331247,0.15631006128499203,-0.5996868079869934,5.247863496376223,-1.2270688050233636,4.914319043836602,4.888409047528149,-1.5126619128181769,-1.5367017017469993,-1.3915578853497947,-1.523607145891554,-1.6737969061017044,-1.8897066187719498,-1.9401733939073162,-1.9630598618782604,-2.059766351077155,4.2472726581815285,-2.126377472292643,4.103046401704993,-2.243962805178186,4.014226577408037,3.643423316953841,-3.0633181243125422,2.9181867619336797,-3.8549549711371496,2.0945805624358234,1.6806080174528473,1.5389703672322774,1.5638162153257953,1.5221143542065811,1.3315117811693515,1.0810782143626527,7.10138159343752,0.5746141348294879,0.5354441705674159,6.866942298922907,0.6819654864364126,0.5983907706526568,0.44479561261388617,0.5488681432014219,0.5908414403706654,0.6824037049723365,0.8716330699882441,0.9605774110066386,7.170963398619057,0.6692295541489903,6.865883321964578,6.830207407210108,6.748394571799518,6.5210725634854505,6.37668654387982,6.26998483182732,6.343356793516959,6.614073868259629,6.767382793060034,6.721634057797374,6.696829231084546,6.526040987409598,6.307067869949719,6.196158073748849,6.035261704634367,5.632341897585683,5.238846848079593,4.566867559919699,4.345338175824065,3.990138460679534,3.6174366586652185,3.2892693417362797,2.9406260557892296,2.898745578248123,2.884069717519582,2.807402971579918,2.4910494658003874,2.250257806903686,2.1290133880695663,2.0787938081902158,1.8805937839241327,1.6251855788100682,7.732004360803651,7.471240092463942,7.1924747032518646,6.752858865742851,6.42933723259879,-0.12394599202023303,5.952853462434477,5.9754557859650355,-0.32767760837489834,5.89885728585017,5.845205151815434
4.991000000000001,0.22368979331672345,0.08167793974974018,5.834046878355482,5.747478230502323,5.685475535736719,5.525702123029898,5.122982661868848,4.759168711357484,4.4318677487150975,10.110801098353424,3.0625130888114658,2.380687362687315,1.5667369448542843,0.8280960590617232,0.15504193338908728,-0.6015320421006553,5.24555471955091,-1.2297986895507134,4.911185656687057,4.88489686528939,-1.516528011107492,-1.5408864293678182,-1.3960263179708552,-1.5283165108959784,-1.678702549331636,-1.8947633182621277,-1.9453305899566156,-1.9682706331568067,-2.06498524968271,4.2420889575736025,-2.1314852961330937,4.09805121297291,-2.2488121732139814,4.009551753867075,3.638962307367683,-3.0675382812172542,2.9142132318802916,-3.8586478454180257,2.091158732731247,1.6774721100575374,1.5361022914406834,1.5612153817444636,1.5197821910678664,1.3294540190480302,1.0792996412198246,7.099884559002085,0.573399210718916,0.5345057661796374,6.866283682431775,0.681591331207239,0.5983045129715538,0.44500315049093947,0.5493701408290133,0.5916377643965002,0.6834945999466978,0.8730193621489798,0.9622487486897487,7.172909723270148,0.6714429595554744,6.86834061430119,6.832885969254215,6.751269193758031,6.524117706163383,6.379866827806847,6.273264635475715,6.346699395997089,6.6174431400173965,6.770741076214683,6.724946229196814,6.700062422054098,6.529163940950612,6.310053287970078,6.198987427370332,6.037918052691563,5.634801583860659,5.241106142455035,4.568892511100695,4.34718343578366,3.9918105773935566,3.618953102306671,3.2906548157862168,2.9419049118189364,2.8999498550383,2.885226137154018,2.8085382717499363,2.4921901173485894,2.2514291625714025,2.130237694068758,2.0800910588348596,1.881983139273024,1.6266829680943855,7.733618816879278,7.472981195044137,7.19434652862092,6.75486891761368,6.431474126075158,-0.1216935206732328,5.955206602290293,5.97789072779502,-0.32518136895190186,5.901390736003985,5.847748156055825
