t,r,psi,theta0,theta1,theta2,theta3,theta4,theta5,theta6,theta7,theta8,theta9,theta10,theta11,theta12,theta13,theta14,theta15,theta16,theta17,theta18,theta19,theta20,theta21,theta22,theta23,theta24,theta25,theta26,theta27,theta28,theta29,theta30,theta31,theta32,theta33,theta34,theta35,theta36,theta37,theta38,theta39,theta40,theta41,theta42,theta43,theta44,theta45,theta46,theta47,theta48,theta49,theta50,theta51,theta52,theta53,theta54,theta55,theta56,theta57,theta58,theta59,theta60,theta61,theta62,theta63,theta64,theta65,theta66,theta67,theta68,theta69,theta70,theta71,theta72,theta73,theta74,theta75,theta76,theta77,theta78,theta79,theta80,theta81,theta82,theta83,theta84,theta85,theta86,theta87,theta88,theta89,theta90,theta91,theta92,theta93,theta94,theta95,theta96,theta97,theta98,theta99
0,4.6020928940463593e-17,-0.26545860842877467,5.215043804959057,3.330088212805181,4.39822971502571,2.8274333882308142,2.7646015351590183,2.450442269800039,1.3823007675795091,5.026548245743669,0.6283185307179586,0.0,1.1309733552923256,1.884955592153876,4.586725274241099,2.0734511513692637,5.6548667764616285,0.25132741228718347,4.775220833456486,4.838052686528282,0.7539822368615504,1.9477874452256718,3.455751918948773,5.529203070318037,1.6336281798666925,2.6389378290154264,4.335397861953915,0.942477796076938,2.5132741228718345,6.031857894892403,0.5654866776461628,4.523893421169302,0.6911503837897546,2.9530970943744057,5.340707511102649,1.7592918860102844,5.843362335677016,0.3141592653589793,4.1469023027385274,4.084070449666731,2.199114857512855,1.0053096491487339,3.0787608005179976,2.1362830044410597,0.4398229715025711,5.969026041820608,1.6964600329384885,1.1938052083641215,5.089380098815465,1.5707963267948968,3.8955748904513436,0.8168140899333463,1.5079644737231008,0.1884955592153876,1.0681415022205298,2.387610416728243,0.5026548245743669,4.900884539600078,0.3769911184307752,4.0212385965949355,2.261946710584651,5.592034923389832,3.518583772020569,6.220353454107791,3.392920065876977,2.7017696820872223,3.1415926535897936,4.209734155810323,2.8902652413026098,4.272566008882119,3.832743037379548,6.094689747964199,4.9637163926718735,2.5761059759436304,3.6442474781641603,3.0159289474462017,6.157521601035995,3.5814156250923643,4.71238898038469,2.0106192982974678,5.906194188748811,3.7070793312359562,3.9584067435231396,5.277875658030853,2.324778563656447,1.8221237390820801,0.06283185307179587,3.267256359733385,1.3194689145077132,0.12566370614359174,1.4451326206513049,5.46637121724624,5.717698629533424,4.649557127312894,5.403539364174445,5.152211951887261,1.2566370614359172,3.769911184307752,4.461061568097507,0.8796459430051422,5.7805304826052195,3.204424506661589
0.010000000000000002,0.007836252500516089,-0.013508985333676653,5.345515076744826,3.535396821859457,4.313731467046175,2.9657957998233555,2.656546365012389,2.396796146164568,1.4326846169823966,5.318421828280134,0.38464451846549874,0.06332193350591724,1.2634673136104788,1.9264968806324385,4.39971651198128,2.210596447123958,5.61788508112733,0.2048534187859804,4.830823397911263,5.061275818023907,0.692395435842288,1.6815381343553413,3.5572017383397707,5.487500665464982,1.610283105297605,2.488072563972096,4.485157670986139,0.8817539127161356,2.5456502984013345,5.953665258771247,0.5208495466694143,4.494586449768578,0.9615677951397016,2.9430857116702667,5.526610816753663,1.5430902349681779,6.035569527139665,0.2933428101169755,4.196541696799126,3.973707351214187,2.1791088720046137,1.0318146786517342,2.688067920329202,2.08060201009897,0.4487195614182575,6.340189889060143,1.2991250911790857,0.9676722096235678,5.233697369292104,1.8385013193662834,3.5390307502107063,0.81943872762599,1.522722836373285,0.4482925261507241,1.105121165246117,2.1487265813562395,0.6891231835171456,5.147249432340729,0.10389727258620743,3.8950967188500756,2.6037328102542556,5.882219826680502,3.658169260792383,6.220258440360096,3.2644097350071672,2.771863679470312,3.1688163276094037,4.071700303838565,3.1803906279501857,4.036293625234774,3.9678437048432933,5.765493953655717,4.600224434333017,2.8272955022194584,3.3747140784064147,2.972052089811784,6.039425561436744,3.775953681859061,4.456430757865029,1.9630104398195765,5.8971708648172925,4.090417377860044,4.348997232794563,5.018716235258386,2.470627858991519,1.8449315575769254,0.24051600079850974,3.2420756029229594,1.3359314989223228,0.49285079686142286,1.006610471533438,5.242942197396802,5.39182027024981,4.76310674829549,5.1867548934514724,5.179566867622438,1.257328656452629,3.585020292215627,4.437982582973167,0.5540980269627118,6.034241380525584,3.4869386723956213
0.02000000000000001,0.011782496962608201,-0.12914943598264703,5.422188437953846,3.7150297049003673,4.232925010021704,3.082972827996072,2.574155592012972,2.3391493819016196,1.457812694738766,5.611112921774458,0.22963790851894966,0.0744981034593472,1.3538664197092596,2.010582438692773,4.15776538854634,2.359246644828698,5.576158300962856,0.15641044117774783,4.910583604223893,5.267297219345208,0.5972379326238904,1.4367706816401147,3.6356795466778995,5.422285772377115,1.5805919517372293,2.356642111714543,4.664307259274492,0.8016423496659368,2.5898278135729145,5.887897550807204,0.4677159460017374,4.496472300549927,1.2504182156378987,2.8917898479603688,5.786262563925734,1.291822774714295,6.217992705725792,0.26319216215422314,4.238975486374287,3.851147334834973,2.157180042052535,1.089595511011794,2.318669825028784,1.9946855007426718,0.5035832923660105,6.68219575817371,0.9868407510109424,0.7003379907457195,5.352162625636461,2.187102037051893,3.1836638848228196,0.8887799896700842,1.512401269298696,0.6552232005232442,1.154089522195385,1.9215452173470329,0.8332226141929322,5.384863484960045,-0.2118683311839009,3.7654468394139426,2.8898393402853406,6.098943723614116,3.8232924732987015,6.214045960575641,3.116831978355215,2.784912478048972,3.192818881900039,4.0185858597387005,3.456764257473136,3.873360872634447,4.087424498715859,5.450959543852801,4.380181568945885,3.114368674152213,3.2091105142123695,2.9322741784525386,5.902179208049102,3.905546502740616,4.198617195159385,1.947738895299522,5.865047128747727,4.407657209625111,4.560883342212319,4.768254366064031,2.6575615445126752,1.8787137279366182,0.4018769683810603,3.194602736219619,1.4190009587849637,0.7063063485108545,0.6493865181139837,5.077244308933391,5.150841892667439,4.783811919810848,4.994128367203903,5.170514818968714,1.2812354470869594,3.4180207840725068,4.41112280044233,0.3117327991815504,6.1839458170687855,3.8489352922753857
0.03000000000000002,0.013647119996692145,-0.3962253506008231,5.461319408462321,3.8621571258812195,4.155494065824361,3.183649276981532,2.512454595063695,2.2790783744569536,1.457105659179022,5.8554429121378995,0.14057363302353282,0.03600529406336978,1.4120371906091018,2.1356950723597294,3.8803095748625283,2.505521043126774,5.5318477023522625,0.10603783869101287,5.01363774934782,5.448074002637229,0.49251628847857815,1.2142924363403391,3.6950180655969995,5.326778114431129,1.5520409910875947,2.2339763854021193,4.8766860276018935,0.701954828991272,2.647537647640142,5.836975721209402,0.40338337806527774,4.532041798193593,1.504804331594184,2.7939990770052248,6.105631251381169,1.07817139346666,6.348174152092006,0.21950495852916366,4.272437532347507,3.7352144154851357,2.125919689855778,1.174029939967901,2.037226956638127,1.8928169814638638,0.594059797012015,6.911872427530071,0.7893582598710372,0.45114618017320185,5.405162179653157,2.534219456278394,2.9146801577764028,0.9891677785965877,1.4746231187334229,0.8084404312607947,1.2065407145676583,1.7478378401201147,0.9231068077645523,5.573798764982485,-0.5190984387965616,3.673904173788118,3.0888291641813583,6.260719729486455,3.992398505376605,6.190943242033311,2.963338675042753,2.7650925360864793,3.219936708700122,4.018757139172634,3.6807224617580796,3.7752853813605483,4.180625688952653,5.213940711509688,4.288706396558032,3.3820838145766157,3.1283256525547856,2.903475540205187,5.746207501986729,3.978822360699432,3.9640612937182755,1.9664594457574374,5.8139334406614935,4.609831546322099,4.637211107106763,4.554678060836001,2.85789824520607,1.9303634144335258,0.5514155921391156,3.1222601836355306,1.5681941997645956,0.8156149987451323,0.38893989313532623,4.9969606580057215,5.006088954004951,4.747293031732101,4.818158063327139,5.120806153639116,1.3288654431000009,3.2643813454733523,4.364547693813861,0.15751337976498758,6.2228925986682775,4.235356215307761
0.04000000000000003,0.015098685174514579,-0.731655486475128,5.477403937873888,3.972645121201581,4.080796349312975,3.2701540489216714,2.467621124428414,2.217484776384907,1.435572513143981,6.042104495747396,0.08653292535424037,-0.030718939776594647,1.4487533445642482,2.2919413129571775,3.605746199014293,2.630673753462032,5.492018324164408,0.055125343790650705,5.136442840974692,5.598349223552681,0.39275085691600037,1.0085019976931768,3.7432418196310775,5.191102662322153,1.5370338764941116,2.1112105028311503,5.1182221870864435,0.5861287030968524,2.7224305141496457,5.797844968429735,0.32847959981211255,4.602589650310437,1.6997242329969453,2.655119201303815,6.446420345289492,0.9382488752169038,6.423107048518854,0.1618012892289561,4.297055241609693,3.6456357603104452,2.0893433689093484,1.2710838673622886,1.8531927635545202,1.7929908456398655,0.7024108916835815,7.041257822243479,0.6714159061276062,0.2523733438219873,5.384326593743375,2.8234259523892002,2.748517601209781,1.0872335602209044,1.415678919802073,0.91239012533313,1.2570386419254214,1.633275385098434,0.971537100163637,5.6952540741133735,-0.7837329360179444,3.6344417991676896,3.2177282877174025,6.393956320146377,4.157961749382366,6.148191684727591,2.816954148289195,2.730348573118645,3.2554115245693644,4.04546399779485,3.8370390607315117,3.72348911610349,4.246485910736796,5.060981081889313,4.276522989442236,3.607019328210099,3.1022352315367674,2.8920923030613306,5.566474250733154,4.010113106600622,3.7615344767975136,2.0118647332501203,5.749364430513315,4.724431164809616,4.649877199967552,4.396038144145638,3.044017907956562,2.003867554469346,0.6970968266083618,3.030491382971977,1.7698383220435654,0.8766206087439107,0.1971372648810884,4.985209771230756,4.937091306500025,4.687182921864783,4.659103058784374,5.02431252953419,1.4002394561392726,3.120509669352329,4.284306569799489,0.06667159643046351,6.196291558973592,4.5895697819169285
0.05000000000000004,0.017048288926785896,-1.1386497961978812,5.480149228014462,4.048064665735532,4.010628119157356,3.341585440419856,2.436393164799577,2.15499658685416,1.40037242083934,6.17930255978319,0.04792211135392426,-0.10123261681664367,1.471503373330283,2.463732567581487,3.3718412783682763,2.721813722230674,5.466059918009664,0.006692632423321654,5.272229958687748,5.718413006485873,0.302985423884418,0.8150414562085111,3.78584460165298,5.003707093209115,1.547749883578569,1.9822486339767327,5.373800319191771,0.46251238831882696,2.8213529564775475,5.763426289815284,0.24586694825609792,4.708094120627819,1.8360436474364976,2.496681771816438,6.766480773836883,0.8693458188428713,6.461676306089404,0.0933598878120071,4.31405763991435,3.5886204222343974,2.0558289789707915,1.3657769243988596,1.7405376521639386,1.7065457886230266,0.8143639479088398,7.111626749565164,0.5975910904166724,0.10165413082035332,5.308052188362961,3.049286866609084,2.658508051643995,1.1713220921395808,1.3441614993999895,0.9756987513930439,1.3024413974810178,1.5629713206164086,0.9927186781584282,5.757649947246718,-0.999612454242937,3.636056652159604,3.3021493526577257,6.513522215097907,4.320370920573895,6.087915211861484,2.687128924883975,2.6923912820291376,3.301395759011649,4.0816539478556235,3.9319327142056553,3.7011452990668365,4.290928263227792,4.972961982810001,4.307468850963704,3.7894536750592955,3.1065139398117556,2.9022434965563955,5.354106150285835,4.012026640041647,3.594478610054895,2.0766338212391484,5.6742719646422985,4.788830603594749,4.643678833063121,4.294232563746307,3.1986912154637954,2.102456583129444,0.8486006203879078,2.932242714272618,1.997974189809697,0.919245393588697,0.05089258416304853,5.013955119585288,4.916578449210243,4.624514429149887,4.519016716430665,4.873934239482465,1.4961205244057114,2.9856006019166292,4.1615912068480565,0.017317083730397354,6.147908023120941,4.87654892369222
0.060000000000000046,0.021491916682149694,-1.588367967539854,5.47577114774886,4.095006429119474,3.947442458135081,3.3943708718979844,2.4159378199439536,2.0923345057796032,1.3597922183338034,6.2783239249555844,0.016217227549403506,-0.16212558709114644,1.4844422137181676,2.636286128373579,3.196957789409974,2.777751672820028,5.46070503894117,-0.03524010899458427,5.411200361098755,5.81174230955122,0.2229142329369776,0.6339139321810092,3.8220296860494822,4.7557371130716914,1.590975509522248,1.8491876806294285,5.6206497373426485,0.34110647645825987,2.9550065292705257,5.724966191147856,0.15986525980666622,4.8446008367963875,1.92443435079723,2.350865236955776,7.037062557353238,0.8507139585208418,6.483874729915055,0.018956208886873327,4.324805122145669,3.56083031190611,2.0310728818195978,1.4472812329655242,1.6714249219792483,1.6371122201213488,0.9200621443066671,7.153571619418412,0.5476044495599628,-0.015349438879341492,5.201534787722118,3.224899943881923,2.615930985762941,1.241719192309804,1.2667727932726547,1.0084195873620099,1.3410368778315755,1.521282999614716,0.9959436259157545,5.777870394054367,-1.173713891754115,3.661213639560215,3.3593229848601056,6.624744301654631,4.480269651734454,6.01500873765646,2.5788984096886556,2.6585084977527984,3.3562121054421334,4.117894263663542,3.9818328133511804,3.696460551777863,4.3206454431528805,4.929922239766336,4.360475850922454,3.938224442321571,3.1265387217576954,2.935038221798234,5.0998181147288015,3.9930447925620713,3.46688866487563,2.1556527366399605,5.590531625212958,4.8275957963428935,4.639405855512736,4.238760300808011,3.318366185624799,2.228474861955315,1.0179292843478598,2.8421876321049577,2.219356715456391,0.9553587993134058,-0.06303864694279014,5.059543454768503,4.921314329258477,4.568959781953235,4.396322726202949,4.664843123561411,1.6180714087652024,2.8618379051669085,3.995795196639006,-0.0029332210172941186,6.102332595488868,5.089253873096991
0.07000000000000005,0.02954075507510973,-1.9678839740362444,5.4680996407167495,4.1219870851778815,3.8919300961593004,3.4234970638570106,2.404215571408709,2.0306340289808245,1.3219818369640342,6.349406687864798,-0.011552430376750526,-0.21137733717856286,1.4899863545275658,2.7954144425351632,3.079877494709479,2.8048182627087144,5.4774666954123346,-0.06730513367229632,5.541760861083572,5.882205965964069,0.1508162652202576,0.4693447868600339,3.844039659743218,4.449897583446307,1.66733853230687,1.7232797703908163,5.837438275219291,0.22715155555355865,3.137339947983936,5.674074792892383,0.07558294665504363,5.001982007409081,1.9783762429838243,2.242770508621373,7.2499557889344315,0.8598868583580902,6.501918785431748,-0.05681442899002872,4.331736295315004,3.5564007335385623,2.0169531814012283,1.510038854612403,1.6269997732645096,1.584401587894188,1.0135234623256832,7.183282218945534,0.5113269131323387,-0.11101802777631709,5.085986325438391,3.3622583415093943,2.601356536385332,1.3011012606720418,1.188475363849924,1.0197597983616975,1.372343463099854,1.4971012459322708,0.9867432978491216,5.770331763129529,-1.3147874071972678,3.6959215745104346,3.3989511742047354,6.728366488877384,4.635565473492676,5.936245651204629,2.4936680101239834,2.632646414518492,3.4129881154492447,4.149312364561599,4.003212807155934,3.7019688228656986,4.3405924947739845,4.917031129585346,4.424027298213811,4.061841720509222,3.1549685976142556,2.9868697033340332,4.7994398723862055,3.9570601034999116,3.379305943115702,2.2462260776892027,5.49996085486659,4.853676095442926,4.643898362547578,4.215931856412448,3.408208010597718,2.3790033284890644,1.2203789471416995,2.769992408703222,2.4056424271142287,0.9884365810015503,-0.15276114389949377,5.107322674917777,4.936419401717204,4.523074728757978,4.2858877185127495,4.402574316489416,1.7659909665455984,2.7529672779524152,3.7945912550124428,0.0009097207322548116,6.067749018789463,5.238660621883873
0.08000000000000006,0.03984613901435461,-2.2381142926217854,5.459275780540373,4.136397090718216,3.8426747169166817,3.424933792587457,2.3999542871139647,1.9715594513984744,1.2929451728042043,6.401120042129532,-0.03641262871895176,-0.2516457485468003,1.4903404464413432,2.9244709446299133,3.009206307006388,2.8104486595509877,5.5140983833741375,-0.08853568124576938,5.6529131576609375,5.932779578721673,0.08554155650685767,0.3273371880793496,3.840410661408647,4.109952948011456,1.7703374132966059,1.617976435539915,6.011864210893015,0.11811779816595429,3.381920804940835,5.6051998651193005,-0.0023116262082818403,5.165497537177692,2.010668158532115,2.1786310015560293,7.412973967588555,0.8809134198302223,6.519941988498051,-0.13082690649730214,4.34006936879514,3.5698900626728958,2.0128177748678096,1.55329394969449,1.59657921728557,1.5467484476693034,1.0925143531333985,7.207751836388983,0.48361325986617065,-0.1931100150856663,4.975804684936372,3.469506252807837,2.603013879261147,1.3515367465158301,1.11342515267362,1.0172013360463745,1.3968403826510924,1.483344545638739,0.9689540297666345,5.745159773793312,-1.4298303813814446,3.7314723054338645,3.4264652018060993,6.823606921941266,4.782020050553324,5.859079655637025,2.4303769853969954,2.61571134315243,3.4594713105689507,4.173133862545012,4.0083340169692026,3.7131818647224497,4.353835755989595,4.9239062977103965,4.491643410118305,4.166118895825898,3.188212617781458,3.0472927218981196,4.461365099078928,3.9044548167123,3.3258009419676635,2.3473828283914275,5.404480435001496,4.8731369666301525,4.657473202730217,4.214131939613131,3.476052526162221,2.5404409617253565,1.4693975113980973,2.719420242678637,2.542111490130657,1.0196614941742836,-0.22419310228746514,5.150334101823264,4.9541882743512575,4.486052958992927,4.182672514894331,4.112989863140407,1.9326287600955863,2.662040513456472,3.5692587046350375,0.027886543549597922,6.0445228125318105,5.34075233704896
0.09000000000000007,0.04970294233932686,-2.4162117157645526,5.450307489020068,4.142760642061133,3.797308208010158,3.3995336855844247,2.401599166363746,1.9170161461600261,1.2749027194863463,6.440386395385283,-0.058718159198341766,-0.28558979749384766,1.4884971609785846,3.009769265615359,2.970674100678567,2.79986527321029,5.56729891339493,-0.10083585350425699,5.73763626652273,5.965762830904567,0.02680636557515023,0.2121736416638772,3.8026234972305613,3.776823246236229,1.8839439051075775,1.5407331411491578,6.142048077218009,0.007898359584940595,3.6916126857600506,5.519977382139101,-0.07095930830144588,5.321313941102738,2.0309645260849374,2.148033160300951,7.539191172901027,0.9054659540626151,6.5374421151701085,-0.20197274352385425,4.3582476121929,3.596787613340837,2.0168845517581384,1.5798304201392597,1.5747014385841633,1.5217150229623175,1.1576826781666227,7.2294684632175095,0.46154140438408303,-0.2659822097398116,4.879194274899923,3.552682749598996,2.6138601676500914,1.3943697448898158,1.045192484739926,1.0064418947416018,1.4155969957576213,1.4756615340442956,0.9461987923451994,5.709127110440284,-1.523953270644833,3.7633638149269375,3.445109952617879,6.909697776915871,4.915218422642308,5.789920283738445,2.3864160898787574,2.6058943320522725,3.4822891866887433,4.187236609343795,4.004920904103034,3.7275683600595757,4.362078295761997,4.943127845613133,4.559312023766605,4.254720488595299,3.22374003249064,3.100819517022911,4.113160175121504,3.83557110501484,3.2965502588966227,2.458496425630585,5.306130038359176,4.888544077696083,4.678071351328543,4.2249989867892035,3.5286115976949533,2.6919733517769564,1.7597985156467701,2.6918275543996555,2.627321713365427,1.0504056574969327,-0.28195509456414747,5.186291666254007,4.97125548060348,4.456086556643482,4.085392967528388,3.8385440390978287,2.1010388961755306,2.589342999589687,3.3300668991307605,0.07827832726965114,6.0309221516675215,5.40967344130181
0.10000000000000007,0.05641540628863035,-2.529532279640713,5.441460335015105,4.142915775120995,3.753915869833518,3.3544835096047096,2.4061724096530117,1.8684726261997424,1.2659567816129205,6.472532715055323,-0.0784550251792438,-0.31463454884543296,1.4883656350371064,3.049670562024496,2.9508214964636044,2.7757441849472753,5.634396817913617,-0.10751313939689351,5.796742552989651,5.983954892038843,-0.0252683706839341,0.12432461072746272,3.7290872871687295,3.487171477920067,1.987751872650994,1.4906337347662173,6.233418849427697,-0.1039011584604326,4.043243120878053,5.431557165607062,-0.1294113230156968,5.46163501610324,2.044890301190908,2.1346796988796592,7.639148473907428,0.9302364520398113,6.5526177613206285,-0.2703887757437053,4.394872252503155,3.633243677323587,2.0271692271760555,1.594129487246576,1.5586967572343902,1.506269135209698,1.2110730388810875,7.24915685778971,0.44327095801767136,-0.33208457342247144,4.800041552610428,3.6169851696173074,2.6296337138784907,1.4306487821149685,0.9864043485086001,0.9915929542194944,1.429908021713429,1.4714609457093368,0.9223081718317726,5.666721334461534,-1.6009449680554904,3.789878067470138,3.457004484645726,6.98651472630695,5.03225282975295,5.732839895125385,2.358271548869663,2.5997457753157183,3.4748041370064997,4.1900830135565075,3.997263324518053,3.7438541271128813,4.366227673315455,4.969260053489465,4.624350270581467,4.330182412578194,3.258915060284468,3.1354443054039582,3.7980085464445725,3.75490090085283,3.2819745020560567,2.577964958952617,5.207228566562948,4.900870708439139,4.703164980095962,4.242915235136537,3.570196935873989,2.81889839024194,2.0545499021261,2.6866438499808343,2.668063132508469,1.0824219108076019,-0.3295371485819345,5.215182148064981,4.986428128442622,4.431539431012837,3.9966183176083105,3.614369841485768,2.252401812830308,2.5316801996319502,3.0856658022644967,0.1512767614221488,6.025245660017815,5.456074565359869
0.11000000000000008,0.0587706302027199,-2.6141054757025914,5.432512660346656,4.137500600464688,3.7116958880219446,3.299529427080191,2.409523257976842,1.8262764228966302,1.2612277614811427,6.50133635239895,-0.09538026793310403,-0.339338940696735,1.4939261859725925,3.053727370937872,2.9388067599611514,2.739159204411083,5.713945141757087,-0.11057102874235597,5.839562899562528,5.991700305807086,-0.07051593297161152,0.06098012766155212,3.6229067701712627,3.2558983822695224,2.068325419996782,1.461577431948152,6.295158111689167,-0.20633547698090599,4.38778596892887,5.360134396460838,-0.17738272427655266,5.585820289558802,2.054636086778579,2.1264760136402385,7.719110756977651,0.9540810362395187,6.56416807262089,-0.3356664772802656,4.452325349681107,3.675897682024201,2.041912296422385,1.6006002334071392,1.5471441801071166,1.497332522963422,1.2548976659611168,7.267009262030779,0.4276384907416674,-0.39282969007481017,4.739515851757555,3.66707046957944,2.647737283657938,1.4613828544857026,0.9383982074612486,0.9754466289415861,1.4410009032196631,1.4692795633118023,0.9007055862936498,5.620885169783247,-1.663727695808254,3.8109337748571694,3.4636481021100702,7.054649540156651,5.132319037380192,5.689375482972294,2.3420711488372308,2.593891158688107,3.440848472802606,4.181546121368431,3.9875128439819663,3.7614887950265787,4.366853426303226,4.998342872816647,4.6849932108776065,4.394554311812145,3.2913553125179087,3.150074027932297,3.5507351692029507,3.6714677464450776,3.275188871244048,2.702540894333211,5.110565111351971,4.910502115561078,4.7304962944851905,4.264221650660069,3.603351731926264,2.9183564110820117,2.3070191702621767,2.698087953190462,2.6744569351686645,1.1172845632342243,-0.3694176018049246,5.237885904545993,4.999470751815233,4.411267708717551,3.919521502582819,3.4509923920289207,2.375649950435873,2.4837963672334835,2.8449398599923814,0.2430601444183419,6.026108014459414,5.487496936028983
0.12000000000000009,0.05747633325884671,-2.7039722558906294,5.42295840948603,4.127149236247854,3.670683620786454,3.2423386352655816,2.407519073026335,1.7894349351657393,1.2550457668099055,6.529060582142084,-0.10918770575816932,-0.35995075148726935,1.5080915090785387,3.034524700243207,2.9271776204288398,2.6904822573408023,5.805852086328295,-0.10906682453843311,5.877474255910479,5.994401163482759,-0.10874462730992383,0.017952276647359308,3.488166732631411,3.0781524983324804,2.123118899529292,1.4464359747169413,6.33762826980693,-0.2852222644570418,4.6805692777968835,5.318555986704909,-0.21434322874276548,5.698438822199159,2.060222806228196,2.11807239721003,7.78265001672756,0.9764490655265626,6.5718865302255205,-0.3957133098739885,4.524009433270666,3.7220742047138926,2.059633778417667,1.602544682582482,1.5390698559363765,1.4923885875850047,1.2909774928237878,7.283103561029176,0.41397567143106623,-0.4489197931889078,4.696737025667604,3.7069479474358724,2.666597725230955,1.4875702071867567,0.9012432006582659,0.959772892419489,1.4498625775004832,1.4683498418033092,0.8836556187776704,5.5735261768809,-1.7146476122443164,3.827278725055978,3.4661680017881755,7.115198699015678,5.216364269085729,5.659175685373074,2.334093088148978,2.5862968894146436,3.389982721981379,4.163241471817192,3.976741042451558,3.780210424811784,4.3645034753005305,5.027607276456942,4.740226743905477,4.449645787685822,3.319702149707589,3.1515142589883083,3.3766836248720615,3.5942279822459167,3.27236896829491,2.8275105203494024,5.01934424553648,4.917744776959297,4.758299932086065,4.286604122117757,3.629816424473573,2.9937210558461804,2.4962306608196965,2.716176116478216,2.656859293221601,1.1558715298121023,-0.4032696717594115,5.255516233615271,5.010505292754833,4.39448895373173,3.855411023213583,3.3400062687710825,2.468511033756753,2.440712242806995,2.6179338338162945,0.3459914713420185,6.032141024512348,5.509133794458971
0.1300000000000001,0.05400687976973986,-2.822019441910475,5.412189276540291,4.112782275684685,3.6311677806828695,3.1869199083749313,2.3969009395519745,1.7559860310495803,1.2432571145853455,6.556526872376584,-0.11967028448614772,-0.3766982549283233,1.531788727881747,3.002179764054792,2.9117044725181325,2.6298949686870117,5.911217930019783,-0.10018641206465288,5.916740464691777,5.996776780510499,-0.1397022296027297,-0.00869110962075621,3.3287684102193773,2.940667230529386,2.155966213275283,1.439256284300359,6.370191166195361,-0.33514180422582573,4.906496957232434,5.305846856604085,-0.2396201141405875,5.806768517830822,2.0605652150108993,2.108144071712178,7.832289254451532,0.996913194223528,6.576561687287654,-0.44768106125491003,4.599589454405028,3.7698705942210644,2.079026749366846,1.6019302299364533,1.5336198895006736,1.4896989530000555,1.320683585058135,7.297507484121404,0.40197841371493853,-0.5004995805228853,4.669158717168601,3.7398379902071857,2.6852780428494456,1.5101239128836417,0.8740797456091111,0.9456051070987429,1.4571909715900573,1.4682976957765272,0.8721613742188397,5.5258933403547665,-1.755683087001464,3.8399620032728485,3.4654543585414,7.169483805317467,5.286356788635361,5.640866449734019,2.331135697778672,2.5763747913387367,3.331071512162596,4.137817084539055,3.9655917047029323,3.7997299723307476,4.359862969226525,5.05525907600592,4.789653671976962,4.4970701141950915,3.3437016129914827,3.1469565876390666,3.2602089452730714,3.528101304242807,3.27181140602417,2.9475959059655774,4.936736663095189,4.923036365907625,4.785317364341291,4.308662728342624,3.6509545437943522,3.0496203754553726,2.6275729796532157,2.7322230036408994,2.6244723821196465,1.1980978711116779,-0.43222030365745856,5.26914585251578,5.019734270470578,4.380589512941814,3.803610470526356,3.266910787427528,2.53389757076335,2.3992798652040146,2.4143139248197496,0.4500314585486146,6.0417609767560485,5.524475667448824
0.1400000000000001,0.04973984938150541,-2.9847245528718456,5.399672211182714,4.095433065629926,3.5933117917624346,3.1343598397984915,2.37556879243227,1.7237101515576372,1.2244773401290932,6.583410087977627,-0.12682520497955596,-0.3898569528859996,1.5633300681244555,2.963267298976969,2.890561255039408,2.5577415016083855,6.03165647138984,-0.08135566604110589,5.958303546003457,6.001718768550712,-0.1631466478091975,-0.021829906774149248,3.1490978342771445,2.829938840493832,2.1721053119558613,1.4356771478191392,6.39987581720433,-0.359694063636443,5.073734119078365,5.313882568145725,-0.2526441904452816,5.918726428938725,2.054143512966288,2.0965770065005622,7.870198829407969,1.0151430887957176,6.579518926645313,-0.48966715601871663,4.67117103520061,3.8179493465888767,2.098851301710946,1.5996615874276296,1.5299611235638455,1.4881674771987154,1.3450552130098317,7.310300679948219,0.39159471854050665,-0.5473893683105986,4.653353173144295,3.768121228357556,2.703226963716349,1.5297982055187054,0.8555493813003123,0.9334732068191224,1.4634300750264706,1.4689479215545502,0.866348346304079,5.478836316851686,-1.7885789684366435,3.8500139617046107,3.4622410622647073,7.218824704435267,5.344625755205826,5.632727656067353,2.3306691927134984,2.564398459557366,3.2699538626708033,4.107997801933709,3.9545438550847005,3.819584214377516,4.35375656975067,5.08027585236849,4.833345095783009,4.538227792128111,3.363736130916224,3.140687693409085,3.1822709331065377,3.4739230542392536,3.27278090457476,3.0581329281379728,4.8652045470462655,4.926955463768836,4.810731899579381,4.329603497824773,3.667857273540688,3.09036190053035,2.7152266659035704,2.7417325031554913,2.5848293927409154,1.2429688924767277,-0.4570902456433981,5.2797097826571155,5.0273290677268605,4.369024389587165,3.7623275879737026,3.218545657370444,2.5765526206855958,2.358359255634171,2.240565137348602,0.5459640962177877,6.053263468025872,5.535793888541144
0.1500000000000001,0.04602954921637531,3.077612749426164,5.385144987933155,4.076045048650331,3.5570453510216775,3.084129088549867,2.342700189706135,1.6908010527591069,1.199795355188349,6.6088115836928125,-0.13086214194940324,-0.3997144991853032,1.5982919294526805,2.9215832819901566,2.863401100949792,2.475000039957108,6.168023185590912,-0.05130818037026948,6.001007818298143,6.010379969788585,-0.17892794956733818,-0.02317167828796813,2.954886196883065,2.7353974969207737,2.175897888275936,1.4326568206975288,6.4312916127863025,-0.3653491469813169,5.1974536972102126,5.334609658127939,-0.2529494863223803,6.040955694063761,2.0395381513525517,2.083215949063243,7.898304310504594,1.0309356402447254,6.582150604457704,-0.5213426303882664,4.734960454295915,3.8653505376515302,2.117879951793279,1.5960737942758263,1.527272524490521,1.4871004625463018,1.364911294268742,7.321581432246826,0.3829218232007251,-0.5893606856210413,4.645918544216936,3.79340670118546,2.7201120201760363,1.5471603971346568,0.8441435004657316,0.9235735168893187,1.4688361002121668,1.4702135245041037,0.8658846981346279,5.432953721514145,-1.8148952300814494,3.858279487339148,3.4571511895918747,7.26439924832869,5.393437537109722,5.633087859334931,2.33081236129238,2.550932698612626,3.2098845195651595,4.0760378177957595,3.943952757275425,3.8391598699357474,4.347039194061167,5.102209761064244,4.871687827897793,4.574295616917493,3.3803761803641086,3.1344835910870095,3.1282700703608963,3.4302367098516386,3.274799900922836,3.155961941594996,4.805985079181345,4.930120421614765,4.834078191933263,4.349019737129162,3.681377347683942,3.119512062402828,2.7720577825959727,2.743729432779657,2.5435461555531695,1.2889508889556438,-0.4785543252891591,5.287978639512086,5.033406750051446,4.3592913009270955,3.729423100766752,3.1851840507335485,2.6011490140291427,2.318044385658804,2.098391730094685,0.6281089716614502,6.065139219585605,5.5445131207159175
0.16000000000000011,0.04444633120704862,2.799782726720653,5.3688139116492195,4.055370618082936,3.522111895596287,3.035169302248822,2.298999316790791,1.6562583488761424,1.1715592423689214,6.631859321875902,-0.13212233789712322,-0.40651163466665474,1.6302892884016311,2.879053229424023,2.8306826040237247,2.383936173076443,6.318801764010547,-0.010166515049446613,6.043662427638085,6.022825196174812,-0.18701128013496107,-0.013553168852743595,2.7536138437355318,2.649936241691303,2.1704066244554356,1.4281683029049148,6.4670784261672765,-0.3576546749195409,5.291202079056894,5.362523471505175,-0.2402116592989539,6.176721499474595,2.015978976866872,2.0676590043554137,7.918236061884233,1.044208452697352,6.5856349735970054,-0.5435373483117856,4.790143175774022,3.9114212885279436,2.1349008029272634,1.5914769155816477,1.5247808193148613,1.4860152138817677,1.38091389973196,7.331466503368435,0.3761178936086748,-0.626321660089029,4.644040791500998,3.8166887830055467,2.73571104905037,1.5626163266932833,0.8384183123685963,0.9158859387812064,1.4735402603690178,1.4720399666221342,0.8702591083397159,5.388662928098419,-1.836001357756486,3.8653635237137167,3.45071632858194,7.307178324146471,5.434790994695096,5.64050109433889,2.330224602493238,2.5365158096105054,3.1524843527102946,4.0435782109202725,3.934032915688194,3.85781937260652,4.340456387473658,5.121005129334559,4.905247095041606,4.606237656996628,3.394147992897527,3.128758355862241,3.0886693308715256,3.3948366671515546,3.277404100565888,3.239704016695847,4.758998778817293,4.933069349230476,4.855151538197398,4.3667423775355045,3.6921561210932152,3.139813902679115,2.807416739319727,2.739120234512621,2.504305682952973,1.334471812352594,-0.49720835107512307,5.294559888072545,5.03805638333452,4.35093388071915,3.7028465163343163,3.1602770992211053,2.6116133564974104,2.278795999990318,1.9853868909438779,0.6948023067299111,6.076328828263422,5.551505561891088
0.17000000000000012,0.046367837036304954,2.5008555953142957,5.351470958480542,4.033955975198112,3.4881738846259145,2.986622465661767,2.2469696434696975,1.6199941565948726,1.1422232501285707,6.65206473851677,-0.13096619864921832,-0.4104025117073525,1.6526649256649981,2.836379017469162,2.793303167825038,2.288628631565507,6.4788270447468435,0.04072120321907853,6.085587713683202,6.038641100924917,-0.187479111914243,0.006477832293559445,2.5543895345908996,2.5695086226243355,2.157679375913724,1.421053994628026,6.5082429686031285,-0.3404511542097638,5.364920526825839,5.3944937984223,-0.2145210994011634,6.32404180793496,1.983814056382077,2.049450531440973,7.931306390705343,1.0549761942406701,6.590824723095211,-0.5575892995271441,4.837443215516714,3.955782152842319,2.1487846839934215,1.5865630895454936,1.5218278649821917,1.4845339496447303,1.3935988176552183,7.3400850342030095,0.3713378300395594,-0.6583744371376394,4.645652962277374,3.8385300787894563,2.7498493937575916,1.576476928935344,0.8370976763705501,0.9102543382372709,1.4775952554167946,1.4743802804068482,0.8789269346373497,5.346230712102798,-1.8530607854031977,3.8716489471463804,3.4433798679991265,7.347913698993344,5.470355568944582,5.653795018869098,2.32797980942461,2.5215442252624443,3.098448334288627,4.011705730839674,3.9248602198936067,3.875031023398805,4.334546572541339,5.1368433112481835,4.934657776502195,4.634831798943725,3.4054602220772354,3.1233622145293567,3.057619931862763,3.3655941099239843,3.280137463661814,3.3094905245363737,4.723143571476225,4.936184189630609,4.87392962538324,4.382741537340484,3.700655213073515,3.1532835628796163,2.8276802046957434,2.729454672231299,2.4691269619946152,1.3782952446420849,-0.5135760844592205,5.299913443698103,5.041388385967643,4.343550620618405,3.6808252442524205,3.139639485624826,2.611111319384152,2.2409753420105187,1.8969450608623306,0.7471660497754493,6.086271652863787,5.5573130537167215
0.18000000000000013,0.0520044279912002,2.2362470097407505,5.334432254465439,4.012173268367729,3.4549226515175135,2.938222354534958,2.1907443361244874,1.582739483412432,1.1137337259050473,6.669393294694242,-0.12769028458393059,-0.41146387771588794,1.6604367870178907,2.793521119224764,2.752426623093705,2.1947319250522788,6.639438290439108,0.09894122189638868,6.126513740347516,6.057312398635682,-0.18057342355661907,0.03596214276061546,2.3670712382097134,2.4924444584690586,2.1391657095284,1.4109957946003577,6.554322776045998,-0.31629173100820335,5.425413609125299,5.428953972333731,-0.1767711101867097,6.47545491856826,1.9446931576582105,2.028333109827895,7.938548858646978,1.063336189243738,6.598215549189451,-0.5648929114430571,4.878164627982801,3.9982874409476405,2.1586049128864224,1.5824237173992326,1.5179536919731607,1.4823488593086638,1.4033942333622564,7.3475702732565615,0.368693560905407,-0.6857874321325661,4.649358478606975,3.859222053980473,2.7623742958191997,1.5890330089664142,0.8391066331158867,0.9064433466207049,1.481005453322462,1.4771855138391454,0.8913744090304024,5.305791631119024,-1.8670289035174163,3.8773486248523086,3.4354949927700145,7.387159040302376,5.5014832453650175,5.672055852113888,2.323454305131466,2.506262605522189,3.047974271755321,3.981073364035803,3.9164020508663655,3.8904414745561584,4.32961304251832,5.150023659899719,4.960549013133968,4.660701452416994,3.4146048520739605,3.117985218885291,3.031623794965985,3.340766900537311,3.282605682513197,3.3664411610278577,4.696746717333127,4.9396747497584075,4.890511762666989,4.3970645447861285,3.7071931689331823,3.1613752401186908,2.8371711864632503,2.716268865396182,2.4388021761252427,1.4196587711744397,-0.5280989110188046,5.304376016920379,5.043581575228717,4.336802578539877,3.6619195959803927,3.1207214087522237,2.602262841837172,2.204757756601767,1.827998520208059,0.7875763583967246,6.09480401796141,5.562298957823886
0.19000000000000014,0.06032977543993122,2.0340986008254687,5.319283108418221,3.990271592488502,3.422161289278816,2.890353123796138,2.135109714466708,1.5457995156852102,1.0873953060604962,6.684163603544707,-0.12250141414098657,-0.4097564226519035,1.651541154204408,2.750128851512422,2.7093553241092683,2.1081169451539425,6.790690403026762,0.1613198045836836,6.1663502481585395,6.078382479743458,-0.16678095966324646,0.07304548363902184,2.2002924723953616,2.418650188134319,2.1160547960143052,1.398447279940079,6.603649268882248,-0.28701951890114014,5.477226175109565,5.4651780091236635,-0.1288321791689024,6.620586234541963,1.9013081009690491,2.004412401826112,7.940799134289913,1.0694678541723273,6.607946867945279,-0.5666956228309908,4.913691866588929,4.038977513918463,2.163757665985172,1.5800991539676648,1.5129635744455174,1.4792307949660004,1.4106401707614158,7.354053233284772,0.36823209576474364,-0.70893695407756,4.654273076372725,3.878904926332342,2.7731565407211267,1.6005928255046866,0.8435713572054117,0.904180711942181,1.4837455458174647,1.480402044017437,0.9071394580034556,5.267366157039667,-1.878667653496271,3.882563100448729,3.4273254172628187,7.425308124137765,5.5292501413541055,5.694587762071697,2.316239334494228,2.490794150730049,3.0010059604046533,3.9520211999848582,3.9085589377748455,3.9038828363969893,4.325752463486355,5.160882029106923,4.983499781743141,4.684345528314034,3.4217824266757697,3.1123264180847863,3.0086112228151345,3.319045205664442,3.2845117450487082,3.4121572088028027,4.677969466643838,4.943605615439751,4.905075027084864,4.409799028153752,3.711983483465396,3.1651441787518966,2.838876817813596,2.700829709011557,2.4133403842315575,1.4582319563714365,-0.5411319306624561,5.308189136483424,5.044905459879087,4.330418716885947,3.6450169406552217,3.1020885175945976,2.5873365377889095,2.1702175379675444,1.7740063410106524,0.8186179561277845,6.102016186811146,5.566738603077074
0.20000000000000015,0.0700597226991199,1.8889841482548906,5.30753505146325,3.9684275588967513,3.389839085230035,2.8438244975670344,2.0840768847761155,1.5106877103887624,1.0639761033208672,6.696896730892184,-0.11554001823331037,-0.40540146530109067,1.6268359923741156,2.7058950854702557,2.6653674572083,2.033053886399509,6.924556754208946,0.22448390939327467,6.205020618619043,6.101476589759018,-0.14689541066984196,0.11503254540606891,2.059121744079477,2.348777027285752,2.0894679234676476,1.3843947397059215,6.65389659253039,-0.2541578140148896,5.52335477730392,5.502796290633181,-0.07329334380441437,6.750384608299325,1.856722997862355,1.9781774983616005,7.938783959499214,1.0736317537175886,6.619838475630064,-0.5640547348874042,4.945271159072249,4.078029497193116,2.164014444734871,1.5800190638703655,1.5069400195220826,1.475053228022663,1.4156124267352013,7.359659936318008,0.3699254180485172,-0.7282524989914168,4.659868294267444,3.897647842607517,2.78210532432108,1.6114597928368881,0.8498060035759505,0.9031905497916309,1.4857727922345945,1.4839717601076428,0.9258121678654706,5.2308811118387535,-1.8885709493835556,3.887328608434926,3.4190525101940317,7.462636232281906,5.554504502633618,5.720865330694618,2.306078393726809,2.475178715077963,2.9573677169906376,3.9246770787611136,3.9012023095011843,3.915338329369774,4.322910823806517,5.1697416149165125,5.004018606797477,4.7061638270955815,3.427130057614901,3.1061501859119143,2.987367760339182,3.299492320429518,3.2856619652159407,3.448355878682511,4.665075497894492,4.947940725623579,4.91784332993269,4.421052524536963,3.7151700251775583,3.1653789493716933,2.834923641124731,2.6840909925086125,2.3923232105993697,1.4939973986775938,-0.5529507736875567,5.3115259411162254,5.045707619433924,4.324198303751684,3.6293014108737243,3.083061864373068,2.5683165598590585,2.137423822606607,1.7313083482109721,0.842588182544543,6.10813161459965,5.570862918787293
0.21000000000000016,0.08029993099826893,1.7848845606436794,5.300343882385958,3.9467820531945987,3.3580339223616336,2.7995260590927518,2.0399112759022517,1.478733938091315,1.0438631528359938,6.70818271290493,-0.10692476567292902,-0.39862288694412507,1.5891388301667106,2.66075359019855,2.6215521164625337,1.9711990701945672,7.036981717605377,0.2855014252418293,6.242403078486375,6.126266673847657,-0.12198852230891691,0.1589149539452206,1.944095320666143,2.2835304499761966,2.060505613571106,1.3699770764916093,6.702770128195083,-0.21907003181053025,5.565738395991647,5.541534714745935,-0.012930565830886191,6.8600525106134596,1.8136024071806396,1.9503851160667058,7.933188366379187,1.0761515857396835,6.633475276992635,-0.5578625191329027,4.973936334789489,4.115711908478081,2.1594816195686044,1.5818358551027818,1.5001806498209218,1.4698072946494678,1.418548469216235,7.364511104773845,0.3736704509064005,-0.7441783523324897,4.665846475411595,3.9154976127542716,2.7891818296979283,1.6218783905639913,0.8572938020216958,0.9032195390990398,1.4870364974373913,1.4878334259523893,0.9470273556599367,5.196191009029831,-1.8971942619108864,3.8916508622620083,3.4107885831755147,7.499334456612389,5.5779109102978985,5.750487158305691,2.292825902569073,2.459406061271175,2.9168376230680644,3.899033335755678,3.894201284640338,3.9248940312460454,4.320942319020713,5.176887907094104,5.022539295037328,4.726477370971766,3.430745122719164,3.099295215968426,2.9671905105903282,3.2814599020382653,3.285953116671588,3.4766575531938155,4.656565832523726,4.952587161591041,4.929064706663152,4.430942242933251,3.71685697311125,3.16269652766857,2.826872185688575,2.6667368118304133,2.375150252714422,1.5271280885734941,-0.5637649033000746,5.314513270431057,5.046373372013434,4.318009245643872,3.6142128677132845,3.063451677378017,2.5468661679292297,2.1064816372977986,1.6971277478464526,0.8613500672182782,6.113423640612547,5.574872337875925
0.22000000000000017,0.09058045284939226,1.708178033174801,5.298374131712514,3.9254574628825276,3.326901625060266,2.75815163206469,2.003108635265679,1.45081091611531,1.0271849170770422,6.718585785880424,-0.09679046530960672,-0.3897362107225068,1.542034299784013,2.614903345110403,2.5787144977067236,1.9218820819936882,7.127797579848744,0.34230434001568455,6.278350288433411,6.152433510073735,-0.09329263249077686,0.2019773615290799,1.8522612423584726,2.2232913785400243,2.0301997652753383,1.3561394513629033,6.74851842629274,-0.18296572814829834,5.605591744513226,5.58111167425621,0.0497446263578949,6.949145869842638,1.7737249301960347,1.921877205968548,7.924685199284685,1.0773769938147724,6.648323950649463,-0.5488822084448983,5.000501784642237,4.152346976442128,2.1505036139718876,1.5847193598133158,1.4930859768870441,1.4635943667171611,1.419669862661337,7.368721999998323,0.37929897802686285,-0.7571510445319974,4.67205100947806,3.9325050456012067,2.794403392017972,1.6319987114985888,0.8656632622301186,0.9040557316593631,1.4874865050842787,1.4919245145664015,0.9704557505688463,5.163098255636663,-1.9048835957089942,3.8955259869229306,3.4025938141836796,7.535533373315467,5.599987219492092,5.783133522127797,2.276422876653743,2.443441143126569,2.8791863895632512,3.875002036201784,3.8874380924788414,3.9326945082310614,4.31965792825218,5.182559635158831,5.039425554679324,4.745544186365493,3.432703421146727,3.0916664961776914,2.947683468001712,3.2645098701193143,3.2853524240541976,3.4984880814972015,4.651219795118552,4.957429386772305,4.938993526518784,4.439590329947068,3.717131529676129,3.1576032964675065,2.8158936093907285,2.649246118449702,2.3611893878087558,1.5578923256885318,-0.5737325204428975,5.317247683722821,5.0472759718651545,4.311781449180167,3.5993997223448497,3.043351012054212,2.524279112779302,2.077519198801044,1.6694324013768385,0.876348357410393,6.118163926457454,5.578936809210593
0.23000000000000018,0.10069075325127393,1.6497562785433986,5.301802049816946,3.904558379318438,3.2966201725181272,2.7200817555387538,1.972999526511258,1.4272587104996934,1.013890741806947,6.728587819387492,-0.08530549860879609,-0.3791051843076823,1.4889983293410078,2.568726223188066,2.537372458864441,1.8831095738514119,7.199319645111772,0.3937716406213145,6.312734720248773,6.179649842362838,-0.06205534726490242,0.24217249917241312,1.7791119965748228,2.1680487145327016,1.9994411692100325,1.343461510565095,6.790111406386584,-0.14685399354631537,5.643639810117602,5.6212189842272755,0.1126838376985718,7.019930267792784,1.7379214768573548,1.8934189239819739,7.9139297463125375,1.0776409614827318,6.663843996961037,-0.5377722768551988,5.025584418385343,4.188282174102231,2.137561615353613,1.587774670271572,1.4860480166444403,1.4565972784547552,1.419196526337924,7.372400991986309,0.38659545286635233,-0.7675874381126271,4.678406043757701,3.9487365293478174,2.79783841196205,1.6418811424313575,0.8746602468353668,0.905538906683604,1.4870809845248731,1.496183178241829,0.9957969997036015,5.1313708448170665,-1.9119012130219397,3.8989519884761203,3.3944936922514564,7.571318381722947,5.621133770060943,5.818528814117689,2.256885455784092,2.4272420916438078,2.8441968082673035,3.8524528528635735,3.880814766352197,3.9389095607437317,4.318859751076532,5.186949174051893,5.054979345960541,4.763571268685604,3.4330723948678226,3.0832227763055027,2.92863477797941,3.2483523451350966,3.2838775778544065,3.515051945675987,4.648082815968367,4.9623520644458186,4.947876241807324,4.447121452754218,3.716078869828483,3.1505296592390075,2.8028765655555365,2.631950178253962,2.349857698041454,1.5865910110033854,-0.5829741385583918,5.319805803818795,5.048734539361652,4.305495527131026,3.584669443586978,3.022982924132657,2.501481333720127,2.0506515196248154,1.6467647000230266,0.8886800379930926,6.1225935744592395,5.583192793895268
0.24000000000000019,0.11054426383102976,1.603902826739757,5.310401716767561,3.8841639177180065,3.2673479428264947,2.6853974729863603,1.9484233980717527,1.4079721607321418,1.003803899097565,6.7385623728802795,-0.07267009296230491,-0.3670954568212203,1.4329607655465324,2.52267934292505,2.497810632713811,1.8525180942440687,7.254853693714785,0.43956488715696196,6.3454817509996,6.207583794205324,-0.029422501619093492,0.27822100312321,1.720130598580807,2.117503998436499,1.968931816828879,1.3321630566227152,6.827158169807705,-0.11151090748030705,5.680286922746977,5.661533817549206,0.17430824150029883,7.075659350988236,1.706296334275638,1.8656065371796668,7.901535263222492,1.0772278551464352,6.679563983727377,-0.5250979502603761,5.049636658349104,4.223870395529875,2.121193345448549,1.590304766765804,1.4793782113778327,1.449041723096517,1.417351406899202,7.375647051878942,0.3953182420173208,-0.7758784715282083,4.684878136862581,3.9642766899763386,2.7995961333706867,1.6515265164926833,0.8841188698452518,0.9075622775234589,1.4857930392320262,1.5005502023754844,1.0227757041859127,5.10075700776391,-1.9184470153930295,3.9019340781693352,3.3864945031059244,7.606740557665185,5.641655598648943,5.856408803195317,2.234302520670578,2.4107726279813546,2.8116721777231306,3.8312378024335842,3.8742542814140393,3.9437126591023826,4.318362301882039,5.19020770003136,5.069449832298322,4.780723435868493,3.4319203348741008,3.0739641574768433,2.9099422695697728,3.2327995910580496,3.2815798508858984,3.5273425766432274,4.6464303659750605,4.967253000794399,4.955940500549466,4.453660814119219,3.7137900187054638,3.1418474768312663,2.788496187784634,2.615075470054403,2.3406568535012258,1.6135211858735812,-0.5915836897250563,5.322250297598012,5.050988441790922,4.299168533618844,3.5699416130749095,3.0026001190533855,2.4790839755044884,2.025948413102844,1.628086584825792,0.8991701576447514,6.12690965678389,5.587742143418117
0.25000000000000017,0.12010625581858683,1.5670224548952905,5.323660946469531,3.8643196051361923,3.2392012338393843,2.653957929191505,1.9281787122210212,1.3925588944061036,0.996663049251051,6.748770706814869,-0.05910376457966151,-0.3540422881860513,1.3761876179013328,2.477209948505127,2.4601495876233668,1.827945248514388,7.297716480949879,0.47987436548309065,6.376578889354696,6.235912287695172,0.0036301381008016186,0.3095307565792086,1.6715517019304809,2.071212020515036,1.939176032607585,1.322205104633398,6.859717149260632,-0.07748119042292881,5.715737342922831,5.701736069010629,0.23344077997814558,7.119512727798477,1.6785223073755893,1.8388453429627087,7.888046595367698,1.0763592210904378,6.695116570563381,-0.5113363516324195,5.07298162643683,4.259457245653942,2.1019343457453883,1.5918806647959165,1.4732821286671995,1.4411604295383744,1.4143575517563995,7.378547256927168,0.4052196151905293,-0.7823855499761734,4.691453277175038,3.9792262547051442,2.7998148426081193,1.6609087068607555,0.8939349466624129,0.9100668406353806,1.4836156489103671,1.5049709230671344,1.051140405165605,5.070996852524042,-1.9246754526654093,3.9044863639479797,3.378595468304557,7.641825426243654,5.661778786044977,5.896492859460406,2.2088388714214853,2.3940105621561574,2.781438565660085,3.811206491028077,3.8676987121956645,3.9472687631127195,4.318003824460207,5.192451993664383,5.0830413718254,4.79712973607871,3.429322366097094,3.0639213284182545,2.891567871839286,3.217733010268691,3.2785310272448687,3.5361685970460326,4.6457253394424995,4.972048827898741,4.963387705863609,4.459331779410711,3.710364266152159,3.131878383324925,2.773262976113726,2.5987735217996075,2.33318124337334,1.6389574963469271,-0.5996370454103177,5.32463295151963,5.054188585643533,4.292839092255073,3.5552077506297493,2.982429517596351,2.4574585950796237,2.0034194938492895,1.6126548580818476,0.908435893244464,6.131261815876384,5.592653666831554
0.2600000000000002,0.1293622865308313,1.5367899432645182,5.340894116909226,3.8450334911784725,3.2122475769858814,2.6254888755195456,1.9112321178871547,1.3804911167905014,0.9921578417783432,6.759371816826324,-0.04482996327670927,-0.34023524330936517,1.3203316078236054,2.4327056213407436,2.424405620444489,1.807653278525677,7.330781482066693,0.5151849000470359,6.406066768109964,6.26433531299796,0.036322180530576106,0.33603662112981425,1.6305378693659383,2.028690000099542,1.9105013988569293,1.313406778473376,6.888108152632361,-0.04510672237793241,5.750078214617994,5.741522995651104,0.28923342994757567,7.154154643121884,1.6540835406674828,1.8133720602117638,7.873922639105917,1.075194996477027,6.710242031119742,-0.4968808922832215,5.095845902987604,4.29537395051291,2.0802742130418945,1.592300976183569,1.467867388129441,1.4331674997291128,1.4104312717428686,7.3811752907895825,0.4160614722654436,-0.7874383000603571,4.698124185374479,3.9936978258970672,2.798650230477728,1.6699972630189555,0.9040444946873099,0.913030685608472,1.4805648225049126,1.509397160176526,1.080664732623979,5.041831275316876,-1.9307083498542075,3.9066315756787433,3.370797126836425,7.676580411256337,5.681662187606835,5.938461755304372,2.180740512465956,2.3769536118020347,2.753343858936642,3.7922147867819915,3.861106138137363,3.9497286211320946,4.317650782983114,5.193771061698594,5.095920006646922,4.812888077586945,3.4253638257296424,3.0531468445245884,2.873509656081943,3.2030799573309765,3.2748138062538232,3.542184271149455,4.645577602474471,4.976675930153392,4.970388852131225,4.4642530322050895,3.7059080557854607,3.120898438976983,2.7575600126125552,2.583141468740989,2.3271115487740444,1.6631445828265983,-0.6071982720932947,5.326996041895563,5.058401659019073,4.286554069708494,3.5405000592343985,2.962649043054069,2.4368091455933447,1.9830155003891559,1.5999280136637002,0.9169360081523802,6.1357549505987,5.597966537804293
0.2700000000000002,0.1383057466792394,1.5116463393462758,5.361337148873673,3.826277638091755,3.186508907142749,2.5996558889334938,1.8967734180826625,1.3712157206443645,0.9899586616854851,6.770439910833788,-0.030062803421370354,-0.3259156959332462,1.266545210064668,2.3894742872877357,2.3905341261114645,1.7903484906580427,7.3563578297125245,0.5461040466988829,6.434022089694876,6.292586365727071,0.06806507337314427,0.3580271170633803,1.5950722966733974,1.9894819059858804,1.883094233282378,1.3055367195643934,6.9127711433682855,-0.014567578193799337,5.783333996072527,5.780619945991162,0.34110928944398805,7.181654591881783,1.6324310220178793,1.7892951046021535,7.85953075865896,1.07384366516252,6.724774236392582,-0.4820474590354166,5.118387602335967,4.3319347321823045,2.056623970609831,1.5915185378414123,1.4631669447319344,1.4252443141143356,1.4057748841973048,7.383591341647327,0.4276258662195399,-0.7913333260260427,4.704884184262493,4.007811206212011,2.7962645686768695,1.6787686393424823,0.9144079153253482,0.9164558032448699,1.4766811801135045,1.513789213253211,1.1111497023705057,5.013008508613139,-1.9366442836855653,3.908399837083974,3.36310619479517,7.711001006766715,5.701405816296778,5.981942234905547,2.1503386065256866,2.359623291768923,2.7272554428474183,3.774129133048636,3.8544473063568745,3.9512270553580904,4.317198083609521,5.194231676926321,5.1082184744059,4.828068769070368,3.420141499639826,3.0417084131907814,2.8557848059984954,3.188797676485998,3.2705150216297314,3.545918452970328,4.645709252060454,4.981088583266907,4.977083152129502,4.4685355666469135,3.700532087300384,3.109142001056023,2.741672190289422,2.5682366019164564,2.3222019032764885,1.686295515687309,-0.6143240667401886,5.329372838851471,5.063622339539388,4.280358179179827,3.5258691487703135,2.943383904628329,2.4172291815381053,1.9646396130095674,1.5895002183922307,0.9250078707821577,6.140455066617188,5.603694515714932
0.2800000000000002,0.1469331890397057,1.4905077582536712,5.384220651481441,3.8079939021654012,3.1619695128929766,2.5761150417965055,1.8841980475977291,1.3642188661541468,0.9897393056304531,6.781984381356743,-0.014997797180851154,-0.3112814390396559,1.2155986369325449,2.3477435058727685,2.3584580974738643,1.7751138960465833,7.376228300915583,0.5732541741240019,6.460540347445736,6.320437988840076,0.09844253830695944,0.37599332034618294,1.5637676825537115,1.953187386572361,1.857037452092749,1.2983696297483611,6.934176241389602,0.01407576409492651,5.815500414418075,5.818787718547875,0.3887172166829809,7.203562440363542,1.6130634004155069,1.7666354516607616,7.845151310690661,1.0723753331214458,6.7386202716492045,-0.4670826103791365,5.140719047251296,4.36943768932637,2.0312939447751552,1.5895736362306063,1.4591647222374657,1.4175347670075829,1.4005712818207443,7.385843278872207,0.43972082232295306,-0.794333898172859,4.711725021392445,4.021689184477966,2.792817075377655,1.6872093525221663,0.9249991342752507,0.9203545799894228,1.4720302803140175,1.5181179039887072,1.1424262391842712,4.984288678552223,-1.942565209145192,3.9098270610118893,3.355537483947243,7.745075671008228,5.721057132261952,6.026499924152744,2.118048834079832,2.3420671949640712,2.7030576319412045,3.7568281125069922,3.847702562479286,3.9518834251311814,4.31656685485119,5.193882548441938,5.120040036701476,4.842717644936644,3.413763071378332,3.029683942177963,2.838419427767104,3.1748623155784603,3.265721014036334,3.547799722419187,4.645926390078441,4.985255694544717,4.983578799173081,4.472279939376197,3.694347897635469,3.09680589550246,2.7258092517460435,2.554087048591537,2.318265448523768,1.7085932465641955,-0.6210668042702759,5.331787769235447,5.069789213744904,4.2742870204313625,3.511369485889343,2.924712652755759,2.398742796996949,1.9481623882550125,1.5810564344958382,0.932895179384774,6.1453962918921095,5.609830297193189
0.2900000000000002,0.15524266962256128,1.472594297595817,5.408822286345544,3.7901020441060584,3.1385854042015757,2.554543096723461,1.8730661013548446,1.3590553999128534,0.9911923072197726,6.793968989005396,0.00019334365858063524,-0.2964938162863712,1.1679783430539514,2.30766975439299,2.3280857092054346,1.7613210588071082,7.391741856500229,0.5972138796459697,6.485722268874206,6.3477031884035195,0.12718389681377854,0.3905137116773479,1.535684082213587,1.9194688505696016,1.8323439417228702,1.2917140248129029,6.952773735961142,0.04084533268559223,5.846564559706594,5.855827220678178,0.43189262958461033,7.221024470365591,1.595558257128328,1.7453601538230936,7.830988554390048,1.0708339469387578,6.751740340933007,-0.45217294152996573,5.1629242853605195,4.40816821784498,2.0044822776514257,1.5865455523651117,1.4558169989296839,1.4101464715714336,1.3949811895337474,7.3879687238397125,0.4521825846778905,-0.7966704983865605,4.718636883985719,4.0354542123962,2.788455854031612,1.695314815322824,0.9357984367225171,0.9247376337405439,1.4667018747569402,1.5223665580584287,1.1743572467806709,4.955446737482745,-1.9485410012221283,3.910953278934683,3.3481136003558065,7.778789575306486,5.740616427685647,6.071642037230021,2.084363474365682,2.3243596623314713,2.6806494591078285,3.7402023888228695,3.840859255653791,3.951803092150474,4.315700997109647,5.192757202468391,5.131461516163578,4.8568593577294665,3.406345080764163,3.0171579954030308,2.821442656799983,3.1612615170057916,3.260514600174527,3.5481771503427963,4.646096947014784,4.989157052817195,4.9899552000687875,4.475574145927175,3.6874646790200813,3.084054008933342,2.710123815640245,2.5406998295541174,2.315160821189616,1.7301933576523516,-0.6274765662684496,5.334256537929103,5.076801389121517,4.268363368262488,3.49705081755547,2.9066768074897626,2.3813321629738096,1.933436059989952,1.5743429045128776,0.9407690807337374,6.150587826279427,5.61634967638991
0.3000000000000002,0.16323331365871188,1.457326326808007,5.434501126671345,3.7725082594854387,3.1162932166704915,2.534652426290285,1.8630606556527773,1.3553559809791231,0.9940377851142577,6.80632842918342,0.015364614742751272,-0.28168459725067113,1.1239606939733153,2.269351354490411,2.2993206651516656,1.7485499202452277,7.40391100250134,0.6184921241112,6.509664991712479,6.374234021290647,0.15413574347790793,0.4021755935408249,1.5101854207545158,1.8880473593949012,1.8089828171350022,1.2854210917321351,6.968970622068065,0.06581606316100341,5.876516105907869,5.891581994466211,0.4706203810702636,7.234891526161248,1.5795756672316392,1.7254066053404788,7.817184352829664,1.0692470255525208,6.764130956619274,-0.4374546066156915,5.185072181716342,4.448403902871029,1.9762733364970553,1.5825215547701568,1.4530675573928566,1.4031549718481038,1.3891429544680176,7.389997582113828,0.4648754807125659,-0.7985420684137486,4.725609482460488,4.049226089354232,2.783311744683186,1.703086460032023,0.9467877893960035,0.9296041578773698,1.4608080482651686,1.5265327327965323,1.2068388093133813,4.926274131821164,-1.9546324849196584,3.9118210641797044,3.3408631583056834,7.812127416950202,5.760042341205675,6.116830513665647,2.049834699091475,2.3066006680421602,2.659943048832331,3.7241537826667037,3.833909656439591,3.9510791901875977,4.314563259659483,5.190875849869583,5.1425359346734,4.870501227303811,3.3980096995111553,3.0042192558846663,2.8048834557552507,3.1479895052583124,3.2549732017910666,3.547336943831169,4.646133622346828,4.992779647445827,4.996266107889466,4.478492349959656,3.6799866851829783,3.0710220411610885,2.69472535779452,2.528067005325627,2.3127806756575153,1.7512272179881834,-0.6336024459873135,5.3367863606061725,5.084533911117396,4.26259610799461,3.4829538458679052,2.8892906769708686,2.36495538362836,1.9203061533822743,1.5691482244236508,0.9487446091732965,6.156020174584524,5.623215415566289
0.3100000000000002,0.17090545498821308,1.4442595003809657,5.460717057520355,3.7551127227840233,3.0950177773790424,2.516195915672654,1.853953341132951,1.352822275820438,0.9980273112961903,6.818981556574749,0.030395322213103784,-0.26696139525944435,1.0836644395513912,2.232841399511351,2.272068010841027,1.7365253693678773,7.413495286118956,0.6375217493812915,6.532457414830547,6.399918541126816,0.17923501911566056,0.4115271536685543,1.4868362160576798,1.8586940296410122,1.7868984856047414,1.279383138998313,6.983122842615195,0.08909376987652137,5.905353148621607,5.92593911248887,0.5049986521234772,7.245804085088882,1.5648487576765304,1.7066985565257191,7.803832038755096,1.067632656264014,6.775812174192174,-0.423022211974264,5.207225967096572,4.490419716435454,1.9466441751020127,1.5775788745878798,1.4508570389660165,1.3966089392605874,1.3831741782709368,7.391954666809413,0.47769037743799747,-0.8001177505021646,4.7326335298669715,4.063120564640727,2.7774942659687216,1.7105285895566487,0.9579477702259614,0.9349355336334845,1.454480056579007,1.5306294408927792,1.2398003205806556,4.896579561265928,-1.9608934106737892,3.912474125281086,3.3338181811706065,7.845075496499053,5.779258258557682,6.161504708845241,2.0150493304715877,2.288912754212304,2.640862534510808,3.708593967611007,3.826849345231123,3.9497943268479747,4.313131300503951,5.188246597261736,5.153295086869709,4.883637759482577,3.3888807060780266,2.990958611935223,2.7887690738481092,3.1350438999719485,3.2491678024027055,3.545515535272239,4.645980937333112,4.996114381736579,5.002543213657605,4.481094541405885,3.6720113117880833,3.0578220951755437,2.6796909808450025,2.5161703528596413,2.311042519594256,1.7718051306070546,-0.6394933549142384,5.339376371683741,5.0928509439166065,4.256981057393742,3.469108709584198,2.872549837589275,2.349557826536671,1.908619878048174,1.5652914092356327,0.956893719421613,6.161670404398837,5.630380814434949
0.32000000000000023,0.17826106687556728,1.4330429322522256,5.487038136590559,3.7378153556119855,3.074678054916423,2.498966017746282,1.8455784067704208,1.3512170652446343,1.0029443775500606,6.83184126326382,0.04518826543821401,-0.25241147090803384,1.0470883068929293,2.198158971016824,2.246237193418277,1.7250705530457224,7.42106683817213,0.654663249802058,6.55417860958038,6.424676977183093,0.20248503151755134,0.41905226695239367,1.4653308092098671,1.8312205548710534,1.766023605029221,1.2735274089292927,6.995535914228131,0.11079969096852885,5.933084954680459,5.958828902164432,0.535204709466603,7.254253598323776,1.5511697859198008,1.6891558264093005,7.7909888888716585,1.0660041610197002,6.786818532402282,-0.40893661359328953,5.229450051870652,4.53449229744388,1.9154766955630584,1.5717753008140984,1.4491278529393958,1.3905352405158231,1.3771743556833034,7.393862135993979,0.49054241330698856,-0.801538897319261,4.739702243103558,4.077248626710512,2.7710896236989053,1.7176456059134815,0.969255591584052,0.940692578508878,1.4478637125706992,1.534685614032399,1.2732034684950475,4.866189180409944,-1.9673717152338597,3.912956099210653,3.327011250701233,7.877623208949683,5.798159958158191,6.20511090206893,1.9805973486239712,2.27143603241938,2.6233433235566905,3.693443080898325,3.819675997939682,3.9480220488409756,4.311393993012247,5.184866359961333,5.163752283496365,4.896255640663233,3.379079144708609,2.977467550783516,2.7731244930579315,3.122423708127416,3.243162482422261,3.5429097458675294,4.64560549725793,4.999153355765708,5.008799880610259,4.483427065177043,3.663627799189477,3.044546850942185,2.665073671288199,2.5049848856185135,2.3098817142859893,1.7920193044831496,-0.645198496728992,5.3420182184117255,5.101616254808808,4.251502933560593,3.4555351707773956,2.856437809839547,2.3350792101021205,1.8982315847930182,1.5626144155332946,0.9652557331968036,6.167506403432062,5.637792970563799
0.33000000000000024,0.18530429729240402,1.423391874211348,5.513138715321285,3.7205195749956537,3.055191535950473,2.4827908540295334,1.8378140754949774,1.350353188140894,1.0086028010368442,6.8448214024754614,0.059667171217556644,-0.23810429023431837,1.0141393934899465,2.1652981038779084,2.221743479887545,1.7140739349983958,7.427059605585651,0.6702131585087023,6.5748981774661095,6.44845771766164,0.2239350744901289,0.425160683018933,1.4454462475990506,1.805470505879842,1.7462873553900655,1.267808620804378,7.0064694726610375,0.13106026706726082,5.959733051687995,5.990223891922312,0.5614640216841258,7.260624437422612,1.538376088430786,1.6726996462633237,7.778686501886413,1.0643730241440108,6.797192960738613,-0.3952314282044347,5.251814734562492,4.580902041372648,1.882573437854979,1.5651451550488036,1.4478260912974843,1.3849434200808288,1.3712277829875192,7.3957415531055615,0.5033684281541586,-0.8029211481665991,4.746812672853653,4.091716156607312,2.764160605852834,1.7244398384886315,0.9806839804136256,0.9468163593022144,1.441113402985091,1.5387456042692322,1.3070400578107548,4.834946587381437,-1.974110303478738,3.913309544917951,3.320472833713983,7.909764044443275,5.816624400117854,6.2471342871578175,1.9470381654220386,2.2543215692342913,2.6073314588533374,3.67862841725972,3.8123884915474853,3.9458280211449637,4.309348125873936,5.180721779290943,5.173905373098745,4.908338762341496,3.368719223377685,2.963836647706237,2.7579724111777666,3.1101281104365155,3.2370143473395983,3.5396846129295025,4.6449887183632335,5.00188779681197,5.015034804743828,4.485523860550986,3.6549164583459794,3.031273172865514,2.650908606446172,2.494481463727958,2.309246312426671,1.8119466038833476,-0.6507676269267376,5.344696821304759,5.110700932240254,4.246137843113376,3.4422437226771727,2.840930992494875,2.3214579763172476,1.8890058936207743,1.5609774221076838,0.9738457396028434,6.173490228516423,5.645395697876295
0.34000000000000025,0.1920419446074394,1.4150699015222437,5.538791025183405,3.703134169519987,3.0364772215760163,2.467529178082379,1.8305694609912588,1.3500832719133218,1.0148440639268244,6.8578413114375705,0.07377383820793078,-0.224093351547144,0.9846562093637019,2.1342345722581526,2.1985084063672184,1.7034666732935435,7.43180553225481,0.6844138500248076,6.594677668107236,6.4712334390580475,0.24366377242082612,0.4301878066014099,1.427011496837406,1.78131199507638,1.7276203509987658,1.262201946334793,7.016143233633161,0.15000084534634625,5.985331494165675,6.020137270761186,0.5840240465236681,7.265221635114723,1.526337792673833,1.6572551934419182,7.766938937263409,1.0627506243758822,6.8069828776318975,-0.3819182642956437,5.274399208138923,4.629931630018405,1.8476757987946306,1.5576985436914135,1.4469016661410985,1.3798295195961243,1.3654062161442897,7.397615450552066,0.5161243156040234,-0.8043564057230694,4.753966765176071,4.106623562555427,2.7567481194798926,1.7309100010195058,0.9922008275990393,0.953232027148843,1.4343851520116753,1.542867629349108,1.3413286554675838,4.80271293653328,-1.981147500962935,3.9135751155412635,3.3142290808426464,7.941496157431643,5.8345191382307675,6.2871284091468755,1.9148694996879776,2.237723785531117,2.592782850472789,3.664083295981656,3.8049862611515204,3.9432709337309992,4.306995570886632,5.175790353224921,5.1837400187804965,4.91987271013479,3.3579049833349583,2.950154056121056,2.7433334605811965,3.098155772159294,3.2307737128016742,3.5359793892833498,4.644121434607711,5.004306649257914,5.021235457594266,4.487408189009322,3.6459483245635456,3.018065095712131,2.6372179504609763,2.4846286974784233,2.309093364386983,1.831651076052293,-0.6562511802615821,5.34739126376744,5.119988528865728,4.2408558341337965,3.429237094032797,2.8260021307758865,2.3086339328541907,1.8808191421185676,1.5602557769942613,0.9826613278910019,6.179580681696229,5.653132051195185
0.35000000000000026,0.19848373462708654,1.4078776003916367,5.5638527560686155,3.6855736740544853,3.0184574919075873,2.4530652368119474,1.8237754895090499,1.3502910232887906,1.0215342522132391,6.870828502285117,0.08746527963098712,-0.2104177188643636,0.9584284053330996,2.104930830994213,2.176459662004098,1.6932073668037075,7.43556090512742,0.6974631056234547,6.613572442732564,6.492997566457744,0.2617659781207345,0.43439994129814274,1.4098876210859046,1.7586317696270037,1.709957270804149,1.2566971105853153,7.024743078638666,0.1677421897910598,6.009926754048875,6.048621012798104,0.6031334803952239,7.268288942233983,1.5149478902618871,1.642752445956807,7.755748787833009,1.0611491850118517,6.816237812725584,-0.3689908034387217,5.297293027622954,4.681859449809529,1.8104846434827564,1.54942269024933,1.446307569086911,1.3751793190163593,1.359770999794113,7.399508336741597,0.5287823887293631,-0.8059145904577873,4.7611720953280665,4.122064974220381,2.748874151758381,1.737050242757069,1.0037695516011045,0.9598547220901491,1.4278294422210407,1.5471212072182423,1.3761100186427406,4.769367501967995,-1.9885172616024396,3.913790868584914,3.3083002717581933,7.972822547059227,5.85171156672223,6.324737554437857,1.8845032526083612,2.2217927081711126,2.579662225922504,3.6497461496715307,3.797468854533255,3.9404031781544573,4.304340947131504,5.170041879645878,5.1932330952237304,4.93084820365849,3.3467281351448213,2.9365040097101467,2.7292264679694145,3.0865044910640327,3.2244844484407347,3.531912135003353,4.642999937866187,5.006395786136884,5.0273812165080045,4.4890946068463995,3.63678516569096,3.0049762064305767,2.624014476665419,2.47539431130955,2.3093863503255654,1.851186272158103,-0.6617003219522312,5.350075765036081,5.129377987128467,4.235623208688644,3.41651182215813,2.8116226415132606,2.2965497884715287,1.873559714898471,1.5603379341703767,0.9916879406495654,6.185735251180342,5.660946406480162
0.36000000000000026,0.20464230206572914,1.4016458842585489,5.588252823691423,3.667757691247109,3.0010590910827184,2.4393040518869205,1.8173786235441718,1.3508842259215992,1.0285609969286396,6.883720028271928,0.10071103256238528,-0.19710353553117652,0.9352139488589584,2.077339514869824,2.155530651428797,1.6832719090022958,7.438525513489547,0.7095226960234041,6.63163360028478,6.513761144253157,0.2783428911889818,0.4380022482500306,1.3939552262689854,1.7373305835163537,1.693238011241545,1.251293767391422,7.032426672340479,0.1843989076108459,6.0335774282354055,6.075763636781922,0.619027250202685,7.270020681225781,1.5041146643407537,1.629126121491298,7.745111504203127,1.0595822245402247,6.825008034003133,-0.3564279351154141,5.320595961875229,4.736946106323067,1.7706844339593135,1.540284824140085,1.4459988582185805,1.3709711112544005,1.3543745970550038,7.401447139805403,0.5413287696952451,-0.8076450930733203,4.768442213714498,4.138126554254716,2.740546023269101,1.7428497628481516,1.0153500782647207,0.9665963643560354,1.4215846298374775,1.5515837578986689,1.4114412427361005,4.73480900063253,-1.9962491685289667,3.913991656383769,3.3026999847683562,8.003750891940664,5.868077163510008,6.359709247164924,1.8562512293396782,2.206666938092964,2.567941734733368,3.6355598669566564,3.7898356460375435,3.9372713444182925,4.301389778891546,5.16344020876652,5.202356003422103,4.941263171848508,3.3352672296442454,2.922965419856108,2.7156686408780306,3.075171055160144,3.218184411811253,3.5275832401993408,4.641623115370371,5.008137765940702,5.033446121444057,4.490590955481656,3.627479789973322,2.9920514878696007,2.6113042752211464,2.46674610268974,2.3100934489254636,1.8705973760652141,-0.6671669602908675,5.352720687867999,5.138784792110858,4.2304044323830485,3.4040597084195214,2.7977640906798475,2.285151977479416,1.8671276860127675,1.5611239735744709,1.0009030824988485,6.191911539358106,5.668786067984083
0.3700000000000003,0.21053282854777292,1.3962327364111378,5.611977057677588,3.64960958230792,2.984213462291624,2.4261673328092557,1.8113365193277566,1.3517892984143014,1.0358306352215252,6.896462939839269,0.11349072607775611,-0.18416562677107082,0.9147538398894446,2.051405871904385,2.13565988594496,1.6736468143568775,7.440856634371873,0.7207257338108354,6.648909750389308,6.533550120468152,0.29349499670840556,0.441147688706861,1.3791066777705874,1.7173196368268142,1.6774079297062148,1.2459980413554217,7.039328391443872,0.20007911335008677,6.0563537801157095,6.101687341039963,0.6319172060700807,7.270569908714852,1.4937562375141775,1.6163151892688232,7.735018328736765,1.0580646867127963,6.8333437964782116,-0.34419619130194706,5.344415918910072,4.795412077333654,1.7279729025089008,1.530236597088794,1.4459317444656763,1.3671780867253214,1.349261595557581,7.403461127097039,0.5537607749074209,-0.8095778884371257,4.775796519593589,4.154883491421588,2.7317618969052297,1.7482929935615295,1.0269002699155276,0.973372169755502,1.4157716969797272,1.556336641835791,1.4473885667006967,4.698957947786302,-2.0043682366801026,3.9142085255707006,3.2974349988564944,8.03429309384987,5.883506052245322,6.39189618003676,1.8303214417210834,2.1924680316128033,2.5575992138244166,3.6214714213131955,3.782085686488546,3.9339165852004294,4.298147122615757,5.1559452248071365,5.211077688180656,4.951123416296584,3.3235880833079086,2.909610679287407,2.7026756277081945,3.064151227359001,3.211905926761233,3.5230781471570602,4.639990431181941,5.009512030857869,5.039401222575152,4.491900188594041,3.6180766050207076,2.9793287170356466,2.599088746948809,2.4586526012481733,2.3111864121663714,1.8899231508285925,-0.6727037458660249,5.355293534220662,5.148140816447303,4.225163582477194,3.3918690665501945,2.784399065452902,2.2743910266971943,1.8614340818846236,1.5625244674556078,1.010279584297163,6.198068280085137,5.676602406041454
0.3800000000000003,0.21617233206833408,1.3915225545961527,5.635055016922514,3.631054866341002,2.967856627930299,2.4135900603838207,1.8056150129124764,1.3529471590873388,1.0432656874922293,6.909014147841804,0.12579195643780466,-0.1716091784919383,0.8967842539308044,2.0270694427753146,2.116790298214937,1.664324875197192,7.442679313348806,0.7311827984391662,6.665448521516121,6.552402983986173,0.30731742318610156,0.44394592507005803,1.3652414520307263,1.698517876234606,1.6624175635025804,1.240820032693083,7.0455635288622105,0.21488482325829408,6.078336996758767,6.1265439791654135,0.6419883753597516,7.2700546457192745,1.483796970094147,1.604262252505935,7.725458179284409,1.0566128585029313,6.841294937416594,-0.33225175680129543,5.368864432202911,4.857404752545006,1.6820986323254423,1.519220343350942,1.4460629807513947,1.363770358880732,1.344469339080053,7.405581374762855,0.5660842580424482,-0.8117243201074558,4.783259543277535,4.172395305948477,2.722517549817805,1.7533604073177995,1.038377585599276,0.9801059793606208,1.4104908080913654,1.5614609320641741,1.4840188126546308,4.661760249058572,-2.012894511427396,3.914468047497107,3.2925058893454313,8.064464602540635,5.897907502621866,6.421248905213355,1.8068237580912545,2.1792966916564254,2.548616157415421,3.6074318258707976,3.774217678809599,3.930374885780068,4.294616623023535,5.1475149366299275,5.219367181657429,4.960442061079218,3.3117451784783487,2.896504768273686,2.6902614408839436,3.0534398078882217,3.2056762783769863,3.51846948130115,4.638100558847267,5.010495428221141,5.045216504488836,4.49302191776416,3.6086123745925103,2.9668395186498437,2.587366042068311,2.4510835090705285,2.312639869132207,1.909197708338958,-0.6783640742259686,5.357759887413637,5.157393290004503,4.219865347631371,3.3799257358950783,2.7715016278211566,2.2642216296150868,1.8563999700491234,1.5644595583743164,1.0197880954566934,6.204166029531665,5.684351562199986
0.3900000000000003,0.22157863741198272,1.3874274018643524,5.657548639828819,3.612019564675475,2.9519287717131224,2.401517693231106,1.8001860194901727,1.3543101298540858,1.0508026727966007,6.921339922298667,0.13760849437029454,-0.1594314121036592,0.8810460623835502,2.0042652262915044,2.098868541324511,1.6553023674906264,7.444093990158586,0.7409869455118485,6.681297744982027,6.570368633239066,0.319897364166653,0.4464716323981445,1.3522635625943613,1.68084998159854,1.648222076397473,1.2357720674822497,7.0512318162615095,0.22891269754679566,6.099617927116949,6.150509054951115,0.6494006907506444,7.2685634032865964,1.4741654852266666,1.5929129757494027,7.716418778008625,1.0552441410052986,6.848910622800561,-0.32054235590086766,5.394049086477676,4.922954177855843,1.6329082259826846,1.5071776763614717,1.4463496476138114,1.3607166350720235,1.340028345759788,7.407839882736243,0.5783108862195209,-0.8140776164613113,4.790859488045094,4.19069928316066,2.712814337752567,1.7580300469144206,1.0497407454253564,0.9867338834155591,1.4058197838868531,1.5670331855805297,1.521389528968791,4.623192114120121,-2.0218424573982117,3.914791508004448,3.2879082450930426,8.094283614757595,5.911212319498891,6.447801907778012,1.7857823633376464,2.1672308283237673,2.5409754395993374,3.593396461356326,3.7662300790728764,3.926677267888393,4.290799949085103,5.13810755123154,5.227195566944886,4.969238144515954,3.2997836556605944,2.883704716579948,2.6784382580717025,3.043030750626265,3.1995182102834407,3.513818752162189,4.635950515680953,5.011062936497791,5.050862392858027,4.493953622650537,3.5991171109705196,2.954610168575955,2.5761320712396483,2.4440099836164793,2.3144309266882908,1.9284521048698433,-0.6842021029954386,5.360084267061638,5.1665032612973985,4.214475634604494,3.3682138675479742,2.759047488965623,2.254602536538264,1.8519555024240844,1.5668581738445808,1.0293989526368896,6.210167601109418,5.691994784186276
0.4000000000000003,0.22676909559347147,1.383889336769907,5.67954302644822,3.592428630012544,2.936373642417727,2.389903914687788,1.7950260621775043,1.3558396382996831,1.0583902419573417,6.933415179076954,0.14893883893277293,-0.1476231524476907,0.8672918471792546,1.9829245045368924,2.0818443112671865,1.6465772776026935,7.445182209987132,0.7502177435617281,6.696506269582438,6.58750429693499,0.3313132780081071,0.4487719933380726,1.3400803997752442,1.6642449005607045,1.63478059309636,1.2308674986387613,7.056420332629106,0.2422548313535156,6.120294968644404,6.173772715470362,0.6542961500312994,7.266160874499099,1.4647941641867501,1.5822156571033785,7.707887266177233,1.0539767134543188,6.8562391060316745,-0.30900933260459507,5.420062362076878,4.991919388981165,1.5804024475709624,1.4940608443104957,1.4467493670767493,1.3579855363743367,1.3359626434694802,7.4102684366603855,0.5904553537525722,-0.8166132598319464,4.798625882950222,4.209802234474352,2.702668009885691,1.7622798950871292,1.0609512087711612,0.9932060226681181,1.4018142853131894,1.5731214101746287,1.5595380633461458,4.583266189670965,-2.031220144637907,3.915193914296977,3.283634401822585,8.123770261087394,5.923373347533649,6.471656112861713,1.767152034231873,2.1563252624001907,2.534658822939509,3.5793258234710112,3.758121329045303,3.922849947404784,4.286696556075156,5.127683422665932,5.234537335612636,4.977534754803692,3.2877415131175027,2.8712594209682254,2.6672161265395617,3.0329173277166124,3.193450420215258,3.509177746440822,4.633535180532411,5.011188489048333,5.05631086800274,4.494691525884169,3.5896150348578715,2.9426622260545368,2.5653811918403577,2.437404809916824,2.316538970523851,1.9477157645149967,-0.6902727901141936,5.3622308725223435,5.175443836741237,4.208961856814722,3.3567165091440683,2.747014005380462,2.2454963335577083,1.848038988115345,1.5696573360580488,1.0390835501881541,6.216038305111091,5.699498468190673
0.4100000000000003,0.23175918154237177,1.3808826234582947,5.701139354601365,3.5722045231173154,2.921137865652855,2.3787088296268446,1.7901152358551675,1.3575045166893747,1.0659875839168125,6.9452226447837635,0.15978512809506923,-0.136170192068593,0.8552906935897632,1.9629754469254561,2.0656697169511316,1.6381481962967799,7.446010939897111,0.7589444731269768,6.711124351766139,6.60387328368105,0.3416356459832996,0.4508733621304585,1.328602595007194,1.6486348285674461,1.622055520570244,1.22611989779872,7.061205864396814,0.254999346687872,6.140470716842809,6.196526800874523,0.6568111742278824,7.262894401069446,1.4556199971485955,1.5721210037024334,7.699850491629409,1.0528291166684858,6.863327399594135,-0.2975902335596315,5.446966854887052,5.063931762885262,1.5247963212962248,1.4798468269040304,1.4472209470889537,1.3555465888791842,1.3322901039446848,7.412897312635952,0.6025325791406108,-0.8192893966627091,4.80658626165985,4.229671425738898,2.6921175297102278,1.766091157161411,1.0719743451542916,0.9994867684662404,1.3985092879822338,1.579781349589613,1.598470023726246,4.542038543557395,-2.041028263320942,3.915682840212629,3.27967553821964,8.152945908932006,5.934364490784807,6.492960585692903,1.7508354876510464,2.1466126643767636,2.529644273403865,3.5651867192033135,3.7498902280662576,3.9189144620783996,4.28230371852239,5.116206798752717,5.241371182326645,4.98535706665143,3.2756517014378557,2.8592097704778507,2.6566025951849532,3.023092348272689,3.18748805681233,3.504589704179155,4.630847100449986,5.010845809219,5.061536225443831,4.49523117020824,3.5801255362708853,2.931013053564947,2.555106652140412,2.4312424977240332,2.3189455975318327,1.967017733155736,-0.6966319562323269,5.364164200779674,5.184198402913971,4.203292983485257,3.3454160202526007,2.7353800681718936,2.2368691595184598,1.8445960349976558,1.5728015429025937,1.048815315957204,6.221746046599116,5.706833990272409
0.4200000000000003,0.236561190054918,1.3784141545540203,5.72244975026709,3.551265946126116,2.9061702220443992,2.3678975262351036,1.7854364716630027,1.3592797357277537,1.0735630476617857,6.956751942134339,0.1701524124586682,-0.1250543749586258,0.8448311615034914,1.9443435716263424,2.0502987111793343,1.630013643918585,7.446635852681331,0.7672285962588312,6.725203548653898,6.6195423342883295,0.35092909223525315,0.45278721329633875,1.3177446966420427,1.6339545623859493,1.6100119151821664,1.2215425132809294,7.06565676935835,0.2672305732894448,6.160247042347068,6.218947636594175,0.6570932540083707,7.25880155619251,1.4465866536952277,1.562582144722799,7.692295106957408,1.0518197743423507,6.870220791041655,-0.28622213818663417,5.474777839059407,5.138347988319233,1.4665719033355598,1.4645532404337807,1.4477254425367032,1.3533709349971095,1.3290228092583884,7.415753909434344,0.6145549801110176,-0.8220475393073803,4.8147619487083535,4.250226371636544,2.6812323886309133,1.769452393610173,1.0827802565543787,1.0055536698021217,1.3959213476323145,1.5870531623889168,1.638147886961086,4.499615794626599,-2.0512590289914,3.9162572354554417,3.2760239098261144,8.181832708816257,5.9441787102494015,6.511895478012395,1.736699728668273,2.13810525701286,2.525903110819837,3.550953901885177,3.741536448557949,3.9148877886379156,4.277616778542324,5.1036473175670585,5.247680326607073,4.992730539513345,3.2635439076043418,2.847588999933686,2.646602293396863,3.01354844173079,3.1816432247738926,3.5000903450596437,4.627876510075611,5.010009194224586,5.066515534821439,4.495567754928353,3.5706640791792963,2.9196762628580375,2.5453008585526216,2.4254993310839392,2.3216346311773215,1.9863877669561987,-0.7033363709092509,5.365849534630022,5.192758965884489,4.197439422222607,3.3342943498264677,2.7241259345627276,2.2286903940693894,1.841578776539096,1.576242205085857,1.0585703756750011,6.2272613295196475,5.7139774046881815
0.4300000000000003,0.24118334347534812,1.3765202071764022,5.743593843653744,3.5295267094262153,2.891420927963817,2.3574389285413266,1.7809750077922992,1.3611454440550554,1.0810929154271343,6.967998605976793,0.18004828937465336,-0.11425434684424352,0.8357228872571171,1.926952114722398,2.035686588388048,1.6221716692695538,7.447103829036226,0.7751255733311535,6.738796036367423,6.634578426610498,0.3592556095174991,0.4545155458903867,1.3074265348707086,1.6201411786257958,1.5986169290167862,1.2171478995017515,7.069834381333972,0.2790286483707823,6.179718490747195,6.241175642307076,0.6553196829710806,7.253918819629165,1.437647524184248,1.5535548958858878,7.685207575508491,1.0509664662428826,6.876962164036286,-0.2748458210722876,5.503445666788313,5.214230969166687,1.4065062401442587,1.4482537856733946,1.4482275941665026,1.351431834266881,1.326167449349906,7.418861382780109,0.6265299728697984,-0.8248138487244274,4.82316332242821,4.271334021401019,2.6701163173537332,1.7723641878562635,1.0933442799227897,1.0113956149659276,1.3940511901272359,1.5949585657729581,1.6784808583897368,4.456161312805018,-2.061895070999932,3.916906458721841,3.2726749080701754,8.210453481193703,5.952825439432467,6.528657458122898,1.7245901160974846,2.1307968430870434,2.523397068268598,3.536612067836683,3.7330611902662114,3.910782479894388,4.272629552940993,5.08998122938859,5.253452473924116,4.9996794292796265,3.2514459290488484,2.8364231792302226,2.6372164716207642,3.004278414382263,3.175925506956651,3.4957087942492193,4.624611502413139,5.008654208307167,5.071228854531506,4.495696293556316,3.5612430072591277,2.9086621083201267,2.5359555160705507,2.4201533913576543,2.3245921867095998,2.005857260770479,-0.7104438588972349,5.367253305900679,5.20112468507601,4.1913727970886825,3.323333203476552,2.7132330337902126,2.220932338561735,1.8389451863755186,1.5799371275482446,1.0683279706397868,6.232557209811138,5.720909077732235
0.44000000000000034,0.24562964947462643,1.3752581782338211,5.764696719477434,3.5068946940969075,2.8768409381626157,2.347304877246265,1.7767179987629844,1.3630862107035742,1.0885602623596455,6.978963027690698,0.18948287392901528,-0.10374594354185145,0.8277972591126378,1.9107223394228188,2.021789549532721,1.6146196165825715,7.447454850260684,0.7826860786854467,6.751953307969245,6.649045070751026,0.3666784698040415,0.4560558930174755,1.2975751611862263,1.6071340019504328,1.587839352480993,1.2129476474832916,7.073793981888962,0.2904684393443369,6.1989643647820785,6.263294863153932,0.6517145080909218,7.248290808939278,1.4287692775914447,1.5449982613414737,7.67857414921414,1.0502857660142324,6.883591120663754,-0.26341055661261503,5.532842136377484,5.290378054876469,1.345654945205297,1.4310896250868979,1.4486975558775348,1.3497050302694424,1.3237257317156457,7.422237352639761,0.6384578859847817,-0.8275012744790183,4.831785293867099,4.292810150090058,2.6589052617478304,1.774843699153353,1.103647243168504,1.0170106215628354,1.392886264761882,1.6034985546945115,1.7193173987721837,4.411899091755171,-2.0729084203420673,3.9176099172541656,3.2696285626787276,8.238831969875527,5.960327782736134,6.543448144392345,1.7143415693087085,2.1246648196912448,2.5220754153456806,3.522158044789213,3.724467953680364,3.9066068698862524,4.267334840314343,5.075192337810674,5.258679529517321,5.006225671528709,3.2393846216872024,2.8257317500650063,2.628442519798283,2.9952756789359483,3.1703425108109444,3.4914684452680347,4.6210383015886825,5.006758264939656,5.0756592602002,4.49561164953378,3.551872224559802,2.8979778359774264,2.5270616795687295,2.4151845692050355,2.327806763893553,2.025460022733458,-0.7180134194185308,5.36834334557154,5.2093006378253435,4.185065671964744,3.31251412361882,2.7026837670904102,2.2135699033363605,1.8366584748327357,1.583850023982314,1.0780706775582707,6.237609234265044,5.727613313923907
0.45000000000000034,0.24990071909837788,1.3746934900267884,5.785887986844245,3.4832708694439587,2.8623812778308078,2.3374693871965264,1.7726542129392124,1.3650903885232948,1.09595384567069,6.989649336262053,0.19846904732484055,-0.09350221519791242,0.8209075496577192,1.895573805884966,2.008564330811873,1.6073539890826996,7.447723399170851,0.7899566567159804,6.764724293181271,6.662998422906181,0.3732661600984392,0.45740598957221945,1.2881271780925074,1.5948748272697157,1.577649259187269,1.2089521652938455,7.077585365086156,0.30161781949525085,6.2180404980362,6.285317452481777,0.6465585854356803,7.241978939274761,1.4199352399369833,1.5368751173198296,7.672380855791606,1.0497924584600535,6.8901429474747475,-0.25187902058592776,5.562755813757813,5.365407850574612,1.2852785956086876,1.4132725078129147,1.4491127394622108,1.3481690493732628,1.3216947822271825,7.425892758681217,0.6503305029875455,-0.8300127392918861,4.840604059730166,4.314428937894612,2.6477584589060603,1.7769281447115755,1.113675559466982,1.022403583120545,1.392403034836427,1.612651870943981,1.7604420021312799,4.367113744987926,-2.0842597264942104,3.9183377315420143,3.266890115253136,8.266993375258876,5.966719765293201,6.556465539780063,1.7057868654145993,2.119671973285681,2.521872405983736,3.507602895595786,3.7157633938410637,3.902365411966687,4.261724968355309,5.0592726707207625,5.263357165391423,5.012388127987229,3.2273864596813873,2.8155280386610335,2.6202734889040435,2.9865347423572848,3.1649004428245138,3.4873877899853105,4.6171415978773345,5.004301092391096,5.079792741563527,4.495308496953495,3.542559740092997,2.8876279885430214,2.518609744209871,2.410574575831803,2.331269352237211,2.045232901390395,-0.7261053480822723,5.369089037755099,5.217296822989794,4.178491257518262,3.3018185009709664,2.692461312397283,2.2065803088335287,1.8346865567822028,1.5879500529479549,1.0877844672383286,6.242395393971145,5.734078018748237
0.46000000000000035,0.2539954564591767,1.374884024092361,5.807301728682804,3.4585483316581938,2.8479924039201445,2.3279080389861986,1.768773779913568,1.3671495347151894,1.1032669855855128,7.000064256218643,0.2070228762806876,-0.08349311529563752,0.8149287896356159,1.8814246124850216,1.99596789028323,1.600370360075082,7.447939451633561,0.7969798727359511,6.777153084975521,6.676483849505125,0.3790954827016912,0.45856799931339287,1.2790311542866193,1.5833083447050456,1.5680177504279122,1.2051704731375095,7.081253035303638,0.31253550089576654,6.236972344511144,6.307178634867593,0.6401879925619925,7.23506793348824,1.4111477415055058,1.5291529714351364,7.666613511480049,1.049498957266818,6.89664752243472,-0.24023142754853166,5.592900314360078,5.4378986440694534,1.2267161418185375,1.3950765295068426,1.449459513135892,1.3468054693016975,1.3200675241911697,7.429830948210971,0.662130434722788,-0.8322453842246527,4.849576244943294,4.335940573695674,2.636843471612321,1.7786761647228624,1.1234212243929314,1.0275841981560574,1.3925689112357453,1.6223744543337395,1.801577686638867,4.3221452348160385,-2.0958978402621034,3.919052716322806,3.2644694365898923,8.294964946968278,5.97204380869336,6.567898148438082,1.6987623073150906,2.1157679878649183,2.5227054124833086,3.4929735646605855,3.706958193315831,3.89805921926279,4.255792326237245,5.042222913195746,5.267484320899222,5.018182149521016,3.215477771392209,2.805819697825426,2.6126976566507496,2.9780517186115665,3.1596047085759613,3.4834812411827665,4.612904913286969,5.0012650873954945,5.083618015783927,4.494781241976007,3.5333120774502764,2.877614663536158,2.5105893969788835,2.4063069585700845,2.3349735381751078,2.065216270917034,-0.7347813481122656,5.369461397476599,5.225127394595133,4.171623130707435,3.2912275319816695,2.682549438059576,2.199942803456341,1.8330015776370048,1.5922113642872082,1.0974586313042103,6.246896110656297,5.740294429228376
0.47000000000000036,0.2579131821233084,1.3758660609797517,5.829077125936574,3.4326113432183116,2.83362359136052,2.318597469684927,1.7650679581391546,1.3692578431115197,1.1104964317119863,7.010216023852377,0.21516405469427494,-0.07368491957134696,0.8097575454143172,1.8681916080613488,1.9839571441468045,1.593663297802491,7.448129122229322,0.8037940493218625,6.789276619261689,6.6895337262326615,0.38425296162881417,0.45955204739883165,1.2702497062438967,1.5723826887565284,1.55891678832187,1.2016099921692063,7.084836106486463,0.3232688106560404,6.255751234083946,6.328745643396005,0.6329787708192509,7.227668600874856,1.4024286528731618,1.5218046481940464,7.661257758329805,1.0494147533904306,6.903128310968565,-0.22846794422075395,5.622936358261336,5.506549897107773,1.1712307773717374,1.3768183169806907,1.4497344289655094,1.3455991577320119,1.3188330351432123,7.434047087956968,0.6738314593797479,-0.8340956657891712,4.8586411717359415,4.3570939248093605,2.6263183813298774,1.780166311465832,1.1328817381110965,1.0325652108132224,1.3933438416052266,1.632600120855078,1.842395134536046,4.277377512967408,-2.107759908571148,3.9197136595368582,3.262379341559004,8.322776307468574,5.976348527878279,6.577921308100001,1.693111213219109,2.1128907198774733,2.5244741620137146,3.4783136448940026,3.6980678696378684,3.893686856912538,4.2495298417521585,5.024052661673366,5.271062695764766,5.023619393332674,3.2036847231414805,2.7966090599967983,2.6056981968166584,2.9698248138808347,3.154460527937758,3.4797599685328113,4.608310973349452,4.997635569421929,5.08712629709634,4.494023930480806,3.5241345589399686,2.8679377218171,2.502989548119257,2.402367120599146,2.3389156059472223,2.0854543783574253,-0.7441046149889755,5.369433093291086,5.2328101061649495,4.164434989183388,3.2807221337338475,2.6729323257614506,2.1936383979849996,1.8315794834078836,1.5966126465544013,1.1070856034707879,6.251094261553204,5.746256930319653
0.48000000000000037,0.26165556509214727,1.3776455719845446,5.851359575775814,3.405334373334638,2.8192223385443045,2.309514933958599,1.7615289008231592,1.3714115636481081,1.1176412467188095,7.020113472084269,0.22291620439482132,-0.06403947605236361,0.8053116385695932,1.855790559976898,1.972488741936337,1.5872262816041152,7.4483150225216725,0.8104327290730903,6.801122762746314,6.702167108155386,0.3888340208399546,0.4603787212581496,1.2617607930181733,1.562050003688578,1.5503190984273374,1.1982763200337265,7.0883680069514075,0.33385191192929314,6.274335186202729,6.349839810039803,0.625320406276184,7.219915938291523,1.393817693720047,1.514808737373663,7.656299112677859,1.0495459341423796,6.90960162624275,-0.21660867006029763,5.65250401940493,5.570325610675291,1.1198673443493254,1.3588291461532616,1.4499446728764127,1.3445384451183238,1.3179768922661876,7.4385279870451155,0.6853998527074983,-0.8354648787245857,4.867726199844995,4.377659284563069,2.6163157087164985,1.7814925666383683,1.1420599279933994,1.0373610123856356,1.3946816384328873,1.6432426498434929,1.8825284707280248,4.233221222597333,-2.119772135984334,3.9202794813140716,3.2606331823333,8.350459150794627,5.97968688527348,6.586695241987845,1.6886857340037404,2.1109673805418594,2.5270614572762113,3.4636828775275768,3.6891134117633246,3.889245386727906,4.242931388352386,5.004780587018348,5.274096274980223,5.028707831653217,3.1920331182266453,2.7878934106944153,2.59925302557682,2.961854717539212,3.149473545571373,3.476232761486204,4.603342068489408,4.9934009544577656,5.090311054072478,4.493030159497332,3.5150314787398345,2.8585949468433394,2.495798260219328,2.398742339662638,2.3430946245644577,2.105995554410872,-0.7541398763544486,5.36897843534613,5.240365939742441,4.156900459482278,3.2702828257072625,2.663594400505979,2.18764961449802,1.8303996214755829,1.6011366706536294,1.116660702927741,6.2549752357941,5.751962961487499
0.4900000000000004,0.26522784817410106,1.3801966934659287,5.874302128672393,3.3765811692754157,2.804733787979176,2.3006379123992167,1.7581494059760796,1.373608407146902,1.1247017731171218,7.029765389358735,0.23030690369419873,-0.05451341251961838,0.8015297481666415,1.8441362460370523,1.9615188668379218,1.5810515962216793,7.4485163952714455,0.8169240484426382,6.812709248894205,6.714391448193983,0.3929399950473599,0.46108025281215526,1.253557869938525,1.5522668999727374,1.5421981152040278,1.1951729993938933,7.091876123578606,0.3443049483304513,6.292654562285495,6.3702663840915745,0.6175845005570436,7.211962748013729,1.3853686598866721,1.508149672759513,7.651723005307428,1.049894819200158,6.91607631282038,-0.20469104392195062,5.681258133982419,5.628543698963909,1.0733570158846115,1.341425178008704,1.4501075508337973,1.343615174941181,1.3174815243455023,7.443252395807793,0.696796579363229,-0.836264537429003,4.8767541677628445,4.397446171855737,2.6069320832334766,1.7827575930994015,1.1509636151670735,1.0419865943737323,1.3965311605951907,1.654199314513052,1.921596450697249,4.190091812117456,-2.131851355458469,3.9207135431861424,3.2592423216144177,8.378046046469368,5.9821146984450975,6.594364373211888,1.6853474886715027,2.10991580615312,2.530335613263401,3.449155138790797,3.6801216288090735,3.8847315983664927,4.235992137202882,4.984434612198529,5.276590909541234,5.033451897320245,3.1805480698147814,2.7796652151319954,2.5933348997367265,2.9541448285365184,3.144650407347986,3.4729069207212753,4.597980396894049,4.9885528726774515,5.093167777492432,4.491793004411283,3.5060061820387243,2.849582159448253,2.489002692621374,2.395421776651697,2.3475125128029304,2.1268922859762838,-0.7649533666652045,5.3680733480094345,5.247818887954933,4.148992977671346,3.2598895865402673,2.654520164652189,2.181960247177205,1.8294443611569575,1.6057698314144444,1.126181829194035,6.2585270063089515,5.7574130046500684
0.5000000000000003,0.2686391843747785,1.3834665201892744,5.898067052986343,3.3462039301866917,2.7901001625636455,2.2919437492451897,1.754922645107583,1.37584695486772,1.1316787650853186,7.039180212331177,0.2373673887523696,-0.04505743095886153,0.7983707879498073,1.833142423665785,1.9510030442277024,1.5751301994129066,7.448749096643963,0.8232902210931285,6.824043738572284,6.726205956798971,0.3966736626970596,0.46170028289857173,1.2456487705453705,1.5429946839908244,1.5345279391670636,1.1923012967500841,7.095381527849963,0.3546344097590797,6.310621503213055,6.389844272723134,0.6100965198823309,7.203970149272345,1.377144246109405,1.50181738029485,7.647514794953849,1.0504597580340342,6.922553949180742,-0.1927651977499369,5.708899133864136,5.680896256458928,1.0320862471958523,1.3248822193613443,1.450249017784957,1.3428245773699832,1.3173265894274762,7.448191801281307,0.7079800644021205,-0.8364210294861962,4.88565134798445,4.41631314455844,2.5982254600771784,1.784065010667701,1.159605065585971,1.046456806542413,1.398837457721505,1.665355680262125,1.959226646724907,4.148385522218843,-2.143907484709676,3.9209873091848535,3.258214085948362,8.405568262357425,5.983689473591859,6.601057516546774,1.6829674513168842,2.109645984080645,2.5341545868147723,3.434814906954314,3.6711251017619424,3.8801433006954493,4.2287088927104985,4.963052206000302,5.278553965827589,5.03785272318893,3.1692535972015543,2.7719123460482096,2.58791182485355,2.946701258413791,3.1399992657035263,3.4697891640803262,4.5922083896537105,4.983086258055389,5.095693774214322,4.490304970662175,3.497061068055007,2.8408932978090284,2.4825890781839943,2.3923964626937404,2.3521740730729026,2.148201143953398,-0.7766127128834072,5.366695344123849,5.255195850780533,4.140685764233498,3.2495216936795264,2.6456940333109302,2.1765551329535646,1.8286987270734056,1.610501695797549,1.1356491369635946,6.261740199240794,5.762610633601091
0.5100000000000003,0.2719022400851369,1.3873835204070148,5.922827296849431,3.314042713674323,2.775260226266458,2.2834093072733737,1.751841873840849,1.3781261074932847,1.1385727574698423,7.048366041281104,0.2441319673835849,-0.03561579664268737,0.795812959857236,1.822721623299333,1.9408959393316707,1.569451565368963,7.449025503967538,0.8295472992067039,6.835125020111307,6.737605762614398,0.4001343673402451,0.46229236720433486,1.2380534599843172,1.5341992782002627,1.5272832748445668,1.1896600154264576,7.098898904944002,0.3648347352536659,6.3281411377323,6.408428870800032,0.6031167127321839,7.19609706246262,1.3692104235331086,1.4958065230748119,7.6436597443917025,1.0512351212670836,6.929029569401277,-0.1808882485051235,5.735193786036974,5.727409428798391,0.9961242187423326,1.3094192690823956,1.4504014532337317,1.342164938114013,1.3174893930727074,7.453311680795244,0.7189091570707934,-0.8358790566591882,4.894354286405334,4.434169397183647,2.590219059991151,1.7855121032411576,1.1680001939535323,1.0507858559036836,1.4015429536272548,1.6765912754039156,1.9950794554420568,4.108456364143721,-2.1558468085489855,3.9210827612355335,3.2575505797548985,8.433052741145307,5.9844695242460055,6.606888643020911,1.6814254452193358,2.1100619408635555,2.538371468476804,3.420752491205032,3.662161663060421,3.8754805174259963,4.2210804568566775,4.940680860882464,5.279994048957537,5.041908444101311,3.1581721874498094,2.7646183651785474,2.5829477949512056,2.939532579822716,3.135530173798425,3.4668865164251645,4.5860090266223965,4.9769994383084875,5.097887995637498,4.488557977288408,3.488197534994419,2.8325204763505694,2.4765427468587013,2.3896592535618892,2.3570869836153223,2.1699825530563532,-0.789186702676083,5.364823515793021,5.262526599776865,4.131951921596944,3.2391575547203235,2.6371001696511795,2.171419931424283,1.8281500431332822,1.6153245714387678,1.1450647137500254,6.264608149112537,5.767562597958099
0.5200000000000004,0.2750323915683737,1.3918665832106345,5.948767554864309,3.279925286605794,2.760148791357997,2.2750106337349703,1.748900135393877,1.3804446132577923,1.145383710697612,7.057330900516211,0.25063726099987255,-0.02612609074439985,0.7938524383754542,1.8127847201266978,1.9311511251057079,1.5640035121967126,7.449354423305733,0.8357053117872858,6.845945103362273,6.748585935330139,0.4034137732989505,0.46291760797671333,1.2308010264629143,1.5258508029254971,1.5204393244146206,1.1872453670150112,7.102436758990243,0.3748908901997759,6.345122336804204,6.4259245004482635,0.596832567474009,7.188490717453309,1.361631284502496,1.4901154449652023,7.640142959171487,1.0522114974239702,6.935492808117437,-0.16911862716898457,5.759983983382005,5.768366472586822,0.9652879539882004,1.2951919715407203,1.4506010182725062,1.341637072700795,1.3179453535961432,7.45857311260567,0.7295458740736328,-0.8346035656883473,4.902814388429099,4.450970091473604,2.58290948635564,1.7871840303941076,1.1761675361448836,1.0549869809987826,1.404588696838998,1.6877855747846229,2.028868685330535,4.070597156745208,-2.1675758480743523,3.920993328156517,3.257248422681045,8.460518551074731,5.984513328220852,6.6119579882410955,1.6806095129681502,2.111064005268225,2.542840732006947,3.407058561780011,3.65327339055553,3.8707464435149745,4.213108055276497,4.9173787637251,5.280920800495662,5.045614540398123,3.147324358829901,2.7577629031479747,2.578403835848876,2.9326493287795694,3.1312553320980254,3.464207139903335,4.579366156311822,4.970294249109516,5.099750903270728,4.4865433798711685,3.479415884993593,2.8244540396124895,2.4708482053365928,2.3872047429702095,2.3622617370489105,2.1923003810909183,-0.8027448996291451,5.3624385546933535,5.269843750913999,4.1227646929935995,3.228774541574569,2.628722320595135,2.1665409153784543,1.8277875895709033,1.620233110299439,1.1544322728674556,6.267126940186636,5.77227891254361
0.5300000000000004,0.2780468232519406,1.396832567736599,5.976084558916741,3.243667741351686,2.744696314496045,2.2667226379096537,1.7460899730077766,1.3828007087817613,1.152110925422874,7.066083128814412,0.2569214214785383,-0.0165192571317463,0.7925017071436353,1.8032402620850148,1.9217208054324226,1.558772025240101,7.449741057105659,0.8417687913544959,6.856491796992059,6.759144653451119,0.40659295643737275,0.46364190506477737,1.2239263795369453,1.5179228478611204,1.513971622013317,1.1850509197169787,7.105997906420401,0.3847814772394802,6.361486286066168,6.4422866660043265,0.5913615963103539,7.1812796170221125,1.3544649791078385,1.4847449537191397,7.636949299002517,1.0533760809017738,6.941929305524873,-0.15751131577633432,5.783185001818224,5.804219707293047,0.9392211908985082,1.2822944963553153,1.4508849590523052,1.3412436530372613,1.318668509884561,7.463934592957639,0.7398575766223894,-0.8325800923764668,4.910999854883314,4.4667082047343625,2.5762761330996224,1.7891500553834965,1.18412705505676,1.0590722451886072,1.4079156573028204,1.69882368006986,2.0603761709470305,4.035026918126401,-2.1790054187146235,3.9207234376880673,3.257299203382177,8.487973235484546,5.983879072889779,6.61635333931438,1.6804153440386556,2.1125513584420483,2.5474244805226767,3.3938186700476547,3.6445051803565023,3.8659480661462005,4.204795831960272,4.89321559471726,5.281344767242885,5.048964209980843,3.1367282579165097,2.75132216437205,2.574239272874292,2.9260633108578475,3.127189162556623,3.4617610551978157,4.572264834241,4.962976186941913,5.10128436834184,4.484252041863422,3.470715207152417,2.8166826269302003,2.4654892744658823,2.3850291311238343,2.3677115120139103,2.2152213132590317,-0.8173570609474509,5.359522813410905,5.2771826726687205,4.113097935238193,3.2183488426845157,2.620543655737379,2.161904775042659,1.8276022788287316,1.6252239586553643,1.1637568620851906,6.269295448026686,5.776772925044074
0.5400000000000004,0.2809637149904915,1.4022014214362177,6.004986093773154,3.205076342071734,2.728828652990097,2.258518788269082,1.743403169089689,1.3851918914223385,1.1587531796604538,7.074631785127246,0.2630234521437037,-0.006719954605732032,0.7917876169978683,1.7939935727464775,1.9125554875754112,1.5537410890531778,7.4501870698813075,0.8477376212676686,6.866751327094202,6.769285179302809,0.4097410656217587,0.46453329138950217,1.2174670943411379,1.5103915061256223,1.5078558056957154,1.1830676316344035,7.109580212828014,0.394481902938864,6.37717200664087,6.457516763689459,0.5867611484191566,7.1745695355811865,1.3477610024017126,1.4796970848102873,7.634063277520846,1.0547132129896863,6.948322186381303,-0.14611446446763893,5.804776448351048,5.835510344228195,0.9174686446814836,1.2707670645967941,1.4512891629841238,1.3409884562524077,1.3196320565496291,7.4693538853236765,0.7498183727446015,-0.8298136508627065,4.918895236571879,4.4814053680251495,2.570289677627465,1.7914617730650546,1.1918988804653703,1.0630524072787562,1.4114660112159818,1.7096011478740307,2.0894590836370024,4.001885656509442,-2.1900544067232595,3.92028703072042,3.257690310132675,8.515409500783347,5.982624337640834,6.620151385684921,1.6807458597999574,2.114424702161155,2.551997938326633,3.381108442142859,3.6359030370573113,3.8610964172016664,4.196151389626732,4.868273317957702,5.281277334506361,5.051948761649137,3.1263993174813702,2.7452695589294835,2.570413104704472,2.919786795103923,3.123348203476752,3.4595607065262244,4.564691691755435,4.9550546013473875,5.102491597065986,4.481674465694025,3.462093256944915,2.809193261056779,2.4604492775107394,2.383130050575329,2.3734519636602336,2.2388139633244544,-0.8330923027995447,5.356060418129596,5.284581238663538,4.102926874984743,3.2078553546875828,2.612546614900122,2.15749844028257,1.8275863573639575,1.6302954575559327,1.1730445775424103,6.271115405398086,5.7810613382061415
0.5500000000000004,0.283801574534546,1.4078988812251219,6.035688086039182,3.163951243488095,2.712467092508402,2.250370845607833,1.7408305271579885,1.3876148235698431,1.1653090153093046,7.082986982912293,0.26898271131011614,0.0033527627588531496,0.7917492404298581,1.7849457044831627,1.9036036121228888,1.5488925399268203,7.4506907645753175,0.853608085155462,6.87671063719412,6.779016660170011,0.41291539857728554,0.4656596861400351,1.2114607189120132,1.5032342684529945,1.5020673352598033,1.1812839650931115,7.113177490573612,0.4039672044340256,6.392138785365405,6.471652648421999,0.5830415618639584,7.168442392776622,1.3415587849481998,1.4749739595396198,7.631468966600563,1.0562050208625018,6.954653446524504,-0.13496746976100665,5.824789434657784,5.862805864191831,0.8995357364215275,1.2606062578200863,1.4518461670272351,1.340875611031616,1.320808882595619,7.474789735045818,0.7594096991797357,-0.8263264606710053,4.926499276648717,4.4951033202766855,2.564918490627492,1.7941529814922599,1.1995020975607362,1.06693684289989,1.4151843379359828,1.720027584041505,2.116049980098571,3.9712362634128335,-2.2006528372599394,3.9197054587666487,3.258405807259315,8.542802631008582,5.980805862525971,6.623419056818922,1.6815109867401397,2.116588834445399,2.556453605675121,3.368989977060297,3.627512268339411,3.856206482846548,4.187186328209516,4.842646772662293,5.28073071371138,5.054558026142117,3.116349996571029,2.7395764381085654,2.566885348755247,2.9138316957523913,3.119750838445533,3.4576213319416205,4.5566353426452615,4.946542911921952,5.103377067871285,4.47880099811347,3.453546350580923,2.8019714691406277,2.455711264465973,2.3815063564932575,2.3795009180469666,2.263147659484106,-0.8500179483810448,5.352037441838356,5.292079314124692,4.092229236270966,3.197267643557992,2.6047127724269465,2.1533089251938704,1.8277331395622438,1.6354473893605372,1.1823022656490065,6.272591520309461,5.785164164322709
0.5600000000000004,0.28657867992538943,1.4138572818849033,6.068408935498786,3.1200929269012394,2.6955288095617336,2.2422486582770498,1.7383617086661973,1.3900653525409357,1.1717770940596983,7.091160105295786,0.2748386149619097,0.013784370244202204,0.792435553883597,1.7759923896779521,1.8948111687671385,1.5442059492439493,7.451247359678278,0.8593739842456495,6.886359150191626,6.788354001776239,0.416162512508531,0.46708722296957933,1.2059427048952234,1.4964288807763948,1.4965811729436918,1.1796860676180345,7.116780459921154,0.4132142861287554,6.406366041147208,6.48475800481244,0.5801796822225248,7.162957385927949,1.335887353715075,1.470576811152826,7.629149917483669,1.057832092710463,6.960905127636164,-0.12410032188457198,5.843292868368861,5.886657017029931,0.8849310107348525,1.251775866670415,1.4525837052019748,1.340908906465242,1.3221720852584298,7.480203317091553,0.7686201791166276,-0.8221548965190607,4.93382182090852,4.507856757255454,2.5601326886014526,1.7972407139880249,1.206953691637146,1.0707335025300142,1.4190186550531516,1.7300288371793286,2.140150767820897,3.9430721466972964,-2.210743946922694,3.9190051542305704,3.259427126448784,8.570108929281984,5.978479354312395,6.626214796406836,1.6826275966244997,2.118954926323019,2.5607037618457262,3.3575097334768373,3.6193757807599938,3.8512968368092664,4.177916719488169,4.816443847410109,5.279717970437653,5.056780783456253,3.106589617128774,2.7342128902162615,2.563618233232361,2.9082088373124537,3.116416890501618,3.45596111263654,4.548086829581787,4.937458821110648,5.103946461392354,4.475622127550265,3.4450692932567235,2.7950014388771014,2.451258252322534,2.38015789152548,2.3858779551131333,2.28829083092565,-0.8681979860818619,5.347442145625452,5.299717844120489,4.08098684272657,3.186558016458073,2.597022729178561,2.149323198839589,1.8280367773094137,1.6406807582773957,1.1915371935012278,6.273731670509483,5.789104586390921
0.5700000000000004,0.2893125515368316,1.4200151480781016,6.103360078887608,3.0733123925293158,2.6779279950280626,2.234120057459677,1.7359851320478537,1.3925386182028192,1.1781565515725738,7.0991638877309455,0.2806304992463019,0.02466326507098629,0.7939028928902856,1.767023226536767,1.8861213526087943,1.5396585472168882,7.451849341551405,0.8650277024487507,6.89568991649224,6.7973171424007655,0.41951993141101335,0.4688791421639623,1.2009449771904126,1.4899522620289245,1.4913714501989457,1.1782579985454384,7.120377683172004,0.4222034691429534,6.419851402737959,6.496912493308371,0.5781308870588596,7.158153602385875,1.3307657610021457,1.4665052140724084,7.627089105079156,1.0595741305881807,6.967060217477064,-0.1135338981564945,5.860380771076465,5.907572062034523,0.8731928218490134,1.2442168577227062,1.4535237932151683,1.3410912092602933,1.323695431027526,7.485559335183672,0.7774449420567247,-0.8173460654306138,4.940880478918151,4.5197277585423326,2.5559061092173123,1.8007269760953528,1.2142677334916083,1.0744489006137126,1.422921235471091,1.7395478301428329,2.16182243488097,3.917328661892749,-2.220285157174855,3.918215372309166,3.260733472297172,8.597265384558982,5.975699286257618,6.628589741090853,1.684019559811257,2.1214423374627596,2.564681289223576,3.346697924067918,3.611532644598809,3.8463890826263056,4.168363452649662,4.7897850280335295,5.278253075299945,5.058605206074885,3.0971243036631186,2.7291485423291175,2.560577142121855,2.9029273760786825,3.1133671235121825,3.4546010868773767,4.539040107920646,4.927824483448209,5.104206558455202,4.472128893983366,3.4366553607404047,2.7882662075195332,2.447073459458242,2.3790852357833625,2.39260386470114,2.314308914466063,-0.8876910627166122,5.3422652930968955,5.3075373929151155,4.069187803061528,3.175697759029938,2.5894560464533094,2.145528084706093,1.8284920652286454,1.6459975875760833,1.200756670239058,6.274547189040028,5.792908690634451
0.5800000000000004,0.2920193639059997,1.4263161932397097,6.140731666400781,3.023446260936836,2.659577932042673,2.225950904704347,1.7336879375201677,1.3950292156013742,1.1844472968960242,7.1070123770164875,0.2863975614485266,0.03607840869818625,0.7962120117555079,1.7579214412167425,1.8774743486067575,1.535225198345758,7.452486859397778,0.870561131122634,6.904700183912005,6.80593003215563,0.4230180622957842,0.4710951044503878,1.1964950501684781,1.4837795693592681,1.4864111484541613,1.1769819785415165,7.123956401846444,0.4309193779465873,6.432607773741101,6.508203670955739,0.5768387671711313,7.154053377874591,1.3262039899514126,1.4627565216264635,7.625268896210449,1.0614105338333562,6.973103263675139,-0.1032808618636456,5.876161615726653,5.926004131831706,0.8639037104023349,1.2378557564680026,1.4546822918626992,1.3414240138064226,1.3253537407239093,7.4908267441281815,0.7858846222444302,-0.8119543732311382,4.947697522394243,4.530781657098233,2.5522167263833935,1.804600835393428,1.2214548585369838,1.0780881349919966,1.4268491763809494,1.7485442229903123,2.1811725513698534,3.8938963235668966,-2.2292480165277047,3.9173661984329824,3.26230195664883,8.624190656304512,5.972518656656635,6.630588784156126,1.6856178444670622,2.1239798757666377,2.568339027353242,3.336569217847713,3.6040170393433724,3.841507188932983,4.15855239211836,4.762802154210469,5.276350957161644,5.060019318105104,3.087957024729356,2.72435331329457,2.557731262204609,2.8979944179834085,3.1106226944296607,3.45356482314257,4.529492561693171,4.917666587634628,5.104165076169826,4.468313432607926,3.428296354471423,2.7817478779898512,2.4431405142801,2.378289450134078,2.399699960290789,2.341261703320615,-0.9085479433027769,5.336500539059722,5.315575976756212,4.056829370362087,3.164657607396242,2.581991240027158,2.141910190299384,1.8290942780161552,1.6514007139263067,1.20996760669884,6.275053240894991,5.796605019746585
0.5900000000000004,0.29471322246106757,1.432708216003791,6.1806723214750185,2.9703778353058126,2.640394375920667,2.2177053603050743,1.7314560195564026,1.3975313810767045,1.190650224609946,7.114720784462708,0.2921787705729868,0.04811593119469894,0.7994244631883801,1.7485646831397177,1.8688073708468227,1.5308784454139208,7.453148131424155,0.8759664033001674,6.913391491360281,6.814219545332413,0.42668202873640393,0.4737906975788976,1.1926155318850975,1.4778834924767261,1.481671826806964,1.1758386424625775,7.127503233330243,0.4393512650253209,6.4446600204824165,6.518720966477253,0.5762423234972414,7.15066581654189,1.3222040965227775,1.4593254993972586,7.623671039136304,1.063320881534363,6.979020726055204,-0.09334687510438969,5.890750000313226,5.94234755403321,0.8566961252626515,1.2326112498834516,1.4560688646591342,1.3419071310142299,1.3271231835324506,7.4959791129762285,0.7939442334616065,-0.8060383595523919,4.954297298122162,4.5410840976148785,2.549046048419545,1.8088406298773279,1.2285220587034251,1.0816549375778184,1.430764716990772,1.7569931874583768,2.1983423133125135,3.8726340767544865,-2.237617300868024,3.9164869225041623,3.264107553693901,8.65078736227481,5.9689886835989014,6.632251513303278,1.6873605966633562,2.1265064784116814,2.5716480115536133,3.32712441744994,3.596857624559028,3.8366767868879204,4.148514303308088,4.735636297346445,5.274027536683454,5.06101147016254,3.0790877284728584,2.7197980721154154,2.5550539246043154,2.893414837814908,3.108204593080936,3.4528778518203063,4.519445545841077,4.907016311030915,5.103830409066406,4.464169669083066,3.4199827512621854,2.7754278553511664,2.4394436230670955,2.3777718167439614,2.4071872361353917,2.3692000767721577,-0.9308083889391404,5.330144888058834,5.32386605329926,4.043921504741912,3.153408536706616,2.5746058573935073,2.138455867732552,1.8298390334100185,1.6568935599349088,1.219176007821739,6.2752692725182255,5.800223878525163
0.6000000000000004,0.2974052662697733,1.4391422431124208,6.223262451428068,2.9140646516952207,2.6203005926323226,2.2093464573066646,1.7292741300418897,1.4000391759067377,1.196767325346141,7.122305249769961,0.2980126235497421,0.06085438683346848,0.8035979286494773,1.7388274133412345,1.8600551253662032,1.5265886484114641,7.45381983801368,0.881236421711337,6.921769413821755,6.822214465978085,0.4305332272499051,0.477016861308418,1.1893238272094029,1.4722338610788002,1.4771234365649708,1.1748072832284313,7.131004709095278,0.4474929081903319,6.456041729859176,6.528551561659325,0.5762809339005874,7.147990062767104,1.3187614102446428,1.4562041337518528,7.622276671198975,1.0652852990969033,6.984801113490197,-0.08373190886467863,5.904260557956279,5.9569396912888495,0.8512526004322652,1.2283991089944515,1.4576872400067926,1.3425385085317174,1.3289814742851471,7.500994678640522,0.8016320708184455,-0.7996579817056741,4.960704260379919,4.550699021966679,2.5463779640615725,1.8134161578774617,1.2354727743433283,1.0851517568303204,1.4346353244013703,1.7648835953607194,2.2134944451678216,3.853381398494197,-2.245389520475485,3.9156048113844215,3.266123002851584,8.67694554624697,5.965158428604052,6.633613018176038,1.6891931493390255,2.1289713542132502,2.5745950006633964,3.3183527342536534,3.5900773192065953,3.831924477003777,4.138284522136613,4.708434774537952,5.2712997188573665,5.061570829076942,3.070513560079379,2.715455170729727,2.5525226687769322,2.8891912755319367,3.106133093003557,3.452566856073872,4.5089049494626225,4.895909116937545,5.103211243648013,4.459694173033209,3.411703969322018,2.7692870985559015,2.435967688375346,2.3775335758857588,2.415085356404999,2.398162085857235,-0.954497443259006,5.323199211108447,5.3324306044632515,4.0304910401581635,3.141922952840819,2.5672766668421314,2.1351512065534344,1.8307221725433733,1.6624798688153481,1.2283864012397598,6.2752194944855395,5.803796310075414
0.6100000000000004,0.30010261783997383,1.4455721406889128,6.268481742759751,2.8545718342101347,2.599234322880537,2.2008370764121676,1.7271260586801114,1.4025466493972756,1.202801693742644,7.129782525380835,0.303936620278944,0.07435842222310823,0.8087801291877014,1.7285854867045123,1.8511509016990995,1.5223242576435352,7.454487488788388,0.8863651913243974,6.929843082487263,6.829944611393881,0.43459048799883965,0.48081894794999386,1.1866318481242388,1.4667976576536788,1.4727342721254006,1.1738660844966733,7.134447657794216,0.45534221737344927,6.466792305928062,6.5377778357702185,0.5768975038310945,7.146018068088257,1.31586567299586,1.453381595872157,7.6210663440107345,1.067284708937988,6.990434958631077,-0.07443150790156094,5.916803793080868,5.970065781872569,0.8473027211141981,1.2251356714221984,1.4595356947086124,1.3433141672802333,1.3309079773869343,7.505856156497052,0.8089587344981771,-0.79287243403536,4.966941609499439,4.559687357648805,2.544197388631637,1.818290777472932,1.2423072464581637,1.0885798709301082,1.4384335824019778,1.772215898387655,2.226802769902208,3.835968517634273,-2.2525710866248527,3.9147442647032027,3.26831878495178,8.702547097837465,5.961074358185575,6.634704568781702,1.6910679265712438,2.1313336709231985,2.5771796722949443,3.3102343114078496,3.5836934263004516,3.8272771701444226,4.127902368391211,4.681347426702619,5.268185326540461,5.061687879682278,3.062229147128188,2.7112988374124383,2.550119079745727,2.885324265901895,3.10442722129547,3.452658622506708,4.497881775876463,4.884384382180274,5.102316024867432,4.4548871535531935,3.4034487715163566,2.7633063861815508,2.4326983760701717,2.3775756537243122,2.4234114712729906,2.4281684318431593,-0.9796211809987259,5.315668800409746,5.341278405883387,4.016586136782849,3.13017636130159,2.5599799921297923,2.131982061543684,1.8317396489487967,1.6681633896251216,1.2376012163711554,6.274933334164009,5.807352661885248
0.6200000000000004,0.3028072875173643,1.451954797950193,6.316173527807363,2.7921084639629368,2.577156682531238,2.1921414118976412,1.7249949019819197,1.4050479717708912,1.2087574412165065,7.1371695831134,0.3099863448540194,0.08867084597744836,0.8150011006151624,1.7177234224316098,1.8420285115645778,1.5180522738232392,7.455135762975997,0.8913479841228187,6.937624583727713,6.837440103556222,0.4388707723070455,0.4852351679973185,1.1845455610929012,1.461539534373311,1.4684711185271524,1.1729923515601557,7.137819451828615,0.46290067115417943,6.476954532842262,6.546475983608379,0.5780402297742777,7.1447367123230725,1.3135020401750959,1.4508443476305402,7.620020070594689,1.0693009773455722,6.9959146818378235,-0.06543792909561846,5.9284834614814415,5.981965094442976,0.8446184825627104,1.222740162451945,1.4616076865491558,1.34422823633312,1.3328837283828014,7.5105503785585155,0.8159363204252434,-0.7857385137571623,4.9730304560324265,4.568106232051993,2.5424889540663553,1.8234233780816997,1.2490230694704874,1.0919395283163922,1.4421369258408079,1.7789999250362023,2.238443809153312,3.820224480875282,-2.25917635785254,3.9139263119912995,3.2706632693717776,8.72747080534197,5.956779867616176,6.635554170789794,1.6929442289224026,2.133561894031,2.579411791568478,3.302742714708797,3.577718013119493,3.8227614686584586,4.117410329146473,4.654522395807924,5.264702963498466,5.061354932376699,3.0542269394084136,2.707305433303604,2.547828459370616,2.8818124488734043,3.1031042412687793,3.4531787545661006,4.4863927348954755,4.8724848636028675,5.101152276759214,4.449753542016134,3.395205822409696,2.7574665997544394,2.4296221350477483,2.377898373271076,2.4321788664704274,2.4592174656112538,-1.0061620631110826,5.307563933062429,5.350398838192765,4.002280386900754,3.118149544312691,2.5526922287026834,2.1289341205415186,1.8328874182929291,1.6739475072680345,1.2468201413769477,6.274445771565934,5.810920690968468
0.6300000000000004,0.30551524501312843,1.4582508623728359,6.366011596089066,2.7270612311318,2.5540625270410486,2.1832269835391873,1.7228634359009678,1.4075375349138655,1.2146395251286766,7.144483139591476,0.3161940810312178,0.10380352197344854,0.8222640028326955,1.706144491796201,1.8326252551223416,1.5137389570735171,7.455748834469058,0.8961813724675276,6.9451283141710904,6.8447307643799045,0.4433893730004784,0.4902942578365763,1.1830642505082891,1.456422922302422,1.4642996639587913,1.1721627614586603,7.141108145657774,0.4701726784260433,6.486572633679686,6.554715450504987,0.5796633471646082,7.144129218768234,1.3116519020362152,1.448576383519665,7.61911740525968,1.071316978211752,7.0012343884860195,-0.05674111630855855,5.939395120425988,5.9928373542433135,0.843009063737619,1.221136115839225,1.4638925747960092,1.3452730685411125,1.3348913897001784,7.515067824878757,0.8225777856023666,-0.7783094919214958,4.978989402145817,4.576008576497711,2.5412358961605093,1.8287701997922237,1.2556158726327937,1.0952301099676918,1.4457272647819055,1.7852527594929766,2.2485904434287236,3.805983108734233,-2.265225734870538,3.9131683959938997,3.273123086807991,8.751597658129237,5.952314802817258,6.636187007973932,1.694787902586835,2.1356328883896833,2.581308569317544,3.295847196790792,3.5721584488327607,3.8184030810855645,4.106853063462,4.62810171788713,5.260871805250371,5.060566623973691,3.046497592017002,2.703453587662402,2.5456393918992792,2.8786528084844982,3.1021791320113974,3.4541501602327203,4.474460838616524,4.860256033619459,5.0997258204617095,4.444304053075061,3.3869644047298104,2.7517490327046303,2.426726178424523,2.3785011407611534,2.4413954713631787,2.491279957628444,-1.0340741610239155,5.298900407650963,5.35975695314984,3.987675580755883,3.105831190173102,2.545390572680353,2.125993019823448,1.8341613229083635,1.6798348183686387,1.2560395002179172,6.273797452407674,5.814523230944752
0.6400000000000005,0.30821596316258704,1.4644258642341825,6.417478093612697,2.660016541330423,2.5299910999524227,2.17406716954586,1.7207146066800572,1.4100100251791805,1.220453507520514,7.1517390975688775,0.3225869684570124,0.11972813874917283,0.8305352866995056,1.693783039755023,1.8228859716793067,1.5093508436067438,7.4563107024510975,0.9008631697029104,6.952370343172464,6.851845593825905,0.4481596126214666,0.4960123680876603,1.1821794615643788,1.4514117736804781,1.4601852430283726,1.1713536627283971,7.144302539173273,0.47716493472821325,6.495690794542787,6.56255889195486,0.5817271532443726,7.144175862360733,1.310293508402497,1.446559608643892,7.618337573094927,1.0733165998985554,7.006389634960477,-0.048329503857055846,5.9496255224372705,6.002848850969836,0.8423156176456007,1.2202521136070925,1.4663763771898144,1.346439421477312,1.3369151604655167,7.519402103953256,0.8288964727545697,-0.7706344180758864,4.984834429811465,4.583443015313082,2.540419222685839,1.834286476830945,1.2620800545326998,1.0984503059465192,1.4491905397295035,1.790996809368316,2.257407451168707,3.7930870756087463,-2.2707439186895413,3.912484382884795,3.2756637347717197,8.774815990146989,5.947715022446003,6.636625785567781,1.6965709078699984,2.137530885528398,2.582892339165252,3.2895146214787596,3.5670180072915594,3.814226258470433,4.096276299910134,4.602217089511564,5.256711328754297,5.0593203901957455,3.0390303833091954,2.6997242362092777,2.5435432565824048,2.875840895106865,3.101664045868333,3.4555913440329764,4.462115982064652,4.847745333215152,5.098039989696704,4.438556051717133,3.378715280336055,2.7461357351080253,2.423998438164593,2.3793821027828757,2.4510622769125074,2.524294033166548,-1.0632786498993636,5.289700014566883,5.369289882980283,3.972901855676164,3.093220782052952,2.538053976885058,2.123144516074747,1.835556968146278,1.685826662222035,1.2652517076827459,6.273034464603241,5.818175569649764
0.6500000000000005,0.3108927620305255,1.4704514287345258,6.469862932684372,2.5917604914125563,2.505034993040797,2.164644103838945,1.7185321461605567,1.412460476462994,1.2262052572766797,7.158951909141389,0.32918482642728686,0.13636860483797636,0.8397358766798021,1.680617431054304,1.812767997795326,1.504856103868121,7.4568055534154505,0.9053923147419383,6.9593678121709255,6.858812286539673,0.45319207279100987,0.5023894144369866,1.1818737098147978,1.4464728759183476,1.456093953683643,1.1705414596950148,7.1473922009596125,0.483885819877149,6.50435209192544,6.570062434923766,0.584197518210111,7.144854023272439,1.3094024023052402,1.4447743523135732,7.617659669607541,1.0752847242755708,7.011377190240548,-0.040190657788018384,5.959252587333367,6.012137935253913,0.842406397113149,1.2200220172293093,1.4690425204513322,1.3477166908786875,1.3389406616417263,7.523549426267473,0.8349057678749138,-0.7627577751171247,4.990578997553657,4.590453957976268,2.540017194391506,1.8399278787915336,1.2684094997758741,1.10159829763021,1.4525162436462424,1.7962581208086301,2.26504863727157,3.781390436434581,-2.275758398125063,3.9118847413391897,3.2782503795651743,8.797026077833701,5.943012042015762,6.636890990761872,1.698270810654265,2.1392464032566614,2.584188611500383,3.2837110015221525,3.5622964579125447,3.810253241669057,4.085725710435724,4.5769861569321,5.252241006487378,5.057616876734102,3.031813661052871,2.696100591072196,2.5415337292897915,2.8733709967704164,3.10156772936252,3.457514563729697,4.449395472814672,4.835001402303648,5.096095004777712,4.432534001977478,3.3704516491565717,2.7406099021767014,2.421427506701407,2.380537775588419,2.4611717480554747,2.5581608178303066,-1.093660107843002,5.2799909039686,5.378905905436677,3.958113957190798,3.0803313811228996,2.5306643144554566,2.120374722933408,1.837069591196432,1.6919226252575854,1.2744448742383516,6.272207676730637,5.821882852321225
0.6600000000000005,0.3135241716771627,1.4763061870409666,6.5222936180327755,2.5232477368313813,2.4793448914134104,2.1549516128096378,1.7163012990644808,1.4148843132890683,1.2319006107153898,7.1661338849096285,0.3359979191345602,0.15359729278165685,0.8497357580681334,1.6666809432449716,1.8022465242861334,1.5002262215119553,7.457218178642998,0.9097687328350116,6.966138384382769,6.865656750486686,0.45849344449387586,0.50940542955783,1.1821191963562487,1.4415785185568961,1.4519941383945238,1.1697031123184272,7.150367484804383,0.4903448652751655,6.512597749613604,6.577276080165677,0.5870450392181855,7.14613769971937,1.308951691265081,1.4432000065050905,7.617062949530822,1.077207207075738,7.016194813053153,-0.03231177271467578,5.9683457473480175,6.020819792949415,0.8431723552775081,1.2203848224991949,1.4718725495628004,1.3490931856812318,1.3409548172286465,7.527508103947287,0.8406188618884863,-0.7547194013271591,4.996234265699717,4.597081828983633,2.5400051136838515,1.8456517227715652,1.2745982186309173,1.1046719369047093,1.4556969398316908,1.8010649629661037,2.271655228116614,3.7707599393006617,-2.2802981948064396,3.9113768367110042,3.280848785979943,8.818143872928479,5.9382327956356935,6.637001087780492,1.6998702242478776,2.1407751847206193,2.5852245104533003,3.2784026507132036,3.557990587576611,3.8065037159113,4.075245844881584,4.552509620153286,5.247480004151092,5.055460244825155,3.0248353095708613,2.6925680706480652,2.539606303584387,2.871236238071089,3.1018949050721565,3.45992395314215,4.43634444986199,4.822073349831127,5.093887706764047,4.426269262643019,3.3621701197934173,2.73515630642256,2.419002579006627,2.3819626566752135,2.4717063515540842,2.5927414627159657,-1.1250642630832957,5.269807823982534,5.388487324124504,3.9434828563880853,3.067191778322007,2.5232076793356804,2.1176704148920416,1.8386939268847786,1.6981200474229192,1.2836026410701318,6.271371576435297,5.825637988725593
0.6700000000000005,0.3160862693039835,1.481976029759606,6.573798206027107,2.455536605064681,2.453127696767283,2.1449977096915323,1.7140096211047606,1.4172773924598892,1.2375450080853554,7.173294498232164,0.34302506794139465,0.17123721951171403,0.8603545204932199,1.6520673503447956,1.7913194944525173,1.4954378894315465,7.45753446097714,0.9139931985853896,6.972699748263785,6.872402608090408,0.464065162312288,0.5170177207435611,1.1828769069961989,1.4367091151919174,1.4478581374673334,1.1688167672355905,7.153219568445185,0.49655230574639664,6.520466651914092,6.58424413661208,0.5902439568153224,7.1479966658428085,1.3089122097067678,1.441815757480395,7.616527214759025,1.0790708858470592,7.020841059248562,-0.024680045018254694,5.976966513016683,6.028990490877537,0.8445232542807062,1.2212842429767983,1.4748467701309702,1.3505564341756917,1.3429457499447153,7.531278099734702,0.8460485905340905,-0.7465546046657785,5.001809389081536,4.603363382849955,2.5403553899915323,1.8514179344056498,1.2806408671492715,1.1076689143985703,1.4587277980025686,1.8054466786332315,2.2773552236996792,3.761075437318531,-2.2843928667916105,3.9109652926680925,3.2834262879935467,8.838103653038845,5.933399540165518,6.636972664926336,1.701356229144407,2.142117204716834,2.586027566697955,3.2735569817788512,3.5540946179526287,3.8029942795349494,4.064879199348313,4.528869349295346,5.242446929913353,5.052858321623711,3.018083226972414,2.6891142136668953,2.5377578513083123,2.8694285982945633,3.1026456301638214,3.4628137591222146,4.423016105225804,4.809010118574189,5.091411841164068,4.419799059448961,3.3538715671193042,2.7297617593434014,2.416713406639903,2.383648838942261,2.482637353517287,2.6278562730762087,-1.157297862417833,5.259192211703545,5.397897634803752,3.929183062966051,3.0538474186052307,2.515675691634932,2.1150193910195028,1.8404240785039718,1.7044135685749855,1.2927043238237814,6.270582613668462,5.8294206261482975
0.6800000000000005,0.3185556055545387,1.487453528259235,6.623394161430891,2.3896979073626436,2.4266367220301097,2.1348060937522475,1.7116477739068552,1.4196360481625119,1.2431431273136277,7.180439759418479,0.35025256858573517,0.18907124912801743,0.8713695779000467,1.6369284396677686,1.780010967218847,1.4904749228149512,7.457741925869438,0.9180672200145877,6.979069173689452,6.8790706841808404,0.4699020590839996,0.5251597429053495,1.1840965348644414,1.4318552535883349,1.4436641233660632,1.1678625080064888,7.155940535922058,0.5025187212032775,6.527995047489676,6.591005620834345,0.5937709408647567,7.150395531037337,1.3092526482623528,1.4406013513618514,7.616033293831592,1.0808636354084658,7.02531512988161,-0.01728294298982951,5.985169150788184,6.036730342446284,0.8463842602761001,1.2226681133885127,1.4779448084051423,1.3520935094437798,1.3449027055917675,7.5348606404476,0.8512073319390914,-0.7382944061110414,5.00731183322173,4.609332062148289,2.541037834298635,1.8571897464250815,1.286533124388149,1.110586910378214,1.4616061646986753,1.809432782222642,2.28226343620494,3.752229666038442,-2.2880717545432225,3.91065238001008,3.285952711030309,8.856859493393168,5.928529913300949,6.636820549825524,1.70271979566554,2.1432757737416037,2.5866248209476415,3.269142997952627,3.5506005034154167,3.7997379461066996,4.054665469955641,4.506127595125237,5.23715968191283,5.049822550990345,3.011545795175484,2.6857285946812417,2.5359862341846036,2.8679388529747305,3.1038146690237567,3.4661668826959735,4.409471599291677,4.7958599828088335,5.088658992549981,4.413164614033867,3.345561730854704,2.7244155704875097,2.4145502715430336,2.38558565787992,2.4939240610895217,2.6632866018588213,-1.1901312490943698,5.248192122912527,5.406992308263398,3.9153773893221406,3.04035960196459,2.5080666222698844,2.112410876186107,1.8422534043269854,1.7107947606052694,1.3017254263734122,6.269897137546478,5.8331976715638225
0.6900000000000005,0.32091207800228094,1.4927366276888352,6.6701860597982385,2.3267147985180685,2.4001545922712793,2.124416186266767,1.7092102165463656,1.4219571400890607,1.2486985406896578,7.187571751086453,0.3576542888498587,0.20685767545029282,0.8825319307426371,1.6214624979397547,1.7683719422316002,1.4853299115718914,7.457830326935656,0.9219929544106716,6.985263119799969,6.885678511146837,0.4759913215941808,0.5337424219060515,1.185717584360235,1.4270186554102502,1.4393977414732573,1.1668231763389296,7.158523513914259,0.508254766793061,6.535216389036267,6.5975945887212015,0.5976038559195346,7.1532929993203345,1.309939736950203,1.4395378103785308,7.61556358165501,1.0825744806175386,7.029616766724435,-0.010108392577303213,5.993001397166213,6.04410666648034,0.8486929809550455,1.2244877014674154,1.4811460843432414,1.3536913595120983,1.3468160142350087,7.538257903353853,0.8561069472605629,-0.7299658614770501,5.012747684109722,4.61501836566227,2.5420201265504607,1.8629341383270503,1.292271922107209,1.1134237238783378,1.4643311786345936,1.8130522778937561,2.2864819927908338,3.744127599597568,-2.2913634431136596,3.91043840074434,3.288401166904822,8.874385582616599,5.923637143351276,6.6365579071217455,1.703955230127079,2.1442567558234416,2.5870421862509794,3.2651315328847335,3.547498113388285,3.7967437106839754,4.044641015440687,4.484327259366275,5.231635426401914,5.046367720285088,3.0052123181635118,2.6824027492172604,2.5342899713621807,2.8667564544701234,3.1053909387626737,3.4699539379016127,4.395779552666051,4.782670192925636,5.0856201160001815,4.406408617440083,3.337251421103723,2.7191099546866195,2.4125039820354224,2.38775941021004,2.505513679624095,2.69877995447317,-1.2233040086992193,5.236861976412304,5.4156313392340305,3.90220206355139,3.0268027663451655,2.5003861298281773,2.109835921298447,1.8441744315429447,1.7172518942811807,1.3106385503060456,6.269369095395551,5.836925570311642
0.7000000000000005,0.3231410924669703,1.4978269615764552,6.7134505749324624,2.26739552231623,2.373971578210977,2.113881491439055,1.7066956865986884,1.4242380986808396,1.254213423245899,7.194688412860882,0.36519309853213494,0.2243497078774258,0.8935870611999831,1.6058953807143719,1.7564780808936364,1.4800053134380118,7.457792211851605,0.925773158301946,6.991296896382658,6.8922399033563995,0.48231201229914067,0.5426581889521207,1.1876717743164782,1.422211719405578,1.43505325482006,1.1656851803594286,7.160962858823354,0.5137709853700662,6.542161266275263,6.604040394229417,0.601720622495226,7.156641611250382,1.3109385603620756,1.438608008524338,7.615102584303768,1.08419376316375,7.033746197908814,-0.003144894885951161,6.0005051598515,6.051176020850876,0.8513969008113565,1.2266970174933804,1.4844302028505534,1.3553371248508639,1.3486770888734154,7.541472777982787,0.8607587549298938,-0.7215924230503575,5.018121932607458,4.62045020200537,2.54326839734152,1.868622037288984,1.2978555382902395,1.1161773776496138,1.4669034368126677,1.816333167278489,2.2901011290377493,3.736685548353698,-2.294295409623969,3.910322044497346,3.2907486624900395,8.890675506509501,5.918730395822169,6.636196330345666,1.7050596598704084,2.1450679048249364,2.5873040177831386,3.2614952941776156,3.5447753185613426,3.794016219161472,4.034838522835834,4.463493090827103,5.225890712496126,5.042511471623223,2.9990733987628997,2.6791301074772242,2.5326679630185325,2.8658693765767262,3.107357102292105,3.4741330323781217,4.3820150133195614,4.769486753132383,5.082287438007534,4.399572427637574,3.3289562495781997,2.7138403286593684,2.4105658875116647,2.390153185812431,2.5173419215313677,2.734058380107968,-1.2565336718501678,5.225262066779056,5.423691059373307,3.88975532164935,3.013260091543687,2.492647433354305,2.107287751656495,1.8461788086466264,1.7237698862208426,1.3194146728694989,6.269047714213054,5.840554134403163
0.7100000000000005,0.3252346004155219,1.5027282277073166,6.75269088506385,2.212317085132532,2.34836339851107,2.1032664302490574,1.7041073837845169,1.4264769578999676,1.2596883413864504,7.201783636277688,0.3728234825138582,0.24131526152941896,0.9042968779108055,1.5904580259781678,1.744424456526011,1.4745137492405986,7.45762339853453,0.9294111660915755,6.997184384567028,6.8987646629153385,0.4888353337321439,0.5517873442753569,1.18988652519291,1.4174556578852573,1.4306339455489556,1.164439183245313,7.163254377157367,0.5190776924423312,6.548857401816292,6.6103678913489485,0.6060982877982448,7.160388161832718,1.3122130506925567,1.4377970322168419,7.61463739828303,1.0857133451350065,7.037704131754489,0.0036184108712574237,6.007717175425376,6.057985992265417,0.8544511793444476,1.2292522067568865,1.4877772749805713,1.3570184246874337,1.3504784545335018,7.544508700434547,0.8651735327820536,-0.7131943127357439,5.023438722688244,4.625653211591756,2.5447478682104587,1.8742283154515347,1.3032835774076756,1.1188461983074298,1.469324713030658,1.8193021160731264,2.2932001432619216,3.7298301173588113,-2.2968938235908074,3.9103007034527884,3.292976487760447,8.905740695223267,5.91381523146341,6.63574593685624,1.706032566946083,2.1457183154235606,2.58743284366506,3.2582087630573224,3.542418012198804,3.7915555820166786,4.025286845958971,4.443633602444857,5.2199416977954485,5.038273643533843,2.993121224106304,2.6759059276539774,2.5311192668091627,2.865263954841878,3.1096893890183868,3.478650421175957,4.368257844110386,4.756354291754218,5.078656380140429,4.392693463415085,3.3206958894940377,2.708605441737207,2.408727903151397,2.3927468516748607,2.529334433522894,2.7688297424354196,-1.2895270016170108,5.213457778451917,5.431072954373148,3.878091699506404,2.9998180761127626,2.4848708302518023,2.104762009507866,1.8482573049083473,1.7303304593639977,1.3280247032121062,6.268975393076403,5.844031309172287
0.7200000000000005,0.3271909796276455,1.5074449686837532,6.787652768083283,2.161807646792681,2.3235724664870876,2.092642129852165,1.7014528141976806,1.42867236543228,1.265122145391084,7.208847683540494,0.3804949199173662,0.2575535419444446,0.9144583692979262,1.5753651317450816,1.7323181750167513,1.4688773965756465,7.457323291131638,0.9329108858944262,7.002937825472219,6.905258472455099,0.4955256684279203,0.5610057960595967,1.192289016894153,1.4127775910001603,1.4261516594841237,1.1630805663469814,7.16539555005204,0.524184920840079,6.555329690316167,6.616597609174252,0.6107123980606837,7.164474840986348,1.3137266555564124,1.4370922915534114,7.6141580538769285,1.087126820493543,7.041491791780678,0.010191727309530734,6.014669607082564,6.064576619453855,0.8578167902030904,1.2321110949437386,1.491168183158792,1.358723595516964,1.352213794295507,7.547369552208814,0.869361544432975,-0.7047888869049405,5.0287015586446335,4.630651046582097,2.5464235016078436,1.8797316292793245,1.3085568667484107,1.1214288725437265,1.471597726842499,1.8219842503400447,2.29584841857019,3.723497110135199,-2.2991834680057632,3.910370740483821,3.295070373737369,8.91960826653242,5.908894142958767,6.635215471778848,1.7068753750185015,2.1462179790893305,2.587449217187891,3.255247998220972,3.5404101048412326,3.789357368505134,4.016010971199318,4.424743467114011,5.2138044324555715,5.033675519107347,2.9873497363334693,2.672727215356182,2.529642921916793,2.8649247571672434,3.1123577140403973,3.483442089477447,4.3545905505176234,4.743315964622329,5.074727146285757,4.385803216768159,3.3124929577620827,2.7034073038477535,2.4069825330409156,2.3955172160776224,2.541409012068477,2.8028009626521286,-1.3219929336576377,5.201518434910844,5.437708241308168,3.8672225851859703,2.98656096716381,2.47708258742158,2.1022568464664686,1.8503998619007092,1.7369125298226142,1.3364411673314167,6.269186001239572,5.8473080359647644
0.7300000000000005,0.329014042956591,1.5119818957551703,6.818306031534064,2.1159639673049098,2.2997952549352156,2.0820818391831266,1.6987433099553533,1.4308235632498338,1.2705119797004858,7.215867889474664,0.38815547554509755,0.2729060847359362,0.9239158487624726,1.5607988872365712,1.7202701521863826,1.4631265477475282,7.456894982513377,0.9362767980787521,7.008567685723045,6.911723008378394,0.5023422713573114,0.5701929365356014,1.194810162191645,1.4082071940109668,1.4216255517402714,1.1616095884581232,7.167385726656246,0.5291024103396448,6.561600270181333,6.622745935061232,0.6155367239037751,7.168840981510388,1.315443127671411,1.4364833980642195,7.613657670312319,1.0884296996001017,7.04511098114368,0.016584611541361306,6.021390575994788,6.070981521123293,0.8614589887235756,1.2352329289053776,1.4945848024759958,1.3604418704438508,1.353877995238752,7.5500596113282565,0.8733325868041809,-0.6963909798462261,5.033913470632701,4.635465604257927,2.5482606207208196,1.885114151082677,1.313677299582664,1.1239244814186533,1.4737259581575286,1.8244030557699416,2.2981064487325136,3.717630435609321,-2.3011877505173777,3.9105277121591326,3.2970204326234676,8.932318503167805,5.903967133513487,6.634612423895933,1.7075910896444486,2.146577431769734,2.587371658198541,3.2525903865955477,3.5387335324481626,3.787412803992527,4.0070320613292765,4.406806145604049,5.207495136624535,5.028739069541309,2.9817546770880257,2.6695926153590785,2.528237814583856,2.8648345177420595,3.1153261419311926,3.4884361942983784,4.341095659682038,4.730413326483994,5.070505710409667,4.378926135453267,3.3043716803116783,2.698250903280099,2.405322880429801,2.398438384004817,2.553478469186663,2.8356919334802946,-1.3536558919747346,5.18951575394187,5.443558230960813,3.857121951517758,2.973565886176645,2.4693133487769803,2.0997728425965336,1.8525956977728517,1.7434928065363915,1.3446398327405376,6.269703716186103,5.850342396149456
0.7400000000000005,0.33071159815466755,1.5163436975847566,6.844802587367585,2.074692563833353,2.277176609409051,2.0716566332293818,1.6959932906495452,1.4329303369729316,1.2758534118570872,7.222829560393263,0.3957550772159512,0.2872615410658598,0.9325656984011752,1.5468997129387212,1.7083873757599586,1.4572975475131726,7.456345120624955,0.9395139424668665,7.0140826058453145,6.918156275919434,0.5092413730923462,0.5792385001837573,1.1973879016525852,1.4037735215721845,1.4170802433598495,1.1600312104384634,7.169226252463311,0.5338396266605414,6.567688623255794,6.628825337311706,0.6205433382025431,7.173425174117135,1.3173273495681532,1.4359618677751254,7.613132401803191,1.0896195334492624,7.048564161286098,0.022806011508395285,6.0279046269461505,6.077228793154504,0.8653460979525938,1.2385783203277227,1.4980101853815584,1.3621634954339328,1.3554671775586142,7.552583540665677,0.877096055075647,-0.688013217837198,5.0390771408821236,4.64011721406864,2.550225469454571,1.890361240616147,1.3186476532825147,1.1263325156165034,1.4757135006560669,1.8265803558736982,2.300026826270414,3.7121810566362656,-2.3029287762748822,3.910766553164307,3.2988209090273797,8.943922182007633,5.899032300552028,6.633943153657331,1.7081839887598966,2.146807478375326,2.5872166584393863,3.2502143778708534,3.5373683141467755,3.785709173077312,3.99836753516449,4.389796522472322,5.201030410837564,5.023486274325204,2.976333509035742,2.666502265718201,2.5269025791626385,2.8649741611154407,3.118553703467856,3.4935561653105,4.327852849416254,4.7176861161911665,5.066004099062442,4.372079410763423,3.296356525382934,2.6931437390671586,2.4037426372882362,2.40148229338739,2.5654539150850764,2.8672486262714787,-1.3842680723752647,5.17752195068849,5.448611464038014,3.847735212254004,2.9608992362824202,2.461596277914216,2.0973127562211737,1.8548334605911019,1.7500465624006207,1.3526010782000828,6.270542467849563,5.853102471927805
0.7500000000000006,0.3322939454442118,1.5205351632713446,6.867424544854808,2.0377611799153486,2.255810232684865,2.061431901100743,1.6932193654852468,1.4349929385511044,1.2811406672215464,7.229716958458751,0.4032481057452262,0.30055491445880633,0.9403544190248719,1.5337639072386544,1.696766667732974,1.4514304126097337,7.455683551488946,0.9426278837088806,7.019489431990738,6.924553134673505,0.5161784017230846,0.5880476150031061,1.1999694417339808,1.399502481950804,1.4125436855894369,1.1583546081363993,7.1709205072013456,0.5384057949013844,6.573611701314587,6.634844648472031,0.6257029958808134,7.178167454480551,1.3193460983145278,1.4355207306579874,7.612581188639066,1.0906959529689262,7.051854528281217,0.028864317766942503,6.0342331335273265,6.083341731642659,0.8694485986853988,1.2421093659396338,1.5014287119909033,1.363879786169053,1.3569786939254576,7.554946397402819,0.8806610201407428,-0.6796662996862753,5.044194994902799,4.644624782243516,2.552285692825034,1.8954610971195691,1.3234714051851504,1.1286528751379203,1.4775649461890812,1.8285363478885317,2.3016551676222567,3.7071060048621782,-2.3044274569070105,3.911081731050192,3.3004697819001496,8.954477936066976,5.8940863914107675,6.633213031088938,1.70865935809493,2.1469189792044934,2.586998731864799,3.2480992332075966,3.5362926867210747,3.78423040782045,3.9900311555694077,4.3736833677380975,5.194427337611508,5.017938575632262,2.971085231239585,2.6634576108885697,2.5256355296186355,2.8653229328887497,3.1219955295853397,3.4987241614869524,4.314936086829226,4.705171926716898,5.061240017359475,4.365273522861208,3.288470968914981,2.688095219187325,2.4022360506961165,2.4046194000839067,2.577248162983602,2.897254013310491,-1.413619416209604,5.165607612504919,5.452878999286116,3.838989017747926,2.9486146243098523,2.4539651734610524,2.09488113441878,1.8571014229993714,1.7565485122761202,1.3603108469939924,6.271705992594858,5.855567710749835
0.7600000000000006,0.3337725694805773,1.5245614314788825,6.886533358145959,2.00484951646284,2.235743636594833,2.051464873814323,1.6904393833667883,1.4370119915045076,1.2863669448974147,7.236514259314386,0.41059512694383205,0.3127627712453801,0.9472719531353204,1.521446671899002,1.6854904735852811,1.4455664436267712,7.454922782388319,0.9456246498176957,7.024793324602814,6.930905958416795,0.5231100526509801,0.5965437329730607,1.2025123271926978,1.3954151941921706,1.4080450343216395,1.1565924416926887,7.172473840251521,0.5428099345974114,6.57938407901924,6.640809416407095,0.6309857290359323,7.183011288071717,1.3214686716834951,1.435154126006802,7.612005356385226,1.091660612098183,7.054986071572946,0.03476742338791183,6.0403946508362525,6.089339429564156,0.8737384995093352,1.245789893195484,1.5048262046597627,1.365583135030998,1.3584110922594423,7.557153648609427,0.8840363124401016,-0.671359242383286,5.049269263258999,4.64900590032658,2.554410726974986,1.9004044214194682,1.328152562411403,1.1308858571749583,1.4792852923203348,1.8302896780548308,2.303030961988061,3.7023674772459207,-2.305703633757774,3.91146738022083,3.3019682618511745,8.96404978545413,5.889125304544289,6.632426579603998,1.709023265252693,2.1469226847565808,2.5867304961658233,3.2462248114292938,3.5354833301547712,3.782957818379298,3.982033115744304,4.358431494534322,5.187703457650242,5.0121164938136165,2.966010114820633,2.660461177908942,2.524434617667388,2.865858640538494,3.1256042252181224,3.5038645291890838,4.30241105293205,4.692905764132526,5.056235972871036,4.358513294276154,3.2807365050393824,2.6831159901478934,2.4007978691245797,2.4078194616970383,2.588778948981171,2.925535783286109,-1.44154436230512,5.153839533818257,5.456389112509091,3.830800297206223,2.9367522143162765,2.4464527614553817,2.0924838322928654,1.8593877069852778,1.762973719692252,1.3677610875634338,6.27318844798518,5.857728901815027
0.7700000000000006,0.3351591418837972,1.528428221917224,6.902526823822196,1.9755924102418785,2.2169856413106004,2.041803222328601,1.6876715258467505,1.4389883901515381,1.291524782797405,7.243206390342672,0.4177637768069324,0.32389614323145594,0.9533425433622803,1.5099684360148236,1.6746247286399416,1.4397460844838763,7.454077328120907,0.9485106446851311,7.029997931180161,6.937205360943059,0.52999600688429,0.6046695467849478,1.2049844673853314,1.3915272317716831,1.4036127778554202,1.1547599758345188,7.173893406276764,0.5470608868382525,6.585018131963625,6.646722316478334,0.6363615552033925,7.187905153709623,1.3236673287318599,1.434856944087214,7.611408122518966,1.0925170378001767,7.057963603270355,0.04052278567843266,6.046405224667791,6.095237285356312,0.8781889518672696,1.2495857692455534,1.5081900043618004,1.3672669807398106,1.3597640417276893,7.559211180733874,0.8872306053560942,-0.6630995924987371,5.054302020086587,4.653276925314505,2.5565720955023,1.9051841062333337,1.3326955153325453,1.1330321358455566,1.4808798659995022,1.8318575408591655,2.304188338552269,3.6979320230759285,-2.3067761978417147,3.9119174222659088,3.303320228686666,8.972704928113085,5.884144518146423,6.631587620702483,1.7092823661288254,2.146829107505198,2.586422775853733,3.2445714084118955,3.5349156840560507,3.7818709072464727,3.9743801290391088,4.344003537820288,5.180876628108058,5.006039402228361,2.9611093896064347,2.6575163260341963,2.5232974148612297,2.866557994347764,3.129331375218091,3.5089069203297787,4.290333096183791,4.680919531420801,5.051018094864381,4.351799185403354,3.2731719536793022,2.678217264357906,2.399423275777445,2.4110523597826417,2.599971697514274,2.951970346269178,-1.4679249726459618,5.142278722714991,5.459182280858215,3.8230835796588214,2.925339225064849,2.439089304235739,2.090127496254773,1.8616805249669002,1.769298452956113,1.374949666593917,6.274975497107401,5.859587083642839
0.7800000000000006,0.3364648463112987,1.5321419704314685,6.915806667500587,1.9496126841982073,2.1995147713903274,2.032484596147962,1.6849335129675813,1.4409232037379955,1.2966064374260808,7.249779688454401,0.42472893287766517,0.3339926119202513,0.9586150594619337,1.4993225423560996,1.6642185111568628,1.4340071951539473,7.453163009021635,0.9512925402086855,7.035105605600662,6.943440920689176,0.5368001900997756,0.6123862751287719,1.2073633726438715,1.3878485994398424,1.3992732683226006,1.152874151058558,7.175187916494972,0.5511673276997088,6.590524236433959,6.652583607382771,0.6418012009533768,7.192803624043377,1.3259175323939307,1.434624547886404,7.610794072101557,1.093270402350369,7.060792751053875,0.04613748471245302,6.052278665946291,6.101047452091666,0.8827740661597305,1.2534652132655804,1.5115090074958701,1.3689257533616048,1.3610382273476687,7.5611252946822045,0.8902524914378284,-0.6548936053579183,5.059295204588342,4.6574530393836335,2.5587436146079225,1.9097949626730146,1.3371049188072237,1.1350927370663333,1.4823542577359636,1.8332557898259996,2.30515675215828,3.6937698257142504,-2.307663193815624,3.912425676965652,3.304531650392155,8.980511840435938,5.87913943685482,6.630699414303577,1.7094437379389147,2.1466484216791737,2.5860847203044446,3.2431196576545918,3.534564341111663,3.780948201329469,3.967075537158458,4.330361329711272,5.173964788116116,4.99972543886466,2.9563849117707126,2.6546269841562133,2.5222211166155426,2.8673970265704427,3.133129061111997,3.5137888002234074,4.278745882539751,4.669241495169714,5.045614838029851,4.3451286090479995,3.265793063649629,2.6734102015472407,2.3981078179784667,2.4142888983665634,2.6107616394656956,2.9764831744217393,-1.4926905522583336,5.130978767908029,5.461306908811117,3.815756280040805,2.9143912045085485,2.4319015923828964,2.0878190631913425,1.8639684220691835,1.775500922454716,1.3818798169142126,6.277045740007294,5.861151783126854
0.7900000000000006,0.33769998023763553,1.5357098460520575,6.9267566069828685,1.926543726352146,2.183287376940551,2.023536890281438,1.6822419632953525,1.4428175938434613,1.3016042464735968,7.256222350701517,0.4314723601776417,0.34310864610826997,0.9631541166187972,1.489482866417784,1.6543050213637571,1.4283838093030177,7.452196263516209,0.953977156615418,7.040117654283342,6.949601848089226,0.5434915502416804,0.6196718141731057,1.2096348983749812,1.3843842206756307,1.3950497125492225,1.1509526933493741,7.176367329607985,0.5551377659680765,6.595910985386724,6.6583916070935585,0.647276761855018,7.1976679319442045,1.3281980101083928,1.434452584117577,7.610168655263699,1.0939272410566645,7.063479913051237,0.051618275114420326,6.058026798047364,6.10677924691581,0.8874688801250603,1.257399064191037,1.5147736641139034,1.370554805586344,1.3622352221479939,7.562902682331042,0.893110545636848,-0.6467463949265091,5.064250631344735,4.661548296682077,2.560901513776124,1.914233483359636,1.3413856011388208,1.137069011200517,1.4837142622439476,1.8344990503948688,2.30596159090997,3.6898540798164983,-2.3083819002377073,3.912985965429063,3.3056100185041437,8.987538704655112,5.874105655171052,6.629764789895346,1.7095147340831967,2.1463903845292456,2.585723932238098,3.2418504927070826,3.534403493073333,3.7801680391652743,3.960119454153639,4.317466888190926,5.16698566633381,4.993191521231322,2.9518388381998966,2.651797391523884,2.5212025662264677,2.868351558632275,3.1369512726751636,3.518457182838937,4.267680811113685,4.6578958011677685,5.0400557216942445,4.338497111304101,3.2586123727825957,2.668705383980595,2.396847341117197,2.4175015235124406,2.6210951858345783,2.9990459840217425,-1.515814311874725,5.1199846956559405,5.4628159322756265,3.808742079353151,2.903913730286976,2.4249123232131415,2.08556531650037,1.8662405046028692,1.7815618509867137,1.388559239121787,6.279372352106534,5.862438965488641
0.8000000000000006,0.33887376652287415,1.5391396656000214,6.935729258560186,1.906043363140474,2.1682447931598423,2.0149790101107614,1.6796119233246478,1.444672749917124,1.3065109485379558,7.262524681118455,0.43798202325472685,0.35131283550720765,0.9670326893923555,1.4804105163516252,1.6449033982457408,1.4229053709465163,7.451193524376396,0.9565713404880821,7.045034589839988,6.955677556339287,0.5500443952753032,0.6265182435600711,1.2117917666744205,1.3811347136930539,1.3909616028829475,1.1490133272888614,7.177442510041955,0.5589805262305474,6.601185413559055,6.664143164030057,0.6527622457266,7.202466078802303,1.3304906662621414,1.4343368750382102,7.609537744253234,1.0944951414408326,7.066032177789368,0.05697162903921579,6.063659683053582,6.112439532637333,0.8922494308751364,1.261360972586157,1.5179759411462628,1.3721503384128104,1.3633573471805251,7.564550384063096,0.8958133712991064,-0.6386620578796603,5.0691699945256685,4.665575663582913,2.5630244814635748,1.9184976378974494,1.345542498000491,1.1389626053598887,1.4849658230610852,1.8356008282125102,2.306624711175421,3.686160461942714,-2.3089488830593403,3.9135922045653198,3.3065638269868503,8.993852155335386,5.869039142581416,6.628786264619785,1.7095028571685862,2.146064274657988,2.5853466033509678,3.2407451658598196,3.5344073986463553,3.7795092621365924,3.953508959828973,4.305283065265778,5.15995646721809,4.986453428714311,2.9474733271880886,2.6490318559736687,2.520238296463755,2.869397682432349,3.1407551193696985,3.5228695491028845,4.25715716585794,4.646902098636873,5.0343702073168055,4.33189933699689,3.251639268027607,2.6641124070941427,2.395637933538726,2.4206649218366154,2.630930554240758,3.019671556287747,-1.5373078835090561,5.109332370712798,5.46376424798891,3.801972750718428,2.8939042538705197,2.4181398251653086,2.0833725254942315,1.8684866414516603,1.7874648531569637,1.3949990030495618,6.281924787768763,5.863468994375755
0.8100000000000006,0.33999430893872457,1.542439738660106,6.943039742908197,1.8878011023214216,2.154319238376649,2.0068219266916474,1.677056561345865,1.446489844286923,1.3113199425890767,7.268679158998859,0.44425122777407317,0.3586803141189575,0.9703264434685956,1.472059242935566,1.636020948978122,1.4175963921529342,7.4501706910741685,0.9590818492033617,7.049856375329992,6.9616581141969505,0.5564383703112528,0.6329290926360374,1.213832071732316,1.3780972748402522,1.3870245209507934,1.1470731313139229,7.178424880354426,0.5627037205518637,6.606353223910761,6.669834101163456,0.6582339723486723,7.2071725788452,1.332780387305045,1.4342733733201556,7.608907271337089,1.094982428516311,7.068457215867755,0.06220376967407622,6.069185831238885,6.1180330772336555,0.897092886424521,1.265327502266153,1.5211092562319204,1.3737093265588738,1.3644075291539088,7.56607572976598,0.898369626590046,-0.6306437755632259,5.074054870102921,4.669547057400559,2.5650936468248355,1.9225866943931775,1.3495806071540795,1.1407754364995686,1.4861149799100932,1.8365736086606548,2.3071649064902253,3.6826666900625478,-2.3093800232501125,3.9142384908090504,3.3074021133507463,8.999516320901064,5.863936359742127,6.627766145621074,1.709415647548278,2.1456788446037174,2.584957654426402,3.239785312793068,3.5345508414702627,3.7789517754377377,3.94723834842055,4.293773917497784,5.1528935689187065,4.979525920370477,2.9432902785325816,2.646334540871221,2.5193245855661845,2.8705122227184128,3.1445017778130424,3.526994006966986,4.247182894051253,4.636275315924428,5.028586771709457,4.325329754798184,3.244880184803945,2.659639591001028,2.3944758858766324,2.4237564722816733,2.640237722144737,3.03840709982825,-1.5572145797966013,5.099048423256745,5.464206833397908,3.7953888431761973,2.8843538909563726,2.411598063307293,2.081246180109993,1.870697628087632,1.7931966233041827,1.4012123934041434,6.284670421381049,5.864264801412541
0.8200000000000006,0.34106863713111374,1.5456186782622965,6.948963936747474,1.871540739085836,2.141438412256035,1.9990698574783878,1.67458700768884,1.4482700051844863,1.3160254785199592,7.274680366209678,0.45027771430533403,0.3652884249497792,0.973109698768711,1.4643795158155852,1.6276554689533254,1.4124764471472113,7.449142714310285,0.9615152485769766,7.054582646027972,6.967534575376058,0.5626581676260882,0.6389166621778265,1.2157579037809054,1.3752665431318145,1.3832502260091657,1.1451480499646327,7.179326090652786,0.5663152130793013,6.611419007809503,6.675459615808976,0.6636708249704305,7.211767946155497,1.3350547792914504,1.4342581597344615,7.608282954380218,1.0953978664986952,7.070763152050007,0.06732069572017302,6.074612396447417,6.1235628927147046,0.9019776999790049,1.2692781413687808,1.5241683888760877,1.375229446581383,1.3653891637133335,7.567486267512821,0.9007880310085121,-0.6226938975559302,5.078906719071056,4.673473387094617,2.5670925090772667,1.9265010605725916,1.353504959342241,1.142509665825416,1.4871678184900423,1.8374289455164892,2.3075983172087415,3.6793521654147554,-2.3096905223926707,3.914919170762946,3.3081340726751214,9.004592126732339,5.858794317510512,6.626706615262403,1.70926058561521,2.1452422859612836,2.584560877446832,3.2389530500242847,3.5348095496009284,3.7784769629503474,3.9412994294400217,4.2829048675748345,5.1458122584770924,4.972422863116268,2.9392911201696768,2.6437092881230155,2.51845752371867,2.8716731522837975,3.148157145767955,3.530808824374444,4.237755853012979,4.626025608380499,5.022732197099832,4.318783155249585,3.2383388908896524,2.6552938060046887,2.3933576654985083,2.4267565420575408,2.648997830899415,3.055327005186979,-1.5756022188578847,5.089150628743134,5.464197407476542,3.7889396007474097,2.875249039164663,2.405296853577145,2.079190820610671,1.8728653067907046,1.7987469503793905,1.4072138202315345,6.287576024998977,5.864850371450672
0.8300000000000006,0.34210280049914116,1.5486852068214008,6.953739677475089,1.85701997164567,2.1295289066962475,1.9917214539517711,1.6722123162788312,1.4500143045466158,1.320622777981533,7.280524815144235,0.4560627861684522,0.3712135325207543,0.9754527793092369,1.4573214058027337,1.6197974376223223,1.4075604116175358,7.448123295195546,0.9638778281094383,7.059212899952924,6.973299191278655,0.568693060582383,0.6444995891511668,1.217574163616228,1.372635371387298,1.3796469380368608,1.1432525593251954,7.1801577221048,0.5698225821330936,6.616386452354316,6.681014623924199,0.669054364907238,7.216238025379421,1.3373038716322032,1.4342874653501243,7.607670106175082,1.0957503915790376,7.072958427086126,0.07232819811322679,6.079945358699087,6.129030552162895,0.9068837590861076,1.2731952324724096,1.5271493758545802,1.3767090090400251,1.3663059900959513,7.568789684902167,0.9030773533998699,-0.6148140103586132,5.083726893606037,4.677364598102418,2.569006825933072,1.9302421390746516,1.3573206009352345,1.1441676745900453,1.4881304229503094,1.8381775382416337,2.307938787653068,3.676197688548605,-2.3098948918723163,3.9156288969704725,3.3087687480873345,9.009136822364958,5.85361059133637,6.625609798997992,1.7090450067437208,2.144762205947514,2.5841590772202196,3.2382310910107894,3.535160554267106,3.778067956839233,3.935681869824205,4.2726427225748855,5.138726521379223,4.965157353132706,2.935476643665011,2.6411594807156153,2.5176330855975,2.872859939047284,3.151692204668425,3.5343015029858544,4.228865349268361,4.616158477202171,5.016831073386444,4.312254955827863,3.232016810884641,2.6510803973453463,2.392279904502223,2.4296486320279373,2.6572021875810066,3.0705256866192934,-1.592556172251034,5.07964863551104,5.463787500802925,3.7825824196206077,2.866572765644553,2.399242217021786,2.077209953158722,1.8749826407407204,1.804108590701419,1.4130178793374475,6.29060901502147,5.865249576917481
0.8400000000000006,0.3431019833180367,1.5516479779327164,6.957569654226141,1.8440282615135624,2.1185186114403054,1.9847709193317644,1.669939520243966,1.4517237565863297,1.3251080908348625,7.286210716654408,0.46161051900434624,0.3765288179927451,0.9774204530547713,1.4508364905039406,1.6124319671934617,1.4028588627496814,7.447124691664615,0.9661755358585516,7.063746652623469,6.978945521741617,0.574536339993402,0.6497007528992456,1.2192875928171736,1.3701954699318855,1.3762197363441064,1.1413994694563645,7.180931035402091,0.573233083879372,6.621258529722181,6.686494043668057,0.6743688301221613,7.22057325099013,1.3395198128851926,1.4343577039841886,7.607073516905621,1.0960488845319922,7.0750516580335825,0.07723187069666469,6.085189694396543,6.134436482563629,0.9117925106300393,1.2770638370100713,1.5300493972704623,1.378146895036854,1.3671619805813215,7.569993727979799,0.905246384226729,-0.6070049944203104,5.088516647123175,4.681229722269477,2.5708244718042104,1.9338121930340209,1.361032584485141,1.145752041092329,1.4890088315727663,1.8388292985117616,2.30819817712306,3.6731852402241154,-2.31000693197768,3.916362668046178,3.309314795536214,9.013203695137946,5.848383302984564,6.624477816663837,1.7087760282062159,2.1442456145811324,2.5837542099948694,3.2376028674212214,3.535582473636023,3.77770977541828,3.9303735614725634,4.26295560575832,5.131648894050901,4.957741820511084,2.9318468872953263,2.638687944822795,2.5168472044731804,2.8740538124491204,3.155083117384455,3.5374675653526677,4.220493804125663,4.606675040140076,5.01090549175866,4.305741355065743,3.2259133591624147,2.64700319045936,2.3912393983006868,2.4324193875470397,2.6648510113885084,3.0841110060737114,-1.6081730911227916,5.070544924738894,5.463025831206589,3.77628206481836,2.8583059499593952,2.3934368152116003,2.0753060369266816,1.8770437434074,1.8092770353619574,1.4186386099213621,6.293738434349381,5.86548534543431
0.8500000000000006,0.34407062365931884,1.5545154257948297,6.960625105720164,1.8323838007421154,2.108338313718492,1.9782090127667944,1.6677737553666363,1.4533993231684983,1.3294786966389727,7.291737721199168,0.4669270743164996,0.3813028691385789,0.9790711758409035,1.4448790118589092,1.6055404503544186,1.398378569257509,7.446157618520015,0.968413932968355,7.068183555134346,6.984468462531802,0.5801847147556932,0.6545455556447848,1.2209060141826784,1.3679379163361964,1.3729710106659945,1.1395998409648544,7.18165676930401,0.5765536208139274,6.626037665131667,6.691893018027234,0.6796010428664213,7.224767899782476,1.3416965764756394,1.434465505112302,7.606497395969079,1.096301986767953,7.0770515045147855,0.08203711670252348,6.09034953393041,6.13978023089195,0.9166870506055289,1.2808715513318791,1.5328666587232216,1.3795424969581678,1.3679612461701318,7.5711061220599865,0.9073038957148912,-0.5992670723059408,5.0932771484047406,4.685076932941454,2.572535275397971,1.9372142196196993,1.3646459640707667,1.1472655185902185,1.4898089962448318,1.839393407276758,2.3083866305762455,3.6702978172282417,-2.310039707012169,3.9171158535273825,3.3097803165661452,9.016841934870689,5.843111080180701,6.6233128186709695,1.7084604876223595,2.143698921667043,2.5833475165834434,3.2370526439743434,3.5360557154262855,3.777389350822266,3.925360996339356,4.253812846903043,5.124590380605853,4.950188112914319,2.9284010630447344,2.636296888882316,2.5160958436798704,2.8752379447149203,3.1583111040306617,3.54030921000477,4.212618407305444,4.597572423120515,5.0049749003300095,4.299239377175284,3.220026260042602,2.643064557164174,2.390233111247724,2.4350584974060006,2.6719520552909177,3.096198575898208,-1.6225555696174028,5.061835893960026,5.461957907888711,3.7700097960836896,2.850428194034572,2.3878804203606916,2.0734805262854485,1.8790438676633021,1.8142502092567283,1.4240889633738516,6.296935666116288,5.8655791168522144
0.8600000000000007,0.34501252608269356,1.557295646940387,6.963049753821591,1.8219301510396761,2.0989226791796725,1.9720239205908456,1.6657184281457964,1.4550419225940392,1.333732862689228,7.297106658648985,0.47202012216065514,0.38559888393376474,0.980456894764854,1.439406490741801,1.5991018998875868,1.3941230167793905,7.445231224494451,0.9705981664175269,7.072523477448575,6.989864209314832,0.5856377214865396,0.6590605669891318,1.222437759830857,1.3658535409178956,1.369900918870475,1.1378629907308533,7.1823449896907166,0.5797907172495748,6.63072588170133,6.697207080127096,0.6847402516578374,7.228819381354706,1.3438296874237896,1.4346077413983405,7.605945358836476,1.096517959405069,7.078966546606991,0.0867491527933576,6.09542830623203,6.145060701458555,0.9215521740862777,1.284608291325645,1.5356002739286618,1.3808956630655924,1.368707958416953,7.572134497862297,0.909258593867516,-0.5915998503575669,5.098009499384241,4.688913604648231,2.5741308450227063,1.9404518305003284,1.3681657930664302,1.148711013844427,1.4905367462262382,1.8398783639571603,2.3085128141532567,3.6675193130771566,-2.3100055216576356,3.917884204804807,3.3101727502268257,9.020096617726772,5.837793002954648,6.6221170090416654,1.7081048925686642,2.143127942665128,2.582939647707591,3.236565617872268,3.5365625993430005,3.7770954714928076,3.920629632112668,4.245184863702644,5.11756042958685,4.942507558096435,2.9251375223951865,2.6339878752708725,2.515375061923709,2.87639754945964,3.161362146321491,3.542833957797969,4.205212656418479,4.588844236296518,4.9990560894776594,4.292746843430921,3.2143518426720994,2.6392655243996708,2.389258185823351,2.4375585064501117,2.6785192088015024,3.1069070689927756,-1.6358078420383528,5.053512972433245,5.460625807878208,3.7637424967752224,2.842918525006447,2.3825703859708627,2.0717339517953834,1.8809793610730174,1.8190281349260091,1.4293804721060799,6.300174897499375,5.865550534089118
0.8700000000000007,0.34593096308297855,1.5599963140535587,6.964963628343568,1.8125329011393754,2.090210775603332,1.9662019915226623,1.6637754091177643,1.4566524392197546,1.3378697705567248,7.302319294293815,0.47689836784926876,0.38947432797412695,0.9816232173471515,1.4343799666317658,1.5930940011794408,1.3900929295016944,7.444353129108952,0.9727329576319842,7.076766560704015,6.99513017668977,0.5908971726987146,0.6632724970224697,1.223891257080467,1.3639332056013656,1.3670078208514873,1.1361965628040605,7.183004986102112,0.582950502983015,6.635324921963527,6.702432267356048,0.6897779305505951,7.232727594092596,1.345915975884408,1.4347815480359614,7.605420445762047,1.0967045821405663,7.080805178220647,0.09137301215493515,6.100428869828744,6.15027636341877,0.92637438563549,1.2882660605083562,1.5382501510157565,1.382206645582884,1.3694062863325547,7.573086325387415,0.9111190662987804,-0.5840023557358566,5.102714755799932,4.692746376423435,2.575604388543031,1.9435291391360383,1.371597122655248,1.15009156608519,1.4911977565609027,1.8402920294276337,2.308584120077387,3.664834433970492,-2.3099159026131386,3.9186638541901857,3.3104988140541156,9.023008781561568,5.83242854351851,6.620892657447564,1.7077153809340895,2.1425379123731108,2.5825307796138537,3.236127996761165,3.5370874058216146,3.776818664359334,3.916164234338627,4.237043055225387,5.110566962709803,4.934711007629934,2.92205375509653,2.6317618192379095,2.5146810697842312,2.8775199053092106,3.164226571714188,3.5450533776496065,4.198247716955691,4.580481097866838,4.993163275346172,4.286262299484614,3.208885304577318,2.6356059095747417,2.3883119523935377,2.4399145673311344,2.6845711602695426,3.1163545403590107,-1.6480324919976608,5.045563698377247,5.459068083632998,3.757461859226648,2.835755922435303,2.3775020946702905,2.0700660254012693,1.8828475948490606,1.8236125883292715,1.4345230913198281,6.303433366508666,5.865417311337256
0.8800000000000007,0.3468287634351754,1.562624618742451,6.966466594997195,1.8040765375533099,2.082146271009132,1.9607283427270044,1.661945236169024,1.4582317322047755,1.3418894223018243,7.307378111619446,0.48157117213050943,0.3929809130593272,0.9826098016887918,1.4297639915652887,1.5874939130186743,1.3862867621929227,7.443529503109645,0.9748226041670269,7.080913243408881,7.000264888491374,0.5959666607127944,0.6672074508582775,1.2252747411577778,1.3621679961058675,1.3642886706918493,1.1346066433015511,7.1836452105054835,0.5860387054381184,6.639836346976949,6.707565191782002,0.694707555005813,7.236494360587841,1.3479533595566695,1.4349843331771346,7.60492516115796,1.0968690870353857,7.082575518107823,0.09591354778337077,6.105353630131519,6.155425428361176,0.931141873665316,1.291838713761064,1.5408168847368522,1.3834760520017044,1.370060346695696,7.573968857013192,0.9128937294799434,-0.5764730702793225,5.107393949742837,4.6965812176161705,2.576950533561758,1.9464506553448626,1.374944999992217,1.151410326296827,1.4917975213094654,1.8406416643024648,2.3086068448410444,3.662228641150145,-2.309781588200547,3.919451304541638,3.3107644839457455,9.0256155692467,5.827017504679722,6.619642102432913,1.7072976914983307,2.1419335052225024,2.5821207184676487,3.2357270519546146,3.537616361222665,3.776551039042789,3.9119491846974546,4.229359718838525,5.103616445589469,4.926808865436397,2.9191464149493513,2.6296190094551197,2.5140102757267857,2.878594315573439,3.166898564366796,3.546981946685721,4.191693569888048,4.572471172675611,4.987308252979858,4.279784920522264,3.203620942260813,2.6320844695005294,2.3873919372767562,2.44212415467727,2.6901301710559578,3.12465568257121,-1.6593280770212826,5.037972710045907,5.457319770707463,3.7511536527724516,2.8289197017424526,2.3726693687683507,2.068475757692014,1.88464687413695,1.828006766827232,1.4395251788193992,6.30669143171872,5.865195228774414
0.8900000000000007,0.34770838743137517,1.5651872387543906,6.967641500601609,1.7964616243787674,2.0746774090626383,1.9555873491563882,1.6602273164281796,1.4597806424409092,1.345792536003027,7.312286126828901,0.4860482521471127,0.39616479168019897,0.9834508645382345,1.4255264730779669,1.5822788572117803,1.382701147415176,7.442765178214656,0.9768709915930759,7.084964266790686,7.005267852605477,0.6008511252189064,0.6708904144744818,1.2265960662042292,1.3605493466120957,1.3617393585323567,1.1330979017986775,7.184273251850346,0.5890606499009203,6.644261614829673,6.712603074760678,0.6995243695986351,7.2401229465462915,1.3499406545760724,1.4352137799955755,7.604461524754443,1.097018121577052,7.084285339188336,0.10037543674656944,6.110204642950999,6.16050599884676,0.9358444541657158,1.2953217259761138,1.5433016560101338,1.3847047994221953,1.3706741658750816,7.574789080483323,0.9145907784256124,-0.5690099622077464,5.112048113088875,4.700423495015697,2.578165152133548,1.9492211878155334,1.3782144653915938,1.1526705368169017,1.4923413316083851,1.8409339638001536,2.308586344035103,3.6596881118786997,-2.309612527372007,3.9202434119249343,3.3109750034153596,9.027950420419897,5.8215599601904495,6.618367747887062,1.7068571440730536,2.1413188609099922,2.581708992554169,3.2353511460886515,3.5381375715159895,3.776286112553411,3.9079687491902195,4.222107994715758,5.0967139897943525,4.918811105049589,2.916411366850458,2.6275591447263404,2.5133593208705665,2.8796120166572847,3.1693756427949062,3.548636072314375,4.185519939410583,4.564800698523589,4.981500594691114,4.2733144096610145,3.1985523499636743,2.628699052867101,2.3864958676199755,2.4441867615614172,2.695220991758006,3.131919893059496,-1.6697875335434862,5.030722622121768,5.4554124711704635,3.7448070833155924,2.82238978323246,2.3680648358301664,2.0669615777945247,1.8863763368047757,1.8322149830568,1.4443935764300342,6.30993250619191,5.864898211441356
0.9000000000000007,0.34857198998369837,1.567690324776482,6.96855691287859,1.7896023256185845,2.067756839577359,1.9507630309855417,1.6586201187069998,1.4612999973237175,1.3495804383527819,7.317046736000912,0.49033945030010495,0.3990668869738565,0.9841757371579841,1.421638432767666,1.5774265369888718,1.3793312905559079,7.442063774278617,0.9788816128978852,7.0889206644395975,7.010139430512937,0.6055564858703706,0.6743449241936909,1.2278625901067057,1.3590691136650317,1.3593550000726051,1.1316737455066554,7.184895839603736,0.5920212669906002,6.648602140852961,6.717543753386427,0.7042251588698416,7.243617660625274,1.3518774130525677,1.435467841599045,7.604031127897303,1.0971577353068904,7.08594201574684,0.1047631858649011,6.114983704533264,6.165516189563343,0.9404734900801335,1.2987119721801108,1.545706139575923,1.3858940718222004,1.3712516512568305,7.575553681820525,0.9162181411782501,-0.5616105163373473,5.11667830087959,4.704278040177141,2.5792451931780125,1.951845755222035,1.3814105482701566,1.1538755113312296,1.4928342584148144,1.8411750901859045,2.308527166693249,3.6571997124701956,-2.309417888489963,3.921037363615183,3.3111349138400445,9.030043295674341,5.816056199133163,6.6170720546176325,1.7063986284123955,2.140697614076183,2.5812949318481038,3.234989736298092,3.538640916928017,3.776018628690898,3.904207303668868,4.215261837024437,5.089863475985219,4.910727279288381,2.9138437498003524,2.6255813819142833,2.512725102561121,2.8805660481601234,3.171658135742361,3.550033283093225,4.179697011238206,4.557454479907035,4.975747873781406,4.266850899631365,3.1936725892327256,2.6254467489507336,2.385621672297172,2.446103594236454,2.699869933207834,3.13825001405814,-1.679497215351413,5.023794774630367,5.453374493126117,3.738414243027847,2.8161468722231877,2.3636802464906888,2.0655214490699083,1.8880358469942269,1.8362423926921647,1.4491337592398406,6.313142894142788,5.864538459168809
0.9100000000000007,0.34942147300284687,1.5701395022352131,6.969269468684523,1.783424266789619,2.0613413612364297,1.9462393543584158,1.6571213512727914,1.4627906134369324,1.353254960126616,7.321663593069272,0.4944545590379555,0.40172329875994967,0.9848094236105416,1.4180737255735063,1.5729154205107831,1.3761713108350622,7.441427834426011,0.9808575930426057,7.092783740920911,7.014880708983152,0.6100893370365449,0.6775928774366681,1.2290811131485484,1.3577196131359952,1.3571301757837702,1.1303364760563812,7.185518869676618,0.5949251062332829,6.6528593421185676,6.722385665755862,0.7088080291695158,7.246983528634639,1.3537637846834392,1.4357447302587052,7.603635190293443,1.0972933846595676,7.087552487243957,0.1090811389776797,6.119692428685538,6.170454223348677,0.9450217926967452,1.3020075233771848,1.5480324200747795,1.3870452802018252,1.3717965705117139,7.576269017727005,0.9177834397584805,-0.5542717631764333,5.121285613861681,4.7081492159672695,2.5801885247809935,1.9543295064252484,1.3845382618348534,1.1550286154049552,1.4932811396802383,1.8413707035158298,2.3084331716156656,3.654750978069033,-2.3092060774341636,3.9218306534250553,3.3112480986701147,9.031920920322975,5.810506675447181,6.615757528612656,1.7059266009879162,2.1400729267961847,2.5808777350103616,3.2346333553676345,3.539117919383736,3.7757443822977512,3.9006495171100086,4.208796007837649,5.083067688979862,4.902566525444739,2.9114380511525453,2.623684390832059,2.5121047874298745,2.8814510968592693,3.1737486794359504,3.551191581254957,4.1741959628805905,4.550416335540049,4.970055898107465,4.260394863658307,3.188974332603157,2.622324027578005,2.384767478630465,2.447877277199144,2.704104092272706,3.1437416075366422,-1.6885364241137584,5.017169853235294,5.451231030138566,3.731969643220605,2.8101725715915844,2.3595067450935554,2.0641529760620028,1.8896258885496593,1.8400947595682398,1.4537500238787004,6.316311563865397,5.864126603019893
0.9200000000000007,0.35025852857649176,1.5725398840905973,6.969825863604008,1.7778627126699142,2.0553916173110776,1.9420004598998457,1.6557281219664788,1.4642532974712255,1.356818338533102,7.326140515231154,0.4984031909800143,0.4041657433033945,0.9853731338612115,1.4148087490463481,1.5687249207485823,1.3732145300488685,7.440858960990112,0.9828017166975884,7.0965550433701345,7.019493378941907,0.614456699335761,0.6806544488392844,1.230257854724824,1.3564936311733484,1.355059124303989,1.1290874417421493,7.18614744674149,0.5977763544881747,6.6570346688270225,6.7271278211002015,0.7132722064842978,7.250226033477442,1.3556003996061843,1.4360429024246084,7.603274614118457,1.0974299512763555,7.089123236968082,0.11333348575219067,6.124332311796735,6.1753185047130845,0.9494835110086487,1.3052074604920696,1.5502829165183416,1.3881600255778856,1.3723125371501088,7.576941096720266,0.9192939585994442,-0.546990307033499,5.125871219577394,4.712040981513342,2.580993787757335,1.9566776499984535,1.3876025966756196,1.1561332477222745,1.4936865716111971,1.841525991162207,2.308307627800255,3.652330095091602,-2.3089847640292183,3.922621055960756,3.3113178359580386,9.033607037552647,5.804911962986629,6.61442670730063,1.70544508864643,2.1394475227503693,2.5804565242948696,3.2342735741494386,3.5395615932403808,3.77546005501293,3.8972804951816435,4.2026860883219666,5.076328457047304,4.894337568394433,2.9091881880226964,2.6218664126069933,2.511495815070846,2.8822633253705594,3.175651751862148,3.5521289413673895,4.168989332823074,4.543669491877479,4.964428941936126,4.253947038448464,3.1844499848389898,2.619326867271628,2.3839316051733377,2.4495115770711906,2.707950723972827,3.1484826398023795,-1.696977306082694,5.010828387689003,5.449004367126754,3.7254698208975903,2.804449443996121,2.3555350958898114,2.0628535000207338,1.8911474622466808,1.8437782583311648,1.4582456929707668,6.31942988440919,5.863671871012716
0.9300000000000007,0.3510846744121441,1.5748960913107093,6.970264523966798,1.7728610286983189,2.0498717726294076,1.938030832057029,1.6544370793762633,1.4656888458126394,1.360273128913535,7.330481411671878,0.502194685313784,0.4064219977369725,0.9858847764076261,1.411822160669938,1.5648354976579304,1.3704537129718244,7.440357947098748,0.984716457579155,7.1002363293451936,7.0239796245994714,0.618665821330681,0.6835480823799787,1.231398456068046,1.3553844175058196,1.3531358956269468,1.127927180547598,7.18678593773267,0.6005788579791395,6.661129625071677,6.731769759841803,0.7176178530055779,7.253350911503023,1.3573882696843762,1.4363610408592993,7.602950033641799,1.097571769776759,7.090660283483057,0.11752427185075566,6.128904786733907,6.180107673678382,0.9538540142843096,1.3083117073723738,1.55246031489428,1.3892400648105345,1.3728030010521655,7.577575568066154,0.9207566209152752,-0.5397623530924847,5.130436371589043,4.715956954913007,2.5816602611900863,1.9588953930438493,1.3906085135280895,1.1571928222160452,1.4940549036201318,1.8416456963989092,2.308153300836228,3.6499258833549186,-2.3087609154563262,3.923406601015512,3.311346854861345,9.035122663050352,5.799272716022504,6.61308214484641,1.70495769813114,2.1388237220824986,2.580030389181923,3.23390294892811,3.5399662881150924,3.7751630663652795,3.894085888017409,4.196908501383819,5.069646789325748,4.886048723344469,2.907087592420269,2.6201253187724194,2.5108958937353196,2.883000194538036,3.1773732533907864,3.552862935519589,4.164051257011762,4.537196919626863,4.958869967915562,4.247508360123728,3.180091784991386,2.616450869973225,2.3831125510892943,2.451011150723349,2.711436746315324,3.152553468094543,-1.704885008868263,5.0047511400163,5.4467141016630904,3.718913008810882,2.7989610374275338,2.351755868772277,2.061620181771477,1.8926019896103565,1.847299312554135,1.4626233187843918,6.322491347375454,5.863182251705064
0.9400000000000007,0.3519012828661588,1.5772122783924332,6.9706170039748505,1.7683693906022904,2.0447491906983686,1.9343154206920652,1.653244535006146,1.4670980432540714,1.3636221270274145,7.334690231367395,0.5058380428861345,0.40851633012841426,0.9863594033668281,1.4090946135835596,1.561228703516538,1.3678812644574472,7.439924900421591,0.9866040081751305,7.103829533477277,7.0283420244337655,0.6227240243981244,0.6862905362299164,1.2325079999909996,1.3543856673289605,1.3513544700020428,1.1268555511931644,7.187438032187456,0.6033361467713676,6.665145781238742,6.736311507646273,0.7218459035320686,7.256363996121569,1.359128705609975,1.4366980350232947,7.602661859439342,1.097722661709031,7.092169182746087,0.12165741019110447,6.1334112667100715,6.184820642776359,0.9581297722394966,1.3113208827840852,1.5545675084981398,1.390287279238067,1.3732712428949492,7.578177717484981,0.9221779729877614,-0.5325837332865022,5.134982426602171,4.7199004732345005,2.582187740145121,1.9609878890158101,1.393560935521944,1.1582107512585147,1.4943902365394979,1.8417341461741124,2.307972526893294,3.647527775877185,-2.308540835172314,3.9241855489520563,3.3113373929112986,9.036486335082115,5.793589634810607,6.611726397274159,1.704467630446292,2.1382034761104953,2.579598419790132,3.233514957451883,3.540327530810459,3.7748514419379395,3.891051966815641,4.19144054032819,5.063023006808952,4.877707899316217,2.9051292972827096,2.6184586690294673,2.5103029895631166,2.8836602867681433,3.178920138099748,3.553410464355266,4.159357599850975,4.530981613844394,4.95338083376837,4.241079912615889,3.1758918921938686,2.6136913618257,2.3823089828255886,2.4523813205804457,2.714588361698082,3.15602704057764,-1.7123180127038347,4.9989193964127345,5.444377371711401,3.712298859193708,2.793691884669628,2.3481595891108635,2.0604500717591705,1.8939912251178013,1.850664464923085,1.4668848743854306,6.3254912895918665,5.862664648622665
0.9500000000000007,0.35270960470737966,1.5794921619025657,6.970909148628937,1.7643437075462647,2.039994123057559,1.9308397246685816,1.6521465672223592,1.468481661240389,1.3668683022315005,7.3387709259761955,0.509341883746234,0.41046990356585283,0.9868096062219261,1.406608515919983,1.5578871878279408,1.3654893886849016,7.439559356934006,0.9884663089661074,7.107336734789362,7.032583464533296,0.6266385839727469,0.6888969623288458,1.233591041089119,1.3534914963065676,1.3497088482572257,1.12587185087015,7.188106805941217,0.6060514606695713,6.669084780023007,6.740753526637149,0.7259579216222651,7.2592711002252015,1.3608232474736364,1.4370529606339117,7.6024103169034145,1.0978859730882953,7.093655038827498,0.1257366930046113,6.137853180275379,6.189456619954326,0.9623082363252683,1.3142361706366321,1.5566075454953698,1.3913036460811308,1.3737203716099133,7.5787524685943035,0.9235641759975438,-0.5254499307240946,5.139510859411195,4.723874649495123,2.5825764253682415,1.9629601940564787,1.3964647402425256,1.1591904300613043,1.4946964236632487,1.841795278091003,2.3077672757586374,3.6451257951284006,-2.3083302058610466,3.924956367621758,3.311291251785634,9.037714355578927,5.787863435694569,6.610362007994894,1.7039776990787079,2.137588401218071,2.5791597312607624,3.233103927135185,3.540641871617763,3.7745236988497175,3.8881656740748354,4.186260398876599,5.056456863746733,4.86932260396272,2.9033060211610273,2.616863766217683,2.5097153108660164,2.8842431357601175,3.180300096466934,3.5537875741293257,4.154886004181098,4.525006820728013,4.947962480507193,4.234662887264709,3.1718424577144093,2.611043480262595,2.381519718845419,2.4536278781210483,2.717430778022289,3.1589692393847915,-1.7193285697060214,4.99331517752546,5.442009082720937,3.7056282122292545,2.7886274847262777,2.3447368563973723,2.0593401678189753,1.8953171777554259,1.853880275445464,1.4710319250057464,6.328426627606751,5.862125021686536
0.9600000000000007,0.35351078858986296,1.5817390505258797,6.971162059346948,1.7607447267226637,2.035579418071202,1.9275898455899894,1.6511391082979787,1.4698404559826783,1.3700147412063888,7.342727424291581,0.512714422058808,0.41230114791546296,0.9872458636409976,1.4043478156627043,1.55479467442234,1.3632702159442645,7.439260383585412,0.9903050765145058,7.110760125969667,7.036707064050393,0.630416640879783,0.6913810071181343,1.2346516417289854,1.3526964119087344,1.3481931187602982,1.1249749193416014,7.18879478547819,0.6087277756752266,6.672948337738113,6.745096666149107,0.7299559746266329,7.262077929920559,1.362473606746938,1.4374250591184936,7.602195479183607,1.0980646135391152,7.0951225213134155,0.12976580440304408,6.142231998590307,6.1940151199532005,0.966387724815558,1.3170592072343261,1.558583583169392,1.3922912125586693,1.3741533241851607,7.579304389090451,0.9249210047724099,-0.5183561023824669,5.144023275722893,4.727882426447403,2.5828268244844104,1.9648172311908625,1.399324751917884,1.1601352224017654,1.4949770741870618,1.8418326665501978,2.307539204223226,3.642710525133754,-2.3081341350418514,3.9257177111260493,3.3112098500788374,9.038821019076497,5.782094825157086,6.60899149413847,1.7034903511495891,2.13697981141231,2.578713480367372,3.232664958563276,3.540906738736287,3.7741787478256867,3.88541465211625,4.181347198870733,5.049947657500064,4.860899949940293,2.9016102498142033,2.615337707529998,2.509131288887742,2.8847490664978763,3.1815212875304235,3.5540093419035577,4.150615881238204,4.5192562158089,4.942615100646284,4.22825855198454,3.167935685387334,2.608502248156846,2.3807437131698013,2.45475691517099,2.7199880131534804,3.1614393125461944,-1.7259632012193176,4.987921381323633,5.439622128662008,3.6989029014222865,2.7837542722446846,2.3414784362614274,2.0582874616784648,1.8965820422545345,1.8569532434709026,1.4750657758002326,6.33129561102721,5.86156851397989
0.9700000000000008,0.35430589704867155,1.583955875520708,6.971392894673665,1.7575372907822,2.0314802529642364,1.9245525184183538,1.6502180161788107,1.471175166691035,1.373064601461172,7.346563615273527,0.5159634542885425,0.414026096562965,0.9876768445937079,1.4022978108814659,1.5519359202986298,1.3612159020220271,7.439026669525884,0.9921218300055082,7.114101985407958,7.040716112029269,0.6340651371551973,0.6937549234539575,1.2356934105741093,1.3519952833223092,1.3468015056053344,1.1241632297774065,7.189504010932945,0.6113678303068243,6.6767382423046575,6.7493421147304655,0.7338425262465313,7.264790023129543,1.3640816179061395,1.4378137175068173,7.602017294950729,1.098261095574485,7.096575887676556,0.13374833319531515,6.1465492561065025,6.198495966486923,0.9703673136343807,1.3197919841062171,1.5604988482934936,1.3932520726380166,1.3745728672761188,7.5798377007422575,0.926253852664206,-0.5112970997715004,5.148521423014961,4.731926627124599,2.582939664016826,1.9665637616233613,1.4021457340102361,1.1610484477582885,1.4952355586381805,1.8418495479721317,2.3072897009903133,3.6402730792994302,-2.307957202118402,3.9264684005438757,3.3110942721434626,9.03981882740564,5.776284477238445,6.607617333947818,1.703007690649739,2.1363787491754884,2.578258875595197,3.2321938469692504,3.5411203032414673,3.773815810549319,3.8827872541613533,4.176681012990824,5.043494325859977,4.852446662790554,2.900034313413297,2.61387743140485,2.5085495563163773,2.885179048013405,3.1825921169724736,3.5540898134270114,4.146528357964397,4.513714039088716,4.937338286108813,4.221868228254947,3.1641638821852487,2.60606263608538,2.3799800384165537,2.455774681609484,2.722282767611707,3.163490354288299,-1.7322632170710521,4.982721871610803,5.437227603041582,3.692125589187597,2.7790595793720043,2.3383753300969836,2.0572889754426407,1.897788139849563,1.859889749470093,1.4789875947375044,6.334097598682515,5.8609995636228716
0.9800000000000008,0.35509591969181226,1.5861452208064593,6.97161553393171,1.7546897231912226,2.0276738905961986,1.9217151244559403,1.649379132723809,1.4724865140920598,1.3760210736058065,7.350283337237206,0.5190963573738763,0.41565868789320537,0.9881096708833882,1.400444984014377,1.549296663287789,1.3593187047693513,7.438856606088026,0.9939179159881542,7.11736465242546,7.044614014591676,0.6375907714939578,0.6960296865622175,1.236719541455646,1.3513833114424254,1.3455284019468683,1.1234349671265833,7.190236096323629,0.6139741512460909,6.680456349025338,6.753491354564722,0.7376203450086078,7.267412707650174,1.3656491981898584,1.4382184491592942,7.601875611516273,1.098477572965177,7.098019009130548,0.13768778574101603,6.150806565718522,6.202899287287048,0.9742467342263736,1.3224367648624726,1.562356603066351,1.3941883463227205,1.3749816002075328,7.580356292360474,0.927567741683017,-0.5042674872826532,5.153007199660634,4.73601000220026,2.5829158114100452,1.9682043623212089,1.404932382447712,1.1619333699024526,1.4954750159137686,1.841848845005741,2.3070199241656266,3.637805064158055,-2.3078035058394053,3.927207406619794,3.3109453125058885,9.040718688872213,5.770433013783778,6.606241955383395,1.7025315030038048,2.135786014364262,2.5777951818749467,3.2316870038646455,3.5412813559789464,3.7734343506951658,3.8802725417314976,4.172242880742565,5.037095531588312,4.843969090122296,2.8985704584340626,2.612479759834194,2.507968924644636,2.8855345603237335,3.183521056652167,3.5540419807745462,4.142606195587215,4.508365192960618,4.932131156389493,4.215493274251678,3.160519500377123,2.6037196139203274,2.379227868929397,2.456687467478843,2.7243363520027235,3.1651698042742864,-1.7382652315163074,4.977701523717159,5.43483499717247,3.6852996270573573,2.7745315932513814,2.335418826122958,2.056341789408271,1.8989378680699633,1.862696012868221,1.4827985111700133,6.336832859331627,5.8604220013964445
0.9900000000000008,0.35588178414127886,1.5883093521543725,6.971841127396643,1.7521733201631609,2.024139460944107,1.9190656911074702,1.6486183301816892,1.4737751993249257,1.378887351276556,7.3538903712948045,0.5221200942811789,0.41721103281574456,0.9885501435186681,1.3987768582370443,1.5468635636895223,1.3575710418951215,7.438748356086346,0.9956945311884325,7.1205505058455625,7.0484042513306155,0.6409999702002313,0.6982151090908265,1.2377328511655754,1.350855999926737,1.3443683917650413,1.1227880950788784,7.1909922860775755,0.6165490779169547,6.684104575013432,6.75754611905398,0.7412924269449827,7.269951074226073,1.3671783142158884,1.4386388756069066,7.601770193896916,1.0987158774892019,7.099455398718356,0.14158759867914605,6.155005629367579,6.207225503803227,0.9780262792498933,1.3249960145190367,1.5641601160665706,1.3951021613651242,1.3753819590430039,7.580863735004987,0.9288673369967584,-0.49726155796090554,5.157482662599276,4.740135274301697,2.582756206161202,1.9697434090551453,1.4076893196849785,1.1627931869634125,1.495698361580268,1.8418331896341285,2.3067308322860356,3.63529853944131,-2.3076767113373773,3.927933834321822,3.310763515667058,9.041530101330885,5.76454098704048,6.604867726004207,1.7020632803079736,2.1352021910139625,2.5773217210601693,3.2311413805279265,3.5413891969439186,3.7730340169451555,3.8778602715955466,4.16801481675843,5.030749734488439,4.835473211793208,2.8972109136325424,2.6111414360522853,2.5073883612813987,2.8858174760748883,3.1843165007082868,3.5538777892090545,4.138833690306775,4.503195308651649,4.926992468100928,4.209135072594726,3.1569951724564156,2.601468193004777,2.3784864644810333,2.4575015071361754,2.726168657480868,3.1665199450907626,-1.7440016591173293,4.972846237267638,5.432452383993212,3.6784289358905675,2.7701593114265544,2.332600535248031,2.055443062544756,1.9000336588643436,1.8653780626763903,1.4864996918006457,6.339502397027282,5.859839135240092
1.0000000000000007,0.3566643651756804,1.5904502451368059,6.97207855275505,1.7499619310637262,2.0208577663064835,1.9165928819483353,1.6479315475923952,1.4750419032522262,1.3816666075924224,7.35738843760327,0.5250412248796646,0.41869365056357893,0.9890029372980648,1.3972818736916002,1.5446241435502182,1.355965533479284,7.4386999132229175,0.997452743356656,7.123661945850095,7.052090339734392,0.6442988701968315,0.7003199519764083,1.238735815301231,1.3504091279180603,1.3433162627621147,1.1222204127836142,7.191773507290508,0.6190947857287394,6.687684892933192,6.7615083539803,0.7448619307799492,7.272409961020055,1.3686709543837625,1.4390747096828305,7.601700740416193,1.0989775536116366,7.100888240611551,0.14545115142250897,6.15914824498479,6.211475317083713,0.9817067164541909,1.3274723397900035,1.5659126377060706,1.3959956372771527,1.3757762214701463,7.581363298792034,0.9301569649309108,-0.49027334646971754,5.161950033860974,4.744305179486099,2.5824617991240504,1.9711850640850286,1.4104210897342633,1.1636310229511693,1.495908297122783,1.841804945102414,2.3064232097482464,3.632745975003022,-2.3075800960990125,3.928646909126414,3.3105492113095445,9.042261319072256,5.75860886419258,6.603496944133253,1.7016042466854462,2.1346276719900033,2.576837869119912,3.2305543946162536,3.5414435370993145,3.7726145963233426,3.8755408749591376,4.163979811097591,5.024455251694295,4.826964650759535,2.895947949756204,2.609859157729665,2.506806967129068,2.8860299567735614,3.184986653320658,3.5536081648664988,4.135196564300243,4.49819078656947,4.921920707376587,4.202795021400336,3.153583739809825,2.5993034601449163,2.3777551549224856,2.458222902938837,2.7277981593008236,3.1675783839940292,-1.7495011801604257,4.96814292430514,5.430086586560493,3.671517902324575,2.765932496721638,2.3299124146555212,2.054590046901761,1.901077944238316,1.8679417181423794,1.4900923964456771,6.342107800169221,5.859253822968995
1.0099999999999996,0.35744449244390025,1.592569611624582,6.972334794275438,1.748031612064509,2.017811108676266,1.9142859798846021,1.6473148186785487,1.4762872861793128,1.3843619770769628,7.3607811933536444,0.5278659205232948,0.42011567546988726,0.9894717677261149,1.3959492813036432,1.5425667261254243,1.3544950321825182,7.438709152511002,0.999193510175758,7.126701378930643,7.05567580650389,0.6474933112644643,0.702352029075594,1.239730601677705,1.3500387247771313,1.3423670125789549,1.1217296025178147,7.192580417453695,0.6216133078194949,6.691199324538364,6.765380182418275,0.7483321240041845,7.274793946614557,1.3701291061610583,1.4395257400507515,7.601666895403827,1.099263890842209,7.1023204198053085,0.14928177835685316,6.163236310563156,6.215649691110038,0.9852892107808305,1.3298684389439808,1.567617379692133,1.3968708715024067,1.3761665123041646,7.581857970760312,0.9314406336630185,-0.4832966390536426,5.166411706264998,4.748522506142953,2.582033499041542,1.9725332677192158,1.4131321542642945,1.1644499207011543,1.4961073198711448,1.841766226612879,2.3060976874094203,3.6301402051589524,-2.3075165943912466,3.9293459648612292,3.31030254506989,9.042919503832463,5.752637013481706,6.602131831275456,1.7011553833008752,2.1340626814935963,2.5763430508903724,3.229923860779869,3.5414444121594615,3.7721759762919564,3.8733054310973913,4.160121821713815,5.018210307107493,4.818448684269813,2.8947739328501614,2.608629605902566,2.5062239551654293,2.886174363020362,3.185539443428656,3.5532430566898974,4.1316818530845865,4.493338815433119,4.916914166780899,4.196474527549986,3.1502782759270382,2.5972206045773665,2.3770333260449443,2.458857565956714,2.729241945172365,3.16837850996445,-1.7547891698598226,4.963579479547615,5.427743330980697,3.6645712884405346,2.761841632643722,2.3273467815925017,2.05378009708727,1.9020731285419767,1.8703925771077965,1.4935780163146823,6.344651112605524,5.858668534608933
1.0199999999999985,0.35822295705117174,1.5946689247177208,6.972615258279964,1.7463603403058077,2.014983137437004,1.9121348655846226,1.6467642926409287,1.4775119879473904,1.386976542074797,7.364072231747861,0.530599981086073,0.42148503760743,0.9899595340203761,1.3947690520010063,1.5406803772292128,1.3531526436539183,7.438773872675228,1.000917696301482,7.129671205662227,7.0591641647086085,0.6505888352161735,0.7043183044073481,1.2407191010913419,1.3497410469849345,1.3415158500824522,1.1213132694595602,7.193413447602243,0.6241065552200845,6.694649934356132,6.769163873398189,0.7517063383389788,7.277107349271345,1.3715547374957642,1.4399918171773585,7.6016682595025875,1.0995759536634424,7.103754551579488,0.15308278072671577,6.1672718260496575,6.219749834632662,0.9887752544913689,1.332187059938652,1.569277498041201,1.397729927605538,1.3765548094541555,7.582350473345406,0.9327220558880186,-0.47632498033707293,5.170870248611768,4.752790131629545,2.581472125375523,1.9737917330335486,1.4158268898255963,1.1652528361831502,1.496297733366357,1.8417189207542257,2.3057547590466387,3.627474380998638,-2.307488839816532,3.930030432927296,3.3100235051188602,9.043510860519326,5.746625691620568,6.600774525730569,1.7007174526656945,2.1335072954771364,2.5758367330994805,3.2292479258311175,3.5413921075839743,3.771718114199487,3.871145637197068,4.156425759606405,5.012013071044979,4.809930255112006,2.893681371180068,2.6074494699320008,2.5056386304119744,2.886253177845016,3.185982462063728,3.5527914875562767,4.128277793539374,4.488627374494258,4.911971008433713,4.190175001310301,3.147072104817795,2.5952149389701624,2.3763204068250383,2.459411171306472,2.7305157616267532,3.168949920813885,-1.7598880888962178,4.959144738221634,5.425427384034214,3.6575941522299678,2.757877879978653,2.324896319451291,2.0530106758238245,1.9030215665486545,1.8727360101867812,1.4969580975929164,6.347134724769576,5.858085405698475
1.0299999999999974,0.35900051726345455,1.5967494420616546,6.972924036112422,1.7449277779478523,2.0123587154250333,1.91012999286969,1.6462762491097835,1.4787166283489648,1.3895133228063785,7.367265081452165,0.5332488534866693,0.42280862016122556,0.9904684415680485,1.3937317993049825,1.5389548495530256,1.3519317392170247,7.438891831481292,1.002626088634743,7.132573810985131,7.062558895832163,0.6535906901690279,0.7062249814891225,1.2417029553959908,1.3495125572507114,1.3407581931080779,1.1209689746494895,7.194272840995157,0.626576335426364,6.698038823754738,6.772861814199894,0.754987933235339,7.279354230684726,1.372949781717709,1.440472840753027,7.601704398032976,1.0999146090265386,7.105193010256933,0.1568574382261105,6.17125689365535,6.223777182352852,0.9921666049547178,1.3344309656742854,1.5708960792222384,1.3985748253308157,1.376942950227959,7.5828432830944195,0.9340046728239361,-0.4693516768278296,5.175328410679428,4.757111056979789,2.58077836653002,1.974963943101865,1.4185095862274095,1.1660426341029106,1.4964816579666216,1.841664703652903,2.305394794281397,3.6247419211763465,-2.30749920579776,3.930699832724688,3.309711944837344,9.044040758447956,5.7405750322526385,6.599427077328763,1.7002910219489324,2.1329614600582767,2.5753184162531517,3.2285250087516335,3.541287093857892,3.7712410128349805,3.8690537757998746,4.152877467395583,5.00586169121034,4.801413982670504,2.8926629559172383,2.606315468819254,2.5050503715357433,2.8862689420525336,3.186322918388151,3.5522616107725526,4.124973715530537,4.484045222566857,4.907089315029639,4.18389785164088,3.1439588151979474,2.593281915402336,2.375615858142503,2.459889125868943,2.7316340729133097,3.1693188177433296,-1.7648178351018087,4.9548284257613515,5.423142676098873,3.650591776960368,2.7540330349812185,2.322554077877458,2.052279356449789,1.903925546506854,1.8749771592589972,1.5002343530057394,6.349561282685412,5.8575062828037225
1.0399999999999963,0.3597779035309042,1.598812227546225,6.973264123802908,1.7437150772763832,2.009923801406683,1.908262362354181,1.6458471083416812,1.479901807806892,1.3919752703248216,7.370363206201524,0.5358176509699618,0.4240923962716541,0.9910001067875499,1.392828713453923,1.5373805305864756,1.350825962547895,7.439060774907155,1.0043194099446704,7.135411556668567,7.065863435872109,0.656503838458232,0.7080775846888794,1.242683582968645,1.349349905780334,1.3400896637392508,1.1206942621300306,7.19515868754589,0.6290243694176965,6.701368125549679,6.776476486080585,0.7581802662019569,7.281538402868709,1.3743161253925775,1.4409687485324894,7.601774847804394,1.1002805514845575,7.106637956926477,0.1606090203415904,6.175193717094583,6.227733376121224,0.9954652296153357,1.3366029053336053,1.5724761290425486,1.3994075323804764,1.3773326378754978,7.583338649326465,0.9352916790255249,-0.46236979701910286,5.179789128322511,4.761488440052777,2.5799527426020674,1.9760531501597753,1.4211844460645437,1.166822084714537,1.496661041525183,1.8416050578534104,2.305018048498911,3.621936461615571,-2.307549843898217,3.9313537631156192,3.309367601893838,9.04451383900806,5.734485035250561,6.598091443209424,1.699876485081501,2.132425008043333,2.5747876258557563,3.227753745607715,3.5411299710505983,3.7707447010061568,3.867022680924928,4.149463692192728,4.999754316093436,4.792904173601843,2.891711595823448,2.6052243692142607,2.5044586142194847,2.8862242003919967,3.1865676109956578,3.551660769097426,4.121759939035081,4.479581877015694,4.902267130351015,4.177644481705619,3.1409322709248135,2.591417137150443,2.374919162991584,2.460296546352994,2.7326101280672774,3.169508366602503,-1.7695960575924976,4.950621102689889,5.420892410220349,3.6435696079571356,2.75029948937309,2.3203134683284863,2.0515838230957937,1.904787277408983,1.8771209390923325,1.5034086638331283,6.351933612668305,5.856932762361263
1.0499999999999952,0.360555822994706,1.6008581714142227,6.973637605977713,1.7427047195255254,2.0076653470993904,1.9065234943077733,1.6454734375969544,1.4810681082577195,1.3943652617557523,7.373370004365908,0.5383111725974907,0.42534154788393413,0.991555646966343,1.3920515054174307,1.5359483944510688,1.349829231744726,7.439278461004992,1.0059983309710716,7.138186775638352,7.069081164772826,0.6593329670557585,0.7098810328072439,1.2436622017108783,1.3492499136078724,1.3395060819588174,1.1204866811498178,7.196070954291735,0.6314523071975974,6.704639999241593,6.78001044319477,0.7612866689027639,7.283663437143405,1.37565559867554,1.4414795065439203,7.6018791227019396,1.1006743260805025,7.108091365911347,0.16434079751832165,6.179084600186074,6.231620246674761,0.998673257595572,1.338705590896895,1.5740205639234175,1.4002299577645976,1.3777254482892634,7.58383861250957,0.9365860475706403,-0.4553721680014,5.184255528954332,4.7659256275080395,2.578995571836799,1.9770623761928336,1.423855585371617,1.1675938617552617,1.4968376700024342,1.8415412879504782,2.3046246702201407,3.6190518044747337,-2.3076427199668914,3.931991894772495,3.3089901140294917,9.044934110758806,5.728355556676499,6.596769484561847,1.699474083505696,2.131897673682722,2.574243903332516,3.2269329392794845,3.5409214216243217,3.7702292182132595,3.865045703690458,4.1461720536894315,4.9936891118541435,4.784404831989977,2.8908204462384353,2.604173000447201,2.5038628363443536,2.886121457332163,3.186722911488019,3.550995554215655,4.118627677888043,4.475227585329319,4.89750249075793,4.171416284254867,3.13798661809884,2.589616366997226,2.37422981815387,2.460638245887233,2.733456032734905,3.169539026359849,-1.7742384355688001,4.946514107198001,5.418679158329105,3.636533195659927,2.746670192234595,2.3181682562402304,2.0509218691398425,1.9056088797936408,1.8791720411795423,1.5064830745734257,6.354254659638737,5.856366223828989
1.059999999999994,0.3613349636120444,1.6028880088244388,6.974045810201982,1.7418803813297161,2.005571206988071,1.9049054014595883,1.6451519544900257,1.482216094184088,1.3966860973097468,7.376288808386627,0.5407339225447476,0.42656056890612193,0.992135757293349,1.3913923593528348,1.534649957732824,1.3489357379226619,7.439542679228535,1.0076634811395175,7.140901767872614,7.07221539857825,0.6620824996145048,0.7116397052884181,1.2446398497707172,1.3492095578619159,1.339003458309471,1.1203438042175995,7.197009512230392,0.6338617419588546,6.70785662693463,6.783466294443376,0.7643104281033825,7.285732674442235,1.3769699677808867,1.4420051005984569,7.60201671832323,1.1010963491377972,7.109555049855998,0.16805605223748885,6.182931945179341,6.2354397963101045,1.001792937351688,1.3407416780342265,1.575532204246194,1.4010439465774231,1.378122836795402,7.584345022180844,0.9378905552766669,-0.44835136850704693,5.188730937678485,4.770426186011468,2.5779069400081553,1.977994414506317,1.4265270353669424,1.168360541411211,1.4970131779017601,1.8414745350086825,2.3042147063172003,3.616081866628501,-2.307779648166844,3.9326139632736905,3.308579031844945,9.04530503297735,5.722186299250981,6.595462964248204,1.6990839254757415,2.131379105785824,2.57368679692946,3.2260615137871222,3.540662170484201,3.7696946026308122,3.8631166780461195,4.142991008386586,4.987664273671166,4.775919668889619,2.889982932717386,2.6031582668972346,2.503262544958717,2.8859631412503517,3.1867947577748224,3.550271865186051,4.115568950704101,4.470973291432632,4.892793449005627,4.165214636670648,3.1351162891991047,2.587875532672025,2.373547327259629,2.4609187275404185,2.7341828231247662,3.1694288461076816,-1.7787589245206474,4.9424994972845395,5.416504945684535,3.629488144085249,2.743138613793304,2.3161125507314417,2.05029139443097,1.9063923794757245,1.881134939092228,1.5094597821634563,6.356527437117861,5.855807857993168
1.069999999999993,0.3621159980102433,1.6049023369244608,6.974489436825257,1.7412268237557735,2.003630059332382,1.9034005622645707,1.6448795279762902,1.483346313747836,1.3989404986539153,7.379122884057285,0.543090128917941,0.42775335473453846,0.9927407769874392,1.390843892236611,1.5334772392463203,1.3481399412446589,7.43985126592094,1.00931545802272,7.143558797599067,7.075269383789996,0.664756609468146,0.7133575015651543,1.2456174041860693,1.3492259588211226,1.3385779860415434,1.120263241690641,7.197974159870241,0.6362542229932205,6.711020209953691,6.786846687984421,0.7672547706730364,7.287749236361858,1.3782609292416292,1.4425455290211928,7.6021871158906285,1.101546927117191,7.111030683378214,0.17175809010662618,6.186738251110108,6.239194182789377,1.0048265997945933,1.3427137506796163,1.57701376948098,1.401851276059942,1.3785261449808428,7.584859554284924,0.93920780768981,-0.4412997183131793,5.193218884320087,4.774993933090934,2.5766866719903194,1.9788518318945267,1.429202745238168,1.1691246022224007,1.4971890584424472,1.8414057898144032,2.3037881054006024,3.613020627824665,-2.307962322996804,3.9332197628251775,3.308133828863931,9.045629588683997,5.71597680319412,6.594173545232988,1.6987060038601924,2.1308688793218873,2.5731158527872875,3.2251384729101384,3.5403529513110965,3.769140881733745,3.8612298870606057,4.139909810842443,4.98167803244748,4.767452111207346,2.8891927696930124,2.6021771579897037,2.5026572649535193,2.88575157589716,3.1867886549396705,3.549494964839183,4.112576499121479,4.4668105984824535,4.8881380915998465,4.159040895567126,3.1323160045810994,2.586190729936932,2.3728711951355437,2.4611421833829104,2.7348005400947675,3.1691937324245023,-1.783169972800481,4.938569993804329,5.414371324654015,3.6224400640443633,2.739698711061446,2.3141407925863486,2.0496904016720774,1.907139703675436,1.8830138948308073,1.5123411213703144,6.358754987153668,5.855258691159612
1.0799999999999919,0.36289958716212634,1.6069016304932655,6.974968668484826,1.7407297997303723,2.0018313369129217,1.902001894996087,1.644653177525608,1.4844592999837158,1.4011311083133786,7.38187542966687,0.545383761892357,0.42892327996744484,0.9933707461437712,1.3903991195683842,1.5324227235619026,1.3474365651141955,7.440202116578823,1.0109548356795115,7.146160091560697,7.078246293504373,0.6673592330841341,0.7150378940949104,1.2465955976528476,1.34929636860603,1.33822603310128,1.1202426534901877,7.19896464384316,0.6386312674766614,6.714132966159238,6.7901542981447935,0.77012285196288,7.289716036531473,1.3795301056809333,1.443100796517899,7.602389785621667,1.102026273711185,7.112519825291507,0.17545025107440596,6.190506112437609,6.242885704693358,1.0077766262959669,1.3446243086840792,1.5784678748396561,1.4026536528147475,1.3789366075118075,7.585383727846534,0.9405402636671436,-0.4342092639250655,5.197723111595326,4.779632968075252,2.575334304825818,1.9796369710817088,1.4318865859159906,1.1698884258370983,1.49736667340364,1.8413359050113038,2.3033447196494263,3.6098620785844573,-2.3081923494564784,3.9338091405005007,3.3076539091251558,9.04591034813922,5.7097264373154095,6.5929027897482095,1.698340212433538,2.1303665056288947,2.5725306063185838,3.2241628627366343,3.539994478284415,3.7685680650123694,3.8593800300776415,4.136918472750136,4.975728657668118,4.759005309903965,2.8884439745509125,2.6012267560874376,2.502046529326546,2.885488958076795,3.1867096818696146,3.548669533444132,4.109643713237096,4.462731729535662,4.883534550761869,4.152896390915729,3.129580771633912,2.584558223747988,2.3722009233174206,2.461312497898835,2.735318301901704,3.1688476891870656,-1.7874827115653016,4.934718925361542,5.412279438921586,3.615394530635149,2.73634489524563,2.312247741097327,2.049116992267639,1.9078526790902077,1.8848129657868937,1.515129547693412,6.36094034862006,5.8547196058495
1.0899999999999908,0.36368638395957287,1.6088862562148438,6.975483262673412,1.7403759763969262,2.000165166216028,1.9007027329073511,1.644470070933636,1.485555572022248,1.403260489844713,7.384549575047761,0.5476185510435886,0.43007326590357264,0.9940254546757858,1.390051426192879,1.5314793280651804,1.3468205891030307,7.440593195431744,1.012582171998526,7.148707838150813,7.081149224978608,0.6698940835997498,0.7166839756583936,1.2475750336135596,1.3494181613531833,1.3379441342143605,1.1202797584524409,7.199980676920059,0.6409943712668517,6.717197127946932,6.793391814487356,0.7729177469829375,7.291635791996565,1.3807790428570788,1.4436709090881823,7.60262418970405,1.1025345253475038,7.114023939447474,0.17913592088901298,6.194238218174693,6.246516788373032,1.0106454210223956,1.3464757580260065,1.579897029222304,1.4034527110463864,1.3793553589074468,7.585918920927097,0.9418902594395238,-0.4270717604502583,5.202247584649211,4.7843477035658974,2.573849061632363,1.9803519531537008,1.4345823547800864,1.1706542985292918,1.4975472625910182,1.8412656061740686,2.3028843053031602,3.6066001678265187,-2.308471271536646,3.9343819909044657,3.307138612528071,9.04614952376209,5.703434390236805,6.591652159129318,1.6979863606733088,2.1298714413450495,2.5719305739623968,3.223133737742678,3.539587422376849,3.7679761383131867,3.85756219095049,4.134007720571275,4.969814457109399,4.750582147527847,2.887730877510768,2.6003042425152256,2.501429870892357,2.8851773405718317,3.1865625021544974,3.547799719219983,4.106764563918288,4.458729487180453,4.8789810119421135,4.1467824197219425,3.1269058818682858,2.5829744478471124,2.371536006595242,2.4614332547386044,2.7357443745534225,3.1684030320373604,-1.7917071209988908,4.930940175671044,5.410230079179406,3.6083570446564006,2.7330720008394502,2.3104284602199683,2.0485693618707006,1.9085330315206706,1.886536012040967,1.517827618862583,6.363086532522941,5.854191358527002
1.0999999999999897,0.36447703675044124,1.610856485642887,6.976032630166499,1.7401528695342534,1.9986223139023682,1.8994968006110227,1.64432752113746,1.4866356363185083,1.405331128582651,7.387148380584229,0.5497980017957574,0.4312058392163976,0.9947044845198781,1.3897945414160577,1.5306403732827893,1.346287241062232,7.44102254280537,1.0141980151682035,7.151204187251335,7.083981198342397,0.6723646641749671,0.7182985014806522,1.2485561998490402,1.3495888247209007,1.3377289832429031,1.1203723417483897,7.201021953753463,0.6433450188515022,6.720214940913904,6.796561932807016,0.7756424438882477,7.293511034401846,1.3820092077768804,1.4442558698947168,7.602889784990972,1.1030717552691418,7.1155444142817625,0.18281854292542046,6.1979373516877905,6.250089976602014,1.013435387069963,1.3482704031284447,1.5813036342511264,1.4042500117082888,1.379783440239565,7.586466385843578,0.9432600321029355,-0.4198786495557358,5.206796502187237,4.789142897908997,2.572229825720591,1.9809986797390535,1.4372937812421878,1.1714244133978533,1.4977319528927466,1.8411955018763722,2.3024065219863608,3.603228750112543,-2.3088005992381833,3.934938251176968,3.3065872181313787,9.046349017362147,5.697099661639193,6.590423014262664,1.6976441871012886,2.1293830961686386,2.571315245344894,3.222050129981985,3.539132391480211,3.7673650594208703,3.8557718074853105,4.131168952360977,4.963933774005404,4.742185245107945,2.8870481277021756,2.5994069019304824,2.50080681527913,2.8848186194348866,3.186351378030371,3.546889185456731,4.10393354156315,4.454797212971904,4.874475717697095,4.140700239321523,3.1242869061855663,2.5814360030774677,2.370875930453232,2.4615077459623262,2.7360862390299023,3.1678705797150926,-1.7958521755586674,4.9272281337699475,5.408223731294064,3.601332997689769,2.7298752563068684,2.3086783043873904,2.0480457958046543,1.9091823867221152,1.8881867037991529,1.520437975793562,6.36519650313035,5.853674594805643
1.1099999999999886,0.3652721928949694,1.6128125069138841,6.976615901605622,1.7400487876685198,1.9971941395408292,1.8983781917556255,1.6442229823300816,1.4876999878711021,1.4073454328095734,7.389674836240911,0.5519254109507228,0.43232318300981226,0.9954072460888908,1.3896225177066979,1.5298995561927105,1.3458319887630446,7.441488280671608,1.015802909388533,7.153651250638797,7.08674515622667,0.6747742809765006,0.7198839267078664,1.249539480739833,1.34980595258197,1.3375774259351767,1.1205182607396973,7.202088164651234,0.6456846925853786,6.723188663172428,6.799667347851195,0.7782998393612537,7.295344120825168,1.383221987700232,1.444855675998984,7.603186025507193,1.1036379863517296,7.1170825811722835,0.18650163051247154,6.201606391317409,6.25360791899694,1.0161489059057978,1.3500104408944575,1.5826899842085889,1.405047042445656,1.3802218057357176,7.587027263650892,0.9446517425370805,-0.41262103337520584,5.211374309427067,4.7940236891570525,2.570475114317767,1.9815788347307597,1.4400245331543222,1.172200873171729,1.497921766903598,1.8411260928083928,2.3019109309941603,3.5997415323360333,-2.309181834341737,3.9354778962623898,3.305998945576052,9.046510460511456,5.690721053425369,6.589216616591176,1.697313371224003,2.128900839542261,2.5706840758384977,3.2209110209585226,3.53862991369741,3.7667347545624588,3.8540046421623373,4.128394194326802,4.958084982189904,4.733816968447736,2.8863906958144283,2.5985321252285747,2.500176875046162,2.8844145248631983,3.186080186369258,3.5459411541475885,4.101145600819302,4.450928747307467,4.870016968631012,4.134651060390608,3.1217196885590495,2.5799396546618016,2.3702201692679723,2.4615389830665233,2.736350654894117,3.1672598244013503,-1.7999259707817805,4.923577647281415,5.406260617866864,3.594327640664046,2.7267502562680557,2.306992904245645,2.0475446644873925,1.9098022722060852,1.8897685288334316,1.5229633236673665,6.367273163912493,5.853169862512017
1.1199999999999875,0.3660725023910282,1.6147544352624044,6.9772319841267,1.740052783926994,1.9958725537148359,1.897341348024697,1.6441540456079922,1.488749111422035,1.40930573523597,7.392131860668857,0.5540038812918159,0.4334271812963374,0.9961330098063095,1.3895297123753578,1.5292509262352612,1.3454505313320126,7.441988616730848,1.0173973999333543,7.156051102850034,7.089443964128108,0.6771260556692763,0.7214424397365957,1.2505251683461405,1.35006723876623,1.3374864531422124,1.120715449580243,7.203179007663065,0.6480148813514064,6.726120565293899,6.802710747583073,0.7808927355429599,7.297137244163734,1.3844186898816242,1.445470315876137,7.60351236483557,1.10423320281055,7.118639731736435,0.19018877989635063,6.205248311950191,6.257073364248691,1.0187883196588416,1.3516979561245268,1.5840582667168124,1.4058452182321224,1.380671329268537,7.587602597907895,0.9460674977938702,-0.40528964420239233,5.21598571310197,4.798995631036853,2.568583051307263,1.9820938853651031,1.44277822399508,1.1729856935518093,1.498117631106243,1.8410577799970018,2.3013969926277102,3.5961320196042377,-2.3096164951634512,3.936000934377,3.305372954777948,9.04663524881425,5.684297160693853,6.5880341296305955,1.6969935441393864,2.128424006347372,2.5700364794831105,3.2197153157557725,3.5380804232073593,3.7660851155693633,3.852256754156909,4.125676057573878,4.952266479651325,4.725479433868366,2.885753873686017,2.597677411148764,2.4995395447543056,2.883966614961917,3.1857524359099214,3.5449584461326946,4.098396110744908,4.447118390210489,4.865603122000645,4.1286360397794715,3.119200338342875,2.578482328638992,2.36956818513177,2.4615297092099264,2.7365437200096037,3.1665790831103187,-1.8039358339557432,4.919983978800443,5.404340734027459,3.5873460557637,2.7236929351067736,2.3053681525043617,2.047064418947101,1.9103941197630125,1.8912847998340485,1.5254064136344272,6.369319347430217,5.852677622927814
1.1299999999999863,0.3668786216128777,1.6166823223882543,6.977879609590428,1.7401546140314565,1.9946499807225757,1.8963810394461478,1.6441184343359476,1.489783482633505,1.4112142947104787,7.394522300441203,0.5560363352770934,0.43451945779442075,0.9968809334220577,1.3895107717105615,1.5286888637479645,1.3451387906788561,7.4425218473200765,1.0189820376652938,7.158405782423869,7.09208041136653,0.6794229373384835,0.7229759918510678,1.2515134724375383,1.350370471724601,1.3374531945415955,1.1209619228233407,7.204294199238226,0.6503370887778501,6.729012930870195,6.805694808828811,0.7834238382210783,7.29889244300996,1.385600541913865,1.4460997676247933,7.6038682584371005,1.1048573609403984,7.120217134206926,0.19388368398338512,6.208866187660126,6.260489154192633,1.0213559158375416,1.3533349180247825,1.5854105640131675,1.4066458826064347,1.38113281071909,7.588193347762115,0.9475093730359521,-0.39787480976865314,5.220635698758991,4.804064731473407,2.56655133839932,1.982545082492898,1.4455584207929193,1.1737808070267428,1.4983203836068009,1.8409908721784056,2.3008640626333414,3.5923934599964147,-2.3101061405434575,3.936507402611707,3.304708344008805,9.046724570760903,5.67782636241748,6.586876620954158,1.6966842978842376,2.1279519016850994,2.569371822210523,3.2184618190031538,3.53748424817557,3.7654159974777817,3.8505244726468146,4.123007695403532,4.946476680865513,4.717174513451524,2.8851332711832014,2.596840366726409,2.4988942968246812,2.883476271785889,3.185371285085119,3.5439435178224676,4.095680809894669,4.443360863354621,4.861232588490727,4.122656273285646,3.116725221408713,2.5770611076174346,2.3689194271752836,2.4614824121602457,2.7366709262304774,3.1658356320318863,-1.8078884207260548,4.916442765376268,5.402463878218378,3.580393131572927,2.720699541927484,2.3038001900432445,2.0466035864887395,1.9109592685164796,1.8927386616148625,1.527770025505843,6.371337808445916,5.852198260482294
1.1399999999999852,0.3676912172050896,1.6185961647207927,6.978557375700513,1.7403446991221634,1.993519325195844,1.895492345972145,1.6441139993718155,1.49080356924189,1.4130732981016958,7.396848929463055,0.5580255278522038,0.43560140981530354,0.9976500857000367,1.3895606171286807,1.528208060560628,1.3448929030631442,7.443086359395671,1.0205573830987744,7.160717293455902,7.0946572125240035,0.6816677138004245,0.7244863235813173,1.2525045295865331,1.3507135299952528,1.33747491288357,1.1212557782522838,7.205433483690351,0.652652841139757,6.731868057685284,6.808622194172127,0.7858957560304136,7.300611610979955,1.386768692555434,1.446743997791452,7.604253165944205,1.1055103990222117,7.121816049034604,0.19759014701265096,6.212463195528641,6.263858219739474,1.0238539140858331,1.3549231775525128,1.586748854692719,1.407450309423631,1.3816069822064758,7.588800400400254,0.9489794331375276,-0.39036641385987125,5.225329550611847,4.809237494261031,2.564377224144342,1.9829334598908739,1.4483686527525756,1.1745880671067155,1.4985307814281097,1.840925592368777,2.3003113877671773,3.5885187878180904,-2.310652393323947,3.936997362610367,3.304004146458679,9.046779431782694,5.671306811719112,6.585745064608978,1.6963851936014895,2.127483804809608,2.568689415295681,3.2171492122700323,3.5368416002424503,3.7647272163847427,3.8488043713654574,4.120382761454584,4.940714008205908,4.708903839831257,2.8845248106986427,2.5960187067190668,2.4982405780271657,2.8829446991265715,3.184939559933876,3.542898494614755,4.092995765828983,4.439651273553866,4.85690382758589,4.116712788481095,3.1142909502966063,2.575673225974011,2.3682733312720625,2.4613993375742,2.736737211040617,3.165035825581714,-1.8117897994871375,4.912949980999719,5.4006296786467205,3.573473541361705,2.717766616799745,2.302285392373281,2.0461607665468144,1.9114989683534331,1.8941330981349087,1.5300569516804041,6.373331219649687,5.851732091126222
1.1499999999999841,0.3685109701718831,1.6204959106210965,6.97926378107451,1.7406140923494993,1.9924739420547246,1.8946706402715057,1.6441387142607469,1.4918098321924462,1.4148848623119112,7.399114448591764,0.5599740584231675,0.4366742379006902,0.9984394669742384,1.3896744329608313,1.5278035025039591,1.3447092109044343,7.443680631800881,1.0221240101001354,7.162987607421413,7.0971770092804,0.6838630222861255,0.72597498815272,1.2534984114240075,1.3510943783618659,1.3375489987563947,1.12159519911604,7.206596641683489,0.6549636950691579,6.734688259496605,6.811495549980835,0.7883110004601827,7.302296505475417,1.387924212936398,1.4474029607335945,7.604666553456699,1.1061922465214313,7.123437743872841,0.20131210031797891,6.216042620750542,6.267183578688843,1.0262844546196912,1.3564644653766584,1.5880750158016366,1.4082597050431047,1.3820945141798058,7.589424582921121,0.9504797540876283,-0.3827538519783329,5.230072874231975,4.814520964523338,2.562057470184944,1.9832598324675907,1.451212420558259,1.1754092529259053,1.4987495073690653,1.8408620836734926,2.2997381004775,3.5845005649097494,-2.311256963583655,3.937470896264729,3.3032593253475753,9.046800674055454,5.664736425633973,6.58464034393269,1.696095768608107,2.127018972271093,2.567988508945055,3.215776032489046,3.536152565173519,3.764018547406543,3.8470932443400687,4.117795368906096,4.934976882673097,4.700668810579484,2.8839247195815005,2.5952102521182563,2.497577806448351,2.882372921579775,3.184459771696623,3.5418252011491553,4.090337338570289,4.4359850778574295,4.852615341893993,4.11080653770137,3.1118943735530853,2.5743160646031744,2.3676293200172958,2.461282502299333,2.736747005199646,3.1641852017655965,-1.815645525189851,4.909501901959332,5.398837616001157,3.566591724424712,2.714890968236281,2.3008203565192256,2.045734626742299,1.9120143836030623,1.8954709393148808,1.5322699824641521,6.375302169496327,5.85127936958358
1.159999999999983,0.36933858020210475,1.6223814665578684,6.97999725515138,1.7409544483774826,1.9915076092978168,1.8939115716651471,1.6441906704808174,1.4928027267606294,1.4166510363963967,7.401321485495415,0.5618843820358213,0.43773897177825216,0.9992480269918681,1.3898476555583696,1.5274704536042047,1.3445842549082836,7.444303235994833,1.023682509307859,7.16521866523626,7.0996423725811315,0.6860113595001652,0.7274433723570447,1.2544951321398983,1.3515110646032216,1.3376729658551132,1.1219784559218429,7.207783497933849,0.6572712451952845,6.737475868433239,6.814317505469887,0.7906719864958334,7.303948755871509,1.3890680980490329,1.4480765984501536,7.605107895861882,1.1069028326947357,7.12508350810232,0.2050536193500334,6.21960786313475,6.270468335454361,1.028649588013891,1.357960390256513,1.5893908251770543,1.4090752108834415,1.3825960213722248,7.590066673695127,0.9520124443607796,-0.375025981700296,5.234871622391316,4.819922778665644,2.5595883141160094,1.9835247932192523,1.454093206335341,1.1762460741708896,1.49897717644201,1.8408004143702237,2.299143212669856,3.5803309195082815,-2.3119216719064504,3.9379281013657437,3.3024727676290184,9.046788992534717,5.658112874244269,6.583563254744249,1.6958155424441386,2.1265566403167795,2.5672682859218994,3.2143406510215633,3.535417094300708,3.763289722609721,3.845388082738869,4.115240050897796,4.929263714135061,4.69247059222359,2.8833295207900904,2.594412927844773,2.4969053687980107,2.881761784491011,3.1839341337798577,3.5407251885586546,4.087702147562262,4.432358050321279,4.848365670713289,4.104938391294112,3.109532564416918,2.5729871453011044,2.366986802883206,2.461133707449934,2.736704276510578,3.163288575317559,-1.8194607040023454,4.906095074902036,5.397087042958539,3.559751870380392,2.7120696518587954,2.2994018883653267,2.045323899148294,1.9125065968607964,1.896754867637442,1.5344118928663482,6.377253161737096,5.850840295647863
1.169999999999982,0.37017477027137285,1.6242527022879465,6.980756183672525,1.7413579951172897,1.990614503200916,1.8932110511289533,1.64426807280063,1.4937827036676194,1.4183738037717544,7.4034725947694024,0.5637588198122953,0.438796493121073,1.0000746803962606,1.3900759634494306,1.5272044417565387,1.3445147665557389,7.444952836391671,1.0252334913503742,7.167412379538199,7.102055805089717,0.6881150910700617,0.7288927151373947,1.255494655299246,1.3519617167424096,1.3378444467293962,1.1224039079114427,7.208993928303766,0.6595771318335956,6.740233238025795,6.8170906727243485,0.7929810337501062,7.305569871130693,1.390201268438507,1.4487648408127973,7.6055766791943125,1.1076420947142829,7.126754667058429,0.2088189421424767,6.223162445115269,6.27371568274124,1.0309512660319404,1.3594124376621983,1.5906979639381913,1.4098979062809218,1.3831120686197862,7.590727413280631,0.9535796664426468,-0.3671710673191675,5.239732124408001,4.825451219598125,2.55696542828216,1.9837287087864186,1.4570144842603807,1.1771001762986044,1.4992143419027277,1.840740582295378,2.298525608494108,3.5760014820993162,-2.3126484729742396,3.9383690871475414,3.3016432763033476,9.04674494764271,5.6514335690666435,6.5825145088882175,1.695544021981549,2.1260960265901123,2.5665278550999497,3.2128412529878596,3.5346349964219117,3.762540428802805,3.843686052739363,4.112711722269518,4.923572891225039,4.6843101239263385,2.8827360220375633,2.593624759713251,2.496222617922876,2.881111954428493,3.1833645778484945,3.5395997588863497,4.0850870417218585,4.428766250476168,4.844153383081539,4.099109131210791,3.1072028090002877,2.5716841248542597,2.366345176463637,2.4609545510621773,2.7366125698627592,3.162350119929822,-1.823240050082685,4.902726287418125,5.395377200935949,3.552957906328245,2.7092999502118498,2.2980269904877226,2.044927376759513,1.912976612873563,1.8979874245267552,1.5364854308990024,6.379186616305332,5.850415019664795
1.1799999999999808,0.3710202915654406,1.6261094550669268,6.981538930352627,1.74181750715496,1.9897891755616939,1.8925652372862642,1.6443692347923307,1.4947502101987598,1.4200550845040074,7.405570258323848,0.5655995686964035,0.4398475555278159,1.0009183201475034,1.3903552683232858,1.5270012456903765,1.3444976609851833,7.445628190434919,1.0267775899339253,7.169570637181337,7.1044197438916505,0.6901764604101568,0.7303241241447217,1.2564969000319708,1.3524445407127645,1.3380611889809324,1.1228700043272508,7.210227866448823,0.661883048840919,6.742962746891421,6.819817647623399,0.7952403679603436,7.307161246846473,1.391324572016476,1.4494676061362317,7.606072403046543,1.1084099854120784,7.128452596126581,0.21261248942212801,6.2267100213985795,6.276928905235032,1.033191333211012,1.3608219684761746,1.591998019040878,1.4107288115950394,1.3836431765508517,7.591407514972412,0.9551836587197983,-0.3591767182976255,5.244661119391793,4.8311152780982365,2.5541838737877613,1.9838717134529122,1.459979731817564,1.1779731460135276,1.4994615008892955,1.8406825185573785,2.2978840360677975,3.571503317637232,-2.313439479789408,3.938793969654508,3.3007695613333703,9.046668974968885,5.64469565056688,6.581494738117537,1.695280705668351,2.125636331160619,2.565766244830226,3.2112758164922237,3.533805929857139,3.7617703050905407,3.8419844743208933,4.110205642673342,4.917902771005302,4.676188120849198,2.8821413036803523,2.5928438707409676,2.495528870406132,2.8804239198795694,3.182752768860927,3.5384499868359023,4.0824890722090155,4.425205993471587,4.8399770704981,4.093319445010334,3.1049025941008743,2.5704047888890673,2.3657038247301934,2.460746440176991,2.736475043728156,3.161373440759632,-1.8269879355618612,4.899392540962964,5.393707234481446,3.546213486749736,2.7065793536898575,2.2966928504832143,2.044543910154005,1.9134253624187227,1.8991710165064162,1.5384933073639937,6.381104871278582,5.850003647321933
1.1899999999999797,0.3718759287725593,1.6279515329096128,6.982343855258157,1.7423262804595792,1.9890265326848342,1.891970523312994,1.644492574530244,1.4957056913343278,1.4216967376721799,7.407616886048516,0.5674087105598173,0.44089280208115045,1.0017778291329504,1.3906817066579853,1.5268568830599534,1.3445300302816314,7.446328148512459,1.0283154648686723,7.1716953019451655,7.1067365634271065,0.6921975970292952,0.7317385904921221,1.2575017466443872,1.3529578183660997,1.3383210518782167,1.123375285557939,7.211485310165665,0.6641907517537468,6.7456668031063405,6.822501011623362,0.7974521227470988,7.308724171722502,1.3924387859263565,1.4501848020304016,7.606594583039272,1.1092064807416393,7.130178734874204,0.2164388865817405,6.230254390388732,6.280111385382902,1.0353715189278003,1.3621902176264458,1.593292485813042,1.4115688915102698,1.3841898271542579,7.592107675061924,0.9568267579640906,-0.35102982097966173,5.249665793840912,4.836924721288981,2.5512380489243007,1.983953701413189,1.4629924417077897,1.1788665169795138,1.499719099687015,1.8406260905940457,2.2972170980256865,3.5668268534462344,-2.314296988850242,3.9392028668533845,3.2998502291292944,9.046561392290648,5.637895974668712,6.580504498305793,1.6950250869795433,2.1251767369095864,2.5649823959995373,3.209642091377961,3.5329293943844085,3.760978940101707,3.8402808008771823,4.10771738107099,4.912251668471354,4.66810507721043,2.881542705578538,2.5920684768663755,2.4948234041401705,2.879697991905028,3.1821001189063636,3.5372767390202995,4.079905467572478,4.421673821844496,4.835835339469021,4.087569920327171,3.1026295947680493,2.5691470455293928,2.365062119231426,2.4605106022343723,2.73629450330251,3.160361638274241,-1.8307084346939961,4.896091025926599,5.392076203640223,3.5395219860236944,2.7039055425454843,2.2953968297941434,2.04417240433117,1.91385370612241,1.9003079211369855,1.5404381870799655,6.3830101856934025,5.849606243847376
1.1999999999999786,0.3727425057975437,1.6297787169136517,6.983169330330821,1.7428781080599045,1.9883218158518507,1.8914235246813331,1.6446366104952532,1.4966495909025055,1.423300563806662,7.409614816756696,0.5691882207198055,0.4419327807914292,1.0026520901817297,1.3910516318403965,1.5267675995129326,1.3446091371787705,7.447051653801582,1.029847805097593,7.173788217466819,7.109008578639177,0.6941805243145257,0.7331370019048599,1.258509041691389,1.3534999057568717,1.3386220033559693,1.1239183842397937,7.212766327576921,0.6665020663278014,6.748347849307854,6.825143334373871,0.7996183415434716,7.310259833492067,1.3935446183935596,1.4509163264819513,7.607142753357618,1.1100315870498352,7.131934601392401,0.22030298775579993,6.233799507550922,6.2832666113768445,1.03749342968024,1.3635182925095288,1.5945827703921986,1.4124190584886003,1.384752469236889,7.592828582893023,0.9585114226642332,-0.3427164629354792,5.254753824106806,4.842890169338836,2.5481216311317354,1.9839743171138726,1.4660561344247027,1.1797817757471842,1.499987538637006,1.8405711045848816,2.296523240760668,3.561961802049696,-2.3152235066249998,3.939595893400787,3.298883770543273,9.04642240416918,5.631031098114706,6.57954427398655,1.6947766571417366,2.1247164092896846,2.5641751546533595,3.207937577148735,3.5320047227972102,3.7601658688074027,3.8385725995383235,4.105242781593722,4.906617845941633,4.660061269039061,2.8809378131370154,2.5912968821342894,2.4941054557682723,2.87893430451782,3.181407799738141,3.5360806908658526,4.077333610961922,4.418166478838469,4.831726803990017,4.0818610398397634,3.1003816617342874,2.5679089189002715,2.3644194191750207,2.4602480956910977,2.736073430488006,3.1593173643813506,-1.8344053630057982,4.892819098665439,5.390483094582291,3.5328864934121618,2.7012763699495816,2.2941364530219808,2.0438118157074454,1.9142624381739213,1.9014002927351008,1.5423226814785107,6.384904743033682,5.849222837704089
1.2099999999999775,0.37362089195637094,1.6315907626526425,6.984013752427208,1.7434672564614335,1.987670583063234,1.8909210676724568,1.64479995769755,1.4975823527646868,1.4248683074041344,7.411566319405584,0.5709399759175056,0.4429679581895201,1.0035399946657078,1.3914616066569832,1.5267298586083,1.3447324091724768,7.447797742120519,1.0313753317899137,7.175851210411536,7.1112380483319715,0.6961271668242024,0.7345201544388277,1.2595186025403144,1.3540692316435587,1.3389621173673,1.1244980263797646,7.214071063280921,0.668818897599601,6.751008368578091,6.827747177157135,0.8017409796157854,7.311769324281153,1.3946427104971273,1.451662069116598,7.6077164693594534,1.1108853482486938,7.133721807025771,0.2242099022648302,6.237349500898382,6.286398187482114,1.0395585413235966,1.3648071710648877,1.5958701919875455,1.4132801763319869,1.3853315237835104,7.593570930800791,0.9602402574806438,-0.3342218492287541,5.2599334243199936,4.849023181643106,2.544827511501774,1.9839329434487403,1.4691743715199064,1.1807203678829377,1.500267176705946,1.840517307222401,2.295800742195754,3.556897078105564,-2.3162217776972946,3.939973154961436,3.2978685472859848,9.046252104326737,5.624097262526699,6.578614483224368,1.6945349071932456,2.1242544954698204,2.5633432640495935,3.206159499690544,3.53103107183823,3.7593305688490632,3.836857532085862,4.1027779307116345,4.900999502351944,4.652056756615522,2.880324442716345,2.59052747339679,2.493374217898036,2.87813281457879,3.1806767539222194,3.534862341318114,4.074771019125582,4.41468088318155,4.827650078051613,4.076193176759483,3.098156808810835,2.5666885425096178,2.363775071340375,2.459959819796104,2.735814010913007,3.15824287168816,-1.838082312168314,4.88957426031568,5.3889268287330765,3.526309810358417,2.698689846073407,2.292909397717272,2.0434611492497137,1.9146522899016005,1.9024501678762051,1.5441493424839554,6.386790655250671,5.848853423852875
1.2199999999999764,0.374512008717514,1.633387400637058,6.984875554191575,1.744088442644759,1.987068691878148,1.8904601785940678,1.6449813240249893,1.4985044220435035,1.426401659522551,7.413473594587607,0.572665761803436,0.44399873129601336,1.0044404498430437,1.391908396058973,1.526740332472139,1.3448974330405374,7.448565541852802,1.0328988015587943,7.177886093901858,7.113427178739329,0.6980393571237133,0.7358887629177636,1.260530221450543,1.354664296155697,1.3393395715587668,1.1251130325583751,7.215399744587292,0.671143239594992,6.753650891173079,6.830315097156006,0.8038219061045964,7.3132536454151715,1.3957336378010996,1.452421912598015,7.6083153102618475,1.1117678529750958,7.135542071676015,0.22816502372227637,6.240908688816573,6.2895098468943935,1.0415681909971999,1.366057699362429,1.597155984888839,1.4141530638179283,1.3859273892338393,7.594335424025425,0.9620160391255203,-0.3255302098075445,5.265213400459977,4.855336353929574,2.541347720699151,1.983828687553628,1.47235076958735,1.1816837042905513,1.5005583357338845,1.8404643868397037,2.2950476979000287,3.5516207085529916,-2.3172948149880117,3.940334741953012,3.2968027766479757,9.046050475965927,5.6170903770010625,6.577715482830153,1.6942993294360782,2.1237901228697402,2.562485356002827,3.2043047864226484,3.530007412271409,3.7584724562947134,3.8351333363387834,4.100319125633214,4.895394762451007,4.644091386579327,2.87970062658271,2.589758714571615,2.4926288359950943,2.8772933010224935,3.179907704538182,3.5336220254842297,4.072215322938574,4.411214105218165,4.823603768224496,4.0705665908441615,3.095953200334824,2.565484152534008,2.363128409775485,2.459646523475027,2.7355181581786825,3.1571400566373518,-1.841742681219442,4.886354137215273,5.3874062706090164,3.5197944499261817,2.6961441231635117,2.2917134846302867,2.0431194557260124,1.915023933182813,1.9034594706825136,1.54592065758171,6.38866996720378,5.84849796664536
1.2299999999999753,0.3754168370648944,1.6351683358323308,6.985753213034047,1.7447368115417154,1.9865122832092752,1.8900380736446303,1.645179506820609,1.4994162464042085,1.4279022604609797,7.415338776285095,0.5743672799744318,0.44502543816277396,1.0053523850786001,1.3923889601272947,1.526795893096018,1.3451019497613657,7.4493542740029355,1.0344190098618657,7.179894671231219,7.115578127310716,0.6999188421959953,0.7372434702197213,1.2615436691867488,1.3552836695816906,1.3397526452413737,1.1257623192651172,7.2167526879551955,0.6734771858156761,6.756278002173177,6.832849652572632,0.8058629060208781,7.314713711665484,1.396817911784539,1.453195734122485,7.608938881912238,1.1126792418257159,7.137397239873996,0.23217406213028854,6.244481600473166,6.2926054673568075,1.0435235684694693,1.3672705885608585,1.5984413001417552,1.4150384983747297,1.3865404466938995,7.595122790697708,0.9638417439988104,-0.31662469712817476,5.270603211357421,4.8618434279487595,2.537673345018362,1.9836603639078387,1.475589015004478,1.18267316772097,1.5008613043762387,1.840411973884226,2.2942620053327887,3.5461197350000746,-2.3184459324981668,3.9406807225688962,3.295684514376573,9.045817390147587,5.610005999059915,6.576847573942312,1.694069418330705,2.123322397082093,2.561599941370779,3.202370039495876,3.528932517856457,3.7575908807381095,3.833397807881995,4.097862843833249,4.889801665873214,4.6361647936737596,2.879064597547366,2.588989140492748,2.491868404870041,2.8764153632416205,3.1791011633820516,3.5323599253326887,4.069664249230048,4.407763344280784,4.819586466360461,4.064981424926016,3.093769138743277,2.564294081029704,2.3624787552375155,2.459308813288399,2.7351875355133117,3.1560104971824496,-1.8453897046840488,4.88315646276913,5.385920234526029,3.51334263819845,2.693637481578492,2.2905466684045095,2.042785829053395,1.91537798366629,1.9044300178972053,1.547639045975469,6.390544661436952,5.848156402398344
1.2399999999999742,0.37633642556737995,1.6369332462132775,6.986645258449526,1.745407913930163,1.9859977659580508,1.88965214937239,1.6453933896905906,1.5003182774004111,1.4293717025301487,7.417163933879479,0.5760461546035898,0.4460483671561986,1.0062747570571884,1.3929004471812778,1.526893604197584,1.3453438498242016,7.450163252436232,1.035936794643001,7.181878739892703,7.11769300672614,0.7017672894572878,0.738584855525752,1.2625586981781995,1.3559259912386612,1.3401997176340668,1.1264449004153805,7.218130305748798,0.6758229406426922,6.758892350144838,6.835353408636278,0.807865682135754,7.316150354926869,1.3978959810083924,1.4539834069718063,7.609586819652362,1.1136197147552893,7.139289297826249,0.23624307932675478,6.248072999103198,6.29568908982423,1.045425706613217,1.368446411087032,1.5997272068047212,1.4159372197657318,1.3871710651007438,7.595933791998174,0.9657205779430976,-0.30748727302750983,5.276113037539849,4.868559415667167,2.5337944311039053,1.9834264744007009,1.478892879475124,1.1836901194703047,1.5011763417549082,1.8403596407199634,2.293441345969042,3.5403801073058174,-2.3196787810637094,3.94101113489897,3.2945116355243638,9.045552602301912,5.602839313763053,6.57601100800531,1.6938446708788761,2.1228503991726964,2.5606853995252683,3.200351506643078,3.5278049529868136,3.7566851196484197,3.8316487820018756,4.095405713587252,4.884218156046161,4.628276402087048,2.8784147734274868,2.588217350381125,2.4910919646743235,2.875498418469378,3.1782574376269275,3.5310760785568,4.067115603696975,4.404325907179766,4.815596742424729,4.059437701930089,3.0916030523379883,2.5631167490857263,2.3618254143408217,2.4589471604373054,2.7348235750035825,3.154855485587235,-1.8490264780685801,4.879979060600185,5.384467490319164,3.506956317446282,2.6911683167550153,2.2894070286938195,2.042459403723398,1.9157150037896442,1.905363523745103,1.5493068557323844,6.392416663226586,5.847828641692157
1.2499999999999731,0.377271899251282,1.6386817803224338,6.98755027788188,1.7460976847227794,1.9855218023989838,1.8892999736835856,1.6456219395427416,1.5012109718956914,1.4308115329205533,7.418951074405841,0.577703938702207,0.44706776512884255,1.0072065540903459,1.3934401869908326,1.527030713576521,1.3456211689242605,7.450991884351905,1.0374530402744626,7.183840095958762,7.119773889157085,0.703586292406419,0.7399134416282431,1.263575045231409,1.3565899683911908,1.3406792663602372,1.1271598890961358,7.2195331134245135,0.6781828318058089,6.761496656919413,6.837828944556931,0.8098318567034924,7.317564327311342,1.3989682319552479,1.4547848020897653,7.610258791284664,1.1145895387283602,7.141220391655688,0.24037852818570127,6.251687908506514,6.298764940528993,1.0472754706996203,1.36958559587469,1.6010146926950874,1.4168499337538325,1.3878196063617232,7.596769232598242,0.9676560085168489,-0.29809858376595677,5.28175385897597,4.875500740187911,2.529699877636945,1.983125184964809,1.4822662364262833,1.1847359062702547,1.5015036808321054,1.8403069007323414,2.2925831650257225,3.534386567233752,-2.3209973876686503,3.941325977929367,3.2932818130470616,9.04525574690627,5.595585110766708,6.575205993188813,1.6936245865340969,2.1223731823424807,2.5597399666391443,3.1982450492691923,3.526623058743825,3.7557543718678312,3.8298841156852097,4.092944485372435,4.878642068873696,4.620425426339078,2.8777497414424094,2.587442000956547,2.490298496322112,2.874541698005808,3.1773766348996384,3.5297703856926885,4.064567254708869,4.400899187684093,4.8116331374585215,4.053935322347117,3.0894534832940646,2.561950659931705,2.3611676783795654,2.4585619067965614,2.734427494559109,3.1536760568637585,-1.8526559811474146,4.876819828836683,5.383046768186339,3.500637150872547,2.688735127068411,2.28829276168341,2.04213935228647,1.9160355055783849,1.9062616045793617,1.5509263618168736,6.394287845854621,5.847514571428223
1.259999999999972,0.3782244693853541,1.6404135537867468,6.988466921312279,1.7468024216513949,1.9850812942414218,1.8889792773603897,1.645864203855311,1.5020947935733444,1.4322232566760371,7.420702145043915,0.5793421200502199,0.448083844606698,1.0081467996043925,1.3940056840650028,1.5272046459113657,1.3459320840382965,7.451839671036397,1.0389686818603399,7.185780538853231,7.121822810795691,0.70537737593347,0.7412297013825454,1.2645924337986139,1.3572743751908314,1.341189866182019,1.1279064995873282,7.220961737266581,0.6805593240798977,6.764093728612612,6.840278861500995,0.8117629729566607,7.318956303636935,1.4000349894743767,1.455599789649819,7.610954500153084,1.115589055718124,7.143192847072761,0.24458729601651227,6.25533164315062,6.301837456881343,1.0490735461665515,1.370688422484724,1.6023046645227124,1.4177773157189142,1.3884864304916233,7.597629971499089,0.9696518002264054,-0.28843782207554375,5.28753754294184,4.882685395985939,2.5253773120247884,1.982754298309698,1.4857130783177943,1.185811867379235,1.5018435315188927,1.8402532067012478,2.2916846484710134,3.5281225209836875,-2.3224061989282117,3.941625201152579,3.291992493886249,9.044926330322237,5.5882377590937615,6.574432701303817,1.6934086666737347,2.121889767926967,2.558761722607842,3.1960461073480637,3.525384937106608,3.754797750140598,3.8281016695281433,4.090476003978469,4.873071121119243,4.612610871651863,2.877068242641919,2.5866617992050025,2.4894869162548288,2.8735442421368673,3.176458666729862,3.528442615566315,4.062017117821263,4.397480646861041,4.807694156656017,4.048474062113591,3.0873190759540097,2.5607943920093397,2.36050482179433,2.458153269959092,2.7340003127521584,3.1524730133000385,-1.8562810994078445,4.8736767253932145,5.381656762747375,3.494386528732942,2.6863365025506987,2.287202171994087,2.041824882877718,1.916339953215469,1.9071257833129838,1.552499764917218,6.396160036075062,5.847214056674583
1.269999999999971,0.37919544430249424,1.6421281447321743,6.989393904728941,1.7475187643674328,1.984673369313453,1.8886879460549866,1.6461193081763512,1.5029702145474815,1.4336083397820032,7.422419035837632,0.5809621268293139,0.4490967901028144,1.0090945548864865,1.3945946110006395,1.5274129959537508,1.3462749098788334,7.452706208943301,1.0404847099650123,7.187701876562989,7.123841776679988,0.7071420013110029,0.7425340633731742,1.2656105757997549,1.3579780516126687,1.3417301879616135,1.1286840497070758,7.222416922791699,0.6829550343837196,6.766686468028753,6.8427057916874165,0.8136604963093327,7.3203268832822745,1.4010965167590976,1.4564282405833922,7.611673688352787,1.1166186911508338,7.145209190732529,0.2488767526538622,6.259009842337406,6.304911317732462,1.0508204244737307,1.3717550139079118,1.6035979472961746,1.418720014201343,1.3891719007732517,7.5985169333925935,0.971712053202753,-0.27848257497081597,5.2934769434288205,4.890133131475109,2.5208129498149763,1.9823112222095147,1.48923753493047,1.1869193418863544,1.5021960835286623,1.8401979483984847,2.2907426969589317,3.521569899347703,-2.3239101294304354,3.9419086924567193,3.290640872225414,9.044563721743199,5.580791179355679,6.573691275287649,1.6931964136611135,2.1213991407009978,2.557748576409552,3.1937496606704774,3.524088433038641,3.7538142725391865,3.826299289390128,4.087997181155042,4.8675028983988184,4.6048315337309145,2.876369156446483,2.5858754948085467,2.4886560704630423,2.8725048935945474,3.175503250322936,3.5270924091268947,4.059463140826074,4.394067794138544,4.803778262526996,4.043053570842048,3.085198565438768,2.559646592012422,2.359836100253449,2.4577213472765504,2.7335428616596045,3.1512469454712346,-1.859904643978295,4.870547754109352,5.380296136391108,3.488205575636661,2.6839711144265244,2.286133664949411,2.041515236767287,1.9166287653724257,1.9079574936333537,1.554029190973998,6.3980350197544675,5.8469269423225905
1.2799999999999698,0.3801862413987101,1.6438250880189478,6.99033001261707,1.7482436739920129,1.9842953688260223,1.8884240127317342,1.6463864538548512,1.5038377170899622,1.4349682123789298,7.424103582636887,0.5825653329907475,0.4501067636536923,1.0100489211558281,1.3952048018837158,1.5276535220865852,1.346648095728746,7.453591191147057,1.042002175834324,7.189605931343372,7.125832765849075,0.7088815708882074,0.7438269168546823,1.2666291729907178,1.3586999023690063,1.3422989978434539,1.129491963531208,7.223899543949524,0.6853727484732101,6.769277888617527,6.845112408727699,0.8155258151989212,7.3216765913687105,1.4021530147762085,1.4572700280394075,7.612416140086224,1.1176789629005464,7.147272173555403,0.253254803778942,6.262728508968526,6.307991478641002,1.052516386601493,1.3727853278241295,1.6048952828704943,1.419678654344403,1.3898763889694183,7.599431120678604,0.9738412458594109,-0.26820865602419647,5.299586013743259,4.897865657434022,2.5159914341854823,1.981792932703517,1.492843892704266,1.1880596762441873,1.5025615089838462,1.8401404493559368,2.2897538962877784,3.5147090041954425,-2.3255146157146154,3.942176263883416,3.289223859555124,9.044167142161214,5.573238813138602,6.572981837347688,1.692987329520386,2.1209002434477555,2.556698249691388,3.191350185964197,3.52273111414848,3.752802852630675,3.8244747876139447,4.0855049686069425,4.861934842678163,4.597085997872963,2.8756514853631896,2.5850818722375712,2.4878047276769086,2.87142228940273,3.174509908599242,3.5257192817061185,4.056903289174535,4.390658168949795,4.7998838681050575,4.037673370335825,3.0830907665969907,2.5585059678964845,2.3591607483200314,2.4572661188806597,2.733055797818696,3.149998250076155,-1.8635293703294187,4.867430951615208,5.378963521967723,3.4820951588315734,2.6816377054250777,2.2850857391850092,2.04120968591961,1.9169023172945203,1.9087580839973894,1.5555166913252343,6.399914547677344,5.846653054573269
1.2899999999999687,0.38119840046797193,1.6455038682014553,6.991274099592059,1.7489744131573026,1.983944835186133,1.8881856505344712,1.6466649160063147,1.504697795489206,1.4363042721136716,7.425757570257318,0.5841530633880171,0.451113909662573,1.011009041018693,1.3958342457427135,1.5279241402214896,1.3470502226617873,7.454494409219583,1.0435221971822333,7.191494545979279,7.127797736869053,0.7105974325053587,0.7451086160170443,1.2676479178652866,1.3594388957833765,1.3428951566556322,1.1303297745413052,7.2254106132540565,0.6878154394402867,6.771871130178263,6.847501439362123,0.8173602414893497,7.323005879221229,1.4032046210577451,1.4581250287461271,7.613181685186199,1.118770490946729,7.149384796314238,0.2577299500620848,6.266494053533288,6.311083212920128,1.0541614836795676,1.3737791460585433,1.6061973274848724,1.4206538412072778,1.3906002806167883,7.600373626284095,0.9760442821222554,-0.25758992078494164,5.305879934217384,4.905906885421166,2.5108956524279424,1.9811959314564676,1.4965366152034731,1.1892342320499278,1.5029399647820416,1.8400799627401445,2.28871448393469,3.5075183399842924,-2.3272256767698405,3.9424276347429394,3.287738051124337,9.043735651217434,5.565573589234557,6.572304497874757,1.69278091424147,2.1203919707417818,2.5556082583504565,3.1888416093839234,3.5213102475929996,3.751762288198586,3.822625923616254,4.082996331130456,4.856364239153018,4.589372637302833,2.8749143399256014,2.5842797424976474,2.4869315716312035,2.870294850947393,3.1734779684318055,3.524322623723543,4.054335531612934,4.387249322815003,4.796009330151104,4.032332853314879,3.08099456330416,2.5573712818551004,2.3584779766749855,2.456787449667527,2.7325396113924745,3.1487271448937113,-1.8671579960091695,4.8643243747975955,5.377657524870234,3.4760558972834668,2.6793350808238405,2.284056979579334,2.0409075305465154,1.9171609426333436,1.9095288214044004,1.5569642433895268,6.401800341516328,5.846392202267763
1.2999999999999676,0.38223359855122896,1.647163911095799,6.992225091285183,1.7497085265845773,1.983619500336569,1.8879711660607617,1.6469540417172932,1.5055509580588067,1.4376178876432826,7.427382735856583,0.5857265987028223,0.452118359123052,1.0119740993583282,1.3964810800587606,1.52822291801862,1.3474800011589965,7.455415755582282,1.0450459646219854,7.193369590672909,7.129738633778484,0.7122908836428385,0.746379483615789,1.2686664940724295,1.3601940626105298,1.3435176195336584,1.1311971292601506,7.2269512929909725,0.6902862882493649,6.774469476538305,6.8498756767783116,0.8191650103475634,7.324315124046947,1.4042514077532589,1.4589931242461016,7.613970202830085,1.119894007816441,7.1515503378180725,0.26231135276499007,6.270313344047129,6.314192159406319,1.0557555141441823,1.3747360619340965,1.607504648113865,1.4216461629179205,1.3913439804347056,7.6013456474423835,0.9783265438796502,-0.24659806405029364,5.312375257266403,4.914283201024421,2.5055065258325055,1.9805161963942555,1.5003203647904237,1.1904443940981009,1.5033315947254573,1.8400156662576672,2.2876203111701905,3.499974429029783,-2.329049982059161,3.9426624114463507,3.286179688289235,9.043268131752738,5.557787886362949,6.571659365262007,1.692576663726885,2.1198731618857303,2.5544758918587616,3.186217253849811,3.519822773857107,3.7506912483007895,3.8207503836333827,4.080468219666644,4.850788202375807,4.581689610628582,2.874156923890733,2.5834679345151765,2.4860351923044424,2.869120772101654,3.1724065569998436,3.522901699838207,4.05175782587303,4.383838801709863,4.792152942292412,4.027031282272368,3.078908898113898,2.5562413432556688,2.357786968864749,2.4562850902235582,2.7319946336247716,3.147433681110816,-1.870793217650209,4.861226088743798,5.376376724537787,3.4700881713654623,2.6770621001780204,2.2830460504850154,2.0406080966397613,1.9174049350206976,1.9102708949432443,1.558373751815202,6.403694099974931,5.8461441780728025
1.3099999999999665,0.3832936664989377,1.6488045738151842,6.993181984578988,1.750443822245051,1.9833172746061989,1.8877789930291728,1.647253248495541,1.5063977293161483,1.438910402308747,7.428980772528815,0.5872871801913423,0.4531202332870715,1.0129433237036014,1.3971435843409314,1.528548069418865,1.3479362691355816,7.456355226390088,1.0465747488283748,7.195232970639548,7.131657392511337,0.7139631753156268,0.7476398139979258,1.2696845763238422,1.3609644947897712,1.3441654357741952,1.1320937914392915,7.228522907657995,0.692788706566905,6.7770763754687025,6.852237995738158,0.8209412794913622,7.3256046277554825,1.405293378825729,1.4598742019738296,7.614781625473103,1.1210503699433423,7.153772386052454,0.26700890648399545,6.274193762790342,6.317324378090131,1.0572979967124452,1.3756554651693536,1.6088177174247857,1.4226561936316313,1.392107917884847,7.602348500604399,0.9806939493598552,-0.2352023978046246,5.319090072396653,4.923023777634679,2.499802768790817,1.979749124575025,1.5042000255925283,1.1916915787314755,1.503736531415193,1.8399466560038096,2.286466800208119,3.4920516093852463,-2.3309949282168767,3.9428800632493264,3.2845446161979135,9.042763271824125,5.549873491987122,6.571046556794568,1.6923740673869676,2.119342592929989,2.553298190059959,3.1834697807014454,3.5182652770038043,3.749588258401536,3.818845759383595,4.077917544026904,4.845203661475119,4.574034858288603,2.873378519711975,2.5826452861376783,2.4851140760237054,2.8678980052267073,3.1712945961595866,3.521455646524639,4.049168104257897,4.380424128563952,4.788312928028881,4.021767788375501,3.076832762255024,2.5551150015231547,2.3570868775399836,2.4557586766667443,2.7314210426486176,3.146117753233538,-1.874437727470498,4.8581341550420065,5.375119675403921,3.46419213298184,2.67481766968777,2.282051689239745,2.0403107334689166,1.9176345493777909,1.91098541910992,1.5597470500303285,6.405597505117773,5.845908759529208
1.3199999999999654,0.38438060746849745,1.6504251331086732,6.994143847278723,1.7511783531475225,1.9830362360599312,1.887607686329601,1.6475620229748866,1.5072386523538341,1.4401831379992238,7.430553333122689,0.5888360142766408,0.45411964683305184,1.0139159841134804,1.397820173777586,1.5288979494844144,1.3484179903978357,7.4573129250096635,1.048109908526392,7.19708663450504,7.133555947866355,0.715615515720551,0.7488898755456854,1.270701829758945,1.3617493441199844,1.3448377489309824,1.1330196468701714,7.23012695780892,0.6953263621640082,6.7796954611430635,6.854591369786503,0.8226901276886527,7.326874614828142,1.4063304662556086,1.4607681561434942,7.615615943032465,1.1222405700876061,7.156054872667063,0.27183331974918135,6.278143270839019,6.32048641499109,1.0587881383278663,1.3765365239097933,1.6101369070970015,1.4236844962562683,1.392892552920372,7.603383637668687,0.9831530181990226,-0.2233696088628761,5.326044194203134,4.932160937429868,2.4937606122478466,1.9788894660739096,1.5081807278491697,1.1929772425202094,1.5041548979093151,1.8398719391551719,2.285248895800366,3.4837218144014512,-2.333068725731198,3.9430798928896285,3.2828282361686765,9.042219543896133,5.541821556784983,6.570466210810352,1.692172605384718,2.1187989676931567,2.552071917145065,3.1805911251356527,3.5166339509428397,3.748451683263197,3.8169095253794407,4.0753411450235415,4.839607344296247,4.56640609784707,2.8725784742928617,2.581810634715859,2.484166594317844,2.8666242448598864,3.1701407947147877,3.5199834680274913,4.046564258959682,4.377002785724485,4.784487433529533,4.016541370318236,3.074765185959463,2.5539911389556456,2.356376820148224,2.455207729371296,2.7308188676957257,3.1447791067565225,-1.8780942294752023,4.8550466203183555,5.373884907304609,3.458367715959706,2.672600735153814,2.281072699935372,2.040014811030676,1.9178500029535464,1.9116734368912807,1.5610859021352639,6.407512228909881,5.845685709968866
1.3299999999999643,0.3854966176003418,1.6520247718130618,6.9951098172963695,1.7519103997928849,1.9827746203410044,1.887455916450229,1.6478799198865879,1.5080742914298042,1.4414373992311647,7.432102034292895,0.5903742770120445,0.45511671058247516,1.0148913926076315,1.3985093929758465,1.5292710495489328,1.3489242535548664,7.458289066160054,1.0496528994115384,7.198932583612797,7.135436241104563,0.7172490736395677,0.7501299125509664,1.2717179087254014,1.3625478208448083,1.3455337971695938,1.1339747088979315,7.231765135487009,0.6979032071975859,6.782330579494844,6.85693889087164,0.8244125523657276,7.328125229122383,1.4073625250946786,1.4616748884106745,7.616473207358207,1.1234657509735773,7.158402111231732,0.27679620421016055,6.282170481546474,6.323685377953775,1.060224796064622,1.3773781634069717,1.6114624792140173,1.4247316248984274,1.3936983819659625,7.604452663731776,0.9857109440118742,-0.2110634956372421,5.33325937690269,4.941730567428033,2.4873534858450523,1.9779312474460529,1.51226787372453,1.1943028913025528,1.504586809141085,1.8397904253945425,2.2839610106471233,3.4749543334137063,-2.3352804971154306,3.9432610008250135,3.281025452031821,9.041635180855108,5.5336225442811005,6.569918500374212,1.691971745526457,2.118240907689886,2.5507935324949047,3.177572424919098,3.5149245612149254,3.7472797072183637,3.81493901459125,4.072735765712137,4.833995760271013,4.5588008179742,2.871756185013187,2.580962807225502,2.483190991392117,2.865296908892099,3.168943638448269,3.51848403062258,4.04394412693851,4.37357219721145,4.780674520133898,4.011350893027822,3.0727052290981236,2.552868663450763,2.35565587403952,2.454631650537039,2.7301879917383447,3.1434173437312256,-1.8817654555597683,4.851961504889973,5.372670925353698,3.452614646551965,2.6704102754709127,2.2801079474234407,2.0397197174356,1.9180514760854124,1.9123359226100765,1.5623920050860867,6.409439939993181,5.845474779303459
1.3399999999999632,0.3866441091379484,1.6536025632019549,6.996079101414829,1.7526384533300936,1.9825308110008037,1.8873224642779345,1.648206561311842,1.5089052348054728,1.4426744774711027,7.4336284607997785,0.591903118439591,0.45611153380644176,1.0158689021665726,1.3992099098015554,1.5296659926831337,1.3494542714153692,7.459283980791431,1.0512052841181831,7.200772882364799,7.13730022827206,0.7188649815978467,0.7513601465238858,1.2727324549224153,1.3633591921356802,1.3462529139020278,1.1349591247253707,7.233439341449353,0.7005235097007858,6.784985816885889,6.859283791776063,0.8261094661541943,7.329356529473425,1.4083893271836103,1.4625943082670516,7.617353537030611,1.1247272203154122,7.160818839709633,0.2819101731277273,6.286284744327631,6.326929025402686,1.0616064317742413,1.3781790407712227,1.6127945753855166,1.425798126976442,1.3945259441726936,7.605557356574873,0.988375675310405,-0.19824468405726947,5.340759559543919,4.951772599841108,2.4805516522009237,1.9768676830835967,1.5164671646691978,1.195670089623569,1.5050323730910684,1.839700916945607,2.28259696396858,3.465715553599609,-2.337640388292062,3.9434222414206133,3.279130609610794,9.041008148425748,5.525266175089391,6.569403648757971,1.691770939789725,2.1176669408611613,2.5494591580616595,3.174403941921437,3.513132401732025,3.7460703113623754,3.812931392124835,4.070098021422633,4.828365181802832,4.551216270924686,2.8709110860059868,2.580100609877947,2.4821853700875365,2.8639131170305547,3.1677013777525977,3.5169560550824954,4.041305474181169,4.370129710578741,4.776872156464183,4.006195086121234,3.070651972094107,2.5517465011169653,2.354923070939581,2.4540297205580646,2.72952815257832,3.142031926340776,-1.8854541817099795,4.848876791411523,5.37147620928687,3.446932453905437,2.66824529660764,2.2791563515349065,2.039424856217984,1.9182391126753968,1.91297378452609,1.563666991123747,6.4113823107347665,5.845275704686285
1.3499999999999621,0.3878257362760015,1.655157452992412,6.9970509736913975,1.7533611994417222,1.9823033303129591,1.8872062162719407,1.6485416362332417,1.509732097865132,1.443895655736084,7.4351341700776254,0.5934236668671122,0.45710422615740365,1.016847905317577,1.399920509331295,1.5300815294854968,1.3500073809053206,7.460298121785382,1.0527687433644757,7.20260966974028,7.139149889363433,0.7204643387702557,0.7525807769286803,1.2737450948411404,1.3641827804587079,1.346994528726293,1.1359731826035067,7.2351517043999145,0.703191888636335,6.787665532565804,6.8616294718382465,0.8277816921715976,7.330568483925603,1.409410553313487,1.463526333120527,7.618257122527904,1.1260264674142093,7.1633102676177955,0.28718894983631577,6.2904962403257665,6.330225870534779,1.0629310580089806,1.3789375151170111,1.6141332031923716,1.4268845449351932,1.3953758279937407,7.606699688115022,0.9911560056217901,-0.18487032360296193,5.3485711467308805,4.962331567559018,2.4733217857709624,1.9756910724936119,1.5207846304064683,1.1970804706113685,1.5054916917043282,1.8396020970859615,2.281149912583567,3.4559686839517156,-2.3401596951707306,3.9435621689675155,3.277137428420856,9.040336113494346,5.516741365149811,6.568921947079311,1.691569620475506,2.1170754889912446,2.548064541953713,3.171074976117073,3.511252245853042,3.7448212471058246,3.8108836265322097,4.067424368221577,4.822711623927913,4.543649463300644,2.8700426346513455,2.579222817158525,2.4811476761791353,2.8624696663413824,3.166412012672967,3.515398107211247,4.038645979144075,4.366672578182073,4.773078210044883,4.001072542001313,3.068604507075236,2.5506235887385276,2.3541773907399968,2.4534010931381003,2.7288389423814956,3.1406221785577584,-1.8891632444948279,4.845790413389271,5.370299212269201,3.441320480358401,2.6661048260201974,2.278216881491095,2.039129643554092,1.9184130203732865,1.9135878671876214,1.5649124304100503,6.413341024588368,5.8450882110469
1.359999999999961,0.38904442403481815,1.6566882387512503,6.99802477355161,1.7540775029801472,1.9820908305693337,1.8871061600132404,1.6488849004062742,1.5105555265542336,1.4451022135117164,7.436620697098625,0.5949370330871758,0.45809489925527463,1.01782783231481,1.4006400879264895,1.530516534211283,1.3505830435482806,7.461332070568757,1.054345088415146,7.2044451721581915,7.140987238463125,0.7220482136238283,0.7537919813290874,1.274755436421072,1.3650179618084608,1.3477581687000824,1.1370173200143894,7.236904602464257,0.7059133528846193,6.79037439547914,6.863979526546361,0.829429957788321,7.331760962390913,1.4104257835709593,1.464470888004537,7.619184231811469,1.1273651815223296,7.165882128355047,0.29264748672492635,6.294816091805346,6.33358530396968,1.0641961734522976,1.3796516122925664,1.6154782194714914,1.4279914174841672,1.3962486781281684,7.6078818480567225,0.9940616736177719,-0.17089376577779042,5.356723330510416,4.97345724743661,2.465626487629647,1.9743926811921204,1.525226659607671,1.1985357463331716,1.5059648615416967,1.8394925170017324,2.2796122738794233,3.4456734636313415,-2.342851007699542,3.943678970800742,3.2750389245664504,9.039616407760601,5.508036157268466,6.568473774525605,1.6913671959682481,2.116464853686233,2.546605017892219,3.1675737718742654,3.509278291109271,3.7435300054003897,3.8087924583229937,4.064711069407936,4.817030821985014,4.536097144853547,2.869150298240747,2.5783281602231014,2.480075680860226,2.860963003673869,3.165073275148883,3.5138085862737265,4.035963215167004,4.363197937637981,4.769290438316372,3.995981713475258,3.066561929220636,2.549498866057675,2.353417754550032,2.4527447890936034,2.7281198056388534,3.1391872859303507,-1.8928955580521005,4.842700243431549,5.369138359155753,3.4357778914419566,2.6639879074474107,2.2772885504822336,2.0388335053733693,1.9185732704581935,1.9141789535271343,1.5661298338376273,6.415317783817681,5.844912011496727
1.36999999999996,0.39030340046427814,1.6581935464354858,6.998999903616865,1.7547863933679595,1.981892085855761,1.8870213801348674,1.6492361765754684,1.5113762011789613,1.4462954320347752,7.438089559567112,0.5964443145609618,0.45908366795125416,1.018808148913686,1.401367647437202,1.530970001255917,1.3511808465558837,7.462386544741939,1.0559362750166708,7.206281717875404,7.1428143350282784,0.7236176462767292,0.7549939149128809,1.2757630648227896,1.3658641637876463,1.3485434599811945,1.1380921329608717,7.238700687151493,0.708693344547712,6.793117426066947,6.866337781706349,0.8310548865815054,7.332933727490187,1.4114344855580212,1.4654279048493266,7.620135216378427,1.1287452721801368,7.168540737168398,0.298302095075552,6.299256487422212,6.337017738541139,1.0653986857183462,1.380318983233559,1.6168293098675854,1.4291192802633825,1.397145202879911,7.609106269980156,0.9971034739593345,-0.15626422931195247,5.365248460019681,4.985205406153626,2.4574237263536234,1.9729626025329352,1.5298000323033591,1.2000377186761935,1.5064519741524913,1.8393705808483352,2.2779756401569426,3.434785858865391,-2.345728374018247,3.9437703839755036,3.272827323729983,9.03884598605073,5.49913764518719,6.568059621677442,1.6911630460845632,2.115833200782701,2.545075460231349,3.1638874166176474,3.507204096826806,3.7421937807919896,3.8066543651854667,4.061954159598689,4.8113182069937634,4.528555795041785,2.8682335407538115,2.5774153145742638,2.4789669612561958,2.8593891947882595,3.163682608214018,3.5121857111006944,4.033254631621772,4.359702791238494,4.7655064789177946,3.9909209107698556,3.0645233282490483,2.5483712678319357,2.3526430169496773,2.452059688780312,2.7273700355188297,3.1377262935114265,-1.8966541317747527,4.8396040810974945,5.367992044188902,3.430303685469109,2.6618935960335617,2.2763704103889917,2.0385358743465276,1.9187198974088,1.9147477666944195,1.5673206559869246,6.417314317638177,5.8447468076024585
1.3799999999999588,0.39160623247170395,1.6596718038129847,6.999975827301598,1.7554870507686517,1.9817059843052307,1.886951054640468,1.6495953550634335,1.5121948406147339,1.447476599995349,7.439542263487444,0.5979465995901793,0.46007065128684543,1.0197883537300083,1.402102289540083,1.5314410420112552,1.3518005045819195,7.46346240683093,1.0575444189720038,7.208121753142505,7.14463329650826,0.7251736505458595,0.7561867093510994,1.2767675371952525,1.3667208635060257,1.349350129870406,1.1391983864862187,7.240542910056787,0.7115377869456752,6.795900043812546,6.86870833303506,0.8326569881138596,7.334086423282161,1.412436000119289,1.4663973212340022,7.62111051783296,1.1301688917350332,7.171293055190088,0.3041705857598455,6.303830825878877,6.3405347807264105,1.0665348189384871,1.3809368548008605,1.6181859639741152,1.4302686658212016,1.3980661819768136,7.610375660089984,1.0002933793472806,-0.140926459152035,5.374182466589635,4.997638665759575,2.4486661940230103,1.9713895973710718,1.5345119540523815,1.20158829080083,1.5069531161554819,1.8392345288933107,2.2762306840251774,3.423257755216949,-2.348807487753734,3.9438335908877993,3.2704939630769987,9.03802137853032,5.490031889314844,6.567680117554352,1.6909565169905412,2.1151785430534074,2.5434702342872177,3.1600017323521317,3.505022513825701,3.740809429252514,3.8044655233594438,4.059149405907012,4.80556887840424,4.521021607015471,2.867291809677686,2.576482886931237,2.477818878813987,2.8577438900487664,3.16223714188649,3.5105275035968195,4.030517533532947,4.356183984062737,4.761723839101828,3.985888297807922,3.062487779989512,2.547239715619504,2.3518519573795245,2.4513445230760045,2.726588768558462,3.1362381019138956,-1.900442088918584,4.836499640196925,5.366858628110438,3.42489670260405,2.6598209537252626,2.2754615466215675,2.03823618673375,1.9188528981521609,1.9152949716203056,1.5684862982089418,6.419332390842916,5.844592289522658
1.3899999999999577,0.392956865538345,1.6611212105532887,7.00095206620817,1.7561787930261303,1.9815315208256803,1.8868944516208765,1.649962394764775,1.513012206976831,1.4486470197227894,7.440980309158927,0.5994449715003244,0.46105597315952146,1.0207679751637861,1.4028432102109627,1.5319288821152228,1.3524418621990097,7.464560674280632,1.0591718135333288,7.209967860373369,7.14644631253408,0.7267172156453301,0.7573704709312157,1.2777683762893752,1.3675875852645916,1.3501780092947249,1.1403370265528296,7.242434552556926,0.7144531376544553,6.798728121399971,6.871095592209751,0.8342366450996378,7.335218561525865,1.413429524140752,1.4673790785208234,7.622110675027181,1.1316384602491256,7.174146759893942,0.31027242027550667,6.308553880884135,6.344149434204834,1.067600003023032,1.381501971751461,1.6195474452648602,1.4314401027630612,1.3990124748891133,7.611693028817171,1.0036446739024085,-0.12482039012578561,5.383565353269718,5.010827508553682,2.439300565314229,1.9696609080076617,1.5393700918572135,1.2031894792160525,1.50746836901606,1.839082418644223,2.274367054845875,3.4110366557584353,-2.352105901991035,3.943865087796615,3.268029180875252,9.037138635959767,5.480703823147052,6.567336061136896,1.6907469156690205,2.114498721083164,2.5417831418167847,3.1559011611226215,3.502725605310791,3.7393734184816756,3.8022217645280376,4.05629226565474,4.79977757383782,4.513490468646122,2.866324522788163,2.5755294012022216,2.4766285554256044,2.8560222866112537,3.1607336654561404,3.5088317693159303,4.02774905937527,4.352638180499272,4.75793988412935,3.980881887598444,3.0604543379680567,2.5461031092404296,2.3510432706005107,2.4505978628528364,2.7257749776244764,3.1347214614429544,-1.9042626863686996,4.833384535382883,5.365736434660345,3.419555633311516,2.657769044888098,2.2745610730498766,2.037933879075666,1.9189722309807946,1.9158211763037643,1.5696281118180715,6.421373812987884,5.844448136001755
1.3999999999999566,0.39435966752875046,1.6625397048751207,7.001928197339939,1.7568610633642725,1.9813677902987776,1.8868509263804791,1.6503373245805955,1.5138291108121227,1.4498080139303688,7.44240519766324,0.6009405128589492,0.4620397627001538,1.0217465678554634,1.4035896943278132,1.5324328591167462,1.3531048971618973,7.465682530812715,1.060820948799598,7.211822778623958,7.148255660956882,0.7282493074863381,0.758545277884618,1.2787650627381244,1.3684638979816734,1.3510270357700118,1.1415091934124402,7.24437925873745,0.7174464468748447,6.801608046489009,6.873504340625703,0.8357940974301957,7.336329505051032,1.4144140899029791,1.4683731192517528,7.623136331818792,1.1331566929855148,7.177110322170563,0.31662887083603986,6.313441990808282,6.347876342248257,1.0685887408627992,1.382010528247089,1.6209127548807885,1.4326341139001724,1.3999850296765757,7.613061725406031,1.007172097410955,-0.10788083140124781,5.393441759195574,5.024851443573709,2.429266646936533,1.9677620423964652,1.544382611769837,1.204843426529417,1.5079978085114534,1.8389121039149026,2.2723732667453183,3.3980654007245517,-2.3556432740542665,3.9438605182936093,3.2654221926677827,9.036193267044279,5.471137149282366,6.567028458280297,1.6905335039231066,2.1137913822060224,2.540007361646859,3.151568646319995,3.5003045580099426,3.737881769035209,3.799918527512276,4.0533778399909455,4.793938635389844,4.505957940154057,2.8653310548009165,2.574553283465858,2.475392847170565,2.854219087142622,3.159168595853016,3.5070960746910576,4.024946156714001,4.34906183886078,4.754151824475216,3.975899536578323,3.0584220249369363,2.5449603178571283,2.3502155561565115,2.449818106878877,2.7249274630596054,3.1331749642213556,-1.9081193358241313,4.830256267864459,5.364623746427731,3.4142790260919913,2.6557369320881743,2.273668126997469,2.0376283847095795,1.9190778141284053,1.9163269328153687,1.5707474013850358,6.423440448223964,5.844314014214176
1.4099999999999555,0.39581947669386985,1.6639249268172496,7.0029038501449055,1.757533418830587,1.9812139812450484,1.8868199189870525,1.6507202453328456,1.5146464168767027,1.4509609331057889,7.443818437923583,0.602434309753176,0.4630221543604861,1.0227237086283194,1.4043411103940748,1.5329524205786806,1.3537897245253299,7.466829339274564,1.062494533308721,7.213689426720448,7.150063726070043,0.7297708695153143,0.7597111768068202,1.2797570257860593,1.3693494123058503,1.3518972568812693,1.1427162365980053,7.246381071755579,0.7205254213146713,6.804546792264229,6.875939792381954,0.8373294224264891,7.337418447728127,1.4153885403777424,1.4693793836610687,7.624188245484839,1.1347266306275452,7.18019308997773,0.32326318712394186,6.318513276962613,6.351732077112107,1.069494449015939,1.3824580870267846,1.6222805881863671,1.4338512131918253,1.400984892376544,7.61448547551622,1.010891999070831,-0.09003719489032527,5.403861610877042,5.039800359459073,2.4184964046029567,1.9656765241499274,1.5495582180765997,1.2065524149270925,1.5085415038838357,1.8387212118675982,2.2702365795022255,3.3842819310118277,-2.359441645984784,3.9438144611986017,3.2626609529976722,9.03518016685649,5.461314223809148,6.566758565132772,1.6903154919122376,2.1130539574304272,2.5381353857005142,3.1469855129121735,3.4977495825653944,3.736329984199465,3.7975508039624057,4.050400822709769,4.7880459720076765,4.498419227808173,2.864310723791223,2.573552845871622,2.474108315609782,2.852328455271526,3.1575379417645273,3.5053177204133754,4.0221055553092375,4.345451183735239,4.75035670165688,3.970938937725727,3.056389824265737,2.5438101706144884,2.3493673067768204,2.4490034681028936,2.7240448419148873,3.1315970341863704,-1.9120156266873123,4.8271122100507435,5.3635188000122245,3.409065294412768,2.6537236719829456,2.2727818642709603,2.0373191300937776,1.9191695239962938,1.9168127380106352,1.5718454281256657,6.425534225875807,5.8441895794500605
1.4199999999999544,0.3973416538063056,1.6652741785103105,7.003878703393904,1.758195519461108,1.9810693699494561,1.8868009522604237,1.6511113322009559,1.515465050569706,1.4521071636486074,7.44522155443124,0.6039274561514856,0.46400328770146615,1.0236989918546824,1.4050969053655875,1.533487122641371,1.3544966016867437,7.468002656103736,1.0641955180091514,7.215570929427061,7.151873019416244,0.7312828230115826,0.7608681780433233,1.2807436322074899,1.3702437773459355,1.3527888343156822,1.143959731657096,7.248444473779549,0.723698493592235,6.80755199808767,6.878407668340905,0.8388425105660616,7.338484390433356,1.416351499749648,1.4703978051261282,7.625267295816453,1.13635167232135,7.1834053781473655,0.3302007657684225,6.32378789503688,6.355735486351982,1.070309266622411,1.382839484061592,1.623649282850644,1.435091901233828,1.4020132169186628,7.615968421706799,1.0148224980414875,-0.07121330004438732,5.4148808743405015,5.055776090423708,2.4069128558717523,1.9633856035342605,1.5549061938820778,1.2083188804434697,1.50909951669538,1.8385071182014106,2.267942874790293,3.3696191268762927,-2.3635257665771188,3.943720158897788,3.2597320020215075,9.034093535270134,5.451215927686769,6.566527939415486,1.690092031234413,2.112283636339872,2.5361589510382174,3.142131351282131,3.495049802145113,3.7347129659606355,3.7951130771450505,4.04735544347286,4.7820930173917215,4.4908691530782345,2.8632627772716277,2.5725262693798325,2.472771196640822,2.850343968207472,3.1558372631607434,3.503493710338465,4.019223737252569,4.341802175674347,4.746551372474844,3.965997612243237,3.054356671106391,2.5426514467784136,2.3484968956655745,2.4481519583025575,2.7231255351563193,3.1299859147957148,-1.9159553509784395,4.823949588916637,5.3624197804463005,3.4039127227470725,2.651728311264711,2.271901454196192,2.037005530924066,1.9192471930258348,1.9172790339479984,1.5729234133872778,6.427657151883346,5.844074474632426
1.4299999999999533,0.3989321381253602,1.6665843823398523,7.00485248188823,1.7588471181368304,1.9809333150400337,1.8867936302165185,1.6515108377255479,1.516286005098371,1.4532481368715109,7.446616095754669,0.6054210583759526,0.46498330686496075,1.0246720241649863,1.4058565995563361,1.5340366290682526,1.3552259344233917,7.469204247522676,1.065927122778071,7.217470647100141,7.153686203661306,0.7327860667484569,0.7620162498846381,1.281724173101607,1.3711466769302858,1.3537020484766495,1.1452414987241335,7.250574429539075,0.7269748969028086,6.810632061775529,6.880914283500536,0.8403330358006518,7.339526112294806,1.417301338324961,1.4714283043404703,7.62637449489608,1.13803561152752,7.186758563373485,0.3374693164817194,6.329288324899669,6.359908108060891,1.0710238264381502,1.3831487161834797,1.625016757052993,1.4363566589991628,1.4030712755122476,7.617515166422342,1.0189836461798678,-0.05132729955601272,5.4265624241025145,5.072894222857879,2.3944288204161057,1.960867924506279,1.5604364428316362,1.2101454280864528,1.5096718994225196,1.8382669208584124,2.265476531940248,3.354004764851105,-2.3679234621373526,3.943569167461557,3.2566202969671307,9.03292678436852,5.440821523574237,6.566338501222556,1.6898622075958638,2.111477340053514,2.5340689690687506,3.1369839115139393,3.4921931282129965,3.7330249136617355,3.792599252830339,4.044235404545669,4.776072682790333,4.483302116505004,2.8621863778097105,2.5714715852839753,2.4713773670437345,2.8482585673027256,3.1540616258916083,3.501620715153616,4.016296903643412,4.338110477770011,4.742732491427473,3.961072899582211,3.052321443236749,2.541482865312972,2.3476025626440196,2.4472613711187186,2.7221677527250883,3.1283396542330904,-1.9199425306349511,4.820765467857418,5.361324814820153,3.3988194716334377,2.6497498825988868,2.271026074632131,2.0366869880294423,1.9193106072180908,1.9177262080083914,1.5739825422408427,6.429811321239582,5.8439683296541265
1.4399999999999522,0.4005975065480826,1.6678520387115066,7.005824952981703,1.759488051095211,1.9808052525103048,1.886797636984016,1.651919095425138,1.517110349452699,1.4543853390002244,7.448003643969153,0.6069162397127689,0.46596235970215605,1.0256424183973094,1.4066197815886932,1.534600710792046,1.355978283988807,7.4704361075572905,1.067692865617745,7.219392209336784,7.155506120113068,0.7342814759035998,0.7631553113805342,1.2826978481950733,1.372057825285796,1.3546373036951087,1.1465636229886549,7.252776433357182,0.7303647442999924,6.813796245226547,6.883466650387729,0.8418004194457358,7.340542136385719,1.418236130862145,1.4724707819489335,7.62751099752262,1.1397826745063928,7.190265182603061,0.3450990159307021,6.335039704695898,6.364274669403294,1.0716269810652639,1.3833788088618566,1.626380436282724,1.4376459394865877,1.4041604693944036,7.619130816737973,1.023397585644096,-0.03029178578684758,5.438977047134952,5.0912861685798,2.3809455259392234,1.9580991431145822,1.5661595316232824,1.2120348478955112,1.5102586938628297,1.8379974129137953,2.2628203097606603,3.3373616507240342,-2.37266606494012,3.9433509035391205,3.2533090294292215,9.03167243392683,5.430108496365699,6.566192605373463,1.6896250331516254,2.1106316924783433,2.5318554538475766,3.1315190178191057,3.4891661223717745,3.731259200936257,3.7900025811947597,4.041033810054263,4.7699773039707045,4.475712055413669,2.8610805880633285,2.5703866554960157,2.4699223090230613,2.8460645077993374,3.152205551040312,3.4996950298563245,4.0133209372421375,4.334371418612759,4.738896491031682,3.9561619455470995,3.0502829514800243,2.540303073841668,2.3466823991427526,2.4463292635631717,2.7211694763262613,3.126656087850313,-1.9239814476042678,4.8175567267709045,5.360231965040781,3.39378358166495,2.6477874004975184,2.270154906934036,2.036362883038621,1.9193595033105384,1.9181545927169654,1.5750239671942146,6.431998931579367,5.843870760521118
1.449999999999951,0.4023450348369168,1.6690731864150816,7.006795922891408,1.7601182290533535,1.9806846911738754,1.8868127362105145,1.6523365240708119,1.517939237269002,1.4555203223268454,7.44938582517224,0.6084141451914471,0.4669405965217011,1.0266097866606192,1.4073861033425537,1.5351792459749893,1.3567543753225428,7.471700477935586,1.0694965946006634,7.221339553192977,7.157335820578629,0.7357699000875649,0.7642852235464146,1.2836637472183434,1.3729769620006025,1.355595134035364,1.1479284770518168,7.255056559288815,0.7338791113913874,6.817054795349481,6.88607260173448,0.8432437865022142,7.341530688905464,1.419153607231254,1.4735251093333626,7.628678112196622,1.1415975610221474,7.193939031925329,0.35312263667335253,6.341070215943663,6.368863685452963,1.0721054768342102,1.383521661037751,1.6277371671332275,1.4389601568818084,1.405282339744859,7.620821029601281,1.0280886903384134,-0.008014156592270866,5.452204602206891,5.111101525218152,2.366351080149139,1.95505149357905,1.5720867328693533,1.2139901320283737,1.510859929482353,1.8376950557380123,2.259955244222834,3.3196080046863994,-2.3777889109605312,3.9430520544347587,3.249779431150973,9.030321994383502,5.419052375470274,6.566093127815681,1.6893794386627967,2.1097429903003326,2.5295074524373873,3.1257105164743546,3.485953843149102,3.729408225163787,3.7873155685847317,4.037743086663752,4.763798581544114,4.468092394425047,2.8599443551095924,2.5692691516355692,2.4684010733049333,2.8437533096377794,3.150262958756995,3.4977125238585103,4.010291360456997,4.330579951061408,4.735039559744833,3.9512616881785023,3.0482399295904217,2.539110636949586,2.345734332089555,2.4453529361818425,2.7201284398228975,3.12493281752013,-1.9280766771947422,4.814320040073181,5.3591392196457885,3.388802976312493,2.645839857066574,2.269287130838889,2.0360325738169247,1.9193935656342989,1.918564465272915,1.576048812049628,6.434222298098621,5.843781368286782
1.45999999999995,0.40418275920383595,1.6702433705657156,7.007765232759369,1.760737628892244,1.9805712085365095,1.886838770973426,1.6527636326599193,1.518773916658929,1.4566547176934819,7.450764321282362,0.6099159465671407,0.46791816840945033,1.0275737323576015,1.408155274844305,1.5357722205882862,1.357555106407345,7.472999869862332,1.0713425225385287,7.223316966616469,7.159178604389128,0.7372521603475345,0.7654057786950854,1.2846208278538,1.3739038461033688,1.356576209663788,1.1493387450639494,7.257421513639969,0.7375301204895641,6.8204190824611235,6.888740936335189,0.8446619131955065,7.342489650769927,1.4200510941984215,1.474591117180912,7.6298773125010495,1.1434854865069035,7.197795261513005,0.36157563371350826,6.347411527102277,6.3737081780534295,1.0724435676628112,1.3835678638038371,1.6290831165477337,1.4402996727904587,1.4064385784596833,7.622592055586339,1.0330836752124597,0.01560265848758329,5.466335357070058,5.132510731863658,2.3505188401344728,1.9516933005743482,1.5782300677930945,1.2160144930042975,1.5114756219108705,1.8373559541069704,2.2568605761952774,3.300658196411759,-2.3833319222876477,3.94265580614089,3.2460105734823514,9.028865837318499,5.407626536616303,6.566043569156662,1.689124265706295,2.108807172469907,2.5270129817376743,3.1195302752555594,3.4825396764890653,3.727463221886035,3.784529877948481,4.034354894477069,4.75752751370288,4.460435987508976,2.8587764939481826,2.5681165330543605,2.466808241702312,2.841315712042551,3.1482271063576213,3.495668582224519,4.007203287931018,4.326730606181213,4.731157617140661,3.946368841064943,3.0461910234888228,2.537904023802615,2.344756106810255,2.444329412188633,2.719042107123176,3.1231671874985243,-1.9322331252166984,4.811051852315585,5.3580444845796045,3.383875463477387,2.6439062175631642,2.2684219192490884,2.035695389684922,1.9194124226945941,1.9189560468012825,1.5770581759377564,6.436483870012812,5.843699737760068
1.469999999999949,0.4061195357633068,1.6713576261072525,7.008732754414311,1.7613462858435964,1.9804644470669355,1.8868756642070856,1.6532010261214922,1.5196157410725102,1.4577902485070635,7.452140883355788,0.6114228475470873,0.4688952250597568,1.0285338409831057,1.4089270590207412,1.536379729503341,1.358381558775694,7.474337087574593,1.0732352642089789,7.22532913781062,7.16103806157906,0.7387290450033168,0.7665166875878787,1.2855678896866942,1.3748382490560318,1.357581343706719,1.1507974483901295,7.259878688650748,0.7413310232494654,6.823901758541153,6.891481592688079,0.8460531645467088,7.343416500443038,1.420925447066274,1.4756685814078108,7.631110248606118,1.1454522244451293,7.2018504601130955,0.3704961653547376,6.354099303788953,6.378846536849001,1.0726225620896774,1.3835064898851133,1.6304136552574866,1.4416647790739614,1.407631038322006,7.624450778194672,1.03841165099182,0.04065898584333704,5.4814715275621975,5.155708004746212,2.3333057449038836,1.9479884404510102,1.5846023482128533,1.2181113832858639,1.5121057719065825,1.836975835736134,2.2535137291149963,3.2804239520042526,-2.3893402953693537,3.9421408284258317,3.241979169492695,9.027293054502037,5.395801980656455,6.566048179133246,1.6888582593003483,2.107819790365267,2.524358978082477,3.112948257925213,3.4789051484478812,3.725414034184146,3.781636216761853,4.030860026863513,4.751154320284241,4.452735050065374,2.8575756700715984,2.566926024058698,2.4651378905445873,2.8387416356797983,3.14609052055053,3.493558036147752,4.00405137289283,4.322817441628087,4.727246285942307,3.941479873673649,3.044134779727219,2.5366815950908532,2.3437452691628753,2.443255416067515,2.7179076474689956,3.1213562563032946,-1.9364560695241486,4.807748351026356,5.356945572825532,3.3789987356562556,2.6419854156962037,2.2675584328954583,2.0353506264476113,1.9194156435443395,1.9193295013517055,1.578053137571153,6.438786248798295,5.843625435968273
1.4799999999999478,0.4081650944503018,1.6724104893571146,7.009698385768406,1.7619442861122008,1.98036411084212,1.8869234196509637,1.6536494117716845,1.5204661812483478,1.4589287465117082,7.4535173467012,0.612936089313061,0.46987191204638024,1.0294896694832265,1.4097012662244488,1.537001978068865,1.3592350091184955,7.475715253450873,1.0751798757747264,7.227381211313297,7.16291812338611,0.7402013041968397,0.7676175640656505,1.2865035435336047,1.375779946416702,1.3586114994644414,1.1523079723436878,7.26243621546165,0.7452962775242278,6.827516937913695,6.894305855754491,0.8474154210245386,7.344308246819553,1.421772969930653,1.4767572059559955,7.632378758480321,1.1475041470844327,7.206122719926464,0.3799250181597345,6.361173794351088,6.384323546083785,1.0726202994270604,1.3833248515745067,1.63172322482742,1.4430556768284104,1.4088617419047444,7.626404744446926,1.0441040938817032,0.06725655825515296,5.49772904327149,5.180914496945557,2.314550731719485,1.9438957615150718,1.5912172173265444,1.2202845164707712,1.5127503652710637,1.836550038771654,2.2498903636302696,3.2588161792945214,-2.3958653249244226,3.9414799351031147,3.237659393192142,9.025591308292595,5.3835470864834,6.566112106743805,1.688580061486354,2.1067759803977966,2.521531268332656,3.1059327037148825,3.4750297180115988,3.7232488237266113,3.778624211374969,4.027248297864945,4.744668356908606,4.444981079197555,2.8563403810176045,2.56569459077713,2.463383557009867,2.836020157525195,3.143844923734322,3.4913750802343873,4.000829746321035,4.318833983670176,4.723300860456972,3.9365909882175276,3.0420696330573014,2.53544158934949,2.3426991472681196,2.4421273523824074,2.7167219080667717,3.1194967640007984,-1.9407512066600425,4.804405436349161,5.355840192770605,3.3741703685840636,2.640076348601105,2.266695814868667,2.034997541287706,1.9194027340578765,1.9196849346841038,1.5790347597721874,6.441132208501889,5.843558010353551
1.4899999999999467,0.41033008297857015,1.6733960566702024,7.010662045768814,1.7625317598568668,1.9802699625353166,1.8869821233132502,1.6541096065147716,1.5213268382787415,1.4600721695711654,7.454895648121795,0.6144569564098139,0.47084836745058606,1.0304407339306372,1.410477748415899,1.5376392841216129,1.3601169418769192,7.477137834262204,1.0771818957600945,7.229478851632755,7.164823121432219,0.741669643105261,0.7687079068026006,1.2874261754949115,1.376728707887103,1.3596677977662457,1.1538740932423783,7.2651030136105215,0.7494416125682187,6.8312804030427845,6.897226602834614,0.8487459939337314,7.345161351083816,1.422589323520299,1.4778566019399084,7.633684878195136,1.149648261714442,7.210631669403961,0.3899053983425477,6.3686804996678825,6.390191599985134,1.0724105570317872,1.3830082264052972,1.633005189043533,1.4444724511261213,1.410132888280936,7.6284621808680955,1.0501946902682753,0.09549585632998393,5.5152395629948145,5.20838155888853,2.29407344198814,1.9393684858171003,1.598089189042889,1.222537890511196,1.5134093744131765,1.8360735121218037,2.2459645447609264,3.235747578525036,-2.4029654064934425,3.9406383099225044,3.2330227379793914,9.023746678867726,5.370827334709955,6.566241581927677,1.6882882066504126,2.105670441589781,2.5185145741877046,3.0984504484797397,3.4708905467794415,3.720953705763196,3.775482266922829,4.023508415815353,4.738058017739933,4.43716475994274,2.8550689368561617,2.5644189183723225,2.4615382112271598,2.8331395051788824,3.1414811543639107,3.4891131734430756,3.9975319478437625,4.314773161946624,4.719316270887729,3.9316980924858047,3.039993892978313,2.5341821087769594,2.341614833392113,2.4409412858450312,2.715481384043877,3.117585094146062,-1.9451247044161775,4.801018686992232,5.354725935161745,3.369387818199212,2.638177871416029,2.265833185020059,2.0346353476108447,1.9193731332611816,1.9200223929010094,1.5800040943448674,6.443524718454353,5.843496986680819
1.4999999999999456,0.41262609538777095,1.6743081187692206,7.011623668808744,1.7631088744418644,1.9801818207051285,1.8870519454280485,1.654582544751624,1.522199457779607,1.4612226217393265,7.456277845671717,0.6159867830996058,0.47182471775753015,1.031386495249102,1.411256392863783,1.5382920803420126,1.3610290625973367,7.478608667904611,1.079247386600026,7.231628315320518,7.166757857143829,0.7431347139154717,0.769787077841624,1.2883339051071905,1.3776842854188933,1.360751524141734,1.155500004660805,7.2678888332034,0.7537840748438716,6.835209838125516,6.900258594980137,0.8500415304495051,7.345971636831394,1.4233694201006695,1.478966262616684,7.63503085045934,1.1518922386518526,7.215398457564821,0.4004825447424374,6.376670935551484,6.396512124403546,1.0719624023355787,1.3825395530215512,1.6342516727267546,1.445915041343104,1.4114468562993416,7.630631986978783,1.0567190060230138,0.12547246019057795,5.534152758310926,5.238393870044766,2.2716735510893695,1.9343536347192996,1.6052336861445289,1.2248758136130449,1.5140827625507685,1.8355408351603817,2.241709066510985,3.2111362145513427,-2.4107072802991714,3.9395711527357955,3.2280379467166602,9.021743517899031,5.357604998181344,6.566444136147719,1.68798111969392,2.1044974216327867,2.515292564962083,3.0904674303181188,3.4664622400441982,3.7185122844089555,3.772197412300624,4.019627841875307,4.731310625175734,4.429275854724161,2.853759439618768,2.563095389630118,2.4595942380478717,2.8300870791484978,3.1389890813452643,3.4867649195588415,3.9941508471504967,4.310627235968994,4.715287042916387,3.9267967679552718,3.037905729143164,2.532901104762492,2.340489166789956,2.4396929240741,2.714182185762541,3.115617229430423,-1.949583261246111,4.797583321934879,5.353600258490681,3.364648415746449,2.636288791384159,2.264969634250125,2.034263209976632,1.919326209938568,1.9203418610110312,1.5809621873763577,6.44596696878463,5.843441866634315
1.5099999999999445,0.4150656788739449,1.6751404124590539,7.012583198489381,1.7636758278579923,1.9800995573303448,1.8871331428612803,1.6550692869102008,1.5230859451018555,1.4623823759192875,7.457666141374995,0.6175269603327811,0.47280107293410606,1.0323263427132516,1.4120371152002593,1.5389609168166032,1.361973311691671,7.48013198962868,1.0813829753442337,7.233836532364353,7.1687276831415785,0.7445971069391621,0.770854277648088,1.289224537107017,1.378646399023928,1.3618641353403422,1.1571903412601605,7.270804284566307,0.7583420446723708,6.8393250929571145,6.9034188202281,0.8512979115429762,7.346734188530354,1.4241073059517837,1.4800855337199073,7.636419130205481,1.15424442572016,7.220445669125901,0.4117031133276953,6.38520349444201,6.403357209403338,1.0712395240200314,1.3818991053941818,1.6354533950106909,1.4473832073076485,1.412806202815515,7.632923696145136,1.063713920064564,0.15727224605644652,5.554638872797135,5.271272050767486,2.2471312450215564,1.928791551328015,1.612667078614808,1.2273029338392458,1.514770491914003,1.8349462652221789,2.237095987951667,3.1849102125572126,-2.4191676081366422,3.93822055587714,3.2226710588318586,9.019564324390412,5.343838794606003,6.566728871107804,1.687657118591922,2.1032507161335436,2.5118479778998464,3.0819494262081295,3.4617165498687186,3.7159050567340524,3.7687551302046542,4.015592632362808,4.724412304481024,4.421303072658288,2.852409761756971,2.561720066387101,2.457543433612424,2.8268495134172316,3.136357512184271,3.4843219217684327,3.990678554524866,4.306387712276756,4.711207251854102,3.921882232362361,3.035803155511375,2.5315963634593226,2.3393187186385735,2.43837760492768,2.712820003564891,3.113588699837395,-1.9541341736199058,4.794094157262242,5.352460472621235,3.359949360797893,2.6344078614037194,2.2641042187266045,2.0338802393098074,1.9192612598152232,1.920643261537568,1.5819100850723578,6.448462399207119,5.843392125081215
1.5199999999999434,0.41766231219731936,1.6758870489242153,7.013540580615239,1.7642328421981366,1.9800230955174793,1.8872260618882197,1.6555710284487428,1.5239883814506519,1.4635538994275086,7.459062907416924,0.6190789435662367,0.47377752061976447,1.0332595749740474,1.4128198516443797,1.5396464636043223,1.3629518780643242,7.481712456378212,1.0835958915968786,7.236111197730465,7.170738598426765,0.7460573417490141,0.771908516606888,1.2900955066372668,1.3796147199301356,1.363007264550815,1.1589501979649146,7.273860848665964,0.763135212076179,6.843648478992737,6.9067268937130155,0.8525101501233792,7.347443239896482,1.4247960337859964,1.481213578891971,7.637852385679612,1.1567138424567158,7.225797145525581,0.4236142826895272,6.394344409436422,6.410811431328129,1.0701996117169759,1.3810641631346354,1.6365995104833457,1.4488764922535236,1.4142136538814998,7.635347391331286,1.0712167549255545,0.1909653191752403,5.576891544210457,5.307374128904933,2.2202096325506515,1.922615639209786,1.6204067253201386,1.2298242740216532,1.51547253778146,1.834283823267673,2.232097441312368,3.1570136853507553,-2.428435016757769,3.9365113678804184,3.216885634741192,9.017189667132456,5.329483495513825,6.567106787241457,1.6873144234298925,2.101923687142224,2.508162828756874,3.0728630648430006,3.456622024120131,3.7131086440768364,3.7651391728140213,4.011387264094507,4.717347841016531,4.413233914550219,2.8510175238227835,2.5602886757857655,2.4553770231999845,2.823412786083882,3.1335740940013217,3.481774604142052,3.9871063188990505,4.302045251067387,4.707070470539724,3.9169492957461287,3.0336840131540628,2.5302654919011753,2.338099780575384,2.436990290776794,2.71139007003411,3.111494521766408,-1.9587854125894797,4.790545557412836,5.35130372044538,3.355287711928078,2.6325337729450875,2.263235954106229,2.0334854886623246,1.9191775037094154,1.920926453319735,1.5828488402499576,6.451014731648309,5.843347206984695
1.5299999999999423,0.42043034942590635,1.6765431993354492,7.014495755306715,1.7647801570568686,1.9799524072847958,1.8873311412224278,1.6560891091000065,1.5249090406916601,1.464739882783816,7.4604707163719945,0.620644261794551,0.4747541194089637,1.0341853784408963,1.4136045501901109,1.540349513021056,1.3639672118372963,7.483355167372412,1.0858940002381001,7.238460873738896,7.1727973591262035,0.7475158600690124,0.7729485832598714,1.2909438183512107,1.3805888507727224,1.3641827244553477,1.1607851415357773,7.277070860018006,0.7681844988692911,6.848205098433059,6.91020551654742,0.8536723035188429,7.348092056384449,1.4254275306132311,1.48234934036215,7.639333493076015,1.1593101456392005,7.231477683778624,0.4362625381949804,6.404168816798859,6.418973795780458,1.068793909885239,1.380008711157532,1.6376774814429242,1.4503941848333672,1.4156720865558015,7.637913561381136,1.0792640374151006,0.22659869435979527,5.601130842501732,5.347094915090363,2.1906602364474086,1.91575250373318,1.6284710253524612,1.2324452744787715,1.5161889107354887,1.8335474297685301,2.2266867728459245,3.1274138858347325,-2.438612799018135,3.9343457452428585,3.210643231841573,9.01459819019443,5.314489484220636,6.567591186706041,1.686951174698977,2.100509308535305,2.50421873797707,3.0631771503609126,3.4511435747617987,3.7100947964522093,3.7613313641139623,4.006994442464504,4.710100517249596,4.405054488386724,2.8495800716986692,2.558796603962896,2.4530857082068414,2.819762392437636,3.130625205253896,3.4791119904868935,3.9834244115492794,4.297589561034904,4.702869710024282,3.911992308759095,3.0315459516409904,2.528905905361117,2.336828358803486,2.435525572551569,2.709887119794335,3.109329126121626,-1.9635457110525754,4.786931380025334,5.350126957323671,3.3506603747234323,2.630665148252695,2.2623638098755694,2.033077949890192,1.9190740871537426,1.9211912306844767,1.583779519630302,6.45362800739847,5.843306523957532
1.5399999999999412,0.42338492469273087,1.6771061415986501,7.015448648133601,1.7653180227085519,1.9798875112972993,1.8874489151202005,1.6566250220240237,1.5258504065224332,1.4659432720319998,7.461892376064443,0.6222245283712294,0.47573089129981816,1.0351028030275995,1.4143911605542472,1.5410709812558114,1.3650220351275602,7.48506567854158,1.0882858259840207,7.24089510366949,7.1749116061878375,0.748973023545225,0.773973010250436,1.2917659809788087,1.381568302651385,1.3653925070079616,1.1627012108005261,7.2804474524404235,0.773511914094201,6.85302320519317,6.913880988989139,0.8547774252446038,7.348672820359956,1.4259924716249037,1.4834914957812728,7.640865522360141,1.1620435562480604,7.237512584534121,0.4496921144952625,6.414761901102809,6.427959654967998,1.066967157505032,1.3787032258876595,1.6386730191512915,1.451935284503508,1.4171844988182938,7.640632882678095,1.0878898361264562,0.26418794040888716,5.627606422195311,5.3908619382518195,2.1582331423532652,1.9081227740517381,1.636879490296651,1.2351718473865703,1.5169196901424915,1.8327311036531018,2.22084006574482,3.0961093817867797,-2.4498225399886366,3.93159604456274,3.203904212636938,9.011766753330727,5.298802253257276,6.568198169633714,1.6865654644601173,2.0990002471815568,2.4999973979068995,3.0528643069834964,3.445241922436915,3.706829101288425,3.7573113896114636,4.00239489267027,4.702651926136041,4.396749288817023,2.8480944538655635,2.5572389004434273,2.4506597511877,2.815883591654785,3.127495833689743,3.4763214280042343,3.9796219931306283,4.293009281061919,4.6985973519055255,3.9070051017735974,3.029386408972561,2.5275148168912933,2.335500176190298,2.4339776867217857,2.7083053466661,3.107086272735745,-1.9684246634781213,4.783244913457912,5.348926928030159,3.346064086737225,2.6288005317483414,2.2614867039780946,2.032656551716324,1.9189500820914742,1.921437323192004,1.5847032120876086,6.45630662962855,5.84326945046365
1.54999999999994,0.4265418179121988,1.6775767897958787,7.016399160226136,1.7658466929061145,1.9798284703912692,1.8875800163158518,1.657180422421011,1.5268151895812272,1.4671673048468572,7.463330969643239,0.6238214545314661,0.4767078135586847,1.036010735601169,1.4151796227093594,1.5418119088149065,1.3661193495153074,7.486850007913415,1.090780566522816,7.2434245364914265,7.177090010533073,0.7504291217143505,0.7749800400735263,1.2925579407700365,1.3825524691821405,1.3666387785761895,1.1647049010406747,7.284004457287278,0.7791403322823709,6.858134593301844,6.917783762127716,0.8558175974454961,7.349176534423595,1.426480178466905,1.4846384134313713,7.642451711627835,1.1649247370993383,7.24392702490473,0.4639431174249718,6.42622008754041,6.437902333519308,1.0646582485805565,1.3771146404166852,1.639570152649897,1.4534984777627513,1.418753965254928,7.64351591250316,1.0971236570771095,0.3037083096752981,5.656600609101121,5.439126160144964,2.1226938391664416,1.8996429997913982,1.6456528562311519,1.2380104486520305,1.5176650724931606,1.8318292361427018,2.2145380643302026,3.0631387574051274,-2.4622090275461943,3.928095690830233,3.1966289508762737,9.008670777353782,5.2823618284588365,6.568947247632726,1.686155384942223,2.097388989690651,2.4954812021104167,3.041902910266966,3.438872850953155,3.7032693124685103,3.7530565721945446,3.997567135236121,4.694981756661437,4.388300932394789,2.8465573993720983,2.5556102971462624,2.4480891082842717,2.811761734222481,3.1241694321702385,3.473388239400229,3.975686961061946,4.288291847297356,4.694245070957566,3.901980912967796,3.0272025900581587,2.5260892302474955,2.334110685206651,2.4323405483966436,2.7066383575394513,3.1047589476558275,-1.9734328402129844,4.779478805919356,5.347700140881073,3.3414953989137457,2.626938380551715,2.260603497955693,2.0322201597650564,1.918804491342734,1.9216643961568944,1.585621038014233,6.459055412315838,5.843235319703211
1.559999999999939,0.42991728951690067,1.6779618254054083,7.017347157427835,1.7663664171377744,1.9797753886848848,1.8877251784628193,1.6577571350344644,1.5278063439703804,1.4684155505825627,7.464789901355563,0.6254368670394385,0.47768481054961465,1.036907872046892,1.4159698539122039,1.542573459165851,1.367262438514578,7.4887146286493165,1.093388090996872,7.246061061777171,7.179342434476827,0.7518843987835868,0.7759675945448964,1.2933150201610053,1.3835405982213753,1.3679238688747168,1.1668031274544726,7.287756244337861,0.7850931898855279,6.863575002973316,6.921948994181682,0.8567841088890521,7.349592968754392,1.4268785717008563,1.4857881101341364,7.64409542731115,1.1679646107363293,7.250745243284263,0.4790494110305113,6.438652215933107,6.448954030839272,1.0618021100471728,1.3752066295829433,1.640351511001979,1.4550821373817286,1.4203835769947084,7.646572685574406,1.1069879417301578,0.34508627217737126,5.6884311408905575,5.492345370382205,2.083849100845834,1.8902291448615465,1.6548132651601875,1.2409681760371758,1.518425438786903,1.8308369473147388,2.207768463159252,3.0285889635567127,-2.475946905924384,3.923627714761669,3.1887794426134093,9.005284882441977,5.26510210209917,6.569862105424873,1.6857191001716822,2.0956680243776913,2.4906540464607296,3.0302792026849303,3.431986173827657,3.699363203272655,3.748541627189923,3.9924872474703315,4.687067546237589,4.379689838099806,2.8449652973299666,2.5539052463654492,2.4453636174363624,2.8073826688559134,3.12062773797696,3.4702952826838893,3.9716057730941645,4.283423343958188,4.689803746419859,3.8969123031322486,3.024991443779656,2.524625937666735,2.332655094812131,2.430607803194783,2.704879121478117,3.1023392387101225,-1.9785819189753096,4.7756249849846215,5.346442838678729,3.3369506528950597,2.6250770540320967,2.259712992900206,2.0317675792606913,1.918636256574507,1.921872052101715,1.5865341599426135,6.461879636895779,5.843203419263634
1.569999999999938,0.4335279069052675,1.678276500907458,7.018292458749307,1.76687743218937,1.9797284080254294,1.8878852376685196,1.6583571598645959,1.5288270826102468,1.4696919542361737,7.46627294826985,0.627072732141486,0.4786617465624827,1.037792689797735,1.4167617343155043,1.5433569148374324,1.3684548630683764,7.490666446303213,1.0961189212069096,7.248817952553182,7.181680105384203,0.7533391125219593,0.7769332546733323,1.294031872416437,1.384531762868246,1.3692502520261847,1.169003162474095,7.291717498110559,0.7913941056141528,6.8693845265576465,6.926417051110179,0.8576678741759051,7.349910693074645,1.4271742229819795,1.4869382193820648,7.645800107988821,1.1711741096022001,7.257989545162046,0.49503644306004774,6.452180589027244,6.4612853677613655,1.0583334753921776,1.3729404169169341,1.6409989372458602,1.456684363182295,1.4220763661953046,7.649812215646138,1.1174953073106932,0.3881928181407121,5.723453178629806,5.5509582664246455,2.041584111410865,1.8798023058025197,1.6643845602969232,1.244052906344156,1.519201445489815,1.8297505249590909,2.200528439395277,2.992602010782584,-2.4912496130703237,3.917910845792299,3.1803211909347504,9.001583917986872,5.246950050408641,6.570971550639781,1.6852549472555378,2.093830086142651,2.4855022907712763,3.0179893999042866,3.424524276575958,3.695045843926311,3.743738377131777,3.987128612041724,4.678884393126456,4.37089383966386,2.8433141788602723,2.5521179821487006,2.442473247735479,2.8027332138312113,3.1168505325419025,3.4670223932802795,3.967363240857588,4.2783883358001855,4.685263359940637,3.891791054359059,3.022749638701735,2.5231215241795484,2.3311284143184783,2.4287728991305406,2.7030199111461632,3.099818183371433,-1.9838848368272155,4.771674566045969,5.34515096604499,3.33242595348249,2.6232148022997994,2.2588139265768383,2.031297561156032,1.9184442704513127,1.9220598331751668,1.5874437945073046,6.464785118331308,5.84317298669312
1.5799999999999368,0.4373904108414876,1.67854805560704,7.019234824709982,1.7673799528979075,1.979687703478269,1.8880611326270509,1.6589826753411805,1.5298808908412123,1.471000884000777,7.467784317768942,0.6287311890804096,0.4796384214214874,1.0386634241150097,1.417555091572553,1.544163670157279,1.3697004479175978,7.4927127572260535,1.0989841943119867,7.251710011885797,7.184115793282364,0.7547936447134783,0.7778742616051268,1.2947024692420401,1.3855248348171236,1.3706205182242603,1.1713125423412774,7.295902927848028,0.7980664457010878,6.875607985316744,6.931233857607877,0.8584602248511558,7.35011725304267,1.4273525722774272,1.4880859817764622,7.647569190792014,1.1745638559604155,7.2656791725038,0.5119192838100932,6.466941736906313,6.475082763048849,1.0541933764802385,1.3702763704213297,1.6414945839803958,1.4583030910680195,1.4238352185664487,7.653241920793945,1.1286457936488654,0.4328402808847924,5.762060155962829,5.615348260125922,1.995911886357999,1.8682972891092648,1.674392757734736,1.2472734899253979,1.5199941436000868,1.8285679317917325,2.1928271948389026,2.9553783233599167,-2.5083811661088196,3.9105834533187576,3.1712249743006797,8.997544472706362,5.227824800652892,6.572310703999597,1.6847615748400175,2.0918684674439665,2.4800158377082977,3.0050414878747014,3.4164200575160035,3.6902362215254767,3.738615383020056,3.9814616512170495,4.670404619906673,4.361887712206951,2.841599702375163,2.550242608857925,2.4394084093049306,2.7978016577126112,3.1128153070814117,3.463545679290763,3.9629422837329953,4.273169679384925,4.6806128776724005,3.886608049009179,3.020473537474857,2.521572380224242,2.3295255166299875,2.4268291771501427,2.701052231466984,3.0971855812579463,-1.9893559669270893,4.767617747933471,5.343820132648345,3.3279171353423638,2.621349753532209,2.2579049721333897,2.0308088124588823,1.9182273934273641,1.9222272243167082,1.5883512257101007,6.4677782828080455,5.8431432052674595
1.5899999999999357,0.44152171208890206,1.6788194360844257,7.020173946673633,1.767874162065528,1.9796534775268564,1.8882539027895802,1.6596360382090962,1.5309715377831017,1.4723471816202054,7.469328709953452,0.6304145978501887,0.48061457174794364,1.0395180534937316,1.4183496853758468,1.5449952198199524,1.3710032567469261,7.494861186096942,1.1019956081233655,7.254753716286163,7.1866639785968225,0.7562486897250493,0.7787875546225442,1.2953201465129836,1.3865184652915854,1.372037335003258,1.1737389401254323,7.300326918379877,0.8051328743256976,6.88229523408882,6.936450970427639,0.8591542325145666,7.3501995728143505,1.4273983969454391,1.4892282758399844,7.649406021745509,1.1781437782407285,7.273829123574831,0.5297012482482092,6.483086694058004,6.490542782466335,1.0493391612143597,1.3671767010601037,1.6418226579092798,1.459936306030033,1.425662782266582,7.656867013962293,1.1404245156595678,0.47878460461061567,5.804683138585119,5.685798689928013,1.9470332132652903,1.8556744674114376,1.6848667761181881,1.250640027665465,1.520805129918139,1.8272893484329382,2.184688150966911,2.917174898885062,-2.527671260523563,3.9011863001827383,3.1614677025921205,8.99314690276709,5.207636498682677,6.573922498607034,1.6842381269138922,2.089777390760443,2.474189243405305,2.991456309709704,3.407594056609024,3.684833170511107,3.7331374094094683,3.975453538453455,4.661597375923736,4.352642590236149,2.8398171427839993,2.548273219019095,2.436160313543359,2.792578229250498,3.10849678602517,3.4598366394777016,3.9583236278219096,4.267748308649418,4.675840113331332,3.881353124324903,3.0181591698842207,2.519974724180304,2.3278412218116635,2.4247699748687,2.698966727350348,3.09442976179473,-1.9950113258618842,4.7634436934548425,5.3424455717392405,3.3234197228063027,2.6194798999993947,2.2569847388267377,2.030300011402941,1.9179844751928414,1.9223736565187635,1.589257819238213,6.4708662599798314,5.843113200390132
1.5999999999999346,0.44593916935462363,1.6791526513943957,7.021109439059042,1.768360199656727,1.979625952640063,1.888464683990819,1.660319779500714,1.532103085158868,1.473736214094268,7.470911383168656,0.6321256075785188,0.48158988224156857,1.040354302376681,1.4191451936849822,1.5458531426422948,1.3723675544244005,7.497119602524285,1.1051653532837078,7.257967345665695,7.189340990340316,0.7577055541220806,0.7796698685007835,1.295877742701267,1.3875110817300762,1.3735033982167066,1.1762900056476757,7.30500314147757,0.8126149497459664,6.889501337651143,6.94212522837024,0.859746727382892,7.350144684784249,1.4272966364605144,1.4903617142273764,7.6513137551199035,1.1819226836168566,7.282449059744389,0.5483735283980777,6.500780579426637,6.507862905493576,1.0437584770046449,1.3636095642808004,1.641971960468547,1.4615824025126969,1.4275613879506772,7.660689927071841,1.1528002306342289,0.5257347568758934,5.851788776761706,5.762445845754779,1.8954003413345277,1.8419347431280175,1.6958395200634633,1.2541642635007326,1.5216367337492958,1.8259176977061848,2.1761503372041933,2.8782966156254775,-2.5495338507181797,3.889145963604623,3.151031049256066,8.988377798731495,5.18628490857116,6.575859579497163,1.6836844804531605,2.0875524267133128,2.4680227263942967,2.9772674768793026,3.397950553083882,3.6787106770165026,3.7272645840446947,3.969067865327776,4.652428162295833,4.34312524657706,2.8379613845145344,2.5462040395355565,2.4327213604174345,2.787055448844336,3.1038662464039395,3.4558610772369054,3.953485426454974,4.262102987295847,4.670931568071286,3.876014896655739,3.0158022042731893,2.5183246359227347,2.3260703994432284,2.422588732461356,2.6967530583772366,3.091537295884285,-2.0008688195802993,4.7591403918404955,5.341022093289548,3.318928881298465,2.61760308259582,2.2560517751522156,2.0297698278028347,1.9177143800354959,1.9224985088692943,1.5901650372476601,6.474056993672661,5.843082037306049
1.6099999999999335,0.4506613667136097,1.6796307096557914,7.022040837392383,1.7688381516541665,1.9796053618921097,1.8886947010001283,1.6610365962434541,1.533279893583624,1.4751739244286164,7.4725382198401,0.6338672536477128,0.4825640131958414,1.041169672777973,1.4199412035490178,1.5467390802561878,1.3737977555574545,7.499496019601949,1.1085060403592035,7.261371086284094,7.192165091541002,0.7591666024691234,0.7805179186951002,1.2963678733354203,1.388500911986141,1.3750213746544697,1.1789731777157078,7.309944162076375,0.8205328434517397,6.8972865579635645,6.948317862293438,0.8602411210816752,7.349940893239156,1.4270336773395131,1.4914828368815376,7.653295252029164,1.1859078227024973,7.2915424802011035,0.5679162474780393,6.520201359395938,6.527229046537899,1.0374867257759914,1.3595547292668513,1.6419392828157071,1.463240737635626,1.429533002106091,7.664709862057055,1.1657253660408404,0.5733702327468562,5.903876765600346,5.845242593183821,1.8417709809832807,1.8271363740082802,1.7073494117666494,1.25786013336221,1.5224922411548492,1.8244590751989251,2.16726847266731,2.8390797176427,-2.5744888100041674,3.8737616412846867,3.139896095314851,8.983232612553792,5.16365765115127,6.578186725476455,1.6831015455099365,2.085190928153085,2.461522897925777,2.962519648524379,3.3873724508961147,3.6717127592346523,3.720951046712804,3.9622642186678,4.642858256919099,4.333297191439041,2.8360269169626116,2.5440296007893832,2.4290855137502807,2.7812282500876107,3.0988905612260416,3.4515777948443858,3.948402767530752,4.256210015461186,4.66587224166415,3.870580547340072,3.0133979166376363,2.51661810148615,2.3242080845729656,2.420279082899292,2.6943997238204282,3.0884926393665744,-2.0069485391331363,4.754694498871358,5.339544030868389,3.3144393584941056,2.615716973580079,2.2551045746170337,2.0292169483804607,1.9174160142784105,1.9226011071125573,1.5910744525398979,6.477359376275771,5.8430487211325515
1.6199999999999324,0.4557096384808449,1.6803569043594648,7.022967606566155,1.7693080393270584,1.979591937414435,1.8889452566171674,1.6617893389956993,1.5345066266726384,1.476666878199558,7.474215789068165,0.6356430928242427,0.4835366524506299,1.0419615199385166,1.4207372109034533,1.5476547111879506,1.3752983600788198,7.501998481082583,1.1120306335861374,7.264987091629992,7.195156492033457,0.7606358771768275,0.7813287063832827,1.2967833889664293,1.3894860515214584,1.3765938408464917,1.1817954804782966,7.315161088457712,0.8289052676778021,6.905716109334383,6.955093061683613,0.8606509952354507,7.349579454313512,1.4265991707893004,1.4925884360100077,7.655352994671147,1.1901044988230804,7.301106370003117,0.588301236653087,6.541537923090559,6.5488017583377065,1.0306259282698893,1.3550106627955034,1.6417335302724494,1.4649124134272022,1.4315792425448237,7.6689225775552785,1.1791379691615607,0.6213663348013809,5.961478881821144,5.9339510443777845,1.787233265595968,1.8114109639407556,1.719442434009445,1.2617445170379542,1.523376157912872,1.8229229982695345,2.158111307077273,2.79986766157361,-2.603185377880043,3.854198400921192,3.128032188391507,8.977717899906036,5.13962795836579,6.580983958085227,1.6824916366620035,2.0826924361220733,2.4547030112531565,2.947264834866958,3.3757148810989825,3.6636482814650093,3.7141428315045215,3.9549975897361644,4.6328440085229605,4.323113536318969,2.8340078289516137,2.5417449172440136,2.425248609506998,2.775093747217313,3.0935308937807076,3.4469370715146246,3.943047020549121,4.2500428703870385,4.660645407560984,3.8650355596067967,3.0109411559562025,2.514851067321759,2.3222495974225987,2.4178349016705005,2.691893817015618,3.0852776961559907,-2.013273121731199,4.750091148609182,5.338005181154185,3.3099454127301904,2.6138190570497244,2.2541415841182655,2.0286401060099384,1.917088352516308,1.9226807152532703,1.5919877604400194,6.480783413754771,5.8430122006151235
1.6299999999999313,0.4611105013722278,1.6814505432308096,7.023889165274211,1.7697698101829618,1.9795858966408793,1.8892177172072349,1.66258099590349,1.535788253681986,1.4782223020393161,7.475951402697445,0.6374573853602047,0.4845076015906648,1.0427271896831822,1.4215326353759803,1.5486017218234112,1.3768738786497174,7.50463494802213,1.1157524061168842,7.268839489453266,7.198337284643569,0.7621198978509438,0.7820999725005415,1.2971180577775923,1.390464591774901,1.3782232258677727,1.1847633228678376,7.320663326732025,0.8377496924986659,6.914859695395874,6.962516213710851,0.8610041665703038,7.3490567827194795,1.4259883747062796,1.4936760438285392,7.657489038702237,1.194515787496856,7.31113151702594,0.6094966354409094,6.564988024878821,6.572705006505447,1.0233610814952967,1.3500023672828372,1.6413801805063835,1.4666012977737821,1.4337014886430752,7.673320516833555,1.1929658123232494,0.669425370319429,6.025162543001595,6.028183046733449,1.7331817659617126,1.7949745950531844,1.7321746729299878,1.2658382399985635,1.5242945120951594,1.8213223879276874,2.148757977741392,2.760980906952878,-2.636424845128877,3.829489221511962,3.115379066001428,8.971852380175115,5.114051786948506,6.584350562399502,1.6818589261974628,2.0800590021173946,2.447582534259401,2.9315566002274247,3.3627976547300773,3.6542861763439802,3.7067747373924074,3.9472174989505353,4.622335957708598,4.312521547029874,2.83189779584665,2.539345661495937,2.4212085295794887,2.768650530511453,3.0877409842650536,3.4418789538516767,3.937384966717169,4.243571750349206,4.6552323417376,3.8593633921068196,3.008426303186585,2.5130195004226357,2.320190651786051,2.415250285190223,2.6892206850551843,3.0818712906833983,-2.019868197915818,4.7453137279466535,5.336398734647504,3.305440725384437,2.611906606402694,2.253161214437608,2.0280381107035987,1.9167304576967776,1.9227365153460632,1.592906786001822,6.484340430301549,5.842971377468747
1.6399999999999302,0.4668988596901245,1.68303917241514,7.024804934118085,1.7702233325045773,1.9795874265920634,1.8895134949761008,1.6634146746674727,1.5371300517449484,1.4798481103295513,7.4777531637397345,0.6393153302620908,0.48547690657440334,1.043464235028576,1.4223268576144459,1.5495817771318905,1.3785287531841532,7.50741319969759,1.1196849338404973,7.272954334861005,7.201731332772804,0.7636286060237819,0.7828308163070452,1.2973674909387323,1.3914348278316266,1.3799117694222167,1.1878823267903007,7.32645850416077,0.8470829179914279,6.924790944848562,6.970652321731597,0.8613466353758932,7.348377069684036,1.4252048788137401,1.4947445986313037,7.6597050305089835,1.1991424370179626,7.321603641036547,0.6314731666027209,6.590757122301738,6.5990227313484375,1.0159688854729971,1.3445887299659542,1.640925391413894,1.468315249081488,1.435901116965424,7.677893354936659,1.207132540865887,0.7173104805702797,6.095541138624552,6.127497259577111,1.6812340525150993,1.7781297585474625,1.7456152273940422,1.2701673652714127,1.5252551981422695,1.819673219995719,2.1392924354080796,2.7226835021981377,-2.675178129037533,3.7985464719757505,3.10182327082456,8.965665926526905,5.086764100399813,6.588410328788706,1.6812099936275782,2.077295366630012,2.4401858979585755,2.9154423382243433,3.348397025169383,3.6433515783772825,3.6987660684257397,3.938866688060642,4.611277728754888,4.3014587811998055,2.8296900490348227,2.5368283073949622,2.4169651687251683,2.7618974018105433,3.081465006962493,3.436331412416631,3.931377656267398,4.236762979141796,4.6496119915937655,3.853545069393211,3.005847219712798,2.5111194479099117,2.318027432147727,2.4125194240060446,2.686363469616397,3.078248542725985,-2.026762951214791,4.7403436015687905,5.334717195665876,3.3009182928206613,2.6099766576242414,2.2521618517360356,2.027409878822102,1.916341488391287,1.9227675692816535,1.5938334835753338,6.488043323977135,5.842925123594751
1.649999999999929,0.47312131916156164,1.6852486101889061,7.02571441582721,1.7706683960309466,1.9795966668253178,1.8898340277973373,1.6642935845178892,1.5385376091767,1.4815529181691838,7.479630010702853,0.6412233542043851,0.4864450411118591,1.0441707248563952,1.4231192873690408,1.5505964955808613,1.3802672804583958,7.510340766562456,1.123842146471249,7.277359531453325,7.205364181095987,0.7651763713635152,0.7835224674394493,1.2975302862537537,1.39239555872256,1.3816615093523335,1.1911572143947626,7.33255262052142,0.8569220434368059,6.935586989081276,6.979565347223253,0.8617455999807611,7.347555037066228,1.4242634120724338,1.495795276157304,7.662002316504397,1.2039830146328847,7.332505386369129,0.6542116861809334,6.619059296774102,6.627807664244129,1.008814363803667,1.3388677440284225,1.6404389056865745,1.4700674551155357,1.4381798834886117,7.682628991298787,1.2215653579389827,0.7648778774557793,6.173289299146052,6.231540257372831,1.6330966691784292,1.7612552534641568,1.7598492025156252,1.2747648012909871,1.5262683669233237,1.8179938230697514,2.129796328068065,2.685150124013359,-2.720590974133461,3.7601822466863295,3.0871726346241752,8.9591958392655,5.057574093691194,6.59331844460248,1.6805544955397889,2.074408940145469,2.432540361639368,2.8989541119650455,3.3322377248886403,3.6305233578402323,3.690015398696426,3.9298792257072366,4.599604618667986,4.289850664326208,2.827377312512808,2.534190213285751,2.412520128633389,2.754831516547596,3.0746350436235987,3.4302084401485575,3.924978956996853,4.229578217931263,4.643760566381434,3.8475586621846696,3.003197178769968,2.509147086800809,2.315756616016248,2.4096363382858415,2.68330250931936,3.0743801426145883,-2.0339908211102826,4.735159770557028,5.332952289016207,3.2963702919322766,2.6080259766465943,2.251141868138212,2.0267544555913353,1.9159206851962427,1.9227727554753302,1.5947699255074235,6.4919068870765635,5.842872308745717
1.659999999999928,0.47983824609779174,1.6881928607150163,7.026617315755345,1.7711047218609108,1.9796136921116407,1.8901807579756018,1.6652210209246605,1.5400168319571157,1.483346042572266,7.4815917681022945,0.6431894466977555,0.48741314628010707,1.0448456468553433,1.4239094698027344,1.551647434141496,1.3820935491480681,7.513424914353506,1.1282384559668064,7.2820847711130385,7.2092630996664315,0.7667829338161068,0.7841791638171673,1.2976093090388507,1.3933464829430975,1.3834743139920567,1.1945917859089918,7.338950471230344,0.8672858458769381,6.947328499858442,6.9893192053418645,0.862290744184256,7.346618415560859,1.423192303467875,1.4968324353441556,7.664382166386506,1.209034343217651,7.3438191117175915,0.6777113748709432,6.650120711447493,6.659103096536669,1.002333955566354,1.3329780645337639,1.6400149938433837,1.4718777516300678,1.4405404572083484,7.6875149460038505,1.2362033916950417,0.8121028712341362,6.259152167526437,6.340192854727294,1.5904104976244016,1.744784526254905,1.7749803718862809,1.2796722361481712,1.527346870882901,1.8163038542225607,2.120341027481375,2.648437534509167,-2.773964202851788,3.713139349252427,3.0711350945080413,8.952480397278945,5.02625909718101,6.599270636265505,1.6799059978658586,2.0714095514847157,2.4246730516145285,2.8820988522050635,3.3139870827670106,3.6154337432083725,3.680394916485715,3.9201779101397944,4.587241789310804,4.277607299272744,2.8249516852740912,2.531429615040519,2.40787609219842,2.7474459732104237,3.0671683322850964,3.4234082004838737,3.918133804047009,4.221973426794929,4.63765102452613,3.8413786196292845,3.0004687703997814,2.50709875204158,2.3133753169581963,2.40659445017374,2.680014595735554,3.0702315315459474,-2.0415903814038776,4.729738443357765,5.331094849797288,3.291787911110319,2.606051018210013,2.250099628593993,2.026071024778464,1.9154673275001406,1.922750673393282,1.5957182770449758,6.495948207047615,5.842811841202201
1.6699999999999269,0.4871224511078779,1.6919654991434108,7.027513708726758,1.7715319848002054,1.9796384963053921,1.8905551118785897,1.6662003562487924,1.5415739565054152,1.4852374994290274,7.483649219971793,0.6452235265399084,0.4883833222816957,1.0454893911130063,1.4246972347006823,1.5527360902843104,1.3840114022492587,7.516672697746085,1.1328889825357853,7.2871615645703915,7.213457377630955,0.7684741458255605,0.7848090512719879,1.2976129745154097,1.3942886758953095,1.3853519735409934,1.1981890160828492,7.345656360855793,0.8781965344747751,6.960100403577078,6.999980712061976,0.8630933586026307,7.345609693477378,1.4220351420525676,1.49786459129318,7.666846121290334,1.214292241767614,7.355530280325504,0.701997649655291,6.684183839731325,6.692972104728073,0.9970080505548187,1.3270960983081665,1.6397710775861098,1.4737737750131574,1.4429870898511161,7.6925400456326045,1.2510056397929228,0.8590947643086079,6.353923127646329,6.453662790695054,1.554615026071043,1.7291766623978166,1.7911330303390347,1.2849424046834192,1.5285067808700625,1.8146230390299452,2.1109796916068895,2.6124647090704145,-2.8366869545379116,3.656144215492287,3.0533093498580124,8.945550600712401,4.992556842641091,6.6065154095479475,1.6792830442094016,2.068308959062108,2.4166073589940713,2.8648490073808643,3.293254512906315,3.5976716386420273,3.669745364591043,3.909670941977128,4.574101943638439,4.264619218495868,2.8224044408800317,2.5285455013898805,2.4030358624611736,2.739726984123041,3.058964645634703,3.4158114232378214,3.910776236266246,4.213897524375709,4.631252425632562,3.834974900664074,2.9976537666751124,2.504970928968926,2.3108809262476897,2.403385981314144,2.6764720981006236,3.065762003764583,-2.0496064217127365,4.724052494158312,5.329134691538286,3.287161135339564,2.6040478725501974,2.2490334902837605,2.0253588986022777,1.9149806522928308,1.9226995104483031,1.5966807555067648,6.500187165365371,5.842742723615704
1.6799999999999258,0.4950516640106726,1.6966324997798612,7.028404254231259,1.7719498508933742,1.9796709791179012,1.8909584828008548,1.6672350398028275,1.5432155730274437,1.4872380088970807,7.485814225563684,0.647337820494683,0.4893589594722576,1.0461042830680574,1.4254828883634396,1.5538639280016149,1.3860244372172004,7.520091098622096,1.1378098932477392,7.2926234246558685,7.217978928544039,0.7702824117307012,0.785424998718658,1.297556365339076,1.3952251184556925,1.3872963604767796,1.2019512886651962,7.35267509018085,0.8896817547194296,6.973993067328949,7.011623912923967,0.864283414859147,7.344586782427796,1.4208512991609765,1.498905308257513,7.6693964625787245,1.2197525419630095,7.367631110778557,0.727128366094345,6.72150671936502,6.729522225427474,0.9933291946507466,1.3214289632049445,1.639844242682296,1.4757918392510319,1.4455263880317872,7.697696217315092,1.2659571957609734,0.9060945232545234,6.4583462753171235,6.572458349299202,1.526860470316614,1.7148863560182626,1.8084526001243606,1.2906417207314185,1.5297680037826538,1.8129698135998433,2.1017404158241413,2.5770071408463666,-2.910086681987584,3.588010788685519,3.033195045181063,8.938421942841238,4.956155681261265,6.615370594844142,1.678710586226169,2.0651201617114427,2.4083590177262573,2.8471351690762083,3.2696021839448486,3.57679346537962,3.6578730970328164,3.8982479726626558,4.560082335579381,4.250751663358519,2.8197257064929593,2.525537351578231,2.3980010933031726,2.7316508827591175,3.049904495584516,3.4072804863434225,3.902827412671127,4.205290713942703,4.624529105687069,3.8283118298952794,2.9947429290700605,2.5027601956106094,2.30827083758005,2.400001185677803,2.6726420139552682,3.060923774811912,-2.0580912471848802,4.718070782072946,5.327060446304765,3.282478469677721,2.602012194769765,2.247941790011489,2.0246174809278528,1.9144597287522505,1.9226168697399768,1.5976595734352432,6.504647052671701,5.842664125374156
1.6899999999999247,0.5036916552200125,1.702224859645828,7.0292904564152145,1.7723580316089416,1.9797109374414266,1.891392219620566,1.668328610677412,1.5449486640634362,1.4893590224018283,7.488099889952394,0.6495472364239134,0.4903450883773174,1.046695120338252,1.4262674417648937,1.5550324338945882,1.3881360548295074,7.523687256753586,1.1430188482476764,7.29850619170362,7.222863140887191,0.7722467828985763,0.7860452259693808,1.297462027650587,1.3961612321800836,1.3893096622717052,1.2058807740711712,7.360013148434675,0.901776527411836,6.989102920463915,7.024334082803975,0.8660051560620342,7.34362246095867,1.4197152037941347,1.4999739124564586,7.672036780629823,1.2254123035336477,7.380123965449643,0.7531959431664528,6.7623463004024575,6.7689090761462465,0.9917720418888811,1.3162046372770586,1.6403863172658735,1.4779775035966545,1.4481681421153827,7.702980145471688,1.2810721982105284,0.9534463122634721,6.572886014808472,6.697184215502044,1.5079700153693483,1.7023383372867158,1.8271046873630175,1.296853382338363,1.5311550520999067,1.8113600569066963,2.0926217750441447,2.5417140367180115,-2.995146770031472,3.5078447033929288,3.010230758518847,8.931088764437737,4.91668217521427,6.626245928341131,1.6782219869288113,2.0618565973865115,2.399932348360954,2.8288429722205377,3.242576213888312,3.5523490219772644,3.644551406128309,3.8857757977636322,4.545060919669348,4.235836790803565,2.8169039715515827,2.522404727736163,2.3927707947001906,2.723181403207715,3.0398494343657374,3.397660122834755,3.89419395777261,4.196082479103578,4.617439622425368,3.8213465720874087,2.9917257335581113,2.5004631010056504,2.3055420506493345,2.396427461653234,2.6684850785960146,3.055661122122588,-2.0671061867537,4.711757306179276,5.3248593685007535,3.2777265789886427,2.5999391098030773,2.2468228144250775,2.023846197823157,1.9139032866113768,1.922499564496851,1.5986568675829471,6.509355318637435,5.842575471847152
1.6999999999999236,0.5130682930743531,1.7087294543901241,7.0301749594642065,1.772756354080767,1.979758062348557,1.8918576236307891,1.6694847258026753,1.5467806602783558,1.491612774661187,7.4905207829906555,0.6518697180395538,0.4913487247238458,1.047269662096381,1.427052862488293,1.5562432071629368,1.3903495641620789,7.527468786638045,1.148535500831106,7.304848331500421,7.228149710391149,0.7744127156729018,0.7866936688191642,1.297360338045782,1.3971053716573016,1.3913946812585192,1.2099799342261186,7.367679962157204,0.9145244711750329,7.00553030848997,7.038208546644417,0.8684117718895987,7.342802685241096,1.4187145024684589,1.501095957859136,7.674772608025078,1.2312710894849868,7.3930236832239595,0.7803216337966649,6.806910909460557,6.811301710502536,0.9927672763995599,1.311660905194544,1.6415583189602074,1.480385886127775,1.450926161466565,7.708394471023446,1.2963914820429878,1.0015303705980902,6.6973182796818,6.8281243222133226,1.4984256512249563,1.6919082620528683,1.8472724613296838,1.3036812018011192,1.5326980550187925,1.809806169480727,2.0835925583425525,2.5061618229421114,-3.092053037889789,3.4154011871064536,2.9838699704188634,8.923524238557718,4.873685194006629,6.639674165826694,1.6778619451862533,2.058531386048312,2.3913173936045955,2.809817822729224,3.2117705537119945,3.52393358184458,3.6295291437173827,3.872094153912482,4.528891382303266,4.219662934428784,2.81392535894178,2.519146732243147,2.387339772470404,2.714267952264875,3.0286465310828286,3.386781492497256,3.8847672142068723,4.1861893038081,4.609935402870013,3.814027073539158,2.9885899805962692,2.4980759683347595,2.302690667072775,2.3926484410225344,2.6639551932960397,3.0499098262306332,-2.076723256705485,4.7050701776577135,5.322517091873729,3.272889812557974,2.5978230832671008,2.2456747476294323,2.02304439197762,1.9133095036799914,1.922343397504778,1.5996746182830426,6.51434447389881,5.842476549998734
1.7099999999999225,0.5231327439879953,1.7160797888738193,7.031061864234889,1.77314484413774,1.9798119417956337,1.8923559551549662,1.6707072032188426,1.548719506876224,1.4940123388871889,7.493093166091096,0.654326571280482,0.49237918607886066,1.0478390236735153,1.4278423335846004,1.5574980840534984,1.3926683442261596,7.531444148658922,1.1543819067089638,7.311690795213431,7.233882952667141,0.7768314870361767,0.78740004211738,1.2972894001932351,1.3980692296854083,1.3935551872741414,1.2142521078093111,7.375688928575619,0.9279771824694231,7.023371327381977,7.053350733739134,0.871659186414296,7.342223971539761,1.4179473714025659,1.5023034241349063,7.67761206844564,1.237332081194588,7.406357690752646,0.80863689418922,6.855269764296766,6.856798411395787,0.9966762519497435,1.308034105161274,1.6435247973002343,1.483081848607795,1.4538190661865775,7.713948118602199,1.3119724253391067,1.0506457675684382,6.830177751063646,6.964642530396444,1.4983359784537782,1.6839076909001696,1.869152378745629,1.311254646200728,1.5344341669965695,1.8083168588379783,2.0745981779052047,2.469958702881212,-3.199608190624198,3.3115989756190456,2.953704990011008,8.915689317536728,4.826615176570299,6.656354338857706,1.6776909140821563,2.0551568699510567,2.3824890234237497,2.7898823033889357,3.1769323356322343,3.491276630964717,3.6125504645262825,3.8570122825675646,4.511396698496982,4.201959641002206,2.8107725651176985,2.515761365811664,2.381697274396876,2.704845994993514,3.0161398185100445,3.3744722024817606,3.874424291163712,4.175512240583058,4.601959004643568,3.80628925098444,2.9853212453897138,2.495594616565056,2.299711319141945,2.388643235836653,2.658999614682945,3.0435973362200657,-2.0870268546118007,4.6979604026434965,5.320017326679492,3.2679495687094944,2.5956577449054254,2.244495590919532,2.0222111817830846,1.912675769724908,1.9221429630924172,1.6007145676414025,6.519653157475193,5.842367629433538
1.7199999999999214,0.5337359226044927,1.7241542383284096,7.031957049314165,1.7735238158587665,1.979872067289475,1.8928884498571337,1.672000075175367,1.5507737162592363,1.4965716218266882,7.4958351397175385,0.6569427454326994,0.4934483594302333,1.0484179395429842,1.4286405006851357,1.5587992930910548,1.395096051388798,7.535623000950383,1.1605825665308729,7.319075783774526,7.240110885410906,0.7795591682675663,0.7881995826791107,1.2972944804365045,1.3990681229532642,1.3957962987939534,1.2187020857132014,7.384057797016715,0.9421902243508777,7.04270058049123,7.0698543292700995,0.8758981615124461,7.341989984180444,1.4175192145101592,1.5036346644695033,7.680566479247978,1.243602713752629,7.420162398675493,0.8382476156491964,6.907226480486796,6.905300002937974,1.0037597084194037,1.3055475021859768,1.646448062412258,1.4861402143289033,1.4568709890182798,7.719655265707842,1.3278689097945429,1.1008487891539769,6.968274926135268,7.104579799887001,1.507356630702327,1.6785678449333743,1.8929483141118337,1.319735930926225,1.5364096368604654,1.8068981153110077,2.065576327595383,2.432901161244176,-3.3147327439687313,3.1990434582020284,2.919636153601436,8.90755348551044,4.7747965020646825,6.677212349829531,1.677791955657982,2.0517448420771185,2.3734094538202783,2.76887070395342,3.1380988133419967,3.454363986116252,3.5933888887186796,3.840307043090759,4.492360708988769,4.1823766067469945,2.807423333734159,2.5122448581186068,2.375826264311757,2.694841044049746,3.0021911183232888,3.36057487936214,3.863032072696677,4.163934529573426,4.59344187370092,3.7980531082712266,2.981902106743093,2.4930140022841707,2.29659661181824,2.3843861377049587,2.653560530718397,3.0366443092340143,-2.09811525447363,4.690370489215383,5.31734148101669,3.262883434615891,2.593435646297707,2.243283050076996,2.021345292737541,1.911998461554454,1.9218915353353998,1.601778151339658,6.525327373210446,5.842249598025989
1.7299999999999203,0.5446386158288515,1.732792953916995,7.03286847895819,1.7738939582513902,1.9799378402116854,1.8934563415759076,1.6733676362809395,1.5529523558579816,1.4993051884755078,7.498766576734388,0.6597470309656419,0.49457089995034426,1.0490248677699958,1.429453689024803,1.5601496321579278,1.397636844427649,7.540016401602588,1.1671636992682972,7.327043702296301,7.246882346925183,0.7826549172935252,0.7891324429089116,1.2974270008006974,1.4001211379314278,1.3981248568747244,1.223336532473615,7.392807818256881,0.9572143154278772,7.063544880991267,7.087777302751608,0.8812634627713397,7.342207247687141,1.4175388042544192,1.5051341363162765,7.683650830651661,1.2500944306154578,7.434474575761589,0.869182961310769,6.962201474346313,6.956381833093515,1.0141367960116467,1.3043981574309083,1.6504818154479153,1.489646198092259,1.4601121566367685,7.725532573544796,1.344102403743033,1.1517946500899738,7.106690712955524,7.244021636504811,1.5245818392971078,1.676017832985451,1.9188639149269262,1.329330544082547,1.538682963835434,1.805555886866304,2.0564822563890712,2.395142905390377,-3.432466047073965,3.0822028942210458,2.882047146226194,8.89912727439424,4.717389888786129,6.703486259181366,1.6782815853507316,2.048308019569439,2.3640356043295783,2.746679924279797,3.0957194451960004,3.4135582953517427,3.5718943182459277,3.8217230736838124,4.471516991018258,4.1604537907604024,2.803848259100354,2.5085910894111856,2.3697038871906657,2.6841776230879875,2.986709599375532,3.3449745719152806,3.850455225625557,4.151319512019752,4.584301439008708,3.7892173129268287,2.9783110672057775,2.490327795104317,2.2933367106815865,2.379847171782597,2.647578662328095,3.028968267523484,-2.1101015599246957,4.682232916997286,5.314468186828503,3.25766400694935,2.5911479272637514,2.2420343870667554,2.0204448788420937,1.9112727868965491,1.9215811320631293,1.6028664686126468,6.5314218793737915,5.842124111425461
1.7399999999999192,0.5555729088830241,1.7418371446207703,7.033806480404158,1.7742564062388098,1.9800085699201773,1.8940608836452584,1.674814458812259,1.5552648929516395,1.5022277836615126,7.501908686299316,0.6627721060063794,0.4957643367940228,1.0496819118140897,1.4302900728860275,1.5615526519350278,1.4002955767430871,7.544636677537574,1.1741513358461797,7.3356280024075335,7.254241822363554,0.7861782826496776,0.7902426688178935,1.297743076502946,1.4012511221747657,1.4005497431429688,1.228164062539642,7.4019611178132285,0.973081712359394,7.085854322717065,7.10711154475635,0.88785960783621,7.342979730884425,1.4181137452411217,1.5068519414201187,7.6868840541084404,1.256821195765724,7.4493177957893355,0.901342559774726,7.019201086256712,7.009238136347608,1.027741648525577,1.304741480083918,1.6557636857095044,1.4936962784955157,1.4635793768943846,7.7315948231433635,1.3606317897436166,1.2026757081526154,7.2395838753918,7.3778293463833124,1.5484925893460864,1.6762596249166462,1.9470921187595123,1.3403033747318223,1.5413297984528669,1.804300665470678,2.0473181724094234,2.357285946141303,-3.546805998492943,2.9668415557602583,2.8418981845503164,8.890499575337966,4.6533404630825315,6.736846211305002,1.6793271579049647,2.044863448734891,2.35433163268529,2.723324617774585,3.0506862484860315,3.3696490716343335,3.5480419119507487,3.800974280110227,4.448533984628899,4.13557888458237,2.800007602776052,2.504791265675467,2.3633036835906323,2.672793284691042,2.9696832978823293,3.3276297415649543,3.8365681601302786,4.13750896757085,4.574437323081445,3.779651551951578,2.9745210380820577,2.487527914389823,2.289919258096939,2.3749939101955975,2.640999115390957,3.020489789448507,-2.123113727134013,4.673468524900677,5.311372706696603,3.2522572552882103,2.5887838547491695,2.240746235006243,2.0195073642128913,1.91049277557543,1.9212028506306866,1.6039803265665253,6.538001686074861,5.841993754856956
1.749999999999918,0.5663320085966658,1.7511762565996096,7.034783972359847,1.7746127788889134,1.9800834508354705,1.894703354152103,1.6763453345174546,1.5577208111054608,1.5053534606968195,7.505283101890292,0.6660543449276322,0.4970490528845743,1.05041453066641,1.431159779515679,1.5630128224119106,1.403077884032116,7.549496769847972,1.1815680770806527,7.344848587929851,7.262222593928262,0.7901853773317625,0.7915766721931483,1.2983015530978206,1.4024845041901013,1.4030820817769303,1.2331947823238314,7.41153616715915,0.9897905297241865,7.109483216374057,7.127760036772856,0.8957450700287829,7.344402199161431,1.41934517335741,1.5088431979714476,7.690289007651755,1.263796696591343,7.464686815803145,0.9344666636670916,7.076929990426554,7.062760336013213,1.044298189784984,1.3066748347664678,1.66240686607563,1.4983999069993572,1.4673166026352458,7.737850091310553,1.3773360697028345,1.2523368560531425,7.361617260122864,7.500913986405975,1.5770696796491537,1.6791516633145747,1.9777987433095632,1.3530037627280058,1.5444505644852737,1.8031534691028268,2.038154368124969,2.3203035469441544,-3.6521862163450702,2.8587139102724124,2.8006410868281795,8.881863764965013,4.581306131338011,6.779560974173199,1.6811749343150222,2.041438521488253,2.3442845346797707,2.6989730814341217,3.0042191545821253,3.3237710395119064,3.5219617389365148,3.777743514232839,4.4229949619562605,4.106927235144677,2.795846620359285,2.500834016863603,2.3565997661598983,2.6606551434397403,2.951200166792861,3.308595423606105,3.821268664625253,4.122321574087008,4.5637263597094195,3.769185702917876,2.970497202685653,2.484604066132316,2.286329808264386,2.3697947114290008,2.633778769516676,3.01114070734789,-2.1372934205791942,4.6639848499501895,5.3080261919578335,3.2466202266411583,2.586330182104289,2.2394143773022623,2.0185293464642853,1.909651499255691,1.920747531148125,1.6051204022349246,6.545143584064222,5.841862212257918
1.759999999999917,0.5768364647678756,1.760778795239732,7.035816624719528,1.7749651618187543,1.980161499124352,1.8953850237955543,1.6779650986567505,1.560328949974141,1.5086943543064235,7.508910528126752,0.6696333259671716,0.49844810000056466,1.05125100507334,1.43207490732937,1.5645356515234512,1.4059900890405936,7.554608957181932,1.1894289014682788,7.354705548452271,7.27083993903823,0.7947242445649634,0.7931811558524301,1.2991615309931588,1.4038509238795074,1.4057352655932152,1.2384392095127266,7.421542043812609,1.0072923234827846,7.134192376251064,7.149533651976623,0.9049195512172005,7.346552840815659,1.4213219716210403,1.5111673110974542,7.693892176315502,1.2710307368040015,7.480535384224867,0.9681501472181858,7.134017085794998,7.115734293277931,1.063335783708801,1.310224604698753,1.6704920160025045,1.503882785058556,1.4713759932868986,7.744296521909999,1.394022517689879,1.2995459962588738,7.469238457734923,7.609607187654331,1.6080969216493433,1.6844168938042376,2.011093589254964,1.3679042915202781,1.548182233217838,1.8021519344382722,2.029129125639342,2.2852987866259067,-3.7448081881056425,2.762152149364341,2.7599444481814572,8.873513448892249,4.49956227929211,6.834720760552236,1.6841953362934252,2.0380801339180934,2.333918059827085,2.6739421846131424,2.9576391790995182,3.2772018685476194,3.4939290736922044,3.7516745833333967,4.394371211174922,4.073379450134663,2.7912886054199078,2.4967060116855166,2.3495724346166886,2.6477737955514704,2.93144747943535,3.2880265530371093,3.804488621210977,4.105550402415104,4.552016001553757,3.7575945556656554,2.9661939809995332,2.4815433134783413,2.2825528899912273,2.364223040172646,2.6258934449096993,3.00087253456141,-2.1527938901419525,4.653674345678657,5.304394755972222,3.240697801920211,2.5837702529573274,2.2380334918722298,2.0175066055305213,1.908741565886373,1.9202067064358286,1.6062875599083088,6.5529376161767185,5.841734430871889
1.7699999999999159,0.587145502783282,1.7706959076764577,7.036922928830775,1.7753160020268361,1.9802414211854011,1.8961070607859043,1.6796783074403898,1.563096606790837,1.512259299627222,7.51280917005217,0.6735510566440214,0.4999868205564148,1.0522216422728319,1.4330494364557365,1.5661277209772773,1.4090388682837374,7.559983056973543,1.1977369879597426,7.365175322737962,7.280086537727565,0.799830300905291,0.7951006036282227,1.3003795010148735,1.4053826711646178,1.4085247707723212,1.2439066855851602,7.431972993111569,1.0254882202048312,7.159674220000336,7.172170839755947,0.9153195728711699,7.349486476011424,1.4241153158369915,1.5138873292169261,7.697723222148858,1.278525889144681,7.496772926339266,1.0018995647351847,7.189249215279866,7.167061523702937,1.0842505924140329,1.315342259336269,1.6800607399929905,1.5102928987035447,1.4758201997823475,7.750922673607328,1.4104601897034703,1.343286607479011,7.561139071733019,7.702357710801784,1.6395406031444015,1.6916814378202367,2.046977809196525,1.3856595200235082,1.552716352898297,1.8013552785152194,2.020424768260342,2.2532196179160557,-3.8231356874208666,2.6793222570515236,2.721343116944884,8.86579826318578,4.405889612538431,6.906507525636296,1.6889548273074138,2.034867466184133,2.3232997812032385,2.6486493095775976,2.9121349825024887,3.23113066032573,3.4643121872643543,3.722350008570685,4.3619876104779225,4.033417295841973,2.786224488429651,2.4923930134278196,2.3422139048660937,2.634209309847023,2.91068826539237,3.26615780339722,3.786196848485777,4.086957538447583,4.539115629718072,3.744576767877217,2.961550697640564,2.4783296769239147,2.278573620839071,2.358261954729307,2.617342742625432,2.989662655731769,-2.169777632903499,4.64241220768991,5.300438321478962,3.23441811161847,2.581082739641613,2.23659685579121,2.016434245356956,1.9077558580451024,1.9195736820668263,1.6074833390949024,6.561488432551674,5.841616760059359
1.7799999999999148,0.5974262760204362,1.7810464113121738,7.038124162042335,1.7756678716547614,1.9803213763049903,1.8968703485987872,1.681488776293535,1.566028540355457,1.5160526038752205,7.516993298869458,0.6778510520234481,0.5016922810744188,1.0533577444309579,1.4340990128983093,1.5677966085655632,1.412230682716344,7.565624430597772,1.206480730287571,7.376210564076479,7.289931515723212,0.8055230038881618,0.7973746501917168,1.3020064062443153,1.407113974462605,1.4114677788916965,1.2496036242278805,7.442805015859208,1.0442355020725569,7.185590809798424,7.195371922558249,0.9268248560770634,7.353230032518814,1.4277746016379762,1.517069747552682,7.7018146860830425,1.2862756263160293,7.513271977347783,1.0352096896184004,7.241718006147505,7.215907356812321,1.1063926623051474,1.3219123483921724,1.6911103703561476,1.5178108124168646,1.4807268441696557,7.757712090981662,1.426424402561795,1.3829363385875548,7.637878980839218,7.779547492713541,1.669836928950408,1.7005324673355897,2.0852509870586564,1.4071895351762382,1.5583262180500008,1.8008481669034309,2.0122311315524226,2.224669559417304,-3.8875336246977135,2.6103704183643655,2.685969348336628,8.85904750513705,4.297492271499909,7.000436218489863,1.696325134233368,2.031929249999703,2.3125391200903276,2.6235419771039235,2.8686150919896076,3.1864949022512024,3.4334954853307655,3.6892520243739697,4.3249842366251805,3.9850209575275444,2.7804976880843766,2.4878811175154953,2.3345325382226547,2.6200670294740815,2.889224396309834,3.2432677308100457,3.7663916371073447,4.06626382623829,4.524785482743658,3.7297278643039267,2.9564854483199157,2.47494368665289,2.2743795742198474,2.3519076059566073,2.6081512052478613,2.977516355042341,-2.188415007689798,4.630053306307981,5.296109210914397,3.2276861536296177,2.5782398625427363,2.2350959907135737,2.0153069591129684,1.9066883940146315,1.9188445237645297,1.6087105986495747,6.570916549315543,5.841517036588505
1.7899999999999137,0.6079062254546574,1.7919920575106265,7.039444242801212,1.7760230435857178,1.9803985860234374,1.8976752001528887,1.6833990309898232,1.5691260800335662,1.5200732547735314,7.521472296243625,0.6825774927170897,0.5035925726538693,1.0546904270110546,1.4352405994738018,1.5695506812032698,1.4155710470653498,7.571532244441217,1.2156327732754018,7.387743551785826,7.300323125126805,0.8118046068833383,0.8000357789740651,1.3040850670567132,1.40908024594447,1.4145826969603297,1.255532057237141,7.453995558252029,1.063362179859312,7.2116112621479935,7.218834866301792,0.9392735630002219,7.35778150077246,1.432325398068707,1.5207852401644255,7.706202271448575,1.2942647026058391,7.529883553640848,1.0676307346681702,7.290856678442464,7.261744882073635,1.1291482553302425,1.3297704215902173,1.703587036139015,1.5266651799143978,1.4861962228555559,7.7646511134254546,1.441734156661179,1.4182906557716932,7.701138848579798,7.842806019292151,1.697996822264015,1.7105731635941444,2.125357412725535,1.4337798787490574,1.5654058728746334,1.8007452955649275,2.0047131888115683,2.1998666331516334,-3.9395210962618603,2.5540912872716244,2.6544476991843573,8.85347990679974,4.1711120654556755,7.123294584193536,1.7076306812234026,2.0294669645656334,2.301778566757297,2.599032822156381,2.827667260689149,3.143920975261152,3.4018037763831135,3.6517171160413553,4.282292660148535,3.925659875226507,2.773884329026381,2.4831578866523154,2.3265544742579887,2.6054851526142997,2.8673594782506973,3.2196402550365084,3.7450843506199263,4.043133517754493,4.508724122095519,3.7125121217283192,2.9508867849921674,2.471361728095793,2.269962461860875,2.345170871196029,2.5983657841291334,2.9644642025315364,-2.208884942054481,4.616427670625861,5.291350515082113,3.2203753369994508,2.5752049033246815,2.233520204820666,2.0141193621583504,1.9055351344888432,1.918018755592674,1.6099742803048143,6.581359634855023,5.8414445965966015
1.7999999999999126,0.6188080210706883,1.8036894909420491,7.040909490870494,1.7763828124978467,1.9804687375429317,1.8985209632861366,1.6854097553571306,1.5723865274931907,1.52431472074625,7.526250380115224,0.68777470742867,0.5057160805748367,1.056249424018791,1.4364920061823347,1.5713987661340483,1.4190637681696026,7.577698387875644,1.2251512182589388,7.399691914500245,7.311193921561674,0.8186612003278867,0.8031077652257165,1.306648353022778,1.4113174446001664,1.4178887293080684,1.2616888777417534,7.46548627491644,1.0826846533417391,7.23743930581002,7.242282865234729,0.9524815662169233,7.3631124918454685,1.4377691545048388,1.525110665671427,7.71092615317727,1.3024718050214645,7.546455106811823,1.0988093943373853,7.336399799273115,7.304322672789673,1.1519959877061496,1.338725168564053,1.7173719681727129,1.5371510858159179,1.4923628241345164,7.77173820207594,1.4562722670160566,1.4494786876685872,7.753033215662883,7.894295709244202,1.723550797646201,1.7214563065868953,2.166160358979424,1.4671384204687234,1.5745184038049083,1.8011992932015721,1.9979939608365689,2.1787127520490284,-3.981079331605103,2.5086437497834515,2.6269317291128735,8.849115164675402,4.023779382848916,7.282059785328248,1.7247851214327072,2.027784048567498,2.2911831253620205,2.5754575965157525,2.7895924997910884,3.1037437199098337,3.3694468304153293,3.6089259182306077,4.23268484153125,3.8526371125968155,2.766076158625623,2.4782134941305385,2.318322600694823,2.5906186167454357,2.845370572154469,3.1955334466133456,3.722278225467273,4.017159412101162,4.49055930455589,3.6922536194646662,2.944603919224206,2.4675550174591376,2.265319221033198,2.338076869602881,2.5880506558611893,2.950555689848529,-2.2313784188932555,4.60133447711012,5.286094507520226,3.2123177098800992,2.5719288826629754,2.2318559630714567,2.0128663008087524,1.9042945665840045,1.9170996689991393,1.6112822492606116,6.592974037747535,5.841410238433454
1.8099999999999115,0.6302386033096712,1.816177902175634,7.04254832108713,1.7767465113267158,1.9805251431804176,1.8994055236425946,1.6875193225062952,1.5758029593703629,1.5287653411249886,7.531327036822611,0.6934871665451556,0.5080908493896207,1.0580620290319211,1.4378713328647224,1.5733497323184533,1.4227102959707003,7.584107255817931,1.2349825266568026,7.41196514253177,7.3224669446467745,0.8260655989069184,0.8066050969050127,1.3097182629420565,1.4138617055942229,1.4214056792290657,1.268065981126099,7.477207928579585,1.1020238929642792,7.262828420066638,7.265480534758816,0.9662608244619787,7.3691734643158915,1.444083510021141,1.5301318980918241,7.71603356206235,1.3108738887109692,7.56284623727289,1.1285022520936394,7.378310726840125,7.343599615625804,1.174531632361612,1.3485785634379301,1.7322576508103358,1.5496381538207968,1.499409236134354,7.7789933630699375,1.4699883741118693,1.476841868994583,7.795660823391357,7.936210760166738,1.7464116519540047,1.7328898406781952,2.2057011745297435,1.509219776853599,1.5864303902732766,1.8024127805612213,1.9921543794806345,2.160906217855093,-4.014196325022879,2.4720633754797428,2.603211302651839,8.845697515929572,3.855005756037276,7.480459690905592,1.7502216345612573,2.0273121055322547,2.280932549296226,2.5530593327557813,2.7544707383968206,3.066063149951001,3.336495571807939,3.560035668174196,4.17502564577422,3.7643030081086986,2.756695897577194,2.473043228378167,2.309893757499875,2.57562375342828,2.823491455010036,3.171159322026642,3.6979478747174275,3.987867731798177,4.469856834438629,3.668201769318402,2.9374400001036443,2.463488311303013,2.2604522811229186,2.3306627059628235,2.5772807814927843,2.9358506448456576,-2.2561047051574725,4.584536311725507,5.280261990708372,3.203296908323217,2.568346664441843,2.230086027947462,2.0115430363550906,1.9029679609076753,1.9160942513542565,1.612646179101037,6.605936809737395,5.84142628153233
1.8199999999999104,0.6420363321356078,1.8291876977499637,7.044390891672629,1.7771102722350023,1.9805576953533186,1.9003247255639026,1.689723472100494,1.5793644380202094,1.5334091884045133,7.536698048376518,0.6997600761372401,0.5107441678765733,1.0601522853781356,1.4393963678109507,1.57541203291103,1.4265093000885272,7.590736373284708,1.2450653490126473,7.424470679977394,7.3340616847439355,0.8339813011330363,0.8105333652937917,1.3133057964367847,1.4167492202563374,1.4251541100287946,1.274651275842001,7.489086148098824,1.121217480820615,7.287586474623769,7.288240107961882,0.9804337193709195,7.375900148775339,1.4512219482762077,1.5359448766828099,7.721582243131622,1.3194513606890306,7.578939596674222,1.1565691470338508,7.416707644437839,7.379677386161112,1.19646782820096,1.3591398079969625,1.7479214410513042,1.564532965953501,1.5075750090038034,7.78646650851283,1.4828909598816113,1.5008243722879808,7.830880541022022,7.970512848528097,1.766724546622375,1.7446190216983404,2.241206494253407,1.5614655452589001,1.6020613737256564,1.8046488501073312,1.9872451861507248,2.1460476251786167,-4.040638418985338,2.4425402773538156,2.58282908859038,8.842655191134666,3.670753808055055,7.712480139424847,1.7861949535935167,2.028599848318176,2.271217265496011,2.5319924978436608,2.7222287310191793,3.030808346769696,3.302903746647945,3.50462785367032,4.108898950974617,3.662520045247185,2.7454160462019557,2.4676552314515225,2.3013355921809593,2.560646526082157,2.8019058603826714,3.1466738803490872,3.672026880491734,3.9547844382209276,4.446177451150881,3.6397683953352558,2.929162202452122,2.4591193683738557,2.255369070347166,2.3229741239569894,2.566135392513086,2.920409899678942,-2.2832992491044806,4.565759598923963,5.2737647011286395,3.1930550400092357,2.5643739937083274,2.2281884405054644,2.0101452322968547,1.9015592814673068,1.9150128179919848,1.6140824663338948,6.620448435369,5.841507128304893
1.8299999999999093,0.6537295532075695,1.8420386327491187,7.046468685307275,1.7774658559818264,1.980551878814525,1.9012717694847383,1.6920151599771378,1.5830565561995762,1.5382272327182638,7.5423569399200625,0.706640566113848,0.5137024829999824,1.0625404710316941,1.4410839785906209,1.5775932700399495,1.4304565293895912,7.5975576668685445,1.2553345243017733,7.43711890775119,7.345899119014628,0.8423667448051141,0.814890422848425,1.3174113311116966,1.4200159373064065,1.4291558200754237,1.2814303595666996,7.501046934815264,1.1401268269545022,7.311573350477786,7.3104207321597094,0.9948422749337187,7.383219754618975,1.4591130391448561,1.5426486905190702,7.727642853158041,1.328193191214308,7.594646635587377,1.1829559406293164,7.451802300813049,7.412744320392582,1.2176185408053222,1.3702318055321594,1.7639288187594302,1.5821447352419915,1.5171420028124134,7.794242344053589,1.4950350553795093,1.5218948585846384,7.860237374644797,7.998834763221986,1.7847424739218278,1.75639869212505,2.269833830029509,1.6233629533923999,1.622234058139941,1.8082216932959956,1.983303179513173,2.1337177314144866,-4.061873514076408,2.4185272349788587,2.5651799974253615,8.839161796767334,3.4862127200460526,7.957138880185218,1.8331927227705092,2.032200446452347,2.2622326932457444,2.5123382198925137,2.6926969849488,2.9977965592583304,3.2685938898416884,3.443481624111028,4.0355094377584075,3.554975128331706,2.732248992109693,2.462089274977768,2.292724439458292,2.5458153061547866,2.7807476434266167,3.122175391987693,3.6444142674636097,3.91761036850286,4.41921338511941,3.606974045538302,2.9195530750818417,2.454402013361424,2.2500811773062495,2.3150617992915836,2.5546921649065326,2.904286357607664,-2.313230524549139,4.544712697191565,5.2665142693448,3.181332460011405,2.55990950726539,2.2261357982309242,2.0086687478638825,1.9000748001567518,1.9138684625202802,1.615613180537933,6.636736303084383,5.84167115640128
1.8399999999999082,0.664799173426359,1.853928490959648,7.048813941283957,1.7778003037820291,1.9804885044097065,1.9022367402963398,1.6943845815769436,1.586862200012785,1.5431986404406919,7.5482966689004245,0.7141793862262301,0.5169917359887335,1.06524285560695,1.4429495048968315,1.579899845487707,1.4345449567478985,7.604539112474188,1.2657246965546212,7.449826783571066,7.357905542240694,0.8511792758653947,0.819668012456564,1.3220253056721651,1.423696099487044,1.4334342292573459,1.288388530676898,7.513021217496648,1.1586401639009742,7.334694763844889,7.33192382361279,1.0093526311426126,7.391056012992515,1.4676624914813392,1.5503237574966975,7.734296188165511,1.3371007473281038,7.609909139710707,1.2076740744335233,7.483854753024977,7.443033722200265,1.2378769112689278,1.381691869008668,1.7798104548824216,1.6024654809521228,1.5283735727472916,7.802436444068445,1.506509766577749,1.5404998539394108,7.884968415486154,8.022477149106962,1.800739555799831,1.7679769054830465,2.290152961936398,1.6914308605857216,1.6472209483380502,1.8134416735503107,1.9803631889237123,2.1235250876233227,-4.079075313877193,2.3987531475630672,2.549599469035802,8.834374062301467,3.3210122567856124,8.184473801048384,1.8884961460272132,2.0384340195307855,2.2541619516782427,2.494122583769002,2.6656528699134627,2.9667870896751722,3.233596198149131,3.3790596210982695,3.9580651417459323,3.4534230909921138,2.7178653423881562,2.4564447523232515,2.284144713763572,2.5312378149709054,2.760105102024902,3.0977098761686466,3.615009614843725,3.876472173553835,4.388976110544206,3.570830361728944,2.90851381788141,2.449296943938696,2.2446039400401703,2.3069778842504602,2.5430224677411206,2.8875173889149877,-2.3462010734745156,4.521132177379346,5.2584400656051455,3.1679494308796734,2.554847865165612,2.223895960182518,2.0071093761066505,1.898522516006573,1.9126764387365867,1.6172670756484615,6.655058542937194,5.841945049817418
1.849999999999907,0.6750170005375767,1.8644218265121317,7.051458865975408,1.7780973060850302,1.9803451141060886,1.9032065704580432,1.6968193761289985,1.590762412927116,1.5483020716681337,7.554511406869426,0.7224329428851388,0.5206381800301174,1.0682716731617676,1.4450061389246875,1.5823367511710276,1.4387651725689972,7.611646498570433,1.2761732434291833,7.462520199510702,7.370015207250061,0.860378494011488,0.824853583631142,1.3271292985264715,1.4278186687002485,1.438013865826902,1.295512684793332,7.524948156899794,1.1766724545053977,7.356894613644993,7.3526866473428205,1.023855849210909,7.399332777591791,1.476761897686007,1.5589987517328054,7.741621112562411,1.346188671419968,7.624697770685496,1.2307813427506897,7.51314243848136,7.470794996290194,1.2571925803005406,1.3933706874516378,1.795196447050922,1.6250276467765363,1.5414146027922937,7.811176631555487,1.517426513788399,1.5570411175269614,7.906042688171561,8.042446807093194,1.8149621699361504,1.7791086313001954,2.303020217031105,1.760283452113216,1.6763992252511846,1.8205153857164351,1.9784584175947229,2.1151292454367674,-4.0931618591231125,2.3821966808721493,2.5354543794339977,8.82777334613104,3.1882232226303784,8.37192543785054,1.9468781815940808,2.047167962734206,2.2471438191619293,2.4773322904509087,2.6408516901757477,2.9375298959631615,3.1981529791287544,3.3148505100218726,3.880824559689172,3.367334427442028,2.703517710572851,2.450893327431955,2.2756882051587457,2.5170011048898857,2.7400276136083797,3.073283344865913,3.5837692681468543,3.832063600157563,4.355901406394419,3.533155264542306,2.896166466444499,2.443790544362761,2.2389572416284476,2.2987732377506545,2.531187854619304,2.8701194850990372,-2.382537813247706,4.494847907562785,5.249511492738262,3.1528951783502235,2.5491060548428304,2.22143565946272,2.005462831434679,1.8969115098965097,1.9114535732620643,1.6190807007915997,6.675707160838281,5.842370987796692
1.859999999999906,0.6844566413434662,1.8735453829831805,7.0544347061895305,1.7783404358658046,1.9800994943264376,1.9041658018029322,1.6993050495674094,1.5947372713702344,1.5535168857176438,7.560998301273821,0.7314654044217643,0.5246696398428388,1.0716352659247763,1.4472643054680696,1.584907517716168,1.4431059679034208,7.618845104234404,1.2866224196960543,7.475135264211446,7.382171938955032,0.8699288481241585,0.8304320958548087,1.3326976618045827,1.4324021570946412,1.4429181992986144,1.3027925574524188,7.536777160376305,1.1941633670352116,7.378147274402427,7.372675496174291,1.0382663250747786,7.407976511551189,1.486302204973034,1.5686266224782681,7.749674750823609,1.3554813772940226,7.639008490995013,1.2523658542628069,7.539940398467481,7.496274817656111,1.2755523402665534,1.405133478132056,1.809902688837173,1.649006169822449,1.5562113071664687,7.820571539508219,1.527907013566928,1.5718681798374106,7.924209928716458,8.059508306829581,1.8276124051256881,1.7895943071192402,2.310763274036832,1.825075641915589,1.7083802697874597,1.8294557458048886,1.9776083283216115,2.108246764758272,-4.104842640561643,2.3680511892359566,2.52222702184423,8.819356589033719,3.0892492955043944,8.513441862788675,2.0031290939354514,2.0578276653600542,2.241241530502843,2.461925263069831,2.618048294895007,2.9098018461781,3.162692589264695,3.253953626058752,3.807476540642547,3.299637451239925,2.6904673492884994,2.4456458491736353,2.26744982595544,2.5031731137911626,2.720533491869497,3.0488785694517913,3.5507508086475674,3.785511378578468,4.320757504463364,3.495845059533284,2.8828592188074453,2.4379120693191645,2.2331673924381166,2.2904955571151238,2.5192378815593797,2.8520859945654227,-2.422571114723329,4.465830720683184,5.239752886018832,3.136358834015389,2.54265265370568,2.218727291762917,2.0037253319970976,1.8952513799888069,1.910217795007718,1.621099642361153,6.699008625017258,5.843015036377947
1.8699999999999048,0.6932978812086603,1.8815316076392696,7.057770962389671,1.7785171944016294,1.979734368944175,1.9050982690807183,1.7018256664072413,1.598766722736396,1.5588242069068805,7.567759130091832,0.7413504759313368,0.5291170041024675,1.075338377952847,1.4497311478310666,1.5876142794979473,1.447555028373789,7.6261011643559025,1.2970207577741364,7.487618762380575,7.394329940344146,0.8798014957328254,0.836387709360808,1.3386994828106653,1.4374502024084286,1.4481659738237445,1.3102208765681471,7.548468684085177,1.2110742412757831,7.398450584695769,7.39187926416719,1.0525190058222489,7.416918202426489,1.4961841224630972,1.5790878087193674,7.758474101110912,1.3650055548129172,7.652857398342639,1.2725335758773118,7.564509541624152,7.519705794355499,1.292966038627978,1.4168639420610938,1.8239054342561367,1.6734871653047558,1.5725086506053816,7.830679722139435,1.538070645047637,1.5852789183617997,7.940046811621991,8.074235781331698,1.8388534465463968,1.799313485014688,2.3157121934468736,1.8829763319039021,1.7415075095200634,1.8400650505300864,1.9778023939554077,2.102646563695983,-4.1146624149746645,2.3556925535512785,2.509562007688662,8.809539547105567,3.0180020071986497,8.614839803460532,2.053880421537669,2.0696273780960044,2.2364338594290336,2.4478372455185884,2.5970109821552367,2.8834228496478547,3.1276984533723056,3.198194860608224,3.7402274845234857,3.248121888741205,2.679450688114237,2.4408855400015494,2.259518241442417,2.489804455858203,2.701618158185221,3.024471241472696,3.5161152921395398,3.7380573402411077,4.284422219065443,3.4602573706253232,2.8690574861591664,2.4317358476301236,2.227268593371973,2.2821883499703293,2.5072092691495533,2.8333881617902534,-2.466608646724932,4.434191521635316,5.229242328939237,3.1186803722220513,2.53552280881532,2.2157565640136876,2.001894844240786,1.8935518824697564,1.9089878559698694,1.6233798805987207,6.725319640977275,5.843973270352678
1.8799999999999037,0.7017025661346423,1.8886139526877768,7.061495018690631,1.7786224007677582,1.9792414016406363,1.905989345768723,1.7043648051836136,1.6028313696935312,1.5642078366340475,7.574801767623463,0.7521723316978636,0.5340156028360684,1.0793825812795825,1.45241029574944,1.5904578745120879,1.4520996397518888,7.633383054782477,1.3073238404305023,7.499928033512923,7.4064540086521395,0.88997550902765,0.842705319896052,1.3451003514286604,1.4429501024088125,1.4537673067889234,1.3177923744371194,7.5599939589342044,1.2273846758201041,7.417819849972305,7.410303839539805,1.066566336693076,7.42609499253346,1.506320976119872,1.5902164084920938,7.767988379823031,1.374781340185734,7.666274513493185,1.2913990482118085,7.587090427899192,7.541300616021574,1.3094577774022242,1.428468318617335,1.8372569346543905,1.6976939105357465,1.5899186974611232,7.841493919659925,1.548022759948707,1.5975235142887831,7.9539964332172985,8.08705931046958,1.8488237144491289,1.8082309314809129,2.3194266884499943,1.9330777916881245,1.7743154740093927,1.8519934059826506,1.9789904485984313,2.098140221916156,-4.123037764906273,2.3446503110081043,2.4972620791265063,8.798909434243342,2.966711271254589,8.68571399940117,2.097766046350334,2.0818183661093967,2.232631796221848,2.4349869079078923,2.5775289596259765,2.8582535959736455,3.0935815095132,3.148152756184663,3.6798556640535116,3.2087958668077774,2.670585018626459,2.436715196554754,2.251964636100908,2.47692976919537,2.6832616302530656,3.000040493654668,3.480089917023777,3.690779019856791,4.24768369740323,3.4270693215327954,2.855206485634118,2.4253659936688665,2.221302245592681,2.2738904408243097,2.495126287771204,2.813978828253577,-2.5149113767972313,4.400137190966011,5.218097113048729,3.1002641767107124,2.5278113738987833,2.212527414989541,1.9999725809155406,1.891822827798919,1.9077832937324284,1.6259891317422503,6.75501592717833,5.845372763054978
1.8899999999999026,0.7097891213686165,1.89496776831752,7.065632265981202,1.7786600314466867,1.9786230931935427,1.9068280641868627,1.7069066652604563,1.6069131961998344,1.5696550164823804,7.582141362635407,0.7640251158840323,0.5394061154278523,1.0837668102642695,1.45530203316976,1.593437917683851,1.4567273017152809,7.640662169712091,1.3174945840013674,7.512030475447895,7.418519350003957,0.9004385122014995,0.8493718935290953,1.3518636576345582,1.4488746000145973,1.4597210440640882,1.3255020733192235,7.571333849387088,1.2430891144534113,7.436282929659054,7.4279675044940285,1.0803754882824055,7.435451454874718,1.5166364233759932,1.6018316045553282,7.778143972407909,1.384815390717532,7.679297325662432,1.3090786171311228,7.607900697896679,7.561250070504434,1.3250610719758165,1.4398767967148514,1.8500168106031651,1.7210780527546437,1.6080096809336926,7.852944554703632,1.5578462983718695,1.6088093699283037,7.966400267655901,8.098303527421251,1.8576494087098676,1.8163778945494593,2.322688737208473,1.9756683747774788,1.8057430241946306,1.8648261498676995,1.981084137713277,2.094571518299499,-4.13028628585695,2.334579918206892,2.485248799698873,8.788016170513425,2.9288683998298572,8.734852837575607,2.1347642052682327,2.0938232745007572,2.229706935334211,2.4232809961072843,2.559414879575035,2.834184176267362,3.060618181153295,3.1035994703587377,3.626181995826991,3.1779678388191845,2.663578922217595,2.433145685318648,2.2448348168546874,2.464568715586519,2.665434483971606,2.9755722459579763,3.4429173485869295,3.6444558509008145,4.211140137940482,3.396443750133883,2.8416447759302104,2.41891353139659,2.2153137796629356,2.2656356633637573,2.4830020760445017,2.7937977486268673,-2.5676740061705123,4.363912296851285,5.20645491157588,3.0815046697091595,2.5196513047604707,2.209062219107456,1.9979641024476253,1.8900741820866123,1.9066246361870263,1.6290078626051787,6.788472009133472,5.847367003763966
1.8999999999999015,0.717641570522178,1.9007158842995873,7.070206588191417,1.7786434019512392,1.9778923707871596,1.907608507555722,1.7094371338573835,1.610996222166592,1.575157047808266,7.589801090140602,0.7770103676517716,0.545334757475107,1.0884879786569859,1.458403834165447,1.5965528426709092,1.4614261740412167,7.647913488861397,1.3275031631365328,7.523902833267476,7.430511132971291,0.9111867884181355,0.8563775367427814,1.3589515436435553,1.4551856512433392,1.4660141275219079,1.3333434837466756,7.582477136938042,1.2581936379238174,7.453876347167012,7.444897361495291,1.093926052595984,7.444940336594607,1.5270613807367035,1.6137614147886645,7.788837328778226,1.395097716123038,7.691965002495109,1.325685591948286,7.62713480433426,7.579723560565633,1.3398162398029863,1.4510416997043722,1.8622228277314472,1.7433099047677156,1.6263759023924118,7.864916352384647,1.5675980553377082,1.6193060686365894,7.977523178691228,8.108217742723388,1.8654511873554984,1.823824163059078,2.325777371573135,2.0115828648219805,1.8351443908200389,1.878158028027058,1.983966851068134,2.0918076845646194,-4.136649602594868,2.325235807862741,2.4735141219705192,8.77727118286963,2.8998391655639058,8.768924667598586,2.1655234733353805,2.1052610814030297,2.227517454649585,2.4126195563701076,2.5425042024207545,2.811122016162525,3.0289473710099144,3.063922945929696,3.578530084569488,3.1528810232206355,2.6579807697447344,2.430116654694924,2.238147281735995,2.452727076085366,2.648101946511987,2.9510573001304157,3.4048149616873133,3.5995578629527714,4.175184223495491,3.3682518655279705,2.82858252715214,2.4124771799549785,2.2093481996370548,2.2574525541441806,2.4708405284658093,2.772777827707443,-2.6250060461655633,4.325750973457194,5.1944577181440215,3.062742960201848,2.5111892838600776,2.2053979279048006,1.9958795734151307,1.888316257517977,1.905533776880248,1.6325294172972165,6.826030096676585,5.850127228184043
1.9099999999999004,0.7253205402442826,1.905944966900279,7.075240992586202,1.77859406253928,1.977070555755444,1.908330232735905,1.7119446269999685,1.6150670596260286,1.5807097571190267,7.59781227600159,0.791231686663752,0.5518526073283833,1.0935416510651912,1.4617111174736268,1.5997999465345416,1.4661853301977086,7.655115852708914,1.3373266866823388,7.5355303878504305,7.442423862282545,0.9222248251468393,0.8637162304266907,1.366325761096149,1.4618386716256104,1.4726228135467965,1.3413072514554865,7.593418560515053,1.272713070350134,7.470642298876293,7.461126685318476,1.1072081607919035,7.454522712965172,1.5375324139883688,1.6258555675713595,7.799949789941014,1.405602244934098,7.704313947845043,1.3413269033468247,7.644965102087738,7.596870994459594,1.3537686920126681,1.461933566209391,1.8738892416101012,1.7642275378690029,1.6446764055008658,7.8772691843054385,1.5773093147722235,1.629150180232713,7.9875725177408405,8.11699806897639,1.872345476238362,1.8306534869919122,2.3287229515342545,2.0418065820446842,1.8622067326057696,1.8916380527559935,1.9875068908561313,2.089733180410062,-4.142311502397536,2.316446559424335,2.4620802584546952,8.76693123049546,2.876558650302287,8.79260427769133,2.1909233940817128,2.1159154949863797,2.2259256182792058,2.402900627934735,2.5266529264593207,2.7889830352345784,2.9985970608278434,3.028397909833325,3.536041600464265,3.131660373439316,2.653342263392184,2.4275280554542653,2.231896436838888,2.441398254792337,2.6312263205339597,2.9264873703408245,3.365953642628292,3.556297205013207,4.140032093554668,3.3422387941202127,2.816120136860645,2.406132902815472,2.203445929735054,2.2493640702128808,2.458638463769872,2.750852340260698,-2.686907137671791,4.2858485480795565,5.182241060763199,3.0442505418045154,2.5025665540119335,2.2015802494322374,1.9937331441000345,1.8865598758955238,1.9045343723499941,1.6366584127966666,6.867956300551722,5.85383162461074
1.9199999999998993,0.7328696623513061,1.9107180707842866,7.0807581778995,1.7785399305272553,1.9761846250618849,1.9089978349477472,1.7144205935295223,1.6191153367072453,1.5863137680452524,7.606213616046295,0.8067859836189474,0.5590139961812545,1.0989227284148249,1.4652180453392303,1.6031754734224821,1.470994841755174,7.662251983937393,1.3469487101652968,7.546906114306186,7.454260589792996,0.9335642000430919,0.8713861668764075,1.3739485696288394,1.4687862885317107,1.4795150667115722,1.3493805094305238,7.6041569148428225,1.286668459474292,7.48662641453515,7.476693027472645,1.1202208811598295,7.464167649083983,1.5479916641570521,1.6379898337625802,7.8113602976559315,1.4162899556472663,7.716374982412469,1.3561009669339592,7.661543649511946,7.61282521337646,1.366967440279885,1.4725366170156418,1.8850158612650232,1.783782156867917,1.66264767475511,7.8898566958672385,1.5869895099214153,1.6384499112423137,7.996712418396658,8.124802819682646,1.878442758696917,1.8369472962838833,2.3314645580041713,2.067280903283847,1.8868489555270265,1.904987622977438,1.9915696740617057,2.088245741164368,-4.147412190856319,2.3080936632609825,2.450973567358185,8.757124387602293,2.8570629854170475,8.809063923945107,2.211845485437262,2.1256882874271237,2.224806970989858,2.394023929758584,2.511734743413716,2.7676865495507563,2.9695179417054702,2.9963244492373233,3.497854698283763,3.1130795204581263,2.6492925191410372,2.425267625727229,2.226058549001307,2.430565210766834,2.614768262202901,2.9018517577945295,3.3264557028215846,3.5146978410656122,4.1057663638651904,3.318119056475762,2.8042806600443853,2.3999316181714616,2.1976399956696087,2.2413874627711983,2.4463879577027248,2.727963847120362,-2.7532316599777764,4.24435210586269,5.1699279971924135,3.0262296034903735,2.4939073654277557,2.197657872826903,1.991541745304098,1.8848164335878792,1.9036520471026788,1.6415063059683885,6.914383608741032,5.858654010684357
1.9299999999998982,0.7403182162246743,1.915082626838977,7.086780889457971,1.7785131350433183,1.9752644871997187,1.909619953500741,1.7168596663355473,1.6231339596089058,1.591974506299357,7.61504914174393,0.8237509023223343,0.5668739138972666,1.1046260916531268,1.4689182363958535,1.6066747525999667,1.4758457449385511,7.669308309078226,1.356358648765375,7.558029840103336,7.46603191845989,0.9452216694412099,0.879389643062011,1.3817836641349852,1.4759812208422767,1.4866533908064632,1.3575469238594713,7.614693420592842,1.300084960203456,7.501876119774847,7.491636872332781,1.1329707532266875,7.473851536896709,1.5583875336926776,1.6500653224957924,7.822954388140984,1.4271131597214177,7.728172046103002,1.3700965279792094,7.6770042950324235,7.627704419676727,1.3794636199718826,1.4828446587659123,1.8955977099788708,1.801994351293743,1.6801003090459137,7.902539852882856,1.5966313431486412,1.6472895722111554,8.005074330729297,8.131762777052193,1.8838450330095917,1.8427763981531349,2.3339274544602127,2.08882733795952,1.9091348641339203,1.918000908977517,1.9960268936067873,2.0872540431283566,-4.152059410250952,2.300094640528639,2.4402110407185056,8.747887478266914,2.840103860205991,8.820436100270967,2.229075657310827,2.1345574762965605,2.224053720477408,2.3858934186259426,2.4976382294959847,2.747153077004647,2.9416133347053566,2.9670840109840406,3.4631882780372334,3.0963435032673092,2.645555424255366,2.423229048594301,2.220598199113068,2.420202642989225,2.598687509631779,2.8771363199746403,3.2864073234668236,3.4746607493576263,4.072377484847945,3.295622047055428,2.7930404303312932,2.393902074122463,2.1919548051335074,2.233534435935835,2.434078896836851,2.7040757120373984,-2.823642364820293,4.201365095532976,5.1576263478275735,3.0088212451014686,2.4853140279916652,2.1936779216581694,1.989323680895682,1.8830978434178507,1.902914147961748,1.6471829516299394,6.965244199263031,5.864753227154255
1.9399999999998971,0.7476817565708538,1.919075462188601,7.093331967964224,1.7785479219293108,1.9743406816867335,1.9102080412223454,1.719259517282278,1.6271191919159596,1.597701832157432,7.62436457329083,0.8421686613158598,0.5754844372499679,1.1106471390134247,1.4728053258195806,1.6102923838883958,1.4807299454368072,7.676274642080636,1.3655511365769588,7.5689073973236205,7.477754706305308,0.9572163341140144,0.887732474591669,1.3897970409888265,1.4833782794133321,1.4939975454963568,1.3657872618425773,7.625030474779584,1.3129901262984491,7.5164394616129595,7.506000651065765,1.1454703463025098,7.483557259774616,1.568675416474857,1.6620054798147905,7.834629507715298,1.4380198214757864,7.739722093998381,1.3833922875195237,7.691464786721201,7.641614326319119,1.3913090719274883,1.4928578867659148,1.9056315961057024,1.8189235042461016,1.696908096987803,7.915195118728503,1.6062161040829548,1.6557337754451982,8.012764707155103,8.137987859094375,1.8886437559177707,1.8481983093952472,2.336053052785093,2.1071311876814547,1.9292092091576094,1.9305360135188872,2.000762246150565,2.086676336678831,-4.156336993434799,2.2923904831389477,2.4297955647126117,8.739199915442917,2.824882050542142,8.828158530372736,2.2432758289032,2.1425461889891673,2.223574807667906,2.3784188515826594,2.4842643796159174,2.727304079292783,2.9147624775025536,2.940152513810347,3.431371188954397,3.0809318414148352,2.6419400767036967,2.421321282802929,2.215473881397726,2.410279212868203,2.582943577486862,2.852325425248447,3.24588020776046,3.436016679259485,4.0397976868924586,3.2745088602702856,2.7823520414513405,2.3880559290709886,2.186406269125002,2.225811658913973,2.42170190310716,2.679186633423491,-2.8975600206418344,4.156960473358611,5.1454277049850266,2.992116267382861,2.4768664302779775,2.189683001032855,1.9870973306152753,1.8814163540693776,1.90234878173439,1.653783307627032,7.020199484649337,5.872264608503477
1.949999999999896,0.7549622403479853,1.9227261245515495,7.10043404661942,1.7786788273771212,1.9734426521169914,1.9107751492316098,1.721620506197534,1.6310705387372857,1.6035091787000562,7.634201828004733,0.8620278027060556,0.5848903359978288,1.1169821541970113,1.476873356772432,1.6140224505690994,1.4856401069457923,7.683143789592725,1.3745253622701927,7.57954973507848,7.489450355024211,0.9695658548980994,0.8964229110373079,1.3979577086976762,1.490935638415747,1.5015068379725156,1.3740802584817058,7.635170798630423,1.325412591555969,7.530364273378488,7.519827945325392,1.1577367669298295,7.493273280346824,1.5788180907269052,1.673752432860729,7.8462974206555245,1.44895725299154,7.751035786071356,1.3960571184884047,7.705028758823827,7.654649928684084,1.4025550827724484,1.5025806270478892,1.9151193320914732,1.8346480692380884,1.7129949073937303,7.927718235967783,1.61571840087087,1.6638312572228728,8.01987059303818,8.14357143802328,1.8929187794343931,1.8532577998918667,2.3378055313540522,2.1227511358997453,1.9472547481201754,1.942502778745996,2.0056742333375692,2.0864395690976636,-4.160311327933643,2.28493686641538,2.4197162894418773,8.731009132721306,2.810876471342367,8.83320987642643,2.2549873491676564,2.1497017202630966,2.223294419125315,2.371516592379139,2.471524626806189,2.7080629647998604,2.8888377659300613,2.915094687149674,3.4018433145287963,3.066496025652652,2.638322406297111,2.4194716222236776,2.2106422261472987,2.400759646795699,2.567496788521365,2.8274068472117966,3.204957244265375,3.3985658387488,4.007926738917187,3.2545750346182287,2.7721592861075854,2.3823930433146807,2.181002805372306,2.2182216327709807,2.409251739257964,2.653347306278571,-2.9741246425756676,4.111197286009637,5.133407276190353,2.976165843833356,2.468624028368055,2.1857096873602595,1.9848801387619768,1.87978424952521,1.90198292830016,1.6613695026477755,7.078584112232902,5.881295417886597
1.959999999999895,0.7621489115401188,1.9260592259099114,7.108108895504975,1.7789392129685366,1.9725975816301609,1.9113348798728633,1.7239452147926755,1.6349904280065741,1.6094120928418791,7.644591802410814,0.8832460467511495,0.5951242914135031,1.1236284557801923,1.4811170159238234,1.6178587367988906,1.4905695523622287,7.689911127855249,1.3832843970451145,7.58997194028689,7.501142590690304,0.9822819014663816,0.905470072276552,1.406238179686553,1.4986155570456625,1.5091418748764502,1.3824035837121142,7.6451169385467965,1.3373811010134407,7.543697572405595,7.533162746604898,1.1697900742010223,7.502992690250916,1.5887856801087505,1.6852634893533676,7.857884625939266,1.4598749127044435,7.762118604947221,1.4081506919450115,7.717787526310449,7.666896904842303,1.41325135188445,1.512019848400107,1.924068534533831,1.8492535748369048,1.728322264163253,7.940024930527325,1.6251099441539463,1.6716182407046365,8.026463714409667,8.148593224245683,1.8967382804934105,1.8579888688211637,2.339168981483754,2.1361377143750198,1.9634653928336916,1.953850573882674,2.0106768411315565,2.0864787091886994,-4.1640361355970885,2.277698388835422,2.4099514809986498,8.7232477350525,2.7977383280656545,8.836265067893502,2.264646516197758,2.15608237103556,2.2231499621376503,2.3651099083434257,2.459339406551805,2.6893569573715594,2.8637174440624578,2.8915522860487655,3.3741446218041156,3.0527955158590325,2.634626710063718,2.417625073593527,2.2060608523019143,2.391606646458895,2.5523098446441694,2.802378915779928,3.163756817435714,3.3621065142486732,3.976650613093077,3.235647488519766,2.7624057467069614,2.376905973219141,2.175746783766848,2.210763859253923,2.39673110852116,2.6266763391272545,-3.0521906072232885,4.064135975184977,5.12162420642027,2.9609909594573796,2.460628879827467,2.181788094405684,1.9826879377108253,1.8782134246083568,1.9018395873208822,1.6699504120061117,7.139386815363324,5.891926614907282
1.9699999999998938,0.7692208327235076,1.929096129960374,7.116376463103499,1.7793601731309996,1.9718297025190215,1.9119005735505237,1.7262379370557068,1.6388836861243237,1.6154261523888118,7.655546144993263,0.9056590192153402,0.606202531042799,1.1305843010735948,1.485531736587724,1.6217949299074135,1.4955121908237543,7.696574186729535,1.3918345183711636,7.6001921134315324,7.512854730376397,0.9953653303023304,0.9148820027006851,1.4146147175106452,1.5063847067067406,1.5168657841948587,1.3907347639258232,7.654871044628389,1.3489238372723755,7.5564851004695575,7.546048675031724,1.1816516027054473,7.512712225162684,1.598555245984498,1.6965081045079227,7.869331571082046,1.4707262949849467,7.772972120083299,1.4197243542283864,7.729821665171251,7.678432697051533,1.4234452003052909,1.5211842176163373,1.9324920461334045,1.8628256985916332,1.7428788135809237,7.952049732368746,1.6343623179153746,1.679121298517727,8.032603509198879,8.153121325949712,1.9001594554284802,1.86241708588961,2.3401419137497883,2.147652845121466,1.9780305613883205,1.9645576187762002,2.0156988695650746,2.0867361327348974,-4.167555911649425,2.270645102654846,2.400472258448456,8.715844209598634,2.7852266652748767,8.83779638928003,2.2726028078643057,2.161749617793649,2.2230900167769856,2.3591289657228156,2.447637277537699,2.6711195622783337,2.8392949276718307,2.869231986778208,3.3479007359894193,3.0396585250702968,2.630810368625247,2.415741973067018,2.2016901015497683,2.382782600723606,2.5373499508944692,2.7772585942996155,3.1224500749331026,3.3264548326883276,3.9458544451607724,3.217579784743568,2.7530390745329703,2.3715833452957598,2.1706360869689445,2.2034362147451914,2.384154429723287,2.5993705193785477,-3.130377290551406,4.015848142914941,5.1101225004498305,2.9465902998869806,2.4529088675824875,2.1779421284861287,1.9805345709920072,1.8767148364889807,1.901934214385532,1.6794632982806834,7.201290738108267,5.904223044031716
1.9799999999998927,0.7761512734826657,1.9318560852772506,7.125253726926516,1.779969777457435,1.9711599687801542,1.9124847344422495,1.7285041719797938,1.6427568166750222,1.6215643769158672,7.667049453783123,0.9290199367027132,0.6181219943694196,1.1378485500845066,1.4901136937032258,1.625824793738722,1.5004624720555741,7.703132261148318,1.4001845242719142,7.610230067096393,7.524606582051332,1.0088019147952654,0.9246635538174335,1.4230673443067765,1.5142142213190304,1.5246449796200578,1.3990519717716188,7.66443484357985,1.360067978594646,7.568770933863248,7.5585281047563315,1.193342246712211,7.522431241772279,1.6081101284540302,1.7074653755279654,7.880591242251708,1.4814700341952296,7.783595210050508,1.4308221242063388,7.7412023812038635,7.689327338398661,1.433180997233399,1.530083493822034,1.9404067606919955,1.8754465027226834,1.7566719657374394,7.963743818486254,1.6434488377126595,1.6863597178084522,8.038339426288443,8.1572138600289,1.9032297014294512,1.8665617662983325,2.3407320174675776,2.1575873608214002,1.9911268639083595,1.9746223426375076,2.0206825223757794,2.0871610210106137,-4.170908309238517,2.2637507007853817,2.3912463490296747,8.708729214512672,2.773169408363891,8.838139280853314,2.279135860008494,2.166763705199451,2.2230724865229528,2.353510680580571,2.43635456406873,2.6532933294611247,2.815485262617042,2.8478950938509926,3.3228089940903986,3.0269581017874123,2.6268523615443784,2.4137950421626053,2.197493967096228,2.374251120538639,2.5225912927862546,2.7520885662016297,3.081265976181604,3.291457141514605,3.915430865080997,3.2002475207202163,2.744012645421372,2.366412163125835,2.1656655834977894,2.1962363884465677,2.3715508074265883,2.5717037306414112,-3.2071838486871527,3.9664176523638783,5.0989329165401065,2.9329466135892424,2.445480677165723,2.174190115943427,1.978431741591226,1.8752978583294377,1.9022710830071945,1.6897637766798146,7.262783213190288,5.918252525648336
1.9899999999998916,0.7829132733060509,1.9343568271371687,7.1347535290796635,1.7807925886213893,1.9706059859886624,1.9130986654295452,1.7307501421065759,1.6466171150109778,1.6278344410704915,7.679053842569607,0.9530133948242944,0.6308601755251564,1.1454201353162494,1.4948597125109233,1.629942304995613,1.5054153623012643,7.709586057117874,1.4083450305150818,7.6201058620369615,7.536411315074357,1.0225596228716263,0.9348144250970528,1.431579634902419,1.5220795550257593,1.5324495610964806,1.4073346453395192,7.673809729763479,1.3708394242185256,7.580597109219398,7.57064119400463,1.2048808205401458,7.532150671968701,1.6174391508118449,1.7181220167454858,7.89162751321208,1.4920703965604443,7.7939851351924,1.4414817110758187,7.751992681480586,7.699644083214094,1.442499763102939,1.5387281102019517,1.9478323328684461,1.8871925732437287,1.7697215481137227,7.97507248969871,1.652345668173261,1.6933474044499148,8.043712720735968,8.160920327005433,1.9059880416411266,1.870437780668842,2.340952125913072,2.166175620147178,2.002914356573283,1.9840567346980813,2.0255816832153033,2.0877087736881212,-4.174125705398659,2.2569918406097944,2.3822414173290714,8.701839068982812,2.7614398711244914,8.837535501750024,2.28446986546524,2.1711813429599727,2.2230630198865184,2.34819853166891,2.4254354267047673,2.635832493095136,2.7922286526837086,2.8273493631157303,3.298626344832687,3.0145974917812675,2.6227451391153793,2.411766534644494,2.1934404980757987,2.3659784071626513,2.508017457737076,2.7269411751574753,3.0404813284406,3.2569957316872347,3.8852843941785746,3.183544439175614,2.735285779247762,2.361379255427088,2.160828406928285,2.189163202904105,2.358965223015659,2.5440106268309575,-3.281152747721283,3.9159321185069,5.088076153544971,2.9200316784517213,2.4383523502249216,2.170545579993508,1.9763890066016556,1.873969607796115,1.902840515309087,1.7006297399737296,7.3223208499731784,5.934111607187781
1.9999999999998905,0.7894850265933393,1.9366147068978148,7.144883615148634,1.7818493941007987,1.970182110114438,1.9137522679443686,1.7329823473707782,1.6504716873405858,1.634236168522246,7.691477719919974,0.9772823185534315,0.6443783811906908,1.1532974246209833,1.4997671116189792,1.6341417493248338,1.5103663327695147,7.715937370227828,1.4163277490258837,7.629838261559643,7.548272792610802,1.0365882842922898,0.9453277612852079,1.4401383394661538,1.529960207043768,1.5402534431006898,1.4155639310794013,7.682996912177224,1.3812626277188327,7.59200323443748,7.582424873152471,1.2162826581450767,7.541872002598907,1.6265357766970439,1.7284707354796804,7.902413483242461,1.5024973325431439,7.804138412907956,1.4517354831133764,7.76224836699571,7.709439890943971,1.4514389112803299,1.5471288469081408,1.9547900235239664,1.8981342728646278,1.7820551421881075,7.986012654120612,1.6610323840669605,1.7000943836673315,8.048757901233,8.164282856590116,1.908466609910642,1.8740569753171785,2.34081748808445,2.1736072789721725,2.0135355074141565,1.9928814126860648,2.0303601498913304,2.0883404564596515,-4.177236146205521,2.250348179007948,2.3734277334407943,8.695117560698549,2.749942560179455,8.83616179584681,2.2887852429594666,2.1750546542231812,2.223033707362401,2.3431423941806653,2.414832200388714,2.618704962036454,2.7694908186793143,2.807442437866666,3.275159152451358,3.0025010891328865,2.6184891156351062,2.4096457704953567,2.189501892883072,2.357934427103325,2.493623253307436,2.701917501208443,3.000397217093819,3.2229883762000804,3.855332426780209,3.1673792913087366,2.72682327150268,2.3564721021641684,2.1561169952591306,2.1822176163447073,2.3464571541812678,2.5166557438339563,-3.351042824652932,3.864466580821555,5.077567323056993,2.90781002124543,2.431525376543323,2.1670180282882447,1.9744138554840933,1.8727343697959418,1.9036179383799032,1.7117811271460015,7.378511142859556,5.951953153553002
2.0099999999998897,0.7958537368532221,1.9386444960795324,7.155646091175484,1.7831570990708163,1.9698996467033676,1.9144539608192588,1.7352071590466012,1.654326480108132,1.6407598405171135,7.704209729642047,1.00146264064656,0.6586283603275565,1.1614775958736243,1.5048335025796848,1.6384177775452295,1.5153113509714662,7.722188790309387,1.4241447597120733,7.639443250409888,7.560183886664057,1.050821973540598,0.9561896670413734,1.4487328883190198,1.537839357435584,1.5480342894031955,1.4237229644849823,7.6919975711747695,1.3913604900349628,7.60302608095762,7.593911892455194,1.227558623071103,7.551596360880597,1.6353972811092274,1.7385089286471187,7.912929928386108,1.512726237706856,7.814051487419479,1.461611343720227,7.772018866666324,7.718765806720059,1.4600321040638902,1.5552965458332608,1.9613017820440144,1.9083356277263683,1.7937047478568533,7.996550519456772,1.6694921409503651,1.7066079626848756,8.053503932780817,8.16733736478436,1.9106920669848768,1.877429250736134,2.3403441292472467,2.180036614519687,2.0231156814667237,2.0011220728938928,2.034989982838919,2.0890223042401557,-4.180263843687277,2.2438027627793855,2.364780050055344,8.688516749504425,2.7386044948290573,8.834149216594888,2.292227880888597,2.178430847359669,2.22296202982867,2.3382984098294934,2.4045057836693564,2.6018931540932737,2.7472602307106553,2.788056163776761,3.2522544338840627,2.990608727218964,2.614089075116207,2.407427147831273,2.185654422623426,2.3500938267111158,2.479415391320553,2.677141044573741,2.9613076282005752,3.189382496386844,3.8255033687422157,3.1516732656900923,2.7185946635445633,2.3516792445789254,2.151523876990899,2.175403235676497,2.334096440893835,2.489994229843234,-3.4159644171763133,3.8120632187029124,5.067421230280256,2.896241538980591,2.4249963507902916,2.16361367572129,1.9725118330471565,1.8715932492018386,1.9045653180050561,1.722911811754786,7.430262253140117,5.972010172738529
2.0199999999998886,0.8020172690381634,1.9404590714398897,7.167037456444903,1.7847287420151647,1.9697671002129677,1.9152106779313522,1.7374304607458944,1.6581854465230546,1.6473857324136683,7.71711737990067,1.0252177974209031,0.6735614308728192,1.169956151595814,1.5100565711185618,1.6427654252339654,1.5202468666276259,7.72834342621563,1.43180780562402,7.648932801666922,7.57212615119724,1.06518373347502,0.9673798437024631,1.4573548405232772,1.5457034481973855,1.555773317296141,1.4317970121005898,7.700812994033656,1.401154278350305,7.613699180368678,7.605130056139919,1.2387146536113312,7.56132379980389,1.6440239739892657,1.7482376321162723,7.923163922626543,1.5227375377122025,7.823721209025646,1.4711334920396042,7.781347934322907,7.727667278691928,1.4683092132394735,1.563241852435949,1.9673895810859852,1.917854562215741,1.8047044566775436,8.006679584452591,1.6777115907424045,1.712893620067355,8.05797525904725,8.170114624804476,1.912686864217903,1.8805633626168745,2.339548001699747,2.1855898635785866,2.031764406693072,2.008807003804927,2.0394500453198225,2.0897252914327775,-4.183229380720582,2.237342480995108,2.3562786382466285,8.681997133140705,2.7273697119241764,8.83159635782181,2.294916384536127,2.181352293267976,2.2228300234401304,2.333628872439689,2.394425845535921,2.5853933583788744,2.7255428045914067,2.7691011563273187,3.2297919928923324,2.978871927638632,2.6095519084488425,2.4051086169012654,2.1818782642371706,2.3424364997069875,2.4654117142087406,2.6527470427772073,2.9234683556860652,3.1561454032478,3.795732657797593,3.1363577553673814,2.710573466562542,2.346990434438499,2.147042207847193,2.168726256601019,2.3219570427270164,2.4643337521581015,-3.4754432759143286,3.758711336912392,5.057657592162926,2.8852831844439772,2.418758243862935,2.160336069128517,1.970686689595502,1.8705441544457864,1.9056348098887699,1.7337254123739934,7.4768655759519564,5.994611954011514
2.0299999999998875,0.8079838197687662,1.9420691717261576,7.179049281420162,1.7865736090226665,1.9697904389596679,1.916027913367594,1.7396573479007351,1.6620499672458946,1.6540850160121927,7.730058578515309,1.0482659556805027,0.6891387397356149,1.178726682997207,1.5154338675572152,1.6471801011000229,1.525169786278776,7.734404648425306,1.4393276561254549,7.6583140627912005,7.5840709431733515,1.0795916899529152,0.9788733271769543,1.4659973402001343,1.5535417389135666,1.563455019480926,1.4397735012993023,7.709444671807283,1.4106635530476017,7.624052468649211,7.616101759555004,1.2497518786645632,7.571052865575116,1.6524184997803562,1.7576606692387235,7.933107645272576,1.5325161818654085,7.83314514923063,1.4803230614040226,7.790274232157254,7.736184449838187,1.4762963839634164,1.5709749912636344,1.973074975219858,1.926743313698187,1.8150888716850766,8.01639895218999,1.685680645129297,1.7189556795173608,8.062192681403896,8.172641234289076,1.9144703051959313,1.8834675012550213,2.338444642513902,2.1903709916174634,2.0395769786440194,2.0159653943727527,2.043724762314316,2.0904247676132752,-4.1861497652558395,2.23095835768534,2.347909518991901,8.675527352560692,2.716195520657016,8.828578535112326,2.296947738875084,2.1838568201546136,2.2226236216047046,2.329102084458077,2.384570655597625,2.5692136296902333,2.7043551447690244,2.7505112736384105,3.2076770812039666,2.9672512529409034,2.60488524035476,2.402690552081928,2.1781572779773883,2.334947737629509,2.451638982750606,2.6288696819444763,2.887073309641481,3.1232525274519887,3.7659574699845626,3.1213722793977077,2.702736427553908,2.3423966283387996,2.1426660749566904,2.162194871887691,2.310109983641152,2.439906422401947,-3.5294079179731095,3.7043305827260435,5.048305140325069,2.874889904829751,2.412801344611428,2.157186605851121,1.9689405533366136,1.869582133092174,1.9067737822013948,1.7439660291752332,7.5180030951211805,6.02019172638904
2.0399999999998863,0.8137703908334416,1.9434833455426896,7.191669523877615,1.7886974352512146,1.9699733540725253,1.9169097922978293,1.7418918994395851,1.6659185993147714,1.660821840516544,7.742893685527641,1.070396219998014,0.705341339632149,1.1877809519459521,1.5209626337779978,1.6516575512832723,1.5300774337707679,7.740375852270809,1.446713587778509,7.667589068339466,7.595981764444519,1.0939653985512583,0.9906430980274158,1.474654639390765,1.5613458631197985,1.5710668395774272,1.4476419634294346,7.717894350858786,1.4199060997480046,7.634112029274002,7.6268439019853504,1.2606672406163546,7.580780493104462,1.6605852267609444,1.7667839581273665,7.942757368801073,1.542051103349907,7.842321781988522,1.4891986404205626,7.798831825580424,7.744352457375874,1.4840162009054174,1.5785055912265775,1.9783788363243402,1.9350489284584174,1.8248920688136407,8.025711950494447,1.693392160523846,1.7247978159311128,8.06617411303477,8.174940455366906,1.9160593836362876,1.8861496902991892,2.337049104740178,2.194466232822222,2.0466361490088847,2.0226262230370886,2.0478030943506016,2.0911001448056554,-4.189038454603954,2.224645549871703,2.339664014651079,8.669083525899257,2.705049645085878,8.825154212208849,2.2984017341025607,2.185978114997621,2.2223321332412582,2.3246921330724044,2.3749264338047187,2.5533705473929458,2.6837175863402933,2.7322379518679583,3.185833441996977,2.955714242407645,2.600096624222732,2.400174941790703,2.174478737430479,2.3276179444370446,2.438129591585795,2.6056298443052923,2.8522419306018705,3.0906755431613218,3.7361108446197093,3.1066624463307346,2.6950628577465165,2.337889893281601,2.1383905982839417,2.155818304679449,2.298616944934736,2.4168554328357525,-3.5781200613939816,3.6487585440611716,5.039403565801298,2.8650150514108152,2.4071139281039375,2.1541649516514587,1.9672741229673096,1.8686999895338152,1.9079300343525585,1.7534378870540817,7.553696809535415,6.049287713362434
2.0499999999998852,0.8194009063678531,1.9447081373753274,7.204884453987036,1.7911026934312237,1.9703175014829732,1.9178591540620376,1.7441370328289014,1.6697871647017546,1.6675561593460408,7.755495957685012,1.091473896266967,0.7221792338768867,1.1971093117581957,1.526639690777918,1.6561938079059244,1.534967496881162,7.746260248881368,1.453973024744269,7.676754992985891,7.607817370305872,1.1082314479232411,1.002663219373116,1.4833217339167462,1.5691094087235704,1.5785988277974985,1.4553939133523637,7.726164040939112,1.4288978743822747,7.643899979651718,7.63736818456853,1.2714544884118957,7.590502228752145,1.6685297336570168,1.7756149478908314,7.952112610827858,1.5513346839197415,7.851250560789878,1.4977766892061608,7.807050614412376,7.7522017644602945,1.4914879494486557,1.5858425764338633,1.9833212146373587,1.9428137804908983,1.8341469446524576,8.034625026557501,1.7008415943328101,1.7304234308668422,8.06993521543994,8.177032908561204,1.9174693991582983,1.8886180337129685,2.3353759876046296,2.1979476646464935,2.0530137578134258,2.028817563288728,2.051677705129904,2.0917346145991096,-4.191905440925312,2.218403007669562,2.3315378074987816,8.662648276996798,2.6939077701600955,8.821369502861241,2.2993444281466213,2.1877461656079955,2.2219478178236582,2.320378545308889,2.365486229718466,2.5378853853738383,2.663648086544826,2.714244580416568,3.164196764120816,2.944233628354665,2.595193077272596,2.3975648170729857,2.1708330102185887,2.3204419637197358,2.4249177977088574,2.5831255110758735,2.819017576790841,3.058371832723612,3.7061157897513053,3.092177914477118,2.6875340135988806,2.3334632619751137,2.1342118710595503,2.149605687234475,2.2875256187808772,2.395236062012379,-3.6220785347581814,3.5917427122772807,5.031002298880733,2.8556105024890783,2.4016827065929722,2.1512693695438325,1.9656868746534146,1.8678890525919094,1.9090561730827766,1.7620124780913224,7.584229195280132,6.08254029993346
2.059999999999884,0.8249045245731091,1.9457485264682646,7.218681211977018,1.793788982537921,1.9708227249494132,1.9188776403567,1.746394446530061,1.6736491290274176,1.674246782080157,7.7677591090010045,1.111437527457288,0.739699122377347,1.2067014513996874,1.5324614057458057,1.6607851308883497,1.5398379630481296,7.752060692819218,1.4611113616516367,7.685804866915168,7.619535119521998,1.1223277606906232,1.014912158131679,1.4919941419657905,1.576827542407949,1.5860432963456546,1.463022685306576,7.734255987570255,1.4376529747318711,7.653434526628968,7.647681741867489,1.2821053762024641,7.600212738063892,1.6762583962706517,1.7841621620375676,7.961175430047352,1.5603622460188895,7.859931918579231,1.5060718676501117,7.814956722981575,7.759758537352049,1.4987279565958576,1.5929941320529037,1.9879212785661289,1.9500760781488886,1.842884835197329,8.043146876221176,1.7080266637627282,1.735835924931214,8.07348991998196,8.17893711232058,1.9187143706672347,1.8908808333307374,2.3334394488603594,2.200876016699091,2.058772237246865,2.0345661823514747,2.05534429330468,2.092314871332195,-4.194757452634281,2.212232832644229,2.3235297139050757,8.656209531963059,2.6827512547371533,8.81726129385253,2.2998308558858245,2.189187702720683,2.2214655220475406,2.316145804637787,2.3562484418846195,2.5227802800433268,2.6441575848919543,2.6965011853202845,3.1427086586047945,2.9327856742239327,2.590180800188615,2.3948638487282783,2.1672131892160063,2.313418125271375,2.412036075894657,2.561425899914483,2.7873741410409183,3.026276104297532,3.6758797831653265,3.0778703567952204,2.6801325123256787,2.3291105590070402,2.1301267883223387,2.143565000480641,2.276867307889308,2.3750271673950163,-3.6619236490737395,3.5329368638216607,5.023154981309109,2.846626765981201,2.3964931208686244,2.1484969730939643,1.9641772725075741,1.8671399485606774,1.9101125586157994,1.7696255821048186,7.610061392749641,6.1206868695815135
2.069999999999883,0.8303143176345671,1.9466086487502607,7.23305114779308,1.7967535489808568,1.9714872662738554,1.9199657857797114,1.7486646446721428,1.677496180417302,1.680854197968105,7.7796016851527785,1.1302913513176644,0.7579909791418843,1.2165474351553949,1.538423753207038,1.6654279523999131,1.5446870491048392,7.757779554360538,1.468131968090139,7.694728613869836,7.631094115547959,1.136206473423901,1.0273760296297059,1.500667838405655,1.5844966938117133,1.5933944890079792,1.4705232420196424,7.742172619842538,1.4461836518127593,7.6627301925965465,7.657788014465279,1.2926109181340633,7.609906531273247,1.6837780727347174,1.792434832926348,7.969949845841699,1.5691315850461507,7.868367213811368,1.5140972940955895,7.822572867111336,7.767045069047718,1.5057499900221865,1.599967746085477,1.9921972947915776,1.9568703374621992,1.8511353209686021,8.05128776810507,1.7149470248124457,1.7410388869449187,8.076850837351952,8.180669873029093,1.919807279116283,1.8929465976013433,2.331253133049925,2.203302865338307,2.0639659546203735,2.039897341217573,2.0588010562444166,2.092830821216903,-4.197598289205556,2.2061394232243767,2.315640363624958,8.64975916982495,2.6715649286190346,8.812859360760074,2.2999071435205383,2.1903266163627717,2.220882350055356,2.311982738862667,2.3472151477330057,2.5080748723975996,2.625246995189413,2.678979671370004,3.121311284640457,2.9213485683717293,2.5850649789166593,2.3920760555262177,2.1636146815704165,2.306547148740631,2.3995120816147963,2.5405693643849014,2.7572272764313985,2.9942944743755984,3.6452900761176723,3.063691482779115,2.6728417679274754,2.324826209548028,2.1261328129161043,2.137702231386271,2.266656653467913,2.3561481088558907,-3.6983584496974236,3.471903224881181,5.015908030399098,2.8380133680683812,2.3915295339797904,2.14584391811708,1.9627429692425138,1.8664432677624714,1.9110687430178406,1.776268289389652,7.631766214471853,6.164553294548815
2.079999999999882,0.8356661801169231,1.9472928803512246,7.2479942752153015,1.7999920022180476,1.9723079773702599,1.9211231108715696,1.7509470304889,1.6813189059631277,1.6873428788444946,7.79096869394033,1.1480964541217389,0.7771936162831686,1.2266390243377376,1.5445224838994545,1.670118833731492,1.5495131309864882,7.763418641019718,1.4750363521325056,7.703514251787765,7.642457848683152,1.1498355998554104,1.0400516163048295,1.5093393452458799,1.5921143110558234,1.6006482756716995,1.4778919712498104,7.749916485733432,1.4545003701740202,7.671798191325121,7.66768775554978,1.3029625915375171,7.619578833559506,1.691095882491033,1.8004426149497377,7.978441362923632,1.5776425477256495,7.876558642022788,1.5218647520648814,7.829918709973801,7.774080240246575,1.5125656915347017,1.6067703203659436,1.9961666202872435,1.9632278095314126,1.8589261568857762,8.059059025721341,1.7216039796832372,1.746036214447833,8.080029561092491,8.182246541988624,1.9207601770342113,1.8948239627679888,2.328829989822603,2.205272330585099,2.068642384292578,2.044834728217021,2.062048255098556,2.093275264847157,-4.2004292755687285,2.2001285167236286,2.3078709284453014,8.643291617746586,2.66033497726557,8.808187740644634,2.2996121481760876,2.1911843299506764,2.2201973479161317,2.3078818121219364,2.3383904253605468,2.493783709809858,2.606905658164277,2.66164980407781,3.09994275360753,2.909900866632876,2.579849606073684,2.3892055796225895,2.1600347706584824,2.2998310407407616,2.387366488116692,2.5205643598141703,2.7284470584952705,2.9623011692713095,3.6142104156491146,3.0495912214851137,2.6656454448752944,2.320605037962579,2.122227721655511,2.1320208252629227,2.256892989248619,2.338476739948275,-3.73209246414318,3.40812415306543,5.009280837083577,2.8297199137865303,2.3867753985224787,2.1433055471996174,1.9613809853964144,1.8657900674529342,1.9119036936756992,1.7819760415251134,7.649982880616565,6.215037671320332
2.089999999999881,0.8409976023499698,1.9478074198652926,7.26352539602879,1.8034993310599727,1.9732805592173621,1.9223482200268276,1.753240050134171,1.6851074753138602,1.6936829507967612,7.801831315835993,1.1649628767020492,0.7974989523554812,1.2369713045714363,1.5507534199035473,1.6748544454125278,1.5543146796882432,7.768979168491075,1.4818244457201069,7.712149112472209,7.653596224514956,1.163199840096221,1.0529490891627076,1.5180059727167714,1.599678695837808,1.6078018798661484,1.485126481484999,7.75749018614666,1.462611919765609,7.680646917313426,7.677380073822679,1.3131534298402598,7.629226535391215,1.6982190715990413,1.808195366668773,7.986656584753923,1.5858966582845273,7.88450912845674,1.5293848602893807,7.83701121266018,7.780880002282144,1.5191850231152362,1.61340833929453,1.9998456879039026,1.969176855228079,1.8662832823279507,8.06647263507861,1.7280002147571791,1.7508321769435788,8.083036875664543,8.18368116373355,1.9215842023355616,1.8965215488021205,2.326181985805292,2.2068223678537926,2.0728431107644485,2.0494004762489832,2.065087854442562,2.0936435495719645,-4.2032498014616095,2.194206231140472,2.300221991667302,8.636802476062442,2.6490469638217555,8.8032655586778,2.2989787152979497,2.1917801219794155,2.21941119192238,2.3038383674195253,2.329778819863475,2.4799144996376383,2.589110920267116,2.6444760545627566,3.0785334844935033,2.898420019536131,2.574537289385319,2.386256498149827,2.156472170903327,2.2932720952138377,2.3756117539867403,2.501392479100648,2.7008700017859537,2.9301382668064155,3.5824802752659948,3.0355162493830368,2.6585269437444117,2.3164420628047258,2.118409363505072,2.126521438209742,2.2475626939509508,2.321865657825391,-3.7638059582616608,3.3410303552216107,5.003233868221139,2.821698350269995,2.3822134864032734,2.1408765033101282,1.9600878605341119,1.8651722072123607,1.9126052604099557,1.7868185863117538,7.665392940708496,6.273078018101755
2.0999999999998797,0.8463457879649084,1.9481625477182174,7.279682699684076,1.8072713907555533,1.974399866907453,1.9236389092242452,1.7555413677206624,1.688852267702184,1.6998512713446603,7.8121855745534265,1.181043758205252,0.819153760697892,1.2475446925829954,1.5571129065072666,1.6796315837338494,1.5590902096591504,7.774461777038674,1.4884949692748288,7.7206209759789335,7.6644870056198116,1.1763009117054877,1.0660943597685608,1.526666206477073,1.6071889247879754,1.6148536457082827,1.4922254063348277,7.7648963166871905,1.4705255756244222,7.68928250619353,7.686863439312928,1.3231789884748932,7.638849171330418,1.7051549559399326,1.8157029939539107,7.994602901998061,1.5938967915887954,7.892222213707636,1.536667218087646,7.843864980196879,7.787457864739079,1.5256167084998498,1.6198880831164335,2.0032499761442906,1.9747432647486054,1.873230879389804,8.073540950021894,1.734139567761009,1.7554314317185649,8.085882883393873,8.18498654339026,1.9222895303358807,1.898047772879929,2.3233197334797198,2.2079857305610022,2.0766046719299722,2.0536152273286543,2.0679232150462292,2.093933196419365,-4.2060579019480455,2.188378186787548,2.2926926044478804,8.630287249256703,2.6376840692529746,8.798107464025684,2.2980346273940664,2.19213139018861,2.218525877818933,2.299849868977776,2.3213840568387245,2.4664671608094015,2.571828493885617,2.6274154325945664,3.0570038198316793,2.886881063759997,2.569129038758472,2.3832326513759123,2.152926596041448,2.2868720678919865,2.3642517244839323,2.4830126049901606,2.6743095549835125,2.897619585581957,3.549918440277011,3.021409176484084,2.6514689580834556,2.312332296332499,2.114675449899577,2.121201947449069,2.238641983907526,2.3061555034191255,-3.7941286089338537,3.2700564884293715,4.997619328013228,2.813907196117204,2.3778263010050877,2.13855083293484,1.9588597762562607,1.8645825502087086,1.9131693387201958,1.7908923848678988,7.678712345567182,6.33959174568165
2.1099999999998786,0.8517445202972322,1.9483757223016869,7.296539913521651,1.8113071190214964,1.975660340291845,1.9249922924011467,1.7578480553578926,1.6925444094566318,1.7058320378080034,7.822050681529273,1.196531474618427,0.8424562522858137,1.258367449965416,1.563598470900412,1.6844472412252391,1.5638382458083098,7.779866586507444,1.4950458355488199,7.72891906154727,7.67511677825529,1.189157683402847,1.0795308801662817,1.5353202429754562,1.614644864744704,1.6218028499051353,1.4991882252403943,7.772137423428018,1.47824729677907,7.697709425722009,7.696136607777908,1.333038193623411,7.648449882738462,1.7119109344568586,1.8229753478475808,8.002288244723523,1.6016468909617385,7.899701941146457,1.543720534750177,7.8504926003325295,7.793825372184839,1.5318686591503805,1.6262158730310234,2.0063939613373787,1.979950523038761,1.879791456691194,8.080276472188181,1.7400268210321383,1.7598390014446963,8.088577067015837,8.18617426022912,1.922885292633378,1.899410643152433,2.3202520747956146,2.2087906687921053,2.0799592552808823,2.057498218441564,2.07055882384121,2.094143512117071,-4.208850835993513,2.1826487591725776,2.285279545590843,8.623740254840573,2.62622567112545,8.792723807548855,2.2968033054271237,2.1922538573546397,2.217544413461146,2.295915187873846,2.3132080526188465,2.453433541108649,2.555013352237357,2.610416522604411,3.0352634657917776,2.875255618647114,2.563624046281973,2.380137477767013,2.149398358658966,2.280631556782642,2.3532818919767244,2.4653654753198224,2.6485652706603617,2.864540827272206,3.5163337502650416,3.007208902711667,2.644453178658495,2.308270560999702,2.111023387583203,2.1160576572663667,2.230099757305637,2.291185352341689,-3.8236248056333633,3.1947379279466595,4.992107309481443,2.8063188260330927,2.373596841100951,2.136322106649158,1.9576926570719775,1.8640150810645393,1.9135990740341464,1.794315818835666,7.690691845823093,6.415372352062087
2.1199999999998775,0.8572193207192654,1.948475529283329,7.314223383952414,1.8156118556500573,1.9770566485731644,1.926404961372636,1.7601567874205384,1.696176215601047,1.7116170812685796,7.831467474246526,1.211654639355989,0.8677432447145695,1.2694588797008564,1.5702097650829359,1.6892987558458168,1.568557315913701,7.78519328203133,1.5014745607698543,7.737034857378129,7.685481580294797,1.2018062171359682,1.0933204806757533,1.5439706842250058,1.6220472933471388,1.628649564843385,1.5060151065838359,7.7792159762147834,1.4857819531974814,7.7059310644227414,7.705199445078413,1.3427340907717566,7.658036311296635,1.7184945665813753,1.8300221727481565,8.0097208893528,1.6091517277141179,7.9069527521302225,1.5505527485653046,7.85690497088789,7.799992558388428,1.5379483787841743,1.6323983364147334,2.0092910569018305,1.984820025123827,1.8859859431579566,8.08669168675044,1.7456675173232308,1.7640602225065056,8.091128305167116,8.187254651444043,1.9233794864921194,1.9006175559051097,2.316985670828362,2.2092614228790035,2.0829352622953565,2.0610673707493867,2.073000050265156,2.094275199725853,-4.211625627053401,2.1770204893561735,2.2779767915137934,8.617153790890217,2.6146464474338087,8.787120688617389,2.2953043177652206,2.192161721691629,2.216470520447038,2.2920339635401437,2.3052502279134313,2.4407976543177305,2.5386110770928796,2.593420111737957,3.0132136776686833,2.8635114201082454,2.5580194991229086,2.376973855352842,2.1458880142654118,2.2745495901425117,2.3426901304891765,2.448378295122991,2.6234317150640485,2.830699040857638,3.4815465970630997,2.9928529216087227,2.637460274415019,2.3042513431886573,2.1074501581959035,2.1110816402592865,2.221900294940069,2.2768010535676124,-3.852777483835543,3.1148607078990795,4.986079024168564,2.7989312726789635,2.369509956300836,2.1341835968419427,1.9565822604157432,1.8634649914881838,1.9139043019475834,1.7972266035381257,7.702115595637944,6.500932134570104
2.1299999999998764,0.8627810652810161,1.9485061729737447,7.3329359149251845,1.8202022881540356,1.9785846765888662,1.9278732032648636,1.7624640349728367,1.6997415468561523,1.7172059780719746,7.840497004059701,1.2266737715374054,0.8953628893026222,1.2808534251855084,1.576949905312009,1.6941840744306746,1.573245976979926,7.790441223166376,1.5077786613649284,7.744962798528654,7.69558729638513,1.2142995854241132,1.1075425405981854,1.552623412284705,1.6293981428001507,1.6353945804607124,1.512706778247317,7.786134360852536,1.4931335692523746,7.7139502947579075,7.71405364954137,1.3522744956818904,7.667621340682203,1.7249137109538497,1.8368531028857735,8.016909313651995,1.616416699215295,7.913979392743621,1.5571711387683114,7.863111611503194,7.805968371004345,1.5438633438161595,1.638442680102926,2.0119535505102415,1.9893712483074404,1.89183378168583,8.092798938999017,1.7510677948299753,1.768100672686255,8.093544857297925,8.188236786127687,1.9237788950943753,1.9016751211162464,2.3135246665498896,2.2094185689857064,2.085557758370188,2.0643393706061177,2.07525292240007,2.094329981769233,-4.214379539227259,2.1714936618508167,2.2707752129635934,8.610517668367885,2.6029162881521697,8.781300011234709,2.293553750998168,2.191867758555556,2.2153083513886394,2.288206061597755,2.297507105555791,2.428536329128697,2.5225597749190642,2.576362001040788,2.990753457670374,2.8516127466296095,2.5523104979232065,2.3737439580547752,2.142396058641608,2.268623405174566,2.332457757902963,2.4319693729258276,2.5987087973555223,2.795924551798067,3.4454245144281734,2.9782826198725707,2.6304703501077613,2.3002687168216367,2.103952246846538,2.1062651693573917,2.214005793212417,2.2628627974718056,-3.8819633685468045,3.030663027611099,4.97847835725521,2.7917862662893396,2.3655546190591834,2.132128569137858,1.9555242713091157,1.8629287733888604,1.914101259522921,1.7997800548754035,7.713785973301315,6.5962964591380855
2.1399999999998753,0.8684196150133915,1.9485317424114996,7.352990140919235,1.8251137296957005,1.9802430308442698,1.9293933120594475,1.7647662631705265,1.7032361004061585,1.7226060485429922,7.849218936206535,1.2418726421869057,0.9256301448671846,1.2926059618151315,1.5838273645055028,1.6991021810070912,1.577902887443609,7.79560957124534,1.513956024044636,7.752700811803758,7.7054498497768895,1.2267070572251006,1.1222906033732796,1.5612886718163879,1.636700893679666,1.6420393957359045,1.5192644303187364,7.792894890079485,1.5003055734788726,7.721769996697534,7.722703374459815,1.3616725144174089,7.67722355873187,1.731176725880872,1.8434777080588642,8.02386209537676,1.6234476625093512,7.920786834102001,1.5635824321119183,7.869120956657194,7.811761063505944,1.549621356852095,1.6443569566506642,2.014392556649746,1.9936218914583657,1.8973530171067081,8.098610340275016,1.7562342387425576,1.7719660863118911,8.095834332664717,8.189128445813134,1.9240890385242606,1.9025890456646635,2.3098705241402593,2.209279277135429,2.0878488283354435,2.0673297361235963,2.0773239195691464,2.094310248317181,-4.217110471381035,2.1660660554391704,2.2636625415340004,8.6038192495075,2.5910013998795294,8.775259719253041,2.291564502453732,2.1913833841606647,2.214062229437901,2.2844311381899645,2.2899721653750063,2.416620232713377,2.5067928633074716,2.559178666287081,2.9677910678216795,2.839522216538942,2.546490194154814,2.3704491463204236,2.13892268417817,2.2628483948020586,2.322560845516243,2.416053045310475,2.574215346799929,2.7601261512203745,3.407932335277039,2.963452722627262,2.6234641581908407,2.296316386936936,2.100525623903882,2.1015982176412336,2.2063788269110995,2.249253213679203,-3.911415907794561,2.9430535255893293,4.967613601600365,2.784995003345619,2.3617275110547533,2.130150765106071,1.9545144207495173,1.8624043400794676,1.9142124461895782,1.8021462889327644,7.726483261279661,6.700793685873785
2.1499999999998742,0.8741009941888888,1.9486392568974964,7.374856586262424,1.8304106750040887,1.9820353019022448,1.9309620470157431,1.7670601408536066,1.7066576492172567,1.7278322240001802,7.857729084475311,1.2575425118450927,0.9587703067800176,1.3047987718299754,1.5908586348736793,1.7040537607308317,1.5825269424325115,7.800697432754485,1.5200052435881788,7.760250738021957,7.715095112537553,1.239112026529892,1.1376658559649455,1.569982402940698,1.6439611577371145,1.6485862954782469,1.5256896551400532,7.799499832621303,1.5073010464881866,7.729393533239301,7.731155743287364,1.370946847717598,7.686867281020109,1.7372927355719907,1.8499055933361273,8.030587852767525,1.63025080099051,7.927380207061839,1.56979290486116,7.874940628172486,7.817378552962172,1.555230866046183,1.6501503032667797,2.0166180098928086,1.9975879956239997,1.902560376884431,8.104137694883883,1.7611737473734053,1.7756622642223465,8.098003655976921,8.189936125833066,1.92431417778459,1.9033641092814515,2.306022145176419,2.20885755050228,2.0898278615045167,2.070052867606405,2.0792197804145736,2.094218740268217,-4.219817257480619,2.160732878551059,2.2566236831901025,8.597044153556821,2.5788670252152075,8.768994416620899,2.289346565581736,2.1907186968297143,2.212736416331029,2.280708314361343,2.28263593715163,2.405015312520518,2.491243123312148,2.541816111120434,2.9442613785790233,2.8272044805298773,2.540550303077844,2.3670899242375154,2.1354676003708852,2.2572182039902726,2.3129717660553104,2.4005453018561558,2.5498069970336292,2.723343997262784,3.369190390581975,2.948345633066598,2.6164253932900445,2.29238792411194,2.097165789492175,2.0970700232342905,2.198984887284895,2.235886761677113,-3.941179735763447,2.853761725195834,4.950900249388736,2.7787717159183356,2.358038314712709,2.128245174419626,1.953548650070753,1.8618911725301497,1.9142663779895146,1.8045043203169286,7.740896260921358,6.812942547407226
2.159999999999873,0.8797730012145206,1.9489401587044402,7.399237065951416,1.836201937530923,1.9839733797753063,1.932577309206987,1.7693427769702148,1.7100062323157732,1.73290667201982,7.8661352984861095,1.2739588199412635,0.9948707120830352,1.317551260541699,1.5980719792766884,1.7090421968841327,1.5871174967875357,7.8057040199736525,1.5259259249381498,7.767618618408342,7.724558351411127,1.251608088816854,1.1537681958229327,1.5787279102414244,1.6511875069180677,1.6550385350583907,1.5319844314041389,7.805951459757118,1.5141229608650184,7.73682517022077,7.7394212291399525,1.3801217497345488,7.69658202257585,1.7432719715646705,1.8561465622173927,8.037095228064384,1.6368325225104146,7.933764751505888,1.5758084806113255,7.880577686382805,7.822828741341327,1.5607012355407426,1.655833130078887,2.0186387325605546,2.001284065237719,1.9074713468857436,8.109392442479203,1.7658934116861758,1.7791949850522153,8.100059040493244,8.190665071471992,1.9244573982789595,1.904004272347071,2.301976416116638,2.2081645257962577,2.0915117956503733,2.0725220844472476,2.0809473272149637,2.094058276005783,-4.22249986326641,2.155486913921256,2.2496414784216943,8.590177749959517,2.56648204163106,8.762496594808596,2.286907393649416,2.189882517205695,2.2113349153394575,2.2770359616671203,2.2754863296986234,2.393684755121105,2.475848284083539,2.524241257130356,2.920147475496225,2.8146321554766476,2.5344821754649987,2.363666009352524,2.132029925830098,2.2517249669105635,2.3036610207441046,2.3853704101311597,2.5253972745230704,2.685795043837142,3.3295233109123945,2.9329900842167325,2.609344353075469,2.2884772782627407,2.093867897269023,2.0926697281859066,2.191795082616469,2.2227199072947874,-3.971071927874139,2.76530132357412,4.92452694125455,2.773471281980284,2.354516879754253,2.1264092022967094,1.9526233458220206,1.8613904638893382,1.9142969160094827,1.807031930237051,7.757537678596992,6.930583252964431
2.169999999999872,0.8853830721341716,1.9495717256247858,7.427184680350359,1.8426622617849555,1.9860821682499745,1.9342391247530137,1.7716120026044746,1.7132842820583036,1.7378580205909424,7.87455132408043,1.2913549989266933,1.033876091306757,1.3310347896831014,1.6055127841951,1.7140750352972878,1.5916747104043938,7.810628833581988,1.5317189440883512,7.774814802657268,7.7338829924649914,1.2642932159847702,1.170688101413693,1.5875580794916062,1.6583926393261998,1.6614006658668725,1.5381511617000776,7.812252109550707,1.5207744079520724,7.744070428625418,7.747513847101529,1.3892265159540564,7.706401513054275,1.7491262109203125,1.8622108596275386,8.043392918868458,1.643199388545976,7.9399457801379665,1.581634824159627,7.886038859203957,7.828119794612957,1.566042945354421,1.6614172435255627,2.0204626168227904,2.004723214907758,1.912100248676722,8.114385613138213,1.7704004078192919,1.7825699235482928,8.102005978226686,8.19131936389251,1.924520801618397,1.904512950419909,2.2977292850961595,2.2072089212602406,2.0929153556117526,2.0747496553068623,2.082513308648832,2.093831528316701,-4.225159468028629,2.1503189082196963,2.2426979887093617,8.58320740865857,2.5538252284241203,8.75575864074748,2.2842524366970496,2.1888824554284896,2.2098613166025975,2.2734116012664933,2.2685092094347628,2.3825915429175075,2.460557933951632,2.5064536260930836,2.8955016285523913,2.8017937849202585,2.52827858557887,2.3601765726014126,2.1286081634214975,2.2463596854781187,2.2945993808454976,2.370468361145717,2.50097748305307,2.6478888215003766,3.2894703523484186,2.9174809225947977,2.6022230075069364,2.2845796607961595,2.090626980345367,2.0883870958347277,2.1847889036261217,2.2097597802463884,-4.000674389569936,2.6806658123423963,4.883005386571799,2.7696184294192903,2.351221748881669,2.1246443065020686,1.951735669516075,1.8609052204804628,1.9143419445293657,1.809892553119163,7.776681676460547,7.051369486500573
2.179999999999871,0.8909089211148363,1.950701174102061,7.460306601849684,1.8500631441393403,1.9884060512665958,1.9359510320141282,1.7738667199122902,1.7164966633055379,1.7427200751297836,7.883089334532143,1.3099044192480338,1.075665517977417,1.3454974178383028,1.613251395175369,1.719166104880921,1.596200062764683,7.815471875195755,1.5373866575542559,7.78185382019735,7.743118612361213,1.2772631660805587,1.1885054346124415,1.596518640733833,1.6655950404709046,1.6676790501409346,1.5441927770551214,7.8184042700330165,1.5272588062804133,7.751136351038844,7.7554511010777185,1.3982944873447873,7.7163627688585255,1.7548693622293974,1.8681095227007496,8.049489767026133,1.64935807580205,7.945928656867807,1.5872774314910942,7.891330747388521,7.833260369902989,1.5712677013190903,1.6669159258352206,2.022096961242705,2.007917371942658,1.9164603291022224,8.119127795064419,1.774701902995675,1.7857925810358186,8.103849256354499,8.191902071368494,1.9245058300535596,1.9048934715900656,2.293277382576061,2.2059977091988565,2.094051327148199,2.0767468325765566,2.0839242646569356,2.0935408580885064,-4.2277984182888915,2.145218237878611,2.2357762980906726,8.576125220612827,2.540892199574747,8.748775635326508,2.281385937808731,2.1877250387053064,2.2083186943261937,2.2698319208826803,2.2616892408547637,2.371701557972082,2.445340789378418,2.488493723974986,2.8704573138366762,2.788702589839902,2.5219362678548807,2.3566207055485004,2.1252002745114473,2.2411127507094135,2.2857602942134467,2.355802182524336,2.4766283333781858,2.6101966617038093,3.2497177177414183,2.9019926740788193,2.5950809464080136,2.280692843352723,2.087438303323311,2.0842132867769587,2.177956693148797,2.197067721356539,-4.02937694070195,2.6028147284737884,4.818548708676825,2.7678964080527146,2.348247855116419,2.122958054624648,1.950884000056488,1.8604402844586279,1.9144414916754897,1.813223755010035,7.798373196489987,7.173605512263446
2.18999999999987,0.8964006683280423,1.9525313889550953,7.501091216619518,1.8588158690156775,1.9910173098168913,1.9377219517831736,1.776107339386302,1.7196506060288463,1.747530119289698,7.891853327251339,1.3297249136054345,1.1202291412812722,1.3613064320090758,1.6213948919336731,1.7243385602692993,1.6006970980410546,7.820233900970324,1.5429330472742047,7.7887539783129585,7.75231839950277,1.2906067786591244,1.2073028744611394,1.6056734862268358,1.6728214263126058,1.6738826399730502,1.5501129281265675,7.824410684081078,1.533580085484079,7.758031660792746,7.7632536607622065,1.4073618091120585,7.726506287119527,1.76051831226165,1.873854888558113,8.055394921760904,1.6553153740214432,7.951718790331031,1.5927417156386958,7.896460002798705,7.838259780396348,1.57638845789433,1.6723440626666204,2.023548991468967,2.0108775672743855,1.9205638770375115,8.123629117593946,1.7788049760888234,1.7888682327764112,8.105593008376902,8.192415478828005,1.924413731796223,1.9051496999855728,2.2886200292671104,2.204537050495636,2.0949309059757435,2.078523905684935,2.0851864186056837,2.0931882113350797,-4.230420041994662,2.1401738502972454,2.228862660864243,8.56893064471609,2.5277011204747852,8.74154864884128,2.2783120299528727,2.186415933253107,2.2067095674493213,2.2662929136232726,2.255010971809399,2.360986951048564,2.4301906730713014,2.470444752445797,2.845221642165559,2.7754032979375074,2.5154589593001275,2.3529981471161214,2.121803869262349,2.2359745948364957,2.2771223570176238,2.341363504342116,2.452517096101254,2.5733780597376614,3.2108941207220285,2.886772440317291,2.5879605426625867,2.2768187999348375,2.0842978540654284,2.080141636729218,2.171301281420937,2.1847549116379086,-4.056466529213897,2.5341654673502036,4.720295602380468,2.769017171365947,2.3457273307787374,2.1213662237023967,1.9500684846975727,1.8600022821579119,1.9146358634061826,1.8171341961319,7.822541499610047,7.297241854593262
2.1999999999998687,0.9020334960043876,1.9552903238682042,7.553333129960686,1.8695253693141547,1.994025929510711,1.9395685229290738,1.7783363208570178,1.7227555463670852,1.7523271971347372,7.900936730163009,1.350916976049657,1.167925518285193,1.3790166843949825,1.6301047243997637,1.7296291851462322,1.605172475381596,7.824916730728683,1.548363792665407,7.795536728579546,7.76153680960318,1.3044068665427304,1.2272002512925948,1.615113664667332,1.6801104515960317,1.680024136359415,1.555916291434579,7.830274480637464,1.5397428392999064,7.764766800683815,7.7709448346491445,1.4164665285498703,7.736878894013696,1.7660942500808439,1.8794613455743545,8.061118104652222,1.6610782271053897,7.95732164385929,1.598033087839426,7.901433476002493,7.843128095978475,1.5814194061829443,1.6777185134738555,2.024826574845822,2.013614345177996,1.9244223853677704,8.127899254863847,1.7827165550917334,1.791801896670339,8.10724080709435,8.192861400924542,1.9242461492720708,1.9052867754418334,2.283761267520517,2.2028334504601026,2.0955641500491704,2.0800902894939246,2.086305603393477,2.092775085434575,-4.233028321563943,2.135175420075487,2.221948663987973,8.561632454008157,2.5142946261771733,8.734087796747751,2.2750360754875114,2.184960284492733,2.205035935914743,2.2627901364123844,2.2484600898309997,2.3504292680699748,2.4151295130319657,2.4524265756729795,2.820035097629743,2.7619721767707994,2.508860201627665,2.349310232103436,2.118416522696379,2.2309364353262295,2.2686715119189134,2.3271748044141174,2.4288794554641706,2.538091162196824,3.173121704264162,2.8720832405815457,2.5809273981273306,2.2729653396238714,2.081202957558107,2.0761683530762722,2.1648383652921526,2.1729706677107603,-4.081228022094182,2.476331776009687,4.573804079457459,2.773297734669698,2.3438087279330415,2.119893779777047,1.9492916345498474,1.8595995660180384,1.9149647696714176,1.8217151082819947,7.849206342285781,7.424705328739086
2.2099999999998676,0.9081515348967486,1.959146497334434,7.622268996962792,1.8830299214081962,1.9975875216373553,1.9415175657371089,1.78055880770839,1.725822947461976,1.7571510621622568,7.9104274666017265,1.3736353539484527,1.219738619825555,1.3994547374716928,1.639620746688789,1.7350941868882972,1.6096373925954333,7.829523629727431,1.553686279119444,7.802225968341644,7.770828563787592,1.3187501268694095,1.2484099810021974,1.6249715331424928,1.68751831790945,1.6861216915741697,1.5616090300174237,7.835999339532322,1.5457524439261618,7.771353864322962,7.778550041662836,1.425648922631689,7.747540839587333,1.7716247994217627,1.8849464680433003,8.066670020161867,1.6666538292645712,7.962742764354103,1.6031570334188718,7.9062583318961,7.8478761988322985,1.5863760519398906,1.6830590267194692,2.025939114912771,2.0161383139890265,1.928046777388165,8.131947457854839,1.7864433747497903,1.7945983272904025,8.108795803274994,8.193241571285586,1.9240057863662041,1.9053119070435778,2.2787113552344285,2.20089497567589,2.0959605339218963,2.0814546617668666,2.0872872288642457,2.092302567877392,-4.235627442550735,2.130214593539172,2.2150330037934434,8.554249537748968,2.5007347539756735,8.72641369601155,2.2715660116616028,2.183363170206737,2.203299401137805,2.2593190730450345,2.2420247147757077,2.3400217626405553,2.4002065326147073,2.4345839355766907,2.7950798378610284,2.748501634721764,2.5021642394801575,2.345560872749147,2.115036204520237,2.225991043791234,2.260402617082056,2.31328777143978,2.4059923148034668,2.504920568879775,3.1351672399436477,2.8580422201967894,2.5740575636608147,2.2691467738352675,2.078152924080985,2.0722930574874097,2.1585956839582785,2.161888171675424,-4.103011676567846,2.4301944293189743,4.362534790890638,2.779637344072994,2.342583791460096,2.1185718772367816,1.9485587519728842,1.8592422762178678,1.9154684763327494,1.827067544574242,7.878708060853836,7.5609132245759785
2.2199999999998665,0.9151896631441914,1.9639577269705948,7.7129579819447605,1.90032165153898,2.001898243342683,1.9436074458701733,1.7827832593090704,1.728866226726611,1.762042558964621,7.9204215281059325,1.3981697055048328,1.2772894525732421,1.4237281276089395,1.650282888717025,1.740815773445204,1.614109357418106,7.83405977596674,1.5589095817592806,7.808847573081117,7.780250203332722,1.3337467360886648,1.271295775048139,1.6354374145659951,1.6951264378721909,1.6922013030939789,1.5671994543291534,7.841589700364385,1.5516151455976646,7.777806476451612,7.786096620349971,1.4349539911773275,7.758577640393119,1.7771472172127862,1.8903327067264428,8.072062973240216,1.672049793730611,7.967987834140192,1.6081191828217236,7.910942139140246,7.852515846479579,1.5912755819428452,1.688390045745301,2.0268985834445297,2.018460843763641,1.931447714434897,8.135782624039061,1.7899919585084858,1.7972620383369713,8.110260909030467,8.193558087662494,1.923697100512018,1.9052351783909447,2.2734869835341236,2.1987322022836953,2.0961295493867778,2.082625154408159,2.088136296907042,2.0917714457760406,-4.238221256810069,2.125286155850233,2.208122560992644,8.546810451748899,2.4870870089231656,8.718555030112043,2.267913156829345,2.181630099098715,2.2015013684102955,2.2558755713097325,2.235696564052447,2.329770510369316,2.3854941278325286,2.417072356981858,2.7703180160556182,2.735055256237467,2.4954017145627323,2.341757082789816,2.111661764435212,2.221133460598998,2.2523201927439285,2.299778718768954,2.384147235763285,2.4743368778981907,3.0933096858864113,2.844282352353074,2.5673958719987904,2.26538148749924,2.0751494979126743,2.0685191539108385,2.152611636346134,2.1516939661794274,-4.121247311757922,2.3961311543074584,4.075632429677163,2.7837827004026963,2.341917665046427,2.1174252135328873,1.947877659013558,1.8589426506135729,1.9161914610632869,1.8333367765927688,7.911791608995987,7.710745307175871
2.2299999999998654,0.9232416586196376,1.9689473761611882,7.824444574478085,1.9220859908037222,2.0071497006945243,1.9458851627890636,1.7850217678207843,1.7319009227173159,1.7670457944202598,7.931039821647748,1.4249558997711402,1.3420323069983793,1.4528848491219672,1.6625118252803808,1.746905356873564,1.618613907299505,7.83853279361018,1.5640444940422584,7.81542950375332,7.789864626389114,1.3495519949614547,1.2963679292186414,1.6467605712483175,1.7030484026760033,1.6982997123165473,1.5726989013082773,7.847051026998508,1.557338133845801,7.784139726296082,7.793614355481715,1.4444363770199493,7.770112658608827,1.7827120066048323,1.895649653906201,8.077311750358625,1.6772744158250616,7.973062751886,1.612925380766453,7.915492951150322,7.857059830276621,1.5961377373525296,1.693743517713745,2.027720578313454,2.0205948800818403,1.9346359920412954,8.139413413531914,1.7933686294032247,1.7997973552263047,8.11163901979376,8.193813886110306,1.9233269790953245,1.9050703523558103,2.2681093700699435,2.196358339701791,2.0960812045380837,2.0836095820861824,2.088857466565425,2.0911823776369,-4.240812715482217,2.1203889681041663,2.2012326503895667,8.539351824259379,2.473391258218944,8.71053897069331,2.264091448036505,2.1797673695483075,2.199643306177117,2.2524563116524803,2.229471853891212,2.3196942919317753,2.3710817752400932,2.4000434853203605,2.74530450020146,2.7215813168281686,2.4885949124360347,2.337908033634341,2.10829332712146,2.2163615878999336,2.2444384188972935,2.286742848773059,2.363629813277508,2.4466659590678836,3.041396891490325,2.8295002873114843,2.560869447991292,2.2616827531770194,2.072196608930132,2.064854052192642,2.146934177452757,2.142583111713464,-4.135447332101998,2.373941169787741,3.725809454552509,2.7774319713898485,2.3411958891490183,2.1164431283725618,1.947256730601402,1.8587155826801616,1.9171873235597823,1.8407239401098883,7.949182169657392,7.871609270842826
2.2399999999998643,0.9315273442861728,1.9729728190986797,7.942655576065119,1.9476830027717327,2.013409551338793,1.9483936430742466,1.7872893473195217,1.7349451072899984,1.7722110311997337,7.942430068026886,1.4543755213000766,1.4132859093791574,1.4869683809714367,1.6766682233545147,1.7534917776058163,1.6231849030414522,7.8429532245128595,1.5691036753670446,7.822002638213159,7.799746412797767,1.3663646927696056,1.3240861736912797,1.6591914069165599,1.7114257152377534,1.7044663863782286,1.5781227026512141,7.852390128005339,1.5629296303387499,7.790370277539484,7.801136848135627,1.4541655948414787,7.782305414192319,1.7883835441145464,1.900936141489996,8.082434708803085,1.682337043192356,7.977973749867389,1.6175817606803926,7.919919409850065,7.861522327590321,1.6009862425174026,1.6991617890949007,2.0284250921742752,2.0225557477017344,1.937623004994549,8.142848416065304,1.796579554066715,1.8022084979358297,8.112933265554885,8.194013220579922,1.9229053809930623,1.904835624308052,2.262599846250713,2.1937878145358347,2.0958261441398083,2.0844156529831195,2.089455162549345,2.0905361121865877,-4.243403330162491,2.115526577833102,2.194386475112409,8.531915600456154,2.459629625365739,8.702372780238749,2.260113679715841,2.177781924732569,2.197726996649695,2.2490592604482598,2.2233518688574363,2.3098234624211225,2.3570687488053723,2.383627527034864,2.7192112709925587,2.7078149659249067,2.481729232047142,2.334021143402404,2.104932315364864,2.211676613312104,2.2367806063358247,2.2742881335502316,2.3446971528706895,2.4220151354639072,2.974897157746276,2.811435239333737,2.554181206832786,2.258039949161696,2.0692986510898224,2.0613092334364667,2.141619921991543,2.134749472944766,-4.1453158275185,2.3620113843439836,3.362505757869203,2.752286376787045,2.3392402736679934,2.1155401750679945,1.946700267246904,1.8585790564290126,1.9185199566413047,1.8494181995293284,7.990412558153077,8.026107090121304
2.249999999999863,0.9389065495802046,1.9755353808803515,8.04615736354262,1.9744631857712442,2.0204616017258332,1.9511464400616052,1.789601225962885,1.7380196881575705,1.7775946721747875,7.954726996895792,1.4863317162745757,1.4868937600177365,1.5242164735403212,1.692775278009942,1.760679626539561,1.6278606590072453,7.847334581894081,1.5741019180290217,7.828601802573039,7.809981125036278,1.3843658978331026,1.354454755992922,1.6728466296032498,1.720395334473584,1.710760878142718,1.583490725755429,7.8576154867443435,1.5683990248436286,7.796516703169453,7.808703007621505,1.4642251055995203,7.795312329834128,1.7942314860568078,1.9062398181332523,8.087454655806352,1.6872485138948237,7.982727550859491,1.6220948358092113,7.924230907730495,7.865919469559187,1.6058502495460905,1.7046975824628285,2.0290363340209963,2.0243616193872214,1.9404211980631714,8.146096359078351,1.7996308215992802,1.804499692799593,8.114147281677457,8.194162129868923,1.9224459002224508,1.9045540508588323,2.256974631750362,2.191033051218969,2.095375039332179,2.08505105306515,2.0899337051157265,2.0898337337263344,-4.245992711638919,2.110707454724695,2.187613767772963,8.524544830857666,2.4457250342460455,8.694024119749134,2.255984195773658,2.1756802257498444,2.195754657256239,2.2456840597836902,2.2173431778798744,2.300197852016465,2.3435544328559903,2.367909620170384,2.691329452145036,2.6932858240211757,2.4747219243823992,2.3300944891152358,2.101580722683916,2.2070832003160987,2.229378098525069,2.2625263196415504,2.3275345852456346,2.4001542540309297,2.8965713935229775,2.7879989564509016,2.546800771448029,2.254396461910525,2.0664568147841686,2.057899910212726,2.1367311378878013,2.1283496625581755,-4.151016157529904,2.3565916117267416,3.046416107442401,2.7079807414447816,2.3347871399130535,2.114543112754022,1.9462023145020608,1.858553533509442,1.920253100716938,1.8594375501091494,8.032993689443794,8.151244350373416
2.259999999999862,0.9449403335564531,1.9769836182882992,8.123012033272163,1.9989146059949823,2.027773671148884,1.9541016989611806,1.791968039569578,1.7411477928486048,1.783251915529493,7.967975557568164,1.5199950758817262,1.5571007848404066,1.5618018270330918,1.7103399620601265,1.7684868168899275,1.6326738186798508,7.851692421878462,1.5790563374359732,7.8352654833663795,7.8206507028947385,1.4036074366843134,1.3867691568398772,1.6876010860276538,1.730031078390649,1.7172415254937765,1.5888264823056069,7.862737455046882,1.5737570568497952,7.802599854274958,7.816356704526512,1.474697696752666,7.809212955113053,1.8003118898991324,1.9116111747688151,8.092398552178535,1.6920214967649203,7.98733155004594,1.6264716178903427,7.928437817987277,7.870269916422006,1.6107643627570698,1.7104072251198335,2.029580952770591,2.026033130970422,1.9430443159975401,8.149166317432007,1.8025285527621737,1.8066753104555004,8.115285489186002,8.19426885868943,1.9219660795615114,1.9042530391933832,2.251243020938023,2.188100812555735,2.0947371350961514,2.085523269358675,2.0902974199279876,2.089076908829261,-4.248578228584999,2.1059447834472826,2.180948405626859,8.517278181049884,2.4315935078495787,8.685419393938627,2.2516909685516433,2.173465986527061,2.1937287847636058,2.2423322953529903,2.2114574193584247,2.2908631856931545,2.3306244187747205,2.3529081131255056,2.6616706878921064,2.6775181211871892,2.4674189486152156,2.326108364605731,2.0982394725113185,2.202589299261527,2.222267908046867,2.251556922718792,2.312194740011848,2.3805038307468878,2.8150246515446704,2.7587800327681773,2.5381553570006474,2.2506442906324766,2.063664648406059,2.054643744765152,2.132327224994504,2.1234410052096955,-4.153334276439618,2.353066140106993,2.8064957427099912,2.6526863712302178,2.327260187533573,2.11324218301119,1.9457435641435818,1.8586594072423932,1.9224285073640626,1.870522842848913,8.073554131815158,8.237718940842402
2.269999999999861,0.9498354537342528,1.9778158688423717,8.174801402587804,2.0186512449131673,2.0346916515286337,1.957159062091551,1.7943910185590142,1.744352545976215,1.7892230647306613,7.982077209572195,1.5540647546894955,1.6196862120448285,1.5973939697986914,1.7285163241471833,1.7768090216332006,1.6376380933425976,7.8560421326346495,1.5839860730189408,7.842032645565447,7.831807585195356,1.4239366336655395,1.4198443253399393,1.703128953105208,1.7402997089474548,1.7239476969337737,1.5941540062737083,7.867768070507337,1.5790159609724446,7.808642770924023,7.824142609847418,1.4856396411548174,7.823954651782435,1.8066496626190125,1.9170925217899446,8.097295088799292,1.6966704275933713,7.991793970800127,1.6307197611606947,7.932551731376304,7.87459494357154,1.6157657422627032,1.7163377090215102,2.0300849885272214,2.027591822913345,1.945507205301418,8.152067845186133,1.8052790232724911,1.8087400239621134,8.116353366034373,8.19434414410241,1.9214871332234629,1.903962343898156,2.245411269744315,2.1849909270632533,2.093918521698235,2.085839103364267,2.0905506771855773,2.0882681028296126,-4.251154839139968,2.10125568482999,2.1744249247309693,8.510145000913637,2.417209008826806,8.67647054630427,2.2472032866709193,2.171137569496219,2.1916516592607116,2.239007561196238,2.2057104566387253,2.2818655122063687,2.31833515841354,2.3385746534098018,2.6309621488432864,2.660279668984602,2.4596382655900193,2.3220223785895726,2.0949063925503983,2.1982053664087142,2.215488283271424,2.2414463287403747,2.2985673019889936,2.362342068702136,2.7380423833279384,2.725183208314566,2.5278929821696785,2.246649146646744,2.0609058421398423,2.051558284147632,2.1284515247632756,2.119940677842518,-4.153449748308724,2.348192254293109,2.636950323481815,2.5957243571761346,2.3169911851421414,2.1114742642245705,1.9452951407110615,1.8589130990986458,1.925048515188211,1.8822218788482352,8.109709600498736,8.291485420205948
2.27999999999986,0.9539137669683028,1.9783359694514815,8.20857582344226,2.0330788870913867,2.0406914943080263,1.9601861609918454,1.796860220833746,1.7476536265236104,1.7955214077287829,7.996805224946096,1.5872628646066125,1.6730274018126883,1.62981382628065,1.7464491544271379,1.7854437854590408,1.6427398319927498,7.860396020372303,1.588911145315809,7.8489369509741955,7.8434530299149054,1.4450212728164238,1.4524754143133007,1.7190388939135206,1.751067045255537,1.7308855008682684,1.5994931295701666,7.872720322868541,1.5841894117002626,7.8146696432478535,7.832098699802274,1.4970585877099336,7.8393594619213305,1.8132342718988395,1.9227075766716508,8.10217041231281,1.7012107771911782,7.9961239079411275,1.634847700843918,7.936585556032809,7.87891754274192,1.6208885125417611,1.7225143571880017,2.0305709454086727,2.0290578159400234,1.9478250473496859,8.15481093336648,1.8078887708046445,1.8106989737719992,8.11735766972463,8.19440121614043,1.9210327855829568,1.9037108596699308,2.239488779803113,2.1816989206237194,2.092921220799746,2.086004034430419,2.0906978308727084,2.087410727318811,-4.253715164489721,2.096659798225787,2.168074611127202,8.503163504390118,2.402623749146824,8.667113098854742,2.242478555452677,2.1686866176333273,2.1895246588732302,2.2357152355978003,2.200120746438301,2.2732444844277007,2.30670502423733,2.3248212866534073,2.600171431194315,2.6416667629784656,2.451233481005001,2.3177820120959614,2.0915749313356597,2.193942913871223,2.2090727032452393,2.2322126750700075,2.28641436711389,2.3450639372403175,2.6695140114757288,2.68937372537202,2.5159969044504624,2.242291497635184,2.058156292513373,2.0486576724673866,2.1251202861795337,2.1176446281780974,-4.1525150797006685,2.34078954324459,2.5195232979337985,2.542858500636654,2.304819442175047,2.109168784137904,1.9448267638163117,1.8593238088062711,1.9280761010049086,1.894064692400233,8.140611043377865,8.32306869904915
2.289999999999859,0.9574086327908365,1.9786899252436707,8.23086352783177,2.0428119208561504,2.0454995507286498,1.9630553143906153,1.799356769126837,1.7510640001844637,1.8021294582697933,8.01186742941653,1.618650419755252,1.7173895089913453,1.6587823393842624,1.7635059429197728,1.7941515309384855,1.6479394507269447,7.864760927347882,1.5938505506223615,7.856000766856251,7.855532289991001,1.466441805557984,1.4837441094411348,1.734980199063002,1.7621416031305812,1.7380250065033076,1.604855158852171,7.877606961805157,1.589292112950295,7.820703807906751,7.840248604915919,1.5089076897346922,7.855176983289566,1.8200274220019008,1.9284570645350585,8.107043689469952,1.7056577017900023,8.000331179848242,1.6388647255485416,7.94055332591905,7.883260510415355,1.6261577142047121,1.728935467470284,2.0310561054230187,2.030447689217691,1.9500122016672552,8.15740574415481,1.8103646485951983,1.8125579149733904,8.118306549364728,8.194455377832986,1.9206273131287195,1.9035233576333517,2.2334918179148318,2.1782210020766493,2.091743805581892,2.086021757552341,2.0907430810338763,2.086509180258143,-4.256249853159624,2.0921774122295447,2.161922426457924,8.496342635660067,2.38794440236206,8.657330458008996,2.237474860999857,2.1660990126793855,2.1873477122978238,2.2324619415742024,2.194707089190448,2.265027705106267,2.295716552501023,2.3115555352390316,2.5701178246756156,2.6220164587738832,2.44213691070343,2.313331558450246,2.088234449656476,2.1898126548029113,2.203044300035812,2.223824829216706,2.2754445064096958,2.3283003933905944,2.6102606940216218,2.65332167365976,2.502721008958378,2.237497359591653,2.055389333492417,2.045949898361015,2.122319657228201,2.1162871003204087,-4.151387780852113,2.3310422656414636,2.4374592088634155,2.4963529520708807,2.2916340437278215,2.106340295341058,1.9443137226907963,1.8598923297690686,1.9314478683401934,1.9056782346667156,8.166452570394057,8.341103332265106
2.2999999999998577,0.9604663922349937,1.9789464282671312,8.246144825164269,2.0489136873370315,2.049072896985491,1.965669628227111,1.8018574007898422,1.7545880800230638,1.8090036438515325,8.026970732452792,1.6476921889864349,1.7539300768894783,1.6844887657553977,1.7793284967257708,1.8027121165452593,1.653180661987494,7.8691373042001285,1.5988201299708062,7.8632314390543145,7.867946052351555,1.4877844426680356,1.513092861155701,1.750683848627348,1.77332229593538,1.7453083127993123,1.6102407483031824,7.88243919510128,1.5943390098715406,7.826765330689719,7.848597029915343,1.5210957360443482,7.871142700115583,1.8269745536998752,1.9343209379507251,8.111924278342933,1.7100244728390857,8.004425975223569,1.6427809181812791,7.94446966121892,7.887644058124771,1.6315852149629129,1.735574667972349,2.031552163979332,2.031773324473504,1.95208105979519,8.159862168182732,1.8127137988925635,1.8143233129731504,8.119209485849858,8.194523156800914,1.9202932891829083,1.903418266880743,2.227443515328627,2.1745585911850736,2.090383322902177,2.0858941680347196,2.0906903289429923,2.085568757620733,-4.258748211708245,2.087827568810871,2.15598564421148,8.489685860455854,2.3732970359016976,8.647156489382565,2.232162808402553,2.1633578815765464,2.185119176923412,2.2292547766789705,2.1894862790653047,2.2572280042340864,2.285327133647238,2.2987042988914013,2.5413423196228435,2.6017656466317245,2.432367086974681,2.30862684729527,2.084871970789379,2.1858227612221026,2.197412635393257,2.2162138027610587,2.265379214164705,2.3118976329309198,2.559583933924532,2.6184203813935336,2.4884558608006473,2.232247499790474,2.0525812824233554,2.0434355306609677,2.1200105126627427,2.1155998746227778,-4.150581679420014,2.3196618480655258,2.378794541140507,2.4564488442325203,2.278142649886351,2.1030565196693414,1.9437399748819186,1.8606117610918862,1.9350889616599156,1.916814135750013,8.187881880200068,8.351218875609955
2.3099999999998566,0.963179754321407,1.979140145539828,8.257167802659213,2.052433654834938,2.051519623433583,1.9679722961008381,1.8043390033204194,1.7582216581304713,1.816083363214614,8.041862900092903,1.6741837348706596,1.7840348076911983,1.7072965273773861,1.7937817230227162,1.8109564873535817,1.6584020172675467,7.873519801283667,1.603830847992511,7.87062076826153,7.880569596287093,1.5087001024731572,1.5402677176888013,1.7659621646698633,1.7844305942333298,1.7526624890754041,1.6156404014349304,7.887225661252046,1.5993442649090408,7.8328689123718975,7.857129407486426,1.5335051834303723,7.887018240646369,1.834014679852489,1.9402644242035278,8.116811200046593,1.7143211765523882,8.00841836062168,1.6466069310876348,7.948348964564774,7.8920836771552665,1.6371686064211854,1.7423878031771307,2.032065705278484,2.0330418524089326,1.9540412776284786,8.162189331391923,1.814943544454834,1.816002354967175,8.120077032950633,8.19462117798298,1.920049633716388,1.903406893360667,2.2213716340368395,2.1707206781119592,2.088837660504729,2.085621842937057,2.0905431009512045,2.084595446627054,-4.261198994738819,2.0836265678715398,2.1502741728629315,8.48319476065578,2.3588016671927052,8.636663449137938,2.226532361785037,2.1604474080165654,2.1828362140359916,2.226100486106388,2.184471227420571,2.2498439494563303,2.2754820347190177,2.2862220434445635,2.5141342176936323,2.5813413986585765,2.4220108420058843,2.3036431396085173,2.081474579688591,2.181977697029691,2.1921734183148383,2.20928925800527,2.2559901269081397,2.2958413476516384,2.5162746911808,2.585488895021814,2.473614027992711,2.226569801807421,2.049715200352505,2.041108044690285,2.118137181290116,2.115349612005522,-4.150336413050473,2.3073984043134748,2.3356719827560477,2.4225134743521455,2.264826487816705,2.0994078137402328,1.9430980209753421,1.8614692026958146,1.9389239478981608,1.9273300724318172,8.205643038704183,8.356765094940865
2.3199999999998555,0.9656108912331371,1.979290344711269,8.265549989968124,2.054224432812116,2.053020039587088,1.9699434421540292,1.806781754801397,1.7619531917055928,1.8233003921555224,8.05634985577679,1.698143394963167,1.8089939027957205,1.7275959518390966,1.806876490590354,1.8187745709621472,1.6635464333222523,7.877898826561498,1.6088878760601466,7.878147139364845,7.893271560826509,1.5289274208922403,1.5652247975677125,1.7806933547557473,1.7953248597317046,1.7600118347753042,1.6210368659647365,7.891971896344413,1.604320228256571,7.839022631648347,7.865814978317211,1.5460102166051901,7.902610436393661,1.841087073038834,1.9462448479867571,8.12169452818387,1.7185540030586628,8.012317759913795,1.6503536118873792,7.95220452840154,7.896588783488382,1.6428926913035904,1.749320851891091,2.0325990565900924,2.034256381953227,1.9558995451869527,8.164395191443921,1.8170612221726437,1.8176028591222515,8.120920383944261,8.1947649926304,1.919910364545535,1.903493834935616,2.2153058453964976,2.166723891644048,2.0871075286607224,2.0852048573208886,2.090304581911671,2.0835956403927622,-4.263591208041328,2.079587098208681,2.1447919357438785,8.476871328614113,2.34455986699142,8.625945255108197,2.2205940441980676,2.157356171236052,2.1804955181144714,2.2230047630801573,2.179669901994384,2.2428626205618625,2.2661251595817937,2.274088201029383,2.4886043496958807,2.561102613703956,2.4111961560082626,2.2983772390433006,2.078031609832387,2.1782778183252427,2.187310520711216,2.2029546875853496,2.247109423993501,2.280185061816353,2.4790919151417725,2.5549127088573176,2.4585621830349256,2.2205243054226225,2.0467823268433945,2.038955234446828,2.116636307663111,2.115352643037742,-4.150712930970074,2.294851929448565,2.303048857353845,2.3936581364296967,2.2519776277840995,2.0954871737244685,1.942387216090503,1.8624476676706792,1.9428829857836973,1.9371595333620473,8.220418743136165,8.359666856764505
2.3299999999998544,0.9678041704686218,1.9794087636755127,8.272236793496887,2.0549129224195375,2.053771537411892,1.9715911591362865,1.809170605172943,1.765765770839172,1.830586405554943,8.070296243644217,1.7197181628152676,1.8298877987665119,1.7457449530331417,1.818703680696879,1.8261087202468833,1.668566981349292,7.8822623937338205,1.6139905399899566,7.88577911594918,7.905928030337332,1.5482915634862828,1.5880466272246916,1.7948044883912,1.8059022209261155,1.7672866672601235,1.6264083024224447,7.89668030759963,1.6092766133963077,7.8452276685274205,7.874611670890782,1.558490563478011,7.917775132090364,1.8481352439867262,1.9522173958256306,8.126557840271394,1.7227251886160113,8.01613251083753,1.6540315396613516,7.956047735597388,7.90116230899269,1.6487325057735827,1.756316736305147,2.0331512498717195,2.0354170809466305,1.9576598411439432,8.166486316769529,1.8190739969198528,1.819133085982243,8.121750831556458,8.194968081705522,1.9198841463593324,1.9036781042529927,2.2092754738087015,2.162591024677741,2.0851976152345033,2.0846436862660993,2.089977751399918,2.0825758282412843,-4.265914796543396,2.0757179884691,2.139538592352626,8.470718880650004,2.330651463873191,8.615102571874802,2.214376061352955,2.1540792691456665,2.1780941620676066,2.2199717988431824,2.1750851169011707,2.2362633156833143,2.2572058314320405,2.262300053138988,2.4647529693168555,2.5413213844717015,2.400066982885188,2.2928452250862024,2.0745361039203294,2.174719661389461,2.1827991787520644,2.197118217846628,2.238624200264457,2.2650019542770687,2.446941573478069,2.526793966610455,2.4435933297905534,2.214188039323093,2.0437816796234407,2.036961069872952,2.115443831927471,2.1154748765941718,-4.1516728781803,2.282439872560506,2.2776806755325976,2.3690111171203654,2.239754042134952,2.0913799884669357,1.9416117515554285,1.8635278204504229,1.9469046187000416,1.9462853028561617,8.232781753853299,8.361021446412282
2.3399999999998533,0.9697929831512647,1.9795031160662324,8.277787362928247,2.0549331128928534,2.053957684122209,1.9729415954116671,1.8114954617523462,1.7696391961744244,1.8378779893684762,8.083617473002583,1.739116649134871,1.8475750489252518,1.7620519009149371,1.8293888501309705,1.8329413516059454,1.6734291395589065,7.8865977710293835,1.6191329543192692,7.893479382533946,7.918430995663993,1.5666910459620027,1.6088814562793263,1.8082574326883958,1.816093996489994,1.774428200408447,1.6317313115653538,7.901350528467008,1.6142200013475936,7.851478859887131,7.883471285619019,1.5708400220351673,7.932412680034878,1.8551090423556076,1.9581391916924527,8.131380922203327,1.7268334824756029,8.019869564567447,1.6576505497237424,7.959887480751231,7.905801114444822,1.6546568317297508,1.76332024034558,2.0337189566612306,2.036522275442288,1.9593240032642538,8.168467872416208,1.8209886925430172,1.8206014778160509,8.122579206904955,8.195241168861429,1.919974511269415,1.903954512722082,2.2033079610883286,2.158348896030251,2.0831168690489403,2.08393997638491,2.0895655818756755,2.081542311953173,-4.268161140709393,2.0720244255006612,2.134511104571299,8.464742002466153,2.3171358830767264,8.604232196374905,2.2079194238607154,2.150619076315496,2.17563034417383,2.217004117164243,2.1707149919881616,2.230021134446592,2.2486818844207606,2.2508652464096652,2.442518546407711,2.522186957750407,2.3887648076548897,2.28707786701326,2.070985427720241,2.1712966885844307,2.1786093980836254,2.1916987021898517,2.23046439688333,2.2503589291221147,2.4189183548872006,2.501068372591056,2.4289239166948646,2.207643032250828,2.0407186144723553,2.0351075114093824,2.1144995873004366,2.115624515227789,-4.153132385216297,2.270424694279265,2.2574504602560976,2.347814903923962,2.2282268814356696,2.087160086971807,1.9407788871702145,1.8646894080151581,1.9509366009170388,1.954720257548654,8.243194015571042,8.361458245215395
2.349999999999852,0.9716035273117124,1.9795787763639532,8.282540196061738,2.054573329098271,2.0537347394152015,1.9740305398486524,1.813750603459858,1.7735518159072774,1.8451194072036614,8.096268931616184,1.756566827086207,1.8627203677626376,1.7767758128385167,1.8390650983427261,1.839282163024172,1.6781105330078794,7.8908926988145165,1.6243050713423193,7.901208290511748,7.930692055802768,1.5840809116038121,1.627904179570984,1.821038330628117,1.8258588562534117,1.7813902803924953,1.6369833110367098,7.905979985797565,1.6191536986813193,7.85776580167816,7.892344016877487,1.5829704316493856,7.946460126214805,1.8619655578206031,1.9639717622033805,8.136142189208206,1.7308749290361602,8.023534348077725,1.6612193184466577,7.963729865258144,7.910496957544287,1.6606314710780337,1.7702810745046933,2.0342973293240174,2.03756938441674,1.9608924279054825,8.170343780236228,1.8228116652556874,1.8220163642035339,8.123415375425138,8.195591882274378,1.9201805270682109,1.9043150182419668,2.197427968156355,2.1540261970288146,2.0808781042380495,2.083097061540261,2.0890712470845045,2.0805009820022695,-4.270323341086637,2.068508445529297,2.1297049218879844,8.458946006332454,2.3040551919092933,8.593420788811185,2.201272719550487,2.1469848755122576,2.1731039069409617,2.21410265628977,2.166553817415328,2.224109858766898,2.2405201542379727,2.2397958036169907,2.4218088601540417,2.503819379122454,2.3774174402469144,2.2811154342340427,2.067381173788048,2.168000238160686,2.1747089442920235,2.186628096147656,2.222590104620939,2.236305855961847,2.394293601716382,2.477584484664407,2.414703056803285,2.2009682651758316,2.037603023721777,2.0333760167819905,2.1137498226152736,2.1157426684104017,-4.15499403388708,2.2589548960787473,2.2409502565363577,2.329445162943101,2.21741438540673,2.0828891095030455,1.9398975915524377,1.8659123692487014,1.9549357059464811,1.9624946069987683,8.2520221963128,8.361343371636458
2.359999999999851,0.9732570158870019,1.9796396570899777,8.286706568545153,2.0540190366540285,2.0532285454619523,1.9748972602318877,1.8159337647923561,1.777481970737429,1.8522637006674487,8.10823547589481,1.7722919878274759,1.875832763230835,1.7901323629854609,1.84785876158744,1.8451574214377182,1.6825992633546516,7.895136142054177,1.6294938871629503,7.9089266509182785,7.9426428003865075,1.6004567579443676,1.6452933584326408,1.8331500022847904,1.8351760034536693,1.7881390614501,1.642144107880761,7.91056452971272,1.624077900796347,7.864074202857578,7.901181880651954,1.594812414430983,7.959882955262053,1.868669275842822,1.9696822491146557,8.14082056969107,1.7348437624865318,8.027130773438126,1.6647450569427584,7.967578155967456,7.915237732273408,1.6666219055985672,1.777155464401987,2.03488071339206,2.0385556254031063,1.9623647516495928,8.172116991365623,1.8245487298691985,1.823385673918058,8.124267844002006,8.196024730933281,1.9204976886767158,1.904749883738934,2.191656940040421,2.1496516769430274,2.0784971949282256,2.0821201902650865,2.0884982969672943,2.079457168222286,-4.272396312162132,2.065169530279374,2.125114756273729,8.453336257607141,2.291437374642874,8.582741992695855,2.1944875183982786,2.143191753994003,2.170516587564573,2.2112670224285704,2.1625930764570906,2.218503954624823,2.232695495620604,2.2291040495478067,2.402519422197022,2.486285319833157,2.366133642847491,2.275002972871142,2.063728593466203,2.1648204751872417,2.171065647473324,2.181851413037028,2.2149808752514257,2.222873399239756,2.3724869756745437,2.4561531737206836,2.401025818250112,2.194235045562147,2.034447606387847,2.0317486524726935,2.113148217751009,2.115794499654368,-4.157163725592479,2.2481017644688945,2.2272236415630147,2.313399476809298,2.2073041500865154,2.078617352524477,1.93897756211834,1.8671776482229545,1.9588670510044743,1.969647759040775,8.259556172299979,8.36089379089642
2.36999999999985,0.9747710389543147,1.979688700866539,8.29042304402532,2.0533859955009808,2.0525366631450392,1.9755804715793837,1.818045177907868,1.7814090265323232,1.8592727036229737,8.1195225290846,1.786498615761946,1.8873013074942058,1.8023009861113646,1.8558830790090814,1.8506020021468026,1.686891683095129,7.8993186516904,1.6346846131566644,7.916597697617261,7.954233225518553,1.615841470354759,1.6612189250002989,1.8446065061582175,1.844039353689327,1.794651570853325,1.6471967359680586,7.9150990238028855,1.6289900743996444,7.870387256714636,7.909940993582659,1.6063141586521017,7.972667733070925,1.8751917787397039,1.9752437617199998,8.145396801898992,1.7387332622570018,8.03066135875227,1.668233335163474,7.9714329579467105,7.920008749867902,1.6725952313977228,1.7839067003758722,2.035463215572528,2.0394784964113226,1.9637404258582456,8.173789804621267,1.8262051367656058,1.8247166862098665,8.125143505100716,8.196541320890075,1.920918856997214,1.905248594152597,2.1860129773174104,2.1452527941258883,2.07599210455524,2.0810164980012975,2.0878507724881743,2.078415562956138,-4.274376728483138,2.0620051935655477,2.1207350185955183,8.44791757503967,2.279299251547311,8.572255822757857,2.1876148259846113,2.1392591459485595,2.1678720246421044,2.208495831204902,2.1588224445528468,2.213179764570276,2.225189179997689,2.2188002062391816,2.3845438037763924,2.469612521729435,2.3550017470531697,2.268786542766111,2.0600357914096716,2.161747216452988,2.1676489878374396,2.17732537009822,2.2076277531326975,2.2100749402032283,2.353036920108984,2.436576476894024,2.3879463988388725,2.1875048903022227,2.031266422704234,2.0302088278525323,2.112655935266381,2.1157619355596937,-4.159558278092587,2.2378872518418507,2.2156066940902717,2.2992772648664266,2.1978670339247777,2.07438512241319,1.9380285451212487,1.868467748804642,1.9627032151412098,1.9762232369564852,8.266025593199965,8.36024079374547
2.379999999999849,0.976160449341117,1.9797281753969647,8.293781244631136,2.052744028059711,2.051732613836246,1.9761159824216932,1.820086725358283,1.785314042494518,1.8661164302401425,8.130149117021777,1.79937146034411,1.89742459291032,1.813431395126906,1.8632363615683307,1.8556539724808379,1.6909901574826662,7.903432445909056,1.6398616972073197,7.924188303895312,7.965429204603365,1.6302750479374781,1.6758364574330764,1.8554292473093978,1.8524529589921475,1.8009138368841833,1.652127726273742,7.919577841108099,1.633885466143665,7.876686876957424,7.91858285577587,1.6174392186482047,7.984816094454486,1.8815111810132807,1.980635195330532,8.14985420731928,1.7425364787717035,8.034127420137693,1.6716880343186733,7.975292535949102,7.924793908691854,1.678521415087042,1.7905050233124207,2.036039127662024,2.0403360706050555,1.9650191463336564,8.175364176224278,1.8277855897247866,1.8260158429677154,8.126047518822409,8.19714072610577,1.9214351307206885,1.9058005365855346,2.1805109006804395,2.1408548239138185,2.073381926810272,2.079794790256562,2.087133251678521,2.077380204429573,-4.276262871420803,2.0590114961930044,2.1165600190395897,8.44269379078953,2.267648895528487,8.562009386284181,2.1807026343297964,2.135209315196512,2.16517557983318,2.205787066121638,2.155230656058156,2.2081160688789234,2.21798720627748,2.208891215466308,2.367779102055805,2.4538015960942636,2.344090651149657,2.262510520979323,2.0563128632879604,2.1587705707730405,2.164431055839423,2.173016502169409,2.200527816307135,2.197909977826844,2.3355750373175796,2.418663257774074,2.3754894213110216,2.180829045321864,2.0280737969950478,2.028741717203865,2.1122411258611966,2.1156381075551414,-4.162107828053218,2.228303441491836,2.2056285885631812,2.2867595431013243,2.1890655730595507,2.0702241602857616,1.9370598795146903,1.8697670714442813,1.966423293398264,1.9822655450584319,8.27161332171002,8.359465571693336
2.389999999999848,0.9774379657873253,1.9797598606978677,8.296845004620026,2.0521333196778686,2.0508705329731134,1.9765355274905887,1.8220612624438344,1.789180147773027,1.8727721575202416,8.140142697406075,1.811072646446509,1.9064335404692025,1.823649072561279,1.8700024645953823,1.860351190092285,1.6949010992409557,7.907471317590303,1.6450096427453762,7.931669602487777,7.976209685260176,1.6438072226179599,1.6892852509365217,1.8656441928822791,1.8604275887107762,1.8069189907039813,1.6569269948270617,7.923995247840127,1.638757656553288,7.8829547201077785,7.927074868004686,1.6281639805979473,7.996340078215895,1.8876114256373788,1.985840752783222,8.154179051040645,1.746246791111438,8.037529297980376,1.6751114093175516,7.979153220143971,7.929576671845241,1.6843739916110996,1.7969271269536096,2.0366032185055123,2.0411271480429836,1.9662011361927532,8.176841984567279,1.8292942916385346,1.8272886308465164,8.126983316433407,8.197819936619743,1.9220365905108632,1.9063954746641214,2.1751624335336794,2.136480350782186,2.070686043868573,2.0784652099395653,2.0863508319974025,2.076354503780939,-4.278054420140089,2.056183466075653,2.112584025848343,8.437667483653502,2.25648757602454,8.552038274058704,2.173794429173421,2.1310659675426207,2.1624340421517894,2.203138404394396,2.151806191162022,2.203294211869858,2.2110788019240983,2.1993803678270156,2.352128599703668,2.438835059031803,2.3334520217662122,2.2562158667174024,2.0525710931161387,2.155881385239746,2.1613870268323256,2.1688992129015716,2.193680694170776,2.186367676011207,2.3198054371395793,2.402236848042258,2.363658890363614,2.1742489642875755,2.02488355051515,2.0273344462070173,2.1118781713286556,2.1154233232582724,-4.164755589081014,2.219325456848424,2.1969484718936516,2.275591472864164,2.180858957515169,2.0661589681324934,1.9360802054510502,1.8710620739082093,1.9700119625232162,1.9878182699020002,8.276465894335493,8.358619418186947
2.3999999999998467,0.9786146005438,1.9797851737930008,8.299660461579524,2.051575290786317,2.0499894413706086,1.9768663735009422,1.8239721140055567,1.792992700732845,1.879223406093152,8.149535466659726,1.821742860770232,1.9145085129345913,1.833059747398981,1.8762522794615693,1.8647293545252295,1.6986333853772455,7.911430451736179,1.6501136179114468,7.939017169258388,7.986564001334981,1.6564923366710056,1.701688439512663,1.8752798881053347,1.8679782603248825,1.8126655557458866,1.661587507881816,7.928345679581776,1.6435990989686853,7.889172970877046,7.935390315390937,1.6384751783842697,8.007258628859459,1.8934815273976424,1.9908493270237515,8.158360604689957,1.7498582945854346,8.040866588854547,1.6785042346041916,7.983009842072007,7.934340825369432,1.6901303418362015,1.8031554688033096,2.0371509135765926,2.041851305388769,1.9672873004534588,8.17822523180021,1.8307350055205627,1.8285395319779083,8.127952699532553,8.198574323857363,1.9227128942415295,1.9070238563947164,2.169976453751537,2.1321490538447,2.067923449986849,2.0770388536349755,2.0855090623149097,2.0753412992950615,-4.279752220869806,2.0535154244918687,2.1088012535203577,8.432839863046329,2.245811310356984,8.542368197183487,2.166928443694893,2.1268530913200845,2.159655276038256,2.2005474822526305,2.1485377774656063,2.198697963277819,2.204455222006859,2.190267412333284,2.3375028497527865,2.424683961186066,2.3231229367110036,2.249939156731806,2.048822271537372,2.153071516903295,2.158495290409931,2.1649540072153837,2.1870865035243487,2.17542997942363,2.305488639110589,2.387138028897767,2.3524449570668056,2.1677972775492913,2.021708509972357,2.0259761129792038,2.111546840958533,2.11512225154554,-4.167456439046449,2.2109197073487374,2.189314679206379,2.2655682756181013,2.173205908408568,2.0622079861476084,1.9350972939578828,1.872341296562817,1.973458600076871,1.9929229696787383,8.280701533566758,8.357735392507221
2.4099999999998456,0.9796999730222697,1.9798052551371512,8.302262134139038,2.0510797128960943,2.0491168421784742,1.9771313911938573,1.8258227243851246,1.7967392955431354,1.885458938127128,8.158361806514854,1.8315034622855342,1.9217919565705373,1.8417530020222774,1.8820455463146741,1.8688210375901897,1.7021971622185708,7.915306210775268,1.6551598733004813,7.946210912323953,7.9964894924379175,1.6683859298102497,1.7131541260428824,1.8843660560503788,1.875122499963878,1.8181560100449914,1.666104843943743,7.932623926048047,1.6484016047513679,7.895324902175878,7.943508014510689,1.6483676568152743,8.017595036119763,1.8991148208164141,1.995653843383876,8.162391012858144,1.7533660373864486,8.044138363558437,1.68186600484226,7.986856160728212,7.939071024789547,1.6957716771611047,1.8091775130295649,2.0376783848693,2.0425088770585167,1.9682792793739736,8.179516178302295,1.8321111205295206,1.8297720345831883,8.128956006221282,8.19939808185639,1.9234537266900749,1.907676993838757,2.1649592821382506,2.127877699825837,2.065112249296924,2.0755273861850365,2.0846138409940056,2.07434292403619,-4.281358058273874,2.05100123127479,2.1052058270276115,8.428210768495305,2.23561210321078,8.533016623708296,2.1601374479379967,2.122594058631641,2.156847860685868,2.1980120895271185,2.1454147250569813,2.1943132425644953,2.198108856871152,2.1815489204901413,2.3238199011400207,2.4113126010405077,2.3131285228298806,2.2437121880925166,2.045078156730465,2.1503339625606968,2.1557373534232114,2.161166003349086,2.180744736550159,2.1650741201728207,2.292429206757953,2.3732254346231483,2.341828857498708,2.1614989532227904,2.018560228707448,2.0246577006828854,2.111231461653188,2.114742013018074,-4.170175130571059,2.203048983832377,2.182537910016099,2.256524213571065,2.1660662916233453,2.058384617886129,1.9341179656043799,1.8735952895436492,1.9767564800244024,1.9976185706026741,8.284416262415677,8.356835182395931
2.4199999999998445,0.9807025466103405,1.9798210305167152,8.304676675270295,2.0506493010574602,2.048271604242061,1.9773493831358826,1.827616430256665,1.800409667857866,1.8914718346834138,8.16665657333775,1.8404588768387629,1.9283976832690695,1.8498051707341503,1.8874326388073115,1.8726553343434889,1.7056029935232049,7.919095923252856,1.6601359990832034,7.9532347795109954,8.00598950001468,1.6795425636105101,1.7237769257557287,1.8929326247341431,1.8818791412427776,1.8233956329876266,1.6704767329866816,7.936825244071232,1.653156754382872,7.901395239920074,7.95141177443574,1.6578424606061222,8.027375096307122,1.9045082492273027,2.0002506191728515,8.166265042340175,1.7567661349644077,8.047343359756717,1.6851951642744023,7.9906852523954575,7.943753156645153,1.7012828355773433,1.8149849798657907,2.038182573535653,2.043100893393296,1.969179428566344,8.18071741561032,1.8334257157097917,1.830988690814477,8.129992317340223,8.200284620018246,1.9242491203460526,1.9083471480568595,2.160114985297398,2.1236802722546413,2.0622693136530237,2.0739426865295445,2.0836712961139585,2.0733612766857163,-4.282874443683931,2.0486344655740885,2.1017917484748976,8.423778749085027,2.225878940515694,8.52399428730308,2.1534488939211056,2.1183109781720453,2.1540207530070354,2.1955302956115808,2.1424271249090565,2.190127792842511,2.1920326120123375,2.1732187601171433,2.311005072510291,2.3986817888003134,2.3034843589890426,2.237561969128331,2.041350074858702,2.147662882189803,2.1530976082498716,2.1575237397813076,2.174653752243977,2.1552745265170863,2.2804662939468114,2.3603746259658975,2.3317864266456083,2.155372475151923,2.0154488622831814,2.0233719249095454,2.1109201531523265,2.1142909193409465,-4.172884518354036,2.195675495897127,2.176473271281899,2.248324091394579,2.1594019764572963,2.0546981149384256,1.933148073577737,1.8748164741770623,1.9799020560949412,2.0019410905568504,8.287688582921241,8.35593322389109
2.4299999999998434,0.9816298119217987,1.9798332565996113,8.306925250587964,2.050282642463261,2.0474662036855453,1.9775355312804428,1.8293563260469408,1.8039955388281776,1.8972586797021342,8.174453992287983,1.8486989438974955,1.9344176856848427,1.857281671908643,1.8924561675008327,1.8762578830215642,1.708861287672322,7.922797694727034,1.6650310555677152,7.960076367619562,8.015071738846093,1.6900145115461584,1.7336396001427856,1.9010090665266721,1.8882675109558595,1.828391610845809,1.6747026210771667,7.940945417593039,1.6578562278271463,7.907370369745082,7.959089777921814,1.6669052587066167,8.036625814177539,1.9096617161337606,2.004638771483161,8.16997977209295,1.7600557924904279,8.050480143958428,1.6884893432534296,7.994489849431828,7.9483745492114055,1.7066519685452988,1.8205731431938146,2.0386611653127655,2.043628994562592,1.969990750834644,8.18183188851272,1.8346816170105533,1.8321912079235032,8.131059680050717,8.20122689603223,1.9250896693755333,1.9090275467697972,2.1554456772919015,2.119568182236808,2.0594100754740423,2.0722965434779246,2.0826876613668266,2.072397888935163,-4.284304427960653,2.0464085581798344,2.0985528784259517,8.41954119248458,2.216598588541807,8.515306513129422,2.146885276593655,2.114024268270955,2.1511829932550515,2.1931005160312016,2.1395659427359295,2.1861308575043585,2.1862195069180443,2.1652685924856527,2.2989905037403773,2.3867510504921734,2.2941985493342925,2.231510955948947,2.037648643801896,2.1450535486508135,2.1505630319847544,2.1540182509053145,2.1688106288161157,2.1460042196066507,2.2694664118873047,2.3484765577986293,2.3222905444996638,2.14943094393318,2.0123831502667784,2.0221130469735846,2.110604150209382,2.1137776646072663,-4.175563974660009,2.188762598126034,2.1710080461479144,2.240856735861457,2.153177245485293,2.051154335908653,1.932192531932439,1.8759989651551348,1.9828943361574882,2.005923572549536,8.290583075694508,8.355039226648008
2.4399999999998423,0.9824884316035166,1.979842555207292,8.30902508487834,2.04997604182935,2.0467084322613918,1.97770188114316,1.8310451956838447,1.8074904259759421,1.9028188572638143,8.181786975656431,1.8563010607520938,1.939927160844919,1.8642388895319324,1.8971523521806255,1.879651086429682,1.7119819390313398,7.926410248523113,1.6698356093104183,7.966726491572138,8.023747007848655,1.6998510374125004,1.7428146178195345,1.9086239643555187,1.8943068878524514,1.833152360802952,1.6787832852459754,7.944980780513509,1.6624920566719168,7.913238422558792,7.966533952392004,1.6755650780100897,8.045374502214441,1.9145775089235082,2.0088196874357602,8.173534263628161,1.76323326314413,8.053547241912382,1.6917455858937973,7.9982626220083874,7.952924067046415,1.711870175495546,1.8259401968989,2.039112535366282,2.044095333397723,1.9707167999659592,8.182862878836934,1.835881445460294,1.8333805595947217,8.132155331230909,8.202217686702248,1.9259666593519982,1.9097123563641683,2.150951809228275,2.1155505212321737,2.05654842744051,2.070600409155817,2.0816691577946966,2.0714539857311336,-4.285651441845487,2.0443168887582135,2.0954829352281585,8.415494480003385,2.207756236615131,8.50695434791503,2.140464609196948,2.1097524099718394,2.148343461931647,2.190721531992099,2.1368230378706956,2.1823128882069245,2.1806624390438314,2.15768834510678,2.2877146130956083,2.3754800755077707,2.285273449573095,2.225577428896993,2.0339835986220485,2.1425022507936964,2.1481228608789307,2.150642369055459,2.1632112170196622,2.1372358023526714,2.259317873264929,2.3374358470012306,2.3133128033837487,2.1436830579014314,2.0093704669044543,2.0208766746235542,2.1102772167501147,2.113210824757493,-4.178198047783752,2.1822756991079797,2.166053221184573,2.234029992251961,2.1473589396558093,2.0477563939080907,1.9312553738573228,1.8771383739854337,1.9857343453611207,2.009596149755659,8.293153187829816,8.354159754887915
2.449999999999841,0.9832843568392737,1.97984943957966,8.310990493850213,2.0497246680524452,2.0460026822534503,1.9778578148153143,1.832685489647385,1.8108894409171026,1.9081539576075512,8.188686732790604,1.863332067296359,1.9449882377071428,1.870725696026486,1.901552164189745,1.8828544284247748,1.714974126153627,7.929932797239526,1.6745417024263858,7.973178751526174,8.032028190325267,1.7090980627836447,1.751365569127473,1.9158047409798429,1.900016151690248,1.8376870309069422,1.6827205079100973,7.948928214749131,1.6670568058898756,7.918989271885083,7.973739372771992,1.683833305358626,8.053648168323962,1.919259797426306,2.0127965610905436,8.176929237430345,1.7662977653314371,8.056543239234019,1.6949605580338707,8.001996402889064,7.9573921205712965,1.7169311244469032,1.831086697549215,2.0395356755374423,2.04450247614732,1.9713615717562765,8.183813963088777,1.8370276560324352,1.8345571061815282,8.13327590830192,8.203249800083025,1.9268721333545353,1.9103966247617747,2.1466324395195175,2.1116343285540946,2.053696702315657,2.068865210335127,2.080621888144338,2.0705305368414715,-4.286919163525755,2.0423528582107537,2.0925755107741724,8.411634150644911,2.199336012860427,8.498935503305887,2.1342009435913813,2.105511839418067,2.145510689339221,2.18839247570123,2.134191131939839,2.1786652965705207,2.1753540658856125,2.150466636841256,2.2771215303936234,2.364829633976484,2.276707069268581,2.2197759350192428,2.0303636967058014,2.1400061710187948,2.1457682681699852,2.147390207940744,2.1578502934941803,2.128942137491609,2.249926500023452,2.3271690571137427,2.304824618417404,2.1381339607585987,2.006416913191193,2.019659564397103,2.1099351481516715,2.1125985630016126,-4.180775361720334,2.1761826725928843,2.161537520811047,2.2277668719649872,2.141916449488484,2.044505205509619,1.9303398281537172,1.878231608733159,1.988424672229023,2.012986189467347,8.295443407096045,8.353299238173976
2.45999999999984,0.9840229225416084,1.9798543348135478,8.312833589937457,2.049523253578243,2.0453509043626,1.9780104876836928,1.834279331360176,1.8141890873974418,1.9132672819597494,8.195182576542775,1.8698498655509554,1.9496527662076344,1.8767846888103326,1.9056822620132414,1.8858848211384125,1.7178462200438895,7.933364942278929,1.6791427774935637,7.9794291212374,8.039929491990076,1.717798083986384,1.7593484104551083,1.9225775040087665,1.9054135635071299,1.8420051371360544,1.6865168107242459,7.95278513258257,1.6715436955603116,7.924614470415146,7.980703718754871,1.691722913255285,8.061473110753242,1.9237142049121527,2.016573995525206,8.180166770665654,1.7692493768311934,8.059466855569328,1.6981307291956047,8.005684359174081,7.961770616804124,1.7218306833103636,1.8360150832385276,2.03993011360891,2.044853307021596,1.9719293931111765,8.184688954511513,1.8381225677862854,1.8357207149969779,8.134417639624347,8.20431623541173,1.9277989119062797,1.9110762074215872,2.1424854804187285,2.1078248557065757,2.05086570974079,2.0671012132117537,2.0795517476596155,2.069628299648109,-4.288111411335552,2.040509943496712,2.0898240989325036,8.407955062599004,2.1913213960392306,8.491245131759566,2.128104890706394,2.101316942737287,2.1426927145534536,2.1861127930511026,2.1316637467614195,2.175180251974583,2.170286767307706,2.1435911465234243,2.267160543955615,2.3547621284914273,2.2684941907084664,2.2141177475856715,2.02679668256292,2.1375632526863124,2.1434920618636384,2.144256786594762,2.152721753365632,2.121096795948727,2.241212285061675,2.317603106229467,2.2967979459278323,2.132785958861357,2.0035274308541493,2.0184594345300755,2.109575353584424,2.1119484704705367,-4.183287731076746,2.170453973754343,2.157403140585356,2.222002571072069,2.1368216194771645,2.041399952966605,1.9294484049523042,1.8792766803774505,1.9909690898532202,2.0161184804475236,8.2974909688657,8.352460631159696
2.469999999999839,0.9847089261715101,1.979857593971775,8.314564777013146,2.0493665095280993,2.0447533174909256,1.9781652176512687,1.8358285412793791,1.8173870682660835,1.9181634341528042,8.20130185925161,1.8759047925318497,1.9539644238492082,1.8824531977611032,1.9095657505598085,1.8887569462337086,1.7206057662830945,7.936706597105444,1.6836335753532639,7.985475570547118,8.047465869224515,1.7259902430490008,1.7668125396301115,1.9289669717740854,1.9105166355478373,1.846116304827388,1.6901752426483039,7.956549449677368,1.6759466734932416,7.930107147435518,7.987426796101699,1.6992478671927962,8.068874660615437,1.92794744623764,2.020157665532283,8.18325002425611,1.7720889191080027,8.062316996225055,1.701252525770177,8.009320117026762,7.966052871973689,1.7265665763766165,1.8407292641394684,2.0402958313385464,2.0451509401171246,1.9724248164094655,8.185491838026936,1.8391683864295305,1.8368708742700504,8.135576510261533,8.205410298590282,1.9287405808522355,1.9117476853273665,2.138507918625627,2.104125816549421,2.048064811155173,2.0653179347492188,2.078464352804115,2.0687478539082766,-4.289232058645644,2.0387817399508847,2.0872221323061892,8.404451544866737,2.1836955420301503,8.483876457679003,2.122184114117246,2.0971801224574103,2.1398969880791627,2.1838821932962773,2.1292351258917064,2.1718505223192652,2.1654526593369323,2.137048924484254,2.257785580619353,2.34524189754295,2.260627249639973,2.208611312125593,2.02328929537857,2.1351720680111823,2.1412884111192025,2.141237759503053,2.147818807483562,2.113674339325177,2.2331067771778685,2.3086738422967303,2.2892057295013832,2.127639119275852,2.000705924956821,2.017274793552622,2.109196508827038,2.1112674938197213,-4.185729457695981,2.1650625876640186,2.1536026493039646,2.2166821484526045,2.1320486064708444,2.038438470550881,1.928582984088561,1.8802725223346162,1.9933722434321763,2.019015439984696,8.29932720468801,8.351645852960695
2.479999999999838,0.9853466937540833,1.9798595109170978,8.316193105349129,2.049249361694342,2.0442089324245005,1.9783258238580603,1.8373346704982756,1.82048210651509,1.9228479867993866,8.207069991707652,1.8815407749025526,1.9579603228365559,1.8877641088369743,1.9132227945820461,1.8914835710175104,1.7232595141157523,7.939957929580904,1.6880100186443858,7.991317727852193,8.05465260659953,1.7337104884631256,1.7738017156875154,1.934996454579981,1.9153420618628827,1.850030088125009,1.6936992147682368,7.960219553052993,1.6802604491476687,7.935461883554106,7.9939101234502346,1.7064226776530935,8.075877028663687,1.931967026377377,2.0235540349588925,8.186183002600531,1.7748178409936788,8.065092785259386,1.7043224552449405,8.012897846274456,7.970233501760004,1.7311380734984463,1.8452342781713627,2.0406331857208064,2.045398640689169,1.972852523494864,8.186226704362044,1.8401672206632225,1.8380067966012665,8.13674840165881,8.206525681087744,1.9296914581221063,1.9124082811396523,2.1346960094384744,2.1005396171326627,2.0453020181926087,2.0635240927939336,2.0773649877284983,2.067889629623677,-4.290284967727177,2.037161994427362,2.0847630232906,8.401117534846932,2.176441540153249,8.476821286328486,2.116443782118434,2.093111910713738,2.1371303114008455,2.1817005931695914,2.126900149996927,2.1686693520396476,2.1608436384478975,2.130826650637341,2.248954727564424,2.3362353532154834,2.2530970212130548,2.203262661456707,2.0198473057524975,2.132831693321114,2.139152604723729,2.1383292254584245,2.143134166076704,2.10665048490092,2.225551017562005,2.3003247960009405,2.2820221592518517,2.1226917629684303,1.9979553864244568,2.0161047870874453,2.108798269868832,2.110561917303727,-4.1880967758346666,2.159983888369715,2.150096707198281,2.2117587052428727,2.1275737168109266,2.035617565012588,1.9277449015309167,1.8812188268304875,1.9956393952896445,2.021697325159089,8.300978614070898,8.350856085463237
2.489999999999837,0.9859401357195738,1.979860330630357,8.317726532037433,2.049167074847807,2.043715936910839,1.9784949164743022,1.8387990382898831,1.8234737830465872,1.9273272105338615,8.212510513162593,1.8867962960337001,1.9616722487897766,1.8927465397926415,1.916671113566973,1.8940758309304715,1.7258134731821393,7.943119319044966,1.6922690902313435,7.996956583904784,8.061505009785124,1.7409917835032473,1.7803548409377294,1.9406878729267047,1.9199056895062543,1.8537558469275695,1.6970923738897796,7.963794266809057,1.684480498077137,7.940674574703892,8.000156581370375,1.7132620657411202,8.082503224991907,1.9357809920622833,2.02677012225717,8.188970346174498,1.7774381077341161,8.067793583765845,1.7073372030304268,8.016412311836175,7.974308300667594,1.7355457148272422,1.8495360043578992,2.040942836194365,2.045599756604332,1.973217241583964,8.186897687714014,1.8411210936620053,1.8391275095965032,8.13792920572091,8.207656509580833,1.9306465476003718,1.9130557776444008,2.131045445128352,2.097067562352644,2.0425841036132097,2.0617275872372662,2.076258567197205,2.067053929264944,-4.291273939462021,2.0356446314252024,2.082440206112701,8.397946699926123,2.1695426119501287,8.470070411186374,2.11088697187118,2.0891211102866176,2.1343988065384765,2.1795680608284167,2.1246542528452745,2.165630370867228,2.1564514416307667,2.1249108447397513,2.240629798736442,2.3277110105783008,2.2458931495141936,2.1980757909813198,2.01647557115249,2.13054159572877,2.1370808419199085,2.1355275939192597,2.138660200521061,2.1000021889329132,2.2184938996740633,2.292506103887488,2.275222804772365,2.1179408680731773,1.9952780090968563,2.0149490636017897,2.1083810382342154,2.1098373777476955,-4.190387416433321,2.155195456056101,2.1468523621623823,2.207191947281561,2.1233752371820938,2.0329332793264396,1.926935030834932,1.8821158997227716,1.9977762189285997,2.024182438552735,8.302467721042044,8.3500919795988
2.4999999999998357,0.9864927945432264,1.9798602575704536,8.319172116112105,2.049115308443313,2.043271977937381,1.9786741414717637,1.8402227699580314,1.8263623921359708,1.9316078560112513,8.217645190748064,1.891705204546751,1.9651276252684584,1.8974263966122318,1.9199263813176863,1.8965434761904092,1.7282729844641473,7.946191324415572,1.6964087127897791,8.002394235546381,8.068038186593087,1.7478643348831218,1.7865066240410195,1.946061799571403,1.924222516504888,1.8573026657090526,1.7003585073656249,7.9672728173435035,1.6886030447342821,7.945742293833762,8.006170117948267,1.7197807171186759,8.08877502914975,1.9393977293385138,2.0298133079134617,8.191617155414185,1.77995209897717,8.070418996656835,1.7102937045041566,8.019858898501148,7.978274118615871,1.7397910710053437,1.8536409263993823,2.0412256792466597,2.0457576600376983,1.9735236719192457,8.187508909683226,1.8420319509082816,1.840231932784651,8.139114915021338,8.208797372772324,1.9316014860923476,1.9136884410994703,2.1275514990261497,2.093710038762243,2.0399167168969226,2.059935505135518,2.075149614055955,2.0662409455340334,-4.2922026760492,2.0342237735867057,2.0802471773555635,8.39493254261026,2.1629822629427444,8.463613937823395,2.105515024404842,2.085214949468728,2.1317079091803937,2.1774847632526377,2.122493342152593,2.1627275270454045,2.1522677123171,2.119288035053669,2.2327759453276887,2.319639448324587,2.239004553156987,2.1930529912287784,2.0131781022618274,2.1283015332315434,2.1350700539667145,2.1328294928441407,2.134389080650853,2.0937076742231384,2.2118908563929023,2.2851735862830096,2.2687846640932654,2.11338239735652,1.992675298229793,2.0138076587196303,2.1079457698955646,2.109098898280703,-4.19260026571754,2.150676880348593,2.143841761087781,2.202947041945468,2.1194332680412122,2.0303811080305216,1.9261538578162098,1.8829645339401855,1.9997886343900575,2.0264873225960045,8.303813762326678,8.349353800444913
2.5099999999998346,0.9870078856903658,1.9798594624927421,8.320536167648521,2.0490901311129983,2.0428743679323347,1.9788643852737766,1.8416068327469775,1.8291488144383694,1.9356969796694612,8.222494133866423,1.8962973902857574,1.9683502722986808,1.9018268335060775,1.9230025493407794,1.8988950838048941,1.7306427964223199,7.94917466028378,1.7004276336133197,8.007633666445798,8.074266894653544,1.7543558246981985,1.7922881417093164,1.95113751616815,1.9283067071232187,1.8606793025092712,1.7035014725174884,7.970654799113901,1.692625030047012,7.950663155936512,8.01195550417944,1.7259931039626752,8.09471299456076,1.942825800309268,2.0326911778261105,8.194128843289421,1.782362517528066,8.072968870767221,1.7131891954248948,8.023233614892648,7.982128740180463,1.7438765369479374,1.8575559393713414,2.041482790980888,2.0458756989798808,1.9737764310201562,8.188064430938256,1.8429016654077364,1.8413189409550341,8.140301691597722,8.209943330839772,1.9325524876109799,1.914304950961812,2.124209147311083,2.0904666742389617,2.037304499053682,2.0581541436108175,2.0740422490376194,2.065450775694825,-4.293074754213993,2.0328937574870687,2.0781775332481702,8.392068489700064,2.156744396160775,8.457441539714141,2.1003278523637348,2.081399240799149,2.1290623797143358,2.1754509192950966,2.120413727655324,2.159955039412561,2.1482840657612723,2.1139448915250476,2.2253613079813848,2.311993227628703,2.2324197335924985,2.1881951381417406,2.0099581345592537,2.1261114688445644,2.133117753809492,2.130231706113914,2.1303128881708155,2.0877464205454883,2.2057028019298524,2.2782879616903786,2.2626861580226936,2.109011562545312,1.9901481689435447,2.0126808969964247,2.1074938206611185,2.108350931718459,-4.194735097976277,2.1464095657485225,2.1410411632917707,2.19899370276183,2.115729564679868,2.0279561715885053,1.9254015475413242,1.883765900774784,2.001682678044668,2.028626939444015,8.30503324303141,8.348641530925988
2.5199999999998335,0.9874883330346413,1.9798580880417964,8.321824363791428,2.0490880112498058,2.0425202347071196,1.9790659444076026,1.8429520685294793,1.8318344066790901,1.9396018055533606,8.22707591409855,1.9005993500703762,1.9713610086246744,1.9059686347428357,1.9259121094791403,1.9011382378844373,1.7329271405103939,7.9520701786446475,1.704325317083112,8.0126785611728,8.080205439008177,1.7604916353895177,1.7977273147802562,1.9559330780556234,1.9321716179615605,1.8638941594383158,1.7065251450697818,7.973940141543912,1.6965440688679216,7.955436189999032,8.017518132330837,1.731913358946061,8.10033647576271,1.9460738129547754,2.03541139724949,8.196511013515387,1.7846723094902077,8.075443286615902,1.7160212440349083,8.026533081654035,7.985870769934129,1.7478051563900154,1.8612881930724179,2.0417153776212977,2.0459571578169684,1.973980003772754,8.188568211144622,1.8437320411095133,1.8423874147386614,8.141485917116427,8.211089911999501,1.9334962878572843,1.9149043366834229,2.121013170745179,2.0873364760212105,2.034751193061117,2.056389045354264,2.0729401906639437,2.0646834333183772,-4.2938936067990925,2.0316491453592036,2.0762250026605154,8.38934796659145,2.1508133947654753,8.451542658871302,2.0953242040959084,2.077678536862601,2.126466327333861,2.1734667595061445,2.118412057488697,2.157307363657785,2.144492149990504,2.108868329124612,2.2183567075035278,2.3047467874041994,2.226127007603959,2.1835019436287304,2.0068182011623414,2.1239714984458073,2.1312219108005874,2.127731131842251,2.1264237082763957,2.08209913107429,2.1998952734546826,2.271814179225869,2.256907090094728,2.1048230365246288,1.9876970341581257,2.011569309663825,2.1070268219184976,2.1075974078426776,-4.196792366431288,2.1423765477729617,2.1384301766110423,2.195305451456787,2.112247388587805,2.0256533563355124,1.9246780033824085,1.8845214577086522,2.0034644008383022,2.030614835078529,8.306140387517322,8.347954947008299
2.5299999999998324,0.9879367996680577,1.9798562533613489,8.323041840573577,2.0491057945156284,2.042206629791486,1.9792786650842435,1.8442592226532109,1.8344209067581205,1.9433296166914864,8.231407684595172,1.9046346620919905,1.97417813424557,1.9098705329541603,1.9286663081205166,1.903279681880314,1.7351298025304727,7.954878854489528,1.7081018460822541,8.01753314870767,8.085867606762697,1.76629506192915,1.8028493123124671,1.9604653827982832,1.935829830509537,1.8669552683553812,1.7094333820502308,7.977129077399459,1.7003584012544157,7.960061219958843,8.022863850807084,1.7375551887401237,8.10566367032694,1.9491503186304786,2.0379816105219817,8.198769361240908,1.7868845956151849,8.077842545719035,1.7187877680816794,8.029754508087018,7.9894995258932555,1.7515804739499101,1.8648449662484285,2.0419247335621487,2.046005226084088,1.9741387072494094,8.18902407704294,1.8445248151630003,1.84343627967021,8.142664227246538,8.212233099791566,1.934430090758024,1.9154859217178681,2.117958238675341,2.084317949044471,2.032259747717737,2.0546450425229534,2.071846763117564,2.0639388581073916,-4.294662510969775,2.0304847332463685,2.0743834752661394,8.386764458093136,2.1451741798568227,8.445906661955878,2.090501888470499,2.0740562787492682,2.1239232432492807,2.1715324930771485,2.1164852630851927,2.1547791689543807,2.14088370018347,2.1040455863738905,2.2117353705184644,2.297876328051116,2.2201146810279497,2.1789721699419053,2.003760204252982,2.1218817914405377,2.12938084732589,2.1253247552796366,2.1227137022127214,2.0767476840016417,2.1944377303481493,2.26572085192977,2.251428585925398,2.100811122772518,1.9853218822143899,2.0104735666692566,2.106546581527358,2.1068417810506284,-4.198773039512318,2.1385623238905294,2.1359911596196945,2.191859019168459,2.1089713702922,2.023467425727311,1.9239829183194557,1.8852328711690889,2.0051397898745056,2.0324632874963307,8.307147506945627,8.347293672942508
2.5399999999998313,0.9883557148348867,1.9798540579102129,8.324193266697058,2.0491406749728536,2.041930605977934,1.9795020572220152,1.8455289687614844,1.8369103527944965,1.946887670575179,8.235505295247222,1.9084243846686033,1.9768178203622726,1.913549475657484,1.9312753217650138,1.9053254464836669,1.737254187868015,7.95760177396638,1.7117578328338254,8.02220207156275,8.091266628994173,1.7717875083163386,1.8076768953199316,1.9647502395400318,1.9392931872092634,1.8698702871150925,1.712229995548539,7.980222112792827,1.7040668405772634,7.964538755691363,8.027998829679557,1.7429318173449018,8.110711669713869,1.9520637325496792,2.0404093623932456,8.200909593148209,1.7890026131976968,8.08016715495838,1.7214870397501658,8.032895660713502,7.9930149420583,1.7552064113765533,1.8682335666376355,2.0421122063526647,2.0460229744287295,1.9742566639856818,8.189435698145545,1.8452816594773747,1.8444645351715436,8.1438335329627,8.21336931392974,1.9353515181889727,1.9160492745198578,2.115038977577438,2.081409196674807,2.0298324136931574,2.052926305702773,2.070764910166712,2.0632169243024068,-4.295384581580339,2.0293955559968935,2.072647024723819,8.384311557281803,2.139812248496923,8.440522960595505,2.085857965027324,2.070534934537251,2.1214360398178758,2.169648281720525,2.1146305122651436,2.152365321995644,2.137450585515746,2.0994642834211095,2.2054726864700243,2.291359691581891,2.2143711771019654,2.1746038118437534,2.0007854833593277,2.1198425430347045,2.1275931543122555,2.123009631797316,2.1191751636119127,2.07167507569051,2.1893029786850233,2.259979775623837,2.246233021292804,2.0969698898922773,1.9830223447735196,2.009394421294734,2.1060550054654676,2.1060870763071278,-4.2006784726065405,2.1349527006961884,2.133708749222279,2.188633857540557,2.1058873839270826,2.0213931078236973,1.9233158189527508,1.885901952503428,2.0067147090091417,2.034183439564877,8.308065300260658,8.346657222322591
2.54999999999983,0.9887472975799523,1.9798515846325115,8.325282903650482,2.049190163903015,2.0416892720629316,1.9797353869355387,1.8467619296810183,1.8393050145721637,1.9502831342086715,8.239383401499751,1.911987392354456,1.9792944270463875,1.917020849438946,1.9337484016880264,1.9072809567272822,1.7393033797079223,7.960240124195691,1.7152943391051445,8.026690276941233,8.096415162489189,1.7769886673038187,1.8122307099241977,1.968802437254494,1.9425728290665805,1.8726465030555532,1.7149187345230552,7.983219998876836,1.7076687206736214,7.968869894326935,8.032929451753528,1.7480559517744514,8.115496515044745,1.95482227322403,2.04270203733077,8.202937364113163,1.7910296675810484,8.082417809176617,1.72411768117292,8.035954826551384,7.996417480341668,1.7586871647686337,1.8714612524695007,2.0422791679065266,2.046013336821234,1.9743377834018543,8.18980656927953,1.8460041819140456,1.845471274951719,8.144991031269946,8.214495386922115,1.9362585634899196,1.9165941660987045,2.112250026288637,2.078608005939096,2.0274708312536625,2.0512363953716157,2.069697213476179,2.0625174480372364,-4.296062768521133,2.028376889475771,2.0710099270044244,8.381983003923732,2.1347136960907847,8.435381103026586,2.081388903938235,2.067116126426344,2.1190070930979985,2.167814219971998,2.1128451698764783,2.150060876158489,2.134184848278211,2.0951124634000804,2.199545992514044,2.2851762431409957,2.208885129902547,2.170394250544474,1.997894879461272,2.11785393676533,2.125857622821516,2.120782876741317,2.115800561288802,2.0668653596898983,2.18446669583911,2.2545655199806482,2.2413039451442174,2.0932932777733746,1.9807977557989769,2.008332665689973,2.1055540365374203,2.1053359322741074,-4.202510307538198,2.1315346572567684,2.131569483900559,2.185611737140172,2.1029824332343106,2.019425163214818,1.922676102847316,1.8865306054820252,2.008194854838018,2.0357854175391843,8.308903101760492,8.346045028915068
2.559999999999829,0.9891135775927404,1.9798489025998303,8.32631465531213,2.049252058706084,2.041479830691042,1.9799777510020582,1.847958694634967,1.841607335876315,1.9535230349830441,8.2430555657166,1.9153406601061944,1.9816207639840413,1.9202986694016437,1.9360939938098978,1.9091511214911612,1.7412801900260033,7.962795184120827,1.7187128053806282,8.031002926694288,8.101325285724766,1.7819166833995255,1.8165295381000064,1.9726358106910846,1.9456792335211366,1.875290841341189,1.7175032725027293,7.98612370523756,1.711163843638594,7.973056231718788,8.037662224769008,1.7529397643613083,8.120033255003781,1.9574339174421775,2.044866813701943,8.204858227847467,1.7929690922186257,8.08459537289628,1.7266786528279794,8.038930773304077,7.999708051720279,1.762027119789885,1.8745351716817071,2.04242699119363,2.045979098093353,1.9743857500973183,8.190139999090682,1.846693927335328,1.846455700271839,8.146134207563078,8.215608538146025,1.9371495490169353,1.9171205335637012,2.1095860798981674,2.0759119192534614,2.0251761096143737,2.049578313936797,2.0686459139000632,2.0618401939042648,-4.296699857094768,2.027424250346321,2.06946667416966,8.379772713925924,2.129865226514636,8.43047084283445,2.0770907199472117,2.0638007460334977,2.116638286916714,2.1660303212150467,2.1111267651833985,2.147861064096077,2.1310787355525203,2.090978620228863,2.19393438308757,2.2793067569815,2.2036454510066776,2.1663403831868746,1.9950887943771762,2.1159161159120705,2.12417318921895,2.118641659891069,2.1125825708932604,2.06230358451221,2.1799070356193573,2.2494550803897524,2.2366260015825943,2.089775180768805,1.9786472025155166,2.007289095760805,2.105045607059888,2.1045906410910846,-4.204270393751417,2.1282962237454544,2.1295615006858695,2.182776415709315,2.10024454838173,2.0175584369517523,1.9220630699055952,1.8871207837293529,2.0095857250721805,2.0372784364405883,8.309669085619918,8.345456470010207
2.569999999999828,0.9894564136437659,1.9798460692193023,8.32729210934451,2.049324413223258,2.0412996036783895,1.98022813633033,1.8491198331286876,1.8438198862931843,1.9566142242891906,8.246534350684069,1.9184995043010753,1.9838083060070224,1.9233957400181199,1.938319838602014,1.9109404082219523,1.74318720358295,7.965268315988188,1.7220149884054479,8.035145323204729,8.106008504909335,1.7865882998505633,1.8205905128235007,1.9762633033085064,1.9486222517440512,1.8778098764569018,1.7199871995581775,7.988934394965183,1.7145524293641161,7.977099783584146,8.042203711004888,1.7575948872945297,8.124336003966718,1.959906367905215,2.0469106301895117,8.20667759923682,1.794824216215455,8.086700861834954,1.729169236776626,8.0418227081633,8.002887946166245,1.765230782196356,1.8774623156874126,2.042557031687851,2.0459228859545986,1.9744040178351354,8.190439103597988,1.8473523786518398,1.8474171274141027,8.147260831534735,8.216706346641852,1.9380230877369062,1.9176284490457727,2.10704192406715,2.073318294497355,2.022948898177282,2.0479545569422113,2.0676129346039405,2.061184880908998,-4.297298470660136,2.0265333937595673,2.0680119840174864,8.377674801170484,2.125254152753327,8.425782189462685,2.07295908405354,2.060589057953006,2.114331057023958,2.1642965086465864,2.1094729651514332,2.1457612925186917,2.1281247240052226,2.087051715495211,2.1886185412237236,2.2737333086488833,2.1986413756763823,2.162438731334633,1.99236724522829,2.1140291624653216,2.1225388917007577,2.1165832029357636,2.1095140974956377,2.05797573207386,2.17560429855206,2.244627580950642,2.2321848534083752,2.0864095123100634,1.9765695692523992,2.006264483989872,2.1045316029512264,2.1038531846498163,-4.205960726507015,2.125226374091633,2.1276742894999665,2.1801133625986777,2.0976626928208773,2.0157878974722805,1.9214759484804036,1.8876744566157477,2.010892596820762,2.0386708935694555,8.31037043557241,8.344890884238469
2.579999999999827,0.9897775099424537,1.9798431320833298,8.328218572093268,2.049405510172629,2.041146048067038,1.98048546701243,1.850245905893939,1.8459453211621877,1.9595633513394883,8.249831405274907,1.9214777878329008,1.9858673724275733,1.9263237923542333,1.9404330548522182,1.9126529052862489,1.7450268154010384,7.967660957208779,1.7252029063997456,8.039122848690809,8.110475766969591,1.7910189906762624,1.824429303283793,1.97969702682163,1.9514111448421858,1.8802098456449448,1.7223740173287834,7.991653401367253,1.7178350675618161,7.981002915668156,8.046560471160799,1.7620324160492258,8.128417999080519,1.9622470311065603,2.048840162204622,8.208400726379086,1.7965983383145139,8.08873542470961,1.731589016355531,8.044630236510125,8.005958770746748,1.76830272130083,1.880249485023964,2.0426706128885415,2.0458471667179934,1.9743958081491935,8.190706803921632,1.8479809579520448,1.8483549905515475,8.148368948252736,8.217786723559097,1.9388780487161272,1.9181180933726725,2.1046124613422883,2.070824355100087,2.020789450103451,2.046367162457356,2.0665999050944888,2.0605511879338207,-4.297861074938696,2.025700309273174,2.0666408060633312,8.375683592955273,2.1208683902849903,8.421305444261376,2.068989416270637,2.0574807920647813,2.1120864342969012,2.1626126103934573,2.1078815527905,2.143757138277942,2.1253155385039917,2.083321186633699,2.1835805889779216,2.2684391742507146,2.1938624934359505,2.1586855315504088,1.989729914004132,2.1121930824220625,2.1209538362545435,2.11460477886596,2.1065882908647287,2.053868658005713,2.171540655151881,2.240064020455584,2.22796710878571,2.0831902545732413,1.974563575042586,2.005259558915531,2.1040138370872046,2.1031252674265453,-4.207583398442475,2.1223149312300884,2.1258984925347573,2.1776095286601063,2.0952266793403096,2.0141086650172273,1.9209139169177145,1.8881935822938836,2.0121205127450947,2.0399704514101034,8.311013486277187,8.34434758524355
2.5899999999998258,0.9900784306921796,1.9798401305222857,8.329097098281682,2.0494938359874237,2.0410167653333646,1.9807486411430428,1.8513374732823364,1.8479863485000918,1.9623768451294223,8.252957542559093,1.9242880952254968,1.987807277178465,1.929093601693838,1.9424402103226037,1.9142923740151976,1.7468012623350841,7.96997461246248,1.7282787912069983,8.042940915768186,8.11473747717822,1.7952230789840204,1.828060274861781,1.9829483172105897,1.9540546186570174,1.8824966634328253,1.7246671362114314,7.994282206280153,1.7210126727258162,7.98476828219516,8.050739019918321,1.7662629191691357,8.132291655465112,1.9644630034470847,2.0506618064150905,8.210032670600297,1.7982947063688663,8.09070032568084,1.7339378536319923,8.047353321461031,8.00892239520553,1.771247524303356,1.882903264647799,2.0427690152926776,2.045754244053608,1.9743641126321678,8.190945827375744,1.8485810277557424,1.8492688410585578,8.149456865753457,8.218847884929447,1.9397135262638323,1.9185897338979456,2.102292730827436,2.0684272316183248,2.018697678772781,2.0448177579866935,2.0656081854373736,2.0599387587889617,-4.2983899835040775,2.0249212153032343,2.065348324342045,8.373793640125657,2.1166964450178165,8.417031225110732,2.0651769623684926,2.0544752253017675,2.109905086268494,2.1609783580260227,2.1063504097712555,2.141844345140005,2.122644165311943,2.07977694822123,2.178803954622029,2.263408737122143,2.189298766800047,2.155076810773741,1.9871761923979234,2.1104077962998753,2.1194171703970133,2.1127037125216024,2.1037985549069704,2.049970034561291,2.16769991251779,2.235747054543885,2.2239602519221418,2.0801114961404212,1.9726278057870508,2.0042749901453636,2.1034940301494554,2.10240834605831,-4.209140561648574,2.11955248353362,2.1242257392846757,2.175253153122296,2.092927094464797,2.012516031607384,1.9203761211730814,1.88868008671972,2.013274273419287,2.041184111121544,8.311603841582675,8.343825872221341
2.5999999999998247,0.9903606130748226,1.979837096910192,8.329930516487256,2.0495880581083687,2.040909505561721,1.9810165592450386,1.852395101483397,1.8499457018511363,1.9650609028527586,8.255922810799952,1.9269418826531421,1.9896364552409502,1.9317150888420263,1.944347381713159,1.9158622921742652,1.7485126494001835,7.972210845980418,1.7312450466472316,8.046604927421763,8.118803519727255,1.799213842847842,1.8314966277868867,1.9860277871861944,1.956560856985785,1.8846759366570638,1.7268698740588972,7.996822419929762,1.7240864422831974,7.988398771845243,8.054745791034142,1.7702964524809714,8.135968619023608,1.9665610639195976,2.0523816718113324,8.211578292976816,1.799916501435109,8.092596927676645,1.7362158656622153,8.04999224493404,8.011780904315637,1.7740697597018058,1.8854300070127532,2.042853468260181,2.045646260174293,1.9743116980887991,8.191158711203883,1.8491538924051025,1.8501583441458667,8.150523140251016,8.21988832524179,1.9405288124439444,1.9190437059248193,2.100077922388591,2.0661239960991824,2.016673207731914,2.043307604488734,2.0646388901176356,2.059347206900193,-4.298887364078473,2.024192552390446,2.064129957505288,8.371999722845686,2.1127273972267493,8.412950482061714,2.0615168571104165,2.0515712537079094,2.1077873564963645,2.159393387779028,2.104877502604647,2.140018820835612,2.1201038606116684,2.0764093878970984,2.1742732545374137,2.258627401835523,2.184940541050568,2.151608448848797,1.9847052221694441,2.1086731338879185,2.1179280632781015,2.110877381780128,2.101138552479906,2.046268296524275,2.1640673165286555,2.231660808327627,2.2201525781969136,2.07716746004918,1.9707607417172617,2.0033113779255514,2.102973797498956,2.1017036559111175,-4.210634398038923,2.11693031109022,2.12264851001928,2.1730336007113733,2.0907552303811143,2.011005474289332,1.91986168908713,1.8891358476484126,2.014358434541273,2.0423182777155384,8.312146473864624,8.343325038065762
2.6099999999998236,0.9906253788619226,1.9798340577643407,8.330721451163942,2.0496870046456346,2.0408221679414034,1.981288145841855,1.8534193669151038,1.8518261181473818,1.9676214833993604,8.258736557851325,1.9294496069001434,1.991362569687732,1.9341974077811295,1.9461602058581113,1.917365890310452,1.7501629715184603,7.974371273988962,1.7341042123797583,8.050120244818455,8.122683280010087,1.803003610002719,1.8347505177267633,1.9889453751973527,1.958937553145014,1.8867529795714444,1.7289854559180162,7.99927576228861,1.7270578180281941,7.991897460505412,8.058587110198092,1.7741425762923273,8.139459816568754,1.96854767198691,2.05400557599327,8.213042246116588,1.8014668257241273,8.094426676749405,1.7384234003619439,8.052547570695026,8.01453655630619,1.7767739482556353,1.887835821386353,2.042925144281519,2.045525198939823,1.974241113859606,8.19134780832917,1.8497007995887398,1.8510232735561005,8.15156655984565,8.220906792141514,1.9413233726501133,1.9194803972166625,2.097963386395591,2.063911690351093,2.014715414739357,2.041837637283607,2.0636929111416706,2.0587761196642886,-4.299355245341685,2.0235109755376635,2.0629813566619117,8.370296852828218,2.1089508826450705,8.409054505953945,2.05800417613458,2.0487674556648163,2.1057333014743613,2.1578572438676726,2.1034608717577603,2.1382766341224233,2.1176881550719084,2.0732093581440565,2.1699741879901935,2.254081515281326,2.180778547295186,2.1482762302213314,1.9823159313408376,2.106988832381664,2.116485690958576,2.10912321903852,2.0986022065740246,2.0427525902970727,2.1606293834298014,2.2277907147294553,2.216533133875351,2.0743525241708376,1.9689607808084035,2.0023692464223797,2.1024546408623914,2.1010122349106157,-4.212067096271389,2.1144403206002136,2.1211600221053533,2.170941223629023,2.0887030236220676,2.009572663053428,1.919369741841974,1.8895626827360879,2.0153773078936026,2.043378817919161,8.312645807801669,8.342844375671783
2.6199999999998225,0.9908739448205652,1.9798310346725603,8.331472341807888,2.0497896462535636,2.040752798607892,1.9815623654622565,1.8544108591013972,1.853630319785619,1.9700643048243158,8.261407489499893,1.9318208365920793,1.9929926027816316,1.936549021867938,1.9478839236988679,1.918806182188383,1.7517541313155611,7.976457557328012,1.7368589326294492,8.053492161636155,8.126385667718372,1.8066038425395377,1.837833161023727,1.9917103911212768,1.9611919398569226,1.8887328287597882,1.7310170144730102,8.001644045873956,1.7299284508280743,7.995267570079694,8.062269174206481,1.7778103744869251,8.142775503127401,1.97042896952149,2.0555390455837115,8.21442897014998,1.8029486937443884,8.096191087554507,1.7405610126047206,8.055020109676331,8.017191746700972,1.7793645402068965,1.8901265681272954,2.042985155220652,2.045392890441285,1.9741547007313034,8.191515294584113,1.8502229419834948,1.8518635049217913,8.152586127428588,8.221902262460928,1.9420968239400924,1.9199002351398633,2.0959446398496864,2.0617873490873633,2.0128234705003627,2.0404085037679236,2.062770940098397,2.058225062491965,-4.299795524024798,2.0228733458496304,2.061898401371952,8.368680272724829,2.1053570716266186,8.405334931582125,2.0546339783113767,2.0460621471631,2.1037427249296434,2.156369383369127,2.1020986231629535,2.13661401170174,2.115390855111888,2.070168164941002,2.1658934431998715,2.2497582944207557,2.1768039005270965,2.145075886528206,1.9800070665516254,2.105354537170012,2.115089225858928,2.1074387127619953,2.096183698672837,2.039412726206914,2.157373755795347,2.2241233745591527,2.2130916603562523,2.0716612354885027,1.9672262587167135,2.001449039995002,2.101937943832502,2.1003349449057893,-4.213440833854906,2.1120749877967837,2.1197541348092446,2.1689672440578662,2.0867629998014365,2.0082134645715963,1.9188994030565563,1.8899623410057649,2.016334965163433,2.0443711116124494,8.3131057913053,8.342383182808529
2.6299999999998214,0.9911074320581134,1.9798280450759833,8.332185459740163,2.0498950800284663,2.040699586597567,1.9818382341465302,1.8553701823152584,1.8553610002385243,1.9723948448899995,8.26394372229409,1.9340643484595714,1.9945329338849218,1.9387777703688989,1.9495234182753491,1.920185990322929,1.7532879535486294,7.978471394272131,1.7395119291873304,8.056725883795334,8.129919140116066,1.8100252126951306,1.8407549268449517,1.9943315588076793,1.9633308174779627,1.8906202576668942,1.732967590958729,8.003929159928477,1.7327001685137293,7.998512432690586,8.065798035264256,1.781308474707612,8.145925306390588,1.9722107858786637,2.0569873198619186,8.21574269205293,1.8043650260664092,8.09789172998962,1.742629441002622,8.05741088773074,8.019748976953975,1.7818458976648899,1.8923078568734235,2.0430345501658222,2.045251016695825,1.9740546009500972,8.191663176973133,1.8507214589929164,1.8526790082694697,8.153581043323998,8.222873919701042,1.942848915838409,1.920303676039114,2.09401736961032,2.059748018766704,2.010996372652403,2.0390205979568923,2.061873488992342,2.0576935825516025,-4.300209972113359,2.0222767216788102,2.0608771941629005,8.367145453269751,2.1019366470997514,8.401783736668277,2.051401340128444,2.04345342996106,2.1018152094525426,2.1549291822206373,2.1007889216571187,2.1350273349061735,2.113206041451504,2.0672775541096504,2.1620186133158175,2.2456457602463606,2.173008094009274,2.1420031315426096,1.9777772219017782,2.1037698046557636,2.113737829542599,2.1058214089543745,2.093877464947824,2.0362391339722636,2.154289078795732,2.2206464350106514,2.2098185427819246,2.069088319544591,1.9655554657397376,2.000551121848503,2.101424970361195,2.099672490822954,-4.214757763366471,2.1098273064215873,2.118425269138686,2.1671036536958224,2.0849282237570876,2.0069239426896366,1.9184498059178716,1.8903364970490901,2.017235243903615,2.045300097628759,8.313529955807168,8.341940765875355
2.6399999999998203,0.9913268744299047,1.979825102930415,8.332862922885287,2.050002515230474,2.0406608584962447,1.982114827340352,1.8562979562305573,1.8570208126174146,1.9746183439570306,8.26635283137976,1.9361882109276118,1.9959894063996566,1.9408909268133558,1.9510832477384878,1.9215079674449367,1.7547661966901027,7.980414513589886,1.7420659781553163,8.059826513660477,8.13329172504355,1.813277670733237,1.8435254181444618,1.9968170556623448,1.965360580612992,1.8924197906278115,1.7348401363807826,8.006133055922868,1.7353749468179904,8.001635459659056,8.069179589446325,1.7846450690285967,8.148918268348151,1.9738986453453276,2.058355356869989,8.216987427573338,1.8057186452222291,8.099530216997453,1.7446295856937053,8.059721115886164,8.022210827319949,1.7842222812360913,1.8943850477789093,2.043074314574604,2.045101118142643,1.9739427689420654,8.191793302600804,1.8511974385592445,1.8534698400514995,8.15455068807814,8.223821133021122,1.9435795133360745,1.9206911964966573,2.0921774333164223,2.057790772831246,2.009232975521886,2.0376740919444885,2.061000909736353,2.057181212223957,-4.300600244027151,2.021718349454632,2.059914053893582,8.365688088677803,2.0986807818763586,8.398393237643852,2.048301383414031,2.0409392334215193,2.099950145482045,2.153535941961124,2.099529985961037,2.1335131361260022,2.1111280654662896,2.064529696021132,2.158338121095587,2.2417326774636805,2.1693829910006284,2.1390536897123376,1.9756248646026182,2.102234106591493,2.112430648138481,2.1042689124619427,2.0916781908184787,2.0332228212141166,2.151364893451435,2.2173484838054835,2.2067047627726755,2.0666286860823098,1.96394666123019,1.9996757745533025,2.1009168655721004,2.0990254378474598,-4.216020001930206,2.1076907429084724,2.1171683399952324,2.165343127479713,2.0831922545234525,2.0057003564321443,1.91802009868859,1.8906867474349554,2.0180817550580565,2.0461703146094377,8.313921467696456,8.34151644278013
2.649999999999819,0.991533226117228,1.9798222192655213,8.3335067088515,2.050111260634856,2.0406350722196045,1.9823912849087075,1.8571948157921077,1.8586123606918612,1.9767398096424775,8.268641893830495,1.938199856939915,1.9973673855393808,1.942895250388221,1.9525676741969378,1.9227746145937874,1.7561905621318201,7.982288667877589,1.744523889962772,8.062799037932008,8.13651104334576,1.8163705058123443,1.8461535430298834,1.9991745494591031,1.9672872431731374,1.894135716322674,1.736637512931427,8.008257734317526,1.7379548831932599,8.004640114706813,8.072419568526424,1.7878279346792394,8.151762884193596,1.9754977763474544,2.0596478413783714,8.218166985158545,1.8070122733297231,8.101108193508459,1.7465624873557133,8.061952163094032,8.02457993345235,1.7864978401312972,1.8963632550973823,2.0431053704476687,2.0449446006843752,1.9738209824211832,8.191907367969515,1.8516519190257732,1.8542361350010934,8.1554946056992,8.224743437745692,1.9442885818392384,1.9210632861747932,2.090420858495899,2.05591272393478,2.0075320161287937,2.036368964420101,2.0601534122496425,2.0566874722769892,-4.300967883677235,2.021195654347956,2.059005508248409,8.364304090713548,2.095581115751764,8.395156083041849,2.0453292975027177,2.0385173507558925,2.09814675772313,2.152188896911761,2.098320084874028,2.132068094975678,2.109151543798573,2.0619171691988596,2.1548411512365346,2.238008499409658,2.165920814605198,2.1362233193345257,1.9735483577391895,2.1007468355023344,2.1111668098285175,2.102778888061274,2.089580804304034,2.0303553348628545,2.1485915441549444,2.2142189566606696,2.2037418550129,2.064277431706404,1.9623980858331669,1.998823202001576,2.1004146583421717,2.0983942268479048,-4.217229623287806,2.1056591960390443,2.115978698458748,2.163678949182434,2.0815491046155317,2.004539156132308,1.917609448880687,1.8910146088823188,2.0188778915898316,2.046985937517205,8.314283172371244,8.341109545124137
2.659999999999818,0.9917273684687522,1.9798194026578695,8.334118666562134,2.0502207133300807,2.040620810255793,1.9826668138732997,1.8580614104822664,1.860138191948026,1.9787640227797472,8.270817527923288,1.9401061476125498,1.9986718084003867,1.9447970313888772,1.953980689059966,1.9239882964116042,1.7575627014153263,7.984095627200683,1.7468884922373036,8.06564831857915,8.139584330522306,1.819312400640347,1.8486475778742442,2.0014112325662534,1.969116461943594,1.8957721006174406,1.7383624955269112,8.010305232518878,1.7404421733222546,8.00752989088041,8.075523534527536,1.7908644545040013,8.154467138614422,1.9770131219168252,2.0608691942089337,8.219284971389158,1.8082485310981915,8.102627326481542,1.7484293075828812,8.064105531412,8.026858966274176,1.7886766051099134,1.8982473525391281,2.0431285773079497,2.044782743064249,1.9736908536308726,8.192006928411649,1.8520858910279472,1.854978098034274,8.156412487564747,8.225640517365424,1.9449761738429363,1.9214204419840388,2.088743840270409,2.0541110336610977,2.005892136871125,2.035105026410107,2.0593310811507575,2.056211874770088,-4.301314331327614,2.02070623089864,2.0581482856045854,8.362989581777738,2.092629732728736,8.392065245134726,2.0424803567715224,2.0361854703389395,2.0964041291083775,2.150887221551565,2.0971575344160898,2.130689034223136,2.107271351612827,2.059432943246979,2.1515175894495266,2.234463317742033,2.1626141363429205,2.1335078312447546,1.9715459804276978,2.0993073108450253,2.1099454239286732,2.1013490613075976,2.0875804685087553,2.0276287252937206,2.1459600982260802,2.2112480561343113,2.200921867403038,2.0620298402268395,1.9609079718628113,1.997993532444562,2.0999192652040493,2.097779188234726,-4.218388651928773,2.1037269609327507,2.1148520824539894,2.162104946987095,2.079993203163178,2.0034369781788484,1.91721704633957,1.8913215178286167,2.019626837844643,2.0477508103346014,8.314617632103285,8.34071941983689
2.669999999999817,0.9919101161865249,1.9798166596312432,8.33470052664287,2.0503303487953226,2.040616772618623,1.9829406893690096,1.8588984031343283,1.86160079233373,1.9806955443090413,8.272885928770814,1.9419134280515125,1.9999072275361571,1.946602131571127,1.9553260354177524,1.925151254115207,1.7588842218391167,7.985837173070992,1.74916261516263,8.06837908627324,8.142518457473777,1.8221114806262608,1.8510152233034929,2.003533853766565,1.970853558731584,1.8973327987740367,1.7400177734177529,8.012277613964802,1.7428390901277175,8.010308290749508,8.078496876466824,1.7937616369358937,8.157038539600302,1.9784493510143535,2.0620235825078024,8.220344797515589,1.8094299379293002,8.10408929598842,1.7502313106984375,8.066182833524973,8.029050614717251,1.7907624837296139,1.9000419799393422,2.0431447337986737,2.0446167044091057,1.9735538405202342,8.192093407473582,1.8525002993937643,1.8556959963638107,8.15730415714494,8.226512186984994,1.945642417129937,1.9217631633576602,2.0871427379891627,2.052382920152764,2.004311905277447,2.0338819444297385,2.05853389106753,2.0557539256976805,-4.301640930209854,2.020247833712114,2.057339306477742,8.361740887295703,2.089819138616575,8.389114010321835,2.039749934325292,2.0339412026919814,2.0947212224393903,2.149630037896337,2.0960406956987705,2.1293729155168,2.1054826148252874,2.057070361445456,2.14835796748293,2.2310878164615517,2.1594558638993098,2.130903103758068,1.9696159456298157,2.097914785619668,2.108765581177875,2.099977219137525,2.0856725735137323,2.025035513017292,2.1434622756556703,2.208426680213805,2.1982373244927915,2.059881381218165,1.9594745520878496,1.9971868223174727,2.0994314952055944,2.0971805544231836,-4.219499058858064,2.10188869682116,2.1137845743856216,2.16061543747835,2.0785193624860496,2.0023906387739303,1.9168421054437743,1.891608831088408,2.020331579358861,2.048468475404962,8.314927158702409,8.340345430372908
2.679999999999816,0.9920822229274615,1.9798139949954743,8.335253910734508,2.050439712106802,2.0406217696972386,1.9832122542250574,1.8597064684180273,1.8630025823949552,1.9825387228039697,8.274852900682818,1.9436275764545468,2.001077849026685,1.9483160201100858,1.9566072279035074,1.9262656165400445,1.760156690743058,7.987515092781898,1.751349079002067,8.070995935872341,8.145319950273665,1.8247753581570934,1.8532636540161476,2.005548747840838,1.9725035411660206,1.8988214670293744,1.7416059518411795,8.014176958273062,1.7451479650860695,8.012978809481112,8.081344808865254,1.7965261353308968,8.159484149910181,1.9798108703873796,2.0631149306383962,8.221349686769724,1.8105589128767885,8.105495787279542,1.75196984702632,8.068185772484092,8.031157570971853,1.7927592574607603,1.9017515508643767,2.0431545797454245,2.044447531802248,1.9734112577023288,8.192168106112545,1.8528960450366696,1.8563901519427073,8.15816955563513,8.227358378155474,1.946287504317266,1.92209194844687,2.085614071063863,2.050725664003016,2.0027898311746197,2.032699261237851,2.0577617206093053,2.0553131273832004,-4.3019489328556615,2.019818368311112,2.056575674718012,8.36055452764022,2.0871422391905097,8.386295968663795,2.0371335124843157,2.03178210366912,2.0930968998568815,2.14841642273379,2.0949679733476816,2.12811683495117,2.1037807015859284,2.0548231232803915,2.145353413408423,2.2278732298608968,2.1564392284020406,2.1284050944808297,1.9677564158634686,2.0965684532077375,2.107626354921884,2.098661210231167,2.0838527278920123,2.0225686577516777,2.1410903875086587,2.205746359270597,2.1956811939208647,2.0578277072212723,1.9580960671551983,1.9964030606122702,2.0989520554331746,2.096598471050642,-4.220562758664928,2.1001393981319105,2.1127725645934823,2.159205176762988,2.077122747746149,2.001397127015385,1.9164838665912827,1.8918778273504766,2.0209949128836513,2.049142199813139,8.31521384179388,8.339986957558729
2.6899999999998148,0.9922443863824552,1.9798114121332488,8.335780339872585,2.05054841013883,2.040634715140222,1.983480917501611,1.8604862911006064,1.864345914556719,1.9842977024020396,8.276723886592034,1.9452540474401103,2.0021875658635655,1.9499438057580587,1.9578275704038952,1.9273334095825436,1.7613816387248749,7.989131174117165,1.753450683506962,8.073503323584452,8.147995008935256,1.8273111725538265,1.8553995632462972,2.0074618630748398,1.9740711222199883,1.900241573553635,1.7431295536969287,8.016005352386747,1.747371171653929,8.015544920436525,8.08407237167106,1.7991642665635923,8.161810616342088,1.9811018367042392,2.064146931430164,8.222302682187992,1.8116377762702347,8.106848483765143,1.7536463376089613,8.07011612352828,8.033182517930765,1.7946705803014305,1.9033802608570052,2.0431587985545625,2.0442761677787105,1.973264287080213,8.192232211603644,1.853273986826764,1.8570609343170184,8.159008728549308,8.228179125018896,1.9469116835937872,1.92240729108014,2.08415451422534,2.0491366127061887,2.0013243815795105,2.0315564143876026,2.057014365062698,2.054888980635333,-4.302239507125273,2.0194158822111032,2.055854668598763,8.359427209777268,2.0845923190444204,8.38360500287597,2.034626690621045,2.0297056943216694,2.0915299402943237,2.147245414604907,2.0939378143345366,2.126918018513685,2.102161213244962,2.0526852671186835,2.142495606569586,2.2248113040280098,2.1535577714878174,2.126009849512443,1.9659655170280714,2.0952674542580674,2.106526802939517,2.0973989451456,2.0821167500184403,2.0202215297079986,2.1388372817150545,2.203199200220908,2.1932468556013562,2.0558646499285675,1.9567707718464178,1.995642173603974,2.0984815569633573,2.096033007079986,-4.221581607624676,2.0984743684733154,2.1118127196909793,2.157869317652277,2.0757988493564654,2.000453597550965,1.9161415971143978,1.8921297093068705,2.0216194564472723,2.049774999150785,8.315479573381838,8.33964340016005
2.6999999999998137,0.9923972528877283,1.9798089132428436,8.336281242052486,2.0506561046410368,2.040654618875332,1.9837461522504438,1.8612385641679696,1.8656330713421372,1.9859764309570351,8.278503994845199,1.9467979103992001,2.0032399873333833,1.951490265699857,1.9589901719213,1.9283565643111418,1.7625605620034563,7.9906872004428795,1.7554701989655574,8.075905565500102,8.150549525170858,1.8297256261941905,1.857429202559955,2.0092787868389133,1.9755607385256755,1.9015964088054325,1.7445910212354827,8.017764882651328,1.7495111106236916,8.018010062978782,8.086684431310827,1.8016820288237432,8.16402419694826,1.9823261687636065,2.06512305757253,8.223206654735039,1.8126687518434617,8.10814906084337,1.7552622603312933,8.071975717845163,8.03512811854975,1.7964999785927611,1.9049320960825995,2.043158019843484,2.044103457659606,1.9731139880578497,8.192286806083796,1.8536349434287211,1.8577087539380508,8.159821813293476,8.22897455168702,1.9475152505110533,1.922709678355125,2.0827608923795835,2.047613183913763,1.999913993588565,2.030452752761553,2.0562915478824157,2.0544809866792457,-4.302513741919604,2.019038556272628,2.0551737319140218,8.358355818785881,2.0821630212285696,8.381035277024768,2.0322251908036266,2.0277094778613,2.090019055070845,2.146116020452303,2.092948707105778,2.1257738174545353,2.1006199749959085,2.0506511531876335,2.139776736671399,2.2218942615649606,2.150805332357345,2.123713510471993,1.964241350541594,2.094010883482841,2.105465969708879,2.096188396235768,2.080460659308699,2.0179878829282267,2.1366962951873303,2.2007778369114375,2.1909280734145744,2.0539882156242943,1.955496940332472,1.994904029774417,2.098020521055588,2.0954841639050734,-4.222557402619007,2.096889197167049,2.1109019550180994,2.1566033720179183,2.074543457861081,1.9995573629989685,1.9158145917403944,1.8923656062453351,2.0222076593186085,2.050369658965705,8.315726069257618,8.339314175224667
2.7099999999998126,0.9925414216165614,1.9798064995435039,8.336757959080252,2.0507625060875565,2.040680580337722,1.984007492716682,1.861963986874156,1.8668662643579457,1.9875786682718346,8.280198023627998,1.9482638835432973,2.00423846496925,1.9529598715268157,1.9600979608404763,1.9293369239697953,1.7636949241086641,7.992184946186231,1.7574103586794534,8.07820683723821,8.152989099160415,1.8320250172310653,1.859358417573315,2.0110047693792192,1.9769765675492716,1.9028890953061233,1.7459927177528123,8.019457627759152,1.751570197233706,8.020377632214931,8.089185682634465,1.8040851185829054,8.166130786334193,1.9834875596205588,2.0660465729881987,8.224064311561158,1.81365396923773,8.10939918050764,1.7568191373923756,8.073766428125584,8.036997006880286,1.7982508517875189,1.906410842187991,2.0431528222177633,2.0439301566622747,1.9729613072785752,8.19233287468331,1.8539796950971563,1.8583340559610246,8.160609027713852,8.229744860773842,1.9480985407064444,1.922999588753101,2.0814301752053797,2.046152867702505,1.9985570855074941,2.0293875512719466,2.055592931054591,2.0540886488761254,-4.302772652571834,2.018684696370448,2.054530465177961,8.357337409372233,2.079848327731557,8.378581225115594,2.029924861629174,2.025790954092715,2.0885629017760556,2.1450272218814037,2.091999180918885,2.124681703618362,2.0991530263525933,2.048715446980497,2.1371894665553812,2.219114769215639,2.1481760349654153,2.1215123197144514,1.9625820039676105,2.0927977962590387,2.1044428889528852,2.0950275973810046,2.078880667492178,2.015861830523415,2.1346612113753043,2.198475385898856,2.1887189691786624,2.0521945800958856,1.9542728705674468,1.9941884448094631,2.0975693854380006,2.094951883560147,-4.223491880703327,2.0953797380246875,2.110037410576001,2.155403177580061,2.073352641034734,1.9987058862863234,1.9155021726943278,1.8925865769683878,2.022761811768094,2.050928754155719,8.315954887718364,8.338998718245739
2.7199999999998115,0.9926774483939214,1.9798041714491277,8.337211752794085,2.050867368206797,2.040711781957669,1.9842645311560738,1.8626632627735107,1.868047633903701,1.9891079943028556,8.281810483263742,1.94965636421963,2.0051861155481787,1.9543568126869582,1.9611536978106017,1.9302762500592539,1.7647861570469359,7.993626172699782,1.7592738526825886,8.080411174492918,8.155319055359723,1.8342152692834288,1.8611926800963292,2.0126447459495855,1.9783225436908398,1.9041225968583333,1.7473369292887155,8.02108565249878,1.7535508498691557,8.022650970430231,8.0915806515632,1.806378946721714,8.168135939174658,1.9845894885076842,2.066920544056845,8.2248782042628,1.8145954667744915,8.110600486666977,1.7583185240535075,8.075490155767184,8.038791780560452,1.7999264739689933,1.907820093225501,2.043143736126762,2.043756936739586,1.972807087854347,8.192371313214593,1.8543089854222954,1.8589373145397607,8.16137065959693,8.230490323001247,1.948661923452461,1.923277490683993,2.080159471606526,2.0447532280271106,1.997252066434954,2.0283600238971498,2.0549181244126706,2.0537114742446576,-4.3030171859199235,2.01835272540808,2.0539226170002145,8.35636919747225,2.077642540840323,8.376237539717543,2.0277216805669767,2.023947631641886,2.08716009659395,2.1439779810003654,2.091087805317183,2.1236392647730873,2.0977566115876383,2.046873103176917,2.1347268982625374,2.216465908125673,2.1456642754538486,2.119402624042026,1.9609855602927506,2.091627214958299,2.103456586337651,2.093914643536204,2.077373169999232,2.0138378216700326,2.132726222511402,2.1962854069171502,2.1866139986971356,2.05048008318714,1.9530968879408694,1.9934951865724413,2.0971285105709936,2.0944360561230644,-4.2243867191834745,2.093942090105327,2.109216429919588,2.1542648685060146,2.0722227229785215,1.9978967730202495,1.9152036895229088,1.8927936129287715,2.02328405454891,2.0514546665338376,8.316167445984746,8.338696483181227
2.7299999999998104,0.9928058491716465,1.9798019287150515,8.337643810729311,2.05097048311185,2.0407474829420154,1.9845169144070112,1.8633370977782104,1.869179249086121,1.9905678172535182,8.28334561659946,1.9509794559796132,2.0060858415362492,1.9556850177157787,1.9621599874198825,1.9311762276495321,1.7658356620658842,7.995012624505488,1.7610633225417354,8.082522474305716,8.157544457386974,1.836301958431089,1.8629371171334697,2.0142033574035443,1.9796023733714911,1.9052997272352585,1.7486258663275214,8.022651002248573,1.7554554802009326,8.024833360000454,8.093873698284709,1.8085686538241392,8.170044892073113,1.985635232459199,2.0677478505904574,8.225650737045212,1.8154951944129094,8.11175460111564,1.7597619985840345,8.077148819586743,8.040514994576315,1.801529995953975,1.9091632605278144,2.0431312467431457,2.043584393115428,1.9726520780653407,8.19240293540259,1.8546235230206334,1.8595190276139277,8.162107057085885,8.231211267798562,1.9492057959390972,1.9235438413854073,2.0789460241075854,2.043411903501256,1.9959973444888262,2.027369335214167,2.054266693986063,2.053348974798235,-4.3032482250659845,2.01804117569676,2.0533480756942084,8.35544855201546,2.0755402653924437,8.373999160734824,2.0256117550793,2.022177038265955,2.0858092252057743,2.1429672458206035,2.0902131896900205,2.1226441999669063,2.096427170234694,2.0451193501412357,2.1323825420358626,2.213941146485761,2.143264709904599,2.1173808771668288,1.9594501059987732,2.0904981349505616,2.102506082225515,2.092847690126627,2.0759347375238923,2.011910620231898,2.1308858959163395,2.1942018674317194,2.1846079296955216,2.0488412231277544,1.9519673482905964,1.9928239799787821,2.0966981857998737,2.0939365263917016,-4.225243536091478,2.092572580226924,2.1084365415731954,2.1531848492972228,2.07115026501367,1.9971277639814422,1.914918518703765,1.8929876414930389,2.02377638804278,2.0519496007626734,8.316365034643757,8.338406942358372
2.7399999999998093,0.9929271031976165,1.9797997705619952,8.338055251289042,2.0510716769616333,2.0407870133705956,1.9847643403275963,1.8639861982739603,1.8702631083402839,1.9919613814950672,8.284807417669777,1.9522369928148535,2.006940349321057,1.9569481735080305,1.9631192888120808,1.9320384700506048,1.766844810118834,7.996346025909041,1.762781357098451,8.084544496917404,8.15967012203144,1.8382903378043756,1.8645965371131907,2.0156849693573227,1.9808195491674152,1.9064231583678846,1.7498616655007255,8.024155698156344,1.757286484621128,8.02692801759423,8.096069020868,1.8106591246561312,8.171862583883778,1.9866278775701753,2.0685311964864312,8.226384174710512,1.8163550168242393,8.112863120091594,1.7611511533220867,8.078744345906841,8.042169156129528,1.8030644478438758,1.9104435814462801,2.043115796823304,2.0434130504945904,1.9724969395223124,8.192428479652822,1.8549239831668294,1.860079712175906,8.162818619969123,8.231908074819426,1.9497305782075887,1.9237990861120111,2.0777872032625373,2.0421266076271274,1.9947913338412147,2.026414610575606,2.0536381694601316,2.053000668711582,-4.303466593831574,2.0177486817098904,2.0528048611615453,8.354572986905247,2.0735363919199172,8.371861264407043,2.0235913227434805,2.020476729495374,2.08450885240347,2.141993955212244,2.089373982878116,2.1216943149401732,2.095161327735176,2.0434496750408413,2.1301502879569254,2.211534314334983,2.140972242466896,2.1154436411396325,1.9579737380587634,2.089409530245027,2.1015903944074683,2.09182495230475,2.074562107807446,2.0100752848848655,2.129135143832304,2.1922191107671276,2.1826958214774077,2.047274650744565,1.950882640363319,1.992174511715172,2.0962786353296865,2.093453099903867,-4.226063890971631,2.0912677470342844,2.107695442606852,2.1521597715237184,2.0701320481974665,1.9963967278041155,1.9146460630923092,1.8931695292632271,2.0242406810318503,2.052415598831177,8.316548830390609,8.338129586286687
2.749999999999808,0.9930416559086398,1.979797695780602,8.338447128474385,2.051170806091628,2.0408297686189862,1.9850065541842281,1.8646112693184818,1.8713011402762907,1.9932917752697927,8.286199648808077,1.9534325609150767,2.0077521655191695,1.958149742854079,1.9640339253715176,1.9328645229465002,1.7678149421113583,7.997628077972165,1.7644304890305276,8.08648086807951,8.16170063243084,1.8401853600249125,1.8661754536666155,2.017093690026372,1.9819773630475268,1.90749542805718,1.7510463912913707,8.02560173294933,1.7590462368449244,8.02893808949996,8.098170659194043,1.8126550018537873,8.1735936746082,1.9875703298424718,2.069273120004703,8.227080650414319,1.817176716529027,8.11392761136681,1.7624875867663217,8.080278659889624,8.043756720467261,1.8045327419131023,1.9116641278870163,2.0430977895153077,2.043243368934275,1.9723422547940852,8.192448615361855,1.8552110093644143,1.8606198999976546,8.163505791791465,8.232581166302586,1.9502367086637598,1.924043657562414,2.0766805021297023,2.0408951285736356,1.9936324607084135,2.025494945067753,2.053032050823267,2.0526660813302247,-4.30367306092031,2.017473973217501,2.0522911170837315,8.353740153256078,2.0716260806723152,8.369819252598397,2.0216567505621814,2.018844295827527,2.083257530536515,2.1410570434183374,2.088568872794274,2.1207875176147,2.093955886292237,2.0418598096100413,2.128024379948048,2.209239580323589,2.1387820138942266,2.113587586924875,1.9565545699736542,2.0883603587464448,2.1007085407585158,2.090844704086648,2.07325217767574,2.008327150630615,2.1274691963312917,2.1903318273693326,2.1808730061461485,2.0457771636364144,1.9498411877972004,1.991546434761597,2.095870023973068,2.0929855483632664,-4.226849285905599,2.0900243264525296,2.106990984069736,2.151186513032941,2.069165057304923,1.9957016538901786,1.914385751248399,1.8933400854016391,2.0246786790718456,2.052854553225432,8.316719907300902,8.337863923398487
2.759999999999807,0.9931499215735513,1.9797957028194964,8.338820436220763,2.051267753560735,2.0408752041113694,1.9852433450587226,1.8652130129406301,1.8722952047840367,1.9945619381449553,8.287525856355915,1.9545695182517941,2.008523651603315,1.9592929804335297,1.9649060935842355,1.933655868079858,1.7687473689959805,7.9988604558281615,1.7660131921266617,8.08833508172562,8.163640350464656,1.841991697722918,1.8676781072327773,2.018433386830446,1.9830789187687354,1.9085189472378514,1.7521820377398958,8.026991067321616,1.7607370815594883,8.030866647931953,8.100182499117135,1.8145606988512977,8.175242562970945,1.9884653255847,2.069976003631626,8.227742173149982,1.8179619970544891,8.114949611816362,1.7637728966156352,8.081753677998417,8.045280087548546,1.8059376757444434,1.912827814596724,2.043077591089015,2.0430757493717344,1.9721885345100645,8.192463948781247,1.8554852148539698,1.861140133793544,8.164169052735405,8.233231000207216,1.9507246401077885,1.9242779754997703,2.075623530853386,2.039715328586909,1.9925191684245498,2.024609411374994,2.0524478142730698,2.052344746035832,-4.303868343800638,2.0172158687999335,2.0518051034426965,8.352947831916465,2.06980474649877,8.367868742418267,2.0198045336178807,2.017277368663426,2.0820538069059538,2.1401554441388204,2.0877965860379275,2.119921813679025,2.0928078159796635,2.040345716571805,2.125999391903579,2.207051430255477,2.136689390513108,2.111809494273041,1.9551907369532955,2.0873495671162665,2.099859541774631,2.08990527738428,2.0720019953529656,2.0066618115946775,2.12588357691347,2.1885350288254948,2.179135071253131,2.0443457003757906,1.948841450690563,1.9909393726869402,2.0954724626363816,2.0925336145273206,-4.227601166719187,2.0888392383770307,2.1063211580260273,2.150262159316023,2.0682464661367894,1.9950406455904324,1.9141370366767276,1.8935000649160771,2.02509201245247,2.0532682189268963,8.3168792468287,8.337609479732448
2.769999999999806,0.9932522857101895,1.979793789859335,8.33917611238087,2.0513624260674135,2.040922830401577,1.9854745423250824,1.8657921265524187,1.873247094340434,1.9957746681961692,8.288789385105261,1.9556510122489006,2.009257017058143,1.9603809474328873,1.9657378711674072,1.9344139265590092,1.7696433717678615,8.000044806324262,1.7675318791816184,8.09011050292025,8.165493428410425,1.8437137623297049,1.869108484731055,2.0197077018552534,1.98412714348013,1.9094960068194236,1.7532705301509108,8.028325626848922,1.7623613290107543,8.032716688188026,8.102108276787657,1.8163804120820983,8.176813402771693,1.9893154413461553,2.07064208350652,8.228370634932313,1.8187124860787378,8.115930625416953,1.7650086736761792,8.08317130147624,8.04674159943681,1.8072819355382521,1.9139374071641868,2.04305553356948,2.042910538808266,1.9720362239533171,8.192475028450938,1.8557471840583324,1.8616409637923768,8.164808913218701,8.23385806405725,1.9511948362246943,1.924502446529861,2.07461401138224,2.0385851431028597,1.9914499217121415,2.0237570666647495,2.0518849174494904,2.052036204979938,-4.304053112322614,2.016973269735726,2.05134518938347,8.352193926296847,2.068068044562231,8.366005556201863,2.0180312932018754,2.015773625154841,2.080896230210557,2.1392880942003933,2.087055887488484,2.119095302284577,2.091714246140808,2.03890357671928,2.124070205741471,2.204964647249053,2.134689953635061,2.110106251017295,1.9538804003355164,2.086376095237178,2.09904242296216,2.0890050609488493,2.07080875306667,2.0050751050119877,2.124374080466571,2.186824024317069,2.177477843746921,2.0429773347853617,1.9478819268116625,1.99035292369873,2.0950860135209655,2.0920970166068034,-4.228320924324606,2.0877095744697662,2.105684085978417,2.149383986761501,2.067373624029609,1.9944119136743184,1.9138993970080784,1.8936501718730383,2.0254822037395623,2.0536582243556243,8.317027746696567,8.337365798572938
2.779999999999805,0.9933491072974284,1.9797919548749556,8.339515042389744,2.0514547511940107,2.0409722085761186,1.9857000122340982,1.866349301481688,1.8741585354731065,1.9969326289072364,8.289993391593583,1.956679995765328,2.0099543312433403,1.9614165249321083,1.9665312245460738,1.9351400618472232,1.7705042014031787,8.001182745973091,1.7689889004308936,8.091810371017251,8.167263819908769,1.8453557213206522,1.8704703375101932,2.0209200662522484,1.9851247985847316,1.9104287841294323,1.7543137268000224,8.029607299383628,1.7639212504287036,8.034491126546227,8.103951583079699,1.8181181324883924,8.178310118104251,1.9901231033746447,2.0712734583973846,8.228967817663015,1.8194297385360745,8.11687212162944,1.7661964965584294,8.084533410738487,8.048143538322039,1.8085680995361924,1.9149955297146513,2.0430319172602016,2.0427480351542853,1.9718857091637725,8.192482350221029,1.855997473965085,1.8621229446903902,8.165425908154802,8.234462869433523,1.951647768486331,1.9247174640066889,2.073649772345956,2.0375025796200528,1.9904232102492063,2.022936958596693,2.051342804058283,2.0517400096979537,-4.304227992083039,2.0167451542553385,2.0509098464257915,8.351476455513883,2.0664118568551646,8.364225711868812,2.016333774526503,2.014330792107929,2.0797833561413523,2.1384539368321405,2.086345579867569,2.1183061718644076,2.090672457102398,2.0375297766509752,2.1222319911904406,2.2029742933717533,2.1327794894151744,2.108474851900876,1.9526217513269681,2.08543888028642,2.098256217060263,2.0881424992391886,2.0696697799523975,2.003563096310887,2.1229367533043684,2.1851943992263236,2.175897375109755,2.0416692703255213,1.946961152497035,1.9897866644356537,2.094710695025621,2.0916754522221757,-4.2290098961611635,2.086632586948362,2.1050780084976397,2.148549447565592,2.0665440434566587,1.9938137701008232,1.9136723331430365,1.893791062514602,2.0258506749000844,2.0540260813623665,8.317166228818998,8.337132440055473
2.7899999999998037,0.9934407208012285,1.9797901956874164,8.339838062643006,2.0515446749432042,2.0410229459698597,1.9859196546335036,1.8668852216295135,1.875031190342637,1.9980383557798023,8.291140856358894,1.9576592415843266,2.010617534117703,1.96240242618638,1.9672880157454637,1.9358355824834572,1.7713310787726781,8.002275859194798,1.7703865424540262,8.093437802971465,8.168955290281186,1.8469215140634934,1.8717671977566364,2.0220737136521683,1.9860744899049052,1.911319348982428,1.7553134206394712,8.030837932885785,1.7654190742008022,8.036192798802064,8.105715868077503,1.8197776563748653,8.179736417526412,1.9908905965960428,2.0718720982207315,8.229535399668098,1.8201152396637448,8.117775534123577,1.767337927091112,8.085841860585424,8.049488125088082,1.8097986415118206,1.916004672283174,2.04300701314713,2.042588491743654,1.9717373225738943,8.192486361883141,1.8562366154471643,1.8625866329565972,8.166020591823827,8.235045947056676,1.9520839134213033,1.9249234080408573,2.0727287441052025,2.0364657163815423,1.9894375516206015,2.0221481305501894,2.050820907943554,2.051455721614731,-4.304393567553439,2.0165305721498283,2.05049764202607,8.350793547856414,2.0648322794831313,8.362525413669147,2.014708844111207,2.0129466490708525,2.0787137522125256,2.1376519245690755,2.08566450326417,2.117552696083264,2.089679872219549,2.036220897147324,2.1204801871488783,2.2010756926182626,2.1309539791546674,2.106912397024716,1.951413014140854,2.08453686042852,2.0974999660846785,2.0873160912278816,2.068582535261304,2.0021220652135203,2.1215678750418805,2.183641995654142,2.1743899275788583,2.040418834619537,1.9460777032795413,1.9892401534978095,2.094346486343834,2.091268601957088,-4.229669367704486,2.085605678268025,2.1045012759039134,2.1477561561010243,2.0657553886202846,1.9932446220961866,1.9134553683751923,1.893923348261477,2.0261987540161197,2.0543731943615975,8.317295446380085,8.336908980746822
2.7999999999998026,0.9935274380317518,1.9797885100074486,8.340145963615608,2.0516321595348046,2.041074692182806,1.9861333998429855,1.8674005622535452,1.8758666584121062,1.9990942626511572,8.29223459525055,1.9585913555779602,2.011248445956475,1.9633412079136798,1.9680100087580468,1.936501744575434,1.7721251945552654,8.003325696830988,1.7717270274845043,8.094995796757344,8.170571426242429,1.8484148664089068,1.8730023935220736,2.0231716926624546,1.9869786771950408,1.912169669397305,1.7562713410010256,8.03201933364885,1.7668569827116887,8.037824459359479,8.107404445583288,1.8213625956423003,8.181095807258295,1.9916200731195701,2.072439852107037,8.230074961903968,1.8207704079754978,8.11864225980679,1.7684345063832891,8.087098476147958,8.050777518351056,1.810975934289721,1.9169671978600076,2.0429810651778757,2.0424321215280177,1.9715913482009295,8.192487467433615,1.856465114522844,1.8630325844620954,8.166593533303717,8.235607842407841,1.9525037502141236,1.9251206455903036,2.0718489539843916,2.035472700906277,1.988491493730754,2.0213896261548197,2.0503186566636438,2.05118291245225,-4.304550384985261,2.016328639721677,2.050107233486892,8.350143434573612,2.063325610681036,8.360901043319585,2.01315348691795,2.0116190307165933,2.0776860019088623,2.136881021807222,2.085011534619732,2.1168332299252715,2.088734050261438,2.034973702171697,2.1188104844698956,2.1992644151156218,2.1292095900404098,2.1054160899904284,1.9502524485988944,2.0836689781418913,2.0967727231871445,2.0865243891566885,2.0675446018702073,2.0007484927770958,2.1202639420982665,2.1821628946390086,2.172951961359966,2.039223474135282,1.9452301942818377,1.9887129347146792,2.0939933317550103,2.090876132545605,-4.230300574020365,2.084626391608639,2.103952339869034,2.147001876574058,2.065005464946396,1.992702966538704,1.9132480475071962,1.8940475985900744,2.0265276815978543,2.0547008686872674,8.317416090168985,8.336695013206809
2.8099999999998015,0.9936095498468518,1.9797868954716158,8.340439492745334,2.0517171814349138,2.0411271353848908,1.986341205696598,1.8678959888761653,1.876666478178199,2.00010264772228,8.29327726988147,1.9594787886932956,2.011848776176337,1.9642352806852592,1.9686988754368362,1.937139754098804,1.772887709170266,8.00433377491142,1.773012513071857,8.096487234856161,8.172115645047148,1.8498393041447878,1.8741790625104977,2.0242168785135743,1.9878396830427159,1.9129816169843048,1.7571891552943015,8.0331532648817,1.7682371097749954,8.03938878079938,8.109020497616205,1.8228763874361191,8.182391603481102,1.9923135602775004,2.0729784560184923,8.23058799383383,1.821396598151304,8.119473658122185,1.769487751470561,8.088305049487744,8.052013813903946,1.8121022532626374,1.917885349106557,2.042954292413404,2.0422791009637864,1.971448026420823,8.19248603099135,1.856683453556693,1.8634613524057755,8.167145312413504,8.236149111838186,1.9529077585992014,1.9253095306165675,2.071008521692698,2.0345217484040177,1.9875836167457037,2.0206604932004923,2.0498354746201533,2.0509211645493046,-4.30469895510643,2.016138535063633,2.0497373622079036,8.349524443981936,2.0618883395260594,8.359349151528074,2.0116648032987805,2.010345828617981,2.076698708222589,2.136140207034444,2.0843855871725028,2.1161462059233394,2.0878326781415395,2.033785128475569,2.1172188100428,2.1975362624501473,2.127542666311142,2.1039832358017887,1.949138352257901,2.08283418319643,2.096073554329506,2.0857659972516878,2.066553680090501,1.9994390493064194,2.1190216526465893,2.1807533998943547,2.171580122749346,2.038080749036588,1.9444172804063824,1.9882045401547008,2.0936511446135206,2.0904976997262956,-4.230904701343986,2.0836924020896506,2.1034297458270075,2.146284511822615,2.0642922094009353,1.9921873846468414,1.913049935970019,1.894164343775831,2.026838616508359,2.0550103182441624,8.317528794262202,8.336490145537475
2.8199999999998004,0.9936873277157301,1.9797853496722908,8.340719357102426,2.051799729592723,2.041179998894712,1.9865430547597778,1.8683721563146036,1.877432128942735,2.001065699301042,8.294271397298534,1.9603238478878802,2.0124201313671986,1.9650869185046553,1.9693562009599883,1.9377507690303135,1.7736197527418915,8.005301573654705,1.7742450920481347,8.0979148877805,8.173591203107936,1.8511981654219298,1.875300164748237,2.025211983914614,1.9886597011972493,1.9137569720218488,1.7580684706984693,8.034241445611157,1.7695615385903123,8.040888353858803,8.11056707887797,1.8243223032438245,8.18362694380272,1.9929729682115838,2.073489539929597,8.231075898979814,1.821995103835782,8.12027105058414,1.7704991524860803,8.089463336779863,8.053199044510608,1.8131797798824052,1.9187612547446213,2.0429268910517484,2.042129573605702,1.9713075583492472,8.192482380393084,1.8568920924033343,1.8638734855100034,8.167676516123455,8.236670319122139,1.9532964170189864,1.9254904042927272,2.0702056549354295,2.033611140102109,1.9867125346242727,2.0199597869959174,2.0493707857856744,2.050670071102359,-4.304839755622892,2.0159594936505507,2.0493868482693287,8.348934995884647,2.060517135311223,8.357866449900765,2.01024000580776,2.009124992499552,2.075750496645653,2.1354284747613352,2.0837856098620833,2.1154901305325438,2.086973563991884,2.0326522757851544,2.1157013120551666,2.1958872540214913,2.1259497208378555,2.102611238577739,1.9480690621151022,2.0820314353010465,2.0954015397750814,2.0850395704075497,2.0656075817700423,1.998190583073649,2.1178378928535198,2.179410022904737,2.1702712330886356,2.0369883282125065,1.9436376563491786,1.9877144928832688,2.0933198110427402,2.090132950793283,-4.231482888669201,2.0828015086443648,2.102932126097105,2.145602093128171,2.0636136815561814,1.9916965369638384,1.9128606189533437,1.894274077498459,2.0271326415149753,2.055302672519956,8.31763414112952,8.336294000924442
2.8299999999997993,0.9937610251551964,1.979783870182385,8.340986225864492,2.0518798038630637,2.0412330380175834,1.9867389517239322,1.8688297078288048,1.8781650326072754,2.0019855012676016,8.295219358940097,1.961128706125951,2.0129640226170347,1.965898267650981,1.969983488906262,1.938335901338065,1.774322425105338,8.006230536684589,1.7754267927567873,8.09928141761004,8.17500120411962,1.8524946122468913,1.8763684942458705,2.026159569174143,1.9894408043623342,1.9144974282421963,1.758910835845151,8.035285549872148,1.770832300164871,8.0423256877618,8.112047121165537,1.8257034574739879,8.184804797951525,1.9936000970210814,2.073974634584083,8.231540000159102,1.8225671603404512,8.121035720522816,1.7714701703017177,8.090575056012915,8.054335179999326,1.8142106051056497,1.9195969356248277,2.0428990363250423,2.0419836534217626,1.971170109855077,8.19247681048839,1.8570914694960068,1.864269526461254,8.168187735389543,8.237172032412765,1.9536702010188562,1.9256635952515981,2.069438645215358,2.0327392215077813,1.9858768962910451,2.019286573237245,2.048924016071778,2.0504292363360515,-4.30497323353832,2.015790804228652,2.0490545853374518,8.348373596295428,2.0592088375439204,8.356449803222851,2.008876415920521,2.007954531040049,2.074840017677191,2.1347448371760387,2.08321058669636,2.1148635806482288,2.08615463057731,2.031572397545262,2.114254346331888,2.1943136143384767,2.1244274271042265,2.101297599121425,1.947042955940751,2.081259706441152,2.094755775402582,2.0843438128493323,2.064704224680411,1.9970001097862158,2.1167097242723614,2.178129469241272,2.169022278483985,2.0359439844890925,1.9428900564610736,1.987242309478209,2.0929991933438656,2.089781526871653,-4.232036229335608,2.0819516264929994,2.10245819363669,2.1449527709307903,2.06296805534185,1.99122915862975,1.9126797005530773,1.894377259307555,2.0274107684834752,2.0555789830162268,8.317732666230013,8.336106217174269
2.8399999999997982,0.9938308790497632,1.9797824545756324,8.34124073261362,2.051957413595301,2.041286037128087,1.9869289209782992,1.8692692743818582,1.8788665554766208,2.0028640382704945,8.296123408942437,1.961895411532951,2.0134818722049532,1.966671354853685,1.970582165976241,1.9388962188479562,1.7749967958606292,8.007122070443787,1.7765595795069697,8.100589381517628,8.176348606722275,1.8537316411273324,1.877386689748365,2.0270620516383366,1.9901849514873147,1.9152045973438008,1.7597177424902384,8.036287206154912,1.7720513721455013,8.043703210850433,8.113463437715206,1.827022815547948,8.185927977755087,1.9941966434891811,2.074435177843718,8.23198154441433,1.8231139472469486,8.121768913011685,1.7724022345892312,8.091641885147636,8.055424127612227,1.8151967327794731,1.920394310482526,2.0428708842725145,2.0418414278447354,1.971035815231162,8.19246958615619,1.8572820028820438,1.8646500105721948,8.168679562372706,8.237654821561113,1.954029581854223,1.9258294198648183,2.068705863821643,2.031904400625733,1.9850753864975557,2.0186399304422777,2.048494595375043,2.050198275611169,-4.305099807304475,2.015631804986455,2.0487395358799705,8.34783883245606,2.057960446534566,8.35509622210262,2.007571460697274,2.006832512289927,2.0739659489001596,2.134088325546193,2.0826595360837876,2.114265200268242,2.085373909042969,2.0305428921951703,2.1128744636582693,2.1928117611795934,2.1229726115720235,2.100039912382651,1.946058453281553,2.0805179829266245,2.0941353738497623,2.0836774767793202,2.0638416271806777,1.9958648027485213,2.11563437227011,2.1769086259738337,2.167830400227451,2.0349455900254645,1.9421732544775434,1.98678750231334,2.092689133131114,2.089443064942173,-4.232565772603725,2.0811407801606268,2.1020067363525157,2.144334806350909,2.0623536114222794,1.9907840549303164,1.912506802940394,1.8944743169491174,2.0276739432320166,2.0558402291507436,8.317824862155792,8.335926446251037
2.849999999999797,0.993897110865728,1.9797811004431125,8.341483477470986,2.0520325763713436,2.041338806982317,1.987113004356243,1.8696914740071202,1.8795380100596075,2.0037032006629767,8.296985681850911,1.9626258957940284,2.013975019728272,1.9674080948586246,1.9711535863902194,1.9394327470020958,1.7756439044777048,8.007977543788243,1.777645353220725,8.101841235268278,8.177636231733146,1.8549120929459133,1.8783572446588759,2.0279217144946085,1.9908939945896222,1.9158800132471507,1.760490627172317,8.037247997081288,1.7732206780118682,8.045023271470422,8.114818727465838,1.8282832015338129,8.186999146456102,1.9947642074057712,2.074872520646035,8.232401707650082,1.823636590909945,8.122471834954702,1.7732967422556043,8.09266546068081,8.056467732572328,1.816140082955801,1.9211552013911362,2.0428425733931443,2.0417029605756407,1.9709047805465212,8.192460945063457,1.8574640912074383,1.8650154646433164,8.16915258800622,8.238119255764616,1.9543750252878456,1.9259881825451182,2.068005758002551,2.0311051461475023,1.984306726412591,2.018018951999902,2.048081959335385,2.0499768154772458,-4.305219868814164,2.015481879991578,2.048440726678175,8.34732936813694,2.0567691145415696,8.353802855966716,2.006322669418818,2.0057570637599933,2.073126996675783,2.133457991390236,2.0821315101345452,2.1136936972977285,2.084629532986262,2.029561294950939,2.1115583980036714,2.191378294548437,2.121582246415843,2.0988358648450616,1.9451140161739215,2.0798052671708396,2.093539465495412,2.083039361015577,2.0630179031479483,1.9947819836672418,2.1146092153840574,2.1757445500722414,2.1666928858643564,2.0339911118936866,1.9414860631353852,1.9863495816218157,2.0923894542061787,2.089117199638137,-4.233072525210616,2.080367096991985,2.1015766119087536,2.1437465634336377,2.061768730146625,1.9903600971110083,1.91234156555547,1.8945656485551845,2.027923050062325,2.0560873236780473,8.317911182373722,8.335754353814751
2.859999999999796,0.9939599277684285,1.979779805406594,8.341715029082602,2.0521053168774235,2.041391182245251,1.9872912590512641,1.8700969112757062,1.8801806568577963,2.0045047891898253,8.297808199785914,1.963321981871918,2.0144447277213082,1.968110297438854,1.9716990359902207,1.939946470522251,1.7762647604541628,8.008798287745234,1.778685952244346,8.103039336677156,8.178866768975613,1.8560386621307663,1.8792825162121516,2.028740714985559,1.9915696851389575,1.9165251361098412,1.7612308728554078,8.038169459284376,1.7743420865869513,8.046288139071567,8.116115579231527,1.8294873053507403,8.1880208274138,1.995304297505325,2.075287932588885,8.232801598988196,1.8241361668597362,8.12314565531205,1.7741550562107935,8.093647376566576,8.057467778834587,1.8170424951258748,1.9218813389241094,2.0428142261824043,2.0415682941545277,1.970777086703142,8.192451100185965,1.8576381146526921,1.8653664060038306,8.169607399877341,8.238565901512517,1.9547069905576024,1.926140176065458,2.067336847317089,2.030339985626336,1.9835696739776423,2.017422747879154,2.0476855508377185,2.0497644936763675,-4.305333785248001,2.0153404558778814,2.0481572446222653,8.34684393920851,2.0556321374400937,8.352566986393665,2.0051276702198324,2.004726372230166,2.072321897499639,2.132852907439209,2.0816255939343895,2.113147840493997,2.083919732842866,2.0286252700685283,2.1103030555705153,2.1900099863609253,2.1202534426113058,2.097683231864292,1.9442081496020474,2.079120579221107,2.09296719928913,2.082428309628132,2.062231257164369,1.9937491140539871,2.113631775516164,2.174634457701366,2.165607160855553,2.033078607840334,1.9408273336925697,1.985928057351623,2.0920999651856476,2.0888035648351355,-4.233557452899991,2.0796288011202484,2.1011667429781844,2.1431865020417358,2.061211885023991,1.989956218443947,1.9121836443280802,1.8946516247000376,2.0281589159856606,2.0563211176707066,8.317992044608843,8.33558961876372
2.869999999999795,0.9940195236510037,1.9797785671291952,8.341935926468476,2.0521756658959776,2.0414430192190793,1.9874637556966033,1.8704861768577643,1.8807957061344398,2.0052705194351907,8.298592879109009,1.9639853911107412,2.014892186816613,1.9687796738979575,1.9722197360706641,1.9404383349891545,1.7768603435254913,8.009585595419649,1.779683153298622,8.104185949015251,8.180042783731208,1.8571139051834298,1.8801647339652412,2.0295210920748348,1.9922136800319203,1.9171413561156485,1.7619398105537907,8.039053083467927,1.7754174118252186,8.04750000548801,8.117356475776413,1.8306376895698608,8.18899541223546,1.99581833703898,2.0756826071602514,8.233182264855206,1.8246137021054585,8.123791505445638,1.7749785044299493,8.094589183451983,8.058425989991619,1.8179057313686748,1.922574367037462,2.0427859505580632,2.041437452313582,1.970652792219521,8.19244024210974,1.857804435822149,1.865703341713143,8.170044580392082,8.238995320799148,1.9550259294969414,1.9262856818898664,2.0666977201599144,2.0296075036490078,1.9828630240592835,2.0168504460376493,2.0473048212849676,2.049560959104139,-4.305441900785561,2.015206998767713,2.04788823277582,8.346381349471205,2.05454694688344,8.351386020772184,2.0039841867393338,2.003738683321001,2.0715494190587997,2.1322721684089925,2.0811409047951632,2.112626456548339,2.0832428305754225,2.0277326035623955,2.109105504600823,2.188703770807021,2.1189834433608508,2.096579874979021,1.943339401732135,2.0784629580603116,2.0924177434389133,2.081843210578018,2.0614799799499455,1.9927637871826172,2.112699708884316,2.173575714326022,2.164570780788149,2.0322062222263364,1.9401959553656138,1.9855224408259378,2.091820461895501,2.088501795052806,-4.234021481922133,2.078924207851349,2.1007761128898386,2.1426531713323413,2.060681636679933,1.9895714105350848,1.9120327109264341,1.8947325903273489,2.028382314660989,2.0565424050995236,8.318067833907962,8.33543193278257
2.879999999999794,0.9940760800822123,1.979777383323781,8.342146680746277,2.0522436594054154,2.0414941937587834,1.9876305766013316,1.870859847170843,1.8813843196576059,2.006002026042249,8.299341536630095,1.9646177497845683,2.015318520493427,1.9694178431088591,1.9727168469596228,1.9409092483466295,1.7774316039263827,8.0103407220336,1.780638672545649,8.105283244353732,8.181166722838872,1.8581402486188705,1.8810060076659632,2.030264773603494,1.9928275471840453,1.9177299970514339,1.7626187209367707,8.039900314624033,1.7764484128430444,8.048660986367574,8.118543797786133,1.8317367958366373,8.18992516837913,1.9963076689999404,2.0760576666318964,8.233544692815471,1.8250701773405977,8.124410479567334,1.7757683792757457,8.09549238818809,8.059344030308226,1.818731479408906,1.923235847685271,2.042757841180381,2.041310442127213,1.9705319357619437,8.192428541130786,1.8579634005889663,1.8660267679057476,8.170464705194584,8.239408069578342,1.9553322857920046,1.9264249705117507,2.066087030453361,2.028906340014048,1.9821856084264877,2.0163011935648503,2.0469392316677237,2.0493658717332606,-4.305544538190842,2.0150810114145195,2.0476328866953195,8.345940466731378,2.053511102927377,8.350257486270438,2.0028900348044694,2.0027923008652238,2.0708083610254175,2.131714891601681,2.0806765914859255,2.1121284273011653,2.0825972346527006,2.026881196354763,2.1079629658789996,2.187456735334945,2.117769617841491,2.0955237392131965,1.942506363950891,2.0778314626988545,2.091890285966776,2.081282994363728,2.060762444030397,1.9918237205618234,2.111810797659015,2.1725658255510396,2.1635814240924645,2.0313721821408035,1.939590854697177,1.9851322462211531,2.0915507295469946,2.088211526685987,-4.234465500500178,2.0782517184293616,2.1004037616323257,2.1421452037602364,2.060176627254762,1.9892047198589684,1.9118884520350157,1.8948088665532912,2.028593970062428,2.0567519270472756,8.31813890541701,8.335280999897398
2.8899999999997927,0.9941297671801689,1.9797762517594593,8.342347776739501,2.052309337776862,2.0415445993618215,1.9877918141351743,1.8712184841086785,1.8819476124125891,2.006700866715378,8.300055895392711,1.9652205951429391,2.0157247894529178,1.9700263371267512,1.973191471370392,1.9413600823379802,1.77797946270083,8.011064885085448,1.7815541667525099,8.106333306839831,8.182240920463821,1.8591199963666873,1.8818083345532723,2.0309735829727433,1.9934127707644922,1.9182923196848336,1.7632688359113668,8.040712552389392,1.7774367941595839,8.049773122723266,8.119679827731929,1.8327869509379033,8.190812246265516,1.9967735610211408,2.076414166635321,8.233889815163655,1.8255065290530188,8.125003635274828,1.7765259370497346,8.096358453581878,8.060223505862256,1.819521355581692,1.9238672651807167,2.0427299806722092,2.041187255973266,1.9704145384433123,8.19241614916953,1.8581153388978586,1.866337169263874,8.170868341815057,8.239804696434692,1.955626494360999,1.926558301796238,2.0655034945001023,2.028235187924242,1.981536295577568,2.015774157591859,2.0465882534533213,2.0491789025046563,-4.305642000281309,2.0149620305516036,2.047390450990734,8.345520219110542,2.0525222870891944,8.349179024102503,2.0018431191607067,2.001885586111693,2.0700975556185566,2.1311802173535037,2.080231833448592,2.1116526870863956,2.081981435306638,2.0260690578314566,2.1068728038753384,2.18626611221054,2.116609455259213,2.094512850384665,1.9417076707334286,2.0772251730751496,2.091384035142673,2.080746632679119,2.060077099629243,1.9909267488865856,2.1109629422221725,2.171602428630156,2.162636885226756,2.0305747936838046,1.939010994865131,1.9847569918752606,2.091290544708103,2.087932399081211,-4.234890360260093,2.0776098151519085,2.100048782177079,2.141661309557037,2.0596955752077037,1.9888552445084997,1.911750568661704,1.8948807523510858,2.028794559892593,2.0569503755873613,8.318205586901879,8.335136536039064
2.8999999999997916,0.9941807444182313,1.9797751702664832,8.342539674479218,2.052372745058096,2.0415941454193995,1.9879475692538948,1.8715626348438383,1.8824866542797607,2.0073685260154703,8.300737590071012,1.9657953809997175,2.016111995655296,1.9706066064109986,1.9736446575411344,1.9417916738808374,1.7785048120580464,8.011759264615137,1.782431234534467,8.107338135898736,8.183267603556803,1.8600553366776833,1.8825736061380967,2.031649245386304,1.9939707560970656,1.9188295249548535,1.763891340181029,8.04149115152234,1.7783842061196717,8.050838382583434,8.120766753624805,1.8337903725353675,8.191658685934128,1.9972172099637173,2.0767531004381805,8.234218512289925,1.8259236515421362,8.125571994161536,1.7772523977447034,8.097188798357902,8.061065965771986,1.8202769077023329,1.9244700303152538,2.042702440744635,2.041067873318926,1.970300605908138,8.192403201515257,1.8582605655276667,1.8666350186036156,8.171256048522423,8.240185741449569,1.9559089808427959,1.926685925323744,2.064945887989789,2.027592792199846,1.9809139904385071,2.015268525995992,2.0462513693148336,2.048999733190594,-4.305734571289178,2.0148496244334173,2.0471602161134004,8.345119591575608,2.0515782958147972,8.348148384078334,2.000841430258877,2.0010169567900467,2.0694158679627206,2.130667309345476,2.0798058400018173,2.1111982202007886,2.081394000054418,2.025294299781045,2.1058325184799034,2.1851292706087118,2.1155005591951617,2.0935453124327754,1.9409419993631132,2.0766431907820064,2.0908982198068298,2.080233137086215,2.059422470773467,1.9900708174348871,2.110154153991756,2.170683284584577,2.161735068294602,2.029812438412699,1.9384553749430862,1.9843962014390264,2.0910396770844817,2.087664055473146,-4.235296877622471,2.0769970568075844,2.0997103170900955,2.141200271641478,2.059237270494172,1.988522131147385,1.9116187754740854,1.8949485261227257,2.0289847187578673,2.0571383973557693,8.318268181038865,8.334998268615584
2.9099999999997905,0.9942291613687149,1.9797741367398167,8.342722810607597,2.052433928335917,2.041642755617428,1.988097950156904,1.871892831697833,1.8830024716748837,2.008006418958719,8.301388172008924,1.9663434829066075,2.0164810860500078,1.9711600246875267,1.9740774021786685,1.9422048263856253,1.7790085157707964,8.012425003563708,1.783271417662343,8.108299649357265,8.184248897022975,1.8609483485756824,1.8833036145083217,2.0322933936833083,1.9945028342497078,1.9193427569867128,1.7644873727786676,8.04223742248443,1.77929224547332,8.051858662719857,8.121806672658062,1.8347491745859628,8.192466423276006,1.997639746214314,2.077075402938887,8.23453161583111,1.8263223988461326,8.126116542488536,1.7779489449727892,8.097984797301846,8.061872903492787,1.820999617840457,1.9250454842483224,2.0426752832337622,2.04095226234424,1.970190130221125,8.192389818414805,1.8583993808157544,1.8669207765615603,8.171628373360097,8.240551735241684,1.9561801611830039,1.9268080807325079,2.0644130431529577,2.026977947517815,1.9803176339518682,2.014783507925342,2.0459280737184113,2.0488280562338366,-4.305822518122999,2.0147433905564083,2.04694151535778,8.344737622677844,2.050677034328622,8.347163419423797,1.9998830411073472,2.0001848860606373,2.0687621962686205,2.130175354791713,2.079397849536641,2.1107640584936864,2.0808335694727473,2.024555130694914,2.104839737281052,2.1840437091976113,2.1144406422292317,2.0926193047753623,1.9402080695234998,2.0760846396352393,2.0904320895902955,2.0797415577059293,2.0587971516023016,1.9892539758786245,2.109382548762142,2.1698062708783303,2.1608739810629354,2.029083569946261,1.937923029121199,1.9840494048819999,2.0907978911235126,2.087406143794329,-4.2356858351548645,2.076412074410131,2.0993875554044665,2.140760940920908,2.0588005700863685,1.9882045721533081,1.9114928001645848,1.895012447163753,2.0291650411209874,2.057316596842212,8.318326967497898,8.334865936094275
2.9199999999997894,0.9942751583895897,1.9797731491415904,8.342897599690751,2.0524929371690774,2.04169036647593,1.988243071068707,1.872209592072551,1.8834960491496213,2.0086158944289494,8.302009113929147,1.9668662029482264,2.0168329560267813,1.971687893480258,1.9744906532209467,1.9426003110219707,1.7794914096124665,8.01306320821564,1.7840762024206045,8.10921968648622,8.185186828618232,1.8618010078906027,1.8840000581972796,2.03290757379038,1.9950102663331855,1.9198331059415459,1.7650580285724202,8.042952632111827,1.7801624560891078,8.052835790435847,8.12280159473749,1.835665372468088,8.193237295872947,1.9980422377086313,2.0773819543964884,8.234829911620519,1.8267035865823242,8.126638231907721,1.7786167260466648,8.098747781561157,8.062645758167967,1.8216909049986694,1.9255949021797496,2.042648561054199,2.04084038141554,1.9700830915756051,8.192376106518644,1.8585320713461528,1.867194891370178,8.171985853345165,8.24090319816402,1.956440441306899,1.9269249980582628,2.0639038460555192,2.026389496681346,1.9797462025731745,2.014318334165794,2.045617873385501,2.0486635745664437,-4.305906091537015,2.014642953547105,2.0467337220641073,8.344373401488802,2.0498165108426205,8.346222081857704,1.9989661041957383,1.999387901371166,2.068135471858989,2.1297035645191524,2.0790071287072,2.110349279072549,2.080298853211591,2.0238498504069105,2.1038922083469584,2.183007049179661,2.1134275208272597,2.0917330797035825,1.9395046427803906,2.0755486660998437,2.089984915043174,2.079270981929269,2.0581998028689354,1.9884743724799845,2.1086463405154214,2.1689693746030447,2.1600517293514168,2.0283867107207083,1.937413025895115,1.9837161393649418,2.0905649474544785,2.0871583173704438,-4.236057982883833,2.0758535672064107,2.0990797297291874,2.140342231948504,2.05838439381,1.9879018029403068,1.9113723828438256,1.895072757027002,2.0293360840456236,2.0574855394239124,8.318382204839075,8.334739287594195
2.9299999999997883,0.9943188672588769,1.9797722055026308,8.343064435447612,2.0525498230846986,2.041736926016319,1.9883830511359122,1.8725134184371455,1.8839683309505788,2.0091982384131866,8.302601814337287,1.967364774191755,2.0171684526123457,1.9721914463375032,1.9748853124314671,1.9429788679366922,1.7799543018290211,8.013674948713577,1.7848470210042677,8.110100010959208,8.186083333589549,1.862615192905397,1.8846645476512693,2.0334932498195193,1.9954942475283388,1.9203016107108928,1.7656043597427549,8.04363800436326,1.7809963297812095,8.05377152539855,8.123753445899201,1.8365408878315497,8.193973048470816,1.9984256936979268,2.0776735839123295,8.23511414244876,1.8270679937038774,8.127137980226669,1.7792568521934395,8.099479039080627,8.063385916020614,1.8223521276964425,1.9261194968166258,2.0426223190746415,2.0407321804203615,1.9699794598369444,8.192362160196526,1.858658910603306,1.8674577987113485,8.172329013813199,8.241240639640445,1.9566902168696227,1.9270368980695873,2.0634172340272476,2.0258263289231957,1.979198707689651,2.0138722573704735,2.045320287644782,2.048506001411482,-4.3059855272152685,2.0145479632057794,2.0465362470094353,8.344026064721753,2.048994831101969,8.345322416913175,1.9980888484951,1.998624583238631,2.067534659059874,2.1292511729513204,2.0786329716195535,2.109953002119569,2.0797886262348912,2.023176845052176,2.10298779347221,2.1820170277565754,2.1124591104785617,2.090884959821537,1.9388305219701119,2.0750344395880593,2.0895559876795406,2.0788205331512177,2.057629148625292,1.9877302486467194,2.1079438356635465,2.1681706861296197,2.1592665117663667,2.027720448891681,1.9369244672299823,1.9833959499897276,2.0903406041773938,2.086920235512298,-4.2364140395662755,2.075320298937399,2.0987861135725248,2.1399431189044624,2.0579877204723096,1.9876130994493029,1.911257275461481,1.8951296807911604,2.0294983697469173,2.0576457541634317,8.318434132240798,8.334618082489236
2.9399999999997872,0.9943604117610239,1.9797713039232288,8.343223691901171,2.052604639131826,2.041782392546607,1.9885180134317095,1.8728047983647902,1.8844202225356939,2.009754677069784,8.303167601644027,1.9678403648207823,2.0174883774350434,1.9726718527768883,1.975262237837656,1.9433412074264385,1.7803979736419682,8.014261259635791,1.7855852529441765,8.110942313726543,8.186940259074717,1.8633926896464277,1.8852986103282414,2.0340518088364834,1.9959559108599845,1.9207492614652586,1.7661273772296842,8.044294721132534,1.781795307232015,8.054667561501802,8.124664071615651,1.837377553187823,8.194675338112466,1.9987910682744405,2.0779510726792156,8.235385010647285,1.8274163641761423,8.127616672206749,1.7798703988830382,8.100179815153165,8.064094711775041,1.8229845864604468,1.926620421646025,2.042596594920817,2.040627601974777,1.9698791959349662,8.192348062733892,1.8587801595931672,1.8677099216384419,8.172658367892504,8.241564557626985,1.9569298730749762,1.9271439925977696,2.0629521932178525,2.0252873782455274,1.9786741949744233,2.0134445521694673,2.0450348486871275,2.048355060070555,-4.306061046776898,2.014458092694701,2.0463485359751123,8.343694794027718,2.0482101932465033,8.34446255949112,1.9972495765381437,1.9978935639727595,2.0669587549756163,2.128817438007669,2.0782746990214216,2.1095743888146976,2.079301725276078,2.0225345823258256,2.1021244618548445,2.1810714919883005,2.1115334210711607,2.0900733355362036,1.9381845505083788,2.0745411526426443,2.0891446199475667,2.0783893695291202,2.0570839730803656,1.9870199338217371,2.1072734276853335,2.167408393188518,2.1585166147546744,2.0270834353762077,1.9364564877056905,1.9830883904372199,2.0901246180123882,2.0866915640147687,-4.236754693919977,2.0748110943332856,2.0985060188606175,2.13956263187279,2.0576095842587407,1.9873377757962563,1.9111472412537651,1.895183428239894,2.029652387961188,2.057797736390032,8.318482971075694,8.334502090022168
2.949999999999786,0.9943999082291815,1.9797704425732787,8.343375724457646,2.0526574394863726,2.041826733555253,1.9886480840599865,1.8730842046140577,1.884852592047228,2.0102863796380284,8.30370773802638,1.9682940819799608,2.017793489477256,1.9731302219702793,1.9756222460242316,1.9436880110675994,1.7808231797784768,8.014823140627493,1.7862922265514913,8.111748215803487,8.187759368275703,1.8641351968441287,1.8859036954567754,2.0345845653225765,1.9963963307343644,1.9211770020654297,1.7666280521490274,8.044923923114784,1.7825607789942937,8.055525528747621,8.125535239990942,1.8381771162561626,8.195345738953854,1.999139263670947,2.0782151570131115,8.235643180505932,1.8277494085758803,8.12807516038698,1.780458406254743,8.100851313068214,8.06477343009778,1.8235895262229411,1.9270987740244911,2.0425714197108116,2.04052658251339,1.9697822531183873,8.19233388741943,1.8588960674333543,1.8679516705583232,8.172974416093208,8.241875438184115,1.957159784554981,1.9272464848602795,2.0625077562743774,2.024771621798423,1.978171743687702,2.0130345151756193,2.0447611017354816,2.0482104836997643,-4.306132858708573,2.0143730368606407,2.0461700674792795,8.343378813455573,2.0474608829682084,8.343640729634135,1.9964466615820713,1.9971935263549514,2.0664067891638007,2.1284016409290163,2.0779316574953546,2.1092126393604076,2.078837045496607,2.0219216070231356,2.101300284172174,2.1801683930182847,2.1106485524926275,2.0892966626021057,1.9375656116325803,2.0740680210177147,2.0887501451328703,2.0779766827671047,2.0565631176229817,1.986341840684245,2.106633592125944,2.166680775344145,2.157800407955182,2.0264743810287835,1.936008253648772,1.9827930235030145,2.0899167453209144,2.086471975572036,-4.23708060581348,2.0743248358254505,2.098238793634101,2.139199853388195,2.057249071377491,1.9870751820679424,1.9110420542166364,1.8952341949571114,2.0297985981472957,2.057941950082364,8.318528926348948,8.334391088929774
2.959999999999785,0.994437466046953,1.9797696196919048,8.343520870918878,2.0527082791023217,2.04186992470496,1.9887733913515722,1.8733520952499796,1.8852662717409365,2.010794461197735,8.304223423047143,1.968726975354428,2.0180845076335645,1.9735676061883067,1.9759661142916134,1.9440199328057237,1.7812306490248915,8.01536155707787,1.7869692203733516,8.112519270972555,8.188542344418947,1.8648443305883962,1.8864811784817712,2.035092765351113,1.9968165262559099,1.9215857323446752,1.7671073171768172,8.045526710716775,1.7832940865586373,8.05634699513603,8.12636864484678,1.8389412440800623,8.19598574678514,1.9994711333488626,2.078466531181615,8.235889280535085,1.8280678056166344,8.128514265927032,1.781021879627334,8.101494694842192,8.0654233070495,1.8241681386301034,1.9275555980947132,2.0425468187276223,2.04042905327158,1.969688578083284,8.192319698533167,1.8590068719139503,1.8681834432655386,8.173277645998017,8.242173755147673,1.9573803153031246,1.927344569777141,2.0620830001339123,2.0242780782987095,1.977690465935068,2.01264146490052,2.0444986051403204,2.0480720150764307,-4.3062011592296345,2.014292510681928,2.046000350663564,8.343077387066261,2.0467452689462955,8.342855228509569,1.995678544855639,1.9965232022848822,2.065877823224663,2.128003086038676,2.0776032186576296,2.108866991103633,2.0783935373361575,2.0213365368439233,2.100513427026444,2.1793057806397558,2.1098026904450475,2.08855345972411,1.9369726275888899,2.07361428366854,2.0883719172025947,2.0775816969277776,2.056065478000247,1.985694460641373,2.106022881929639,2.165986198832115,2.1571163398268274,2.025892053945807,1.9355789622557749,1.9825094215403698,2.089716743009413,2.0862611501176715,-4.237392407415675,2.0738604604595814,2.097983819907337,2.138853915230192,2.0569053169329803,1.9868247022558896,1.9109414986037412,1.8952821633437484,2.029937431531398,2.058078830068701,8.318572188011931,8.33428486707921
2.969999999999784,0.994473188112885,1.9797688335866745,8.343659452432611,2.052757213404509,2.0419119489183424,1.9888940651454343,1.8736089138001881,1.885662059371286,2.0112799852869054,8.304715797050093,1.9691400405056327,2.0183621130907756,1.973985004022378,1.976294582688608,1.9443376000063957,1.781621084800017,8.015877440835435,1.7876174646526877,8.113256968400169,8.189290794514905,1.8655216287009748,1.887032365220892,2.035577590498296,1.9972174643380167,1.921976310269428,1.7675660679011176,8.04610414500257,1.7839965234735293,8.057133468554298,8.127165908700917,1.8396715269275972,8.196596783276949,1.9997874848885488,2.078705850042667,8.236123905582602,1.828372203603442,8.1289347794636,1.781561790079836,8.102111082017155,8.06604553154039,1.8247215642624197,1.927991887539338,2.0425228120335004,2.0403349411689367,1.9695981119866777,8.192305552243923,1.859112800030491,1.868405625021712,8.173568532042731,8.2424599698873,1.9575918186549013,1.9274384342796709,2.0616770439258154,2.0238058064902886,1.9772295058917573,2.0122647415931714,2.0442469304102246,2.0479394063586325,-4.306266133094995,2.0142162478309786,2.0458389233236978,8.342789816691665,2.04606179854259,8.342104434591082,1.9949437328913493,1.995881371405273,2.065370950317872,2.127621100447959,2.077288778364895,2.1085367167503843,2.0779702035436123,2.0207780584447588,2.099762147733768,2.1784817981797184,2.10899410246318,2.087842306220968,1.9364045587743635,2.073179202660807,2.0880093105971893,2.0772036672721796,2.0555900016433406,1.9850763595907504,2.1054399230794205,2.1653231117311584,2.1564629335345495,2.0253352768927217,1.9351678407123356,1.9822371668190308,2.0895243693254,2.0860587750973765,-4.237690704305602,2.0734169569955907,2.097740511676482,2.1385239954437565,2.0565775020108354,1.9865857523195374,1.910845368448101,1.8953275035612316,2.0300692930061426,2.0582087840595653,8.318612932162832,8.33418322111557
2.979999999999783,0.9945071712706837,1.9797680826324777,8.343791774385128,2.052804298018804,2.0419527955479317,1.989010236148028,1.873855089441857,1.8860407195328317,2.0117439663851617,8.305185944347068,1.9695342219831036,2.0186269515443795,1.9743833634005685,1.9766083559278445,1.9446416144692609,1.7819951657447284,8.016371690954927,1.788238142786071,8.113962735168235,8.190006252928386,1.8661685548451694,1.8875584957536449,2.036040161506814,1.9976000626215535,1.922349553985571,1.7680051641406656,8.04665724866676,1.7846693365068498,8.057886398657894,8.12792858564007,1.8403694819883012,8.19718019997044,2.0000890826946955,2.0789337315062433,8.236347618814921,1.8286632218200187,8.129337461974941,1.782079075091309,8.102701556515395,8.066641246782547,1.8252508947694177,1.9284085881813577,2.0424994150304534,2.0402441696022113,1.9695107913554541,8.192291497424005,1.8592140684905802,1.8686185886739308,8.173847535375787,8.24273453114219,1.9577946373098767,1.9275282576111885,2.0612890469778935,2.0233539036467967,1.9767880390007295,2.0119037070124652,2.044005662186061,2.047812418839414,-4.306327954340566,2.014143999343812,2.045685350074391,8.342515439829109,2.045408993741068,8.34138680002844,1.994240794943041,1.9952668597138918,2.0648852946181693,2.127255033713929,2.0769877559303724,2.1082211226686898,2.077566096378406,2.020244923723629,2.099044789431994,2.1776946776792503,2.10822113412544,2.087161839751464,1.9358604028430488,2.072762063008981,2.0876617199763556,2.0768418791287733,2.0551356851326976,1.9844861739359423,2.1048834105196677,2.1646900394440225,2.1558387830754313,2.024802924848434,1.9347741453116785,1.981975851808077,2.0893393845553283,2.085864545681484,-4.237976076543139,2.072993363181138,2.0975083130639844,2.1382093155679143,2.0562648509584607,1.9863577783702104,1.9107534671065407,1.8953703744065453,2.0301945628946303,2.0583321945263027,8.318651322144689,8.334085956120623
2.9899999999997817,0.9945395067078895,1.9797673652701464,8.3439181272402,2.0528495885359024,2.041992459623542,1.9891220353643813,1.87409103721548,1.8864029849580497,2.0121873722702164,8.305634896211554,1.9699104162298673,2.0188796352646157,1.9747635844123907,1.976908105191756,1.9449325534067061,1.7823535463246538,8.01684517446961,1.7888323927742744,8.114637938721547,8.190690184770357,1.866786502391468,1.8880607480630505,2.0364815417191524,1.9979651922138784,1.9227062437569789,1.768425431229887,8.047187007028318,1.7853137268389054,8.058607178736617,8.128658164089527,1.8410365568783955,8.197737282028479,2.00037665052891,2.0791507588309686,8.23656095357144,1.828941451851456,8.129723045649232,1.7825746392294068,8.103267161539124,8.067211551733777,1.825757174921135,1.928806600440015,2.0424766389709763,2.0401566591555387,1.969426548900012,8.192277576388543,1.8593108841955162,1.8688226948065392,8.17411510378718,8.24299787492511,1.9579891033900627,1.92761421161942,2.0609182069212317,2.0229215041171047,1.9763652711513426,2.011557744143311,2.043774398166379,2.0476908226972714,-4.306386786975531,2.0140755323886363,2.045539220639325,8.342253627663068,2.044785447316408,8.340700847195906,1.993568360488647,1.9946785381705812,2.064420010720057,2.126904257456511,2.076699593351192,2.1079195472756194,2.0771803149723325,2.0197359463225664,2.098359776485136,2.1769427353503374,2.107482205447864,2.086510754104476,1.9353391937841002,2.0723621724525962,2.0873285599251306,2.0764956467920257,2.0547015717950328,1.9839226068379658,2.104352104340084,2.1640855804640617,2.155242549628957,2.024293922661714,1.9343971605758052,1.9817250793903431,2.0891615516329187,2.0856781649237206,-4.238249079701311,2.0725887631867104,2.0972866965883616,2.1379091380554014,2.0559666288465546,1.9861402549680047,1.9106656068258527,1.895410924123567,2.0303135985888225,2.0584494204380097,8.318687509550255,8.333992885282681
2.9999999999997806,0.9945702803255116,1.9797666800048639,8.344038787328032,2.052893140305304,2.042030941170525,1.989229593594879,1.8743171582618279,1.8867495577720899,2.012611126254287,8.306063633692395,1.9702694742975773,2.019120745024062,1.975126521956213,1.9771944698362975,1.945210970388532,1.7826968574428788,8.017298727183459,1.7894013086609537,8.11528388923223,8.191343989121231,1.8673767980560982,1.8885402414481391,2.036902740296381,1.9983136802602663,1.9230471238025542,1.7688276612699847,8.04769436903891,1.7859308512782672,8.059297147560263,8.129356069481828,1.8416741329654083,8.198269251763882,2.000650873880907,2.0793574827669157,8.236764415100476,1.8292074588453724,8.130092234752741,1.783049354878582,8.10380890250568,8.067757502528114,1.826241404578802,1.9291867816506978,2.042454491422896,2.040072328235072,1.969345314241277,8.192263825566084,1.859403444698228,1.8690182919213656,8.174371671698117,8.243250424486394,1.9581755385299062,1.92769646104041,2.0605637578885987,2.0225077779139107,1.9759604378445892,2.011226256865161,2.0435527489907885,2.0475743967443614,-4.306442785625514,2.014010629126131,2.0454001482576967,8.342003783206062,2.0441898192174213,8.340045165409967,1.9929251168174567,1.9941153213060052,2.063974283000602,2.1265681649413692,2.0764237545482267,2.1076313595043157,2.0768120028423835,2.0192499983346415,2.097705610163787,2.176224367291049,2.106775807451732,2.085887797053715,1.9348400009789823,2.071978861178536,2.0870092646255842,2.0761643124509703,2.0542867494250285,1.983384424687328,2.103844826201251,2.163508402406302,2.1546729581165116,2.0238072428145,1.934036198382223,1.9814844630154163,2.0889906366660758,2.0854993438721254,-4.238510245861081,2.072202285191185,2.097075161549205,2.13762276386813,2.055682139098157,1.985932683524169,1.9105816083297202,1.895449291155104,2.03042673607143,2.058560798868176,8.318721635142106,8.333903829577439
3.0099999999997795,0.9945995730809083,1.9797660254044274,8.344154017587659,2.0529350082563957,2.042068244592926,1.9893330409920928,1.874533840078729,1.8870811107050454,2.013016109306978,8.306473090260033,1.9706122043859426,2.0193508318976,1.9754729882219664,1.9774680589990228,1.9454773962538354,1.783025707059849,8.017733154478154,1.7899459419554888,8.115901841882563,8.191969002094993,1.8679407053281147,1.8889980397239412,2.037304715237056,1.9986463123588556,1.9233729040375946,1.769212614345905,8.048180248300191,1.7865218234927263,8.059957591199069,8.130023666827023,1.8422835285225179,8.19877727195956,2.000912402188998,2.0795544235551224,8.236958482184775,1.8294617827143658,8.130445706494514,1.7835040629998615,8.104327748009835,8.06828011388901,1.8267045405872546,1.9295499482568028,2.0424329766919174,2.039991093634705,1.969267014559004,8.192250276106632,1.8594919386387574,1.8692057166419442,8.174617660203552,8.243492590330538,1.958354253993668,1.9277751637738485,2.0602249688016263,2.0221119293454373,1.9755728033500874,2.010908669580673,2.0433403380873636,2.0474629281736862,-4.306496096130342,2.0139490856545583,2.0452677681992695,8.341765339551195,2.0436208331521413,8.33941840780763,1.9923098067008813,1.9935761658378315,2.063547324948349,2.1262461706343077,2.0761597246196124,2.1073559573470915,2.076460345545702,2.018786007202567,2.0970808645825896,2.1755380454422184,2.1061004988959993,2.085291768277502,1.9343619282440112,2.0716114814966406,2.0867032874991507,2.0758472451479806,2.053890348124892,1.9828704537821453,2.1033604559838417,2.1629572382836177,2.1541287939563802,2.023341903287221,1.933690597098695,1.981253626797674,2.088826409389902,2.085327801637516,-4.238760084569465,2.071833099107663,2.096873232518295,2.1373495302346055,2.0554107212728834,1.9857345908020463,1.9105013004254303,1.8954856048397948,2.0305342913297117,2.0586666464814405,8.31875382969565,8.333818617459643
3.0199999999997784,0.9946274613060135,1.979765400097389,8.344264068265886,2.0529752467438476,2.0421043781160124,1.9894325066723815,1.8747414567945928,1.887398288262438,2.0134031620707744,8.306864154296719,1.9709393742197465,2.0195704189445607,1.975803755020765,1.9777294531176528,1.9457323399912039,1.78334068081786,8.018149232130492,1.7904673030365914,8.11649299906769,8.192566499752886,1.8684794276993613,1.889435154224244,2.037688376209801,1.9989638348294345,1.9236842617249634,1.7695810197091273,8.048645524085236,1.7870877152486457,8.060589744814923,8.13066226318709,1.842866001722273,8.199262448994315,2.0011618509199067,2.079742072793702,8.237143608663947,1.8297049392825024,8.130784111884592,1.7839395739150665,8.104824630805755,8.068780360521753,1.827147498591628,1.9298968778811068,2.0424120962052688,2.039912871038988,1.969191575168637,8.192236954432705,1.8595765461584604,1.869385293937778,8.174853477160656,8.243724770278645,1.9585255508163641,1.9278504711497597,2.0599011417421567,2.02173319569006,1.9752016598593463,2.010604426811346,2.0431368014894313,2.0473562123063567,-4.306546856099842,2.013890711033339,2.0451417363804034,8.341537758229327,2.043077273362221,8.338819288377044,1.9917212261454407,1.993060069299208,2.0631383784654425,2.125937709732374,2.075907009108946,2.1070927664708146,2.0761245684681753,2.0183429527969268,2.096484182877312,2.1748823137700786,2.1054549031661907,2.0847215173435694,1.933904112863742,2.0712594074753152,2.0864101008241906,2.0755438397678443,2.0535115382553415,1.9823795771989405,2.102897928645122,2.1624308830103445,2.1536089000015592,2.022896965521439,1.93335972072816,1.9810322055653309,2.0886686435527735,2.0851632654243843,-4.23899908376198,2.071480414440218,2.0966804579286027,2.1370888085566944,2.055151748995016,1.9855455275100724,1.910424519629447,1.895519986057802,2.030636561669035,2.0587672609099874,8.318784214771894,8.333737084565392
3.0299999999997773,0.9946540170028333,1.9797648027711228,8.344369177575661,2.0530139094147954,2.042139353283055,1.9895281183773508,1.874940369455869,1.8877017078547147,2.013773086774984,8.307237671441264,1.9712517132755567,2.0197800027820407,1.976119555972135,1.9779792053647998,1.9459762895882577,1.783642342667742,8.018547707136067,1.7909663625338057,8.117058512520016,8.193137700874827,1.8689941117104725,1.8898525466211165,2.0380545872121885,1.999266956845691,1.9239818430411821,1.7699335769263072,8.049091042359843,1.787629557652803,8.061194794420025,8.131273110057148,1.8434227534787422,8.19972583578697,2.001399803517277,2.07992089517977,8.237320224860724,1.8299374213784632,8.13110807658325,1.7843566681091747,8.105300448802128,8.069259178482293,1.8275711547808637,1.9302283112837388,2.0423918488595856,2.039837575468917,1.9691189200333796,8.192223882738498,1.8596574392940266,1.8695573373651337,8.175079517316952,8.243947349570732,1.9586897199648585,1.9279225281865813,2.0595916104034355,2.021370845913536,1.9748463266392133,2.0103129927661914,2.0429417876265283,2.047254052339901,-4.306595195430796,2.0138353263791635,2.0450217280740115,8.341320527664157,2.0425579815750887,8.338246579132562,1.991158222226469,1.9925660686836568,2.0627467131492154,2.125642237676277,2.075665133289002,2.106841238900955,2.0758039347387123,2.017919864662844,2.0959142736054193,2.1742557846604744,2.104837705311807,2.0841759417585846,1.9334657246200402,2.0709220345432,2.0861291953329424,2.0752535160571037,2.053149528491939,1.981910731843675,2.1024562312677824,2.161928190117129,2.1531121736486316,2.022471532475328,1.93304295806566,1.9808198448659753,2.0885171172419073,2.0850054705286594,-4.239227710650324,2.07114347826289,2.0964964087536764,2.1368400024542717,2.0549046280150014,1.985365066980769,1.9103511098109398,1.8955525478289812,2.0307338269334894,2.058862922028322,8.318812903426217,8.333659073424903
3.039999999999776,0.9946793081179727,1.9797642321698374,8.344469572316603,2.0530510490955476,2.0421731845016677,1.9896200021806063,1.8751309263258866,1.8879919608866054,2.0141266490536074,8.307594446798031,1.9715499148691893,2.019980055057534,1.976421088558707,1.9782178430040989,1.9462097128514924,1.783931235495558,8.018929298535724,1.7914440526844697,8.11759948535693,8.19368376959622,1.8694858498250626,1.8902511315740547,2.0384041690676,1.999556352439894,1.9242662645622532,1.770270956993916,8.049517616799953,1.7881483423915994,8.061773878600222,8.131857405656143,1.8439549301465392,8.200168434570706,2.0016268132276704,2.080091330135801,8.237488738917511,1.8301596998778669,8.131418201739127,1.7847560970452916,8.105756066064751,8.069717466520077,1.8279763475605684,1.9305449542134259,2.042372231335978,2.039765121675801,1.9690489722175644,8.19221107944185,1.8597347823523673,1.869722149321253,8.175296162472472,8.244160701002498,1.9588470425160163,1.9279914738406838,2.0592957386169966,2.02102417942836,1.9745061491888913,2.010033850888759,2.042754957093769,2.0471562590984513,-4.306641236788022,2.013782764029153,2.0449074367068665,8.341113161719079,2.042061854123086,8.337699107426802,1.9906196910008516,1.9920932391098378,2.062371625558746,2.1253592296482555,2.075433641461654,2.10660085177085,2.075497743261659,2.017515819424573,2.0953699073552934,2.1736571355113052,2.1042476492247615,2.0836539850818134,1.9330459648210727,2.0705987790623523,2.085860079791661,2.0749757176735355,2.0528035639810067,1.9814629056714466,2.1020344002874114,2.1614480686622137,2.1526375641068416,2.0220647467676898,1.9327397218688664,1.9806162009336232,2.0883716131543566,2.084854160306365,-4.239446412576325,2.0708215733129505,2.0963206772706244,2.1366025459373064,2.054668794394768,1.9851928039300584,1.9102809218523966,1.8955833958669677,2.0308263506403645,2.058953893134438,8.318840000858753,8.333584433185475
3.049999999999775,0.9947033987978127,1.979763687092564,8.34456546846011,2.053086717695743,2.0422058886353636,1.9897082822355865,1.8753134631927526,1.8882696138072659,2.0144645796723046,8.30793524701915,1.9718346381140328,2.0201710238283503,1.9767090160574565,1.9784458686726223,1.946433058197335,1.7842078817473572,8.019294698241504,1.7919012686641176,8.118116974053835,8.194205817917311,1.8699556831432853,1.8906317792205674,2.0387379017709275,1.999832662388334,1.9245381146737208,1.770593803419095,8.049926029801966,1.7886450229631716,8.062328090200767,8.13241629712978,1.8444636260846778,8.200591199508539,2.0018434048122167,2.080253793328459,8.237649538049304,1.8303722246971763,8.131715064814399,1.7851385839873763,8.106192313821643,8.070156087392938,1.8283638791577177,1.9308474791582897,2.0423532383850063,2.0396954244880137,1.9689816542868879,8.192198559593274,1.8598087322673589,1.8698800213092206,8.17550378167095,8.244365185091675,1.9589977898491693,1.9280574412474296,2.0590129189513555,2.0206925248946614,1.9741804984034275,2.0097665033872403,2.0425759824033825,2.047062650785532,-4.306685096052216,2.0137328667659826,2.0447985727381224,8.340915198329892,2.041587839219499,8.33717575339267,1.990104575496972,1.9916406925090673,2.06201243847123,2.125088180059081,2.075212096274543,2.1063711061328503,2.0752053268602615,2.0171299383381993,2.0948499135503584,2.1730851055108418,2.103683534951742,2.083154635102164,1.9326440653339103,2.0702890778778977,2.085602280567352,2.074709911265513,2.0524729245897015,1.981035135064115,2.101631518886069,2.160989480325523,2.152184069817289,2.021675788906393,1.9324494480435306,1.980420940621901,2.08823191881888,2.08470908611683,-4.2396556178331535,2.0705140161910562,2.096152875900488,2.1363759016958173,2.054443712808015,1.9850283532916173,1.9102138133264892,1.895612629092407,2.0309143810347834,2.0590404220447205,8.318865605011494,8.333513019344482
3.059999999999774,0.9947263496258213,1.9797631663911346,8.344657071701347,2.053120966128111,2.042237484636335,1.9897930805605615,1.8754883036842216,1.8885352091221497,2.0147875761693625,8.30826080226826,1.9721065097594772,2.0203533348546268,1.9769839693558746,1.9786637615940856,1.946646755415271,1.7844727840501895,8.019644571859322,1.7923388698886533,8.118611990344354,8.194704908091863,1.8704046039650934,1.8909953175190735,2.039056526693204,2.0000964959853027,1.924797954909183,1.770902733267039,8.050317033483013,1.7891205158985575,8.062858477972748,8.132950882668302,1.8449498860926759,8.200995039160079,2.0020500761515856,2.080408678087387,8.237802989718515,1.8305754257414828,8.131999220395452,1.7855048248264778,8.106609991466323,8.070575869152512,1.8287345171596687,1.9311365270020906,2.0423348630840867,2.039628399115027,1.9689168886606025,8.1921863352459,1.8598794389393787,1.8700312342110543,8.17570273141557,8.244561150269588,1.9591422238504037,1.9281205579538883,2.05874257137879,2.0203752390619716,1.9738687697461679,2.009510470751763,2.042404547721755,2.0469730527400647,-4.30672688273706,2.0136854871002563,2.0446948626133326,8.340726198217983,2.04113493438207,8.336675447508684,1.9896118637799387,1.9912075763379746,2.061668500132417,2.1248286020274456,2.0750000780549334,2.1061515258282273,2.0749260505245077,2.016761384983255,2.0943531774354085,2.1725384925904594,2.103144216133775,2.0826769220776438,1.9322592876239604,2.0699923878485778,2.085355341184198,2.074455585580959,2.052156923245108,1.9806265023558576,2.1012467145404377,2.1605514366730616,2.1517507360128936,2.021303875597328,1.9321715948449816,1.9802337413075553,2.088097826773706,2.0845700072437365,-4.239855736454781,2.070220155661469,2.0959926361203483,2.136159559499,2.054228874947319,1.984871349121336,1.9101496481883877,1.895640340108337,2.0309981520703593,2.0591227421093343,8.318889807116733,8.333444693492073
3.069999999999773,0.9947482178433622,1.9797626689681689,8.344744577980247,2.0531538442421513,2.042267993215795,1.989874516857203,1.875655759587638,1.8887892663676054,2.0150963044152417,8.308571808073431,1.9723661259179455,2.020527392812184,1.977246548660816,1.9788719787270612,1.9468512164038694,1.7847264258278128,8.019979559505835,1.7927576812869555,8.11908550304968,8.19518205490143,1.8708335582127484,1.8913425344541286,2.03936074865451,2.000348432712826,1.9250463212212323,1.771198338175278,8.050691350668863,1.7895757019686087,8.063366048178784,8.13346221354189,1.8454147077258851,8.201380818809106,2.0022472997513985,2.0805563567309213,8.23794944273702,1.8307697138083658,8.132271200987782,1.7858554889067684,8.107009867555576,8.070977606398865,1.8290889959898935,1.931412708591454,2.0423170970696845,2.0395639614127914,1.968854597920306,8.192174415789916,1.8599470455585125,1.8701760585668656,8.17589335590524,8.244748933094058,1.959280597126472,1.928180946143361,2.058484142006708,2.0200717056510937,1.9735703824322939,2.0092652912625253,2.0422403485949183,2.046887297196125,-4.30676670037788,2.0136404866057758,2.0445960477886223,8.34054574367883,2.04070218399518,8.336197168281307,1.989140587090088,1.990793072318228,2.061339183504818,2.1245800268546327,2.0747971841610537,2.10594165641282,2.0746593097570676,2.016409363084659,2.093878637233372,2.172016150541109,2.1026285975666394,2.0822199170361397,1.9318909218039966,2.0697081853621917,2.0851188218724346,2.0742122506054956,2.051854904357515,1.9802361334973628,2.1008791567139844,2.160132996580115,2.1513366524104587,2.020948258130129,1.931905642096595,1.9800542907681271,2.0879691347047875,2.0844366907970127,-4.240047160974712,2.069939371046018,2.095839607441999,2.1359530346955142,2.0540237980305482,1.9847214435672844,1.9100882964827706,1.895666615640517,2.031077884321282,2.059201073154287,8.318912692201083,8.333379323063381
3.079999999999772,0.9947690575552564,1.9797621937750831,8.34482817397349,2.0531854007702144,2.042297436548515,1.9899527083594126,1.8758161311732668,1.8890322830491977,2.0153914000950586,8.308868927076396,1.9726140536883023,2.0206935824309387,1.9774973251071775,1.9790709558520974,1.9470468358805082,1.78496927190968,8.020300276617343,1.7931584945428445,8.119538439839117,8.19563822782119,1.8712434477214186,1.8916741801132162,2.0396512378738585,2.000589023812898,1.92528372518854,1.7714811853352959,8.051049675867228,1.7900114273738232,8.06385176615696,8.133951296056347,1.8458590434965954,8.201749362660683,2.00243552415474,2.0806971818052364,8.238089228300264,1.8309554814499218,8.132531517794078,1.7861912198481673,8.10739268079844,8.071362061503473,1.8294280183227976,1.9316766062192758,2.042299930746445,2.039502028114163,1.9687947050795587,8.192162808254729,1.860011688912274,1.8703147548581978,8.1760759872879,8.244928858480131,1.959413153226344,1.9282387228518707,2.058237101870298,2.0197813342752746,1.9732847786252294,2.0090305204919283,2.0420830916650927,2.046805223046887,-4.306804646893944,2.0135977353036703,2.0445018838200846,8.340373437441054,2.040288677002478,8.335739940038307,1.9886898180526995,1.9903963952048955,2.06102388551691,2.124342003497023,2.0746030283511576,2.10574106413558,2.0744045290114337,2.016073114456944,2.0934252814616237,2.171516986283637,2.1021356328761054,2.081782730136315,1.9315382856951773,2.069435965839506,2.08489229911217,2.0739794367293434,2.051566242323303,1.9798631958500135,2.1005280546833833,2.1597332638026616,2.150940951026764,2.0206082208370915,1.9316510904259838,1.97988228703728,2.0878456455487537,2.084308911598245,-4.240230267154997,2.069671070705947,2.0956934564524485,2.135755866807619,2.053828023399639,1.9845783059009103,1.9100296340647887,1.8956915369453187,2.0311537858308966,2.0592756223558557,8.318934339548818,8.333316781099976
3.0899999999997707,0.9947889199212424,1.9797617398101284,8.344908037559241,2.0532156832846167,2.0423258380084564,1.9900277697093582,1.8759697075194943,1.8892647355447805,2.01567347011809,8.309152790684626,1.972850832682804,2.0208522695641333,1.977736842273033,1.9792611086013865,1.947233992065571,1.7852017691319648,8.020607314748814,1.793542069305606,8.119971688923798,8.196074353082935,1.871635132406044,1.8919909686436331,2.039928631804132,2.0008187937684685,1.925510655162575,1.7717518184419863,8.05139267622477,1.790428504914706,8.064316557842254,8.134419093431736,1.846283802967053,8.202101455915992,2.002615175267957,2.080831487242933,8.238222660958026,1.831133103794948,8.13278066147462,1.7865126363627748,8.107759141033679,8.071729965799783,1.8297522564399238,1.9319287750291874,2.0422833534752742,2.039442517027772,1.9687371338182027,8.192151517581763,1.860073499678622,1.8704475737938924,8.176250945927615,8.24510123994552,1.9595401268686412,1.928294000176802,2.0580009457833017,2.01950355939979,1.9730114226474162,2.0088057308035037,2.0419324943805726,2.0467266756131406,-4.306840814926366,2.013557111091658,2.044412139513767,8.340208901591586,2.0398935447222577,8.335302830827517,1.9882586689568278,1.9900167915846412,2.0607220263161494,2.1241140980386715,2.0744172401704124,2.1055493349672942,2.074161160216736,2.0157519170632576,2.092992146397725,2.171039957283728,2.1016643223022915,2.0813645090873023,1.9312007239020887,2.0691752432298056,2.084675365174348,2.073756693942479,2.051290340103137,1.9795068961020077,2.100192655490237,2.159351384687202,2.1505628041111913,2.020283079621901,1.9314074605195064,1.9797174382409417,2.0877271675644162,2.0841864520520494,-4.24040541468649,2.0694146906062016,2.0955538659119157,2.135567618212453,2.0536411152053495,1.9844416216054728,1.9099735423343034,1.8957151801875942,2.031226052901416,2.0593465850525905,8.318954823128054,8.33325694602027
3.0999999999997696,0.9948078533343999,1.9797613061164696,8.344984338256426,2.0532447381645516,2.042353221932679,1.9900998128579304,1.8761167668385426,1.8894870799733494,2.0159430939581573,8.309424000632395,1.9730769764641667,2.0210038021931993,1.9779656176073477,1.9794428334343717,1.947413047341863,1.7854243469295432,8.020901242361385,1.7939091343684737,8.120386100685566,8.196491315640461,1.8720094323120666,1.8922935800973437,2.0401935368595643,2.001038241699025,1.9257275773572515,1.7720107586114862,8.051720992466247,1.7908277151406446,8.064761311245032,8.134866527606516,1.84668985474017,8.202437846732506,2.0027866576055158,2.080959589446703,8.238350039525983,1.8313029393331919,8.133019102889328,1.7868203330627175,8.108109930193407,8.07208202074092,1.8300623535297882,1.9321697443456551,2.0422673537422096,2.039385347208459,1.9686818086848876,8.192140546870629,1.8601326027050256,1.870574756597022,8.176418540682715,8.245266379867978,1.9596617441733943,1.9283468854778734,2.0577751912439632,2.0192378393390484,1.972749800206699,2.008590510850035,2.0417882847009703,2.0466515064166746,-4.3068752921533795,2.0135184992150017,2.0443265961319863,8.340051776562724,2.039515958778387,8.33488495041565,1.9878462901011353,1.989653538704693,2.0604330485282087,2.123895893165922,2.0742394643556743,2.1053660736769197,2.073928681384027,2.0154450831821236,2.0925783136852285,2.1705840691028855,2.1012137105877664,2.0809644376258247,1.9308776069035316,2.0689255495009435,2.084467627660829,2.0735435910575117,2.0510266278714036,1.9791664782989156,2.099872242009823,2.1589865460099964,2.1502014221879087,2.0199721805549142,1.9311742923955468,1.9795594624171298,2.087613514376326,2.0840691020055853,-4.240572947861346,2.069169692957119,2.095420533905338,2.1353878729042695,2.0534626591720717,1.9843110915180002,1.9099199079827311,1.895737616790774,2.031294870829091,2.059414145499712,8.318974211982917,8.333199701398664
3.1099999999997685,0.9948259035875044,1.97976089178031,8.345057237640024,2.0532726105716805,2.0423796134109184,1.9901689469870534,1.8762575768015062,1.8896997530307054,2.0162008249285286,8.309683130456484,1.9732929738988232,2.0211485113726995,1.9781841437759586,1.9796165085624577,1.9475843488899898,1.7856374179179904,8.02118260559693,1.7942603888146813,8.120782489243092,8.196889961042322,1.8723671295570734,1.8925826621710873,2.0404465300427583,2.0012478426762064,1.925934936884584,1.7722585052679682,8.052035239814545,1.7912098074756433,8.065186877886347,8.135294480969817,1.8470780283533463,8.20275924807656,2.002950355459295,2.0810817883032584,8.238471647942099,1.8314653306634585,8.13324729382097,1.7871148812573754,8.108445703250858,8.072418899024273,1.830358924933525,1.9324000189340056,2.0422519193097792,2.0393304391021063,1.9686286552710106,8.192129897601045,1.8601891172742782,1.870696535291634,8.176579069192478,8.245424569752148,1.959778222896723,1.9283974815706444,2.0575593773933254,2.0189836552902705,1.9724994176393331,2.0083844650729827,2.0416502007995865,2.0465795729587875,-4.306908161584672,2.0134817917759733,2.044245046651977,8.339901720177261,2.0391551291400534,8.334485448382166,1.9874518682046105,1.9893059433332363,2.060156416524523,2.1236869876457685,2.0740693602581253,2.105190902953082,2.0737065952891625,2.0151519576753874,2.0921829080708294,2.17014837307745,2.1007828849642576,2.0805817340493076,1.9305683301605072,2.0686864341263975,2.084268709045325,2.073339714959708,2.0507745617330633,1.9788412219816904,2.0995661311292166,2.1586379729373615,2.149856052201103,2.0196748985319206,1.9309511446969005,1.9794080873220512,2.0875045049936,2.083956658598177,-4.240733196218719,2.068935564928812,2.0952931730437285,2.1352162353319732,2.053292261437228,1.9841864310213169,1.9098686227518762,1.8957589137612836,2.0313604145888426,2.059478477570292,8.318992570594544,8.333144935753113
3.1199999999997674,0.9948431140282137,1.9797604959290673,8.345126889733901,2.0532993444333965,2.0424050380984577,1.9902352784515172,1.8763923948616525,1.8899031727929583,2.0164471913947684,8.309930726891745,1.9734992904319615,2.0212867121194265,1.9783928899310754,1.9797824948257714,1.9477482293004071,1.7858413784647893,8.021451929038507,1.7945965031308566,8.121161633957186,8.197271097216634,1.8727089701698973,1.8928588318484896,2.040688160477691,2.0014480489645017,1.926133158739243,1.7724955370000182,8.0523360088906,1.7915755013195434,8.065594074190038,8.13570379802435,1.8474491160805153,8.203066339474926,2.00310663399731,2.081198368132382,8.238587756071453,1.8316206052073083,8.133465667679127,1.7873968297382394,8.108767089150671,8.07274124568282,1.8306425593384568,1.9326200801944033,2.0422370373524155,2.0392777146674583,1.9685776003589808,8.192119569832798,1.8602431573577314,1.8708131329882038,8.17673281817012,8.245576090503645,1.9598897726672289,1.9284458869127583,2.0573530640232423,2.018740510402775,1.9722598011704238,2.0081872132050176,2.041517990764451,2.0465107385041126,-4.306939501836262,2.0134468872788895,2.0441672950731964,8.339758406747976,2.0388103022640305,8.334103512303336,1.9870746248800577,1.9889733406516863,2.0598916156999127,2.123486995809449,2.0739066012836798,2.105023462568424,2.0734944282277246,2.0148719163512334,2.091805095264766,2.1697319641181902,2.100370973233147,2.0802156498035003,1.9302723132425923,2.0684574635715616,2.0840782462167224,2.07314466988355,2.0505336225043003,1.978530440425611,2.0992736720277336,2.1583049270992962,2.149525975757209,2.0193906359934393,1.9307375940024936,1.9792630502248165,2.087399963806923,2.0838489261027973,-4.240886475164584,2.0687118174338925,2.0951715097120167,2.135052329306728,2.0531295474602196,1.9840673692829076,1.9098195832041462,1.8957791339892083,2.0314228494720448,2.0595397454072963,8.319009959213592,8.333092542340907
3.1299999999997663,0.9948595257039062,1.9797601177296011,8.345193441382536,2.053324982432854,2.042429522050123,1.9902989107381892,1.8765214685750504,1.8900977394888905,2.0166826979287644,8.31016731119149,1.9736963692895007,2.0214187042494367,1.9785923029091925,1.9799411365247366,1.9479050071628545,1.7860366092490687,8.021709716455666,1.7949181202876936,8.121524280877315,8.19763549617231,1.8730356658332796,1.89312267695042,2.040918950854766,2.001639291191753,1.9263226487347627,1.7727223123872415,8.05262386659233,1.7919254871236479,8.065983682831769,8.136095286982398,1.847803874647213,8.203359768671483,2.003255840296526,2.0813095985755803,8.238698620462927,1.8317690758899712,8.133674640184681,1.7876667055499569,8.1090746917203,8.07304967914326,1.83091381992164,1.9328303872935688,2.0422226945773607,2.0392270974773203,1.968528572047462,8.19210956238574,1.8602948318565788,1.870924764166851,8.176880063700215,8.245721212708483,1.9599965952230025,1.9284921957831254,2.0571558306315687,2.018507928881911,1.9720304961924386,2.007998389777227,2.0413914122993826,2.0464448718699173,-4.30696938738735,2.0134136902080173,2.044093155769849,8.339621526228136,2.0384807593335657,8.333738366022077,1.9867138151682593,1.9886550931790816,2.059638151761798,2.1232955470425505,2.0737508743510285,2.104863408584608,2.0732917288376895,2.014604364416516,2.091444079916949,2.169333978623502,2.099977141935156,2.0798654681231015,1.929988998973682,2.068238220781232,2.08389589002614,2.0729580767152145,2.05030331455358,1.9782334789740863,2.0989942445531526,2.1579867047692964,2.1492105074584713,2.019118821701745,1.9305332341585517,1.9791240976928646,2.087299720566371,2.083745715760999,-4.241033086566628,2.068497983974446,2.0950552833602574,2.1348957969748388,2.0529741609962335,1.983953648537634,1.9097726905035959,1.8957983365270028,2.031482331680893,2.059598104030201,8.319026434166556,8.333042418962332
3.139999999999765,0.9948751774969333,1.9797597563865021,8.345257032602884,2.0533495660049494,2.0424530915734116,1.9903599444406588,1.8766450359177196,1.8902838362421965,2.0169078264069964,8.31039338037718,1.973884632611787,2.0215447731664873,1.9787828083619403,1.9800927622090347,1.9480549876338544,1.7862234758093014,8.021956451533754,1.7952258567879522,8.121871144131246,8.197983895620913,1.873347895535759,1.89337475759939,2.0411393987934887,2.001821979453859,1.9265037943939414,1.7729392707977827,8.052899356951974,1.7922604274398888,8.066356454045327,8.136469721297342,1.8481430268631922,8.203640153194769,2.003398304314092,2.0814157354285237,8.238804485060909,1.8319110417900424,8.133874610034702,1.7879250147463375,8.109369090561419,8.073344792251099,1.8311732454453644,1.9330313782377655,2.042208877332386,2.0391785128012625,1.9684814998559903,8.192099873001673,1.8603442448317855,1.8710316349575051,8.177021071538768,8.245860196916075,1.960098884648308,1.9285364984542557,2.056967275522175,2.018285455126631,1.9718110665622663,2.0078176436323205,2.041270232426227,2.0463818472209856,-4.3069978888204465,2.013382110635831,2.044022452885459,8.339490783409824,2.0381658145883605,8.333389267999229,1.986368726130748,1.9883505897286846,2.059395550032253,2.1231122852827164,2.0736018793671276,2.1047104125958884,2.0730980669858265,2.0143487350130647,2.0910991037018,2.168953592499702,2.099600594604886,2.079530502723874,1.9297178525978753,2.0680283046700128,2.0837213048388863,2.0727795723203215,2.0500831646998865,1.9779497134616506,2.0987272576876674,2.15768263514372,2.148908993322574,2.0188589095729705,1.93033767562927,1.9789909853699958,2.087203610342464,2.0836468456127,-4.241173319325102,2.0682936195494936,2.0949442458353578,2.1347462978514598,2.0528257631306017,1.9838450234114993,1.90972785020726,1.8958165768479012,2.0315390088825165,2.059653699899624,8.319042048138156,8.332994467772043
3.149999999999764,0.9948901062509845,1.9797594111404326,8.345317796917595,2.0533731353375093,2.0424757730989325,1.99041847724754,1.87676332559859,1.8904618297845925,2.017123037055915,8.310609408421687,1.974064482523405,2.0216651906050886,1.978964811824091,1.9802376854263666,1.9481984629829625,1.7864023290784938,8.022192598586617,1.7955203036819714,8.122202907259766,8.198317000523042,1.8736463071380836,1.89361560760337,2.041349978128,2.001996504357764,1.9266769657958729,1.7731468331574372,8.053163001971312,1.792580957942905,8.066713106886588,8.136827841133016,1.8484672631768495,8.203908081841682,2.0035343398010217,2.0815170214211336,8.238905581874961,1.832046788759428,8.134065959547655,1.7881722431303317,8.109650841920491,8.073627153262958,1.8314213513065325,1.9332234708903944,2.042195571701527,2.0391318876718136,1.968436314811158,8.192090498489819,1.8603914957232321,1.8711339434163161,8.177156097414509,8.245993293924316,1.960196827609104,1.928578881357955,2.0567870149475267,2.0180726528997326,1.9716010939171706,2.0076446374449834,2.041154227189309,2.046321543870149,-4.3070250730459625,2.0133520638593327,2.0439550197665284,8.339365897167156,2.0378648137404785,8.333055509742229,1.9860386754991404,1.9880592443967249,2.0591633547639696,2.1229368685258896,2.073459328719911,2.1045641610092947,2.0729130327140766,2.014104487832941,2.090769443505284,2.168590019282333,2.0992405701060814,2.0792100965447053,1.9294583609661122,2.0678273296171374,2.083554168092341,2.0726088088962964,2.0498727211651318,1.977678548720858,2.098472148097946,2.1573920787145475,2.148620809283396,2.018610377561729,1.9301505448669407,1.9788634777486958,2.0871114734726204,2.0835521403220727,-4.241307449920506,2.068098299619381,2.094838160750674,2.1346035079110464,2.052684031369684,1.983741260283867,1.909684972066266,1.8958339070855634,2.0315930207257638,2.0597066714431254,8.319056850431725,8.332948595097813
3.159999999999763,0.9949043468892093,1.9797590812665344,8.345375861670645,2.0533957293770255,2.0424975930665075,1.9904746039428172,1.8768765573676713,1.8906320711407807,2.017328769447155,8.310815847370081,1.974236302143206,2.021780215331144,1.9791386997226261,1.980376205433265,1.9483357131184258,1.7865735059065062,8.022418603252099,1.7958020275509656,8.122520224498356,8.19863548456297,1.8739315188590757,1.8938457357640184,2.0415511401203026,2.0021632380065557,1.9268425163818725,1.773345402691083,8.053415302434454,1.7928876884245741,8.06705433045572,8.137170354773254,1.8487772431554714,8.204164116082381,2.0036642451620814,2.081613686948909,8.239002131610214,1.8321765900149602,8.134249055288993,1.7884088569771746,8.109920479537731,8.073897306806522,1.8316586305417601,1.933407063937312,2.042182763589966,2.0390871509359325,1.9683929495163421,8.192081434857366,1.8604366795586036,1.8712318797977305,8.177285387330057,8.2461207450654,1.9602906035866794,1.9286194272445885,2.056614682291696,2.0178691045297654,1.9714001770098581,2.0074790472503135,2.0410431813629404,2.0462638460845324,-4.307051003512372,2.0133234700622915,2.0438906984325667,8.339246599741564,2.037577132471328,8.332736414307389,1.9857230103790366,1.987780495583105,2.0589411284709698,2.12276896834187,2.0733229467879513,2.1044243543595433,2.072736235242379,2.013871107807967,2.0904544097080437,2.168242508352797,2.098896341043727,2.078903620538088,1.9292100317440084,2.0676349249670145,2.0833941698606244,2.0724454533486756,2.0496715525778666,1.9774194171681323,2.098228378764091,2.157114425729819,2.14834535976829,2.0183727265958544,1.9299714837014423,1.9787413479382652,2.087023155494993,2.083461431000658,-4.241435742938975,2.0679116191238074,2.094736802891016,2.1344671187307727,2.0525486587845796,1.9836421366857104,1.9096439698362457,1.895850376256375,2.031644499323379,2.059757149545082,8.319070887209419,8.33290471126646
3.169999999999762,0.9949179325246883,1.9797587660728908,8.34543134832647,2.0534173858383507,2.0425185778254122,1.990528416416775,1.876984942318901,1.8907948962862373,2.017525443445145,8.31101312840159,1.9744004565383284,2.0218900938029156,1.9793048403305127,1.980508607870083,1.9484670060929048,1.7867373295692037,8.022634893169908,1.7960715714584705,8.122823722007686,8.19893999155506,1.874204120685555,1.8940656271139613,2.0417433146057156,2.0023225349302245,1.9270007837224503,1.7735353656371375,8.053656738697956,1.7931812037607016,8.067380785078225,8.137497939973775,1.8490735968950986,8.204408791390954,2.00378830426536,2.0817059507588387,8.239094344260996,1.8323007067030093,8.134424248677231,1.7886353037400582,8.110178515474022,8.074155774808503,1.831885554789997,1.9335825378028015,2.042170438799049,2.039044233293362,1.9683513382067743,8.192072677426532,1.8604798871525297,1.8713256268217267,8.177409177861843,8.246242782491224,1.9603803851087758,1.928658215336121,2.0564499272918098,2.0176744101436292,1.9712079310627826,2.0073205619811514,2.0409368881627423,2.0462086428975,-4.307075740402967,2.0132962540014465,2.043829339079941,8.339132636066662,2.0373021750051725,8.332431334872132,1.9854211060065157,1.98751380504377,2.0587284512747637,2.122608269399835,2.073192469466791,2.1042907066569194,2.072567302024639,2.013648103869143,2.090153344558965,2.167910343244973,2.0985672122492636,2.078610472507488,1.9289723926411995,2.0674507345366098,2.0832410124268095,2.0722891866906834,2.0494792470256153,1.9771717774639583,2.097995437682664,2.1568490947364407,2.148082076347564,2.0181454795589424,1.929800148748928,1.9786243774301004,2.086938507071449,2.083374555028699,-4.241558451576187,2.067733191550409,2.0946399576508266,2.1343368366834112,2.052419353204221,1.9835474407316351,1.9096047610965903,1.895866030465717,2.0316935697020626,2.05980525800332,8.319084201713956,8.332862730436673
3.179999999999761,0.994930894563807,1.9797584648990483,8.345484372753493,2.0534381412178035,2.0425387535473805,1.9905800036861738,1.8770886831872409,1.8909506267787686,2.0177134601095434,8.311201662836204,1.9745572936257243,2.0219950607948696,1.9794635846685689,1.9806351654021277,1.9485925985899,1.786894110264241,8.02284187864164,1.7963294558703686,8.123113999054732,8.199231136785246,1.8744646757106278,1.8942757440874423,2.041926911074748,2.002474732965413,1.9271520902473467,1.7737170919357774,8.053887771458172,1.7934620648497328,8.067693103445585,8.137811245258655,1.8493569263635694,8.20464261850625,2.003906787204784,2.0817940205929775,8.239182419670094,1.8324193884383704,8.134591876570653,1.7888520127378549,8.110425440915332,8.074403057391192,1.8321025752143794,1.9337502555189452,2.042158583092398,2.0390030673233657,1.9683114167915825,8.192064220939399,1.860521205296461,1.8714153599358039,8.177527696457764,8.246359629457315,1.9604663379776552,1.9286953214731417,2.0562924152960167,2.017488186928882,1.9710239871417088,2.0071688830149585,2.040835148961419,2.0461558279263277,-4.307099340820163,2.0132703447148614,2.0437707996171928,8.33902376313017,2.03703937275491,8.332139653373725,1.9851323645553132,1.9872586569743649,2.058524920266494,2.122454469004352,2.0730676437116187,2.1041629447664625,2.0724058778547523,2.013435007771847,2.0898656206338764,2.1675928400368427,2.098252519335416,2.078330075990096,1.9287449906623826,2.0672744161306382,2.0830944098632855,2.0721397034654148,2.049295411153287,1.9769351132430892,2.0977728366392685,2.1565955312004044,2.1478304164521362,2.0179281803185023,1.9296362108395078,1.9785123558613185,2.0868573839013136,2.0832913558755557,-4.241675818120615,2.067562648051014,2.0945474205034063,2.1342123821764503,2.052295836454651,1.983456970583574,1.909567267078115,1.8958809130994119,2.0317403502227336,2.0598511139549545,8.319096834473303,8.332822570438516
3.1899999999997597,0.9949432628030298,1.979758177114599,8.34553504549301,2.053458030809214,2.042558146151108,1.9906294519224823,1.8771879746396534,1.8910995703647606,2.017893202554782,8.311381843089093,1.9747071450244507,2.0220953399867505,1.979615267358581,1.9807561383288002,1.9487127363915067,1.7870441455933377,8.023039953272646,1.796576179544003,8.123391629146294,8.199509508290776,1.8747137214043634,1.8944765276283602,2.0421023196953243,2.002620154087236,1.9272967439405397,1.7738909358916513,8.054108842495808,1.7937308095234614,8.067991891716236,8.138110891163432,1.8496278066801286,8.204866084626934,2.0040199510185874,2.081878093792565,8.239266548055857,1.8325328738186344,8.134752261834928,1.789059395824535,8.110661726954511,8.074639633738146,1.8323101233849857,1.9339105635509828,2.0421471822539488,2.038963587501162,1.9682731228842743,8.192056059651625,1.8605607169397242,1.871501247571378,8.177641161731753,8.246471500604457,1.9605486214946504,1.9287308182560727,2.0561418265561686,2.0173100684247895,1.9708479915484882,2.0070237237307764,2.040737773009496,2.046105299195543,-4.307121858958216,2.013245675250758,2.043714945229661,8.338919749370762,2.036788183036119,8.331860779211308,1.9848562139928063,1.987014557124719,2.058330148885476,2.1223072766423097,2.0729482270959383,2.1040408078168555,2.0722516240197693,2.0132313729829905,2.089590639374439,2.1672893458224323,2.097951627317305,2.078061879183456,1.9285273913801457,2.067105641065371,2.0829540876208252,2.071996711189928,2.049119669305263,1.9767089319107398,2.0975601100465058,2.15635320619982,2.147589862155577,2.017720392797639,1.9294793544636637,1.9784050807777827,2.086779646627318,2.0832116829199894,-4.241788074416896,2.06739963660288,2.094458996499262,2.13409348893445,2.0521778436415263,1.9833705339441945,1.9095314124987228,1.895895065001469,2.0317849529731444,2.0598948282737224,8.319108823489792,8.332784152619361
3.1999999999997586,0.9949550655195487,1.9797579021178209,8.345583472014207,2.0534770887224734,2.0425767812371203,1.9906768444870637,1.8772830035596488,1.8912420215610322,2.0180650367688906,8.311554043575864,1.9748503268617517,2.0221911445200726,1.9797602074306004,1.9808717751624914,1.9488276548281156,1.7871877210309621,8.023229494595755,1.7968122203869197,8.123657161116649,8.199775668081148,1.874951770820628,1.8946683982394374,2.0422699122790027,2.002759105196074,1.927435039002024,1.7740572368118184,8.054320375397786,1.7939879534298249,8.068277730577769,8.138397471426911,1.8498867873347786,8.205079654544521,2.004128040366552,2.0819583578653487,8.239346910509164,1.8326413909151926,8.134905713891836,1.789257848040054,8.110887825350273,8.074865962929627,1.8325086121240917,1.9340637925810809,2.0421362221387054,2.0389257302052797,1.9682363958229951,8.192048187416173,1.8605985013622004,1.8715834513943206,8.177749783754539,8.246578602237202,1.9606273886808046,1.928764775180767,2.055997855553517,2.0171397038411722,1.9706796052329252,2.006884809076683,2.040644577161485,2.046056958965901,-4.307143346265146,2.0132221824152903,2.0436616479713687,8.338820374107664,2.036548087845617,8.331594148008103,1.984592106982981,1.986781031943638,2.0581437663144198,2.122166413541087,2.0728339873859034,2.103924046637532,2.0721042174975004,2.013036773626533,2.089327829702609,2.1669992372596965,2.0976639292966746,2.077805353914494,1.9283191782295739,2.0669440937017525,2.082819782126749,2.0718599298205955,2.04895166270892,1.9764927635009881,2.0973568138434073,2.1561216151864633,2.147359919016988,2.017521700088259,1.9293292772371216,1.9783023573974619,2.086705160735043,2.083135391270979,-4.241895442310093,2.067243821212377,2.09437449979177,2.133979903321863,2.0520651224730946,1.983287947578192,1.9094971254066764,1.8959085246391627,2.031827484134815,2.0599365059408856,8.319120204414853,8.332747401696022
3.2099999999997575,0.9949663295562313,1.9797576393343734,8.345629752956155,2.0534953479042084,2.0425946840319424,1.9907222619723495,1.8773739493251724,1.8913782622131703,2.0182293123936335,8.31171862157144,1.974987140535748,2.022282677524065,1.9798987090871711,1.9809823131788626,1.9489375792106582,1.7873251103794128,8.023410864676695,1.7970380362858496,8.12391112017098,8.20003015330311,1.8751793137436015,1.8948517569760093,2.0424300431946074,2.002891878862034,1.927567256478053,1.7742163196196503,8.054522776256555,1.7942339908879767,8.06855117627117,8.13867155413364,1.8501343933503882,8.205283771717953,2.004231288168647,2.0820349910185816,8.2394236794622,1.8327451577419698,8.135052529249466,1.7894477482425657,8.111104169263404,8.075082484748462,1.8326984363154648,1.934210258252788,2.042125688716911,2.0388894337169297,1.9682011766817724,8.192040597757922,1.8606346343390194,1.8716621265494207,8.17785376433993,8.246681132598617,1.96070278649327,1.9287972587686864,2.055860210355794,2.0169767574040964,1.970518503223553,2.006751875148089,2.0405553856078273,2.0460107135689376,-4.30716385159465,2.0131998065378403,2.043610786382317,8.338725427001034,2.036318592701009,8.331339220430884,1.9843395198346094,1.9865576277534256,2.057965416891525,2.1220316122382186,2.0727247021299204,2.103812423222572,2.0719633501959978,2.0128508034839965,2.089076646706341,2.1667219191902105,2.0973888452062357,2.0775599946494996,1.9281199518245404,2.066789470988374,2.08269124039256,2.0717290912390385,2.0487910486974235,1.9762861595938381,2.0971625244527092,2.155900276811842,2.147140114981403,2.0173317036039156,1.9291856893838455,1.9782039983749413,2.0866337964470327,2.083062341589671,-4.241998134071566,2.06709488115877,2.0942937531884644,2.1338713837037537,2.05195743262109,1.9832090368597686,1.9094643370311135,1.8959213282563978,2.031868044326129,2.059976246391648,8.319131010710617,8.332712245612871
3.2199999999997564,0.9949770804012706,1.9797573882160486,8.345673984357486,2.053512840160222,2.0426118793406394,1.9907657822481073,1.8774609840796328,1.8915085620312135,2.0183863634679073,8.311875918025198,1.975117873437354,2.022370132612946,1.9800310624270354,1.9810879789400493,1.9490427252459908,1.787456576210318,8.023584410701353,1.7972540659065483,8.124154008886322,8.200273477352365,1.8753968177772833,1.8950269863876876,2.0425830502324382,2.0030187540295943,1.9276936648614489,1.7743684954454197,8.054716434347046,1.7944693957158984,8.068812761578055,8.138933682808963,1.8503711263903995,8.205478859293072,2.0043299162074852,2.0821081626599875,8.239497019130784,1.8328443827029237,8.135192992014167,1.789629459721931,8.111311173970245,8.075289620457012,1.832879973679182,1.9343502618783222,2.042115568112292,2.038854638212379,1.9681674082738243,8.19203328394007,1.8606691882976696,1.871737421898608,8.177953297326132,8.24677928214074,1.9607749560371959,1.9288283326918536,2.0557286120041627,2.01682090772751,1.9703643740770906,2.0066246687770986,2.040470029612918,2.0459664732470055,-4.3071834213486415,2.0131784912525266,2.0435622451294386,8.338634707541347,2.0360992255379133,8.331095481063945,1.98409795149291,1.9863439099535187,2.0577947595395587,2.1219026161627212,2.0726201582631467,2.103705710220053,2.07182872823253,2.012673075046823,2.0888365703925076,2.1664568233268167,2.0971258206112773,2.0773253175436355,1.9279293292955277,2.0666414820147883,2.0825682196313005,2.0716039387579763,2.048637499969809,1.976088692287644,2.0969768377925777,2.1556887318140343,2.1469299993345845,2.017150022270482,1.9290483132368135,1.9781098235678007,2.086565428612614,2.0829923999129694,-4.242096352807187,2.0669525102758732,2.0942165877264136,2.1337676998420156,2.0518545451171653,1.9831336353447035,1.9094329816394497,1.8959335100162427,2.031906728923273,2.06001414383885,8.319141273799305,8.332678615405701
3.2299999999997553,0.9949873422629016,1.9797571482395768,8.345716257874436,2.0535295961794104,2.0426283915068555,1.99080748051201,1.877544272995931,1.891633179103518,2.018536509136219,8.312026258334793,1.9752427996338582,2.022453694356289,1.9801575441307098,1.9811889887922414,1.9491432994359872,1.7875823702926275,8.023750465544923,1.7974607294651712,8.124386308171482,8.200506130934524,1.8756047293810971,1.89519445141094,2.042729255422025,2.0031399966847885,1.9278145206634942,1.7745140621943056,8.05490172278158,1.7946946220308952,8.069062996771851,8.13918437746851,1.8505974658148294,8.205665321070036,2.004424135696889,2.08217803386883,8.239567085931931,1.8329392650193053,8.1353273743847,1.7898033307945544,8.111509237553665,8.075487773545932,1.8330535855133998,1.9344840911107004,2.042105846634961,2.038821285749227,1.9681350351479228,8.192026239023136,1.8607022324678746,1.8718094802528185,8.178048568851656,8.246873233790216,1.9608440327728778,1.928858057892769,2.0556027939285597,2.0166718472098983,1.970216919346307,2.006502947133111,2.040388347259434,2.045924151998729,-4.307202099611115,2.0131581832947116,2.0435159146696074,8.33854802456603,2.03588953566175,8.330862437334948,1.9838669225730214,1.9861394622525845,2.057631467211915,2.1217791792281866,2.072520151726507,2.103603690445573,2.071700071249808,2.0125032186176406,2.0886071045032324,2.166203407005583,2.096874325565842,2.077100859528566,1.927746943648754,2.0664998475755114,2.0824504868848277,2.07148422664635,2.0484907038864217,1.9758999532237813,2.096799368339624,2.1554865419618143,2.1467291417092844,2.0169762917529326,1.9289168827562035,1.9780196598054791,2.0864999365943553,2.0829254374792225,-4.242190292848577,2.0668164162695075,2.0941428422702204,2.133668632324882,2.0517562417826563,1.983061584365538,1.9094029964013413,1.895945102133445,2.0319436283605983,2.0600502875755917,8.319151023201544,8.332646445071145
3.239999999999754,0.9949971381395244,1.9797569189054847,8.3457566609879,2.053545645558864,2.042644244379566,1.9908474293437883,1.8776239745333945,1.89175236038962,2.018680054323976,8.312169953080987,1.9753621805164439,2.022533538724114,1.980278418110153,1.9812855493389863,1.9492394994609064,1.7877027340072067,8.023909348323095,1.7976584294718592,8.124608478187602,8.200728583077748,1.8758034748544872,1.8953545002154193,2.0428689658061985,2.0032558604871324,1.92793006895883,1.774653305092527,8.055078999143017,1.7949101050233713,8.069302370533828,8.139424135623928,1.8508138696871097,8.205843542421668,2.0045141478186634,2.0822447578390446,8.23963402887818,1.8330299951376205,8.135455937128869,1.7899696953796453,8.111698741571677,8.075677330455477,1.833219617404441,1.9346120205826047,2.042096510809524,2.0387893202473952,1.9681040035786899,8.19201945591723,1.860733833024601,1.8718784385974288,8.178139757625443,8.246963163208793,1.9609101467179977,1.928886492699469,2.055482501390082,2.016529281455092,1.9700758530659868,2.0063864773347606,2.040310183199155,2.0458836674297602,-4.307219928273869,2.0131388323114074,2.0434716909332042,8.338465195801735,2.0356890927511637,8.330639618490132,1.9836459744336674,1.9859438859283947,2.0574752263556353,2.121661065437695,2.072424487099813,2.1035061564187476,2.0715771117673625,2.0123408814576544,2.0883877753921034,2.1659611519986575,2.0966338535208875,2.0768861774368603,1.9275724431463295,2.066364299745005,2.0823378186611667,2.0713697196730765,2.0483503617979353,1.9757195526606615,2.096629748240257,2.1552932890527967,2.1465371311402115,2.016810163716585,1.9287911430646032,1.9779333406611654,2.0864372041519976,2.0828613305563763,-4.2422801401280354,2.0666863200688117,2.0940723631312936,2.133573972027659,2.051662314689624,1.9829927326484882,1.9093743212588914,1.8959561349976801,2.031978828411843,2.060084762258282,8.31916028666437,8.33261567144142
3.249999999999753,0.9950064898855521,1.9797566997370024,8.345795277200146,2.0535610168299234,2.042659461285834,1.9908856987623347,1.877700240687545,1.8918663421928903,2.01881729038122,8.312307298725639,1.975476265413768,2.022609833508207,1.980393936124612,1.9813778578915058,1.9493315145475842,1.787817898748181,8.024061364925513,1.7978475514472476,8.124820959230776,8.200941282099299,1.8759934612732572,1.895507465006696,2.043002474174056,2.003366587368343,1.9280405439047172,1.7747864972123157,8.055248606096534,1.7951162617043366,8.069531350834987,8.13965343324655,1.8510207757341712,8.206013891165393,2.00460014422956,2.082308480296294,8.239697989950125,1.8331167551191858,8.135578930043154,1.7901288735570808,8.111880051704064,8.07585866127011,1.8333783999065243,1.9347343125137655,2.0420875473988698,2.038758687465547,1.9680742615516333,8.192012927428278,1.860764053224514,1.8719444283112143,8.178227035190915,8.247049239048254,1.9609734226448123,1.9289136929359152,2.055367490949086,2.0163929287163573,1.9699409012566478,2.006275036073241,2.0402353884103936,2.04584494060874,-4.307236947154688,2.013120390684535,2.0434294750268664,8.338386047430776,2.0354974859103407,8.330426574616553,1.9834346682894406,1.985756799114778,2.0573257363912627,2.1215480485005354,2.072332977248608,2.1034129099215373,2.0714595945660967,2.0121857269775894,2.088178130956946,2.1657295633848097,2.0964039202819955,2.0766808471618203,1.9274054907071327,2.0662345814638314,2.0822300005820003,2.0712601926687952,2.048216188406238,1.9755471185943558,2.096467626467605,2.15510857396255,2.1463535751651306,2.0166513051212527,1.9286708499988374,1.9778507062271744,2.0863771193245833,2.082799960272935,-4.242366072537813,2.066561955209571,2.0940050037071454,2.1334835196027733,2.05157256565125,1.9829269359507982,1.9093468988028006,1.8959666372882233,2.0320124104535537,2.0601176481715333,8.319169090279793,8.332586234064198
3.259999999999752,0.9950154182732683,1.979756490279021,8.345832186221672,2.053575737484961,2.0426740650089203,1.9909223562851723,1.8777732172326809,1.8919753506137418,2.0189484956963777,8.31243857827487,1.9755852921735764,2.022682738721113,1.9805043383645924,1.9814661028972231,1.9494195258229827,1.787928086311197,8.024206808531702,1.7980284646126075,8.125024172578236,8.201144656528257,1.876175077380213,1.89565366278788,2.0431300597552413,2.003472408099781,1.9281461692359334,1.774913899976425,8.055410871980405,1.7953134916271403,8.069750385784806,8.139872725690696,1.8512186022620585,8.206176718391394,2.0046823075402562,2.0823693398906333,8.239759104448485,1.8331997190121363,8.135696592395657,1.7902811721070695,8.112053518377275,8.076032120387111,1.8335302491923997,1.9348512172885384,2.0420789434240985,2.0387293349736004,1.9680457587436275,8.192006646298793,1.8607929535361938,1.8720075753788163,8.178310566183736,8.247131623199621,1.9610339802721892,1.9289397120278737,2.05525752995778,2.0162625193629307,1.969811801445663,2.0061684092470045,2.040163819962135,2.045807895928359,-4.307253194108434,2.0131028133661073,2.043389172954115,8.338310413680315,2.0353143227676145,8.33022287570909,1.983232584360193,1.9855778361149328,2.0571827092093806,2.1214399114607065,2.072245442984323,2.1033237615773226,2.071347276104169,2.0120374339697373,2.0879777396260204,2.1655081684746302,2.096184063014314,2.0764844628514396,1.92724576332804,2.066110446136144,2.0821268270403555,2.071155430104991,2.0480879111555907,1.9753822959232699,2.096312668021435,2.1549320157418195,2.1461780989696413,2.0164993975467986,1.9285557696780067,1.9777716028942007,2.08631957431146,2.0827412124519884,-4.242448260274343,2.066443067247851,2.0939406241395293,2.133397084997341,2.051486805739814,1.9828640567173172,1.9093206741541764,1.8959766360806873,2.032044451711959,2.0601490214761666,8.319177458594657,8.332558075087444
3.269999999999751,0.9950239430509701,1.9797562900970955,8.345867464148832,2.053589834004695,2.042688077771165,1.9909574669897898,1.8778430439572666,1.8920796019841402,2.0190739362814636,8.312564061909274,1.9756894877142035,2.0227524069740914,1.9806098540057697,1.9815504643476385,1.94950370665362,1.7880335092688067,8.02434596010978,1.7982015225543566,8.125218521299475,8.201339115986391,1.8763486944325203,1.895793396082443,2.043251988877795,2.003573542830411,1.928247158736514,1.775035763642855,8.05556611137622,1.7955021775839572,8.069959904447767,8.140082448578205,1.8514077490292327,8.206332359249336,2.0047608117680764,2.0824274685663715,8.239817501326947,1.8332790532066918,8.135809153352863,1.790426885031877,8.112219477368019,8.076198047159977,1.8336754676761056,1.9349629740052523,2.042070686180998,2.038701212121929,1.968018446499493,8.192000605243678,1.8608205917644187,1.8720680005967387,8.178390508583064,8.247210471036357,1.9610919344524251,1.9289646011044668,2.055152396076121,2.0161377953681723,1.9696883022053848,2.0060663916077885,2.0400953407849247,2.0457724609713877,-4.3072687051315794,2.0130860577244474,2.0433506953526934,8.33823813643299,2.0351392286179264,8.330028110780088,1.9830393210560564,1.985406646740369,2.057045868683637,2.121336446337088,2.072161712737356,2.1032385304497083,2.071239923962461,2.011895695878832,2.087786189394758,2.1652965157875377,2.0959738392925065,2.076296636135233,1.9270929515251278,2.0659916572385635,2.0820281008684742,2.071055225689887,2.047965269652532,1.9752247456544614,2.096164553168641,2.1547632507591916,2.1460103445733534,2.01635413654869,1.9284456780873065,1.977695883134779,2.0862644653527096,2.0826849774485527,-4.242526866168027,2.0663294132023187,2.0938790909903275,2.133314486996609,2.051404854830577,1.9828039637551864,1.9092955948517387,1.8959861569464145,2.032075025494428,2.0601789544415317,8.319185414712479,8.332531139148967
3.27999999999975,0.9950320829976386,1.9797560987764948,8.345901183632666,2.0536033318858844,2.0427015212211117,1.990991093576377,1.8779098548921587,1.8921793032841339,2.019193866330149,8.31268400758303,1.9757890685476844,2.022818983835292,1.98071070173455,1.9816311141666192,1.9495842229713918,1.7881343713331908,8.024479088898204,1.798367063863657,8.125404391033708,8.20152505202917,1.8765146670080592,1.8959269536204253,2.0433685155916743,2.0036702015969716,1.9283437166894817,1.7751523277704777,8.055714625658986,1.7956826862775843,8.070160317628702,8.140283018645784,1.8515885980796114,8.206481133695942,2.004835822765036,2.082482991910605,8.23987330350699,1.8333549167744556,8.135916832390624,1.7905662940599085,8.112378250385948,8.076356766517373,1.8338143446090187,1.9350698109988154,2.0420627632534165,2.038674270007755,1.9679922778052448,8.191994796981652,1.8608470231687853,1.8721258197729052,8.178467013956217,8.24728593165142,1.9611473953527978,1.9289884090955538,2.0550518768099137,2.016018509818547,1.969570162707879,2.0059687864178755,2.0400298194485282,2.0457385663815617,-4.307283514460558,2.013070083400648,2.04331395724749,8.338169064857752,2.0349718456068517,8.329841887009632,1.9828544941966808,1.9852428956747514,2.0569149502000066,2.121237453775188,2.0720816222426657,2.1031570436600853,2.0711373163180093,2.011760220109617,2.087603086910248,2.1650941740779177,2.095772826193633,2.076116995382706,1.9269467587944307,2.0658779879404943,2.0819336330158227,2.07095938198052,2.047848015113095,1.9750741441493438,2.0960229767220495,2.1546019318866723,2.145849970055304,2.0162152310421773,1.9283403606772085,1.9776234052912252,2.0862116926095333,2.0826311499904073,-4.242602045999167,2.066220761023733,2.0938202769341654,2.1332355527917026,2.051326541170036,1.9827465319255684,1.9092716107441552,1.895995224045065,2.0321042014065838,2.0602075156632385,8.3191929803879,8.332505373270568
3.2899999999997487,0.9950398559743762,1.9797559159212934,8.345933414039436,2.053616255669223,2.0427144164243787,1.991023296431562,1.8779737785317168,1.8922746525411034,2.0193085287500057,8.312798661593476,1.9758842412760909,2.0228826081692777,1.9808070902468742,1.981708216580113,1.9496612335862735,1.7882308677064618,8.024606452870941,1.7985254127518453,8.125582150734935,8.201702838948792,1.8766733337729058,1.8960546109900596,2.0434798822599376,2.003762584807925,1.9284360383056467,1.7752638216662089,8.0558567035276,1.7958553689691346,8.070352018627872,8.140474834556622,1.8517615145372863,8.206623347205563,2.0049074986227127,2.082536029481797,8.239926628175718,1.8334274617924853,8.136019839689792,1.7906996691324626,8.112530145635857,8.076508589558353,1.8339471566503178,1.9351719463379782,2.0420551625238947,2.038648461439239,1.9679672072585386,8.191989214262634,1.860872300576943,1.8721811439198415,8.178540227696622,8.247358148088066,1.9612004686318403,1.929011182825106,2.0549557690700535,2.0159044264426442,1.969457152295855,2.0058754051184784,2.039967129946346,2.0457061457392007,-4.3072976546643815,2.0130548521745224,2.0432788778180306,8.338103055059749,2.034811831954019,8.329663828934521,1.98267773626332,1.9850862618619,2.056789700202033,2.121142742710304,2.072005014237498,2.103079136023022,2.071039241443854,2.0116307273690937,2.0874280566009333,2.164900731407856,2.0955806194309576,2.075945184992263,1.9268069010918194,2.065769220735856,2.0818432422371833,2.0708677100104045,2.047735909835986,1.9749301824066539,2.0958876473554087,2.1544477277258482,2.145696648816574,2.0160824027138307,1.9282396119775678,1.9775540333682824,2.0861611600450267,2.082579629022572,-4.242673948800603,2.066116889090172,2.093764060466798,2.1331601175702595,2.0512517009670863,1.982691641851441,1.9092486738872736,1.8960038602109084,2.032132045556049,2.0602347702673125,8.31920017611433,8.332480726756545
3.2999999999997476,0.995047278972817,1.9797557411535045,8.345964221603285,2.0536286289673367,2.0427267838578667,1.9910541336927856,1.8780349380478691,1.8923658392124036,2.0194181556701847,8.312908259122834,1.9759752030626063,2.0229434124589964,1.9808992187217611,1.9817819284682363,1.9497348904863894,1.7883231854188015,8.024728299186359,1.7986768796424157,8.125752153385935,8.201872834540954,1.876825018211963,1.8961766312567192,2.04358632011942,2.0038508837026714,1.9285243101324974,1.7753704648143815,8.055992621516111,1.796020562102218,8.070535383966801,8.14065827767776,1.8519268473647557,8.206759291445666,2.004975990055332,2.0825866951196548,8.239977587067761,1.8334968336528286,8.136118376516988,1.7908272688735125,8.112675458359876,8.07665381412463,1.8340741684129396,1.9352695882985738,2.0420478721818345,2.0386237408976613,1.9679431910367666,8.191983849891548,1.8608964744926875,1.872234079441555,8.178610289255,8.247427257564317,1.9612512556103405,1.929032967100719,2.054863878751888,2.0157953191595053,1.9693490500693658,2.005786067009095,2.039907151486555,2.0456751354414306,-4.307311156731875,2.013040327839349,2.0432453801795822,8.338039969748188,2.034658861213881,8.329493577674107,1.9825086956824425,1.984936437917218,2.0566698757517323,2.121052130041934,2.0719317381708473,2.103004649698629,2.070945497233882,2.0115069510415524,2.087260739849072,2.164715794264082,2.0953968325267756,2.075780864709405,1.9266731063315463,2.0656651470861602,2.0817567547907037,2.0707800289322367,2.047628726700425,1.9747925653806853,2.095758286952585,2.154300321872409,2.145550068878191,2.015955385459174,1.928143235226225,1.9774876368306527,2.0861127753057453,2.0825303175555647,-4.24274271714757,2.066017585726651,2.0937103256283636,2.133088024128582,2.0511801780057626,1.9826391796405323,1.9092267384460175,1.896012087033277,2.0321586207437474,2.0602607801017223,8.319207021205308,8.332457151096436
3.3099999999997465,0.9950543681607147,1.9797555741122557,8.345993669571488,2.0536404744927323,2.042738643406884,1.991083661313001,1.8780934514972156,1.8924530445520513,2.019522968925692,8.31301302475348,1.9760621420787496,2.0230015231111764,1.9809872772709916,1.981852399700632,1.9498053391259107,1.7884115036546981,8.024844864620237,1.7988217617402897,8.125914736682398,8.202035380837094,1.8769700293246316,1.8962932655509859,2.0436880498126477,2.003935280787413,1.928608710444158,1.7754724672889468,8.056122644486365,1.7961785879042267,8.07071077408579,8.14083371282458,1.8520849300864215,8.206889244919191,2.0050414407623567,2.0826350972375107,8.240026286732174,1.8335631713581935,8.13621263559089,1.7909493410428794,8.112814471360114,8.076792725350591,1.8341956329860571,1.9353629358139812,2.0420408807294956,2.0386000644980906,1.9679201868632252,8.191978696748903,1.8609195931991616,1.8722847283141966,8.178677332363787,8.24749339169102,1.9612998534370865,1.929053804799425,2.054776020333778,2.0156909716455007,1.9692456444878499,2.0057005989376533,2.039849768289913,2.0456454745868786,-4.307324050153882,2.0130264760848036,2.0432133911769808,8.33797967792118,2.034512621571924,8.329330790191296,1.982347036139596,1.9847931295618106,2.0565552441058643,2.120965440319243,2.0718616499242644,2.102933433861062,2.0708558907512926,2.0113886365946203,2.087100794203695,2.1645389867168756,2.095221096022473,2.0756237089730893,1.9265451139029943,2.065565567074864,2.081674004145805,2.0706961656750766,2.0475262486874457,1.9746610113329128,2.0956346299890853,2.154159412216965,2.1454099322125177,2.0158339248452646,1.928051042011673,1.9774240904055504,2.0860664496043877,2.0824831225175187,-4.242808487435327,2.0659226487478652,2.0936589617406907,2.133019122504065,2.051111823278272,1.982589036622527,1.9092057606007218,1.8960199249316128,2.032183986643586,2.060285603916135,8.319213533870052,8.332434599871819
3.3199999999997454,0.9950611389248866,1.9797554144529996,8.346021818342587,2.053651814085623,2.042750014364849,1.9911119331254148,1.8781494320212768,1.8925364419620883,2.0196231805194085,8.31311317295819,1.9761452379290785,2.023057060746115,1.9810714473662467,1.9819197734559442,1.9498727187012417,1.788495994067566,8.024956375983244,1.7989603435790928,8.126070223688375,8.202190804803683,1.8771086622873197,1.896404753627517,2.0437852818925974,2.0040159502489625,1.9286894096133302,1.7755700301491204,8.056247026102426,1.7963297549653492,8.070878534014055,8.141001488973766,1.8522360814790026,8.207013473575499,2.0051039877718075,2.0826813390982952,8.240072828785216,1.8336266078043917,8.136302801434553,1.791066122973178,8.112947455502276,8.07692559619186,1.8343117924350771,1.9354521789039798,2.042034176986066,2.0385773899488653,1.9678981539717253,8.191973747808467,1.8609417028573898,1.8723331882606151,8.178741485254779,8.247556676683551,1.9613463552494044,1.9290737369499429,2.054692016493924,2.015591176919064,1.9691467329870842,2.0056188350012776,2.0397948693941474,2.045617104864719,-4.3073363630007675,2.013013264387464,2.043182841190369,8.337922054566594,2.0343728151744895,8.329175138587038,1.9821924359222949,1.9846560550785723,2.0564455823072127,2.12088250543738,2.0717946115436434,2.1028653443823786,2.0707702377994286,2.011275541014655,2.0869478926319136,2.164369949618811,2.0950530567240855,2.0754734062891655,1.926422674205148,2.0654702890728505,2.081594830700787,2.070615954615476,2.0474282684234946,1.9745352512152397,2.095516422944178,2.1540247102802117,2.145275954106411,2.0157177775970845,1.9279628519293543,1.977363273890387,2.0860220976038986,2.0824379546102234,-4.242871390145035,2.0658318850228645,2.093609863157845,2.1329532696267144,2.051046494637163,1.9825411090997438,1.9091856984577054,1.896027393225497,2.0322081999713117,2.0603092975307162,8.319219731283672,8.33241302866696
3.3299999999997443,0.995067605911693,1.9797552618467626,8.346048725597907,2.0536626687415334,2.0427609154352506,1.9911390009080283,1.8782029880399878,1.8926161973292286,2.0197189930629094,8.313208908566656,1.9762246620546122,2.0231101404727143,1.9811519022449362,1.981984186526211,1.9499371624159303,1.7885768210830228,8.025063050523285,1.799092897547144,8.12621892346419,8.20233941901007,1.8772411990844744,1.8965113243962894,2.0438782173018346,2.0040930583477246,1.9287665704660828,1.775663345819069,8.056366009287375,1.7964743587959315,8.071038994013406,8.141161939946016,1.8523806062304393,8.207132231391546,2.0051637617654325,2.0827255190751295,8.240117310149815,1.8336872700501536,8.136389050714117,1.7911778419909465,8.113074670200737,8.077052687933037,1.8344228782801058,1.9355374990831098,2.0420277500900252,2.038555676510196,1.9678770530699645,8.191968996152353,1.8609628476003648,1.872379552918912,8.178802870870042,8.247617233567084,1.9613908503285367,1.9290928028115035,2.054611697744613,2.0154957369425963,1.9690521216106038,2.005540616257453,2.039742348464852,2.0455899704479332,-4.307348121995515,2.0130006619083627,2.0431536639520704,8.337866980378028,2.0342391574905,8.329026309426743,1.9820445872907508,1.9845249447895217,2.05634067679053,2.1208031643444083,2.0717304909816,2.102800243531011,2.070688362513762,2.0111674322699167,2.0868017228065643,2.164208339841324,2.094892376981727,2.075329658629827,1.926305548198312,2.0653791294149166,2.081519081509969,2.070539237262035,2.0473345877452434,1.9744150280832051,2.0954034237419346,2.1538959405806053,2.1451478625545466,2.015606711106683,1.9278784922511665,1.97730507196565,2.085979637303244,2.082394728169144,-4.242931550098356,2.0657451100605235,2.093562929029206,2.132890328988669,2.050984056465518,1.9824952981105193,1.9091665119638819,1.896034510200036,2.0322313146432736,2.0603319139947134,8.31922562965245,8.332392394983254
3.339999999999743,0.995073783065198,1.979755115979429,8.346074446426705,2.053673058638602,2.042771364735563,1.9911649144477628,1.87825422343858,1.8926924693473757,2.0198106001970886,8.313300427209528,1.9763005781161367,2.0231608721496093,1.981228807295875,1.982045769606929,1.9499987977347282,1.788654142191126,8.025165096313133,1.7992196843928698,8.126361131667972,8.202481522266368,1.877367909109731,1.8966131964277058,2.043967047827434,2.004166763790986,1.9288403486203274,1.7757525984522287,8.056479826662917,1.7966126823628246,8.071192470196406,8.141315385059784,1.8525187955687776,8.20724576092491,2.005220887386803,2.082767730897488,8.240159823282553,1.8337452795748956,8.136471552564428,1.7912847158223497,8.113196363885557,8.077174250675402,1.834529111953795,1.9356190697495756,2.0420215895000124,2.0385348849521447,1.9678568463019679,8.191964434983774,1.8609830696228922,1.8724239120051154,8.178861607066148,8.247675178375525,1.9614334242499307,1.9291110399493885,2.0545349020830592,2.0154044622408693,1.9689616246551673,2.005465790445363,2.0396921036127673,2.045564017890662,-4.307359352582698,2.0129886393970873,2.0431257963738925,8.337814341485092,2.034111376703477,8.32888400309715,1.9819031958753082,1.9843995405536796,2.0562403230027915,2.1207272627586335,2.071669161850088,2.1027379996841518,2.0706100969739167,2.0110640888000324,2.0866619864282887,2.1640538295472163,2.094738734001334,2.075192180858072,1.9261935069725844,2.0652919120870763,2.081446610020196,2.07046586195288,2.0472450172845735,1.9743000965375883,2.0952954012196763,2.15377284003284,2.1450253976813927,2.0155005029640427,1.927797797607751,1.9772493740130317,2.0859389899250647,2.0823533610274323,-4.242989086701279,2.065662147614761,2.0935180630743764,2.132830170330688,2.0509243793641367,1.9824515092045925,1.9091481628252172,1.8960412931669306,2.0322533819257385,2.0603535037355054,8.319231244274524,8.332372658157217
3.349999999999742,0.995079683663174,1.9797549765510571,8.34609903344531,2.053683003164531,2.0427813798028716,1.991189721603982,1.8783032377479665,1.8927654098265785,2.0198981869935593,8.313387915741123,1.9763731423584916,2.0232093606331434,1.9813023204258946,1.9821046475735045,1.9500577466272173,1.7887281082278603,8.02526271262371,1.7993409537103313,8.12649713113177,8.20261740023273,1.8774890497386878,1.8967105784329554,2.0440519565330515,2.0042372180875945,1.928910892808755,1.775837964280817,8.056588700972355,1.7967449966053424,8.071339265119882,8.141462129757166,1.852650927862454,8.20735429384008,2.005275483533306,2.0828080638838293,8.240200456388827,1.8338007525249842,8.13655046890193,1.7913869529838875,8.11331277445202,8.077290523805216,1.8346307052394444,1.9356970565556866,2.0420156849943796,2.038514977512217,1.9678374972098431,8.191960057637717,1.8610024092673916,1.8724663514701076,8.178917806811791,8.247730622344164,1.9614741590285152,1.929128484307316,2.0544614746580727,2.0153171715352802,1.9688750643298205,2.0053942117171832,2.0396440372173434,2.0455391960295173,-4.307370078993586,2.012977169101964,2.0430991783841996,8.337764029197203,2.0339892131323083,8.328747933192217,1.9817679800994854,1.98427959528479,2.0561443250373705,2.1206546528960684,2.0716105031828866,2.1026784870533723,2.070535280834662,2.010965299030378,2.0865283985802567,2.1639061054973046,2.0945918191872366,2.0750607001761816,1.9260863313325998,2.0652084684244914,2.0813772758165086,2.0703956835655717,2.047159376072764,1.9741902221929246,2.0951921346223514,2.1536551573754936,2.144908311190382,2.015398940508699,1.9277206096831478,1.9771960739388175,2.085900079805402,2.082313774383945,-4.243044114177555,2.0655828293084864,2.09347517336927,2.1327726693446523,2.050867339854752,1.9824096522298198,1.9091306144288598,1.896047758521545,2.0322744505754096,2.0603741146987673,8.319236589596388,8.332353779281902
3.359999999999741,0.9950853203510737,1.979754843275228,8.346122536910544,2.0536925209431085,2.042790977600966,1.9912134683712541,1.8783501263187827,1.8928351639889693,2.01998193033774,8.313471552641895,1.9764425039568623,2.023255706012929,1.9813725924084142,1.98216093974477,1.9501141258014028,1.7887988636461702,8.025356090283445,1.7994569444055393,8.126627192413386,8.202747326001342,1.8776048668747236,1.8968036697209432,2.0441331181693663,2.004304565885031,1.928978345186978,1.7759196119510936,8.056692845487433,1.7968715609314592,8.07147966835463,8.141602466203189,1.8527772691933195,8.207458051409416,2.005327663632977,2.082846603161512,8.240239293626889,1.8338537999490248,8.13662595472528,1.7914847531585172,8.113424129693122,8.077401736443337,1.8347278606902024,1.9357716177607627,2.0420100266695926,2.0384959178527815,1.9678189706950902,8.191955857589749,1.8610209051058435,1.8725069536509347,8.1789715783789,8.247783672096059,1.9615131332590512,1.9291451702767919,2.054391267451804,2.015233691393352,1.968792270428137,2.005325740379086,2.039598055756452,2.045515455888726,-4.307380324307618,2.012966224685895,2.0430737527741414,8.337715939760121,2.03387241867934,8.328617825926703,1.9816386706275713,1.9841648724882013,2.0560524952817705,2.120585193207786,2.071554399207613,2.102621585422861,2.070463760974883,2.0108708609100603,2.086400687113855,2.163764868389512,2.0944513375141542,2.0749349555972634,1.9259838113980516,2.0651286368198454,2.0813109443767903,2.0703285632389656,2.0470774911629444,1.9740851811715567,2.095093413121485,2.153542652626322,2.1447963658389515,2.0153018204011865,1.927646776921406,1.9771450700025404,2.085862834285627,2.082275892675243,-4.24309674179222,2.06550699427534,2.093434172142785,2.132717707391175,2.0508128200983724,1.9823696411295995,1.9091138317687715,1.8960539217962578,2.03229456697171,2.0603937924803364,8.319241679265492,8.332335721131672
3.36999999999974,0.9950907051741054,1.9797547158784252,8.346145004827786,2.0537016298602717,2.042800174528686,1.9912361989412135,1.8783949804892235,1.8929018707522103,2.02006199929448,8.31355150840172,1.9765088053460453,2.023300003835663,1.9814397672149324,1.982214760134196,1.950168046927655,1.7888665467768459,8.025445412024093,1.7995678851442296,8.126751574324846,8.20287156065235,1.8777155954692049,1.89689266063302,2.044210699564094,2.004368945289831,1.929042841627583,1.775997702844902,8.056792464399512,1.7969926236948652,8.071613957032234,8.141736673859494,1.8528980739036949,8.2075572449901,2.0053775359070305,2.082883429874777,8.240276415301409,1.833904528022671,8.13669815840411,1.791578307557615,8.113530647715617,8.077508107876808,1.8348207720301666,1.9358429045673853,2.042004604937642,2.0384776710184878,1.9678012329796573,8.191951828463194,1.8610385940180536,1.872545797416637,8.17902302552731,8.247834429822293,1.9615504222516496,1.9291611307635521,2.054324138975867,2.0151538558928666,1.968713080013208,2.005260242641699,2.03955406964212,2.0454927505889855,-4.307390110510492,2.0129557811474648,2.0430494650524604,8.337669974124621,2.033760756304418,8.328493419576127,1.9815150098357592,1.9840551458162423,2.055964654078533,2.120518748126911,2.07150073912692,2.1025671798996544,2.0703953911635757,2.0107805814722552,2.0862785920637386,2.1636298322288035,2.0943170069272616,2.074814697438948,1.9258857462195123,2.0650522624419105,2.0812474868351676,2.070264368106573,2.046999197269931,1.973984759621893,2.0949990353574064,2.153435096563773,2.1446893349381364,2.0152089482134254,1.9275761542447445,1.9770962646508692,2.0858271836067233,2.082239643451571,-4.2431470740655985,2.0654344888183305,2.0933949755834904,2.132665171231478,2.0507607076279015,1.9823313937504146,1.9090977813746932,1.896059797710368,2.0323137752413722,2.06041258045032,8.319246526179208,8.332318448090104
3.3799999999997388,0.9950958496075254,1.9797545940994432,8.346166483053844,2.053710347089668,2.0428089864293497,1.9912579557634014,1.8784378877468284,1.8929656630009595,2.0201385554570632,8.313627945884974,1.9765721825335902,2.023342345317843,1.9815039823303444,1.9822662176894152,1.950219616853381,1.7889312900795538,8.025530852813455,1.7996739947817497,8.126870524438493,8.202990353784969,1.877821460017354,1.8969777329566782,2.0442848599926706,2.00443048817224,1.929104512000765,1.7760723913880176,8.056887753195642,1.7971084226535066,8.071742396369766,8.141865020033565,1.8530135851186547,8.207652076478288,2.0054252036189086,2.0829186213815043,8.240311898047128,1.833953038263427,8.136767221956331,1.7916677992691978,8.113632537340036,8.07760984797303,1.8349096245381555,1.9359110614418287,2.0419994105225787,2.0384602033938495,1.9677842515669326,8.19194796403482,1.8610555112664107,1.8725829583087468,8.179072247683163,8.247882993456177,1.961586098162557,1.9291763972512153,2.0542599539811848,2.015077506300049,1.9686373371149577,2.0051975903797783,2.03951199306214,2.045471035259904,-4.3073994585490425,2.0129458147469395,2.0430262633083465,8.337626037726551,2.033653999523584,8.328374463941937,1.9813967513058472,1.9839501986414287,2.055880629398921,2.1204551878249767,2.0714494169085356,2.10251516067531,2.070330031741997,2.010694276415765,2.0861618650907587,2.1635007237264534,2.09418855776905,2.0746996868383496,1.9257919434090607,2.064979196964103,2.081186779753958,2.0702029710409686,2.0469243364266316,1.9738887532596465,2.0949088090035475,2.153332270233353,2.144587001875528,2.0151201380371973,1.927508602782869,1.977049564356704,2.0857930608060005,2.0822049572567636,-4.243195210978166,2.065365166084516,2.0933575036557777,2.132614952772748,2.050710895094243,1.9822948316589493,1.9090824312442987,1.8960654002167918,2.032332117375836,2.0604305198699717,8.319251142530494,8.332301926080937
3.3899999999997377,0.9951007645852624,1.9797544776888216,8.346187015394989,2.0537186891176713,2.0428174286010674,1.9912787796049944,1.8784789318843726,1.893026667846838,2.020211753280361,8.313701020678295,1.976632765397676,2.0233828175479758,1.9815653690529345,1.982315416520622,1.9502689378087816,1.7889932203843155,8.025612580175371,1.7997754827756873,8.126984279571587,8.203103944024864,1.8779226750309788,1.8970590603193007,2.044355751530645,2.0044893204559493,1.9291634804421787,1.7761438253458,8.056978899019965,1.797219185410208,8.071865240173212,8.141987760404449,1.8531240352447105,8.20774273874163,2.0054707653105965,2.0829522514394356,8.240345815003199,1.8339994277359024,8.13683328131438,1.7917534035928269,8.113729998485276,8.077707157577217,1.834994595414895,1.9359762264194593,2.041994434456316,2.0384434826611217,1.9677679952028166,8.191944258239209,1.8610716905672993,1.8726185086765896,8.179119340111091,8.24792945684151,1.9616202301203134,1.929190999862252,2.0541985831809013,2.0150044907612497,1.9685648924393777,2.005137660900837,2.039471743827422,2.0454502669559007,-4.307408388383139,2.012936302936832,2.043004098081849,8.337584040277733,2.033551931931221,8.328260719840685,1.9812836593405634,1.9838498236468682,2.055800256529027,2.1203943879773886,2.071400331083834,2.102465422798466,2.0702675493211147,2.010611769706675,2.0860502689513387,2.163377281727201,2.0940657322317677,2.074589695287434,1.9257022187852526,2.0649092983027804,2.0811287049039455,2.0701442504088177,2.046852757656196,1.9737969669308815,2.0948225503516698,2.1532339644775758,2.144489159660434,2.0150352121099124,1.927443989613055,1.9770048794634199,2.085760401616332,2.0821717675120404,-4.243241248166683,2.065298885754943,2.093321679924991,2.132566948826226,2.0506632800251516,1.9822598799682545,1.9090677507783844,1.8960707425457803,2.0323496333419064,2.0604476500017865,8.319255539850438,8.332286122501955
3.3999999999997366,0.9951054605269717,1.9797543664083084,8.346206643700352,2.0537266717678424,2.0428255158078152,1.9912987096093313,1.878518193150015,1.893085006877373,2.0202817403988806,8.31377088142194,1.9766906779705251,2.023421503678846,1.9816240527798503,1.9823624561183912,1.9503161076040516,1.7890524591237325,8.025690754497377,1.7998725495818693,8.127093066250346,8.203212559508872,1.8780194454892,1.897136808563007,2.044423519388766,2.0045455623936914,1.9292198656086041,1.7762121461066422,8.057066081020984,1.7973251298359805,8.071982731320391,8.142105139526025,1.8532296464459832,8.207829416031268,2.0055143150269337,2.082984390382466,8.240378235978657,1.8340437892479424,8.136896466580804,1.7918352883616104,8.113823222538189,8.07780022889369,1.8350758541343226,1.9360385313958455,2.041989668073792,2.038427477758606,1.9677524338370178,8.191940705171987,1.861087164159315,1.8726525178075386,8.179164394080388,8.247973909895014,1.9616528843473928,1.9292049674163854,2.0541399029857654,2.014934664007582,1.9684956030892649,2.005080336722471,2.0394332432249294,2.045430404575455,-4.3074169190347575,2.012927224296711,2.0429829222413787,8.3375438955671,2.0334543467444766,8.328151958616106,1.9811755084996174,1.9837538224332367,2.0557233777678907,2.1203362295377324,2.0713533845546084,2.1024178659577792,2.070207816493583,2.01053289319909,2.08594357699197,2.16325925666294,2.0939482838342665,2.074484504187979,1.9256163960319495,2.0648424303650383,2.081073149052754,2.0700880898361027,2.0467843166591813,1.9737092141957642,2.094740083916935,2.1531399794882953,2.1443956104901534,2.014954000456888,1.927382187510618,1.9769621240341941,2.0857291443679618,2.0821400104036356,-4.243285277111937,2.0652355137490774,2.0932874313910586,2.132521060877338,2.050617764596122,1.982226467172481,1.9090537107189587,1.8960758372458717,2.032366361186118,2.0604640082132692,8.319259729047978,8.33227100616164
3.4099999999997355,0.9951099473636159,1.9797542600303482,8.3462254079509,2.0537343102248014,2.042833262291119,1.991317783353171,1.8785557483918685,1.8931407963943667,2.020348657930411,8.313837670125507,1.9767460387081066,2.0234584831103755,1.981680153278811,1.982407431561435,1.9503612198183506,1.7891091225562448,8.025765529326474,1.7999653870343353,8.127197101154207,8.203316418348154,1.8781119672682578,1.897211136101557,2.0444883022316684,2.0045993288294497,1.9292737809220086,1.7762774889536874,8.057149470685117,1.797426464476605,8.072095102224152,8.142217391308694,1.8533306310989128,8.207912284374336,2.0055559425285763,2.083015105287611,8.240409227609627,1.8340862115380554,8.136956902273575,1.7919136142517167,8.113912392708722,8.077889245851638,1.8351535627796947,1.9360981024042827,2.0419851030075993,2.0384121588394732,1.9677375385846854,8.191937299092023,1.8611019628684349,1.8726850520523695,8.179207497025233,8.248016438763068,1.9616841242774419,1.9292183274865238,2.054083795251416,2.0148678870719947,1.9684293322960709,2.00502550535813,2.0393964158760602,2.0454114087835777,-4.307425068634418,2.012918558471977,2.042962690867863,8.337505521271549,2.0333610463688836,8.328047961673079,1.981072083155614,1.9836620051417146,2.055649842137271,2.120280598520657,2.07130848440775,2.1023723942747465,2.070150711559492,2.0104574862739697,2.0858415726675537,2.163146410031654,2.093835976922159,2.074383904425321,1.925534306370553,2.0647784628057497,2.0810200037611,2.0700343779831574,2.046718875515013,1.9736253169319733,2.0946612420618114,2.1530501243802727,2.144306165336347,2.0148763405494092,1.9273230747093977,1.9769212157063447,2.085699229892947,2.082109624774203,-4.243327385318463,2.0651749219430124,2.0932546883301613,2.132477194867214,2.050574255412668,1.9821945249897204,1.9090402830900952,1.8960806962222618,2.0323823371331846,2.0604796300747723,8.319263720446953,8.332256547218552
3.4199999999997344,0.9951142345616651,1.979754158337591,8.346243346344277,2.0537416190574977,2.0428406817822284,1.9913360369026292,1.8785916711971462,1.8931941476421272,2.020412640765945,8.313901522468868,1.976798960746847,2.0234938316635613,1.9817337849467616,1.9824504337147775,1.9504043639808808,1.7891633219807215,8.02583705165333,1.8000541787098738,8.127296591541205,8.203415729070677,1.8782004275514113,1.897282194260236,2.0445502324810403,2.0046507294479774,1.9293253348025465,1.7763399833252673,8.057229232157066,1.7975233889430673,8.072202575276563,8.142324739480415,1.8534271922264978,8.20799151194796,2.0055957334942422,2.0830444601331832,8.240438853508588,1.8341267794545184,8.13701470756148,1.7919885350798124,8.113997684371054,8.077974384455922,1.8352278763651433,1.936155059880405,2.041980731182166,2.0383974972311996,1.9677232816884842,8.19193403442272,1.8611161161702778,1.872716174945858,8.179248732699175,8.24805712597286,1.9617140106682207,1.9292311064523295,2.054030147037013,2.01480402701827,1.9683659491624736,2.004973059111069,2.0393611896003074,2.0453932419374015,-4.307432854465125,2.0129102861163264,2.0429433611451695,8.337468838775974,2.033271841984133,8.327948520032466,1.9809731770689953,1.9835741900922956,2.055579505102684,2.120227385793074,2.071265541737525,2.102328916105947,2.0700961182651874,2.0103853954951436,2.08574404908241,2.163038513900369,2.0937285861902195,2.0742876959601353,1.9254557882451806,2.0647172707936106,2.080969165186691,2.0699830083291015,2.0466563023970634,1.9735451049567916,2.09458586463785,2.1529642167849152,2.1442206435505176,2.014802076977866,1.927266534671899,1.9768820755505903,2.085670601432231,2.082080552017919,-4.243367656486561,2.065116987900787,2.0932233841440544,2.132435260984981,2.0505326633033722,1.9821639882125257,1.909027441141428,1.8960853307727816,2.032397595678931,2.060494549451788,8.319267523820688,8.33224271712322
3.4299999999997333,0.9951183311459947,1.9797540611224298,8.346260495375631,2.053748612241874,2.0428477875146807,1.9913535048677498,1.8786260320260506,1.8932451670259813,2.0204738178465083,8.313962568088998,1.9768495521480187,2.023527621745979,1.981785057056145,1.9824915494188136,1.9504456257443796,1.7892151639426623,8.02590546218536,1.800139100277695,8.127391735655161,8.203510691044036,1.8782850052199018,1.8973501275995885,2.0446094366040777,2.004699869012288,1.929374630891007,1.776399753064508,8.057305522547436,1.7976160942864126,8.072305363274872,8.142427398027975,1.8535195239130104,8.208067259435643,2.0056337697128352,2.083072515948693,8.240467174406245,1.8341655741265468,8.137069996489988,1.7920601980888229,8.114079265391231,8.078055813123495,1.835298943143307,1.936209518914509,2.041976544807565,2.038383465395693,1.9677096364811968,8.191930905752518,1.861129652249592,1.87274594732277,8.17928818132397,8.248096050578098,1.9617426017103754,1.9292433295515157,2.0539788503746954,2.014742956681483,1.968305328415281,2.0049228948762345,2.0393274952840654,2.045375868014765,-4.307440293003968,2.012902388837661,2.042924892256402,8.337433773002026,2.033186553149028,8.32785343390582,1.980878592981214,1.9834902034368918,2.0555122283053477,2.120176486873401,2.071224471475169,2.1022873438542624,2.070043925554503,2.0103164742816353,2.0856508085528196,2.162935350430979,2.093625896226029,2.074195687437511,1.9253806870203447,2.0646587347859233,2.080920533895549,2.06993387896532,2.0465964713007034,1.97346841566694,2.0945137986444338,2.1528820824631723,2.1441388724876775,2.014731061139301,1.9272124558687345,1.9768446279351464,2.085643204545394,2.082052735979222,-4.243406170676941,2.0650615946181587,2.093193455216611,2.132395173470248,2.0504929031231325,1.9821347945657017,1.9090151592941618,1.8960897516216408,2.0324121696780297,2.0605087985920387,8.31927114842433,8.332229488562563
3.439999999999732,0.9951222457215624,1.979753968186553,8.346276889914689,2.0537553031829034,2.0428545922371515,1.9913702204556782,1.8786588983405572,1.8932939563214637,2.020532312427502,8.314020930853395,1.9768979161304345,2.0235599225092757,1.9818340739894273,1.9825308616696875,1.9504850870513304,1.7892647504323005,8.02597089560902,1.800220319834797,8.127482723115522,8.20360149487944,1.8783658712258913,1.8974150742238114,2.0446660353880004,2.004746847589727,1.9294217682612154,1.7764569166585285,8.05737849222804,1.797704763357567,8.07240366982984,8.142525571619306,1.8536078117000871,8.20813968036695,2.0056701292659866,2.0830993309569563,8.240494248286344,1.8342026731278762,8.137122878197898,1.7921287442224119,8.11415729644176,8.078133693005947,1.8353669048996342,1.9362615894921942,2.0419725363730183,2.0383700368901647,1.9676965773489274,8.19192790783469,1.8611425980570913,1.8727744274293843,8.179325919732957,8.248133288299451,1.9617699531321529,1.9292550209289727,2.053929802049371,2.014684554419426,1.9682473501683038,2.0048749139498208,2.0392952667544106,2.0453592525456936,-4.307447399961535,2.0128948491472123,2.0429072452857335,8.33740025224511,2.0331050074246777,8.327762512289132,1.980788142225376,1.983409878826674,2.055447879304657,2.12012780173861,2.0711851922255122,2.1022475937886576,2.0699940273317727,2.010250582595476,2.085561662190018,2.162836711427836,2.0935277010739024,2.0741076958126063,1.925308854690687,2.0646027403118667,2.0808740146805302,2.0698868923976117,2.0465392617837175,1.9733950936952789,2.094444897903636,2.152803554936623,2.144060687147331,2.0146631509387207,1.9271607315670232,1.976808800394548,2.0856169870230565,2.082026122855107,-4.243443004468313,2.0650086302782418,2.093164840777236,2.132356850425255,2.0504548935660467,1.9821068845709904,1.9090034130894897,1.8960939689510918,2.032426090426877,2.0605224082076976,8.319274603025054,8.332216835406633
3.449999999999731,0.9951259864939335,1.9797538793405232,8.346292563279235,2.0537617047360004,2.0428611082265116,1.9913862155224107,1.8786903347282555,1.8933406128745807,2.020588242331149,8.314076729120789,1.9769441512920525,2.0235907999990768,1.9818809354624711,1.9825684497914065,1.95052282629319,1.789312179074873,8.026033480841715,1.8002979982275706,8.127569735290516,8.20368832281777,1.8784431889482487,1.8974771660745862,2.0447201442013405,2.00479176076724,1.9294668416228462,1.7765115874676423,8.05744828511535,1.7977895711526757,8.07249768975724,8.142619456007642,1.853692232965052,8.20820892144132,2.0057048867015443,2.083124960708846,8.240520130513834,1.8342381506331005,8.137173457125163,1.7921943083885727,8.114231931303626,8.078208178298775,1.8354318972339296,1.9363113767238822,2.041968698640174,2.038357186328809,1.9676840796949708,8.191925035586559,1.8611549793637634,1.872801671030694,8.179362021509093,8.248168911659782,1.9617961183001733,1.9292662036838024,2.053882903388359,2.0146287038745876,1.9681918996948293,2.0048290218462603,2.0392644406577136,2.045343362546669,-4.307454190319229,2.012887650411669,2.0428903831254486,8.33736820801925,2.033027040015061,8.327675572574682,1.9807016443536063,1.9833330570931103,2.0553863313308436,2.1200812346387967,2.0711476261103665,2.1022095858721146,2.0699463222360395,2.0101875866442285,2.0854764295026538,2.16274239790607,2.093433803818187,2.074023545992211,1.92524014960235,2.064549177764003,2.080829516386813,2.0698419553566687,2.0464845587185008,1.9733249905835406,2.0943790227503873,2.15272847513586,2.143985929830938,2.014598210503565,1.927111259627417,1.9767745235031087,2.0855918988019533,2.0820006611008868,-4.243478231108209,2.06495798801842,2.0931374827707914,2.1323202136361554,2.050418556987447,1.9820802014182866,1.908992179139304,1.8960979924311598,2.032439387741906,2.06053540755304,8.319277895930323,8.332204732657647
3.45999999999973,0.9951295612887218,1.9797537944033727,8.346307547305182,2.0537678292278096,2.042867347301016,1.9914015206231117,1.8787204030214062,1.8933852297935136,2.0206417201875775,8.314130075989722,1.976988351821052,2.0236203172976954,1.9819257367373242,1.982604389600082,1.950558918462908,1.7893575433133377,8.026093341273649,1.800372289360159,8.127652945654335,8.203771349098483,1.878517114532001,1.8975365292110766,2.044771873242701,2.0048346998563544,1.9295099415150943,1.7765638739449632,8.057515038942517,1.7978706851444741,8.072587609453079,8.142709238418306,1.8537729572822863,8.208275122836767,2.0057381131984973,2.083149458211123,8.240544873956706,1.8342720775670946,8.137221833212193,1.7922570197127077,8.114303317156184,8.078279416537834,1.8354940498296966,1.9363589810637551,2.041965024636187,2.038344889345323,1.9676721199044007,8.191922284088164,1.8611668208127654,1.8728277315134305,8.179396557117848,8.248202990114388,1.961821148316386,1.9292768999143561,2.0538380600604498,2.014575293746213,1.968138867209345,2.004785128122391,2.0392349563429346,2.0453281664575713,-4.307460678364658,2.0128807768081107,2.0428742703878813,8.337337574909352,2.0329524934241188,8.327592440180236,1.9806189267804473,1.9832595859421696,2.055327463047454,2.12003669391905,2.071111698618417,2.1021732435973504,2.0699007134258856,2.010127358597492,2.0853949380177426,2.1626522196796434,2.0933440161850463,2.073943070491557,1.9251744361855612,2.0644979421977627,2.080786951744141,2.0697989786165376,2.0464322520554865,1.9732579644703043,2.0943160397371865,2.152656691065309,2.1439144498150626,2.0145361099107477,1.9270639423094278,1.9767417307528952,2.0855678918826355,2.0819763013393477,-4.243511920657322,2.064909565708,2.0931113257337035,2.132285188402974,2.05038381923458,1.9820546908430492,1.9089814350790977,1.8961018312475648,2.032452090033614,2.060547824497809,8.319281035014306,8.332193156401173
3.469999999999729,0.9951329775700175,1.9797537132022187,8.346321872413384,2.0537736884763653,2.0428733208335554,1.9914161650609816,1.8787491624113648,1.8934278961321147,2.0206928536650723,8.314181079535611,1.9770306076969104,2.0236485346600186,1.9819685688249553,1.982638753560679,1.9505934353010115,1.7894009325837998,8.026150595000013,1.8004433404900881,8.127732520129031,8.203850740312129,1.8785877972122362,1.89759328407678,2.044821327777622,2.0048757520884273,1.9295511544916304,1.7766138798467923,8.057578885520353,1.7979482656002073,8.072673607253241,8.142795097918821,1.8538501467684245,8.208338418504205,2.0057698767237864,2.08317287404772,8.240568529101894,1.8343045217478235,8.137268102090962,1.7923170017805685,8.11437159485533,8.078347548883475,1.8355534867117904,1.9364044985186224,2.0419615076466804,2.0383331225563137,1.9676606753094141,8.191919648580468,1.8611781459690127,1.872852659985042,8.179429594035044,8.24823559017637,1.9618450921113182,1.9292871307613564,2.053795181883932,2.0145242175720703,1.9680881476581653,2.00474314620856,2.0392067557494435,2.0453136340812104,-4.307466877725158,2.0128742132815582,2.0428588733219697,8.337308290430546,2.0328812171285815,8.327512948194741,1.980539824441598,1.9831893196611936,2.0552711583233165,2.119994091848345,2.0710773384613512,2.1021384938299463,2.069857108374376,2.01006977631669,2.0853170229192135,2.162565994968217,2.0932581581619183,2.0738661091057486,1.9251115846980278,2.0644489331386566,2.0807462372055903,2.069757876820753,2.0463822365972755,1.9731938797934687,2.0942558213526272,2.152588057483666,2.1438461030394844,2.0144767249257125,1.9270186860847427,1.9767103584361143,2.0855449202498013,2.0819529962732073,-4.243544140127648,2.0648632657360793,2.0930863166759353,2.1322517033777673,2.05035060948549,1.9820303010095832,1.908971159522958,1.8961054941279598,2.0324642243765694,2.0605596855965613,8.319284027742631,8.332182083759415
3.4799999999997278,0.9951362424578465,1.9797536355718965,8.346335567673364,2.0537792938106274,2.0428790397649186,1.9914301769346814,1.8787766695585277,1.8934686970655492,2.0207417456899965,8.314229843036863,1.9770710048819908,2.023675509642916,1.9820095186784397,1.9826716109366158,1.9506264454355193,1.7894424324839038,8.02620535504384,1.800511292511653,8.127808617411743,8.20392665573726,1.878655379623193,1.8976475457538864,2.044868608364155,2.0049150008006373,1.9295905632972423,1.7766617044341657,8.057639950987733,1.7980224658866042,8.072755853778125,8.142877205773113,1.8539239564121097,8.208398936448123,2.0058002421814387,2.0831952564948546,8.240591144165519,1.8343355480228398,8.137312355268238,1.792374372871423,8.114436899200452,8.07841271039289,1.8356103264928976,1.936448020847197,2.0419581412085988,2.0383218635256073,1.9676497241554751,8.191917124463204,1.8611889773665684,1.8728765053687721,8.17946119686984,8.248266775537235,1.9618679965337356,1.929296916449178,2.0537541826431993,2.0144753735194927,1.9680396405186311,2.0047029932464273,2.0391797832992227,2.0452997365253465,-4.307472801399606,2.012867945504982,2.042844159734159,8.33728029489419,2.032813067265786,8.32743693703981,1.9804641794673539,1.9831221188379324,2.0552173060136543,2.119953344455244,2.0710444774359944,2.102105266658552,2.069815418673589,2.010014723097486,2.085242526703195,2.16248355002192,2.093176057633831,2.073792508595202,1.925051470978739,2.064402054396968,2.0807072927926527,2.069718568315821,2.0463344117829765,1.9731326070065145,2.0941982457530663,2.1525224355992014,2.1437807518095258,2.014419936752973,1.9269754014582212,1.9766803455317943,2.0855229397952026,2.0819307006007857,-4.243574953614674,2.0648189948091495,2.0930624049685367,2.1322196904105746,2.050318860095678,1.9820069823998996,1.9089613320205574,1.8961089893665994,2.0324758165756336,2.0605710161542343,8.319286881195552,8.332171492846486
3.4899999999997267,0.9951393627447307,1.9797535613546093,8.346348660864097,2.0537846560894,2.0428845146170054,1.9914435831843147,1.8788029786979532,1.8935077140584025,2.0207884946568484,8.314276465190526,1.9771096255041067,2.023701297228497,1.9820486693770738,1.9827030279325644,1.9506580145159325,1.7894821249344492,8.02625772956985,1.8005762802275458,8.12788138928787,8.20399924766237,1.8787199980932467,1.8976994242057625,2.0449138110677287,2.004952525613189,1.9296282470365436,1.7767074426659113,8.05769835605178,1.7980934327623783,8.072834512262892,8.142955725780416,1.8539945343890205,8.208456798994296,2.0058292715544344,2.083216651630321,8.240612765197763,1.834365218399752,8.137354680301245,1.7924292461818023,8.114499359190495,8.078475030281071,1.8356646826093146,1.9364896357502432,2.041954919103027,2.0383110907294824,1.96763924556828,8.191914707292362,1.8611993365539334,1.872899314494966,8.179491427482999,8.248296607182967,1.9618899064368314,1.9293062763253717,2.0537149799135275,2.0144286641853313,1.9679932496065553,2.0046645899332405,2.0391539857933045,2.04528644614709,-4.307478461788574,2.012861959841598,2.0428300989134036,8.337253531280265,2.032747906335761,8.327364254146262,1.9803918408701215,1.9830578500912779,2.0551657997500086,2.119914371370139,2.071013050292203,2.102073495251836,2.069775559848287,2.0099620874242032,2.0851712988492204,2.16240471876319,2.09309755003584,2.0737221223845173,1.9249939762117978,2.0643572138896804,2.080670041946415,2.0696809749917597,2.0462886814822747,1.9730740223078835,2.094143196506784,2.152459692779193,2.143718264511951,2.014365631797627,1.9269340027962827,1.9766516335966453,2.0855019082431077,2.081909370934805,-4.243604422423884,2.064776663757963,2.093039542236481,2.1321890844027527,2.0502885064521306,1.98198468770786,1.9089519330160487,1.8961123248475407,2.0324868912286282,2.0605818402881644,8.319289602089674,8.332161362725596
3.4999999999997256,0.9951423449113916,1.9797534903995948,8.346361178532003,2.0537897857196348,2.0428897555059558,1.9914564096359748,1.8788281417407986,1.8935450250255739,2.020833194628913,8.314321040318045,1.9771465480305186,2.023725949941528,1.982086100301865,1.9827330678307655,1.950688205341548,1.789520088334473,8.026307822089624,1.8006384326091718,8.127950980930821,8.204068661693613,1.8787817829264517,1.8977490245081452,2.0449570276658444,2.0049884025981726,1.9296642813351161,1.776751185383562,8.057754216218187,1.7981613066587385,8.072909738873898,8.143030814599575,1.8540620223628361,8.20851212304508,2.00585702403968,2.0832371034372756,8.240633436182693,1.8343935921709302,8.137395160966037,1.7924817300401716,8.114559098269588,8.07853463217089,1.8357166635464879,1.9365294270520284,2.0419518353479775,2.0383007835228555,1.9676292195215646,8.191912392777411,1.8612092441373267,1.8729211321887413,8.1795203451006,8.248325143505578,1.9619108647610588,1.9293152288984983,2.053677494893671,2.0143839964044417,1.9679488828916023,2.004627860372337,2.039129312312299,2.0452737364996088,-4.30748387072296,2.012856243309315,2.0428166615600376,8.33722794511577,2.0326856029169162,8.32729475364505,1.9803226642454113,1.9829963858132267,2.055116537738666,2.1198770956738326,2.070982994606294,2.102043115721866,2.069737451178257,2.0099117627356655,2.0851031955065964,2.1623293424448775,2.0930224780208477,2.0736548102742196,1.9249389866999,2.06431432346939,2.0806344113846365,2.069645022129396,2.04624495379878,1.973018007382849,2.094090562350019,2.152399702272798,2.1436585153437835,2.014313701437351,1.926894408162391,1.9766241666599829,2.085481785078273,2.081888965724229,-4.243632605191808,2.0647361873532226,2.0930176822565327,2.1321598231673162,2.050259486834338,1.9819633717383454,1.9089429438087855,1.8961155080664716,2.0324974717856628,2.0605921809867707,8.319292196798287,8.332151673368056
3.5099999999997245,0.9951451951416508,1.9797534225628064,8.346373146046272,2.053794692674135,2.042894772155154,1.9914686810448736,1.8788522083717272,1.8935807044862596,2.0208759355299315,8.314363658561538,1.977181847433789,2.023749517961317,1.9821218873028303,1.9827617911211595,1.9507170779843261,1.7895563977100404,8.026355731658466,1.8006978730461134,8.128017531188842,8.204135037048857,1.878840858671281,1.8977964470695943,2.044998345843106,2.0050227044404942,1.9296987384934352,1.7767930194884547,8.057807642012127,1.7982262219483527,8.072981683011822,8.143102622059345,1.8541265557727777,8.208565020322977,2.0058835561764576,2.0832566539028177,8.240653199133247,1.8344207260327068,8.137433877418873,1.7925319281128635,8.114616234562614,8.078591634332684,1.835766373054762,1.936567474873493,2.0419488841911932,2.038290922106404,1.9676196268057697,8.191910176778267,1.861218719822053,1.87294200135415,8.179548006423296,8.248352440410411,1.9619309126137117,1.9293237918743458,2.053641652245904,2.014341281066346,1.9679064523202934,2.0045927319296726,2.039105714120875,2.045261582281038,-4.307489039491143,2.0128507835471923,2.042803819718282,8.337203484358863,2.0326260313946687,8.327228296071914,1.9802565114857287,1.9829376039216358,2.0550694225672674,2.119841443752204,2.0709542506597898,2.1020140669936325,2.069701015528909,2.0098636472018963,2.0850380791951872,2.1622572693238498,2.0929506911421223,2.0735904381648402,1.924886393647104,2.064273298759981,2.0806003309645034,2.069610638254159,2.04620314088223,1.9729644491572615,2.0940402369543145,2.152342342946726,2.1436013840534396,2.01426404180443,1.9268565391593706,1.9765978911225992,2.085462531476371,2.081869445179048,-4.243659558001859,2.0646974841296757,2.092996780859897,2.1321318472959208,2.050231742281948,1.9819429913111892,1.9089343465157749,1.8961185461512642,2.032507580605313,2.0606020601651007,8.319294671370463,8.332142405614068
3.5199999999997234,0.9951479193365672,1.9797533577066107,8.346384587651647,2.0537993865086626,2.0428995739080693,1.9914804211370678,1.8788752261424209,1.8936148237113155,2.020916803327208,8.314404406071098,1.97721559534989,2.023772049228322,1.9821561028584944,1.9827892556256304,1.9507446899065366,1.7895911248569734,8.026401553064174,1.8007547195851592,8.12808117285953,8.204198506838745,1.8788973443771613,1.8978417878417295,2.045037849377078,2.005055500591267,1.9297316876339023,1.7768330281113351,8.057858739190026,1.7982883072032192,8.073050487602076,8.143171291455287,1.8541882641083403,8.208615597602991,2.0059089219686794,2.083275343111659,8.240672094181694,1.8344466741993162,8.13747090635089,1.7925799396015973,8.114670881101121,8.078646149913794,1.8358139103557485,1.9366038557975283,2.041946060102992,2.0382814874946487,1.9676104489975783,8.191908055302102,1.8612277824520378,1.8729619630549534,8.179574465731335,8.248378551419238,1.9619500893453719,1.9293319821906,2.0536073799431875,2.014300432939744,1.967865873646347,2.004559135096135,2.0390831445760513,2.0452499592855227,-4.307493978864776,2.0128455687837725,2.0427915467122015,8.337180099288455,2.0325690717024236,8.32716474808516,1.9801932505068296,1.9828813876233358,2.055024361019298,2.119807345156758,2.070926761323257,2.101986290680423,2.069666179189725,2.0098176435111474,2.0849758185199434,2.1621883543493707,2.092882045549866,2.0735288777928083,1.924836092950529,2.0642340589988173,2.0805677335508745,2.0695777549960854,2.046163158749131,1.972913239562612,2.0939921187046022,2.152287499033081,2.143546755693589,2.0142165535773637,1.9268203207782777,1.9765727556594617,2.085444110236835,2.081850771197925,-4.2436853344951695,2.064660476218221,2.092976795839408,2.1321051000321636,2.0502052164687172,1.981923505169641,1.9089261240357993,1.8961214458813287,2.0325172390078365,2.060611498717428,8.319297031548974,8.332133541135155
3.5299999999997222,0.9951505231278632,1.9797532956994968,8.346395526518787,2.0538038763784656,2.0429041697409156,1.9914916526497974,1.8788972405613387,1.8936474508642795,2.020955880206532,8.314443365183493,1.977247860228954,2.023793589545753,1.982188816227984,1.9828155166166312,1.9507710960733966,1.7896243384777504,8.026445377008123,1.8008090851593224,8.12814203295252,8.204259198335322,1.8789513538393772,1.8978851385197528,2.0450756183154244,2.0050868574140432,1.9297631948413092,1.7768712907747726,8.05790760894261,1.798347685441864,8.073116289372987,8.14323695983384,1.8542472711717906,8.208663956934314,2.0059331730012784,2.0832932093351393,8.240690159665746,1.8344714885118154,8.137506321136287,1.792625859432906,8.114723146039905,8.078698287158453,1.8358593703397352,1.9366386430267404,2.0419433577691617,2.038272461484992,1.9676016684303237,8.191906024499954,1.8612364500476166,1.8729810565921423,8.179599774985428,8.24840352776935,1.9619684326233262,1.9293398160500275,2.05357460912313,2.014261370504528,1.9678270662680655,2.0045270033554536,2.0390615590391645,2.045238844356291,-4.307498699123272,2.0128405878071978,2.0427798170849085,8.337157742398963,2.032514609074309,8.327103982195945,1.9801327549857959,1.9828276251871928,2.0549812638961624,2.1197747324708325,2.07090047194504,2.1019597309647864,2.0696328717201777,2.009773658666768,2.0849162878984955,2.162122458865566,2.092816403701189,2.0734700064776646,1.9247879850006508,2.0641965268852265,2.080536554889817,2.069546306955791,2.0461249271114537,1.9728642753118641,2.093946110487529,2.152235059888793,2.143494520385213,2.0141711417816297,1.926785681253574,1.976548711126122,2.085426485718064,2.081832907298616,-4.243709985976645,2.0646250891856406,2.0929576868610376,2.132079527150869,2.0501798555824307,1.9819048738931297,1.9089182600151173,1.8961242137058467,2.0325264673256025,2.06062051656707,8.319299282787108,8.33212506239824
3.539999999999721,0.9951530118906665,1.9797532364158006,8.346405984792344,2.053808171054223,2.0429085682750925,1.991502397370468,1.8789182951798542,1.8936786511363208,2.020993244739298,8.314480614592727,1.9772787074790192,2.023814182676427,1.9822200935960668,1.982840626930453,1.9507963490609117,1.789656104312792,8.026487290278894,1.8008610778072416,8.12820023294084,8.204317233228783,1.8790029958328907,1.897926586733717,2.045111729144754,2.005116838324234,1.9297933232970252,1.776907883548683,8.057954348089538,1.7984044743662886,8.073179219122224,8.143299758264108,1.8543036953289862,8.208710195851873,2.0059563585510247,2.0833102891158504,8.240707432210568,1.8344952185421979,8.137540191974349,1.792669778439771,8.114773132864665,8.078748149618413,1.8359028437545055,1.9366719065340459,2.0419407720839384,2.0382638266277033,1.9675932681652728,8.191904080663248,1.8612447398416538,1.872999319578311,8.179623983923639,8.248427418508745,1.961985978502061,1.9293473089522377,2.053543273948437,2.0142240157910005,1.9677899530724945,2.0044962730574762,2.0390409147913875,2.0452282153406953,-4.307503210077057,2.0128358299369635,2.0427686065408337,8.337136368299992,2.0324625338091242,8.327045876510534,1.9800749041104382,1.9827762097267139,2.0549400458465645,2.1197435411812506,2.070875330244698,2.101934334484824,2.0696010258027577,2.00973160379342,2.084859367301214,2.1620594503273214,2.0927536340829036,2.07341370688013,1.9247419744898524,2.0641606284350553,2.080506733487238,2.0695162315761526,2.046088369213013,1.9728174576855422,2.0939021194895178,2.1521849197660874,2.1434445730923164,2.014127715599198,1.926752551924349,1.9765257104687235,2.0854096237749387,2.081815818551066,-4.243733561516447,2.0645912518816067,2.0929394153795133,2.1320550768430713,2.0501556082105035,1.9818870598141167,1.9089107388146815,1.8961268557609605,2.0325352849508915,2.0606291327135953,8.319301430264451,8.332116952631242
3.54999999999972,0.995155390755616,1.9797531797354426,8.346415983636831,2.0538122789374436,2.042912777789401,1.9915126761742956,1.878938431674911,1.8937084868753724,2.021028972042173,8.314516229512813,1.9773081996031152,2.023833870435094,1.982249998211488,1.9828646370753906,1.9508204991591158,1.789686485266348,8.02652737591873,1.800910800883353,8.128255889001444,8.204372727872883,1.879052374335586,1.8979662162309927,2.045146254951595,2.0051455039220487,1.9298221334071972,1.776942879199241,8.057999049265954,1.7984587865890553,8.073239401971982,8.143359812097895,1.8543576497490508,8.20875440757818,2.005978525692068,2.0833266173480878,8.2407239468069,1.834517911692922,8.13757258602548,1.7927117835357695,8.114820940591047,8.078795836354674,1.8359444173859523,1.9367037132064424,2.041938298143082,2.03825556619685,1.9675852319637854,8.191902220220209,1.8612526683140664,1.8730167880090094,8.179647140154417,8.248450270587547,1.9620027614909368,1.9293544757240861,2.0535133114735546,2.0141882942259874,1.967754460286085,2.004466883296636,2.0390211709526547,2.0452180510471303,-4.307507521089675,2.0128312849972434,2.042757891890897,8.3371159336207,2.032412741044969,8.326990314483975,1.980019582339537,1.9827270389918161,2.054900625202899,2.119713709555229,2.070851286210937,2.1019100502255714,2.069570577102771,2.0096913939522127,2.084804942003127,2.1619992020289853,2.0926936109465593,2.073359866770556,1.9246979702289175,2.0641262928410735,2.0804782104924273,2.0694874690194744,2.046053411673175,1.9727726923275914,2.093860057004103,2.152136977593458,2.1433968134068144,2.0140861881864183,1.926720867101356,1.9765037086374857,2.085393491698578,2.081799471513109,-4.243756108047069,2.0645588962926156,2.0929219445578418,2.132031699606399,2.05013242523097,1.9818700269388307,1.9089035454788066,1.8961293778859798,2.0325437103812205,2.0606373652775565,8.319303478901741,8.332109195790165
3.559999999999719,0.995157664620363,1.979753125543674,8.346425543280413,2.0538162080753026,2.0429168062320104,1.991522509060641,1.8789576899283147,1.8937370177097004,2.021063133929648,8.314550281833137,1.9773363963300123,2.0238526927764675,1.9822785905189189,1.9828875953350362,1.950843594470904,1.7897155415271913,8.026565713383151,1.8009583532592086,8.128309112245365,8.20442579351948,1.879099588741442,1.8980041070503555,2.045179265575871,2.0051729121192747,1.9298496829252363,1.7769763473314557,8.058041801101266,1.7985107298509133,8.073296957613366,8.143417241218469,1.8544092426333925,8.208796681216006,2.0059997193964554,2.0833422273543722,8.240739736885459,1.8345396132920566,8.137603567541541,1.7927519578820232,8.114866663955421,8.078841442130702,1.8359841742308394,1.9367341269822709,2.041935931237057,2.0382476641621596,1.9675775442603394,8.191900439732194,1.8612602512248266,1.8730334963311832,8.179669289245918,8.248472128945792,1.9620188146191435,1.9293613305487687,2.0534846615172397,2.014154134485554,1.967720517331608,2.0044387757953883,2.039002288403892,2.0452083312037663,-4.307511641098778,2.0128269432916555,2.0427476510004197,8.337096396918591,2.032365130544065,8.3269371846847,1.9799666791734614,1.9826800151693886,2.05486292382441,2.119685178522326,2.070828292003871,2.101886829415233,2.0695414641345717,2.0096529479643097,2.084752902347134,2.1619415928452876,2.092636214055177,2.073308378807331,1.9246558849711528,2.064093452339026,2.0804509295863403,2.069459962049895,2.046019984337563,1.9727298890505427,2.093819838248087,2.152091136766647,2.143351145343113,2.0140464764999013,1.9266905639396261,1.9764826625035599,2.0853780581583026,2.0817838341686805,-4.243777670456246,2.0645279574025333,2.092905239190552,2.1320093481405955,2.050110259708594,1.981853740871701,1.9088966657052153,1.896131785638671,2.032551761262326,2.0606452315429133,8.319305433374815,8.332101776527574
3.569999999999718,0.9951598381604966,1.97975307373084,8.346434683056701,2.0538199661749537,2.0429206612321584,1.991531915188064,1.8789761081027934,1.8937643006661335,2.0210957990598035,8.314582840266763,1.9773633547389375,2.023870687879165,1.9823059282848363,1.9829095478669292,1.950865681006638,1.7897433306843222,8.026602378693903,1.801003829516294,8.128360008937914,8.204476536542755,1.8791447340640894,1.8980403356880915,2.04521082775726,2.005199118260196,1.9298760270688429,1.777008354525671,8.058082688390485,1.7985604072293262,8.073352000540396,8.143472160278579,1.8544585774345608,8.208837101932247,2.0060199826298963,2.083357150958233,8.24075483438786,1.834560366684234,8.137633197990702,1.7927903810472199,8.11491039359773,8.078885057597462,1.8360221936620436,1.936763208982273,2.041933666844339,2.0382401051618095,1.9675701901364155,8.19189873589001,1.8612675036455055,1.8730494775088085,8.179690474811737,8.248493036597738,1.9620341694980343,1.9293678869936695,2.053457266540775,2.014121468354053,1.9676880566910615,2.00441189479245,2.0389842297124057,2.04519903641901,-4.307515578636091,2.0128227955794142,2.042737862739629,8.33707771859256,2.032319606487286,8.32688638056951,1.9799160889347185,1.9826350446922845,2.0548268669468293,2.1196578915612503,2.070806301861429,2.101864625426052,2.0695136281339357,2.0096161882426173,2.0847031435179963,2.1618865069839095,2.0925813284411596,2.073259140324818,1.924615635243841,2.0640620420791063,2.080424836874427,2.069433655920832,2.045988020135439,1.972688961649545,2.0937813821861075,2.1520473049491597,2.1433074771419394,2.0140085011300424,1.9266615823164321,1.9764625307791377,2.085363293145722,2.081768875868442,-4.24379829167582,2.0644983730594384,2.0928892656304745,2.1319879772479258,2.050089066795842,1.9818381687432995,1.9088900858164093,1.8961340843096872,2.032559454428948,2.0606527479972616,8.319307298127724,8.332094680162474
3.5799999999997167,0.9951619158399322,1.9797530241921484,8.346443421444649,2.053823560617317,2.0429243501115826,1.991540912908127,1.8789937227149451,1.8937903902831947,2.0211270330735784,8.314613970492,1.9773891293785526,2.023887892225756,1.982332066717615,1.9829305387967728,1.950886802774705,1.7897699078378713,8.026637444585596,1.8010473201306922,8.1284086807094,8.204525058653525,1.879187901131206,1.8980749752565058,2.0452410052747636,2.0052241752369353,1.9299012186318318,1.7770389644682418,8.058121792258369,1.7986079173382712,8.073404640274111,8.143524678928149,1.854505753065396,8.208875751133455,2.0060393564430017,2.083371418553455,8.240769269834184,1.8345802133176032,8.13766153617704,1.7928271291609892,8.114952216236695,8.078926769470593,1.8360585515866088,1.9367910176347307,2.0419315006248477,2.03823287447612,1.9675631552952348,8.19189710551016,1.8612744399894299,1.8730647630858361,8.179710738593204,8.248513034712754,1.9620488563809402,1.9293741580370118,2.0534310715315844,2.014090230589234,1.9676570137743408,2.004386186935649,2.0389669590603297,2.0451901481436345,-4.307519341846377,2.012818833052763,2.042728506936611,8.33705986079996,2.032276077277952,8.326837800268555,1.9798677105580076,1.9825920380564073,2.0547923830382637,2.1196317945913394,2.070785272009729,2.1018433936796006,2.0694870129362664,2.009581040631162,2.0846555653265897,2.161833833749159,2.0925288441748786,2.0732120531304203,1.9245771411867305,2.064032000002668,2.080399880783849,2.069408498267241,2.0459574549434496,1.9726498277248485,2.093744611363216,2.152005393881858,2.1432657210829826,2.013972186141858,1.9266338647143988,1.9764432739407054,2.085349167920903,2.081754567272772,-4.243818012766784,2.064470083848469,2.0928739917188857,2.1319675437382264,2.0500688036384895,1.981823279141627,1.9088837927322988,1.8961362789361882,2.032566805943535,2.0606599303699906,8.319309077385094,8.332087892651423
3.5899999999997156,0.995163901920785,1.9797529768274529,8.346451776106644,2.0538269984703557,2.042927879895671,1.9915495197979765,1.8790105687051892,1.8938153387193384,2.0211568987278614,8.314643735287563,1.977413772380465,2.0239043406791146,1.982357058582114,1.982950610308427,1.9509070018681964,1.7897953257053942,8.026670980646218,1.8010889116499305,8.128455224756705,8.204571457104093,1.8792291767701674,1.8981080956351906,2.045269859079838,2.005248133599481,1.9299253080909775,1.7770682380766338,8.058159190316722,1.798653354519652,8.073454981577122,8.143574902032096,1.854550864098901,8.208912706633377,2.006057880058232,2.083385059169978,8.240783072387366,1.8345991928269558,8.137688638355048,1.7928622750608836,8.114992214837688,8.078966660700083,1.8360933205969217,1.9368176087949693,2.0419294284135256,2.0382259580021462,1.967556426037336,8.191895545531125,1.861281074040509,1.8730793832465364,8.179730120538323,8.248532162692984,1.962062904220543,1.9293801560933623,2.053406023892006,2.0140603587931545,1.9676273267934339,2.004361601179199,2.038950442176006,2.0451816486345114,-4.307522938505493,2.0128150473156174,2.0427195643325904,8.337042787377479,2.0322344553544576,8.326791346379805,1.979821447389375,1.9825509096455547,2.0547594036610723,2.1196068358685323,2.0707651605772694,2.101823091556296,2.0694615648603754,2.009547434251798,2.0846100720039282,2.1617834673162593,2.09247865614347,2.0731670233103885,1.9245403263972904,2.0640032667239714,2.080376011964918,2.069384439002497,2.0459282274554567,1.9726124085123358,2.093709451745078,2.151965319201211,2.1432257933059637,2.0139374589228014,1.9266073561095372,1.9764248541553366,2.085335654960555,2.0817408802969988,-4.2438368730006255,2.0644430329703978,2.0928593867188674,2.1319480063383622,2.0500494292856173,1.9818090420465746,1.9088777739440388,1.896138374314707,2.03257383113298,2.0606667936685015,8.319310775163734,8.332081400560948
3.5999999999997145,0.995165800472761,1.9797529315410447,8.346459763924877,2.053830286501864,2.042931257324322,1.991557752691734,1.8790266795048383,1.8938391958565122,2.0211854560226596,8.314672194661618,1.9774373335675357,2.0239200665552435,1.982380954309022,1.9829698027298652,1.950926318547873,1.789819634723737,8.026703053451774,1.8011286868623233,8.128499734036165,8.204615824884065,1.8792686439853619,1.8981397636153974,2.0452974474233865,2.005271041660667,1.9299483437081126,1.7770962336191725,8.058194956815077,1.79869680902667,8.07350312465903,8.143622929878726,1.8545940009592579,8.208948042812915,2.0060755909527597,2.0833981005366238,8.24079626991459,1.8346173431131958,8.137714558339367,1.7928958884332233,8.1150304687736,8.079004810632716,1.8361265701153078,1.936843035859475,2.041927446214058,2.038219342229142,1.967549989236973,8.191894053009632,1.861287418980792,1.8730933668733574,8.179748658877529,8.248550458247843,1.9620763407239215,1.9293858930380392,2.053382073332986,2.0140317932886544,1.9675989366419258,2.004338088685248,2.038934646268187,2.045173520919869,-4.307526376037542,2.012811430363349,2.0427110165393962,8.337026463765696,2.0321946570113267,8.326746925772609,1.9797772069940758,1.9825115775636992,2.0547278633395063,2.119582965885646,2.0707459275127786,2.1018036783089413,2.069437232597549,2.0095153013578977,2.084566572004521,2.1617353065157436,2.092430663839375,2.073123961044,1.9245051177824537,2.063975785416777,2.08035318319659,2.069361430219695,2.0459002790581744,1.9725766287217346,2.0936758325654434,2.1519270002657853,2.1431876136397143,2.013904250037265,1.9265820038640122,1.9764072352099162,2.0853227279081707,2.08172778805883,-4.243854909937158,2.064417166125672,2.092845421251705,2.1319293256058924,2.050030904603795,1.981795428767411,1.9088720174890188,1.8961403750133068,2.0325805446235043,2.0606733522125795,8.319312395283593,8.33207519104111
3.6099999999997134,0.9951676153820865,1.9797528882414526,8.34646740103605,2.053833431191774,2.0429344888625125,1.9915656277107316,1.879042087100398,1.8938620093992378,2.021212762322625,8.314699405974997,1.9774598605572313,2.023935101692752,1.9824038020992054,1.9829881546152883,1.9509447913215654,1.7898428831466433,8.026733726695307,1.8011667249591248,8.1285422974481,8.204658250907551,1.879306382127545,1.8981700430378439,2.045323825976902,2.005292945596333,1.9299703716276937,1.7771230068296655,8.058229162785022,1.7987383671994663,8.07354916537312,8.143668858379069,1.8546352501043863,8.208981830772839,2.006092524937459,2.083410569140801,8.240808889045805,1.8346347004193155,8.137739347609802,1.7929280359480504,8.11506705397891,8.0790412951676,1.8361583665323327,1.9368673498748858,2.0419255501927482,2.0382130142148873,1.9675438323193277,8.19189262511693,1.861293487416814,1.873106741602381,8.17976639019635,8.248567957465529,1.962089192405332,1.9293913802304679,2.0533591717724855,2.014004477001156,1.9675717867795846,2.004315602729508,2.0389195399629623,2.045165748766031,-4.3075296615312,2.012807974563636,2.042702845999018,8.337010856937066,2.032156602228303,8.32670444939993,1.9797349009727685,1.9824739634744086,2.054697699432882,2.1195601372768187,2.070727534506555,2.101785114980122,2.069413967105677,2.0094845771946863,2.084524977818613,2.1616892546275053,2.092384771158202,2.073082780425753,1.9244714454165905,2.063949501705599,2.0803313492958577,2.069339426097192,2.045873553712342,1.9725424163821432,2.093643686180547,2.151890359990608,2.143151105438927,2.0138724930874567,1.9265577576234507,1.9763903824431925,2.085310361526064,2.0817152648278845,-4.2438721594989826,2.0643924314036597,2.0928320672362015,2.131911463846722,2.0500131921952405,1.9817824118831504,1.908866511926951,1.8961422853830663,2.032586960373789,2.06067961966703,8.319313941378073,8.332069251800222
3.6199999999997123,0.9951693503600051,1.979752846841255,8.346474702864551,2.053836438743997,2.042937580710568,1.9915731602926194,1.8790568220952064,1.893883824969405,2.0212388724731865,8.31472542405884,1.9774813988602562,2.023949476519136,1.9824256480232996,1.9830057028235566,1.9509624570201691,1.7898651171382813,8.026763061310506,1.8012031016897838,8.128583000013352,8.20469882019208,1.8793424670556076,1.8981989949242528,2.045349047948058,2.00531388954091,1.9299914359700374,1.7771486110171208,8.058261876178477,1.798778111633357,8.073593195404616,8.143712779257584,1.854674694200421,8.209014138479604,2.006108716232208,2.0834224902853635,8.240820955229525,1.8346512994030304,8.137763055411936,1.7929587813884165,8.115102043097316,8.079076186905093,1.8361887733390783,1.9368905996420864,2.0419237366725502,2.038206961562849,1.9675379432385132,8.191891259135122,1.8612992914047808,1.8731195338764817,8.17978334950511,8.248584694881576,1.9621014846368314,1.9293966285365336,2.0533372732383754,2.0139783553455524,1.9675458231218395,2.004294098610828,2.0389050932432893,2.0451583166455554,-4.307532801755249,2.012804672638331,2.0426950359451235,8.336995935327261,2.0321202145071067,8.32666383211888,1.9796944447856846,1.9824379924471016,2.0546688520140655,2.1195383047259173,2.070709944915173,2.1017673643232677,2.069391721508186,2.0094551998659234,2.0844852057928986,2.161645219184058,2.092340886205494,2.073043399295235,1.9244392424054642,2.063924363561445,2.080310467030899,2.0693183828082056,2.0458479978391915,1.9725097026945353,2.0936129479301027,2.15185532468901,2.1431161954282065,2.013842124580389,1.9265345692185956,1.9763742626805574,2.08529853164925,2.0817032859772513,-4.243888656042716,2.0643687791768737,2.0928192978307596,2.1318943850365586,2.0499962563197647,1.9817699651856553,1.9088612463170094,1.8961441095689466,2.0325930917064468,2.0606856090726704,8.319315416903747,8.33206357108066
3.6299999999997112,0.9951710089508617,1.979752807256898,8.346481684154101,2.053839315097811,2.0429405388141415,1.9915803652193798,1.8790709137685087,1.8939046861969577,2.0212638389115334,8.314750301326956,1.9775019919746868,2.023963220114027,1.9824465361167667,1.9830224825931273,1.9509793508703703,1.7898863808628431,8.026791115590113,1.801237889510587,8.128621923042193,8.204737614029682,1.8793769712910986,1.8982266776029306,2.045373164190998,2.0053339156786336,1.93001157892042,1.777173097170757,8.058293162000105,1.7988161213399594,8.073635302450942,8.143754780234575,1.8547124122884713,8.209045030904585,2.006124197537681,2.083433888142754,8.24083249278604,1.8346671732062216,8.137785728853428,1.792988185774244,8.115135505623115,8.079109555289328,1.8362178512536622,1.9369128318156321,2.0419220021272535,2.038201172400168,1.9675323104563551,8.19188995245353,1.8613048424746483,1.8731317689962694,8.179799570305741,8.248600703544644,1.96211324169681,1.9294016483499683,2.053316333775622,2.0139533761179913,1.9675209939339364,2.004273533564544,2.0388912773910377,2.04515120970674,-4.307535803173366,2.0128015176462686,2.0426875703664473,8.336981668769605,2.0320854207155166,8.326624992519166,1.979655757584431,1.9824035928098624,2.054641263753058,2.1195174248787887,2.0706931236894137,2.1017503907272332,2.069370450997559,2.009427110206624,2.0844471759593235,2.161603111782586,2.0922989211119987,2.073005739074336,1.924408444755923,2.0639003212018623,2.0802904950378314,2.0692982584343005,2.0458235602119585,1.9724784218909137,2.093583556004597,2.151821823921622,2.143082813553093,2.0138130838006876,1.9265123925711383,1.9763588441714555,2.0852872151410993,2.08169182793701,-4.243904432427138,2.0643461619999264,2.0928070873780977,2.1318780547459846,2.049980062820317,1.981758063625353,1.9088562101959783,1.8961458515200644,2.0325989513379312,2.0606913328757765,8.319316825149517,8.3320581376357
3.63999999999971,0.995172594539795,1.9797527694085217,8.346488358997986,2.0538420659388126,2.042943368873891,1.9915872566442812,1.8790843901320788,1.8939246348066565,2.0212877117726795,8.314774087883109,1.9775216814758205,2.023976360269535,1.9824665084706372,1.9830385276136417,1.950995506564244,1.7899067165703813,8.026817945299355,1.8012711577269656,8.12865914429586,8.204774710150383,1.8794099641658382,1.8982531468286556,2.045396223311585,2.005353064330605,1.930030840814231,1.777196514060509,8.05832308243415,1.7988524719014953,8.073675570394247,8.14379494520068,1.854748479944005,8.209074570157025,2.0061390001038126,2.083444785806573,8.240843524958166,1.8346823535213315,8.13780741299626,1.793016307480972,8.115167508036633,8.079141466744714,1.8362456583422444,1.9369340909987198,2.0419203431758333,2.038195635356442,1.9675269229219328,8.191888702565093,1.8613101516531425,1.8731434711689068,8.179815084655885,8.248616015079586,1.9621244868165224,1.9294064496128178,2.0532963113575806,2.0139294893923196,1.967497249729586,2.0042538666794534,2.038878064931447,2.045144413744413,-4.30753867195818,2.0127985029669757,2.04268043397195,8.33696802843254,2.0320521509384166,8.326587852759122,1.979618762051095,1.982370696008536,2.054614879805478,2.119497456259172,2.070677037305257,2.1017341601442197,2.0693501127432277,2.0094002516615395,2.0844108118715843,2.1615628479053806,2.0922587918570765,2.0729697246115024,1.924378991251099,2.0638773269951343,2.0802713937409223,2.069279012882598,2.0458001918522206,1.9724485110998111,2.0935554513185775,2.151789790352176,2.1430508928377465,2.013785312688996,1.9264911836035508,1.976344096529324,2.085276389850725,2.0816808681496286,-4.2439195200783795,2.0643245345130192,2.092795411352482,2.1318624400689736,2.0499645790519594,1.9817466832594315,1.908851393557358,1.8961475149994116,2.032604551406958,2.0606968029560515,8.319318169245276,8.332052940707383
3.649999999999709,0.9951741103600624,1.9797527332197968,8.346494740867936,2.0538446967094495,2.04294607635486,1.9915938481178026,1.8790972779844721,1.8939437107010726,2.0213105389908272,8.314796831623495,1.9775405071019438,2.023988923547845,1.9824856053181283,1.98305387009432,1.9510109563258562,1.7899261646790305,8.026843603784595,1.801302972629724,8.128694738141183,8.204810182878548,1.879441511962932,1.8982784558971435,2.0454182717678426,2.0053713740378867,1.9300492602183528,1.7772189083332155,8.058351696965877,1.7988872356185552,8.073714079466543,8.143833354383816,1.854782969429191,8.209102815611013,2.0061531537950903,2.083455205340711,8.240854073959628,1.834696870654839,8.137828150945007,1.793043202353199,8.115198113933912,8.079171984806525,1.8362722501347624,1.936954419833908,2.0419187565769663,2.0381903395432883,1.9675217700518595,8.191887507062859,1.8613152294857698,1.8731546635548877,8.17982992323033,8.24863065974794,1.9621352422246932,1.9294110418350223,2.0532771658012092,2.0139066474210123,1.9674745431739233,2.0042350588182796,2.038865429579899,2.0451379151719804,-4.307541414004683,2.012795622285225,2.0426736121576523,8.336954986759936,2.0320203383355206,8.326552338408952,1.9795833842443378,1.982339236471849,2.054589647705741,2.119478359188152,2.0706616536978517,2.1017186400208963,2.0693306658036317,2.009374570169132,2.0843760404489884,2.1615243467482927,2.092220418099879,2.072935284032714,1.9243508233308861,2.0638553353684537,2.0802531252761365,2.06926060780655,2.0457778459308376,1.9724199102178395,2.0935285773896606,2.1517591596098087,2.1430203692489735,2.0137587557256964,1.926470900152757,1.976329990673976,2.0852660345720233,2.0816703850271865,-4.243933949052285,2.064303853349743,2.092784246309353,2.1318475095546834,2.0499497738141006,1.9817358012024069,1.9088467868313868,1.896149103593059,2.0326099035015277,2.0607020306532173,8.319319452170067,8.3320479700053
3.659999999999708,0.9951755595000111,1.9797526986177667,8.346500842641705,2.0538472126191336,2.0429486664955676,1.991600152612561,1.879109602963012,1.8939619520399928,2.0213323663962446,8.314818578334602,1.9775585068362076,2.0240009353361867,1.982503865117344,1.9830685408293092,1.9510257309749979,1.7899447638537622,8.026868142077387,1.8013333976254506,8.128728775698413,8.204844103282298,1.8794716780514922,1.8983026557543452,2.0454393539658273,2.005388881640826,1.9300668740089388,1.7772403246046764,8.058379062497892,1.7989204816515885,8.073750906407785,8.143870084508821,1.8548159498385113,8.209129824026753,2.0061666871528274,2.083465167826153,8.240864161021248,1.834710753587948,8.137847983931392,1.7930689238135253,8.115227384150922,8.079201170245959,1.8362976797356225,1.9369738590897772,2.0419172392237015,2.0381852745346634,1.9675168417112843,8.191886363636508,1.8613200860578596,1.873165368312855,8.179844115379895,8.2486446665059,1.9621455291902685,1.9294154341131573,2.053258858686019,2.013884804540379,1.9674528289905906,2.004217072541478,2.0388533461909173,2.045131700994652,-4.307544034942972,2.0127928695763755,2.0426670909750597,8.336942517414114,2.031989919005443,8.326518378300916,1.9795495534521736,1.9823091514822988,2.054565517264746,2.1194600957069896,2.0706469421983007,2.101703799232584,2.0693120710422495,2.0093500140507814,2.0843427918273187,2.161487531056821,2.0921837230179507,2.072902348598917,1.9243238849774869,2.063834302719923,2.0802356534178728,2.0692430065301313,2.0457564776732884,1.9723925617870113,2.093502880222994,2.151729870157557,2.142991181566325,2.0137333598197356,1.926451501887478,1.976316498776329,2.085256129004334,2.0816603579103345,-4.243947748094068,2.0642840770490025,2.0927735698372327,2.131833233142372,2.0499356172858416,1.9817253955789382,1.9088423808659445,1.896150620718868,2.0326150186846204,2.0607070267922833,8.319320676759773,8.332043215686339
3.669999999999707,0.9951769449097173,1.9797526655326962,8.346506676629405,2.0538496186539654,2.0429511443168025,1.991606182547273,1.8791213895935976,1.8939793953163724,2.0213532378078596,8.314839371786697,1.977575716984792,2.024012419899295,1.9825213246302336,1.9830825692601195,1.9510398599881698,1.789962551081811,8.026891608994129,1.801362493361349,8.128761324982692,8.204876539316393,1.879500523015348,1.8983257951008143,2.0454595123511323,2.005405622354779,1.930083717445749,1.7772608055477448,8.058405233461485,1.7989522761563812,8.073786124617156,8.143905208950198,1.8548474872379423,8.209155649666371,2.006179627454564,2.0834746934055866,8.240873806434994,1.8347240300346144,8.137866951395194,1.7930935229667904,8.115255376882486,8.079229081189817,1.8363219979295693,1.9369924477437248,2.041915788138298,2.038180430347922,1.9675121281955972,8.191885270068951,1.8613247310146819,1.8731756066425382,8.179857689187916,8.248658063059931,1.9621553680633916,1.929419635148362,2.0532413532766087,2.013863917079873,1.967432063872784,2.0041998720342473,2.038841790709303,2.0451257587838265,-4.307546540150404,2.012790239092477,2.0426608571011,8.336930595221475,2.0319608318558458,8.32648590438608,1.9795172020511493,1.9822803810525746,2.0545424404718906,2.1194426295032063,2.070632873473169,2.10168960802035,2.069294291047417,2.009326533904989,2.084310999216392,2.1614523269695027,2.0921486331529384,2.072870852569621,1.9242981226058105,2.0638141873342293,2.0802189435087723,2.069226173975297,2.045736044269212,1.972366410877567,2.0934783082009205,2.1517018631667626,2.1429632712579765,2.013709074202322,1.9264329502291058,1.976303594205396,2.085246653714649,2.0816507670289397,-4.24396094469538,2.06426516597087,2.0927633605118117,2.131819582099287,2.049922080964274,1.9817154454787937,1.9088381669082914,1.896152069634741,2.0326199075186273,2.060711801707578,8.319321845714406,8.33203866833525
3.6799999999997057,0.9951782694073081,1.9797526338979294,8.34651225459867,2.053851919586073,2.0429535146301343,1.9916119498097846,1.8791326613384192,1.8939960754289946,2.0213731951217486,8.314859253823109,1.9775921722515382,2.0240234004294897,1.9825380189979798,1.9830959835352875,1.9510533715569396,1.7899795617449088,8.02691405123151,1.8013903178447175,8.12879245103936,8.20490755595879,1.8795281047760186,1.8983479204913734,2.0454787874962417,2.0054216298424064,1.9300998242432024,1.7772803919766318,8.058430261923286,1.7989826824137647,8.073819804297873,8.143938797878208,1.8548776447979936,8.209180344404537,2.0061920007707403,2.0834838013259196,8.240883029595993,1.8347367264970222,8.13788509106172,1.7931170486998949,8.115282147796167,8.079255773235037,1.83634525328294,1.9370102230610582,2.04191440046722,2.0381757974255885,1.9675076202128163,8.191884224233023,1.8613291735806836,1.873185398825883,8.179870671524318,8.248670875920038,1.9621647783146665,1.9294236532634919,2.0532246144486153,2.013843943275324,1.9674122063980948,2.0041834230366335,2.038830740123327,2.045120076652556,-4.307548934763159,2.012787725349071,2.0426548978094914,8.336919196120585,2.031933018479371,8.326454851597429,1.9794862653716443,1.9822528678072744,2.054520371401236,2.1194259258397885,2.07061941946658,2.1016760379308903,2.0692772900557626,2.0093040825063397,2.084280598764004,2.161418663868274,2.0921150782630735,2.0728407330724066,1.9242734849585383,2.063794949301848,2.080202962392472,2.0692100765925674,2.0457165047859474,1.9723414049760541,2.093454811977603,2.1516750823971122,2.1429365823621374,2.013685850325284,1.9264152082759542,1.97629125147745,2.0852375901013245,2.0816415934643477,-4.243973565148898,2.0642470822161965,2.092753597852102,2.131806528961386,2.049909137605602,1.9817059309138614,1.9088341365876094,1.8961534534464375,2.0326245800886014,2.0607163652656015,8.319322961604978,8.3320343189461
3.6899999999997046,0.9951795356849858,1.9797526036497517,8.346517587798683,2.0538541199825793,2.042955782046137,1.9916174657791974,1.8791434406416634,1.8940120257519761,2.0213922783957208,8.314878264445523,1.9776079058092046,2.0240338990944875,1.9825539818129916,1.983108810567379,1.9510662926437765,1.78999582968846,8.02693551345788,1.8014169265573163,8.128822216073404,8.204937215341241,1.879554478710211,1.898369076430296,2.0454972181839217,2.0054369362826967,1.9301152266382846,1.7772991229275792,8.058454197687325,1.7990117609537966,8.07385201259575,8.143970918398601,1.854906482920879,8.209203957834148,2.006203832018766,2.083492509978795,8.240891849042644,1.8347488683186293,8.137902439015958,1.793139547777387,8.11530775014132,8.079281299558334,1.8363674922405038,1.9370272206705645,2.0419130734762994,2.038171366617823,1.967503308866638,8.19188322408822,1.861333422577882,1.873194764266452,8.179883088097494,8.248683130450827,1.962173778572784,1.9294274964195361,2.0532086086179286,2.013824843185935,1.967393216946987,2.004167692776576,2.0388201724198844,2.045114643232078,-4.3075512236872635,2.0127853231126696,2.0426492009434716,8.336908297112625,2.031906423035106,8.326425157718948,1.979456681569028,1.9822265568696988,2.054499266121646,2.119409951487385,2.0706065533448057,2.101663061759081,2.069261033879083,2.0092826147090155,2.0842515294259543,2.161386474235477,2.092082991182152,2.0728119299780765,1.9242499230056447,2.0637765504416343,2.0801876783491835,2.069194682294616,2.0456978200859135,1.972317493878422,2.093432344378378,2.1516494740820633,2.142911061373733,2.013663641763882,1.9263982407307494,1.9762794462072826,2.085228920359241,2.0816328191131994,-4.243985634600544,2.064229789549797,2.09274426227858,2.1317940474767556,2.0498967611689403,1.981696832777109,1.9088302818983094,1.8961547751149843,2.0326290460243697,2.0607207268867636,8.319324026880006,8.332030158904509
3.6999999999997035,0.9951807463147644,1.9797525747272586,8.34652268698313,2.053856224214214,2.0429579509823337,1.99162274134712,1.8791537489732943,1.8940272782012517,2.021410525930165,8.31489644189546,1.9776229493675117,2.024043937083041,1.9825692451876504,1.9831210760874682,1.951078649035478,1.7900113872877796,8.026956038400767,1.8014423725648194,8.128850679573263,8.20496557687409,1.8795796977620882,1.8983893054622134,2.0455148414868387,2.0054515724368804,1.9301299554554585,1.7773170357360515,8.058477088392793,1.7990395696746448,8.073882813731831,8.144001634686282,1.854934059362077,8.209226537367249,2.0062151450146093,2.0835008369392316,8.240900282494884,1.8347604797348829,8.137919029773547,1.7931610649329865,8.115332234853467,8.079305711021119,1.8363887592180825,1.9370434746367153,2.0419118045460456,2.038167129165557,1.9674991856401318,8.19188226767755,1.8613374864434487,1.8732037215271589,8.179894963503974,8.248694850920469,1.962182386660568,1.9294311722313195,2.0531933036730314,2.013806578614862,1.9673750576247604,2.004152649905795,2.038810066541547,2.04510944764934,-4.307553411609092,2.0127830273888603,2.042643754889819,8.336897876214074,2.0318809921353287,8.326396763260528,1.9794283915004234,1.9822013957535074,2.0544790826107464,2.11939467465937,2.0705942494432397,2.101650653493059,2.069245489834506,2.0092620873546267,2.0842237328418944,2.1613556935172236,2.092052307684703,2.0727843857812274,1.9242273898482078,2.0637589542266666,2.0801730610339915,2.0691799603927223,2.0456799527476464,1.972294629587893,2.093410860303631,2.1516249868193955,2.1428866571361227,2.0136424041238716,1.9263820138312193,1.9762681550614714,2.08522062744636,2.081624426652742,-4.243997177099438,2.0642132533270683,2.0927353350732028,2.131782112551602,2.0498849267626773,1.9816881328034037,1.9088265951840688,1.896156037463697,2.0326333145215787,2.060724895566061,8.31932504387164,8.332026179970642
3.7099999999997024,0.9951819037539352,1.9797525470722326,8.346527562432138,2.0538582364635816,2.042960025670874,1.991627786938082,1.8791636068709858,1.894041863298174,2.0214279743453196,8.314913822732109,1.9776373332381192,2.0240535346485125,1.9825838398199633,1.9831328046971899,1.9510904653942864,1.790026265511514,8.026975666930634,1.8014667066215724,8.128877898429284,8.204992697365626,1.879603812550545,1.8984086482589384,2.045531692843576,2.005465567711365,1.9301440401687084,1.777334166110604,8.058498979607595,1.7990661639563932,8.073912269129284,8.144031008113151,1.8549604293465327,8.209248128331453,2.0062259625220316,2.083508799002453,8.240908346890714,1.8347715839217136,8.137934896348726,1.7931816429572158,8.115355650654273,8.079329056269907,1.8364090966911304,1.9370590175286542,2.041910591167123,2.0381630766842846,1.9674952423800574,8.191881353124431,1.8613413732465256,1.8732122883664106,8.179906321276041,8.248706060547585,1.9621906196295147,1.9294346879825275,2.053178668910322,2.01378911303325,1.9673576921868563,2.0041382644383963,2.0388004023454243,2.0451044795054916,-4.307555503005369,2.012780833411011,2.0426385485540965,8.336887912411532,2.0318566747372877,8.326369611338334,1.9794013386068294,1.9821773342590283,2.054459780672543,2.1193800649496644,2.070582483215651,2.1016387882617504,2.0692306266777916,2.0092424591841924,2.0841971532167176,2.1613262599928253,2.0920229663570873,2.0727580454859926,1.9242058406263174,2.0637421257132122,2.0801590814177504,2.0691658815359735,2.0456628669903223,1.9722727662174027,2.0933903166369694,2.151601571466656,2.1428633207376295,2.0136220949526553,1.92636649528366,1.9762573557135836,2.0852126950516263,2.0816163995075785,-4.244008215645672,2.0641974404238597,2.092726798341231,2.13177070019869,2.049873610593271,1.981679813532101,1.9088230691225723,1.8961572431848395,2.0326373943617275,2.0607288798927597,8.31932601480149,8.332022374262968
3.7199999999997013,0.99518301035028,1.9797525206290214,8.346532223973217,2.053860160733094,2.042962010165937,1.9916326125291315,1.879173033980276,1.8940558102303444,2.021444658655132,8.314930441906691,1.9776510863966776,2.024062711150485,1.9825977950562679,1.9831440199184869,1.9511017653067955,1.790040493982367,8.026994438141118,1.8014899772708421,8.128903927046993,8.205018631136193,1.8796268714717193,1.8984271437023994,2.0455478061312227,2.0054789502178383,1.9301575089608445,1.7773505482035574,8.058519914917914,1.7990915967699777,8.073940437534858,8.14405909737039,1.854985645679739,8.209268774062073,2.0062363062995723,2.0835164122190144,8.240916058421059,1.8347822030418974,8.137950070319343,1.7932013227812988,8.1153780441472,8.079351381832408,1.8364285452794524,1.937073880486116,2.0419094309359695,2.0381592011484826,1.9674914712817868,8.191880478629699,1.8613450907043014,1.8732204817727218,8.179917183927346,8.248716781546179,1.9621984937928731,1.9294380506400828,2.053164674972281,2.0137724115075546,1.9673410859673623,2.004124507692087,2.0387911605637634,2.0450997288553077,-4.307557502152706,2.012778736629541,2.042633571337067,8.336878385618608,2.0318334220397993,8.326343647560467,1.9793754688003753,1.9821543243740334,2.0544413218585467,2.1193660932731953,2.070571231185628,2.1016274422846997,2.0692164145396243,2.0092236907540575,2.084171737207241,2.161298114650013,2.091994908474256,2.0727328564967404,1.9241852324309177,2.063726031472689,2.08014571173048,2.0691524176530933,2.045646528601633,1.9722518598963972,2.0933706721575165,2.1515791810412854,2.142841005412661,2.0136026736543093,1.9263516541993473,1.9762470268012375,2.0852051075641658,2.081608721817797,-4.244018772236027,2.0641823191694715,2.092718634974765,2.1317597874881185,2.0498627899163666,1.9816718582713264,1.9088196967109186,1.8961583948459408,2.0326412939312357,2.060732688069125,8.31932694178611,8.332018734242684
3.7299999999997,0.9951840683470331,1.9797524953444268,8.34653668100128,2.053862000852586,2.042963908350869,1.991637227668646,1.8791820490930253,1.8940691469098048,2.021460612337862,8.314946332833513,1.9776642365420942,2.024071485094489,1.9826111389511192,1.9831547442411532,1.9511125713307433,1.7900541010352355,8.027012389425805,1.801512230940761,8.128928817455488,8.20504343012725,1.8796489207969473,1.8984448289638591,2.0455632137346877,2.0054917468306677,1.9301703887801935,1.7773662146786275,8.058539936013958,1.7991159187814636,8.073967375135103,8.144085958585425,1.8550097588539227,8.209288515990108,2.0062461971453964,2.0835236919283004,8.240923432563045,1.8347923582893921,8.137964581889102,1.7932201435574788,8.115399459909113,8.079372732209475,1.8364471438282284,1.9370880932824184,2.041908321550575,2.0381554948766407,1.9674878648748126,8.191879642468692,1.8613486461973856,1.873228317997855,8.179927572996581,8.248727035168692,1.9622060247573392,1.9294412668678989,2.0531512937883685,2.013756440630019,1.967325205810583,2.004111352231883,2.0387823227662274,2.0450951861874853,-4.307559413136694,2.012776732701718,2.0426288131122092,8.336869276634701,2.031811187384433,8.326318819917649,1.979350730356483,1.9821323201787817,2.054423669392262,2.1193527318088883,2.0705604709001064,2.101616592824127,2.0692028248647536,2.009205744355575,2.0841474338139454,2.161271201065692,2.0919680778819263,2.072708768513519,1.924165524219421,2.0637106395264966,2.080132925407159,2.0691395418967846,2.045630904868836,1.9722318686817828,2.093351887456118,2.1515577706252,2.142819666447218,2.0135841014083447,1.9263374610336759,1.9762371478849499,2.0851978500437367,2.0816013784084277,-4.244028867907676,2.0641678592826205,2.0927108286179177,2.131749352500321,2.0498524429901304,1.9816642510638642,1.908816471251667,1.8961594948957876,2.0326450212396017,2.060736327928249,8.319327826842214,8.332015252698856
3.739999999999699,0.9951850798876158,1.979752471167592,8.346540942497766,2.0538637604866183,2.042965723945075,1.991641641494394,1.8791906701842396,1.894081900028694,2.0214758674035638,8.31496152745782,1.977676810153132,2.0240798741699457,1.982623898324495,1.9831649991682652,1.9511229050397774,1.7900671137728663,8.027029556551728,1.8015335120361367,8.128952619411075,8.205067144005671,1.8796700047663744,1.898461739579586,2.0455779466128936,2.0055039832417245,1.9301827053947878,1.777381196775625,8.05855908277202,1.799139178451853,8.073993135667562,8.144111645433798,1.8550328171495576,8.209307393726336,2.006255654940098,2.0835306527904773,8.240930484111765,1.8348020699317258,8.137978459947108,1.7932381427359123,8.115419940577961,8.079393149963094,1.8364649294855007,1.9371016843846534,2.0419072608064055,2.0381519505168746,1.967484416008821,8.191878842988405,1.8613520467845077,1.8732358125885626,8.179937509089356,8.248736841747247,1.962213227453407,1.9294443430400365,2.053138498518522,2.013741168452168,1.96731002000555,2.0040987718162233,2.0387738713237655,2.0450908424057954,-4.307561239860558,2.012774817481972,2.0426242642042913,8.336860567105695,2.0317899261610934,8.3262950786787,1.979327073810721,1.9821112777551546,2.054406788096897,2.1193399539450826,2.0705501808849145,2.101606218139105,2.0691898303538676,2.009188583938377,2.084124194277536,2.1612454652919797,2.091942420883926,2.0726857334320323,1.924146676734931,2.0636959192836084,2.0801206970358175,2.0691272285904887,2.045615964512857,1.9722127524728508,2.0933339248552953,2.1515372972736295,2.142799261088589,2.013566341092019,1.926323887527916,1.9762276994086982,2.0851909081923803,2.0815943547601705,-4.244038522780011,2.064154031810257,2.0927033636335466,2.131739374281193,2.0498425490306897,1.981656976654582,1.9088133863394963,1.8961605456701123,2.03264858393669,2.0607398069510263,8.319328671891595,8.332011922734155
3.749999999999698,0.9951860470201499,1.9797524480499027,8.346545017048909,2.0538654431414893,2.0429674605106545,1.9916458627508598,1.8791989144473278,1.894094095112485,2.021490454458597,8.314976056320688,1.977688832542476,2.0240878952863914,1.9826360988164349,1.9831748052596045,1.9511327870662831,1.7900795581191347,8.027045973729756,1.8015538630263053,8.128975380496412,8.205089820263444,1.8796901656784144,1.8984779095231479,2.045592034361995,2.005515684012742,1.9301944834441649,1.7773955243723651,8.05857739333303,1.799161422132611,8.074017770527181,8.144136209246156,1.8550548667324036,8.209325445141637,2.006264698687565,2.0835373088169686,8.240937227210608,1.8348113573505258,8.137991732124862,1.7932553561382716,8.115439526936681,8.079412675800594,1.8364819377762862,1.9371146810112085,2.0419062465924696,2.0381485610331205,1.9674811178403124,8.191878078604761,1.8613552992165732,1.873242980416974,8.179947011918271,8.248746220733148,1.9622201161644421,1.9294472852532945,2.0531262634991436,2.013726564421189,1.967295498223345,2.0040867413453776,2.0387657893740205,2.0450866888110433,-4.307562986053426,2.012772987012678,2.0426199153689413,8.336852239486383,2.0317695957177833,8.326272376290637,1.9793044518601546,1.9820911550997087,2.054390644326165,2.119327734227282,2.0705403406022245,2.1015962974417506,2.0691774049080545,2.0091721750370835,2.0841019719801097,2.1612208557472914,2.0919178861344916,2.0726637052479644,1.9241286524289258,2.0636818414808094,2.0801090023078284,2.0691154531774445,2.0456016776253065,1.9721944729299883,2.0933167483327715,2.151517719928019,2.142779748459047,2.0135493572060557,1.926310906653469,1.9762186626621308,2.0851842683272324,2.081587636981354,-4.244047756094638,2.06414080906909,2.0926962250714767,2.1317298327992398,2.0498330881695908,1.9816500204593208,1.9088104358484472,1.8961615493969899,2.032651989329201,2.06074313228232,8.319329478765793,8.332008737751256
3.759999999999697,0.9951869717017567,1.9797524259448829,8.34654891286319,2.053867052171952,2.042969121458793,1.9916498998058703,1.8792067983278622,1.8941057565709067,2.0215044027672886,8.314989948620964,1.977700327908373,2.024095564608087,1.982647764939238,1.9831841821731564,1.9511422371423586,1.7900914588700467,8.027061673681942,1.801573324529203,8.128997146215356,8.205111504313011,1.879709443975241,1.8984933712744723,2.045605505275756,2.0055268726253326,1.9302057464888887,1.777409226043896,8.058594904177733,1.7991826941570956,8.074041328868116,8.144159699110599,1.8550759517462776,8.209342706443753,2.0062733465539897,2.083543673399532,8.240943675380214,1.8348202390802757,8.138004424850816,1.7932718180282006,8.115458257993541,8.079431348655191,1.8364982026734518,1.937127109186736,2.0419052768875257,2.0381453196918695,1.9674779638197526,8.191877347799922,1.8613584099501048,1.8732498357096914,8.179956100341323,8.248755190734729,1.9622267045545216,1.929450099339252,2.0531145641914588,2.0137125993190743,1.9672816114571194,2.0040752368120547,2.0387580607882105,2.0450827170838086,-4.307564655278199,2.012771237515392,2.0426157577731714,8.336844277004586,2.0317501552743713,8.326250667283153,1.9792828192689906,1.982071912040478,2.054375205898046,2.119316048308123,2.0705309304098494,2.1015868108553586,2.0691655235757533,2.009156484701265,2.0840807223507194,2.1611973231122468,2.091894424535287,2.072642639965454,1.9241114153872574,2.063668378125464,2.0800978179703176,2.0691041921719533,2.045588015608269,1.9721769933970053,2.0933003234484073,2.151498999332812,2.142761089473368,2.0135331158036136,1.9262984925585196,1.9762100197443595,2.085177917354445,2.081581211781063,-4.2440565862536355,2.064128164589706,2.0926893986381456,2.131720708904647,2.049824041413165,1.9816433685351869,1.9088076139197232,1.8961625082019677,2.0326552443963557,2.0607463107463535,8.319330249210516,8.332005691439791
3.769999999999696,0.9951878558026638,1.9797524048081032,8.346552637788026,2.0538685907876624,2.0429707100559193,1.9916537606665445,1.8792143375558976,1.894116907746648,2.0215177403108795,8.31500323227449,1.9777113193839628,2.0241028975870643,1.9826589201273248,1.983193148704776,1.9511512741390098,1.7901028397425578,8.027076687705987,1.801591935391808,8.129017960083667,8.205132239578397,1.8797278783244968,1.8985081558858314,2.045618386403222,2.0055375715287633,1.9302165170578824,1.7774223291191675,8.058611650198634,1.7992030369280525,8.07406385770115,8.144182161970551,1.8550961144017417,8.20935921225064,2.0062816159051122,2.083549759338001,8.240949841546124,1.8348287328453703,8.138016563402575,1.7932875611787533,8.115476171059008,8.079449205763094,1.836513756665499,1.9371389937946868,2.041904349756432,2.0381422200494343,1.9674749476792295,8.19187664911972,1.8613613851600945,1.8732563920756478,8.179964792398668,8.248763769553587,1.9622330056950947,1.929452790875791,2.053103377132157,2.013699245204412,1.9672683319646913,2.0040642352541242,2.0387506701394207,2.045078919267928,-4.307566250939064,2.0127695653825235,2.042611782976806,8.336836663626906,2.0317315658401833,8.326229908177291,1.9792621327783309,1.982053510157369,2.054360442031381,2.1193048728994905,2.070521931522299,2.1015777393743753,2.0691541625020693,2.0091414814285504,2.0840604027751355,2.1611748202301784,2.091871989136946,2.072622495509549,1.9240949312593263,2.063655502440719,2.0800871217805947,2.06909342311276,2.045574951116756,1.9721602788269184,2.093284617274393,2.151481097955936,2.142743246759998,2.01351758442237,1.92628662051699,1.976201753529271,2.085171842744186,2.0815750664433943,-4.244065030856153,2.0641160730631687,2.0926828706676064,2.1317119842902077,2.049815390603737,1.9816370075521659,1.9088049149500264,1.8961634241129317,2.032658355804841,2.0607493488613793,8.31933098488983,8.332002777763897
3.7799999999996947,0.9951887011101145,1.979752384597089,8.346556199325704,2.0538700620593593,2.0429722294296337,1.9916574529945914,1.8792215471769118,1.894127570961942,2.0215304938438687,8.31501593397068,1.9777218290843985,2.024109908994688,1.9826695867848743,1.9832017228260954,1.9511599161036521,1.7901137234213007,8.027091045736963,1.8016097327671086,8.129037863715753,8.205152067582354,1.8797455056973789,1.8985222930448777,2.045630703603808,2.0055478021855944,1.9302268166936847,1.7774348597352425,8.058627664768876,1.7992224910013546,8.074085401986894,8.144203642718384,1.8551153950608892,8.209374995660529,2.006289523341783,2.083555578866757,8.240955738065171,1.8348368555955514,8.138028171956819,1.7933026169369397,8.115493301819324,8.079466282737238,1.8365286308213908,1.9371503586275165,2.0419034633466238,2.038139255939729,1.9674720634206089,8.191875981171169,1.8613642307522926,1.8732626625327742,8.179973105347838,8.248771974219304,1.962239032090515,1.9294553651981177,2.0530926798861975,2.0136864753567014,1.9672556332136224,2.0040537147093618,2.038743602672246,2.0450752877546914,-4.307567776288652,2.0127679671694017,2.042607982914772,8.33682938402598,2.0317137901352433,8.326210057398148,1.9792423510198611,1.9820359127059948,2.0543463232851873,2.11929418572668,2.070513325973515,2.1015690648261476,2.0691432988803475,2.0091271351006976,2.0840409725096176,2.161153302012044,2.0918505350449372,2.072603231642461,1.924079167190298,2.06364318881304,2.080076892462532,2.0690831245184524,2.0455624580036917,1.972144295711031,2.0932695983285443,2.1514639799128195,2.1427261845857117,2.013502732019573,1.9262752668796859,1.9761938476322962,2.0851660325066628,2.0815691888027987,-4.244073106733408,2.0641045102899724,2.0926766280938174,2.131703641453991,2.0498071183825677,1.98163092476602,1.9088023335804016,1.8961642990647316,2.032661329923053,2.0607522528536455,8.319331687390129,8.331999990950276
3.7899999999996936,0.9951895093321017,1.979752365271235,8.34655960464861,2.053871468924791,2.042973682574407,1.9916609841209796,1.879228441581427,1.8941377675631201,2.021542688947887,8.31502807922659,1.977731878151867,2.0241166129518136,1.9826797863313315,1.9832099217207593,1.9511681802959797,1.790124131603308,8.027104776406361,1.8016267521877516,8.129056896907672,8.20517102802968,1.879762361443273,1.8985358111348776,2.0456424815999132,2.005557585115277,1.9302366659957082,1.7774468428891645,8.05864297980812,1.7992410951661366,8.074106004724953,8.144224184284958,1.8551338323184032,8.209390088318916,2.006297084733922,2.083561143679991,8.240961376750711,1.8348446235397864,8.138039273637128,1.7933170152855056,8.115509684406938,8.079482613637884,1.8365428548525504,1.9371612264346676,2.0419026158847284,2.0381364214625406,1.9674693053041614,8.191875342620033,1.8613669523749612,1.8732686595335308,8.179981055697459,8.24877982102267,1.9622447957024836,1.929457827409309,2.053082451001692,2.013674264223093,1.967243489828654,2.0040436541721323,2.038736844273738,2.0450718152677196,-4.307569234434876,2.0127664395867364,2.042604349880203,8.33682242354923,2.031696792515,8.326191075191383,1.9792234344333004,1.9820190845447971,2.0543328215005814,2.1192839654845166,2.0705050965812175,2.101560769834342,2.069132910905907,2.009113416922521,2.084022392598512,2.161132725345539,2.0918300193295565,2.0725848098834674,1.9240640917562344,2.0636314127419784,2.080067109664799,2.069073275844795,2.0455505112673285,1.9721290120111623,2.093255236510568,2.1514476108937948,2.14270986878359,2.01348852890994,1.926264409027551,1.9761862863785775,2.0851604751691424,2.081563567220458,-4.2440808299821695,2.064093453131267,2.092670658424179,2.1316956636636952,2.0497992081544654,1.981625107992391,1.9087998646855715,1.8961651349035757,2.0326641728346626,2.060755028670709,8.319332358223901,8.331997325476793
3.7999999999996925,0.9951902821009266,1.9797523467917209,8.346562860613782,2.0538728141943956,2.042975072357072,1.9916643610600058,1.879235034533361,1.8941475179632294,2.021554350083181,8.315039692438607,1.9777414867985952,2.0241230229575815,1.9826895392448916,1.9832177618190572,1.9511760832222835,1.7901340850408176,8.027117907098608,1.8016430276365043,8.12907509771648,8.205189158886874,1.8797784793610863,1.8985487372922631,2.045653744027191,2.0055669399358105,1.9302460846615992,1.7774583024875765,8.058657625845624,1.7992588865214785,8.07412570703926,8.144243827725251,1.8551514630790498,8.209404520482543,2.0063043152529425,2.0835664649558123,8.240966768896685,1.8348520521786673,8.138049890559687,1.7933307849020559,8.115525351467877,8.079498231040114,1.8365564571721544,1.937171618968431,2.0419018056733003,2.03813371097228,1.9674666678376505,8.191874732188506,1.861369555430111,1.8732743949893436,8.179988659239534,8.248787325547518,1.962250307973454,1.9294601823903998,2.0530726699667725,2.013662587367441,1.9672318775414164,2.0040340335519287,2.0387303814455815,2.045068494848499,-4.307570628347439,2.012764979493439,2.042600876508332,8.336815768188982,2.0316805388983843,8.326172923543435,1.9792053451874467,1.9820029920653237,2.0543199097451836,2.119274191795364,2.070497226912805,2.1015528377839923,2.069122977731831,2.0091002993635287,2.0840046257955067,2.1611130490082213,2.0918104009398704,2.0725671934322816,1.924049674902015,2.063620150792079,2.0800577539208835,2.069063857443916,2.045539087000978,1.9721143970948836,2.0932415030411615,2.151431958094714,2.142694266684196,2.0134749467062774,1.9262540253269365,1.97617905477248,2.0851551597539224,2.081558190561661,-4.244088215996776,2.0640828794622297,2.0926649497142407,2.1316880349225897,2.049791644053986,1.9816195455820629,1.9087975033637357,1.8961659333912075,2.0326668903515555,2.060757681994121,8.319332998833298,8.331994776061565
3.8099999999996914,0.9951910209765951,1.9797523291214338,8.346565973776817,2.053874100556746,2.0429764015220933,1.9916675905227823,1.8792413391971676,1.894156841682789,2.021565500637847,8.31505079693179,1.9777506743479418,2.0241291519169358,1.9826988651040423,1.9832252588310297,1.951183640668277,1.7901436035822378,8.027130464005186,1.8016585916136716,8.129092502536157,8.2052064964583,1.8797938917674253,1.89856109746162,2.0456645134825737,2.005575885403534,1.9302550915267715,1.7774692613941885,8.058671632080586,1.7992759005497845,8.074144548259671,8.144262612300261,1.8551683226317663,8.209418321080568,2.0063112294027214,2.0835715533792594,8.240971925300624,1.8348591563353873,8.13806004387707,1.7933439532156399,8.11554033422625,8.079513166098439,1.8365694649518365,1.937181557027777,2.0419010310876855,2.038131119067182,1.9674641457658582,8.191874148652948,1.8613720450842495,1.8732798802939996,8.179995931080368,8.248794502701207,1.9622555798490402,1.9294624348100322,2.053063317168357,2.013651421421576,1.9672207731423046,2.00402483363369,2.038724201277473,2.045065319842538,-4.307571960864058,2.0127635838897877,2.0425975557611147,8.336809404553955,2.03166499669905,8.32615556610521,1.979188047104667,1.98198760312552,2.0543075622599245,2.1192648451689253,2.0704897012527157,2.1015452527880796,2.0691134794267265,2.0090877561021636,2.0839876364883767,2.1610942335844787,2.091791640621432,2.0725503470957762,1.924035887881931,2.063609380546851,2.0800488066108205,2.0690548505252635,2.045528162344959,1.9721004216736275,2.0932283704038146,2.151416990150649,2.1426793470497776,2.013461958262695,1.9262440950868032,1.9761721384683908,2.085150075757213,2.0815530481741344,-4.244095279499771,2.064072768127508,2.0926594905435336,2.131680739936991,2.049784410913145,1.9816142263973313,1.9087952449268175,1.8961666962088757,2.0326694880261575,2.0607602182515175,8.31933361059352,8.331992337652501
3.8199999999996903,0.9951917274500585,1.9797523122248928,8.346568950405167,2.053875330583764,2.0429776726966447,1.9916706789301677,1.8792473681638129,1.894165757388774,2.0215761629748856,8.315061415007081,1.9777594592736536,2.0241350121669033,1.9827077826272606,1.98323242777811,1.951190867730497,1.7901527062113507,8.027142472176356,1.8016734752015977,8.129109146170203,8.205223075459001,1.879808629561761,1.8985729164482372,2.0456748115701435,2.0055844394511504,1.9302637046022098,1.7774797414751884,8.05868502643989,1.7992921711870005,8.074162566000068,8.144280575555342,1.8551844447204926,8.209431517772998,2.0063178410491718,2.0835764191642636,8.240976856285615,1.8348659501853646,8.138069753820087,1.7933565464609027,8.115554662545954,8.079527448608598,1.8365819041759204,1.9371910605002511,2.0419002905730004,2.0381286405789543,1.9674617340605423,8.191873590841709,1.8613744262786558,1.8732851263460386,8.180002885670147,8.248801366743795,1.9622606217994703,1.9294645891336903,2.053054373852725,2.013640744038693,1.967210154434436,2.0040160360398294,2.038718291421638,2.045062283886124,-4.307573234696391,2.0127622499109283,2.0425943809125706,8.336803319842003,2.031650134759651,8.326138968119137,1.9791715055886772,1.9819728869859092,2.0542957544081335,2.119255906963777,2.0704825045712134,2.101537999655583,2.069104396934363,2.009075761972512,2.0839713906270645,2.161076241386154,2.0917737008376065,2.072534237217875,1.9240227032028372,2.0635990805646953,2.080040249924562,2.0690462371182545,2.0455177154406567,1.972087057743538,2.093215812289196,2.151402677072532,2.142665080011377,2.0134495376203088,1.9262345985177667,1.9761655237427522,2.085145213128906,2.0815481298672935,-4.244102034571191,2.064063098898621,2.092654269992489,2.1316737640851837,2.049777494230576,1.9816091397894255,1.9087930848911379,1.8961674249611082,2.032671971163193,2.0607626426281422,8.319334194816035,8.331990005417337
3.829999999999689,0.9951924029463047,1.9797522960681755,8.346571796490828,2.0538765067357274,2.0429788883954845,1.9916736324251587,1.8792531334756355,1.894174282931898,2.0215863584771894,8.315071567986404,1.977767859237378,2.0241406155017057,1.982716309710939,1.9832392830233698,1.9511977788463428,1.7901614110848318,8.027153955570737,1.8016877081263725,8.129125061901078,8.205238929084334,1.8798227222887178,1.8985842179683183,2.0456846589449706,2.0055926192240556,1.930271941110603,1.7774897636426832,8.058697835633364,1.7993077308897973,8.074179796233059,8.144297753395119,1.8551998616118894,8.209444137006548,2.006324163448495,2.0835810720746224,8.240981571721274,1.834872447284566,8.138079039737864,1.793368589729904,8.115568364989729,8.079541107066685,1.8365937996932802,1.9372001484020158,2.041899582641233,2.0381262705628487,1.9674594279107989,8.191873057633037,1.861376703739209,1.8732901435701819,8.180009536831282,8.248807931315978,1.9622654438401217,1.9294666496325288,2.0530458220878254,2.013630533848772,1.9672000001895955,2.004007623193882,2.038712640068437,2.0450593808936537,-4.307574452435698,2.0127609748206754,2.042591345534789,8.336797501814068,2.0316359232890244,8.326123096349416,1.9791556875554737,1.9819588142485347,2.0542844626268195,2.1192473593505494,2.0704756224945258,2.1015310638609432,2.069095712035097,2.0090642929133864,2.083955855654944,2.1610590363766775,2.0917565456943503,2.072518831612506,1.924010094569758,2.063589230336724,2.080032066826914,2.069038000036552,2.045507725386613,1.972074278528945,2.093203803542007,2.1513889901866055,2.1426514370087237,2.0134376599553208,1.9262255166929154,1.9761591974672812,2.0851405622531836,2.0815434258923657,-4.244108494676588,2.0640538524332475,2.0926492776203673,2.1316670933877413,2.049770880142069,1.981604275576938,1.9087910189684936,1.8961681211793036,2.03267434483089,2.0607649600778353,8.319334752751642,8.331987774734067
3.839999999999688,0.9951930488273089,1.9797522806188512,8.346574517762495,2.0538776313660563,2.042980051025637,1.99167645688477,1.8792586466501446,1.8941824353822696,2.0215961075905544,8.315081276255752,1.9777758911245018,2.0241459731967493,1.982724463465632,1.9832458383004328,1.9512043878228091,1.7901697355681503,8.027164937102679,1.8017013188168687,8.12914028155662,8.20525408907653,1.8798361981976088,1.8985950246969667,2.04569407535499,2.005600441115053,1.9302798175208955,1.7774993478962526,8.05871008520665,1.7993226106998605,8.074196273361446,8.144314180155142,1.8552146041600832,8.209456204068033,2.0063302092741577,2.083585521444011,8.240986081043792,1.8348786605965937,8.138087920136146,1.7933801070217068,8.115581468875655,8.079554168725714,1.8366051752669408,1.9372088389161282,2.0418989058684507,2.0381240042881363,1.967457222713819,8.19187254795305,1.861378881985786,1.8732949419378486,8.180015897785534,8.24881420946584,1.9622700555511798,1.9294686203918234,2.0530376447272465,2.0136207704159386,1.9671902901060854,2.0039995782857356,2.0387072359230234,2.045056605045512,-4.307575616558234,2.0127597560056163,2.0425884434845774,8.336791938769315,2.0316223338021504,8.326107919015348,1.9791405613672757,1.9819453567985494,2.054273664380049,2.119239185276698,2.0704690412762705,2.1015244315148607,2.069087407309019,2.0090533259196617,2.083941000443129,2.1610425840985408,2.0917401408682808,2.072504099499469,1.923998036833836,2.0635798102463827,2.080024241023975,2.0690301228438877,2.045498172196539,1.972062058428333,2.0931923201101865,2.151375902076548,2.142638390732768,2.013426301529372,1.926216831510321,1.9761531470833251,2.085136113929936,2.081538926923366,-4.244114672693829,2.0640450102363133,2.0926445034441823,2.1316607144791635,2.049764555392423,1.9815996240252127,1.9087890430576302,1.896168786325143,2.0326766138716685,2.060767175333504,8.319335285593349,8.3319856411818
3.849999999999687,0.9951936663948489,1.9797522658459132,8.346577119697155,2.053878706725906,2.042981162890895,1.991679157931416,1.8792639187027897,1.8941902310635,2.021605429864796,8.315090559306391,1.9777835710783993,2.024151096031545,1.98273226025069,1.9832521067411144,1.9512107078639687,1.7901776962699265,8.027175438687637,1.8017143344612236,8.129154835573573,8.205268585788353,1.879849084299349,1.8986053583140412,2.0457030796810174,2.005607920797521,1.9302873495813149,1.7775085133627024,8.058721799591805,1.7993368403053955,8.074212030286581,8.14432988867041,1.855228701868568,8.209467743135374,2.006335990642667,2.0835897761950997,8.240990393275078,1.8348846025185803,8.138096412713997,1.7933911212898292,8.115594000331242,8.079566659649732,1.8366160536215135,1.937217149429124,2.04189825889212,2.0381218372289824,1.9674551140660288,8.191872060773774,1.861380965341248,1.8732995309867864,8.180021981179973,8.248820213674446,1.962274466096458,1.9294705053190524,2.0530298253757597,2.0136114341976796,1.9671810047683984,2.003991885238338,2.0387020681830013,2.045053950776479,-4.307576729430414,2.0127585909694945,2.0425856688907196,8.336786619521344,2.0316093390627583,8.326093405727569,1.9791260967693494,1.9819324877483362,2.0542633381143376,2.1192313684327853,2.0704627477701285,2.101518089336389,2.069079466100726,2.009042838995772,2.0839267952276868,2.1610268516039732,2.0917244535379114,2.0724900114430933,1.92398650594253,2.063570801530806,2.0800167569310224,2.0690225898213748,2.0454890367591867,1.97205037296271,2.0931813389963745,2.1513633865281654,2.1426259150707554,2.0134154396420643,1.9262085256571677,1.9761473605773061,2.085131859356964,2.0815346240388766,-4.244120580938723,2.06403655462279,2.0926399379185474,2.1316546145807784,2.0497585073085576,1.9815951758266548,1.9087871532360845,1.8961694217938405,2.0326787829123316,2.0607692929171164,8.31933579447913,8.331983600532034
3.859999999999686,0.9951942568931935,1.9797522517197172,8.34657960753116,2.0538797349685636,2.042982226196146,1.9916817409438201,1.8792689601687542,1.894197685585315,2.0216143439930563,8.315099435774224,1.9777909145331576,2.0241559943116068,1.9827397157073536,1.9832581009018386,1.9512167515972638,1.7901853090748048,8.02718548128557,1.801726781060867,8.129168753058316,8.205282448243963,1.8798614064208514,1.8986152395479785,2.0457116899749814,2.0056150732571085,1.9302945523509543,1.7775172783340907,8.058733002155693,1.799350448099981,8.074227098473777,8.1443449103409,1.855242182949387,8.209478777326375,2.0063415191381884,2.083593844857801,8.240994517041061,1.8348902849059605,8.138104534398856,1.7934016544876497,8.11560598434514,8.079578604765587,1.8366264564885573,1.9372250965659918,2.041897640408528,2.038119765055694,1.967453097754593,8.191871595111278,1.8613829579400356,1.873303919839859,8.18002779911184,8.248825955880369,1.962278684241406,1.9294723081516258,2.053022348356386,2.0136025065058347,1.9671721256086399,2.003984528675856,2.038697126517048,2.045051412764634,-4.307577793313719,2.012757477327857,2.0425830161418186,8.336781533375506,2.0315969130284666,8.326079527427083,1.9791122648295885,1.9819201813840481,2.0542534632159595,2.1192238932202154,2.0704567294036957,2.1015120246262486,2.069071872485659,2.0090328111112665,2.083913211549625,2.1610118073886686,2.0917094523178887,2.072476539293571,1.9239754788919634,2.0635621862438316,2.0800095996417696,2.0690153859362352,2.0454803007999747,1.9720391987262518,2.0931708382115173,2.1513514184765308,2.1426139850537154,2.0134050525855614,1.9262005825754378,1.9761418264572117,2.085127790112923,2.0815305087045983,-4.244126231189545,2.064028468682143,2.0926355719164254,2.1316487814748566,2.0497527237738233,1.9815909220819112,1.9087853457523838,1.8961700289172314,2.032680856373787,2.0607713171492215,8.31933628049455,8.33198164874026
3.869999999999685,0.9951948215116657,1.9797522382119206,8.34658198627084,2.0538807181536596,2.0429832430515154,1.9916842110674655,1.8792737811238103,1.8942048138747511,2.0216228678493886,8.315107923477424,1.9777979362448481,2.024160677889376,1.982746844790383,1.9832638327888958,1.9512225310986528,1.7901925891749102,8.027195084942472,1.8017386834822116,8.12918206184499,8.205295704197088,1.879873189257028,1.8986246882176743,2.0457199234964625,2.005621912822029,1.9303014402299619,1.777525660304102,8.058743715246315,1.7993634612388731,8.074241508014872,8.14435927519426,1.8552550743797172,8.209489328745311,2.0063468058360665,2.083597735586698,8.240998460589138,1.8348957190961472,8.138112301380124,1.7934117276118509,8.115617444816657,8.079590027912449,1.8366364046499635,1.9372326962236006,2.0418970491703154,2.038117783626328,1.9674511697492671,8.191871150023857,1.8613848637363875,1.873308117223028,8.180033363152333,8.24883144750314,1.962282718370354,1.9294740324642845,2.053015198678904,2.0135939694692913,1.967163634869616,2.003977493893197,2.0386924010444534,2.045048985920747,-4.307578810369399,2.012756412802955,2.042580479874687,8.336776670107188,2.031585030798345,8.326066256326994,1.9790990378807285,1.9819084131144753,2.054244019970106,2.119216744720364,2.0704509741534776,2.1015062252413177,2.06906461123794,2.009023222158337,2.083900222197536,2.1609974213284344,2.0916951071961196,2.072463656130838,1.9239649336813305,2.0635539472206,2.0800027548989477,2.0690084968118945,2.045471946844312,1.9720285133391324,2.093160796730529,2.15133997395546,2.142602576806275,2.013395119601184,1.9261929864290794,1.976136533730084,2.085123898140988,2.081526572756653,-4.244131634710479,2.064020736244333,2.092631396710724,2.131643203479874,2.0497471932034537,1.9815868542818906,1.9087836170185875,1.8961706089667154,2.0326828384803193,2.060773252158036,8.319336744675233,8.331979781937997
3.8799999999996837,0.9951953613870944,1.9797522252954254,8.346584260702633,2.053881658251205,2.0429842154763587,1.9916865732246047,1.8792783912042765,1.894211630205988,2.021631018524679,8.315116039452393,1.977804650321409,2.0241651561842153,1.9827536617982844,1.9832693138825852,1.9512280579166614,1.7901995510999473,8.0272042688301,1.8017500655060992,8.129194788551043,8.205308380186684,1.8798844564204982,1.8986337232725106,2.045727796747601,2.0056284531920023,1.9303080269884088,1.7775336760028406,8.058753960237098,1.7993759056928773,8.074255287688073,8.144373011945742,1.8552674019559696,8.209499418527502,2.0063518613252938,2.0836014561776826,8.241002231804897,1.8349009159311807,8.138119729141255,1.7934213607439908,8.115628404603106,8.079600951889187,1.8366459179794428,1.937239963602656,2.0418964839840927,2.03811588897866,1.9674493261945918,8.19187072461029,1.8613866865121993,1.8733121314825605,8.180038684369379,8.248836699465713,1.9622865765030117,1.929475681676172,2.053008362009739,2.0135858059982974,1.9671555155695235,2.0039707668268476,2.038687882315543,2.0450466653781265,-4.307579782662947,2.0127553952188886,2.0425780549632715,8.336772019941073,2.0315736685627876,8.326053565856775,1.9790863894650863,1.9818971594221222,2.0542349895218064,2.119209908665031,2.0704454705209634,2.101500679570247,2.069057667799617,2.0090140529112226,2.083887801152772,2.1609836646186302,2.0916813894736537,2.072451336210908,1.9239548492692748,2.0635460680436752,2.0799962090661555,2.069001908699369,2.045463958182523,1.972018295402436,2.093151194449911,2.15132903004922,2.142591667498668,2.013385620837892,1.926185722072595,1.9761314718804717,2.085120175733206,2.0815228083855932,-4.244136802274041,2.0640133418473283,2.0926274039567154,2.1316378694268785,2.049741904521111,1.9815829642905818,1.9087819636031527,1.8961711631560538,2.0326847332684372,2.0607751018881113,8.319337188009237,8.331977996425104
3.8899999999996826,0.9951958776061487,1.9797522129443232,8.34658643540275,2.0538825571454553,2.042985145403085,1.9916888321238553,1.8792827996261123,1.8942181482288787,2.021638812360999,8.315123799988148,1.9778110702512064,2.0241694382015143,1.9827601804021968,1.9832745551602962,1.951233343095391,1.7902062087459956,8.027213051283995,1.8017609498751022,8.129206958630402,8.205320501590124,1.8798952304891068,1.8986423628306113,2.0457353255064628,2.0056347074659184,1.930314325793887,1.7775413414301158,8.058763757569304,1.799387806299885,8.074268465015207,8.144386148055537,1.8552791903455166,8.209509066881868,2.0063566957299734,2.08360501408385,8.24100583822805,1.8349058857793816,8.138126832490496,1.7934305730902764,8.115638885565126,8.079611398499686,1.8366550154822041,1.9372469132382493,2.0418959437081625,2.0381140773224744,1.9674475634024096,8.19187031800816,1.8613884298845413,1.873315970601494,8.180043773349428,8.248841722215957,1.9622902663102606,1.929477259057602,2.0530018246431827,2.01357799975034,1.96714775146817,2.0039643340269784,2.0386835612929426,2.045044446482909,-4.307580712168382,2.01275442249697,2.042575736508074,8.33676757353134,2.031562803555594,8.326041430608976,1.979074294281709,1.981886397816414,2.054226353838533,2.11920337140818,2.0704402075097392,2.101495376510136,2.069051028251286,2.0090052849874116,2.0838759235370374,2.1609705097162695,2.091668271707197,2.072439554914533,1.9239452055321558,2.06353853301063,2.079989949100919,2.068995608449903,2.045456318836327,1.9720085244550607,2.0931420121472506,2.151318564846371,2.142581235300869,2.013376537312594,1.926178775020993,1.9761266308498007,2.0851166155155085,2.0815192081210925,-4.244141744182534,2.0640062707060456,2.0926235856752236,2.1316327686369063,2.049736847136478,1.9815792443286318,1.908780382224113,1.896171692644037,2.032686544595309,2.0607768701085956,8.319337611439286,8.331976288662489
3.8999999999996815,0.9951963712075721,1.979752201133843,8.346588514746436,2.053883416638609,2.042986034680823,1.9916909922693833,1.8792870152031915,1.894224380996239,2.0216462649844473,8.31513122065917,1.977817208930322,2.024173532550947,1.9827664136735004,1.9832795671185721,1.951238397196524,1.7902125754030653,8.02722144983986,1.8017713583387698,8.129218596424268,8.205332092674068,1.879905533051345,1.8986506242154038,2.0457425248589196,2.0056406881682736,1.9303203492378989,1.7775486718872748,8.058773126792584,1.7993991868141805,8.074281066316477,8.144398709783587,1.8552904631361462,8.209518293131643,2.006361318729834,2.0836084164306796,8.241009287067689,1.83491063855606,8.138133625590259,1.793439383019619,8.11564890861003,8.079621388596198,1.8366637153328988,1.9372535590290583,2.041895427250333,2.0381123450321845,1.967445877844693,8.191869929392242,1.861390097312846,1.873319642215396,8.180048640218311,8.248846525747226,1.9622937951292678,1.929478767736533,2.052995573473864,2.0135705350974997,1.9671403270346588,2.003958182630743,2.0386794293336536,2.045042324784776,-4.307581600772325,2.0127534926513175,2.042573519826058,8.336763321942714,2.0315524140081647,8.326029826288286,1.9790627281358288,1.981876106788934,2.054218095674427,2.1191971198988866,2.070435174603603,2.101490305444251,2.0690446792840036,2.008996900810557,2.0838645655623016,2.160957930284677,2.0916557276541474,2.072428288698114,1.923935983224119,2.0635313271030165,2.079983962528911,2.068989583488793,2.045449013526778,1.9719991809325257,2.0931332314425037,2.1513085573956467,2.14257125933874,2.0133678508721857,1.92617213142104,1.9761220010166254,2.0851132104333554,2.0815157648172984,-4.244146470288555,2.0639995086826546,2.092619934236563,2.1316278908993938,2.049732010923842,1.9815756869576546,1.9087788697425534,1.8961721985370206,2.0326882761468177,2.0607785604211246,8.319338015864906,8.331974655265075
3.9099999999996804,0.9951968431843123,1.9797521898403012,8.346590502916806,2.053884238454352,2.04298688507895,1.991693057969705,1.879291046364787,1.894230340989939,2.021653391336543,8.315138316356823,1.9778230786886408,2.0241774474639143,1.982772374110201,1.983284359794204,1.9512432303203713,1.7902186637814586,8.027229481268353,1.8017813116969135,8.129229725209758,8.205343176643092,1.879915384749777,1.8986585239905667,2.0457494092291206,2.005646407274438,1.930326109361083,1.7775556820076548,8.058782086603777,1.7994100699536113,8.074293116762853,8.144410722242045,1.8553012428833504,8.20952711575327,2.0063657395798216,2.0836116700305274,8.24101258521683,1.834915183743313,8.138140121985243,1.793447808100042,8.115658493733285,8.079630942120808,1.8366720349119083,1.937259914265263,2.0418949335658136,2.0381106886397595,1.9674442661466747,8.191869557972957,1.8613916921057834,1.8733231536274388,8.180053294661208,8.248851119618049,1.9622971699779512,1.9294802107047595,2.0529895959704385,2.0135633970952367,1.9671332274164768,2.003952300336739,2.0386754781719008,2.0450402960280605,-4.307582450277903,2.0127526037846444,2.0425714004410076,8.336759256632387,2.031542479105711,8.32601872966283,1.9790516678905252,1.9818662657706032,2.0542101985360715,2.1191911416554636,2.0704303617456206,2.101485456220707,2.069038608172443,2.0089888835750345,2.083853704482915,2.1609459011405754,2.0916437322200387,2.0724175150467383,1.9239271639388977,2.0635244359566784,2.0799782374192852,2.0689838217903533,2.0454420276436256,1.9719902461275918,2.093124834760988,2.1512989876637825,2.1425617196521114,2.0133595441572543,1.9261657780237598,1.976117573177727,2.085109953737994,2.0815124716388005,-4.244150990014623,2.063993042258193,2.092616442345184,2.131623226451563,2.049727386201633,1.981572285065235,1.9087774231563743,1.8961726818913403,2.0326899314452436,2.0607801762673392,8.319338402144457,8.33197309299513
3.9199999999996793,0.9951972944855567,1.9797521790410524,8.346592403913313,2.0538850242412527,2.0429876982904673,1.9916950333461148,1.879294901172297,1.8942360401458642,2.021660205704244,8.315145101319363,1.977828691314776,2.0241811908102187,1.9827780736621505,1.9832889427843954,1.951247852126005,1.7902244860369914,8.02723716160839,1.8017908298410086,8.12924036724637,8.205353775686213,1.8799248053225486,1.89866607799343,2.045755992408609,2.005651876234802,1.9303316176773402,1.7775623857857121,8.058790654884033,1.799420477444714,8.07430464042617,8.144422209445395,1.855311551155535,8.209535552413598,2.0063699671288284,2.0836147813964785,8.241015739266343,1.8349195304089643,8.138146334629326,1.7934558651335173,8.115667660058184,8.07964007814511,1.8366799908400462,1.9372659916552335,2.0418944616552004,2.0381091048279525,1.9674427250802604,8.19186920299488,1.8613932174278327,1.87332651182283,8.180057745941738,8.24885551297099,1.96230039756882,1.929481590823836,2.05298388015043,2.013556571452536,1.9671264384099199,2.003946675380572,2.038671699902722,2.045038356143258,-4.3075832624084684,2.0127517540842463,2.042569374074325,8.33675536943272,2.0315329789453993,8.326008118517572,1.9790410914204972,1.9818568550907236,2.054202646649747,2.1191854247407007,2.0704257593180997,2.101480819132095,2.06903280274924,2.0089812172120665,2.0838433185498384,2.160934398203501,2.0916322614082854,2.0724072124292716,1.923918730073267,2.0635178458333434,2.0799727623610673,2.068978311853971,2.0454353472160074,1.9719817021526245,2.093116805298013,2.1512898364952013,2.142552597154702,2.0133516005673697,1.9261597021581254,1.9761133385300176,2.0851068389732905,2.081509322047208,-4.244155312371936,2.0639868585054297,2.092613103025,2.131618765958704,2.0497229637128687,1.981569031850594,1.9087760395943212,1.8961731437156162,2.0326915138565953,2.060781720936074,8.319338771097055,8.331971598755839
3.929999999999678,0.995197726018675,1.979752168714446,8.346594221559812,2.0538857755760116,2.042988475935242,1.9916969223407543,1.8792985873352537,1.894241489877779,2.0216667217486477,8.315151589160648,1.9778340580798939,2.0241847701139974,1.9827835237551497,1.9832933252660434,1.9512522718505123,1.7902300537951217,8.027244506198992,1.8017999317937976,8.129250543820453,8.20536391102134,1.8799338136430728,1.898673301366904,2.0457622875841532,2.0056571059978574,1.930336885196895,1.7775687966048808,8.058798848734336,1.7994304300658834,8.074315660327072,8.144433194358427,1.8553214085772507,8.209543620005423,2.0063740098375806,2.0836177567555745,8.24101875551826,1.8349236872246666,8.138152275911297,1.7934635701892894,8.11567642587381,8.079648814908134,1.8366875990117488,1.937271803351044,2.041894010562543,2.038107590423805,1.9674412515577266,8.191868863735296,1.8613946763055735,1.8733297234826152,8.180062002920256,8.248859714550663,1.9623034843222218,1.9294829108307425,2.052978414556174,2.01355004450335,1.967119946431809,2.003941296511475,2.0386680869662652,2.045036501238892,-4.307584038811154,2.0127509418181813,2.042567436636243,8.336751652534712,2.0315238944963308,8.325997971609814,1.9790309775678545,1.9818478559377994,2.0541954249301,2.1191799577381762,2.0704213581234323,2.1014763848960003,2.0690272513804673,2.008973886357338,2.0838333869668944,2.1609233984474443,2.0916212922721287,2.0723973602554056,1.9239106647920832,2.0635115435934375,2.0799675264405746,2.068973042681198,2.0454289588844423,1.971973531903613,2.093109126985066,2.1512810855734843,2.142543873595803,2.013344004227894,1.92615389170589,1.9761092886532245,2.0851038599631266,2.0815063097883,-4.244159445978324,2.063980945062922,2.0926099096053563,2.1316145004953455,2.049718734606465,1.981565920810892,1.9087747163102804,1.8961735849729415,2.0326930265976095,2.0607831975701987,8.31933912350441,8.331970169585176
3.939999999999677,0.9951981386510741,1.9797521588397804,8.34659595951228,2.053886493966568,2.0429892195631174,1.9916987287243415,1.8793021122266347,1.8942467011001538,2.021672952532428,8.315157792897555,1.9778391897604837,2.024188192568945,1.9827887353139877,1.9832975160141666,1.9512564983274139,1.790235378174036,8.027251529709748,1.8018086357471743,8.129260275287724,8.205373602937795,1.879942427757968,1.898680208589995,2.0457683073643445,2.0056621070322564,1.9303419224483491,1.7775749272642207,8.058806684509447,1.7994399476886709,8.074326198480826,8.144443698942096,1.8553308348705255,8.209551334681471,2.006377875795735,2.083620602061445,8.241021639998452,1.83492766248322,8.138157957679468,1.7934709386357588,8.11568480867135,8.079657169852657,1.83669487462681,1.9372773609728613,2.0418935793734887,2.0381061423924343,1.967439842625675,8.191868539502831,1.8613960716336944,1.8733327949968885,8.18006607407134,8.248863732720993,1.9623064363790172,1.9294841733433044,2.0529731882318183,2.0135438031792927,1.9671137384924293,2.003936152969946,2.03866463213277,2.04503472759374,-4.307584781060263,2.01275016533162,2.04256558421743,8.336748098472217,2.0315152075612866,8.325988268626586,1.9790213060998363,1.981839250322062,2.054188518950176,2.1191747297295955,2.070417149365769,2.101472144636378,2.0690219429421948,2.0089668763200446,2.083823889848939,2.1609128798546156,2.091610802868691,2.0723879388345736,1.9239029519948376,2.063505516670076,2.0799625192198037,2.0689680037538496,2.0454228498740465,1.9719657190257742,2.093101784457495,2.151272717384529,2.1425355315236505,2.0133367399582407,1.9261483350775142,1.9761054154933122,2.085101010799333,2.0815034288797247,-4.2441633990754095,2.063975290110216,2.0926068557076256,2.1316104215272516,2.0497146904193784,1.9815629457281356,1.9087734506778218,1.8961740065829733,2.0326944727424263,2.0607846091731647,8.319339460112568,8.331968802650053
3.949999999999676,0.9951985332119706,1.9797521493972623,8.346597621266213,2.0538871808550825,2.0429899306568893,1.9917004561035714,1.8793054828975146,1.8942516842499935,2.0216789105460693,8.315163724976223,1.977844096660122,2.0241914650528705,1.9827937187844615,1.9833015234195261,1.9512605400042764,1.790240469806734,8.027258246169982,1.801816959098419,8.129269581113938,8.20538287083697,1.879950664923325,1.898686813506974,2.0457740638050192,2.0056668893478973,1.9303467394997664,1.7775807900039071,8.058814177850442,1.799449049317288,8.074336275941212,8.14445374419737,1.8553398488943835,8.209558711886869,2.0063815727382224,2.0836233230063863,8.241024398468813,1.834931464115127,8.138163391265206,1.7934779851709846,8.115692825178849,8.079665159659905,1.8367018322207338,1.9372826756322625,2.0418931672135066,2.0381047578310794,1.967438495459246,8.191868229636135,1.8613974061807463,1.8733357324774302,8.180069967500534,8.248867575481743,1.9623092596127099,1.9294853808653767,2.0529681907013324,2.0135378349835236,1.9671078021696466,2.003931234466344,2.0386613284881907,2.0450330316494028,-4.3075854906605135,2.0127494230433687,2.0425638130809807,8.336744700106854,2.0315069007401574,8.32597899014395,1.9790120576683774,1.9818310210396277,2.0541819149127427,2.1191697302731085,2.070413124633492,2.1014680898657487,2.0690168667980857,2.008960173053309,2.083814808181884,2.1609028213712462,2.091600772215039,2.0723789293366686,1.9238955762836631,2.063499753044176,2.0799577307157544,2.06896318501305,2.0454170079689242,1.9719582478806748,2.0930947630236094,2.151264715181345,2.142527554250404,2.0133297932415264,1.926143021189135,1.9761017113466204,2.0850982858301306,2.0815006735992276,-4.244167179545026,2.0639698823441317,2.09260393523239,2.131606520894217,2.0497108230595367,1.9815601006566639,1.908772240184981,1.896174409423921,2.032695855228971,2.06078595861524,8.319339781633579,8.331967495240693
3.959999999999675,0.9951989104940842,1.9797521403679663,8.34659921016367,2.0538878376207825,2.042990610635168,1.991702107928201,1.8793087060910811,1.894256449307712,2.021684607732948,8.315169397297096,1.9778487886302736,2.0241945941416013,1.9827984841544255,1.9833053555054747,1.951264404959562,1.7902453388621546,8.027264668996638,1.8018249184848592,8.129278479913776,8.205391733271208,1.8799585416393836,1.8986931293552602,2.045779568433557,2.0056714625160783,1.930351345978834,1.7775863965296106,8.058821343715769,1.7994577531263978,8.07434591284243,8.144463350207198,1.8553484686826338,8.209565766390217,2.006385108060854,2.083625925032892,8.241027036438838,1.8349350997044263,8.138168587505467,1.7934847238518639,8.11570049139442,8.079672800282774,1.836708485693763,1.9372877579545276,2.04189277324618,2.038103433963396,1.9674372073565773,8.191867933502609,1.8613986825946398,1.8733385417697996,8.180073690960368,8.248871250484301,1.9623119596410503,1.9294865357918043,2.0529634119474824,2.013532127965767,1.9671021255841497,2.003926531160422,2.038658169420448,2.0450314100031832,-4.307586169050131,2.0127487134425497,2.0425621196547583,8.336741450613557,2.0314989573949758,8.325970117588065,1.9790032137714433,1.9818231516382092,2.054175599622865,2.119164949382567,2.070409275882452,2.1014642124681657,2.069012012777975,2.0089537631258967,2.0838061237844725,2.1608932028653287,2.091591180246175,2.07237031375446,1.9238885229327258,2.063494241220642,2.0799531513806477,2.0689585768391896,2.0454114214876857,1.9719511035147979,2.09308804863515,2.151257062950386,2.1425199258186645,2.0133231501955464,1.9261379394405351,1.9760981688446793,2.0850956796490707,2.0814980384733897,-4.24417079492492,2.0639647109560975,2.0926011423471897,2.131602790793627,2.049707124789526,1.9815573799111876,1.9087710824292665,1.8961747943344418,2.0326971768650295,2.0607872486394676,8.319340088747067,8.331966244765283
3.969999999999674,0.9951992712552525,1.9797521317337976,8.346600729400027,2.0538884655826988,2.042991260855118,1.9917036874978322,1.8793117882560468,1.8942610058170977,2.021690055513317,8.315174821238909,1.977853275090174,2.0241975861222765,1.9828030409739104,1.9833090199440595,1.9512681009187394,1.7902499950653892,8.027270811020953,1.8018325298170208,8.129286989488032,8.20540020798096,1.8799660736836776,1.898699168792074,2.0457848322721035,2.00567583568876,1.930355751092138,1.7775917580358127,8.058828196410998,1.7994660764972639,8.074355128439237,8.144472536176613,1.855356711480002,8.209572512313263,2.0063884888352472,2.0836284133446674,8.241029559176733,1.8349385765038346,8.138173556764327,1.7934911681220465,8.115707822618061,8.079680106977573,1.8367148483386349,1.9372926180999535,2.0418923966715723,2.0381021681340012,1.9674359757334945,8.191867650497173,1.861399903407906,1.8733412284649016,8.180077251865681,8.248874765046821,1.962314541837143,1.9294876404131627,2.052958842391726,2.0135266706984285,1.967096697375768,2.0039220336417487,2.038655148606276,2.045029859401288,-4.307586817603803,2.0127480350854388,2.042560500524088,8.336738343466816,2.0314913616164962,8.32596163319797,1.978994756716048,1.9818156263843238,2.0541695604616645,2.1191603775076784,2.070405595419932,2.1014605046829447,2.069007371157401,2.008947633695183,2.0837978192717426,2.1608840050862153,2.091582007774864,2.0723620748676623,1.9238817778589457,2.0634889702055856,2.079948772082998,2.0689541700327627,2.045406079260037,1.9719442716294977,2.093081627859055,2.151249745379375,2.1425126309694638,2.0133167975450257,1.9261330796940703,1.9760947809396823,2.0850931870844427,2.0814955182668404,-4.244174252423758,2.0639597656104756,2.0925984714748127,2.1315992237647388,2.0497035882110004,1.9815547780553555,1.9087699751128886,1.8961751621154486,2.0326984403340647,2.0607884818673496,8.319340382101752,8.331965048744822
3.9799999999996727,0.9951996162199763,1.979752123477454,8.34660218203041,2.053889066002268,2.042991882615083,1.991705197968408,1.8793147355594746,1.8942653629044033,2.02169526480723,8.315180007681573,1.9778575650458337,2.024200447006053,1.9828073983743555,1.9833125240714216,1.9512716352696966,1.7902544477170146,8.027276684513966,1.8018398083103386,8.129295126859182,8.205408311930341,1.8799732761427297,1.8987049439199162,2.045789865859769,2.00568001761698,1.9303599636435955,1.7775968852281112,8.058834749617281,1.7994740360523311,8.074363941145302,8.144481320471096,1.8553645937766756,8.209578963159277,2.0063917218230833,2.083630792917164,8.241031971720005,1.8349419014492252,8.138178308953604,1.79349733083864,8.115714833482048,8.079687094334428,1.8367209328671281,1.9372972657842276,2.0418920367246627,2.038100957803242,1.9674347981184286,8.191867380041117,1.861401071042725,1.8733437979100602,8.180080657308302,8.248878126168677,1.96231701134007,1.9294886969202982,2.0529544728749936,2.0135214522537472,1.9670915066808201,2.003917732910967,2.0386522599986363,2.0450283767323203,-4.3075874376355,2.0127473865924452,2.042558952424773,8.336735372427485,2.0314840981922324,8.325953519989978,1.9789866695828922,1.981808430231926,2.0541637853612187,2.1191560055150296,2.070402075889312,2.1014569590890964,2.0690029326380324,2.0089417724813092,2.0837898780200974,2.1608752096259902,2.0915732364532227,2.0723541962085608,1.9238753275939913,2.0634839294845264,2.079944584089506,2.0689499557960302,2.045400970604402,1.9719377385522732,2.0930754878504687,2.1512427478265423,2.1425056551116626,2.013310722595074,1.926128432254512,1.976091540890579,2.085090803189133,2.081493107971947,-4.244177558935502,2.0639550364238435,2.0925959172821,2.131595812673661,2.04970020624978,1.9815522898908278,1.9087689160381927,1.8961755135318306,2.0326996482007607,2.0607896608042777,8.319340662316858,8.331963904808232
3.9899999999996716,0.9951999460808941,1.9797521155823916,8.346603570975866,2.0538896400858384,2.042992477157101,1.9917066423584262,1.8793175538990523,1.894269529296605,2.0217002460564664,8.315184967028085,1.9778616671082025,2.0242031825402433,1.9828115650869924,1.9833158749025177,1.9512750150774791,1.7902587057115902,8.027282301210956,1.801846768515486,8.129302908305409,8.205416061341108,1.8799801634423496,1.8987104663109213,2.0457946792738477,2.005684016668455,1.930363992052079,1.7776017883445485,8.058841016418544,1.7994816476883007,8.074372368569927,8.144489720653267,1.85537213134134,8.209585131840187,2.006394813489736,2.0836330685076354,8.24103427888561,1.8349450811734724,8.138182853552545,1.7935032242977533,8.115721537980034,8.079693776306325,1.8367267514354502,1.9373017102979102,2.04189169267384,2.0380998005421898,1.9674336721475483,8.191867121580964,1.8614021878157365,1.8733462552196045,8.180083914071067,8.248881340544312,1.96231937306506,1.929489707408666,2.0529502946393086,2.013516462181947,1.967086543110446,2.003913620361881,2.0386494978146787,2.045026959021058,-4.307588030401177,2.0127467666452326,2.042557472236429,8.33673253153019,2.0314771525759117,8.325945761723668,1.9789789361925407,1.9818015487924074,2.05415826278055,2.119151824669919,2.0703987102553985,2.1014535685904456,2.068998688328962,2.0089361677424793,2.08378228413391,2.1608667988825427,2.0915648487359917,2.072346662029145,1.9238691592574868,2.0634791090015376,2.0799405790477334,2.06894592571549,2.045396085306516,1.9719314912093064,2.0930696163269444,2.1512360562912174,2.1424989842926876,2.013304913205813,1.9261239878497651,1.976088442249772,2.085088523230923,2.081490802798935,-4.24418072105313,2.0639505139451804,2.092593474669242,2.131592550698998,2.0496969721416085,1.9815499104468297,1.9087679031032951,1.8961758493140972,2.0327008029163203,2.060790787844714,8.319340929983495,8.331962810687651
3.9999999999996705,0.9952002615001909,1.979752108032793,8.346604899029272,2.053890188987062,2.042993045669319,1.991708023554895,1.8793202489148313,1.8942735133388624,2.0217050092454896,8.315189709225463,1.9778655895105335,2.0242057982199286,1.9828155494604167,1.9833190791451971,1.9512782470983865,1.7902627775553506,8.027287672334774,1.8018534243473856,8.129310349393117,8.205423471725156,1.8799867493766,1.8987157470301408,2.0457992821501003,2.0056878408444088,1.9303678443682668,1.7776064771760174,8.05884700932753,1.7994889266077714,8.074380427553134,8.14449775351797,1.85537933925276,8.209591030702512,2.0063977700172964,2.0836352446647504,8.241036485279626,1.8349481220196933,8.138187199626701,1.793508860258936,8.11572794949489,8.079700166236908,1.8367323156685138,1.937305960525059,2.0418913638194676,2.03809869402785,1.9674325955600995,8.191866874587394,1.8614032559426414,1.8733486052850017,8.18008702864125,8.248884414576494,1.9623216317132113,1.9294906738824833,2.052946299310214,2.013511690490346,1.9670817967298835,2.0039096877643083,2.038646856524229,2.0450256034224976,-4.307588597101342,2.012746173983969,2.0425560569761103,8.336729815071285,2.0314705108582616,8.325938342869332,1.9789715410730837,1.9817949683059013,2.054152981682657,2.1191478266189887,2.070395491790395,2.101450326401405,2.0689946297288246,2.0089308082513453,2.0837750224136014,2.160858756024253,2.091556827845408,2.0723394572696696,1.9238632605313852,2.063474499139297,2.0799367489695353,2.068942071745107,2.045391413598971,1.9719255170992105,2.0930640015437767,2.1512296573857124,2.142492605170557,2.0132993577681053,1.9261197376124248,1.9760854788503806,2.0850863426831965,2.0814885981664424,-4.244183745081784,2.0639461891369284,2.0925911387595506,2.1315894313181234,2.0496938794185375,1.981547634970165,1.9087669342979072,1.8961761701599407,2.0327019068235153,2.060791865277133,8.31934118566595,8.33196176421394
4.009999999999674,0.9952005631109443,1.9797521008135333,8.346606168860937,2.0538907138091846,2.0429935892883053,1.9917093443190248,1.879322826000458,1.8942773230112155,2.02170956392149,8.315194243784754,1.977869340124981,2.024208299299046,1.9828193594773893,1.9833221432136563,1.951281337793456,1.7902666713831292,8.02729280861819,1.8018597891129537,8.129317465008054,8.205430557915598,1.8799930471354924,1.898720796657798,2.0458036837021387,2.0056914977956506,1.9303715282907559,1.7776109610857713,8.058852740310707,1.7994958873495046,8.074388134199243,8.144505435125826,1.8553862319299834,8.20959667155215,2.006400597317026,2.0836373257377767,8.241038595306517,1.8349510300539085,8.138191355845956,1.7935142499685515,8.115734080825304,8.079706276887059,1.8367376366831547,1.9373100249610362,2.0418910494925036,2.0380976360385707,1.967431566193944,8.191866638554218,1.8614042775426,1.8733508527845493,8.180090007223422,8.24888735438898,1.9623237917808027,1.929491598258699,2.0529424788799715,2.0135071276233707,1.9670772580386473,2.0039059272476893,2.038644330838766,2.045024307216166,-4.307589138883519,2.012745607404704,2.042554703792229,8.336727217597351,2.031464159739088,8.325931248576847,1.9789644694292055,1.9817886756138379,2.0541479315125457,2.1191440033736058,2.070392414060487,2.10144722603337,2.068990748708698,2.0089256832724303,2.083768078325119,2.160851064956238,2.0915491577376306,2.072332567528592,1.9238576196354553,2.0634700906999934,2.0799330862151972,2.0689383861902724,2.0453869461416474,1.9719198042679302,2.0930586322704197,2.1512235383084497,2.1424865049871333,2.0132940451803476,1.9261156730621356,1.9760826447940594,2.08508425721605,2.0814864896924794,-4.244186637051323,2.0639420533568855,2.0925889048896757,2.131586448294064,2.049690921895915,1.9815454589156725,1.9087660076993425,1.896176476735729,2.03270296216152,2.060792895288753,8.31934142990293,8.331960763312399
4.019999999999677,0.9952008515184112,1.9797520939101498,8.346607383024011,2.0538912156072358,2.042994109101262,1.9917106072916844,1.8793252903139168,1.8942809659445532,2.0217139192135423,8.315198579800173,1.9778729264784658,2.0242106908009956,1.9828230027708937,1.983325073241309,1.9512842933413554,1.7902703949745498,8.027297720325256,1.80186587553764,8.129324269385053,8.205437334096466,1.8799990693314652,1.898725625310567,2.0458078927399628,2.0056949948379557,1.9303750511814695,1.7776152490280908,8.058858220812057,1.799502543817372,8.074395503908981,8.14451278083533,1.8553928231612176,8.209602065678096,2.006403301041248,2.0836393158853603,8.241040613177983,1.8349538110771504,8.138195330501766,1.7935194041821405,8.115739944211253,8.079712120460332,1.8367427251103323,1.9373139117295328,2.0418907490531772,2.038096624449653,1.967430581981287,8.191866412997383,1.8614052546424416,1.8733530021926477,8.18009285575172,8.248890165838656,1.962325857568194,1.929492482370791,2.0529388256914958,2.01350276444345,1.9670729179515682,2.003902331285395,2.03864191570089,2.0450230678006744,-4.307589656844598,2.0127450657568686,2.0425534099587384,8.33672473389419,2.0314580865005754,8.32592446464595,1.9789577071126065,1.9817826581326956,2.054143102176208,2.1191403472939667,2.070389470913002,2.1014442612817126,2.0689870374957615,2.008920782540546,2.0837614379707565,2.1608437102880704,2.0915418230706186,2.0723259790338187,1.9238522253038322,2.0634658748870733,2.0799295834782696,2.068934861692465,2.045382674003007,1.9719143412847477,2.093053497767948,2.1512176868182618,2.14248067154255,2.0132889648262813,1.9261117860887154,1.9760799344393398,2.085082262687777,2.081484473185776,-4.2441894027283436,2.06393809834089,2.092586768600259,2.1315835956629625,2.0496880936599498,1.9815433779371003,1.9087651214686983,1.896176769677929,2.032703971070517,2.0607938799700407,8.319341663208734,8.33195980599864
4.0299999999996805,0.9952011273012542,1.9797520873088155,8.346608543959613,2.0538916953901265,2.042994606148147,1.9917118149986177,1.8793276467878075,1.894284449435883,2.021718083850933,8.315202725967383,1.9778763557678405,2.024212977528774,1.9828264866394867,1.983327875093086,1.9512871196507158,1.7902739557695106,8.02730241727175,1.8018716957908105,8.129330776136493,8.205443813831131,1.8800048280246973,1.8987302426619113,2.0458119176876703,2.0056983389667624,1.9303784200803888,1.7776193495661308,8.058863461775887,1.799508909308043,8.074402551410202,8.14451980533352,1.8553991261314429,8.209607223875087,2.0064058865947296,2.083641219083911,8.241042542921416,1.8349564706370418,8.13819913152367,1.7935243331858084,8.115745551358367,8.079717708627264,1.8367475911163649,1.9373176285988483,2.041890461889728,2.0380956572291455,1.967429640944589,8.191866197454019,1.861406189180687,1.8733550577886715,8.180095579901629,8.248892854527124,1.9623278331883467,1.9294933279724003,2.0529353324229924,2.0134985922127386,1.9670687677806618,2.0038988926797288,2.0386396062742382,2.045021882688513,-4.307590152033075,2.0127445479408848,2.0425521728695832,8.336722358976317,2.0314522789817597,8.325917977497777,1.9789512405937173,1.9817769038288935,2.0541384840205263,2.1191368510738893,2.0703866564641387,2.1014414262133427,2.068983488657675,2.0089160962401595,2.0837550880612623,2.160836677302923,2.09153480917343,2.0723196786152065,1.92384706676259,2.063461843287765,2.0799262337710602,2.0689314912145833,2.0453785886422113,1.9719091172193406,2.0930485877675,2.1512120912098243,2.1424750931707615,2.0132841065537685,1.9261080689360164,1.9760773423904734,2.0850803551367267,2.081482544637504,-4.244192047627669,2.063934316186266,2.0925847256269896,2.1315808677220858,2.049685389055814,1.9815413878783834,1.908764273847202,1.8961770495944619,2.0327049355961044,2.06079482131902,8.319341886074373,8.33195889037467
4.039999999999684,0.9952013910127187,1.9797520809963076,8.346609654001762,2.0538921541226562,2.042995081423707,1.9917129698554383,1.8793299001391746,1.8942877804629341,2.0217220661806694,8.315206690600993,1.9778796348743877,2.0242151640746613,1.982829818061975,1.9833305543771973,1.9512898223719264,1.7902773608829983,8.027306908844716,1.8018772615100227,8.129336998279507,8.205450010089466,1.8800103347473132,1.8987346579615283,2.045815766600399,2.0057015368712228,1.9303816417196387,1.777623270888995,8.058868473668603,1.7995149965374733,8.074409290787251,8.144526522665338,1.8554051534488138,8.209612156465282,2.006408359145547,2.0836430391356204,8.241044388387982,1.8349590140388679,8.138202766495073,1.7935290468166871,8.115750913461218,8.07972305254864,1.8367522444232334,1.9373211829974526,2.0418901874171906,2.03809473243382,1.9674287411926514,8.19186599148153,1.861407083011399,1.873357023665455,8.180098185101219,8.248895425811817,1.9623297225749723,1.929494136740807,2.0529319920732725,2.0134946025756375,1.9670647992177828,2.0038956045475698,2.0386373979338406,2.0450207495010684,-4.307590625451201,2.012744052905884,2.042550990033392,8.336720088076905,2.0314467255541264,8.325911774147658,1.9789450569346487,1.9817714011947807,2.0541340678140383,2.1191335077262656,2.0703839650872253,2.10143871515482,2.068980095087638,2.0089116149856707,2.0837490158891634,2.16082995192806,2.0915281020168552,2.0723136536782647,1.923842133708286,2.0634579878563746,2.0799230304107486,2.0689282680269105,2.045374681892016,1.9719041216198498,2.0930438924496784,2.151206740290175,2.14246975871616,2.013279460654501,1.926104514186486,1.9760748634867602,2.0850785307735014,2.0814807002133553,-4.244194577023337,2.063930699335995,2.0925827718920638,2.1315782590183727,2.049682802676285,1.9815394847653047,1.9087634631527208,1.8961773170659981,2.032705857693495,2.0607957212453836,8.319342098968653,8.331958014625133
4.049999999999687,0.9952016431817512,1.979752074959983,8.346610715382086,2.053892592727433,2.042995535879423,1.9917140741724102,1.8793320548789094,1.8942909656981224,2.0217258741842365,8.315210481651263,1.9778827703776796,2.0242172548294857,1.9828330037114434,1.9833331164563783,1.9512924069084125,1.7902806171192573,8.02731120402118,1.8018825838242458,8.129342948261993,8.205455935273825,1.8800156005265243,1.8987388800539402,2.0458194471805093,2.0057045949476353,1.9303847225369575,1.7776270208280616,8.058873266499557,1.799520817666235,8.074415735509062,8.144532946261686,1.855410917169906,8.20961687331897,2.006410723635479,2.0836447796761184,8.241046153260363,1.8349614463561639,8.138206242668325,1.7935335544825028,8.115756041225602,8.079728162897737,1.8367566943279994,1.9373245820288671,2.041889925076235,2.0380938482053206,1.967427880916868,8.191865794656724,1.8614079379078603,1.873358903737412,8.180100676541908,8.248897884816603,1.9623315294903285,1.9294949102802528,2.0529287979477076,2.013490787542087,1.9670610043180388,2.003892460306651,2.0386352862569015,2.0450196659638644,-4.307591078057026,2.0127435796475335,2.0425498590684104,8.336717916638191,2.0314414150982727,8.325905842179107,1.9789391437633226,1.9817661392256702,2.0541298447285485,2.1191303105691537,2.0703813914014937,2.1014361226809837,2.068976849990114,2.0089073298025544,2.0837432093032713,2.160823520706627,2.0915216881853427,2.0723078921790083,1.9238374162874445,2.0634543008982913,2.07991996700611,2.0689251856936965,2.0453709459424174,1.9718993444919137,2.0930394024248478,2.1512016233562554,2.14246465751123,2.0132750178445935,1.9261011147464022,1.9760724927923354,2.0850767859735013,2.081478936245967,-4.244196995959115,2.0639272405635865,2.092580903496013,2.131575764337477,2.049680329350879,1.981537664797524,1.9087626877764186,1.8961775726471912,2.0327067392315357,2.0607965815744236,8.31934230233917,8.331957177013704
4.0599999999996905,0.9952018843140722,1.9797520691877537,8.346611730234297,2.053893012086711,2.0429959704253773,1.991715130159022,1.8793341153207472,1.8942940115219045,2.0217295154936052,8.315214106720093,1.9778857685688236,2.024219253991472,1.9828360499686684,1.9833355664586434,1.9512948784274242,1.790283730985342,8.027315311386015,1.8018876733760665,8.129348637987503,8.205461601243876,1.880020635906752,1.8987429173962638,2.045822966793065,2.005707519312287,1.9303876686885775,1.7776306068726013,8.058877849840982,1.799526384323746,8.07442189845603,8.144539088966278,1.855416428823857,8.209621383874374,2.006412984789939,2.083646444181799,8.24104784106013,1.8349637724408425,8.13820956697918,1.7935378651803,8.115760944889857,8.07973304988161,1.836760949721375,1.9373278324858925,2.0418896743320554,2.0380930027664754,1.9674270583876414,8.191865606574975,1.8614087555660994,1.8733607017482992,8.180103059188761,8.248900236441978,1.962333257532681,1.9294956501251204,2.052925743644803,2.0134871394715765,1.9670573754839242,2.0038894536624277,2.038633267013973,2.045018629902006,-4.307591510766359,2.012743127205958,2.042548777697658,8.336715840302272,2.0314363369816046,8.325900169718965,1.978933489248735,1.9817611073978758,2.0541258063215335,2.1191272532124663,2.070378930261338,2.1014336436040777,2.0689737468671785,2.0089032321093345,2.0837376566843018,2.160817370770673,2.0915155548501456,2.0723023825999007,1.9238329050769256,2.063450775054699,2.0799170374448135,2.0689222380603254,2.0453673733250217,1.9718947762786156,2.0930351087143046,2.1511967301734445,2.1424597793551716,2.013270769246029,1.9260978638317465,1.9760702255863976,2.0850751172697795,2.0814772492276674,-4.244199309258544,2.0639239329586037,2.09257911670989,2.1315733786933007,2.0496779641354634,1.981535924340957,1.9087619461795629,1.896177816867855,2.0327075819965397,2.0607974040507773,8.319342496613311,8.331956375879649
4.069999999999694,0.9952021148932011,1.9797520636680592,8.34661270059852,2.0538934130441477,2.0429963859320353,1.9917161399283632,1.879336085589868,1.8942969240355465,2.0217329974065468,8.315217573076303,1.9778886354631287,2.024221165574705,1.9828389629349383,1.9833379092875643,1.9512972418703531,1.7902867087040804,8.027319239149069,1.8018925403429271,8.129354078839036,8.20546701934036,1.8800254509707837,1.8987467780752019,2.0458263324806274,2.0057103158137286,1.9303904860615395,1.7776340361847132,8.058882232847065,1.7995317076314457,8.074427791945709,8.14454496306129,1.8554216994354478,8.209625697156588,2.0064151471274707,2.083648035976816,8.24104945515482,1.8349659969328755,8.138212746060585,1.7935419875143435,8.115765634245262,8.079737723261424,1.8367650191054827,1.9373309408642125,2.041889434673304,2.0380921944177706,1.9674262719509497,8.191865426849414,1.8614095376082513,1.8733624212786466,8.180105337790346,8.248902485374735,1.9623349101434366,1.9294963577429747,2.052922823043358,2.013483651057863,1.967053905450146,2.0038865785955164,2.038631336160518,2.0450176392358217,-4.307591924454637,2.012742694663758,2.0425477437442985,8.336713854902337,2.031431481037,8.325894745413606,1.9789280820772992,1.981756295647703,2.054121944519316,2.1191243295452407,2.0703765767460474,2.101431272963359,2.068970779505469,2.0088993137003444,2.083732346921567,2.1608114898153667,2.091509689743655,2.0722971139268562,1.923828591065153,2.063447403287948,2.0799142358812692,2.0689194192410385,2.0453639568980893,1.9718904078413202,2.0930310027322676,2.1511920509550295,2.142455114493465,2.01326670636891,1.926094754954698,1.976068057353861,2.085073521346208,2.081475635803539,-4.244201521534561,2.0639207699128312,2.0925774079678057,2.1315710973179796,2.0496757023023293,1.981534259920489,1.908761236890468,1.8961780502340855,2.0327083876959544,2.0607981903420147,8.319342682199151,8.331955609634546
4.079999999999697,0.9952023353814332,1.9797520583898474,8.346613628425386,2.0538937964064874,2.0429967832319598,1.9917171055013152,1.879337969631126,1.8942997090733413,2.0217363269012725,8.315220887670241,1.9778913768122135,2.0242229934172182,1.9828417484443135,1.9833401496321035,1.9512995019625996,1.7902895562264725,8.027322995161523,1.8018971944574405,8.129359281701813,8.205472200407796,1.8800300553599967,1.898750469823287,2.0458295509773956,2.005712990044516,1.9303931802854697,1.7776373156136054,8.058886424272181,1.7995367982249628,8.074433427757379,8.14455058029191,1.855426739547176,8.209629821795671,2.006417214968822,2.0836495582397716,8.24105099876468,1.8349681242695532,8.138215786255909,1.7935459297132492,8.11577011865552,8.079742192371937,1.8367689106108351,1.937333913375401,2.0418892056110765,2.0380914215339727,1.9674255200250605,8.191865255110171,1.8614102855857817,1.8733640657528652,8.180107516888148,8.248904636097311,1.9623364906139698,1.9294970345374727,2.052920030290187,2.0134803153143532,1.967050587269113,2.0038838293496846,2.038629489828838,2.0450166919767043,-4.307592319958708,2.0127422811441105,2.0425467551272223,8.336711956454273,2.031426837542422,8.325889558406194,1.9789229114302223,1.981751694351361,2.0541182516009684,2.119121533723462,2.07037432614998,2.1014290060151577,2.068967941963706,2.008895566729255,2.083727269390693,2.1608058660743317,2.0915040811348447,2.0722920756272374,1.9238244656341592,2.063444178867557,2.0799115567250075,2.0689167236071957,2.045360689832241,1.971886230441346,2.093027076268669,2.1511875763425916,2.1424506535983334,2.0132628210944916,1.9260917819107122,1.9760659837764118,2.0850719950309426,2.0814740927647786,-4.244203637198685,2.0639177451070467,2.092575773859785,2.131568915652317,2.0496735393306995,1.9815326682130094,1.9087605585015746,1.8961782732293335,2.0327091579618544,2.0607989420420583,8.319342859486357,8.331954876759122
4.0899999999997005,0.9952025462207756,1.9797520533425492,8.346614515579951,2.0538941629451695,2.0429971631214445,1.991718028810558,1.8793397712169215,1.8943023722142813,2.021739510650436,8.315224057147748,1.97789399811558,2.0242247411887284,1.9828444120753428,1.9833422919760102,1.9513016632230087,1.7902922792435536,8.027326586931533,1.8019016450268177,8.129364256985015,8.205477154816208,1.8800344582936974,1.8987540000344099,2.045832628722737,2.0057155473524246,1.9303957567438401,1.7776404517092617,8.058890432488333,1.7995416662753143,8.074438817155565,8.144555951889819,1.8554315592403599,8.20963376604397,2.0064191924456267,2.0836510140101083,8.241052474969123,1.8349701586943425,8.138218693631556,1.7935496996463631,8.115774407075415,8.079746466140099,1.8367726320125768,1.9373367559593577,2.0418889866779297,2.0380906825608975,1.9674248010973905,8.191865091003637,1.8614110009825655,1.8733656384460426,8.180109600825585,8.248906692896659,1.9623380020921528,1.9294976818511431,2.052917359788383,2.013477125560124,1.9670474142970547,2.003881200420363,2.038627724320353,2.0450157862231193,-4.307592698078543,2.0127418858089676,2.0425458098568177,8.33671014114865,2.0314223972014136,8.325884598314952,1.9789179669618704,1.9817472943057453,2.0541147201829215,2.1191188601584203,2.070372173973173,2.101426838223375,2.068965228560767,2.0088919836933177,2.0837224139323127,2.1608004882960685,2.0914987178057984,2.0722872576288234,1.9238205205424106,2.0634410953568296,2.079908994629557,2.068914145776053,2.045357565596791,1.971882235722445,2.0930233214726868,2.1511832973872345,2.1424463877500624,2.013259105658954,1.926088938766161,1.9760640007239512,2.085070535290161,2.0814726170423525,-4.244205660469812,2.0639148524983697,2.0925742111249437,2.131566829336637,2.049671470897658,1.9815311460407539,1.9087599096666523,1.8961784863154258,2.032709894354288,2.06079966067445,8.319343028847014,8.331954175800263
4.099999999999704,0.9952027478338408,1.9797520485160585,8.34661536384548,2.053894513397867,2.0429975263620874,1.991718911704407,1.8793414939547288,1.8943049187932304,2.0217425550345127,8.31522708786351,1.9778965046316785,2.0242264123980234,1.9828469591622706,1.9833443406068076,1.9513037299728937,1.7902948831977337,8.027330021639214,1.8019059009514455,8.129369014642606,8.205481892481878,1.880038668587613,1.898757375778666,2.0458355718741044,2.0057179928511855,1.9303982205847348,1.7776434507355017,8.058894265501845,1.7995463215091823,8.07444397091251,8.144561088595623,1.8554361681553202,8.209637537792652,2.0064210835086933,2.0836524061942194,8.241053886712901,1.83497210426535,8.13822147398906,1.793553304839432,8.115778508068656,8.07975055310287,1.8367761907460156,1.9373394742962011,2.041888777426952,2.038089976012319,1.9674241137214943,8.19186493419175,1.8614116852178317,1.8733671424904486,8.18011159375664,8.248908659872756,1.9623394475886025,1.9294983009680502,2.0529148061860933,2.0134740754065534,1.9670443801807478,2.003878686543656,2.0386260360982176,2.0450149201568015,-4.30759305957886,2.0127415078573283,2.04254490603094,8.33670840534304,2.0314181511244613,8.325879855212362,1.9789132387790804,1.9817430867100636,2.054111343204239,2.119116303505566,2.070370115912356,2.101424765250392,2.06896263386428,2.0088885574183033,2.0837177708316923,2.1607953457214126,2.0914935890292634,2.0722826502996843,1.9238167479083805,2.0634381466000487,2.079906544481815,2.068911680600017,2.0453545779466724,1.9718784156940505,2.0930197308370158,2.15117920553165,2.1424423084191324,2.0132555526378857,1.9260862198465152,1.9760621042464082,2.085069139222075,2.081471205700915,-4.244207595382627,2.063912086308173,2.092572716644958,2.1315648342020346,2.049669492869471,1.981529690364936,1.9087592890981295,1.8961786899335404,2.0327105983644698,2.0608003476954764,8.319343190636433,8.331953505368114
4.109999999999707,0.9952029406246994,1.9797520439007124,8.346616174927005,2.0538948484699633,2.042997873682283,1.9917197559504807,1.8793431412942956,1.8943073539116018,2.021745466154604,8.315229985893826,1.977898901388485,2.024228010400036,1.982849394805746,1.983346299624387,1.9513057063446677,1.7902973732936491,8.027333306150947,1.8019099707426596,8.129373564193237,8.205486422887212,1.8800426946715658,1.8987606038165514,2.045838386319402,2.005720331430732,1.9304005767311485,1.7776463186824805,8.05889793096932,1.7995507732283094,8.074448899329681,8.144566000680328,1.8554405755106784,8.209641144587538,2.006422891935935,2.0836537375712867,8.241055236811997,1.8349739648634233,8.138224132876633,1.7935567524895901,8.115782429824941,8.079754461424233,1.8367795939214735,1.9373420738176375,2.041888577430868,2.038089300467009,1.9674234565141875,8.191864784351331,1.8614123396489808,1.8733685808817528,8.1801134996541,8.24891054094676,1.9623408299826577,1.9294988931163377,2.0529123643657874,2.013471158744541,1.967041478844821,2.003876282685829,2.0386244217802556,2.045014092039108,-4.307593405190689,2.012741146523588,2.042544041831048,8.3367067455547,2.0314140908111624,8.32587531960528,1.9789087174213758,1.9817390631482585,2.054108113912533,2.1191138586538605,2.07036814785236,2.1014227829483842,2.0689601526797214,2.008885281044105,2.083713330799258,2.160790428061977,2.091488684547181,2.0722782444289467,1.9238131401948382,2.0634353267102297,2.079904201391872,2.068909323156384,2.0453517209099426,1.9718747627152589,2.093016297182819,2.1511752925929657,2.142438407449141,2.0132521549314393,1.9260836197250375,1.9760602905659084,2.085067804051202,2.081469855932998,-4.244209445795638,2.0639094410105123,2.0925712874378286,2.1315629262620197,2.049667601293299,1.981528298279661,1.9087586955645344,1.896178884505137,2.0327112714178277,2.060801004497149,8.319343345193914,8.331952864133338
4.119999999999711,0.9952031249796978,1.9797520394872707,8.34661695045479,2.0538951688359557,2.042998205778668,1.991720563239215,1.879344716534533,1.8943096824475725,2.0217482498446695,8.315232757048811,1.9779011931936155,2.0242295384025883,1.982851723883063,1.9833481729492215,1.9513075962900972,1.7902997545085404,8.027336447033077,1.8019138625397362,8.129377914739283,8.205490755099726,1.8800465446063803,1.898763690612533,2.0458410776887974,2.005722567767013,1.93040282989083,1.7776490612786366,8.058901436212897,1.7995550303280479,8.074453612258328,8.14457069796587,1.855444790121806,8.209644593644216,2.0064246213399533,2.0836550107988674,8.241056527959282,1.8349757441998946,8.13822667560023,1.7935600494796937,8.115786180176269,8.079758198911486,1.83678284833849,1.937344559717833,2.0418883862811827,2.03808865456591,1.9674228281527912,8.191864641173424,1.8614129655742788,1.873369956484977,8.180115322317459,8.248912339868781,1.9623421520280941,1.929499459470664,2.052910029433994,2.0134683697322773,1.9670387044796136,2.003873984033259,2.038622878132208,2.0450133002075344,-4.307593735612854,2.0127408010759673,2.04254321551852,8.33670515845354,2.031410208133186,8.325870982415937,1.9789043938420443,1.9817352155722014,2.054105025850498,2.119111520715582,2.070366265857898,2.1014208873510136,2.0689577800399905,2.0088821480109686,2.083709084951972,2.160785725479539,2.0914839945501673,2.07227403120839,1.9238096901938222,2.0634326300574037,2.079901960683279,2.068907068737513,2.0453489887758307,1.9718712694795173,2.0930130136453418,2.1511715507463482,2.142434677040471,2.013248905750151,1.926081133211972,1.976058556069282,2.0850665271228834,2.081468565053452,-4.244211215398876,2.0639069113210757,2.0925699206519095,2.1315611017045195,2.049665792389266,1.9815269670061064,1.9087581278880525,1.896179070432845,2.0327119148769204,2.0608016324100533,8.319343492843478,8.331952250824486
4.129999999999714,0.9952033012682374,1.979752035266898,8.346617691987591,2.0538954751408074,2.0429985233174945,1.9917213351872205,1.8793462228300999,1.894311909065848,2.02175091168323,8.315235406884069,1.9779033846439937,2.024230999472862,1.9828539510579537,1.983349964330223,1.951309403588195,1.790302031602176,8.02733945056502,1.8019175841261486,8.129382074985028,8.205494897790203,1.880050226100044,1.8987666423480232,2.045843651366019,2.0057247063313666,1.9304049845656974,1.777651684002122,8.058904788234848,1.799559101315099,8.074458119119145,8.14457518984474,1.855448820418472,8.209647891862517,2.0064262751752797,2.083656228418226,8.241057762729888,1.8349774458239838,8.138229107234105,1.7935632023920327,8.115789766612554,8.079761773030818,1.8367859604994066,1.9373469369638074,2.041888203587364,2.0380880370094236,1.9674222273724973,8.191864504362696,1.8614135642354335,1.8733712720401847,8.180117065380454,8.24891406022534,1.962343416358592,1.9295000011545298,2.0529077967114886,2.0134657027835576,1.9670360515295617,2.0038717859828177,2.038621402061272,2.045012543072384,-4.307594051513403,2.012740470815007,2.0425424254311317,8.336703640855454,2.0314064953179765,8.325866834963747,1.9789002593900475,1.981731536285616,2.0541020728430275,2.119109285016578,2.070364466165709,2.1014190746654813,2.0689555111954445,2.0088791520463305,2.083705024795529,2.1607812285663366,2.0914795096578795,2.072270002214852,1.9238063910122682,2.063430051257408,2.079899817883745,2.068904912841438,2.045346376083313,1.97186792899998,2.0930098736601583,2.151167972509321,2.142431109734674,2.0132457986013623,1.9260787553442014,1.9760568973008954,2.085065305898036,2.081467330494124,-4.244212907721245,2.063904492186607,2.092568613560208,2.1315593568842397,2.0496640625428766,1.981525693886959,1.9087575849421872,1.8961792481013107,2.032712530044219,2.06080223270607,8.319343633894556,8.33195166422546
4.139999999999717,0.9952034698435203,1.9797520312311454,8.346618401015807,2.053895768001238,2.0429988269359445,1.991722073340498,1.8793476631977046,1.8943140382270016,2.021753457004557,8.315237940711846,1.9779054801350935,2.024232396543563,1.982856080789948,1.9833516773522548,1.95131113185277,1.7903042091263466,8.02734232275177,1.801921142945108,8.12938605325408,8.20549885925005,1.8800537465231606,1.8987694649337856,2.045846112499155,2.0057267513994805,1.9304070450608415,1.7776541920917328,8.058907993731552,1.7995629943244824,8.074462428921086,8.144579485298761,1.8554526744617137,8.209651045840346,2.006427856745307,2.0836573928594397,8.241058943586378,1.8349790731298856,8.138231432630938,1.7935662175214444,8.115793196296556,8.079765190922203,1.8367889366223542,1.9373492103053762,2.0418880289760555,2.0380874465548184,1.9674216529638455,8.191864373636825,1.861414136820061,1.8733725301679265,8.180118732318288,8.248915705446493,1.9623446254929675,1.9295005192425068,2.052905661723911,2.0134631525565987,1.9670335146820954,2.0038696841326806,2.038619990609918,2.045011819113583,-4.30759435353096,2.012740155072131,2.042541669979687,8.336702189715881,2.0314029449331716,8.325862868947938,1.978896305792718,1.981728017928706,2.0540992489848886,2.1191071470869463,2.0703627451770386,2.101417341264936,2.0689533416043653,2.008876287152234,2.0837011422073295,2.1607769283262197,2.091475220900251,2.0722661493933985,1.9238032360582649,2.0634275851611754,2.0798977687162292,2.0689028511628837,2.045343877610182,1.9718647345955085,2.0930068709500227,2.1511645507267745,2.1424276983995423,2.013242827276247,1.9260764813753568,1.9760553109557948,2.0850641379481334,2.0814661497987688,-4.244214526137556,2.0639021787747955,2.0925673635549273,2.131557688315355,2.0496624082977783,1.9815244763810924,1.9087570656495219,1.8961794178780065,2.032713118164767,2.0608028066009774,8.319343768642659,8.331951103173115
4.149999999999721,0.9952036310432605,1.9797520273719347,8.346619078964471,2.0538960480069526,2.04299911724339,1.9917227791775112,1.8793490405221305,1.8943160741964074,2.0217558909093665,8.315240363611704,1.977907483869777,2.024233732418829,1.9828581173433228,1.983353315443312,1.9513127845396456,1.7903062914339434,8.0273450693359,1.8019245461144324,8.129389857506023,8.205502647407895,1.8800571129237238,1.898772164021796,2.045848466010981,2.0057287070599656,1.930409015493132,1.7776565905573627,8.058911059106828,1.7995667171357617,8.07446655027934,8.144583592917034,1.8554563599599696,8.209654061886889,2.0064293692089117,2.08365850644627,8.241060072883668,1.8349806293635365,8.138233656431494,1.7935691008878545,8.115796476078158,8.07976845941364,1.8367917826536742,1.9373513842846541,2.0418878620903267,2.038086882013752,1.9674211037703133,8.19186424872594,1.8614146844640393,1.8733737333744473,8.180120326454555,8.24891727881264,1.962345781840176,1.9295010147623672,2.0529036201927955,2.0134607139433496,1.967031088857017,2.0038676742735295,2.038618640949984,2.04501112687763,-4.307594642276031,2.0127398532082794,2.0425409476448046,8.336700802123714,2.031399549871701,8.325859076430916,1.9788925251392124,1.981724653463452,2.0540965486289458,2.1191051026521155,2.070361099450457,2.101415683681205,2.0689512669238552,2.008873547593294,2.083697429420204,2.1607728161566357,2.091471119699541,2.0722624650412325,1.9238002190279044,2.063425226844473,2.0798958090904316,2.068900879584676,2.0453414883626033,1.9718616798772854,2.093003999512291,2.151161278556633,2.1424244362148244,2.0132399858374015,1.926074306766357,1.9760537938731466,2.085063020950407,2.0814650206181797,-4.24421607387526,2.063899966464613,2.0925661681422487,2.131556092664525,2.0496608263488256,1.9815233120584836,1.908756568979584,1.8961795801140024,2.032713680428723,2.060803355256931,8.319343897370004,8.331950566554955
4.159999999999724,0.9952037851903667,1.9797520236815407,8.346619727196119,2.0538963157218246,2.0429993948226075,1.9917234541121331,1.8793503575619979,1.8943180210527772,2.021758218275052,8.315242680440706,1.977909399866743,2.024235009779869,1.9828600647956576,1.9833548818813895,1.9513143649535634,1.7903082826876429,8.027347695809006,1.8019278004407622,8.129393495352328,8.205506269845491,1.8800603320412503,1.8987747450165806,2.0458507166088293,2.0057305772225478,1.9304108997994507,1.77765888419,8.058913990484726,1.7995702771885655,8.074470491432546,8.144587520913124,1.8554598842845071,8.209656946035272,2.0064308155867834,2.0836595714008275,8.241061152873737,1.834982117629095,8.138235783073865,1.7935718582482743,8.115799612508022,8.079771585034784,1.8367945042797988,1.9373534632451423,2.041887702588959,2.038086342249901,1.9674205786860042,8.191864129372082,1.861415208253765,1.8733748840566677,8.180121850967813,8.248918783461052,1.962346887704098,1.9295014886971216,2.05290166802699,2.013458382059266,1.9670287691963446,2.003865752380142,2.03861735037702,2.045010464974685,-4.30759491833224,2.0127395646125943,2.042540256973841,8.336699475295415,2.0313963033375475,8.325855449822384,1.9788889098646905,1.9817214361595505,2.054093966374883,2.1191031476243167,2.070359525694977,2.1014140985978553,2.0689492830011207,2.008870927885199,2.0836938790068484,2.160768883831401,2.0914671978531776,2.072258941792302,1.9237973338927112,2.0634229715981003,2.079893935094644,2.0688989941695253,2.045339203565121,1.9718587587360157,2.0930012536069,2.151158149456149,2.1424213166585786,2.0132372686069813,1.9260722271763637,1.976052343029963,2.0850619526832443,2.081463940705533,-4.244217554020874,2.0638978508370682,2.092565024937351,2.131554566744216,2.049659313535459,1.9815221985953473,1.9087560939467971,1.8961797351447032,2.032714217973784,2.0608038797848423,8.319344020346117,8.331950053306922
4.169999999999727,0.9952039325935922,1.9797520201525767,8.346620347013545,2.053896571685025,2.042999660230921,1.991724099496457,1.8793516169552782,1.8943198826963297,2.0217604437654617,8.315244895843195,1.9779112319686014,2.024236231190359,1.9828619270460177,1.9833563798010487,1.9513158762547866,1.7903101868682108,8.027350207422685,1.8019309124331577,8.129396974071572,8.205509733812853,1.8800634103202825,1.8987772130860603,2.0458528687940305,2.005732365625902,1.930412701744563,1.7776610775712895,8.058916793721735,1.7995736815974326,8.074474260259237,8.144591277141448,1.855463254484175,8.20965970405464,2.006432198767484,2.0836605898480265,8.24106218571014,1.8349835408951336,8.138237816802338,1.7935744951082757,8.115802611850652,8.079774574029976,1.8367971069386093,1.9373554513404172,2.041887550145755,2.0380858261766885,1.9674200766534415,8.191864015328678,1.8614157092283088,1.873375984506947,8.180123308897942,8.24892022239212,1.9623479452881178,1.9295019419869681,2.052899801314456,2.013456152233536,1.9670265510545972,2.0038639146033463,2.0386161163048846,2.04500983207578,-4.307595182257518,2.012739288701171,2.042539596577948,8.336698206569439,2.0313931988321214,8.325851981864137,1.9788854527351831,1.9817183595809673,2.054091497058429,2.1191012780944307,2.070358020763489,2.101412582843546,2.0689473858651457,2.0088684227837033,2.083690483864944,2.160765123484221,2.091463447517341,2.0722555726025838,1.9237945748876144,2.063420814918506,2.0798921429879624,2.0688971911521694,2.045337018651106,1.9718559653296872,2.092998627744875,2.151155157168796,2.142418333494119,2.0132346701553483,1.9260702384541255,1.9760509555350987,2.0850609310218,2.08146290791193,-4.244218969526138,2.0638958276663706,2.0925639316596376,2.131553107506315,2.049657866835373,1.9815211337694894,1.908755639608526,1.89617988329055,2.032714731887512,2.0608043812466414,8.319344137828415,8.331949562411292
4.179999999999731,0.9952040735481565,1.9797520167779792,8.3466209396624,2.0538968164121,2.0429999140013178,1.9917247166234895,1.8793528212245627,1.8943216628566002,2.0217625718402537,8.315247014260084,1.9779129838495995,2.024237399101599,1.9828637078227758,1.9833578121996973,1.9513173214654145,1.7903120077824466,8.027352609198994,1.801933888316102,8.129400300623994,8.205513046242807,1.880066353923309,1.8987795731719157,2.045854926870936,2.005734075845144,1.930414424928644,1.777663175082676,8.05891947441846,1.7995769371660073,8.074477864293574,8.144594869113005,1.8554664772995066,8.209662341461717,2.0064335215132294,2.0836615638198435,8.241063173452307,1.8349849020005622,8.13823976167583,1.793577016732962,8.115805480096878,8.079777432370697,1.8367995958302998,1.9373573525424426,2.041887404448882,2.038085332755112,1.9674195966614554,8.191863906360037,1.8614161883814768,1.8733770369176421,8.18012470315216,8.248921598475297,1.9623489566995012,1.9295023755311576,2.052898016314424,2.0134540199997297,1.9670244299895066,2.0038621572623305,2.0386149362605703,2.045009226910157,-4.307595434585232,2.012739024915862,2.042538965129271,8.336696993400878,2.0313902301412385,8.325848665615537,1.978882146833123,1.9817154175730778,2.054089135741046,2.1190994903241847,2.070356581646464,2.1014111333856853,2.0689455717187295,2.008866027274118,2.0836872372029247,2.1607615275929457,2.091459861191274,2.0722523507360084,1.9237919364994478,2.06341875249882,2.0798904291928357,2.0688954669318638,2.0453349292536216,1.9718532940718723,2.0929961166773348,2.151152295711741,2.142415480757529,2.013232185290226,1.926068336629704,1.9760496286235096,2.0850599539337855,2.081461920182138,-4.2442203232138995,2.063893892911475,2.0925628861281784,2.1315517120360252,2.0496564833584596,1.9815201154558566,1.9087552050632042,1.8961800248576948,2.032715223209544,2.0608048606574476,8.319344250062743,8.331949092894655
4.189999999999734,0.9952042083363407,1.9797520135509943,8.346621506333726,2.0538970503960057,2.0430001566434988,1.9917253067297276,1.8793539727821071,1.8943233650999078,2.0217646067638357,8.31524903993779,1.977914659023002,2.0242385158574443,1.9828654106910888,1.9833591819435907,1.9513187034754198,1.7903137490707797,8.02735490594049,1.8019367340419368,8.129403481665422,8.205516213764854,1.880069168743112,1.8987818299994998,2.0458568949555427,2.005735711298991,1.9304160727944764,1.7776651809141482,8.058922037930797,1.7995800504006163,8.074481310740385,8.144598304010378,1.8554695591762116,8.209664863531854,2.0064347864654266,2.0836624952593947,8.241064118069671,1.834986203660291,8.138241621576,1.7935794281574646,8.115808222975808,8.079780165767492,1.836801975927765,1.9373591706495121,2.041887265200244,2.0380848609916717,1.9674191377431598,8.191863802240892,1.8614166466637831,1.873378043385464,8.180126036510815,8.248922914454823,1.9623499239535858,1.929502790189774,2.052896309449893,2.013451981086855,1.9670224017531326,2.003860476837283,2.038613807879264,2.04500864826272,-4.3075956758252785,2.012738772723138,2.0425383613582593,8.336695833356336,2.0313873913226677,8.3258454944396,1.9788789855435085,1.981712604250368,2.05408687770007,2.1190977807386915,2.0703552054659524,2.1014097473243503,2.0689438369308712,2.0088637365612514,2.083684132526378,2.1607580889645015,2.0914564317022735,2.072249269750999,1.9237894134559503,2.0634167802202703,2.0798887902879373,2.068893818065188,2.0453329311966852,1.971850739620536,2.0929937153849845,2.1511495593638674,2.1424127527457313,2.013229809046317,1.926066517906559,1.9760483596507614,2.0850590194754473,2.0814609755505105,-4.244221617783741,2.063892042708005,2.092561886257353,2.131550377546028,2.049655160341022,1.98151914162229,1.908754789448545,1.8961801601386379,2.032715692933713,2.060805318987636,8.319344357283915,8.331948643825992
4.199999999999737,0.9952043372280559,1.9797520104651636,8.346622048166328,2.053897274108094,2.043000388644897,1.9917258709976216,1.8793550739346498,1.8943249928364967,2.0217665526139177,8.315250976936756,1.9779162608481506,2.0242395836990172,1.9828670390600505,1.9833604917735754,1.951320025048423,1.7903154142145343,8.027357102239812,1.801939455302755,8.12940652356058,8.205519242718443,1.8800718604145794,1.8987839880873127,2.0458587769837515,2.0057372752566094,1.930417648634334,1.7776670990726036,8.058924489380624,1.7995830275232534,8.074484606489573,8.14460158870209,1.8554725062780721,8.20966727530961,2.0064359961499645,2.083663386024824,8.241065021445605,1.8349874484706503,8.138243400214964,1.7935817341969813,8.115810845966271,8.07978277968137,1.8368042519865369,1.9373609092938466,2.041887132114879,2.038084409936378,1.9674186989740223,8.191863702755928,1.861417084984336,1.8733790059156499,8.18012731163292,8.248924172955169,1.9623508489777852,1.9295031867854422,2.0528946773004617,2.013450031410814,1.9670204622833671,2.0038588699623583,2.0386127288996163,2.0450080949715956,-4.307595906465109,2.0127385316129933,2.0425377840511008,8.33669472410905,2.0313846766942234,8.325842461989732,1.9788759625406713,1.9817099139846734,2.054084718419283,2.1190961459193125,2.070353889469825,2.1014084218864895,2.0689421780294923,2.0088615460597943,2.083681163625032,2.1607548007204946,2.0914531521913444,2.0722463234876005,1.9237870007152456,2.063414894143976,2.0798872230013523,2.0688922412591806,2.0453310204869184,1.97184829686734,2.0929914190680656,2.1511469426543113,2.14241014400507,2.0132275366753825,1.9260647786539786,1.976047146087773,2.0850581257877168,2.081460072137087,-4.244222855817364,2.063890273360524,2.0925609300526773,2.131549101370902,2.049653895140234,1.981518210325458,1.9087543919398302,1.8961802894128423,2.0327161420100723,2.0608057571648173,8.319344459716195,8.331948214314815
4.209999999999741,0.9952044604813851,1.9797520075143111,8.346622566249083,2.0538974879990595,2.043000610471639,1.9917264105579333,1.8793561268880274,1.894326549327366,2.021768413289683,8.315252829139604,1.9779177925372147,2.0242406047692167,1.9828685961895274,1.9833617443105764,1.9513212888272173,1.7903170065428804,8.027359202488851,1.8019420575417748,8.129409432395814,8.205522139165673,1.8800744343259936,1.8987860517560653,2.045860576719246,2.0057387708441627,1.9304191555965629,1.7776689333898452,8.058926833666018,1.7995858744839992,8.07448775812985,8.14460472975633,1.8554753244992783,8.209669581618828,2.006437152982271,2.0836642378930277,8.24106588538117,1.8349886389145666,8.138245101142722,1.7935839394563773,8.115813354307718,8.079785279334693,1.8368064285542822,1.9373625719488612,2.041887004920384,2.038083978680857,1.9674182794700112,8.191863607699347,1.8614175042126413,1.8733799264259479,8.180128531061435,8.24892537648627,1.9623517336154233,1.929503566104958,2.0528931165954707,2.0134481670662217,1.9670186076958085,2.0038573334189422,2.0386116971592165,2.045007565925805,-4.3075961269707275,2.012738301097908,2.042537232047274,8.336693663434207,2.0313820808223797,8.325839562196999,1.9788730717756235,1.98170734139393,2.054082653579893,2.1190945825968392,2.0703526310262763,2.101407154420362,2.0689405916944734,2.0088594513851303,2.08367832456032,2.1607516562834332,2.091450016099474,2.07224350605517,1.92378469345578,2.0634130905030994,2.079885724204054,2.068890733364763,2.0453291933055606,1.9718459609274135,2.0929892231367475,2.151144440351514,2.1424076493204023,2.013225363636751,1.9260631153998382,1.976045985515794,2.0850572710925275,2.0814592081438645,-4.2442240397837265,2.0638885813351457,2.092560015606822,2.131547880961786,2.049652685228855,1.981517319706971,1.9087540117482722,1.8961804129473163,2.0327165713468274,2.060806176075727,8.319344557573785,8.331947803509424
4.219999999999744,0.9952045783431053,1.9797520046925319,8.346623061623115,2.053897692499839,2.043000822569479,1.9917269264919895,1.8793571337515809,1.8943280376907996,2.0217701925196137,8.315254600258907,1.9779192571616404,2.0242415811170242,1.982870085196694,1.9833629420608467,1.9513224973390473,1.7903185292394768,8.027361210887523,1.8019445459642156,8.129412213991275,8.205524908903415,1.8800768956298293,1.89878802513734,2.0458622977610372,2.0057402010510725,1.9304205966918735,1.7776706875302304,8.058929075471017,1.7995885969728966,8.074490771961923,8.1446077334541,1.8554780194762202,8.209671787072331,2.006438259272148,2.0836650525632137,8.241066711598743,1.8349897773665187,8.138246727754217,1.793586048339365,8.11581575301069,8.079787669721613,1.83680850997989,1.9373641619361086,2.0418868833563644,2.0380835663565264,1.9674178783858274,8.191863516874452,1.8614179051803292,1.873380806750434,8.180129697228338,8.248926527448516,1.9623525796293981,1.9295039289008498,2.0528916242074446,2.0134463843185904,1.9670168342759935,2.003855864129222,2.038610710590268,2.045007060063034,-4.307596337787629,2.01273808071185,2.0425367042371976,8.33669264920448,2.0313795985113865,8.325836789257997,1.9788703074639562,1.9817048813314189,2.0540806790519093,2.1190930876449605,2.0703514276185686,2.101405942390238,2.0689390747510017,2.008857448344546,2.0836756096534805,2.1607486493635646,2.0914470171545103,2.072240811820604,1.923782487066702,2.0634113656953343,2.079884290903672,2.0688892913704557,2.045327446000827,1.9718437271295706,2.09298712320194,2.1511420474527467,2.14240526370466,2.0132232855882513,1.926061524823679,1.9760448756215947,2.0850564536892913,2.0814583818512276,-4.244225172043977,2.0638869632524686,2.0925591410957987,2.131546713881279,2.0496515281901666,1.981516467989665,1.9087536481194491,1.8961805309971718,2.0327169818121855,2.060806576568034,8.31934465106127,8.331947410595195
4.229999999999747,0.9952046910491803,1.9797520019941781,8.346623535283905,2.0538978880224805,2.04300102536468,1.991727419833839,1.8793580965423762,1.8943294609086123,2.0217718938689564,8.315256293844662,1.977920657658322,2.0242425147016236,1.9828715090622846,1.9833640874209861,1.95132365300066,1.790319985348829,8.02736313145215,1.8019469255477003,8.129414873912552,8.205527557474934,1.8800792492530778,1.8987899121818763,2.0458639435506765,2.005741568736002,1.9304219747993614,1.7776723649979862,8.05893121927499,1.799591200431311,8.074493654011064,8.144610605801754,1.8554805965987657,8.209673896081128,2.0064393172283985,2.0836658316603005,8.241067501745437,1.8349908660972734,8.138248283296107,1.793588065057288,8.115818046866808,8.079789955618024,1.8368105004221582,1.9373656824319239,2.0418867671739065,2.0380831721328616,1.9674174949132128,8.191863430093257,1.8614182886828023,1.8733816486431587,8.180130812459451,8.24892762813752,1.9623533887056892,1.9295042758928695,2.0528901971458247,2.013444679596852,1.9670151384719632,2.0038544591500287,2.0386097672154557,2.0450065763675074,-4.30759653934171,2.0127378700093255,2.0425361995599935,8.336691679385739,2.0313772247928576,8.325834137623216,1.9788676640742704,1.981702528875478,2.0540787908858937,2.1190916580740238,2.07035027684,2.101404783371313,2.0689376241632065,2.0088555329288225,2.083673013474193,2.1607457739462808,2.09144414935862,2.0722382353970805,1.923780377138657,2.0634097162757286,2.079882920238529,2.0688879123963666,2.04532577508061,1.971841591006959,2.09298511506651,2.1511397591740984,2.1424029823888735,2.0132212983775215,1.9260600037500848,1.9760438141928691,2.085055671951528,2.0814575916145324,-4.244226254856161,2.063885415880821,2.0925583047753182,2.13154559779856,2.0496504217131326,1.981515653474049,1.908753300331807,1.8961806438061568,2.032717374236122,2.0608069594520617,8.319344740374065,8.331947034792984
4.239999999999751,0.9952047988252387,1.9797519994138508,8.346623988183282,2.053898074960968,2.0430012192648674,1.9917278915723169,1.8793590171892374,1.894330821832119,2.0217735207468785,8.315257913291404,1.9779219968354993,2.0242434073963427,1.98287287063657,1.983365182682741,1.9513247581231365,1.7903213777823674,8.02736496802348,1.8019492010522036,8.129417417481811,8.205530090180961,1.8800814999071174,1.8987917166674908,2.045865517379146,2.0057428766325804,1.9304232926722609,1.7776739691442058,8.058933269361559,1.799593690062792,8.074496410039155,8.144613352543017,1.8554830610210467,8.209675912863272,2.006440328963245,2.083666576738173,8.241068257396408,1.8349919072784182,8.13824977087325,1.7935899936375175,8.115820240458335,8.079792141591119,1.8368124038581022,1.937367136473775,2.041886656135074,2.0380827952157285,1.9674171282793302,8.19186334717609,1.8614186554808165,1.8733824537816366,8.180131878979081,8.248928680748707,1.9623541624567098,1.9295046077694196,2.0528888325509698,2.0134430494862077,1.9670135168871592,2.00385311566695,2.0386088651439853,2.0450061138679416,-4.307596732040125,2.0127376685644696,2.042535717001345,8.336690752032977,2.0313749549158198,8.325831601985945,1.9788651363171095,1.9817002793196665,2.0540769853050724,2.119090291025064,2.0703491763890973,2.101403675044863,2.068936237028074,2.0088537013042074,2.0836705308296994,2.1607430242800776,2.0914414069762834,2.072235771633295,1.9237783594549895,2.0634081389498133,2.079881609471933,2.0688865936884437,2.0453241772054924,1.9718395482881177,2.092983194716882,2.1511375709408944,2.1424008008126285,2.013219398033724,1.926058549142349,1.9760427991138372,2.0850549243236425,2.081456835860847,-4.244227290379711,2.0638839361297987,2.092557504977304,2.131544530484724,2.0496493635877773,1.981514874534906,1.908752967695228,1.8961807516071638,2.032717749412066,2.0608073255024424,8.319344825698824,8.331946675357573
4.249999999999754,0.9952049018870252,1.979751996946386,8.346624421231345,2.053898253692011,2.0430014046598375,1.9917283426530161,1.8793598975366037,1.8943321231878472,2.021775076413298,8.315259461845015,1.9779232773783981,2.024244260992412,1.9828741726450687,1.9833662300375923,1.951325814916509,1.7903227093242595,8.027366724274364,1.801951377029564,8.129419849788428,8.205532512090334,1.8800836520971518,1.8987934422066495,2.0458670223934527,2.0057441273548773,1.9304245529434474,1.7776755031735365,8.058935229827147,1.7995960708434608,8.074499045556186,8.14461597917046,1.855485417671769,8.209677841452285,2.006441296496558,2.083667289282793,8.241068980057998,1.8349929029866914,8.138251193454874,1.7935918379314864,8.115822338167314,8.079794232008492,1.8368142240909011,1.9373685269663365,2.041886550012429,2.0380824348457964,1.9674167777452158,8.191863267951234,1.8614190063019873,1.8733832237701826,8.180132898914431,8.24892968738165,1.9623549024245142,1.9295049251889194,2.0528875276884313,2.013441490721293,1.9670119662736283,2.003851830988702,2.0386080025678006,2.0450056716356055,-4.307596916272123,2.0127374759701797,2.042535255591448,8.336689865286399,2.031372784337193,8.32582917727163,1.97886271913438,1.981698128163354,2.0540752586977926,2.1190889837640947,2.070348124065014,2.1014026151935945,2.068934910569632,2.008851949804723,2.0836681567544066,2.1607403948650434,2.091438784522824,2.0722334156031663,1.9237764299833235,2.0634066305670373,2.0798803559867243,2.068885332612976,2.0453226491820704,1.9718375948884252,2.0929813583150008,2.1511354783785444,2.1423987146149437,2.0132175807596027,1.926057158096418,1.9760418283610373,2.0850542093178377,2.0814561130858213,-4.244228280679765,2.063882521044089,2.092556740106561,2.1315435098083215,2.0496483517007587,1.981514129618047,1.9087526495496605,1.8961808546227148,2.0327181080985137,2.0608076754596882,8.319344907213825,8.331946331576196
4.259999999999757,0.9952050004408355,1.979751994586846,8.346624835298288,2.0538984245758023,2.0430015819223355,1.9917287739801763,1.8793607393482183,1.8943333675829963,2.021776563985419,8.315260942609243,1.9779245018546208,2.024245077202573,1.982875417694012,1.983367231581144,1.9513268254941776,1.7903239826369708,8.027368403717087,1.801953457832584,8.129422175699194,8.205534828050126,1.8800857101312374,1.8987950922537091,2.0458684616029332,2.005745323402632,1.9304257581307034,1.7776769701505795,8.058937104589173,1.7995983475319495,8.074501565831284,8.144618490936487,1.8554876712640758,8.209679685705243,2.0064422217599,2.08366797071517,8.241069671170727,1.8349938552081253,8.138252553880523,1.7935936016223695,8.115824344184327,8.07979623104686,1.8368159647574949,1.9373698566872972,2.041886448588564,2.038082090297012,1.9674164426042973,8.191863192254578,1.8614193418422362,1.873383960143106,8.180133874299864,8.248930650044292,1.9623556100838675,1.9295052287811094,2.0528862799434657,2.0134400001796395,1.9670104835255218,2.0038506025417466,2.038607177757968,2.045005248782453,-4.307597092409825,2.0127372918372854,2.042534814403057,8.336689017367691,2.0313707087126915,8.325826858627748,1.9788604076892307,1.9816960711027252,2.0540736076103054,2.119087733676648,2.0703471177631334,2.1014016016972126,2.068933642133386,2.0088502749248263,2.0836658864999467,2.16073788044185,2.0914362767534356,2.0722311625959877,1.9237745848675143,2.063405188114482,2.0798791572800606,2.0688841266513363,2.0453211879565667,1.9718357269019229,2.092979602190659,2.151133477303788,2.142396719625546,2.013215842923896,1.9260558278351003,1.9760408999993002,2.0850535255111664,2.0814554218507064,-4.244229227731279,2.063881167797561,2.092556008637587,2.131542533731096,2.0496473840311435,1.9815134172372013,1.908752345263809,1.8961809530654261,2.032718451020571,2.060808010031701,8.319344985089362,8.331946002767122
4.269999999999761,0.99520509468393,1.9797519923305105,8.346625231216155,2.0538985879567373,2.0430017514087973,1.9917291864184896,1.8793615443106577,1.8943345575106605,2.0217779864439818,8.315262358551921,1.9779256727193026,2.02424585766451,1.982876608275568,1.9833681893173185,1.9513277918771368,1.7903252002665817,8.02737000971039,1.8019554476237265,8.12942439986801,8.205537042695353,1.8800876781289115,1.8987966701118413,2.045869837885277,2.00574646716626,1.9304269106417462,1.7776783730060066,8.058938897393851,1.7996005246788997,8.074503975903214,8.144620892863834,1.855489826304974,8.209681449310509,2.0064431066003854,2.0836686223942054,8.241070332112194,1.8349947658420092,8.138253854865706,1.7935952882324329,8.115826262516839,8.079798142700412,1.8368176293358511,1.937371128292914,2.0418863516556676,2.0380817608751487,1.967416122180977,8.191863119929286,1.86141966276717,1.873384664367763,8.180134807080922,8.248931570656907,1.9623562868451774,1.9295055191483026,2.0528850868157957,2.0134385748754204,1.9670090656728814,2.003849427865141,2.0386063890612145,2.045004844459342,-4.307597260808986,2.0127371157937546,2.042534392549612,8.336688206576438,2.031368723888123,8.325824641414048,1.9788581973563786,1.9816941040221765,2.054072028739868,2.1190865382625512,2.0703461554708626,2.101400632528172,2.068932429180999,2.0088486733123836,2.083663715525667,2.1607354759812236,2.091433878652692,2.0722290081070134,1.9237728204199485,2.063403808710855,2.0798780109584234,2.068882973394958,2.045319790608726,1.9718339405934981,2.0929779228341476,2.151131563716318,2.1423948118565277,2.0132141810540816,1.9260545557025233,1.9760400121779034,2.0850528715427075,2.081454760779489,-4.244230133422964,2.0638798736876205,2.09255530911153,2.131541600303902,2.0496464586463596,1.9815127359710496,1.9087520542338816,1.89618104713845,2.032718778871429,2.0608083298952113,8.319345059488096,8.331945688278314
4.279999999999764,0.9952051848049309,1.9797519901728635,8.346625609780508,2.0538987441641114,2.0430019134600643,1.9917295807948259,1.8793623140367057,1.8943356953548207,2.021779346639237,8.315263712510927,1.9779267923200403,2.0242466039441536,1.982877746772835,1.9833691051623683,1.9513287159980122,1.7903263646478724,8.02737154546617,1.8019573503834387,8.129426526745238,8.205539160458244,1.8800895600294458,1.8987981789396517,2.045871153992292,2.0057475609316344,1.9304280127790425,1.7776797145424161,8.058940611823678,1.7996026066360507,8.074506280590473,8.144623189755604,1.8554918871043538,8.209683135795093,2.0064439527843794,2.083669245619409,8.241070964199821,1.8349956367046776,8.13825509900731,1.7935969011300585,8.1158280969972,8.079799970788766,1.8368192211519137,1.937372344323322,2.0418862590151017,2.0380814459164105,1.9674158158292783,8.19186305082547,1.8614199697134024,1.873385337847475,8.180135699118216,8.248932451055943,1.9623569340573022,1.9295057968665768,2.0528839459145987,2.0134372119534736,1.9670077098756964,2.003848304605616,2.0386056348966193,2.0450044578543314,-4.307597421809714,2.01273694748394,2.042533989183452,8.336687431286718,2.031366825891067,8.3258225211933,1.9788560837128537,1.9816922229860858,2.0540705189281407,2.1190853951309374,2.0703452352636096,2.1013997057476232,2.0689312692852084,2.00884714176195,2.083661639489543,2.160733176673881,2.091431585424513,2.0722269478284567,1.9237711331141825,2.0634024896007404,2.0798769147328473,2.0688818705405185,2.0453184543459737,1.9718322323914073,2.0929763168892386,2.151129733790781,2.1423929874943717,2.013212591829436,1.9260533391588393,1.9760391631268874,2.0850522461108647,2.081454128556166,-4.244230999561053,2.063878636129804,2.092554640133271,2.1315407076628117,2.0496455736983314,1.981512084460382,1.9087517758823904,1.8961811370358979,2.0327190923137617,2.0608086356971516,8.319345130565402,8.331945387486119
4.289999999999767,0.9952052709842004,1.9797519881095886,8.346625971752031,2.053898893512777,2.0430020684020613,1.991729957899886,1.8793630500685798,1.8943367833951206,2.0217806472966604,8.315265007199876,1.9779278629016057,2.024247317538814,1.9828788354646187,1.9833699809487146,1.9513295997049256,1.790327478109185,8.027373014055899,1.8019591699181075,8.129428560586575,8.20554118557713,1.8800913595997353,1.8987996217575114,2.045872412555412,2.005748606884663,1.9304290667444113,1.7776809974399228,8.058942251304586,1.7996045975649297,8.074508484500889,8.14462538620488,1.8554938577836106,8.209684748531734,2.006444762001028,2.0836698416335016,8.24107156869348,1.8349964695331344,8.138256288788794,1.7935984435364647,8.115829851290309,8.07980171896461,1.8368207433862456,1.9373735072076137,2.041886170476995,2.038081144786102,1.967415522931548,8.191862984799878,1.8614202632898167,1.8733859819243237,8.180136552191131,8.24893329299767,1.962357553010234,1.9295060624869171,2.0528828549537144,2.013435908683586,1.9670064134182201,2.003847230512867,2.0386049137524482,2.0450040881910496,-4.307597575737159,2.0127367865678507,2.042533603494104,8.336686689943829,2.0313650109229178,8.325820493722398,1.9788540625291522,1.981690424230947,2.0540690751548807,2.1190843019954633,2.0703443553009353,2.101398819501528,2.068930160124964,2.0088456772083516,2.083659654239483,2.160730977920905,2.0914293924825724,2.072224977640879,1.9237695195779017,2.0634012281491088,2.0798758664143544,2.068880815885349,2.0453171764978335,1.9718305988801277,2.092974781146466,2.151127983869119,2.142391242892319,2.0132110720743968,1.926052175775156,1.976038351153535,2.085051647970787,2.0814535239221224,-4.244231827872904,2.063877452652615,2.092554000368639,2.131539854025382,2.049644727419783,1.9815114614053824,1.9087515096570074,1.896181222943243,2.0327193919810846,2.0608089280559727,8.3193451984697,8.331945099794055
4.299999999999771,0.9952053533942037,1.979751986136557,8.346626317858053,2.0538990363037777,2.043002216546445,1.9917303184897805,1.8793637538810155,1.8943378238114315,2.021781891022413,8.315266245213557,1.9779288866104499,2.0242479998801968,1.982879876529998,1.9833708184286132,1.9513304447651878,1.7903285428770757,8.027374418416766,1.8019609098676672,8.129430505461587,8.205543122104919,1.8800930804418439,1.8988010014536079,2.0458736160909687,2.0057496071156615,1.9304300746434215,1.7776822242615138,8.05894381911278,1.7996065014451625,8.074510592040852,8.144627486603898,1.8554957422838887,8.209686290745637,2.006445535865641,2.083670411624894,8.241072146798013,1.834997265988517,8.13825742658512,1.793599918532133,8.11583152890091,8.079803390720992,1.8368221990803864,1.9373746192686927,2.04188608585986,2.0380808568773565,1.9674152428972174,8.191862921715618,1.8614205440787726,1.8733865978818203,8.180137368001366,8.248934098161689,1.962358144937667,1.9295063165363109,2.052881811747062,2.0134346624550226,1.9670051737035348,2.00384620343505,2.0386042241831306,2.045003734727141,-4.307597722902171,2.012736632720466,2.042533234706651,8.336685981061175,2.0313632753512794,8.325818554943858,1.978852129760774,1.981688704157841,2.0540676945319047,2.1190832566697466,2.070343513822877,2.10139797201695,2.068929099480774,2.008844276720542,2.083657755805019,2.160728875324537,2.0914272954411226,2.072223093604954,1.9237679765861868,2.0634000218360535,2.0798748639095903,2.0688798073230315,2.0453159545105866,1.9718290367935225,2.0929733125367065,2.1511263104532516,2.142389574563078,2.0132096187522186,1.9260510632286916,1.976037574639003,2.0850510759318923,2.081452945673636,-4.244232620010436,2.0638763208925868,2.0925533885417487,2.1315390376870926,2.0496439181207027,1.981510865563031,1.9087512550294663,1.896181305037709,2.032719678479031,2.060809207562901,8.31934526334275,8.331944824631602
4.309999999999774,0.9952054321998545,1.979751984249821,8.346626648794029,2.0538991728249516,2.0430023581912318,1.9917306632875424,1.8793644268842207,1.8943388186882195,2.0217830803085692,8.315267429033142,1.9779298654990134,2.024248652337279,1.9828808720526905,1.9833716192776643,1.9513312528688334,1.7903295610807621,8.027375761357547,1.8019625737128797,8.129432365261824,8.205544973917203,1.8800947260002208,1.8988023207897333,2.045874767005227,2.0057505636235335,1.9304310384896026,1.7776833974581643,8.058945318381284,1.799608322082422,8.07451260742411,8.144629495152836,1.8554975443739665,8.209687765520938,2.006446275922918,2.0836709567300695,8.241072699665636,1.8349980276594116,8.138258514667523,1.7936013290629544,8.115833133180587,8.079804989398296,1.8368235911429256,1.9373756827279192,2.041886004990223,2.0380805816099152,1.9674149751616181,8.19186286144186,1.861420812637263,1.873387186947462,8.180138148176328,8.248934868154262,1.9623587110194527,1.9295065595187892,2.052880814204258,2.0134334707713024,1.9670039882483525,2.0038452213144784,2.03860356480636,2.04500339675277,-4.307597863601932,2.0127364856310694,2.0425328820801694,8.33668530321728,2.0313616157026884,8.325816700977715,1.9788502815401305,1.9816870593252438,2.0540663742973164,2.1190822570629937,2.0703427091464275,2.1013971615985083,2.0689280852302634,2.0088429374957304,2.0836559403893604,2.1607268646793787,2.091425290106222,2.0722212919535954,1.9237665010550729,2.06339886825177,2.079873905216648,2.0688788428391947,2.045314785942166,1.9718275430083039,2.0929719081250413,2.151124710198076,2.1423879791718505,2.013208228958907,1.9260499992981412,1.9760368320351005,2.085050528855509,2.0814523926594837,-4.244233377553438,2.0638752385895565,2.092552803432451,2.131538257017937,2.0496431441849623,1.9815102957446227,1.9087510114945159,1.8961813834886347,2.0327199523865858,2.0608094747831354,8.319345325319983,8.33194456145309
4.319999999999777,0.9952055075588465,1.9797519824456062,8.346626965224916,2.0538993033515114,2.043002493621389,1.9917309929845706,1.879365070426694,1.8943397700187194,2.021784217538109,8.315268561031164,1.9779308015298456,2.0242492762190563,1.9828818240252304,1.9833723850981646,1.9513320256319964,1.790330534756377,8.027377045564204,1.8019641647822895,8.129434143708636,8.20554674472003,1.8800962995685961,1.8988035824068177,2.0458758675992015,2.0057514783197745,1.9304319602084674,1.7776845193737323,8.058946752106182,1.7996100631160283,8.074514534680182,8.144631415868217,1.8554992676577964,8.209689175806874,2.0064469836500396,2.083671478035851,8.241073228398234,1.8349987560650194,8.138259555208004,1.7936026779461078,8.115834667334472,8.07980651819091,1.8368249223553166,1.937376699709549,2.0418859277022734,2.038080318428963,1.9674147191848466,8.191862803853592,1.861421069498019,1.8733877502951746,8.180138894272362,8.248935604511527,1.9623592523839481,1.9295067919164322,2.0528798603264287,2.0134323312451987,1.9670028546780478,2.0038442821835014,2.038602934300334,2.0450030735892044,-4.307597998120553,2.012736345002621,2.0425325449062357,8.336684655052938,2.0313600286556617,8.325814928113743,1.978848514168809,1.9816854864421423,2.0540651118099875,2.119081301175828,2.070341939662176,2.101396386624982,2.0689271153439215,2.0088416568537726,2.0836542043617916,2.1607249419639754,2.0914233724673434,2.072219569084427,1.9237650900353913,2.063397765091743,2.079872988421076,2.068877920507497,2.0453136684572755,1.9718261145377838,2.0929705651048853,2.151123179904775,2.1423864535296575,2.0132068999174106,1.9260489818592446,1.9760361218612081,2.0850500056526147,2.081451863778651,-4.244234102012704,2.0638742035821487,2.0925522438738993,2.131537510459162,2.0496424040670855,1.981509750813391,1.9087507785689155,1.8961814584578278,2.032720214257257,2.0608097302569997,8.319345384530765,8.331944309736617
4.329999999999781,0.9952055796219704,1.9797519807203023,8.346627267786515,2.053899428146597,2.043002623109407,1.991731308242012,1.8793656857979275,1.894340679708928,2.0217853049896948,8.315269643476281,1.9779316965795428,2.024249872777174,1.9828827343529567,1.9833731174223175,1.951332764600143,1.7903314658510345,8.027378273605269,1.801965686258881,8.12943584436059,8.205548438057308,1.8800978042965801,1.898804788830221,2.0458769200732636,2.0057523530322925,1.9304328416413592,1.7776855922496393,8.058948123152623,1.7996117280262192,8.074516377662421,8.144633252590918,1.8555009155817137,8.209690524423676,2.0064476604596186,2.083671976581575,8.241073734049575,1.8349994526581912,8.138260550283695,1.7936039678756817,8.115836134427623,8.079807980153609,1.836826195377433,1.9373776722449805,2.041885853837523,2.038080066804019,1.96741447445068,8.191862748831335,1.8614213151705674,1.873388289047648,8.18013960777787,8.248936308702541,1.9623597701102626,1.9295070141903192,2.0528789482022036,2.0134312415939553,1.967001770721901,2.00384338416057,2.0386023314011,2.045002764587447,-4.307598126729657,2.012736210551154,2.0425322225075004,8.336684035268462,2.0313585110340386,8.325813232804032,1.978846824110171,1.9816839823614552,2.0540639045442806,2.1190803870962878,2.0703412038310836,2.1013956455460656,2.0689261878810368,2.008840432231794,2.0836525442504055,2.160723103332768,2.0914215386893584,2.0722179215525824,1.9237637407068808,2.063396710152152,2.07987211169206,2.068877038485772,2.0453125998227195,1.971824748525898,2.092969280792374,2.151121716514419,2.1423849945869646,2.013205628972075,1.926048008880547,1.9760354427013316,2.0850495052816718,2.0814513579781484,-4.244234794833052,2.0638732138034572,2.092551708750214,2.131536796520151,2.0496416962891595,1.9815092296822379,1.9087505557904778,1.8961815300999005,2.032720464620202,2.0608099745010344,8.319345441098658,8.331944068983
4.339999999999784,0.9952056485334146,1.979751979070458,8.346627557086768,2.0538995474618047,2.0430027469158425,1.9917316096920852,1.8793662742309842,1.894341549581422,2.0217863448422406,8.31527067853781,1.977932552442514,2.024250443208441,1.9828836048578335,1.9833738177152975,1.951333471251161,1.7903323562267237,8.027379447936964,1.8019671411864422,8.129437470620607,8.205550057317906,1.8800992431959693,1.898805942474791,2.0458779265315457,2.0057531895090657,1.9304336845491339,1.7776866182293478,8.058949434260523,1.7996133201411015,8.074518140055718,8.144635008993873,1.8555024914413312,8.209691814068227,2.0064483077025264,2.083672453361165,8.241074217627395,1.8350001188283225,8.138261501880976,1.7936052014280481,8.115837537391162,8.079809378207647,1.8368274127528805,1.9373786022768134,2.0418857832444877,2.038079826227865,1.96741424046554,8.191862696260916,1.8614215501422386,1.8733888042785745,8.180140290116256,8.248936982132228,1.9623602652304053,1.9295072267814475,2.0528780760038825,2.013430199634719,1.9670007342085558,2.003842525446466,2.038601754900029,2.045002469126934,-4.30759824968892,2.0127360820051954,2.04253191423632,8.3366834426211,2.0313570598006288,8.325811611655885,1.9788452079822774,1.9816825440737385,2.0540627500849977,2.119079512996011,2.0703405001814104,2.101394936879267,2.068925300985808,2.0088392611790593,2.0836509567351564,2.1607213451084,2.0914197851048613,2.072216346063817,1.9237624503725541,2.063395701325473,2.079871273278769,2.068876195012359,2.045311577902938,1.9718234422414898,2.0929680526209906,2.1511203171018436,2.1423835994275824,2.0132044135833334,1.9260470784193469,1.9760347932012812,2.0850490267465593,2.0814508742509132,-4.2442354573962096,2.0638722672769156,2.0925511969942643,2.1315361137754443,2.049641019437876,1.9815087313115631,1.9087503427171513,1.8961815985625905,2.032720703981297,2.060810208009051,8.319345495141713,8.331943838714798
4.349999999999787,0.9952057144310568,1.9797519774927725,8.346627833706954,2.053899661537691,2.04300286528984,1.9917318979393435,1.8793668369049679,1.8943423813790088,2.0217873391792756,8.31527166829009,1.977933370834583,2.024250988657232,1.9828844372820982,1.9833744873781844,1.9513341469983134,1.7903332076640257,8.027380570908113,1.8019685324756496,8.129439025742762,8.205551605742434,1.8801006191467775,1.8988070456497026,2.0458788889861514,2.0057539894216414,1.930434490615676,1.7776875993626386,8.058950688050043,1.799614842643298,8.07451982538384,8.144636688589404,1.8555039983881305,8.209693047319455,2.006448926670592,2.083672909325124,8.241074680095421,1.8350007559041253,8.138262411899465,1.7936063810670075,8.115838879028109,8.079810715146605,1.8368285769140815,1.9373794916627318,2.0418857157783745,2.0380795962155296,1.967414016757501,8.191862646033233,1.861421774879137,1.8733892970147836,8.180140942648782,8.248937626144157,1.9623607387313398,1.9295074301116037,2.052877241983774,2.013429203280166,1.9669997430616708,2.0038417043207066,2.038601203641396,2.045002186614293,-4.307598367246606,2.0127359591052163,2.042531619473457,8.336682875922534,2.031355672051125,8.32581006142503,1.9788436625511225,1.9816811687011675,2.054061646122555,2.1190786771265784,2.070339827305777,2.101394259206943,2.0689244528836332,2.008838141352069,2.0836494386412165,2.1607196637743558,2.091418108206832,2.072214839467926,1.9237612164533109,2.063394736596271,2.0798704715068634,2.068875388402581,2.0453106006557378,1.971822193072848,2.092966878136442,2.1511189788697997,2.142382265262835,2.0132032513226346,1.9260461886178184,1.9760341720659778,2.0850485690945972,2.0814504116338117,-4.2442360910235575,2.063871362112347,2.0925507075855316,2.1315354608618926,2.0496403721617047,1.9815082547071867,1.908750138926141,1.8961816639870668,2.032720932824166,2.060810431253129,8.31934554677269,8.331943618475364
4.359999999999791,0.9952057774467397,1.979751975984089,8.346628098202874,2.0538997706042617,2.043002978469634,1.9917321735618843,1.8793673749473832,1.8943431767682162,2.0217882899931237,8.315272614716637,1.97793415339643,2.0242515102177863,1.9828852332917515,1.983375127750768,1.9513347931930645,1.7903340218656718,8.027381644764843,1.8019698629098884,8.129440512838794,8.205553086429731,1.8801019349030048,1.8988081005630826,2.045879809361183,2.005754754368475,1.9304352614512656,1.7776885376097071,8.05895188702683,1.7996162985763071,8.07452143701651,8.144638294736248,1.8555054394357668,8.20969422664349,2.0064495185991853,2.083673345382428,8.241075122375296,1.8350013651562795,8.138263282155785,1.793607509148705,8.115840162018985,8.079811993641963,1.836829690187135,1.937380342179219,2.04188565130079,2.0380793763033145,1.9674138028753407,8.191862598044024,1.8614219898270647,1.8733897682382872,8.180141566677264,8.248938242023232,1.9623611915569512,1.9295076245842036,2.052876444470691,2.0134282505343224,1.9669987952957637,2.003840919138096,2.0386006765200615,2.0450019164821485,-4.30759847964006,2.012735841603107,2.0425313376268286,8.336682334036492,2.0313543450082894,8.325808579009122,1.9788421847241628,1.9816798534917826,2.0540605904483664,2.119077877816022,2.070339183858342,2.101393611173457,2.0689236418775505,2.0088370705098586,2.0836479869326205,2.1607180559679255,2.0914165046416264,2.072213398752443,1.9237600364827874,2.063393814037179,2.0798697047751546,2.068874617045379,2.0453096661282104,1.9718209985224788,2.092965754991742,2.15111769914336,2.14238098942598,2.0132021398675866,1.9260453376993045,1.976033578056874,2.085048131414649,2.081449969205722,-4.244236696978777,2.0638704965021852,2.0925502395480735,2.131534836475926,2.0496397531681985,1.9815077989183645,1.9087499440130717,1.8961817265082235,2.0327211516111587,2.0608106446845738,8.319345596099305,8.331943407827936
4.369999999999794,0.9952058377065351,1.9797519745413894,8.346628351105965,2.053899874881426,2.0430030866830213,1.9917324371125065,1.879367889436393,1.8943439373426323,2.0217891991888943,8.315273519714127,1.9779349016968852,2.0242520089364073,1.9828859944798962,1.98337574011423,1.9513354111277816,1.790334800459949,8.027382671655063,1.801971135150818,8.129441934884332,8.20555450234307,1.8801031930981513,1.8988091093264345,2.0458806894965944,2.0057554858781304,1.9304359985957955,1.7776894348450762,8.058953033586999,1.7996176908505808,8.074522978176109,8.14463983064627,1.8555068174660985,8.209695354398603,2.0064500846696847,2.083673762402343,8.241075545348409,1.8350019477999684,8.138264114387203,1.7936085879263308,8.11584138892717,8.079813216248434,1.8368307547964626,1.9373811555251037,2.0418855896794557,2.038079166047859,1.9674135983876344,8.191862552193655,1.8614221954124037,1.8733902188882363,8.180142163446677,8.248938830998252,1.9623616246099236,1.9295078105850902,2.0528756818666034,2.013427339488567,1.9669978890122373,2.0038401683254348,2.0386001724792577,2.045001658187985,-4.307598587096195,2.0127357292616703,2.042531068130319,8.336681815876469,2.031353076016393,8.325807161441539,1.9788407715441303,1.9816785958139842,2.054059580950426,2.1190771134654818,2.070338568552119,2.1013929914824714,2.068922866344842,2.008836046509516,2.0836465987061894,2.1607165184734787,2.0914149712022647,2.0722120210366217,1.9237589081024304,2.0633929318050526,2.0798689715524117,2.0688738794001,2.0453087724528256,1.9718198562021119,2.0929646809425226,2.151116475364565,2.1423797693668827,2.013201076997319,1.9260445239647717,1.9760330099894865,2.0850477128353146,2.081449546085703,-4.2442372764703595,2.063869668717869,2.092549791948577,2.1315342393709544,2.0496391612214024,1.9815073630358901,1.9087497575911856,1.8961817862549588,2.032721360784286,2.0608108487348353,8.319345643224464,8.331943206354772
4.379999999999797,0.9952058953309963,1.9797519731617879,8.346628592924361,2.0538999745794477,2.043003190147817,1.9917326891198146,1.8793683814029756,1.8943446646260975,2.0217900685883015,8.31527438509619,1.9779356172360738,2.02425248581356,1.9828867223699254,1.983376325693705,1.95133600203832,1.7903355450039506,8.027383653632764,1.801972351743695,8.129443294724847,8.20555585631609,1.8801043962504906,1.8988100739588654,2.0458815311518674,2.005756185412337,1.930436703521848,1.7776902928613418,8.058954130021949,1.799619022249341,8.07452445194414,8.144641299390882,1.8555081352349492,8.20969643283992,2.0064506260118393,2.083674161216163,8.241075949857658,1.8350025049973002,8.138264910255085,1.7936096195546207,8.115842562204016,8.079814385409065,1.836831772869253,1.9373819333249602,2.0418855307879418,2.038078965025256,1.9674134028818875,8.191862508386926,1.8614223920429647,1.8733906498627895,8.180142734147624,8.248939394244356,1.9623620387535383,1.9295079884833004,2.0528749526434362,2.013426468317807,1.9669970223955762,2.0038394503783663,2.0385996905084793,2.045001411213057,-4.30759868983195,2.0127356218541426,2.0425308104426354,8.336681320403542,2.031351862535898,8.32580580588544,1.978839420183115,1.9816773931512701,2.0540586156090894,2.119076382546009,2.0703379801564004,2.1013923988943515,2.0689221247337843,2.008835067301886,2.0836452711857243,2.160715048216027,2.0914135048220177,2.072210703565675,1.9237578290567834,2.063392088137289,2.0798682703743037,2.0688731739934174,2.045307917843701,1.9718187638279208,2.0929636538425442,2.151115305087309,2.1423786026469105,2.0132000605880433,1.926043745789419,1.9760324667310385,2.0850473125231996,2.081449141431242,-4.244237830654026,2.063868877106382,2.0925493638944954,2.1315336683548725,2.0496385951393847,1.9815069461902781,1.9087495792905722,1.8961818433504412,2.0327215607661215,2.0608110438163814,8.319345688246464,8.331943013656321
4.389999999999801,0.9952059504354016,1.979751971842524,8.346628824143929,2.053900069899362,2.043003289072295,1.991732930089278,1.87936885183299,1.8943453600757547,2.021790899933315,8.315275212597054,1.9779363014484297,2.0242529418058806,1.982887418418576,1.9833768856607368,1.9513365671064904,1.7903362569866896,8.027384592662125,1.801973515122462,8.12944459508135,8.205557151058457,1.8801055467681136,1.8988109963911326,2.0458823360095373,2.0057568543689124,1.9304373776376373,1.777691113372753,8.058955178522915,1.799620295434139,8.074525861267364,8.144642703907198,1.8555093953776232,8.209697464123938,2.0064511437060264,2.0836745426188674,8.241076336709138,1.8350030378596294,8.13826567134822,1.7936106060941541,8.115843684193734,8.079815503460129,1.8368327464397136,1.9373826771323504,2.041885474505407,2.0380787728301937,1.9674132159637037,8.191862466532855,1.861422580108795,1.8733910620209018,8.180143279918726,8.248939932885367,1.9623624348133937,1.9295081586317955,2.052874255340004,2.013425635276825,1.9669961937097136,2.003838763858371,2.0385992296414526,2.045001175061349,-4.307598788054728,2.012735519163735,2.0425305640462215,8.336680846624295,2.0313507021383748,8.325804509628083,1.978838127936907,1.9816762430972037,2.054057692493032,2.1190756835955136,2.0703374174942977,2.101391832223685,2.0689214155605424,2.0088341309274704,2.083644001716449,2.160713642255073,2.091412102568274,2.0722094437052707,1.9237567971889837,2.0633912813483106,2.0798675998404788,2.0688724994163916,2.0453071005930306,1.9718177192159552,2.0929626716394045,2.1511141859724465,2.142377486934058,2.0131990886088085,1.9260430016194363,1.976031947198205,2.0850469296812575,2.08144875443658,-4.244238360635021,2.063868120086953,2.0925489545322655,2.1315331222876766,2.049638053791876,1.9815065475500284,1.9087494087574375,1.8961818979123668,2.032721751960652,2.060811230323532,8.319345731259212,8.33194282935043
4.399999999999804,0.9952060031299841,1.979751970580959,8.346629045229236,2.053900161033383,2.043003383655603,1.9917331605042432,1.8793693016691502,1.8943460250849724,2.02179169488965,8.31527600387502,1.9779369557055695,2.0242533778281,1.9828880840188459,1.9833774211356212,1.9513371074624268,1.790336937832074,8.027385490621434,1.801974627614616,8.129445838555831,8.205558389161306,1.8801066469537489,1.898811878469509,2.0458831056785565,2.0057574940845564,1.9304380222898245,1.7776918980186336,8.05895618118535,1.7996215129501731,8.074527208963708,8.144644047003888,1.8555106004141728,8.209698450312839,2.0064516387854088,2.0836749073707104,8.241076706673736,1.8350035474497703,8.138266399185987,1.7936115495154696,8.115844757138092,8.079816572635773,1.8368336774531322,1.93738338843293,2.041885420716353,2.038078589075141,1.967413037255996,8.19186242654451,1.861422759982952,1.8733914561840361,8.180143801848876,8.248940447996025,1.962362813579049,1.929508321368162,2.052873588559085,2.0134248386967837,1.9669954012945552,2.0038381073898806,2.0385987889542005,2.0450009492585774,-4.307598881962813,2.0127354209831916,2.0425303284462135,8.336680393588813,2.031349592501637,8.325803270075411,1.9788368922195858,1.9816751433505988,2.0540568097553904,2.119075015215838,2.0703368794403865,2.1013912903369083,2.0689207374061973,2.008833235512504,2.0836427877596986,2.160712297778728,2.091410761636673,2.0722082389362604,1.9237558104364534,2.0633905098262,2.0798669586117713,2.0688718543216553,2.045306319067671,1.9718167202777714,2.0929617323704366,2.151113115783117,2.142376419998286,2.0131981591174464,1.9260422899689014,1.9760314503549536,2.0850465635472064,2.0814483843311096,-4.244238867470324,2.0638673961478986,2.0925485630456078,2.1315326000791885,2.0496375360980106,1.981506166319966,1.9087492456533999,1.8961819500532022,2.0327219347541,2.06081140863326,8.319345772352412,8.331942653071595
4.409999999999807,0.9952060535201523,1.9797519693745687,8.346629256624476,2.0539002481652897,2.0430034740881613,1.9917333808268987,1.8793697318129114,1.8943466609861315,2.0217924550501083,8.315276760515784,1.977937581319047,2.024253794754877,1.982888720502782,1.9833779331896486,1.951337624186842,1.7903375889017517,8.027386349306845,1.8019756914458611,8.129447027636463,8.205559573102404,1.880107699009374,1.8988127219594824,2.0458838416975156,2.0057581058375273,1.9304386387662076,1.7776926483666584,8.058957140013126,1.7996226772313746,8.074528497727892,8.144645331366803,1.855511752754442,8.209699393378616,2.006452112238001,2.0836752561987377,8.241077060488687,1.835004034784119,8.138267095221385,1.793612451702996,8.115845783180877,8.079817595072493,1.8368345677697662,1.9373840686474173,2.0418853693103864,2.038078413389571,1.9674128663982242,8.19186238833882,1.8614229320222428,1.8733918331377988,8.180144300979418,8.248940940604141,1.9623631758055962,1.9295084770152837,2.052872950964619,2.013424076981882,1.966994643562655,2.0038374796575296,2.038598367563196,2.04500073335124,-4.307598971745774,2.012735327114371,2.0425301031694465,8.336679960388782,2.0313485314050967,8.32580208474684,1.9788357105583467,1.981674091710919,2.05405596563007,2.119074376069964,2.0703363649184583,2.101390772150042,2.068920088913907,2.0088323792651974,2.0836416268878395,2.1607110120980857,2.0914094793454976,2.072207086849649,1.9237548668267765,2.0633897720294816,2.0798663454075275,2.0688712374207205,2.0453055717058772,1.9718157650162553,2.0929608341587795,2.151112092380267,2.142375399707058,2.0131972702566836,1.9260416094168165,1.976030975210481,2.0850462133920122,2.081448030377842,-4.244239352170758,2.063866703843603,2.092548188653895,2.1315321006868775,2.0496370410241624,1.9815058017396552,1.9087490896548192,1.8961819998804161,2.0327221095156993,2.060811579105957,8.319345811611763,8.33194248447022
4.419999999999811,0.9952061017067032,1.9797519682209401,8.346629458754386,2.0539003314707958,2.043003560552045,1.9917335914992036,1.879370143126276,1.8943472690532974,2.0217931819377664,8.315277484035628,1.9779381795429811,2.0242541934225553,1.9828893291441496,1.983378422847247,1.9513381183131906,1.7903382114978346,8.027387170435967,1.8019767087445608,8.129448164702584,8.205560705251127,1.8801087050406236,1.89881352854929,2.0458845455377213,2.0057586908501963,1.930439228298294,1.7776933659159841,8.058958056922508,1.7996237906052701,8.074529730136815,8.144646559564356,1.8555128547028863,8.20970029520702,2.006452565008642,2.0836755897982386,8.24107739885902,1.8350045008346811,8.13826776084394,1.7936133144588182,8.115846764372181,8.079818572813405,1.8368354191685574,1.9373847191344333,2.0418853201819984,2.0380782454192157,1.9674127030456718,8.1918623518364,1.8614230965679341,1.8733921936335034,8.18014477830622,8.24894141169264,1.962363522215164,1.9295086258819771,2.0528723412790306,2.0134233486061595,1.9669939189960375,2.0038368794035146,2.038597964623586,2.045000526905708,-4.30759905758485,2.012735237367844,2.042529887763499,8.336679546155672,2.031347516725313,8.325800951270312,1.9788345805885528,1.9816730860738752,2.0540551584282123,2.119073764879341,2.070335872899369,2.1013902766265184,2.068919468786188,2.0088315604721574,2.0836405167794134,2.160709782641842,2.0914082531303078,2.0722059851417733,1.9237539644737618,2.0633890664840444,2.0798657590030487,2.0688706474814116,2.045304857014181,1.9718148515216267,2.0929599752096304,2.151111113718374,2.1423744240210802,2.0131964202504373,1.9260409586042702,1.9760305208172395,2.085045878518442,2.0814476918719396,-4.244239815702996,2.063866041791628,2.0925478306105942,2.131531623113774,2.0496365675818846,1.981505453081878,1.908748940452154,1.896182047496703,2.0327222765984527,2.0608117420861616,8.31934584911913,8.331942323211948
4.429999999999814,0.9952061477860221,1.9797519671177655,8.346629652025072,2.053900411117902,2.0430036432213483,1.9917337929437695,1.8793705364335194,1.8943478505047704,2.021793877009032,8.315278175884439,1.977938751576575,2.0242545746308442,1.982889911160983,1.9833788910880332,1.9513385908297336,1.7903388068654988,8.027387955651307,1.8019776815459942,8.129449252029458,8.205561787873203,1.8801096670610071,1.8988142998532997,2.045885218606137,2.005759250291491,1.9304397920637633,1.7776940521002425,8.05895893374601,1.799624855297634,8.074530908654706,8.144647734052638,1.855513908463181,8.209701157601321,2.006452998000883,2.083675908834137,8.241077722458988,1.835004946531009,8.138268397382458,1.7936141395062686,8.115847702672495,8.079819507812315,1.836836233350688,1.9373853411932143,2.0418852732303434,2.0380780848253512,1.9674125468687516,8.191862316961403,1.861423253946426,1.8733925383896688,8.180145234781657,8.248941862201514,1.9623638534983592,1.9295087682636078,2.052871758280671,2.0134226521104397,1.9669932261431566,2.0038363054250823,2.0385975793275035,2.0450003295073507,-4.307599139653315,2.0127351515625085,2.0425296817957865,8.336679150058991,2.031346546431747,8.325799867377533,1.9788335000490032,1.981672124427216,2.054054386534818,2.1190731804213283,2.0703354023989777,2.10138980277511,2.068918875782319,2.0088307774949503,2.0836394552144917,2.1607086069511503,2.0914070805388123,2.072204931609701,1.9237531015736729,2.0633883917801996,2.0798651982271523,2.0688700833253995,2.0453041735644044,1.9718139779676205,2.092959153806656,2.1511101778413577,2.1423734909902254,2.0131956074002644,1.9260403362317275,1.9760300862690507,2.085045558259675,2.0814473681393153,-4.244240258991504,2.063865408669956,2.092547488201779,2.131531166406482,2.0496361148259292,1.981505119651187,1.9087487977493478,1.8961820930001958,2.0327224363398364,2.0608118979032555,8.319345884952726,8.331942168976973
4.439999999999817,0.9952061918502768,1.979751966062838,8.346629836824846,2.053900487267239,2.0430037222625357,1.9917339855647085,1.8793709125228413,1.8943484065055287,2.0217945416565595,8.315278837448632,1.9779392985665196,2.0242549391444205,1.9828904677180237,1.9833793388487726,1.951339042681517,1.790339376195474,8.027388706523537,1.8019786117964276,8.129450291792825,8.205562823135232,1.8801105869959378,1.898815037415244,2.0458858622482015,2.005759785279232,1.9304403311888176,1.7776947082904062,8.058959772236044,1.7996258734369326,8.07453203563804,8.14464885718034,1.8555149161426294,8.209701982285939,2.0064534120787934,2.0836762139423097,8.241078031933398,1.835005372762057,8.138269006107704,1.7936149284933725,8.115848599956628,8.079820401937628,1.836837011942978,1.937385936066209,2.041885228359038,2.038077931284116,1.9674123975523417,8.191862283641347,1.8614234044699025,1.873392868093449,8.180145671316518,8.248942293029714,1.9623641703156378,1.929508904442676,2.052871200801368,2.0134219860994094,1.9669925636159906,2.0038357565721174,2.038597210902448,2.045000140759706,-4.307599218116823,2.0127350695252266,2.0425294848526887,8.336678771304605,2.0313456185826926,8.325798830899439,1.9788324667774093,1.981671204846705,2.0540536484055196,2.11907262152675,2.070334952476184,2.1013893496479445,2.068918308715857,2.0088300287668255,2.083638440070235,2.160707482674704,2.091405959225968,2.072203924146825,1.9237522764016235,2.063387746569866,2.079864661959828,2.0688695438258486,2.0453035199908056,1.9718131426078322,2.092958368308556,2.151109282878665,2.142372598749629,2.0131948300819635,1.9260397410564343,1.976029670699299,2.0850452519779794,2.081447058535294,-4.244240682920369,2.063864803214342,2.092547160744703,2.1315307296532704,2.049635681852362,1.9815048007825127,1.908748661263243,1.896182136484668,2.03272258906249,2.0608120468721367,8.319345919187265,8.331942021459414
4.449999999999821,0.9952062339876031,1.9797519650540474,8.346630013524992,2.0539005600723836,2.043003797834774,1.9917341697484414,1.879371272147943,1.8943489381695593,2.021795177212042,8.31527947005393,1.9779398216092945,2.0242552876944653,1.982890999929053,1.9833797670252549,1.9513394747722586,1.7903399206264243,8.027389424554649,1.8019795013570037,8.129451286073254,8.205563813109034,1.88011146668659,1.8988157427113086,2.045886477750516,2.005760296882371,1.9304408467504335,1.7776953357975245,8.05896057406841,1.799626847058581,8.07453311334027,8.144649931193443,1.8555158797563778,8.20970277090987,2.0064538080686836,2.083676505730867,8.241078327898906,1.835005780377955,8.138269588234923,1.7936156829961376,8.115849458017443,8.07982125697608,1.8368377565011358,1.9373865049415608,2.041885185475961,2.038077784485864,1.9674122547951522,8.191862251806976,1.8614235484369503,1.8733931834020026,8.180146088781806,8.248942705036923,1.9623644732986243,1.9295090346893746,2.0528706677240836,2.0134213492388215,1.966991930087262,2.0038352317448385,2.0385968586097363,2.044999960283685,-4.307599293133753,2.012734991090472,2.042529296538718,8.33667840913317,2.0313447313213917,8.325797839761858,1.9788314787060681,1.9816703254922696,2.05405294256349,2.1190720870775612,2.0703345222310396,2.1013889163386095,2.0689177664522607,2.0088293127895724,2.083637469316644,2.1607064075640325,2.091404886949283,2.0722029607386494,1.9237514873081327,2.063387129563876,2.079864149130005,2.068869027905171,2.045302894987351,1.9718123437722277,2.09295761714579,2.1511084270415335,2.1423717455159634,2.0131940867423337,1.9260391718899363,1.9760292732792046,2.085044959063442,2.0814467624433233,-4.244241088335069,2.063864224215794,2.092546847586439,2.1315303119822513,2.0496352677967535,1.981504495839838,1.9087485307230159,1.8961821780397277,2.032722735074867,2.060812189293851,8.319345951894121,8.331941880366712
4.459999999999824,0.9952062742822798,1.9797519640893757,8.346630182480526,2.053900629680174,2.043003870090252,1.991734345864472,1.8793716160295375,1.894349446562091,2.021795784948881,8.315280074968017,1.977940321753365,2.024255620980134,1.9828915088591235,1.9833801764740857,1.9513398879661572,1.790340441247223,8.027390111180953,1.8019803520074686,8.129452236860306,8.205564759775795,1.880112307893583,1.8988164171530928,2.0458870663434223,2.0057607861231257,1.9304413397785138,1.777695935875344,8.058961340845663,1.7996277781090086,8.074534143916313,8.14465095823972,1.8555168012314456,8.20970352505,2.006454186760762,2.0836767847813578,8.241078610945241,1.8350061701917038,8.13827014492626,1.7936164045216991,8.115850278569447,8.079822074636311,1.836838468512869,1.9373870489554823,2.041885144493067,2.038077644134534,1.967412118309119,8.19186222139211,1.8614236861331495,1.8733934849438008,8.180146488010495,8.24894309904528,1.9623647630513688,1.9295091592621292,2.052870157980677,2.0134207402528244,1.9669913242877801,2.0038347298915995,2.038596521743024,2.0449997877168085,-4.307599364855518,2.0127349160999937,2.042529116475724,8.336678062818587,2.0313438828723167,8.325796891981353,1.9788305338577246,1.9816694846043197,2.0540522675964903,2.1190715760046097,2.0703341108029556,2.101388501980336,2.068917247906622,2.0088286281305314,2.0836365410125026,2.1607053794690008,2.0914038615643364,2.072202039458768,1.9237507327158287,2.0633865395294078,2.079863658713414,2.0688685345328715,2.045302297305101,1.9718115798638005,2.092956898817433,2.1511076086194105,2.1423709295838727,2.0131933758960696,1.9260386275957093,1.9760288932161734,2.0850446789327584,2.0814464792737537,-4.244241476044162,2.063863670518157,2.092546548102575,2.1315299125596407,2.0496348718324553,1.9815042042149298,1.908748405869642,1.8961822177510046,2.032722874671859,2.060812325456206,8.31934598314148,8.33194174541906
4.4699999999998274,0.9952063128148985,1.9797519631668932,8.346630344030897,2.053900696231002,2.043003939174487,1.991734514266128,1.8793719448567936,1.8943499327017281,2.021796366084738,8.315280653403072,1.9779408000012884,2.024255939669955,1.9828919955266884,1.9833805680144005,1.9513402830896194,1.7903409390991318,8.02739076777595,1.8019811654497275,8.129453146056514,8.205565665030027,1.8801131123005077,1.8988170620904332,2.045887629203461,2.005761253979023,1.9304418112579447,1.777696509722812,8.058962074100306,1.7996286684495488,8.074535129426858,8.144651940373029,1.85551768241058,8.209704246214251,2.0064545489107064,2.083677051649935,8.241078881636387,1.8350065429807956,8.138270677293084,1.7936170945113286,8.115851063252203,8.07982285655227,1.8368391494008531,1.9373875691945248,2.0418851053262066,2.038077509947061,1.9674119878188234,8.19186219233352,1.8614238178316405,1.8733937733198813,8.18014686979917,8.248943475841015,1.96236504015155,1.929509278408107,2.0528696705497644,2.0134201579214044,1.9669907450038981,2.0038342500067827,2.038596199626889,2.0449996227124823,-4.307599433426885,2.012734844402497,2.0425289443021337,8.336677731666558,2.031343071537617,8.325795985661257,1.9788296303416153,1.9816686805002306,2.0540516221540495,2.119071087285498,2.0703337173689764,2.101388105744268,2.0689167520414933,2.008827973419718,2.0836356533014904,2.1607043963335113,2.0914028810204868,2.0722011584650057,1.9237500111162973,2.0633859752875163,2.079863189730545,2.0688680627234883,2.045301725749717,1.9718108493553785,2.092956211888177,2.1511068259765356,2.142370149322562,2.0131926961227937,1.926038107086887,1.9760285297522173,2.0850444110280693,2.0814462084626615,-4.244241846820894,2.0638631410158013,2.0925462616959707,2.1315295305880935,2.0496344931689436,1.9815039253261235,1.90874828645538,1.8961822557003245,2.0327230081353944,2.06081245563435,8.319346012994483,8.331941616348825
4.479999999999831,0.9952063496625252,1.979751962284755,8.34663049850068,2.0539007598590984,2.0430040052266167,1.991734675291267,1.8793722592887159,1.8943503975624927,2.021796921783972,8.315281206518213,1.9779412573117214,2.0242562444031744,1.9828924609056446,1.9833809424295041,1.9513406609329127,1.7903414151778798,8.02739139565307,1.8019819433112507,8.129454015481189,8.20556653068337,1.8801138815172962,1.8988176788141058,2.0458881674557237,2.0057617013848543,1.9304422621305641,1.7776970584864722,8.058962775297847,1.7996295198601586,8.074536071842502,8.1446528795574,1.855518525055941,8.209704935844602,2.0064548952411765,2.0836773068684624,8.241079140511694,1.8350068994887665,8.13827118639822,1.7936177543433136,8.11585181363362,8.079823604286481,1.8368398005255762,1.9373880666977492,2.041885067894951,2.0380773816528035,1.9674118630609359,8.191862164570779,1.8614239437936668,1.8733940491050431,8.180147234909633,8.248943836176025,1.962365305151627,1.929509392363709,2.0528692044546717,2.0134196010779433,1.9669901910750842,2.003833791128779,2.0385958916154783,2.0449994649392966,-4.307599498986251,2.0127347758533376,2.042528779672223,8.33667741501319,2.0313422956937184,8.325795118987875,1.9788287663496864,1.9816679115709745,2.0540510049447582,2.11907061994254,2.070333341142137,2.101387726837803,2.0689162778648087,2.0088273473470797,2.083634804408471,2.1607034561913867,2.091401943356771,2.0722003159957394,1.9237493210670664,2.0633854357107837,2.079862741244688,2.068867611534629,2.045301179179074,1.9718101507865708,2.0929555549854637,2.1511060775486692,2.142369403172538,2.013192046064217,1.926037609324095,1.9760281821624437,2.0850441548158534,2.0814459494707283,-4.24424220140474,2.0638626346514166,2.0925459877955657,2.1315291653051065,2.049634131050246,1.981503658617162,1.9087481722432822,1.8961822919658793,2.032723135735007,2.060812580091333,8.319346041515361,8.331941492900036
4.489999999999834,0.9952063848988538,1.9797519614411963,8.346630646200213,2.0539008206928,2.043004068379677,1.9917348292629555,1.8793725599554632,1.8943508420757726,2.021797453159976,8.315281735421816,1.9779416946013457,2.0242565357910376,1.982892905927279,1.98338130046844,1.9513410222517453,1.7903418704356548,8.027391996068303,1.8019826871483262,8.129454846874065,8.2055673584682,1.880114617083445,1.8988182685584125,2.045888682176107,2.0057621292345447,1.9304426932970424,1.7776975832627542,8.058963445839733,1.7996303340429771,8.07453697304767,8.144653777670989,1.855519330852627,8.209705595319969,2.0064552264432565,2.0836775509455774,8.241079388086971,1.8350072404266788,8.13827167325805,1.793618385335709,8.115852531213072,8.079824319333174,1.8368404231880577,1.9373885424588029,2.0418850321224333,2.038077258992998,1.967411743783688,8.191862138046153,1.8614240642690933,1.8733943128489943,8.180147584070415,8.248944180769358,1.9623655585799389,1.9295095013550376,2.0528687587614765,2.0134190686068836,1.9669896613915965,2.0038333523380696,2.0385955970912146,2.0449993140803664,-4.307599561665937,2.012734710314228,2.0425286222554235,8.33667711222365,2.0313415537880743,8.325794290226861,1.9788279401529747,1.9816671762779035,2.0540504147336875,2.1190701730408077,2.070332981369888,2.1013873645030046,2.0689158244279025,2.008826748659878,2.0836339926359386,2.1607025571624425,2.091401046697985,2.0721995103663775,1.9237486611887256,2.0633849197210656,2.0798623123600657,2.068867180065085,2.045300656500974,1.971809482760845,2.0929549267967382,2.1511053618399636,2.142368689642489,2.013191424421427,1.9260371333133732,1.9760278497536112,2.085043909785867,2.0814457017821666,-4.244242540502887,2.063862150413899,2.092545725855237,2.131528815981498,2.0496337847534254,1.9815034035560861,1.9087480630067224,1.8961823266223905,2.03272325772838,2.0608126990786384,8.31934606876357,8.331941374827863
4.4999999999998375,0.9952064185943545,1.9797519606345293,8.346630787426239,2.0539008788548108,2.0430041287608707,1.9917349764901136,1.8793728474596132,1.8943512671321907,2.0217979612774055,8.315282241173726,1.9779421127467054,2.0242568144180177,1.9828933314821353,1.9833816428474864,1.9513413677687785,1.7903423057830068,8.027392570222725,1.801983398449176,8.129455641898776,8.205568150041112,1.8801153204710972,1.8988188325036515,2.0458891743934604,2.00576253838294,1.930443105618684,1.777698085100164,8.05896408706615,1.7996311126257238,8.074537834844387,8.144654636509818,1.8555201014120437,8.209706225958968,2.0064555431778337,2.083677784367704,8.241079624855505,1.8350075664745396,8.138272138844552,1.793618988748968,8.115853217424403,8.079825003121263,1.8368410186324466,1.9373889974279033,2.0418849979351847,2.038077141720237,1.967411629746365,8.191862112704479,1.861424179496901,1.8733945650774444,8.180147917978216,8.248944510308663,1.9623658009417588,1.9295096055983478,2.052868332577138,2.0134185594414897,1.9669891548922607,2.0038329327553814,2.038595315463559,2.044999169832692,-4.3075996215924475,2.012734647652958,2.0425284717356567,8.336676822690924,2.0313408443360603,8.325793497719724,1.978827150098147,1.9816664731496705,2.054049850339921,2.119069745686258,2.070332637332592,2.101387018015088,2.068915390823607,2.008826176160178,2.083633216360628,2.160701697448722,2.091400189250928,2.0721987399659882,1.923748030162169,2.063384426287341,2.0798619022200446,2.0688667674530334,2.0453001566709688,1.971808843942736,2.092954326066827,2.151104677419975,2.1423680073063096,2.013190829952287,1.9260366781041942,1.9760275318627483,2.0850436754501245,2.081445464903696,-4.244242864791629,2.063861687336329,2.092545475352715,2.131528481919951,2.049633453587139,1.9815031596341737,1.9087479585289482,1.8961823597412601,2.03272337436187,2.060812812836689,8.319346094795907,8.331941261898146
4.509999999999841,0.9952064508164146,1.9797519598631412,8.346630922462497,2.0539009344624497,2.043004186491823,1.9917351172681366,1.879373122377368,1.894351673583387,2.0217984471543153,8.315282724787398,1.977942512585963,2.024257080842987,1.9828937384217966,1.9833819702515902,1.95134169817507,1.7903427220906694,8.027393119264874,1.8019840786369312,8.12945640214618,8.20556890698623,1.8801159930879883,1.8988193717784807,2.0458896450916457,2.0057629296475126,1.9304434999191453,1.7776985650013788,8.058964700258697,1.7996318571649557,8.074538658955895,8.144655457791373,1.8555208382751283,8.20970682902255,2.006455846076923,2.0836780076000267,8.241079851289047,1.8350078782826573,8.138272584087236,1.7936195657884593,8.115853873638777,8.079825657017194,1.836841588048507,1.937389432513737,2.0418849652629905,2.038077029597974,1.9674115207188196,8.191862088493048,1.8614242897056623,1.8733948062931538,8.18014823729932,8.248944825451547,1.9623660327203005,1.929509705300473,2.0528679250477087,2.0134180725617146,1.9669886705623452,2.0038325315399246,2.0385950461678255,2.0449990319065505,-4.307599678886728,2.012734587743128,2.0425283278106963,8.336676545834566,2.031340165917999,8.325792739880537,1.978826394604194,1.9816658007792856,2.0540493106341935,2.1190693370239497,2.070332308342082,2.1013866866809683,2.0689149761844368,2.0088256287024517,2.083632474030261,2.1607008753308965,2.0913993693008237,2.072198003254082,1.9237474267259587,2.063383954423649,2.079861510005424,2.0688663728743157,2.0452996786902666,1.9718082330551745,2.0929537515954273,2.1511040229208005,2.1423673548002404,2.013190261468964,1.9260362427875632,1.97602722785583,2.085043451341933,2.0814452383635573,-4.244243174917732,2.063861244494047,2.0925452357885357,2.131528162453623,2.0496331368902556,1.9815029263649229,1.9087478586026487,1.8961823913907214,2.032723485871005,2.0608129215953377,8.319346119666633,8.331941153886916
4.519999999999844,0.9952064816294729,1.9797519591254888,8.34663105158028,2.053900987627883,2.043004241688826,1.9917352518794849,1.8793733852597085,1.894352062243725,2.0217989117641966,8.315283187231916,1.9779428949205824,2.024257335600339,1.9828941275605894,1.9833822833357393,1.951342014131457,1.7903431201913005,8.027393644293063,1.8019847290724789,8.129457129137554,8.20556963081838,1.880116636280267,1.898819887462178,2.0458900952115044,2.0057633038100002,1.930443876986083,1.7776990239252493,8.058965286642952,1.7996325691491768,8.074539447030078,8.14465624315803,1.8555215429154293,8.209707405716529,2.0064561357449238,2.083678221087415,8.24108006783875,1.8350081764729378,8.138273009874995,1.7936201176068725,8.115854501167433,8.07982628232769,1.836842132573997,1.9373898485852763,2.0418849340387415,2.038076922400046,1.9674114164810104,8.191862065361493,1.8614243951139926,1.8733950369769352,8.180148542670908,8.24894512682691,1.9623662543776803,1.9295098006592373,2.052867535356618,2.0134176069921557,1.9669882074315284,2.003832147887711,2.038594788664051,2.0449989000249142,-4.307599733664411,2.0127345304638937,2.042528190191565,8.336676281099544,2.0313395171763187,8.32579201519275,1.9788256721592652,1.9816651578213016,2.0540487945366284,2.1190689462363292,2.070331993740287,2.1013863698378747,2.068914579680856,2.0088251051912835,2.083631764160446,2.160700089164836,2.091398585207882,2.072197298757528,1.9237468496738053,2.063383503187123,2.079861134932801,2.0688659955407926,2.045299221603742,1.9718076488769343,2.0929532022347104,2.1511033970343436,2.1423667308201493,2.013189717835544,1.9260358264942057,1.9760269371265184,2.0850432370149594,2.0814450217105773,-4.244243471499714,2.063860821002799,2.0925450066850493,2.1315278569448073,2.049632834030537,1.981502703283082,1.9087477630295453,1.8961824216359773,2.0327235924809597,2.0608130255743298,8.319346143427582,8.331941050579964
4.5299999999998475,0.9952065110951508,1.9797519584200967,8.346631175038995,2.053901038458355,2.0430042944630697,1.9917353805942506,1.8793736366334979,1.8943524338919249,2.0217993560379277,8.315283629433946,1.9779432605169347,2.024257579201062,1.9828944996772135,1.9833825827262712,1.951342316269877,1.7903435008811457,8.027394146357583,1.8019853510571824,8.12945782432762,8.205570322986118,1.8801172513351871,1.8988203805868016,2.0458905256527395,2.0057636616179653,1.9304442375727255,1.7776994627887162,8.058965847390908,1.799633250001812,8.074540200642769,8.144656994180352,1.8555222167420564,8.209707957193974,2.0064564127598286,2.083678425255313,8.241080274936074,1.8350084616401259,8.138273417057896,1.7936206453065242,8.115855101264296,8.07982688030235,1.8368426532969402,1.9373902464735138,2.0418849041983003,2.0380768199102173,1.9674113168225564,8.19186204326169,1.8614244959309856,1.8733952575886104,8.180148834702324,8.248945415036166,1.9623664663558384,1.929509891863848,2.05286716272304,2.0134171618001013,1.966987764571956,2.0038317810299393,2.0385945424359133,2.0449987739228956,-4.307599786036047,2.01273447569972,2.0425280586019503,8.336676027955143,2.0313388968128385,8.325791322206156,1.9788249813176455,1.9816645429891238,2.0540483010145794,2.119068572541598,2.0703316928979145,2.1013860668520263,2.0689142005196146,2.0088246045791793,2.0836310853317057,2.16069933737831,2.091397835404027,2.0721966250676127,1.9237462978521553,2.0633830716761072,2.07986077625301,2.0688656346987675,2.045298784498022,1.971807090240188,2.0929526768870255,2.1511027985097013,2.142366134118923,2.0131891979657697,1.9260354283928305,1.9760266590949502,2.085043032042348,2.08144481451327,-4.244243755129081,2.0638604160169742,2.092544787585465,2.131527564783666,2.049632544403374,1.981502489943722,1.9087476716199956,1.8961824505393365,2.0327236944070104,2.0608131249837505,8.31934616612828,8.331940951772403
4.539999999999851,0.9952065392723722,1.9797519577455536,8.346631293086679,2.0539010870563996,2.0430043449208686,1.9917355036707003,1.8793738770025388,1.894352789272621,2.021799780865642,8.315284052279578,1.9779436101078363,2.0242578121337615,1.982894855516303,1.9833828690221267,1.9513426051946328,1.7903438649216317,8.027394626462772,1.801985945835488,8.129458489107481,8.205570984874633,1.8801178394836862,1.8988208521392544,2.0458909372757144,2.005764003786289,1.9304445823993805,1.7776998824686403,8.058966383623336,1.7996339010840514,8.07454092130089,8.144657712360214,1.855522861102496,8.209708484557543,2.0064566776743784,2.083678620510587,8.241080472993637,1.835008734352992,8.138273806448858,1.793621149941555,8.115855675128483,8.079827452136152,1.8368431512578018,1.9373906269731216,2.041884875680367,2.0380767219217444,1.9674112215423143,8.191862022147657,1.8614245923566266,1.873395468567928,8.180149113976306,8.248945690654462,1.9623666690774202,1.929509979095269,2.0528668064003295,2.0134167360936606,1.9669873410963814,2.0038314302314624,2.0385943069896952,2.044998653347215,-4.307599836107326,2.0127344233401487,2.042527932777651,8.336675785893878,2.03133830358617,8.325790659533979,1.9788243206968592,1.9816639550524338,2.054047829080569,2.1190682151921494,2.0703314052131945,2.1013857771173607,2.0689138379421617,2.008824125864466,2.0836304361866405,2.160698618467849,2.0913971183897555,2.0721959808372197,1.923745770157889,2.063382659028354,2.0798604332496193,2.0688652896274835,2.0452983664996616,1.9718065560281737,2.0929521745027047,2.1511022261506625,2.1423655635039696,2.0131887008208658,1.9260350476884707,1.9760263932065836,2.0850428360158637,2.0814446163589766,-4.244244026371509,2.063860028727916,2.092544578052942,2.1315272853870084,2.0496322674305762,1.9815022859213465,1.9087475841926203,1.8961824781603416,2.032723791854971,2.0608132200244444,8.31934618781604,8.331940857268279
4.549999999999854,0.9952065662174847,1.9797519571005107,8.346631405960496,2.053901133520052,2.0430043931638746,1.99173562135579,1.8793741068485803,1.8943531290978557,2.0218001870985085,8.315284456616126,1.9779439443940172,2.024258034865644,1.9828951957899148,1.9833831427960493,1.9513428814835985,1.790344213040887,8.027395085569061,1.8019865145974117,8.12945912480738,8.205571617808507,1.8801184019028485,1.898821303063264,2.0458913309031725,2.0057643309986033,1.9304449121548704,1.7777002838035567,8.058966896412006,1.7996345236975742,8.074541610445483,8.14465839913382,1.855523477285308,8.209708988861669,2.0064569310171634,2.083678807242337,8.241080662406045,1.8350089951554642,8.138274178825284,1.7936216325200374,8.11585622390669,8.079827998971838,1.836843627451565,1.9373909908440416,2.0418848484263563,2.0380766282369582,1.9674111304479731,8.191862001975458,1.8614246845821913,1.8733956703354382,8.18014938105013,8.24894595423183,1.962366862946617,1.9295100625265824,2.052866465674523,2.0134163290199787,1.9669869361563899,2.003831094789307,2.038594081853295,2.0449985380556903,-4.307599883979303,2.0127343732795753,2.042527812466044,8.336675554430487,2.0313377363092284,8.325790025850123,1.978823688974907,1.9816633928347294,2.0540473777903063,2.119067873473072,2.0703311301106737,2.101385500054324,2.0689134912231273,2.0088236680892937,2.083629815427213,2.1606979309957355,2.0913964327311425,2.0721953647781395,1.9237452655361125,2.0633822644193045,2.0798601052375085,2.068864959637684,2.045297966773402,1.971806045172961,2.0929516940779687,2.151101678813314,2.14236501783484,2.013188225407466,1.9260346836208966,1.9760261389310902,2.0850426485450866,2.081444426853045,-4.244244285767968,2.063859658362307,2.092544377669715,2.1315270181971284,2.0496320025592225,1.9815020908090446,1.9087475005739405,1.896182504555892,2.03272388502161,2.06081331088843,8.319346208536057,8.33194076688016
4.5599999999998575,0.9952065919843707,1.9797519564836774,8.346631513887209,2.0539011779430405,2.0430044392892817,1.991735733885662,1.8793743266322835,1.8943534540485047,2.0218005755504405,8.3152848432538,1.9779442640455274,2.024258247843452,1.982895521178955,1.9833834045957306,1.9513431456893786,1.7903445459352008,8.027395524594873,1.8019870584809183,8.129459732699376,8.205572223054393,1.8801189397182618,1.8988217342612677,2.0458917073218847,2.005764643908653,1.9304452274979107,1.7777006675953473,8.058967386781834,1.7996351190871478,8.074542269454566,8.144659055874568,1.855524066522702,8.209709471114675,2.0064571732936813,2.0836789858226736,8.241080843550673,1.8350092445677166,8.138274534930611,1.793622094005985,8.115856748695501,8.079828521902195,1.8368440828297203,1.9373913388130017,2.041884822380274,2.03807653866687,1.9674110433556653,8.191861982703115,1.8614247727906235,1.8733958632933314,8.180149636456742,8.248946206294276,1.9623670483499744,1.929510142323331,2.0528661398629096,2.0134159397635285,1.9669865489406988,2.0038307740312717,2.0385938665752827,2.0449984278167532,-4.3075999297485845,2.012734325417034,2.0425276974255793,8.336675333100958,2.031337193846861,8.325789419886492,1.9788230848876185,1.98166285521097,2.054046946240805,2.1190675467007223,2.0703308670400657,2.101385235108709,2.068913159668873,2.0088232303377134,2.0836292218121484,2.1606972735871257,2.0913957770569684,2.0721947756584913,1.9237447829780516,2.063381887060439,2.0798597915614967,2.0688646440702345,2.045297584520494,1.971805556653316,2.0929512346529187,2.1511011554037567,2.1423644960209454,2.0131877707756263,1.9260343354630982,1.9760258957613017,2.08504246925663,2.081444245618045,-4.244244533835803,2.0638593041806215,2.092544186036263,2.131526762680688,2.0496317492605516,1.9815019042176794,1.9087474205980355,1.896182529780362,2.0327239740950485,2.0608133977592824,8.319346228331522,8.331940680428788
4.569999999999861,0.9952066166245563,1.9797519558938204,8.346631617083654,2.0539012204149807,2.0430044833900185,1.9917358414861177,1.8793745367941461,1.8943537647756432,2.021800946999723,8.315285212967346,1.9779445697030786,2.0242584514943607,1.982895832334541,1.9833836549449053,1.9513433983404092,1.7903448642704112,8.027395944418467,1.8019875785742023,8.129460313999873,8.205572801823516,1.8801194540062713,1.8988221465962223,2.0458920672842194,2.0057649431416067,1.9304455290584261,1.777701034610844,8.058967855712934,1.7996356884431153,8.074542899645909,8.144659683895803,1.8555246299930013,8.209709932280793,2.006457404987345,2.0836791566074586,8.241081016788426,1.8350094830872035,8.138274875475796,1.7936225353212834,8.115857250543563,8.079829021972248,1.836844518302167,1.9373916715749677,2.0418847974886085,2.038076453030786,1.9674109600895986,8.191861964290519,1.8614248571568976,1.8733960478262404,8.180149880705798,8.24894644734483,1.9623672256571598,1.9295102186438449,2.0528658283126635,2.013415567544476,1.9669861786735319,2.003830467314575,2.0385936607239907,2.0449983224089823,-4.307599973507538,2.0127342796559957,2.042527587425292,8.336675121461589,2.0313366751135735,8.325788840430468,1.9788225072261236,1.981662341105327,2.0540465335685734,2.1190672342213555,2.070330615475151,2.1013849817505506,2.068912842616099,2.008822811733842,2.0836286541544573,2.160696644927304,2.091395150055979,2.0721942123002624,1.9237443215190344,2.0633815261977038,2.079859491595033,2.068864342294807,2.0452972189771095,1.9718050894926584,2.092950795309616,2.1511006548759153,2.142363997019376,2.0131873360169297,1.9260340025198337,1.9760256632121949,2.085042297793402,2.081444072293015,-4.244244771069764,2.0638589654756547,2.0925440027705124,2.131526518327656,2.04963150702891,1.9815017257751095,1.9087473441062126,1.8961825538857127,2.0327240592551368,2.0608134808125045,8.319346247243683,8.331940597742705
4.579999999999864,0.995206640187313,1.9797519553297598,8.346631715757152,2.053901261021552,2.0430045255549385,1.9917359443730707,1.879374737755384,1.8943540619018469,2.0218013021905743,8.315285566497595,1.9779448619793314,2.024258646226838,1.9828961298793062,1.9833838943444004,1.9513436399420185,1.7903451686832406,8.027396345879687,1.8019880759178613,8.129460869872087,8.205573355274126,1.8801199457961317,1.8988225408933297,2.04589241150965,2.005765229295302,1.9304458174388088,1.7777013855833608,8.058968304142574,1.7996362329037767,8.074543502279658,8.144660284453431,1.855525168823002,8.20971037328209,2.0064576265604486,2.0836793199370174,8.241081182464455,1.8350097111896542,8.138275201140724,1.7936229573475257,8.115857730453683,8.079829500181326,1.836844934739031,1.9373919897945322,2.0418847737002146,2.0380763711559458,1.9674108804816994,8.191861946699342,1.8614249378483683,1.8733962243020048,8.180150114284704,8.248946677864541,1.9623673952216998,1.9295102916395581,2.0528655303995333,2.0134152116171173,1.9669858246130663,2.003830174024572,2.0385934638866527,2.0449982216206593,-4.307600015344468,2.0127342359041736,2.0425274822443398,8.336674919088123,2.0313361790713573,8.325788286322481,1.9788219548344328,1.98166184948903,2.0540461389478866,2.119066935409818,2.070330374912723,2.1013847394730605,2.0689125394305226,2.008822411440114,2.083628111319056,2.1606960437590494,2.0913945504742673,2.072193673576951,1.9237438802365652,2.0633811811100036,2.07985920473895,2.068864053708623,2.0452968694128097,1.9718046427571094,2.092950375170251,2.1511001762294524,2.1423635198328195,2.0131869202626653,1.9260336841262409,1.9760254408199274,2.0850421338138894,2.0814439065327455,-4.244244997942996,2.063858641571104,2.092543827507075,2.1315262846502856,2.0496312753807397,1.981501555125448,1.9087472709466922,1.8961825769215983,2.0327241406738232,2.0608135602158852,8.319346265311957,8.33194051865792
4.5899999999998675,0.9952066627197576,1.9797519547903668,8.34663181010594,2.053901299844672,2.0430045658689973,1.9917360427529787,1.879374929918773,1.8943543460224426,2.0218016418346387,8.315285904552946,1.9779451414601195,2.02425883243146,1.9828964144086452,1.9833841232731373,1.9513438709774347,1.7903454597825657,8.027396729781648,1.8019885515069771,8.129461401428333,8.205573884513797,1.880120416072071,1.89882291794169,2.0458927406861918,2.0057655029414443,1.9304460932151217,1.7777017212141586,8.058968732967047,1.7996367535576632,8.074544078560859,8.144660858748441,1.8555256840902226,8.209710795000303,2.0064578384550873,2.083679476136813,8.241081340908838,1.8350099293300204,8.138275512575582,1.7936233609277763,8.115858189384843,8.079829957485089,1.8368453329724024,1.9373922941072417,2.041884750966212,2.038076292877174,1.9674108043712755,8.191861929892971,1.8614250150250995,1.8733963930724065,8.180150337659564,8.248946898313452,1.962367557381686,1.9295103614553077,2.052865245526593,2.013414871268388,1.9669854860499472,2.003829893573522,2.038593275668574,2.044998125249344,-4.307600055343802,2.0127341940733334,2.042527381671559,8.336674725574865,2.0313357047276135,8.325787756453684,1.978821426607125,1.9816613793783089,2.054045761589138,2.1190666496682984,2.070330144871581,2.1013845077916162,2.068912249505604,2.0088220286556036,2.0836275922205,2.160695468880125,2.0913939771127565,2.0721931584113134,1.923743458248479,2.063380851107762,2.0798589304202633,2.068863777735245,2.045296535129088,1.9718042155536244,2.092949973395385,2.151099718507763,2.142363063507566,2.0131865226821,1.9260333796465103,1.976025228140912,2.085041976991484,2.0814437480070915,-4.244245214907981,2.0638583318202226,2.092543659896517,2.1315260611821443,2.0496310538536116,1.9815013919283522,1.9087472009743065,1.8961825989354686,2.0327242185154986,2.060813636129837,8.319346282573996,8.33194044301759
4.599999999999871,0.9952066842669459,1.9797519542745634,8.346631900319565,2.0539013369626624,2.0430046044134236,1.991736136823258,1.8793751136694596,1.8943546177066986,2.021801966612409,8.315286227810788,1.9779454087056298,2.0242590104816975,1.9828966864919055,1.9833843421890884,1.951344091908754,1.7903457381506367,8.027397096892345,1.8019890062931094,8.129461909732283,8.205574390601651,1.8801208657752568,1.8988232784958796,2.045893055471778,2.0057657646267475,1.9304463569382488,1.777702042173846,8.058969143043461,1.7996372514457124,8.074544629641862,8.1446614079293,1.8555261768250617,8.209711198278624,2.006458041094045,2.0836796255181005,8.241081492437246,1.8350101379433856,8.13827581040215,1.7936237468682545,8.115858628254099,8.079830394797414,1.8368457137979999,1.9373925851208664,2.041884729239885,2.038076218036546,1.9674107316046918,8.191861913836416,1.861425088840184,1.873396554473868,8.180150551276132,8.248947109131516,1.9623677124604475,1.9295104282296218,2.0528649731230475,2.0134145458164334,1.9669851623058663,2.0038296253994092,2.0385930956923417,2.044998033101467,-4.307600093586261,2.012734154079117,2.0425272855050394,8.33667454053389,2.031335251133164,8.325787249763742,1.9788209214871353,1.981660929832427,2.054045400737258,2.1190663764251307,2.070329924891572,2.101384286242793,2.0689119722613345,2.00882166261442,2.083627095820813,2.1606949191408695,2.0913934288248117,2.072192665773212,1.92374305471118,2.063380535531544,2.079858668091028,2.0688635138234313,2.0452962154579715,1.9718038070282065,2.0929495891822762,2.1510992807960654,2.1423626271316,2.0131861424808104,1.926033088472616,1.9760250247509334,2.085041827013828,2.081443596400314,-4.244245422397439,2.0638580356045253,2.0925434996046666,2.1315258474771768,2.049630842005304,1.9815012358583435,1.9087471340502118,1.8961826199726686,2.032724292937329,2.0608137087077196,8.319346299065774,8.331940370671699
4.609999999999874,0.9952067048719632,1.9797519537813175,8.346631986579274,2.0539013724504054,2.0430046412658824,1.9917362267726797,1.8793752893757303,1.8943548774989658,2.0218022771745923,8.31528653691886,1.977945664251521,2.0242591807346635,1.9828969466735282,1.9833845515301953,1.9513443031778628,1.7903460043442412,8.027397447946182,1.8019894411861956,8.129462395801069,8.205574874550484,1.8801212958056828,1.8988236232774647,2.0458933564955744,2.005766014874027,1.9304466091349965,1.7777023491037194,8.05896953519146,1.7996377275633502,8.07454515662463,8.144661933094254,1.8555266480128578,8.20971158392337,2.006458234881634,2.0836797683785435,8.241081637351568,1.83501033744583,8.138276095215037,1.793624115939944,8.115859047938425,8.079830812992231,1.8368460779767581,1.9373928634166142,2.0418847084765868,2.0380761464830717,1.9674106620350589,8.191861898496246,1.8614251594400457,1.8733967088281254,8.180150755560692,8.248947310739457,1.9623678607671966,1.9295104920949941,2.0528647126430855,2.01341423460924,1.9669848527322027,2.0038293689648192,2.038592923597069,2.0449979449919407,-4.307600130149015,2.0127341158408734,2.0425271935517193,8.336674363594256,2.031334817380353,8.325786765238691,1.9788204384636383,1.9816604999517973,2.054045055670202,2.119066115133652,2.0703297145326647,2.1013840743834318,2.0689117071430774,2.008821312584177,2.083626621127408,2.160694393441899,2.0913929045139388,2.072192194677555,1.9237426688179535,2.0633802337507396,2.0798584172272467,2.0688632614460296,2.045295909760689,1.9718034163642006,2.092949221763272,2.1510988622195737,2.1423622098327795,2.013185778899103,1.9260328100231012,1.9760248302443004,2.0850416835821926,2.0814434514104527,-4.244245620825193,2.063857752332555,2.0925433463119436,2.131525643108822,2.0496306394129205,1.9815010866041607,1.9087470700416134,1.8961826400765307,2.032724364089573,2.060813778096153,8.319346314821662,8.331940301476765
4.6199999999998775,0.9952067245760103,1.9797519533096426,8.346632069058359,2.0539014063794965,2.043004676500631,1.9917363127817476,1.8793754573897496,1.8943551259197695,2.0218025741434134,8.315286832496545,1.97794590861,2.0242593435318312,1.982897195474137,1.9833847517152445,1.9513445052073242,1.7903462588958179,8.027397783645444,1.8019898570563746,8.12946286060734,8.205575337328781,1.8801217070239704,1.8988239529764424,2.0458936443592384,2.005766254183242,1.9304468503091459,1.7777026426170424,8.058969910194845,1.7996381828624783,8.07454566056294,8.144662435293526,1.8555270985958598,8.209711952705593,2.0064584202045035,2.0836799050028105,8.241081775940515,1.835010528235262,8.138276367582868,1.7936244688801322,8.115859449276464,8.079831212905267,1.8368464262363513,1.9373931295502917,2.0418846886336466,2.0380760780723906,1.96741059552194,8.191861883840524,1.8614252269647313,1.8733968564428676,8.180150950920897,8.248947503539625,1.9623680025976438,1.929510553178146,2.052864463564787,2.0134139370233326,1.9669845567087236,2.003829123755859,2.038592759037667,2.044997860743791,-4.307600165105845,2.012734079281493,2.042527105626997,8.336674194401262,2.031334402601231,8.325786301908943,1.9788199765700265,1.9816600888761822,2.054044725697507,2.1190658652711076,2.070329513374075,2.1013838717897593,2.068911453620455,2.0088209778645245,2.083626167191106,2.160693890731908,2.091392403131597,2.0721917441823248,1.9237422997973557,2.0633799451623016,2.079858177327822,2.068863020098927,2.045295617426393,1.971803042780659,2.0929488704042796,2.1510984619417437,2.142361810777092,2.0131854312104904,1.9260325437419172,1.9760246442330385,2.0850415464108867,2.081443312748725,-4.244245810586993,2.0638574814387,2.092543199712724,2.131525447669155,2.049630445672042,1.981500943868136,1.9087470088215013,1.8961826592884639,2.0327244321158866,2.0608138444353097,8.319346329874488,8.33194023529555
4.629999999999881,0.9952067434184861,1.9797519528585952,8.34663214792252,2.0539014388183863,2.043004710188671,1.9917363950230598,1.879375618048267,1.8943553634668513,2.021802858113861,8.315287115136108,1.9779461422708482,2.024259499199719,1.9828974333915799,1.983384943144705,1.9513446984012204,1.7903465023145206,8.027398104661707,1.801990254735725,8.129463305081195,8.20557577986266,1.8801221002530892,1.898824268252623,2.0458939196381225,2.005766483032499,1.930447080942458,1.7777029233002746,8.058970268803165,1.7996386182533806,8.074546142464493,8.14466291553141,1.8555275294751117,8.209712305362629,2.006458597432411,2.0836800356631406,8.241081908480197,1.8350107106922118,8.138276628049432,1.7936248063938829,8.115859833070193,8.079831595335715,1.8368467592726436,1.937393384053414,2.0418846696702837,2.0380760126664805,1.9674105319310653,8.191861869838732,1.861425291548187,1.873396997612351,8.180151137746607,8.248947687916802,1.9623681382345877,1.9295106116002787,2.0528642253890785,2.013413652462525,1.9669842736423433,2.0038288892811327,2.0385926016841593,2.044997780187797,-4.307600198527292,2.0127340443272534,2.042527021554362,8.336674032615743,2.031334005965817,8.325785858847311,1.9788195348819768,1.981659695782974,2.0540444101589133,2.119065626337606,2.070329321013419,2.1013836780565343,2.0689112111862884,2.0088206577857495,2.0836257331042347,2.160693410005567,2.0913919236750984,2.0721913133866967,1.92374194691167,2.063379669189543,2.0798579479135553,2.068862789300042,2.0452953378709378,1.9718026855307809,2.092948534403293,2.1510980791626064,2.1423614291669875,2.013185098720243,1.9260322890973136,1.9760244663461168,2.0850414152266863,2.0814431801389492,-4.244245992061307,2.063857222382067,2.0925430595147287,2.1315252607680746,2.049630260395922,1.9815008073656024,1.908746950268398,1.8961826776480402,2.032724497153612,2.060813907859202,8.319346344255628,8.331940171996798
4.639999999999884,0.9952067614370663,1.9797519524272733,8.346632223330198,2.0539014698325198,2.043004742397885,1.991736473661656,1.8793757716732893,1.8943555906161655,2.0218031296548804,8.315287385403893,1.9779463657024037,2.0242596480505437,1.9828976609019262,1.9833851262015283,1.9513448831459625,1.7903467350872369,8.02739841163716,1.8019906350199315,8.129463730112047,8.205576203037724,1.8801224762800055,1.8988245697369521,2.0458941828824226,2.0057667018790046,1.9304473014956396,1.7777031917142392,8.058970611733193,1.7996390346065385,8.07454660329292,8.144663374768284,1.855527941512254,8.209712642599579,2.0064587669189615,2.083680160619888,8.241082035234667,1.8350108851805915,8.138276877134748,1.7936251291554455,8.115860200086539,8.079831961047834,1.8368470777510832,1.937393627434267,2.041884651547524,2.0380759501333783,1.967410471134062,8.191861856461712,1.8614253533185252,1.8733971326179846,8.18015131641065,8.248947864238948,1.96236826794848,1.9295106674773153,2.052863997638732,2.0134133803567225,1.9669840029659338,2.003828665070752,2.0385924512210165,2.044997703162153,-4.307600230480799,2.012734010907672,2.042526941165037,8.336673877913384,2.031333626680438,8.325785435167171,1.9788191125155992,1.9816593198855477,2.054044108423039,2.1190653978551217,2.0703291370659125,2.10138349279624,2.0689109793555844,2.008820351707435,2.083625317998814,2.1606929503015126,2.0913914651856054,2.0721909014292392,1.9237416094554343,2.063379405280985,2.079857728526189,2.068862568588363,2.045295070535716,1.9718023439004186,2.092948213088995,2.151097713117169,2.142361064239784,2.0131847807640013,1.9260320455807767,1.9760242962287078,2.085041289768288,2.0814430533169976,-4.244246165610072,2.063856974645397,2.092542925438443,2.1315250820325256,2.049630083214713,1.9815006768243275,1.908746894266119,1.896182695193075,2.032724559334057,2.0608139684959523,8.319346357995046,8.331940111454973
4.649999999999888,0.9952067786677786,1.9797519520148141,8.34663229543289,2.053901499484469,2.0430047731931817,1.9917365488553476,1.8793759185727286,1.894355807822835,2.021803389310515,8.315287643841451,1.9779465793524986,2.0242597903828483,1.9828978784604192,1.9833853012519174,1.951345059811063,1.7903469576795614,8.02739870518592,1.8019909986698752,8.129464136550403,8.20557660770084,1.8801228358572581,1.8988248580327716,2.045894434618279,2.0057669111599807,1.9304475124092584,1.7777034483952479,8.058970939670369,1.799639432754376,8.074547043969723,8.144663813922529,1.8555283355312484,8.209712965090702,2.0064589290023136,2.083680280122037,8.24108215645645,1.8350110520484182,8.138277115336122,1.7936254378096015,8.115860551058907,8.079832310772472,1.8368473823080287,1.937393860178922,2.041884634228118,2.038075890346917,1.967410413008196,8.191861843681604,1.8614254123982774,1.8733972617288914,8.180151487269553,8.248948032857962,1.9623683919979615,1.9295107209201265,2.0528637798574088,2.0134131201607843,1.9669837441371891,2.0038284506753974,2.038592307346524,2.044997629512146,-4.307600261030843,2.01273397895536,2.0425268642976406,8.336673729984062,2.031333263986138,8.325785030020686,1.97881870862567,1.9816589604316877,2.054043819886121,2.1190651793665336,2.0703289611635993,2.101383315638309,2.068910757664564,2.0088200590171787,2.083624921044821,2.160692510700422,2.0913910267462095,2.0721905074861855,1.9237412867540291,2.063379152909253,2.079857518727496,2.0688623575230256,2.0452948148865344,1.9718020172066493,2.0929479058194125,2.151097363073879,2.1423607152661437,2.0131844767064435,1.9260318127060132,1.976024133541478,2.0850411697857933,2.081442932030268,-4.2442463315794186,2.063856737734036,2.092542797216558,2.1315249111057537,2.0496299137747283,1.9815005519839664,1.9087468407035404,1.8961827119597057,2.0327246187827592,2.060814026468049,8.319346371121377,8.331940053549996
4.659999999999891,0.9952067951450752,1.9797519516203932,8.346632364375441,2.053901527834058,2.0430048026366183,1.991736620755033,1.879376059041018,1.8943560155220602,2.0218036376009922,8.315287890966623,1.9779467836493594,2.0242599264821015,1.9828980865023877,1.9833854686460575,1.951345228749875,1.7903471705367282,8.027398985895248,1.8019913464131567,8.12946452520957,8.205576994661818,1.8801231797044633,1.8988251337170292,2.0458946753488285,2.0057671112935354,1.930447714104628,1.7777036938561679,8.058971253270162,1.7996398134929188,8.0745474653761,8.14466423387236,1.8555287123200228,8.20971327348078,2.006459084005851,2.083680394407705,8.241082272387047,1.8350112116285098,8.138277343129126,1.7936257329729508,8.115860886688635,8.079832645208533,1.836847673552023,1.9373940827522085,2.041884617676468,2.038075833186469,1.967410357436123,8.19186183147179,1.8614254689046386,1.8733973852024446,8.180151650664293,8.248948194110366,1.9623685106303819,1.9295107720347557,2.052863571608746,2.0134128713534287,1.966983496637539,2.003828245665416,2.038592169772178,2.044997559089842,-4.307600290239069,2.0127339484058893,2.042526790797865,8.336673588531243,2.031332917157165,8.32578464259711,1.9788183224039388,1.9816586167020827,2.0540435439708014,2.119064970434716,2.070328792954616,2.1013831462283794,2.0689105456697328,2.008819779129366,2.0836245414485295,2.160692090323177,2.091390607480102,2.0721901307697936,1.9237409781623316,2.0633789115700267,2.079857318098397,2.0688621556824347,2.0452945704125587,1.9718017047964111,2.092947611980636,2.1510970283331696,2.1423603815486127,2.0131841859400215,1.926031590007981,1.976023977959915,2.0850410550402088,2.0814428160371823,-4.244246490300364,2.0638565111749463,2.0925426745934383,2.131524747646589,2.0496297517377347,1.9815004325955456,1.9087467894743797,1.8961827279824672,2.0327246756197384,2.060814081892597,8.31934638366197,8.33193999816703
4.669999999999894,0.9952068109019014,1.9797519512432211,8.346632430296363,2.0539015549384834,2.043004830787531,1.9917366895050035,1.8793761933597013,1.8943562141299937,2.0218038750237715,8.315288127274592,1.9779469790024637,2.0242600566212707,1.9828982854441162,1.983385628718817,1.9513453903002969,1.790347374084499,8.027399254326701,1.8019916789455512,8.129464896867272,8.205577364695051,1.880123508509756,1.8988253973414313,2.045894905555212,2.0057673026795015,1.9304479069846459,1.7777039285874485,8.058971553159395,1.7996401775833875,8.074547868354722,8.144664635457595,1.8555290726320506,8.209713568386395,2.006459232238832,2.0836805037046107,8.241082383257421,1.8350113642391488,8.138277560968554,1.7936260152351444,8.115861207646413,8.079832965024359,1.8368479520650074,1.9373942955986396,2.0418846018585506,2.038075778536702,1.9674103043056526,8.191861819806835,1.8614255229496983,1.8733975032847814,8.180151806920929,8.248948348317978,1.9623686240822884,1.9295108209226248,2.0528633724754806,2.01341263343619,1.9669832599711103,2.003828049629964,2.0385920382221094,2.044997491753788,-4.307600318164419,2.012733919197663,2.042526720518162,8.336673453271368,2.031332585499513,8.325784272121156,1.9788179530775123,1.9816582880088855,2.054043280124981,2.119064770641661,2.0703286321024876,2.1013829842275897,2.0689103429469964,2.008819511483999,2.0836241784509224,2.160691688329107,2.091390206548816,2.0721897705267667,1.9237406830634227,2.06337868078103,2.07985712623813,2.06886196266342,2.0452943366252803,1.9718014060451967,2.092947330985593,2.1510967082260577,2.1423600624202312,2.013183907883746,1.9260313770419588,1.9760238291736765,2.085040945302971,2.0814427051067046,-4.244246642089464,2.06385629451576,2.0925425573246095,2.131524591328771,2.0496295967802785,1.9815003184209667,1.9087467404769842,1.8961827432943603,2.0327247299597433,2.0608141348815545,8.319346395642961,8.331939945196233
4.679999999999898,0.9952068259697622,1.9797519508825434,8.346632493328087,2.053901580852432,2.04300485770265,1.9917367552432306,1.8793763217979969,1.8943564040445717,2.0218041020545354,8.31528835323885,1.9779471658033623,2.0242601810613654,1.982898475683679,1.9833857817904175,1.951345544785451,1.7903475687300163,8.027399511017295,1.8019919969324012,8.129465252267217,8.205577718541052,1.8801238229311668,1.8988256494335483,2.0458951256975304,2.005767485700234,1.9304480914346012,1.7777041530581028,8.058971839937486,1.7996405257537202,8.074548253711415,8.144665019481323,1.8555294171878536,8.209713850397172,2.006459373997004,2.0836806082305324,8.241082489288452,1.8350115101847175,8.138277769289328,1.7936262851600635,8.115861514573613,8.079833270859083,1.8368482184034853,1.9373944991433023,2.041884586741851,2.0380757262873495,1.9674102535095217,8.191861808662448,1.8614255746406652,1.8733976162112913,8.180151956351297,8.24894849578856,1.9623687325799002,1.9295108676807389,2.052863182058614,2.0134124059324194,1.966983033663733,2.00382786217618,2.038591912432524,2.044997427368734,-4.307600344863238,2.0127338912717883,2.04252665331745,8.336673323933297,2.031332268349535,8.325783917851458,1.9788175999073063,1.9816579736943392,2.0540430278207067,2.1190645795876444,2.0703284782854543,2.1013828293118992,2.0689101490908084,2.0088192555455753,2.0836238313261743,2.160691303914301,2.0913898231505543,2.0721894260367475,1.9237404008673573,2.063378460081065,2.0798569427634472,2.068861778080431,2.045294113057547,1.9718011203558035,2.0929470622728705,2.151096402112807,2.142359757243197,2.013183641982023,1.9260311733826594,1.9760236868859757,2.085040840355489,2.0814425990178806,-4.244246787249455,2.0638560873238783,2.0925424451762744,2.1315244418402934,2.0496294485930404,1.9815002092325293,1.9087466936141293,1.8961827579269235,2.0327247819124756,2.0608141855419584,8.319346407089315,8.331939894532539
4.689999999999901,0.9952068403787845,1.979751950537639,8.346632553597246,2.0539016056281856,2.0430048834362187,1.9917368181016415,1.8793764446133387,1.8943565856463136,2.021804319148146,8.315288569312177,1.9779473444264624,2.024260300051967,1.9828986576017362,1.9833859281670738,1.9513456925143284,1.790347754862617,8.02739975648055,1.8019923010099466,8.129465592120582,8.20557805690794,1.880124123597939,1.898825890497872,2.0458953362157724,2.0057676607213737,1.9304482678229435,1.7777043677166404,8.058972114177637,1.7996408587000274,8.074548622216758,8.144665386711518,1.855529746676447,8.20971412007695,2.0064595095631965,2.083680708193741,8.241082590691377,1.8350116497563056,8.138277968507369,1.793626543286942,8.115861808083562,8.0798335633239,1.8368484730996342,1.9373946937927053,2.0418845722952947,2.0380756763329875,1.9674102049451812,8.19186179801541,1.8614256240800775,1.8733977242070885,8.180152099253597,8.248948636816436,1.9623688363395597,1.9295109124018768,2.052862999976613,2.0134121883863307,1.9669828172619916,2.003827682928401,2.038591792151182,2.044997365805354,-4.307600370389402,2.012733864571957,2.0425265890608286,8.336673200257763,2.031331965072615,8.325783579079083,1.9788172621865678,1.9816576731294575,2.05404278655312,2.119064396890422,2.0703283311958303,2.101382681171437,2.068909963713363,2.0088190108020187,2.083623499380198,2.1606909363100084,2.091389456518581,2.07218909661088,1.9237401310099826,2.0633782490290984,2.07985676730785,2.068861601564768,2.0452938992626284,1.9718008471571418,2.0929468053055977,2.151096109381648,2.1423594654075915,2.0131833877035428,1.9260309786233794,1.9760235508129855,2.0850407399887136,2.0814424975594013,-4.24424692606985,2.063855889185605,2.0925423379248453,2.131524298882783,2.0496293068802163,1.9815001048124778,1.9087466487928268,1.8961827719102942,2.032724831582821,2.060814233976142,8.31934641802489,8.331939846075471
4.699999999999904,0.9952068541577769,1.9797519502078185,8.346632611224916,2.0539016293157344,2.043004908040099,1.9917368782063858,1.8793765620518907,1.8943567592990824,2.0218045267395572,8.315288775927518,1.9779475152297803,2.024260413831726,1.9828988315622964,1.9833860681416087,1.951345833782407,1.7903479328546108,8.027399991207528,1.8019925917865978,8.129465917107428,8.20557838047286,1.8801244111117879,1.8988261210168222,2.0458955375306878,2.0057678280925817,1.9304484365020174,1.7777045729919676,8.058972376428,1.7996411770879808,8.074548974607644,8.14466573788256,1.8555300617567136,8.209714377964914,2.0064596392078813,2.0836808037934147,8.241082687668213,1.8350117832322876,8.13827815902042,1.793626790131447,8.115862088762784,8.079833843003284,1.8368487166623695,1.9373948799355922,2.0418845584891825,2.0380756285728197,1.9674101585145825,8.191861787843532,1.8614256713660062,1.8733978274874572,8.180152235913017,8.248948771683066,1.9623689355681615,1.929510955174776,2.0528628258646453,2.013411980362085,1.966982610332316,2.003827511527407,2.0385916771368855,2.0449973069399894,-4.307600394794416,2.012733839044337,2.0425265276193083,8.336673081996853,2.0313316750618977,8.3257832551261,1.97881693923946,1.9816573857127693,2.054042555839445,2.119064222184473,2.0703281905393838,2.101382539509887,2.0689097864438164,2.0088187767636514,2.0836231819492603,2.160690584781095,2.091389105919693,2.072188781590429,1.923739872951812,2.063378047203372,2.0798565995208587,2.068861432763845,2.045293694813321,1.971800585903091,2.092946559570372,2.151095829447559,2.1423591863301614,2.0131831445402253,1.9260307923751887,1.9760234206832743,2.0850406440027185,2.0814424005291783,-4.244247058827515,2.0638556997053223,2.0925422353564964,2.1315241621709036,2.049629171358926,1.9815000049525662,1.9087466059241387,1.8961827852732733,2.032724879071054,2.060814280281939,8.319346428472473,8.331939799728925
4.709999999999908,0.9952068673342893,1.9797519498924214,8.34663266632687,2.05390165196287,2.043004931563878,1.9917369356780874,1.8793766743490408,1.8943569253508146,2.021804725244682,8.315288973498884,1.9779476785556573,2.024260522628839,1.982898997913445,1.9833862019940365,1.9513459688722423,1.7903481030620254,8.027400215667813,1.8019928698441527,8.129466227878076,8.205578689883325,1.8801246860481065,1.8988263414517157,2.0458957300446325,2.005767988148231,1.9304485978087684,1.7777047692942423,8.058972627212764,1.799641481554149,8.07454931158874,8.144666073696726,1.8555303630587248,8.209714624576677,2.0064597631897176,2.0836808952200347,8.241082780412153,1.8350119108788812,8.138278341208851,1.793627026186708,8.115862357172164,8.07983411045616,1.83684894957836,1.937395057943717,2.0418845452951313,2.038075582910477,1.9674101141239861,8.191861778125626,1.861425716592252,1.8733979262582836,8.180152366602268,8.248948900657611,1.9623690304635657,1.9295109960843084,2.0528626593738473,2.0134117814429207,1.9669824124601123,2.0038273476297013,2.0385915671589996,2.0449972506544016,-4.307600418127527,2.012733814637459,2.0425264688695544,8.336672968913502,2.031331397737075,8.325782945344246,1.9788166304197115,1.9816571108691134,2.0540423352180235,2.119064055120259,2.0703280560347537,2.1013824040438918,2.0689096169275443,2.0088185529622162,2.083622878398652,2.160690248624575,2.0913887706527485,2.0721884803454653,1.9237396261769464,2.063377854200566,2.0798564390673087,2.068861271340487,2.045293499301098,1.9718003360714094,2.092946324576232,2.151095561751093,2.142358919453152,2.0131829120061973,1.9260306142661523,1.9760232962372652,2.0850405522063014,2.081442307733942,-4.244247185787231,2.063855518504701,2.0925421372667405,2.1315240314317836,2.049629041758651,1.9814999094536445,1.9087465649230013,1.8961827980433839,2.032724924473045,2.060814324552885,8.319346438453838,8.33193975540098
4.719999999999911,0.9952068799346663,1.9797519495908171,8.34663271901381,2.053901673615288,2.0430049540549655,1.9917369906320874,1.8793767817298723,1.894357084134217,2.02180491506123,8.315289162422147,1.9779478347314479,2.024260626661511,1.9828991569880399,1.983386329992124,1.951346098054033,1.790348265825319,8.027400430310452,1.8019931357389636,8.129466525054395,8.205578985758532,1.8801249489571144,1.898826552243686,2.04589591414237,2.0057681412080806,1.9304487520654139,1.7777049570156938,8.0589728670332,1.7996417727072656,8.074549633833895,8.144666394825572,1.8555306511849974,8.209714860405287,2.006459881756064,2.083680982655767,8.241082869107967,1.8350120329506776,8.138278515436406,1.7936272519243015,8.115862613848067,8.079834366217016,1.8368491723130012,1.9373952281725861,2.041884532686015,2.0380755392538217,1.9674100716837692,8.191861768841441,1.8614257598485298,1.8733980207164636,8.180152491582165,8.248949023997485,1.9623691212149934,1.9295110352116482,2.0528625001706278,2.0134115912303168,1.966982223248933,2.003827190906825,2.0385914619969876,2.044997196835534,-4.307600440435815,2.012733791302115,2.042526412693632,8.336672860781029,2.0313311325432246,8.325782649113611,1.9788163351093213,1.9816568480484889,2.0540421242473905,2.119063895363532,2.0703279274128836,2.1013822745024866,2.068909454825435,2.0088183389499386,2.0836225881214183,2.1606899271682067,2.0913884500472686,2.0721881922736056,1.9237393901920432,2.0633776696349884,2.0798562856266845,2.0688611169722533,2.0452933123352888,1.971800097162689,2.0929460998536786,2.1510953057572615,2.142358664243192,2.0131826896368237,1.9260304439405886,1.9760231772267178,2.085040464416604,2.0814422189888564,-4.244247307202209,2.0638553452219432,2.0925420434600186,2.131523906404476,2.049628917820692,1.9814998181252594,1.908746525708056,1.8961828102469276,2.0327249678804495,2.060814366878402,8.31934644798978,8.331939713003713
4.729999999999914,0.9952068919841001,1.9797519493024027,8.346632769391576,2.0539016943166755,2.043004975558691,1.9917370431786752,1.879376884409615,1.8943572359674345,2.0218050965695036,8.315289343075857,1.9779479840701741,2.024260726138392,1.9828993091043785,1.983386452391926,1.9513462215861603,1.790348421470059,8.02740063556485,1.8019933900030443,8.129466809231053,8.20557926869059,1.8801252003649618,1.8988267538145698,2.045896090191842,2.005768287577913,1.9304488995800897,1.7777051365314076,8.058973096368659,1.7996420511294484,8.074549941987497,8.144666701911301,1.8555309267117004,8.209715085922257,2.006459995143474,2.083681066274826,8.241082953932343,1.835012149691149,8.138278682050942,1.7936274677951918,8.115862859303416,8.079834610796981,1.8368493853113452,1.9373953909621702,2.0418845206359095,2.0380754975147637,1.9674100311082463,8.191861759971637,1.8614258012206455,1.873398111050297,8.180152611102121,8.248949141948849,1.9623692080034039,1.929511072634434,2.0528623479359944,2.0134114093431954,1.9669820423196833,2.0038270410446954,2.038591361439969,2.044997145375283,-4.307600461764293,2.0127337689912568,2.0425263589787774,8.336672757382672,2.031330878949698,8.325782365841402,1.9788160527173224,1.981656596724953,2.0540419225053905,2.119063742594664,2.070327804416484,2.101382150626558,2.0689092998132086,2.00881813429863,2.083622310537146,2.1606896197691445,2.0913881434620936,2.072187916798808,1.9237391645253286,2.0633774931378097,2.0798561388924797,2.0688609693507973,2.0452931335423012,1.9717998686993576,2.092945884953734,2.1510950609544652,2.14235842019023,2.0131824769877817,1.9260302810583594,1.9760230634142324,2.08504038045875,2.0814421341171556,-4.244247423314606,2.0638551795110605,2.0925419537493113,2.131523786839434,2.049628799297654,1.9814997307852762,1.9087464882014906,1.8961828219090395,2.032725009380899,2.0608144073439845,8.319346457100181,8.331939672453043
4.739999999999918,0.9952069035066818,1.9797519490266016,8.346632817561382,2.0539017141088003,2.0430049961183956,1.9917370934233083,1.8793769825940767,1.894357381154685,2.0218052701331573,8.315289515821997,1.9779481268711543,2.02426082125899,1.9828994545668344,1.9833865694382986,1.9513463397157071,1.7903485703075752,8.02740083184164,1.8019936331451407,8.129467080976703,8.205579539245697,1.8801254407747805,1.8988269465677494,2.0458962585449045,2.0057684275501444,1.9304490406474633,1.777705308200072,8.058973315677544,1.7996423173773624,8.074550236665758,8.144666995568018,1.8555311901898075,8.209715301578468,2.006460103578166,2.083681146243819,8.241083035054276,1.8350122613331339,8.138278841385105,1.7936276742306343,8.115863094028706,8.079834844684834,1.8368495889989898,1.9373955466375812,2.04188450912004,2.038075457609079,1.9674099923154955,8.191861751497727,1.8614258407906692,1.8733981974398624,8.18015272540066,8.24894925474711,1.9623692910018533,1.9295111084269223,2.052862202364921,2.0134112354171587,1.9669818693098606,2.0038268977429814,2.0385912652862967,2.0449970961702837,-4.307600482155998,2.0127337476599028,2.042526307617166,8.336672658511171,2.0313306364490593,8.325782094960758,1.9788157826785993,1.9816563563955705,2.0540417295883358,2.1190635965080062,2.070327686799519,2.1013820321683268,2.0689091515807685,2.0088179385988325,2.0836220450908023,2.1606893258126574,2.091387850284106,2.0721876533702184,1.9237389487256569,2.063377324356321,2.079855998571582,2.0688608281812475,2.0452929625648766,1.9717996502247241,2.092945679447047,2.151094826853469,2.142358186806511,2.013182273634171,1.9260301252941894,1.9760229545727785,2.0850403001654936,2.081442052949785,-4.244247534356,2.063855021041185,2.0925418679557666,2.131523672498014,2.0496286859529493,1.9814996472595139,1.9087464523288802,1.89618283305374,2.03272504905817,2.0608144460313675,8.319346465804019,8.33193963366854
4.749999999999921,0.9952069145254486,1.9797519487628616,8.346632863619996,2.0539017330315987,2.0430050157755164,1.9917371414668257,1.879377076480056,1.8943575199868719,2.02180543609993,8.315289681006696,1.9779482634206014,2.02426091221408,1.9828995936664668,1.983386681365388,1.951346452678949,1.7903487126355824,8.027401019533476,1.8019938656517445,8.129467340835127,8.205579797965292,1.8801256706676928,1.8988271308889608,2.0458964195380305,2.005768561404408,1.9304491755493225,1.7777054723646983,8.058973525398212,1.7996425719833324,8.074550518457933,8.144667276382984,1.8555314421461988,8.209715507805088,2.00646020727648,2.083681222722083,8.241083112635375,1.8350123680993027,8.138278993757021,1.7936278716430345,8.115863318492996,8.079835068347993,1.8368497837829285,1.9373956955097236,2.0418844981147286,2.038075419456244,1.967409955227193,8.191861743402052,1.8614258786370959,1.8733982800573767,8.180152834705877,8.248949362617394,1.9623693703758418,1.929511142660134,2.052862063165732,2.0134110691037557,1.9669817038728288,2.0038267607144955,2.038591173343155,2.0449970491217,-4.307600501652075,2.0127337272650463,2.0425262585056965,8.33667256396833,2.0313304045560705,8.325781835929616,1.9788155244527579,1.9816561265794057,2.0540415451101954,2.119063456811279,2.0703275743267104,2.101381918890848,2.068909009831582,2.0088177514589995,2.0836217912516264,2.1606890447108964,2.091387569926997,2.0721874014610715,1.9237387423616061,2.063377162953231,2.079855864383689,2.06886069318162,2.0452927990613703,1.971799441302065,2.0929454829230325,2.151094602986427,2.142357963625604,2.0131820791696624,1.9260299763370186,1.9760228504852406,2.085040223376889,2.0814419753250695,-4.244247640547861,2.063854869495906,2.0925417859083413,2.1315235631519998,2.0496285775603296,1.9814995673813993,1.9087464180190439,1.8961828437039827,2.032725086992363,2.0608144830186954,8.319346474119437,8.331939596573283
4.759999999999924,0.9952069250624305,1.9797519485106554,8.346632907659952,2.0539017511232522,2.043005034569675,1.9917371874056495,1.8793771662557355,1.8943576527421646,2.021805594802338,8.315289838960942,1.9779483939921985,2.024260999186079,1.9828997266816035,1.9833867883970997,1.9513465607018294,1.7903488487387735,8.027401199015863,1.8019940879880685,8.129467589326316,8.205580045367121,1.8801258905037717,1.8988273071470638,2.045896573492982,2.005768689408116,1.9304493045551399,1.7777056293533033,8.058973725949851,1.7996428154564084,8.074550787927524,8.144667544917771,1.8555316830847126,8.209715705014432,2.006460306445303,2.083681295861995,8.241083186830188,1.8350124702025998,8.138279139470908,1.7936280604267745,8.115863533144843,8.079835282233438,1.836849970052365,1.9373958378759142,2.041884487597345,2.0380753829792715,1.9674099197684565,8.191861735667736,1.8614259148350012,1.8733983590675358,8.180152939235915,8.248949465774993,1.962369446283643,1.9295111754019967,2.052861930059517,2.013410910069788,1.9669815456771242,2.003826629684623,2.0385910854261695,2.04499700413503,-4.307600520291861,2.01273370776557,2.0425262115457885,8.336672473564635,2.0313301828067187,8.325781588229624,1.9788152775230439,1.981655906816561,2.0540413687018253,2.1190633232249865,2.070327466773074,2.1013818105675397,2.0689088742820876,2.0088175725047104,2.083621548512066,2.1606887759017184,2.0913873018300992,2.0721871605676387,1.9237385450206195,2.063377008605995,2.079855736060751,2.068860564082254,2.045292642705075,1.971799241513751,2.092945294989055,2.1510943889059466,2.1423577502014712,2.0131818932056924,1.9260298338893795,1.9760227509439845,2.085040149939971,2.0814419010883896,-4.244247742101978,2.063854724572638,2.092541707443462,2.1315234585831444,2.0496284739034323,1.981499490991634,1.9087463852039006,1.8961828538817036,2.032725123260056,2.060814518380677,8.319346482063763,8.331939561093696
4.769999999999928,0.9952069351386937,1.979751948269479,8.346632949769715,2.053901768420264,2.043005052538751,1.9917372313319783,1.8793772521010592,1.8943577796865572,2.0218057465583437,8.31528999000123,1.977948518847648,2.0242610823494176,1.982899853878396,1.9833868907475447,1.9513466640004102,1.7903489788893927,8.02740137064786,1.8019943005989763,8.129467826947513,8.205580281946292,1.8801261007229655,1.898827475694783,2.0458967207174528,2.00576881181699,1.93044942792261,1.777705779479565,8.058973917733336,1.7996430482833816,8.074551045613388,8.144667801709398,1.8555319134871555,8.209715893600785,2.0064604012824843,2.0836813658092814,8.241083257786531,1.8350125678466707,8.138279278817686,1.7936282409589972,8.11586373841319,8.07983548676861,1.8368501481794899,1.9373959740204758,2.041884477546264,2.0380753481045533,1.967409885867692,8.19186172827866,1.8614259494561896,1.8733984346278472,8.180153039199379,8.248949564425793,1.9623695188766193,1.929511206717479,2.0528618027795775,2.013410757996641,1.966981394405791,2.003826504390771,2.0385910013590385,2.0449969611199097,-4.307600538112969,2.012733689122162,2.042526166643178,8.336672387118869,2.0313299707572887,8.325781351365109,1.9788150413953067,1.9816556966672576,2.0540412000102264,2.1190631954818557,2.070327363923463,2.1013817069817327,2.0689087446611234,2.008817401377922,2.0836213163867634,2.1606885188475653,2.091387045457264,2.0721869302082143,1.923738356308176,2.0633768610061654,2.0798556133464308,2.068860440625277,2.0452924931835614,1.9717990504604144,2.0929451152696403,2.151094184184195,2.1423575461075735,2.0131817153706786,1.9260296976668034,1.9760226557504457,2.08504007970845,2.081441830091873,-4.244247839220898,2.0638545859820216,2.092541632404696,2.131523358582738,2.0496283747753474,1.981499417937876,1.9087463538183365,1.8961828636078653,2.032725157934463,2.060814552188738,8.319346489653554,8.331939527159413
4.779999999999931,0.9952069447743837,1.9797519480388497,8.346632990033891,2.0539017849575347,2.0430050697189635,1.991737273333972,1.879377334188095,1.8943579010744005,2.0218058916719928,8.315290134430194,1.9779486382371945,2.0242611618708857,1.982899975511353,1.9833869886214701,1.951346762781304,1.790349103347777,8.027401534772837,1.8019945039098726,8.129468054174223,8.205580508176237,1.880126301745974,1.8988276368694124,2.0458968615056863,2.0057689288755745,1.930449545898165,1.7777059230434515,8.058974101132005,1.7996432709297594,8.07455129203081,8.144668047271395,1.855532133814265,8.209716073941195,2.006460491977232,2.083681432703308,8.241083325645759,1.8350126612262654,8.138279412075578,1.7936284136003628,8.115863934708232,8.079835682362264,1.8368503185202227,1.9373961042153063,2.0418844679408172,2.0380753147617154,1.9674098534564517,8.191861721219421,1.86142598256934,1.8733985068889392,8.180153134795761,8.248949658766687,1.9623695882995227,1.9295112366687195,2.0528616810708864,2.0134106125796456,1.9669812497557455,2.003826384581839,2.0385909209731814,2.044996919989935,-4.307600555151355,2.012733671297236,2.0425261237077317,8.336672304457744,2.0313297679834768,8.325781124862074,1.9788148155970138,1.9816554957109533,2.054041038697843,2.1190630733263074,2.070327265572142,2.10138160792623,2.0689086207093914,2.008817237736254,2.0836210944115843,2.1606882730343853,2.091386800295789,2.072186709922161,1.9237381758470047,2.0633767198587796,2.0798554959955977,2.068860322564084,2.0452923501980615,1.971798867760147,2.092944943405727,2.151093988412042,2.1423573509360185,2.013181545309284,1.9260295673972534,1.9760225647147305,2.085040012542419,2.081441762194103,-4.244247932098318,2.0638544534473384,2.0925415606424442,2.131523262951189,2.0496282799782057,1.981499348074437,1.9087463238000724,1.8961828729025,2.0327251910855813,2.060814584511165,8.319346496904634,8.331939494703134
4.789999999999934,0.9952069539887647,1.9797519478183059,8.346633028533363,2.053901800768434,2.043005086144941,1.9917373134959286,1.8793774126813774,1.8943580171489123,2.021806030434022,8.31529027253723,1.9779487524001265,2.024261237909971,1.982900091823851,1.983387082214668,1.9513468572420873,1.7903492223628772,8.02740169171914,1.8019946983275557,8.129468271461132,8.205580724509696,1.8801264939750948,1.8988277909934903,2.045896996139061,2.005769040817725,1.9304496587174653,1.7777060603318187,8.058974276512439,1.799643483840694,8.074551527672549,8.144668282094841,1.8555323445066294,8.209716246396217,2.0064605787104894,2.0836814966773565,8.24108339054305,1.8350127505276301,8.138279539510636,1.793628578695768,8.115864122422229,8.079835869405292,1.8368504814149273,1.9373962287204194,2.0418844587612512,2.0380752828834745,1.9674098224692933,8.191861714475307,1.861426014240139,1.873398575994865,8.180153226215847,8.24894974898596,1.9623696546907854,1.929511265315149,2.052861564689581,2.0134104735274665,1.9669811114371711,2.003826270017721,2.0385908441073988,2.0449968806624925,-4.307600571441397,2.012733654254857,2.042526082653267,8.336672225415574,2.031329574079539,8.325780908267266,1.978814599676303,1.9816553035455022,2.0540408844418825,2.1190629565139387,2.0703271715223703,2.1013815132028992,2.0689085021789326,2.0088170812523005,2.0836208821426907,2.160688037970607,2.0913865658553927,2.072186499268981,1.9237380032763305,2.0633765848817665,2.079855383773831,2.06886020966285,2.045292213462865,1.9717986930477394,2.0929447790539495,2.151093801198243,2.1423571642967465,2.0131813826817044,1.9260294428205798,1.9760224776552398,2.0850399483080806,2.081441697259833,-4.244248020919479,2.063854326703964,2.0925414920136376,2.1315231714976246,2.0496281893227835,1.9814992812619912,1.908746295089543,1.8961828817847524,2.0327252227803325,2.060814615413243,8.319346503832108,8.331939463660477
4.799999999999938,0.9952069628002588,1.979751947607407,8.346633065345484,2.0539018158848643,2.0430051018497917,1.991737351898455,1.8793774877382377,1.894358128142665,2.0218061631224433,8.31529040459906,1.9779488615652558,2.0242613106191736,1.9829002030486207,1.9833871717143665,1.951346947571697,1.7903493361727572,8.027401841800751,1.8019948842410285,8.129468479243048,8.205580931379586,1.8801266777950258,1.8988279383754458,2.0458971248866544,2.0057691478670763,1.9304497666058718,1.777706191618982,8.058974444225194,1.7996436874418738,8.07455175300982,8.144668506649335,1.8555325459855712,8.209716411310646,2.006460661655295,2.0836815578588888,8.241083452607697,1.8350128359288758,8.13827966137729,1.7936287365750339,8.115864301930303,8.079836048271488,1.836850637189088,1.9373963477844676,2.04188444998869,2.038075252405502,1.9674097928436505,8.191861708032258,1.8614260445314117,1.8733986420833881,8.180153313642078,8.248949835263677,1.9623697181827942,1.9295112927136107,2.052861453402471,2.0134103405615207,1.966980979172936,2.003826160468821,2.0385907706075495,2.044996843058585,-4.3076005870159655,2.012733637960667,2.042526043397375,8.336672149833907,2.0313293886574795,8.325780701147252,1.9788143932010784,1.9816551197863506,2.0540407369336737,2.1190628448110376,2.0703270815860138,2.1013814226222736,2.068908388832634,2.0088169316129805,2.0836206791556533,2.160687813186157,2.0913863416672336,2.0721862978274417,1.923737838251152,2.0633764558053893,2.0798552764569576,2.0688601016960546,2.045292082704752,1.97179852597395,2.0929446218859504,2.151093622168657,2.1423569858167513,2.013181227162988,1.9260293236880022,1.9760223943983048,2.0850398868774755,2.0814416351597194,-4.24424810586153,2.0638542054988345,2.0925414263814552,2.131523084039514,2.049628102628125,1.9814992173672978,1.9087462676297788,1.8961828902729168,2.0327252530827002,2.060814644957389,8.319346510450416,8.331939433969877
4.809999999999941,0.995206971226482,1.9797519474057312,8.346633100544201,2.053901830337327,2.0430051168651735,1.991737388618625,1.8793775595091202,1.8943582342780494,2.021806290003098,8.3152905308803,1.977948965951378,2.0242613801443174,1.9829003094082116,1.9833872572996043,1.9513470339508048,1.7903494450050685,8.027401985317924,1.8019950620222795,8.129468677935757,8.205581129199897,1.880126853573634,1.898828079310214,2.0458972480057778,2.005769250237487,1.9304498697788954,1.7777063171672673,8.058974604605506,1.7996438821403744,8.074551968493228,8.144668721383944,1.8555327386539873,8.209716569014194,2.00646074097713,2.0836816163698026,8.241083511963337,1.8350129176003347,8.138279777918857,1.793628887553567,8.115864473591175,8.079836219318315,1.8368507861539616,1.9373964616452353,2.0418844416050907,2.038075223266294,1.967409764519705,8.19186170187684,1.8614260735032473,1.8733987052862562,8.18015339724893,8.248949917772036,1.9623697789021546,1.9295113189184698,2.052861346986576,2.0134102134154186,1.9669808526980377,2.0038260557155922,2.0385907003262433,2.04499680710268,-4.307600601906485,2.0127336223818175,2.0425260058612595,8.336672077561246,2.0313292113462764,8.325780503087572,1.9788141957581469,1.981654944065766,2.054040595878047,2.1190627379941147,2.070326995583168,2.1013813360031697,2.0689082804437535,2.0088167885189043,2.0836204850446016,2.1606875982315183,2.091386127282972,2.072186105194728,1.9237376804415522,2.063376332371698,2.0798551738306013,2.068859998448035,2.0452919576624455,1.9717983662048073,2.092944471587724,2.151093450965503,2.1423568151393333,2.013181078442387,1.9260292097616112,1.9760223147778428,2.085039828128228,2.0814415757700644,-4.244248187093884,2.063854089589947,2.092541363615051,2.1315230004022996,2.0496280197211796,1.9814991562629343,1.9087462413662915,1.896182898384476,2.0327252820538524,2.060814673203276,8.31934651677335,8.33193940557245
4.819999999999944,0.9952069792842811,1.979751947212875,8.346633134200228,2.0539018441549866,2.043005131221351,1.9917374237301377,1.8793776281378822,1.8943583357677245,2.021806411330194,8.315290651633978,1.97794906576771,2.0242614466248394,1.9829004111154378,1.9833873391415902,1.9513471165521834,1.7903495490775077,8.027402122557781,1.801995232027026,8.129468867936852,8.205581318366512,1.8801270216626957,1.8988282140798292,2.045897365742497,2.0057693481334673,1.930449968442628,1.777706437227534,8.05897475797394,1.7996440683254717,8.07455217455367,8.1446689267281,1.855532922897157,8.20971671982216,2.0064608168342444,2.083681672326677,8.241083568728218,1.8350129957049006,8.138279889368025,1.7936290319329886,8.115864637747874,8.0798363828876,1.8368509286071992,1.9373965705301153,2.0418844335932147,2.0380751954070475,1.9674097374402664,8.191861695996218,1.861426101213117,1.8733987657294653,8.18015347720326,8.248949996675716,1.9623698369699443,1.929511343981725,2.052861245228675,2.013410091834431,1.9669807317590737,2.0038259555480993,2.038590633122542,2.0449967727225538,-4.307600616143,2.0127336074869024,2.0425259699695757,8.336672008452716,2.031329041791136,8.325780313691872,1.97881400695239,1.9816547760321028,2.054040460992743,2.1190626358494553,2.0703269133417948,2.1013812531723315,2.068908176795467,2.0088166516837798,2.0836202994214137,2.1606873926768313,2.0913859222738784,2.072185920985641,1.923737529532039,2.0633762143340224,2.079855075689755,2.068859899712556,2.0452918380860905,1.971798213420941,2.0929443278589925,2.1510932872466375,2.142356651923386,2.0131809362227404,1.926029100813894,1.9760222386350237,2.085039771943304,2.081441518972568,-4.244248264778554,2.0638539787458736,2.092541303589292,2.1315229204190502,2.0496279404364586,1.981499097827043,1.9087462162469655,1.8961829061361373,2.032725309752273,2.0608147002079544,8.319346522814092,8.331939378411871
4.829999999999948,0.9952069869897646,1.979751947028453,8.346633166381178,2.053901857365723,2.0430051449472635,1.9917374573034643,1.8793776937620832,1.8943584328150391,2.02180652734681,8.315290767102052,1.9779491612143092,2.0242615101940693,1.982900508373805,1.9833874174040442,1.9513471955410484,1.7903496485982493,8.027402253794884,1.8019953945954257,8.129469049626547,8.205581499257983,1.8801271823985966,1.8988283429539867,2.0458974783321153,2.0057694417505894,1.9304500627941539,1.7777065520396753,8.058974904637061,1.7996442463694209,8.07455237160321,8.144669123092445,1.855533099083512,8.209716864036055,2.006460889377978,2.0836817258409974,8.24108362301542,1.835013070398352,8.138279995947304,1.793629170001735,8.11586479472845,8.079836539306232,1.8368510648334408,1.9373966746565623,2.041884425936583,2.0380751687715444,1.9674097115506566,8.191861690378127,1.861426127715989,1.8733988235335104,8.18015355366463,8.248950072132196,1.9623698925019541,1.9295113679531086,2.052861147924879,2.013409975574976,1.9669806161137326,2.003825859765597,2.03859056886168,2.044996739849147,-4.307600629754235,2.0127335932458945,2.0425259356502794,8.336671942369783,2.031328879652786,8.32578013258116,1.978813826405974,1.981654615349097,2.0540403320078515,2.1190625381726917,2.070326834697381,2.1013811739640795,2.0689080776804336,2.008816520833835,2.083620121914938,2.160687196111034,2.091385726229968,2.072185744831825,1.9237373852209145,2.0633761014564738,2.079854981838373,2.0688598052923917,2.045291723736754,1.9717980673169455,2.0929441904126023,2.1510931306848757,2.1423564958427153,2.0131808002198732,1.9260289966272799,1.9760221658179546,2.085039718210778,2.0814414646540933,-4.244248339070482,2.0638538727452964,2.0925412461845085,2.1315228439301293,2.049627864615706,1.9814990419430893,1.9087461922219566,1.8961829135438677,2.032725336233877,2.0608147260259684,8.319346528585232,8.331939352434269
4.839999999999951,0.9952069943583378,1.9797519468520954,8.3466331971517,2.0539018699961935,2.043005158070578,1.9917374894059874,1.8793777565132614,1.8943585256144417,2.021806638285387,8.315290877515876,1.9779492524824744,2.0242615709795007,1.9829006013779162,1.983387492243526,1.95134727107539,1.7903497437663647,8.027402379291784,1.8019955500527574,8.129469223368408,8.205581672236312,1.8801273361030075,1.8988284661905843,2.0458975859996538,2.005769531275876,1.9304501530219433,1.7777066618330983,8.058975044888019,1.7996444166281993,8.074552560035881,8.144669310869677,1.855533267565371,8.209717001944211,2.006460958753059,2.083681777019388,8.241083674933092,1.8350131418296662,8.138280097869492,1.7936293020356378,8.115864944846601,8.079836688886813,1.8368511951048838,1.9373967742325289,2.041884418619448,2.0380751433060302,1.9674096867985988,8.191861685010863,1.8614261530644378,1.8733988788136244,8.180153626785636,8.248950144292076,1.9623699456089176,1.9295113908801869,2.052861054880224,2.0134098644041343,1.9669805055303093,2.003825768176127,2.038590507414793,2.044996708416429,-4.307600642767654,2.0127335796300847,2.042525902834484,8.33667187917999,2.031328724606793,8.32577995939301,1.9788136537575924,1.981654461695195,2.0540402086652674,2.1190624447683972,2.0703267594926085,2.1013810982199796,2.0689079829003805,2.008816395707276,2.083619952170254,2.1606870081410405,2.0913855387591878,2.072185576381032,1.9237372472196725,2.063375993513475,2.0798548920889757,2.06885971499894,2.045291614385947,1.9717979276007664,2.0929440589739507,2.1510929809673365,2.1423563465853888,2.013180670162035,1.9260288969937074,1.9760220961813775,2.085039666823609,2.081441412706442,-4.244248410117836,2.0638537713765714,2.092541191286257,2.131522770782873,2.049627792107576,1.981498988499627,1.908746169243592,1.8961829206229242,2.0327253615521195,2.060814750709463,8.319346534098797,8.33193932758812
4.849999999999954,0.9952070014047323,1.979751946683451,8.346633226573614,2.053901882071884,2.043005170617748,1.9917375201021397,1.8793778165171964,1.8943586143518696,2.0218067443681913,8.315290983096693,1.9779493397551295,2.02426162910304,1.982900690313862,1.9833875638097471,1.9513473433062885,1.7903498347722178,8.027402499299551,1.801995698710072,8.129469389510108,8.205581837647662,1.8801274830835268,1.8988285840362378,2.0458976889602924,2.005769616888177,1.9304502393062295,1.7777067668271824,8.058975179007161,1.7996445794422202,8.074552740228501,8.14466949043531,1.8555334286796472,8.209717133822345,2.006461025097893,2.0836818259638132,8.24108372458466,1.8350132101413112,8.138280195338078,1.7936294282984708,8.115865088402321,8.079836831928278,1.8368513196818277,1.9373968694568786,2.0418844116267607,2.0380751189591186,1.9674096631341143,8.19186167988323,1.8614261773087477,1.8733989316800104,8.180153696712205,8.24895021329938,1.9623699963967338,1.9295114128084532,2.052860965908281,2.01340975809918,1.9669803997872388,2.0038256805961345,2.038590448658657,2.0449966783612608,-4.307600655209513,2.0127335666120243,2.0425258714563204,8.336671818756674,2.0313285763429185,8.325779793780857,1.9788134886617454,1.9816543147629093,2.054040090718176,2.119062355449692,2.0703266875770394,2.1013810257885273,2.0689078922657065,2.008816276053761,2.0836197898479614,2.1606868283909555,2.0913853594866283,2.0721854152964188,1.9237371152524207,2.0633758902893087,2.0798548062622784,2.06885962865184,2.0452915098151685,1.9717977939931202,2.092943933280441,2.1510928377948173,2.1423562038531103,2.0131805457893526,1.9260288017142053,1.9760220295863773,2.0850396176794277,2.081441363026137,-4.244248478062318,2.063853674437302,2.0925411387850907,2.131522700831288,2.0496277227673385,1.9814989373900769,1.908746147266276,1.8961829273878885,2.03272538575811,2.060814774308296,8.319346539366284,8.331939303824146
4.859999999999958,0.9952070081430348,1.9797519465221813,8.346633254706022,2.053901893617162,2.043005182614066,1.9917375494535305,1.8793778738941604,1.8943586992051213,2.0218068458077596,8.315291084056046,1.977949423207191,2.024261684681258,1.9829007753595933,1.9833876322458708,1.9513474123782175,1.790349921797847,8.027402614058273,1.8019958408648145,8.129469548384106,8.205581995823053,1.8801276236342976,1.8988286967267738,2.045897787419805,2.005769698758523,1.9304503218193678,1.777706867231718,8.058975307262566,1.7996447351370122,8.074552912541396,8.144669662148441,1.8555335827485209,8.209717259934123,2.0064610885448415,2.08368187277179,8.241083772069038,1.835013275469535,8.138280288547671,1.79362954904248,8.115865225682484,8.079836968716489,1.836851438813194,1.9373969605197854,2.0418844049441387,2.0380750956816738,1.967409640509419,8.191861674984532,1.861426200497012,1.8733989822380586,8.180153763583888,8.24895027929184,1.9623700449666766,1.9295114337814208,2.0528608808307798,2.0134096564471378,1.9669802986726563,2.003825596850101,2.0385903924754474,2.0449966496232714,-4.307600667104917,2.0127335541654716,2.042525841452805,8.336671760978712,2.0313284345644917,8.32577963541329,1.9788133307880467,1.9816541742582032,2.0540399779305587,2.119062270037869,2.070326618806816,2.101380956524844,2.0689078055951056,2.0088161616338946,2.0836196346234996,2.1606866565013214,2.0913851880537746,2.07218526125587,1.9237369890553293,2.06337579157769,2.0798547241868333,2.068859546078613,2.0452914098154693,1.9717976662269334,2.0929438130809506,2.1510927008811938,2.1423560673606232,2.0131804268533147,1.9260287105984983,1.9760219659001075,2.0850395706803337,2.0814413155142173,-4.244248543039439,2.0638535817339347,2.092541088576343,2.1315226339357602,2.049627656456586,1.9814988885125142,1.9087461262463976,1.8961829338526952,2.0327254089007116,2.0608147968701287,8.319346544398671,8.331939281095213
4.869999999999961,0.9952070145867165,1.9797519463679643,8.346633281605444,2.0539019046553246,2.0430051940837144,1.9917375775190707,1.879377928759161,1.894358780344213,2.0218069428073266,8.31529118059623,1.9779495030059164,2.024261737825619,1.9829008566852762,1.9833876976887987,1.9513474784293319,1.7903500050173295,8.027402723797534,1.8019959768014187,8.129469700308318,8.205582147079022,1.8801277580365943,1.8988288044877037,2.0458978815749704,2.005769777050469,1.9304504007261813,1.7777069632473244,8.058975429910596,1.799644884023869,8.074553077319141,8.144669826352466,1.8555337300800823,8.209717380531679,2.0064611492204834,2.083681917536576,8.24108381748082,1.835013337944635,8.138280377684367,1.7936296645088858,8.11586535696142,8.079837099524815,1.8368515527370226,1.9373970476031106,2.0418843985578365,2.038075073426722,1.9674096188788288,8.191861670304554,1.8614262226752296,1.8733990305885584,8.180153827534149,8.248950342401166,1.9623700914155984,1.9295114538407057,2.0528607994772554,2.0134095592443515,1.966980201983969,2.003825516770189,2.038590338752497,2.044996622144736,-4.307600678477866,2.0127335422653347,2.0425258127637154,8.33667170573029,2.0313282989878223,8.325779483973404,1.978813179820562,1.981654039899902,2.0540398700767217,2.1190621883620393,2.0703265530443713,2.101380890290388,2.0689077227151995,2.008816052218755,2.083619486186502,2.1606864921283995,2.09138502411779,2.0721851139513565,1.9237368683761047,2.0633756971813506,2.0798546456986844,2.06885946711432,2.0452913141870344,1.9717975440468098,2.092943698135337,2.151092569952853,2.142355936835144,2.0131803131162704,1.9260286234646264,1.9760219049955223,2.0850395257326984,2.081441270076042,-4.244248605178795,2.0638534930813752,2.092541040559915,2.131522569962775,2.049627593042958,1.9814988417694663,1.9087461061422473,1.8961829400306602,2.0327254310266403,2.0608148184405315,8.319346549206447,8.331939259356245
4.879999999999964,0.9952070207486601,1.979751946220491,8.34663330732592,2.0539019152086446,2.043005205049813,1.9917376043550903,1.8793779812221705,1.8943588579317188,2.021807035561232,8.31529127291068,1.9779495793112423,2.024261788642707,1.9829009344536337,1.9833877602694459,1.951347541591745,1.7903500845971299,8.027402828736886,1.8019961067918773,8.129469845586758,8.205582291718265,1.8801278865593862,1.898828907534673,2.0458979716139627,2.005769851920422,1.9304504761842887,1.7777070550658518,8.058975547196408,1.7996450264004742,8.07455323489124,8.144669983375762,1.85553387096895,8.209717495856124,2.006461207245868,2.0836819603473598,8.241083860910468,1.8350133976912173,8.138280462926142,1.7936297749283656,8.115865482501478,8.07983722461467,1.8368516616809485,1.9373971308807694,2.0418843924547185,2.038075052149351,1.9674095981986663,8.191861665833533,1.8614262438873967,1.8733990768278983,8.18015388869061,8.248950402753318,1.9623701358361212,1.9295114730261114,2.052860721684702,2.013409466296081,1.9669801095274517,2.0038254401959095,2.038590287382072,2.0449965958704595,-4.307600689351307,2.012733530887624,2.0425257853314656,8.336671652900659,2.031328169341626,8.32577933915815,1.9788130354571778,1.981653911419132,2.054039766940843,2.119062110258789,2.0703264901581555,2.101380826952676,2.0689076434601943,2.0088159475894343,2.083619344240171,2.160686334943483,2.091384867350832,2.07218497308832,1.9237367529734841,2.0633756069116447,2.079854570641042,2.0688593916012277,2.0452912227387827,1.9717974272085197,2.092943588213954,2.1510924447481417,2.1423558120158126,2.013180204350959,1.9260285401385815,1.976021846751125,2.0850394827469794,2.0814412266211013,-4.244248664604318,2.063853408302617,2.0925409946400837,2.131522508784649,2.049627532399878,1.9814987970677165,1.908746086913932,1.8961829459345083,2.03272545218056,2.0608148390630716,8.319346553799633,8.331939238564118
4.889999999999968,0.9952070266411838,1.9797519460794677,8.346633331919117,2.053901925298418,2.0430052155344685,1.9917376300154517,1.879378031388348,1.8943589321230965,2.0218071242553077,8.315291361184366,1.977949652276102,2.024261837234437,1.9829010088202712,1.9833878201130004,1.951347601991791,1.7903501606964314,8.027402929086268,1.8019962310962858,8.12946998451014,8.205582430030232,1.8801280094598778,1.8988290060738933,2.04589805771673,2.0057699235179522,1.9304505483444196,1.777707142870764,8.05897565935444,1.799645162551494,8.074553385572793,8.144670133532342,1.8555340056968588,8.209717606138021,2.0064612627367575,2.0836820012894357,8.241083902444503,1.8350134548284465,8.13828054444318,1.7936298805215136,8.115865602553528,8.079837344236047,1.836851765862655,1.9373972105190753,2.0418843866222307,2.0380750318066214,1.9674095784271723,8.191861661562152,1.8614262641755914,1.8733991210482586,8.180153947175324,8.248950460468754,1.9623701783168237,1.929511491375708,2.0528606472972517,2.0134093774161093,1.9669800211178594,2.0038253669737998,2.0385902382611563,2.044996570747664,-4.3076006997471765,2.0127335200094043,2.0425257591009944,8.33667160238393,2.031328045366488,8.325779200677735,1.9788128974089978,1.9816537885587797,2.054039668316542,2.1190620355718517,2.070326430022373,2.1013807663850192,2.0689075676715465,2.008815847536599,2.0836192085006915,2.1606861846322403,2.091384717439394,2.072184838385081,1.9237366426167537,2.0633755205881745,2.0798544988639707,2.0688593193885008,2.0452911352879863,1.9717973154785116,2.092943483097193,2.1510923250168457,2.1423556926531737,2.0131801003400525,1.9260284604539581,1.9760217910507263,2.085039441637543,2.0814411850628325,-4.2442487214345315,2.0638533272283874,2.092540950725299,2.1315224502792804,2.049627474406299,1.9814987543181193,1.9087460685232975,1.8961829515764013,2.032725472405172,2.0608148587794015,8.319346558187808,8.331939218677597
4.899999999999971,0.9952070322760682,1.9797519459446111,8.346633355434445,2.0539019349450056,2.0430052255588165,1.9917376545516579,1.879378079358247,1.8943590030670006,2.0218072090672523,8.315291445594164,1.977949722046735,2.0242618836982618,1.9829010799339863,1.983387877339175,1.9513476597502806,1.7903502334674564,8.027403025046443,1.8019963499633627,8.129470117356451,8.205582562291712,1.8801281269840204,1.898829100302556,2.0458981400553524,2.0057699919860927,1.930450617350716,1.777707226837506,8.058975766608876,1.7996452927491482,8.074553529665119,8.144670277122497,1.8555341345332228,8.209717711597865,2.006461315803858,2.083682040444375,8.241083942165666,1.8350135094702822,8.138280622398238,1.7936299814992835,8.11586571735748,8.07983745862801,1.8368518654903112,1.9373972866770737,2.0418843810483747,2.038075012357479,1.9674095595244239,8.191861657481496,1.8614262835800615,1.8733991633377935,8.180154003105006,8.248950515662662,1.9623702189424153,1.929511508925907,2.052860576165856,2.0134092924263682,1.9669799365780545,2.003825296957114,2.038590191291245,2.044996546725886,-4.307600709686454,2.0127335096087475,2.042525734019651,8.336671554078839,2.0313279268143405,8.325779068255047,1.9788127653997618,1.9816536710729804,2.054039574006465,2.1190619641517943,2.070326372516729,2.1013807084662703,2.068907495197648,2.0088157518600727,2.083619078696655,2.1606860408940864,2.0913845740836785,2.072184709572278,1.9237365370852872,2.0633754380384275,2.079854430224084,2.068859250331894,2.0452910516599045,1.9717972086334445,2.092943382575042,2.151092210519688,2.1423555785086776,2.0131800008757246,1.9260283842516246,1.9760217377832106,2.0850394023224936,2.081441145318455,-4.24424877578278,2.063853249696812,2.0925409087280133,2.131522394329899,2.049627418946463,1.981498713435422,1.9087460509338492,1.8961829569679596,2.0327254917413025,2.0608148776293422,8.319346562380113,8.33193919965724
4.909999999999974,0.9952070376645777,1.979751945815652,8.346633377919144,2.053901944167872,2.043005235143063,1.9917376780129552,1.8793781252280204,1.8943590709055773,2.0218072901669872,8.315291526309199,1.9779497887629776,2.0242619281273666,1.9829011479370686,1.983387932062447,1.95134771498274,1.7903503030557688,8.027403116809387,1.8019964636309471,8.129470244391534,8.205582688767382,1.880128239367007,1.8988291904092263,2.045898218794389,2.005770057461623,1.9304506833410195,1.777707307133853,8.058975869174104,1.7996454172537528,8.074553667456362,8.144670414433376,1.855534257735676,8.209717812446494,2.0064613665530397,2.0836820778901877,8.24108398015308,1.8350135617257077,8.138280696946964,1.7936300780634071,8.115865827142752,8.079837568019165,1.8368519607629863,1.9373973595068603,2.041884375721685,2.038074993762674,1.96740954145225,8.191861653583054,1.8614263021392992,1.8733992037808098,8.180154056591283,8.248950568445206,1.9623702577939068,1.9295115257115327,2.052860508147992,2.0134092111565858,1.9669798557386526,2.0038252300055297,2.0385901463781475,2.0449965237568737,-4.307600719189194,2.0127334996646855,2.0425257100370935,8.336671507888557,2.031327813447966,8.325778941625094,1.9788126391652952,1.981653558726624,2.0540394838218927,2.119061895855722,2.0703263175261912,2.101380653080578,2.068907425893521,2.008815660368434,2.083618954568523,2.160685903441578,2.091384436997,2.0721845863923294,1.9237364361681046,2.063375359097433,2.0798543645842664,2.068859184293467,2.045290971687436,1.9717971064597442,2.092943286446674,2.1510921010278548,2.142355469354203,2.0131799057592317,1.926028311379402,1.976021686842316,2.0850393647235097,2.0814411073087986,-4.244248827757461,2.0638531755530884,2.0925408685645013,2.131522340824838,2.0496273659096693,1.9814986743380962,1.908746034110685,1.8961829621202897,2.0327255102279826,2.060814895650965,8.319346566385295,8.331939181465316
4.919999999999978,0.9952070428174857,1.9797519456923325,8.346633399418385,2.0539019529856293,2.0430052443065305,1.9917377004464343,1.8793781690896112,1.8943591357747516,2.0218073677169963,8.315291603491197,1.9779498525585448,2.0242619706108553,1.9829012129655834,1.9833879843922864,1.9513477677996436,1.7903503696005674,8.027403204558691,1.801996572326475,8.129470365869594,8.205582809710348,1.8801283468337409,1.89882927657422,2.0458982940912045,2.005770120075347,1.930450746447148,1.777707383920246,8.058975967255135,1.7996455363142427,8.07455379922206,8.144670545739574,1.855534375550585,8.209717908885537,2.006461415085547,2.0836821137014785,8.241084016482425,1.835013611698946,8.138280768238195,1.7936301704067994,8.115865932128738,8.079837672628127,1.8368520518710474,1.937397429153883,2.0418843706312035,2.0380749759846797,1.9674095241741585,8.191861649858692,1.8614263198901215,1.8733992424579318,8.180154107740893,8.248950618921741,1.9623702949487711,1.9295115417658937,2.0528604431073765,2.0134091334439415,1.9669797784376843,2.0038251659848694,2.0385901034317957,2.044996501794489,-4.307600728274567,2.0127334901571734,2.0425256871051833,8.336671463720496,2.0313277050405256,8.325778820534477,1.9788125184529806,1.9816534512948847,2.054039397582359,2.119061830546989,2.070326264940756,2.1013806001171615,2.06890735962053,2.0088155728786337,2.0836188358681045,2.1606857719998454,2.091384305905208,2.0721844685989157,1.9237363396634513,2.0633752836074315,2.0798543018133944,2.0688591211413074,2.0452908952107824,1.9717970087531713,2.0929431945200356,2.1510919963225317,2.142355364971603,2.013179814800521,1.926028241691762,1.9760216381264217,2.0850393287656885,2.08144107095815,-4.244248877462233,2.063853104649178,2.092540830154691,2.1315222896573096,2.0496273151900546,1.9814986369481722,1.908746018020422,1.8961829670440047,2.0327255279025307,2.06081491288067,8.319346570211701,8.331939164065748
4.929999999999981,0.9952070477450927,1.9797519455744061,8.346633419975358,2.053901961416071,2.043005253067691,1.9917377218971215,1.8793782110309365,1.894359197804499,2.02180744187265,8.315291677294809,1.977949913561297,2.02426201123393,1.9829012751496444,1.983388034433375,1.9513478183066337,1.790350433234963,8.027403288469898,1.8019966762674338,8.129470482033712,8.20558292536264,1.880128449599287,1.8988293589699654,2.0458983660962833,2.0057701799523486,1.9304508067951573,1.7777074573501142,8.058976061048021,1.7996456501686673,8.074553925225711,8.144670671303682,1.8555344882135434,8.209718001107802,2.006461461498204,2.083682147949596,8.24108405122607,1.8350136594896684,8.138280836414273,1.7936302587139439,8.115866032525236,8.07983777266396,1.8368521389965404,1.9373974957572337,2.0418843657664594,2.0380749589876173,1.9674095076552582,8.191861646300643,1.861426336867741,1.8733992794462653,8.180154156655927,8.248950667193006,1.9623703304810989,1.9295115571208463,2.0528603809136894,2.013409059132741,1.9669797045202693,2.003825104766826,2.038590062366067,2.0449964807946164,-4.3076007369609055,2.012733481067047,2.042525665177892,8.336671421486125,2.0313276013751023,8.325778704740882,1.9788124030212497,1.9816533485627732,2.054039315115293,2.1190617680949266,2.0703262146552346,2.1013805494700817,2.0689072962461017,2.008815489215631,2.083618722358063,2.1606856463060367,2.091384180546143,2.07218435595649,1.9237362473783934,2.0633752114175596,2.079854241786074,2.0688590607492694,2.045290822077132,1.9717969153184187,2.0929431066114708,2.1510918961944725,2.142355265152265,2.0131797278178434,1.9260281750495363,1.9760215915383452,2.085039294377396,2.0814410361940987,-4.2442489249962305,2.0638530368435135,2.092540793422009,2.13152224072519,2.0496272666863797,1.981498601191087,1.9087460026311318,1.8961829717492469,2.0327255448006247,2.0608149293532563,8.319346573867307,8.331939147424025
4.939999999999984,0.9952070524572507,1.9797519454616368,8.346633439631361,2.053901969476209,2.0430052614442062,1.991737742408071,1.8793782511360653,1.8943592571191048,2.0218075127825204,8.315291747867914,1.9779499718934983,2.0242620500780615,1.9829013346136735,1.9833880822858163,1.9513478666047324,1.7903504940862431,8.027403368710889,1.801996775661797,8.12947059311635,8.205583035955698,1.8801285478693022,1.8988294377613477,2.0458984349535294,2.005770237212246,1.9304508645055944,1.777707527570179,8.058976150740243,1.7996457590446664,8.074554045719283,8.144670791376804,1.8555345959498424,8.209718089297668,2.0064615058836037,2.083682180702775,8.241084084453231,1.8350137051931938,8.13828090161132,1.793630343161261,8.11586612853288,8.079837868326587,1.8368522223135544,1.9373975594499258,2.0418843611174444,2.038074942737185,1.9674094918621932,8.191861642901479,1.8614263531058368,1.873399314819548,8.180154203433995,8.248950713355345,1.9623703644617443,1.9295115718068603,2.0528603214423167,2.0134089880741066,1.9669796338383057,2.0038250462287106,2.038590023098609,2.044996460715074,-4.3076007452657326,2.0127334723759813,2.0425256442112074,8.336671381100784,2.031327502244266,8.325778594012593,1.9788122926391032,1.9816532503247029,2.0540392362556728,2.1190617083745824,2.070326166569034,2.101380501038034,2.068907235643461,2.0088154092120414,2.083618613811439,2.1606855261087947,2.0913840606691094,2.0721842482398047,1.9237361591284328,2.0633751423835505,2.0798541843823926,2.0688590029967178,2.045290752140353,1.9717968259687173,2.0929430225453505,2.1510918004435786,2.142355169696697,2.0131796446373977,1.9260281113196387,1.9760215469851483,2.0850392614901248,2.081441002947395,-4.24424897045426,2.0638529720007117,2.092540758293225,2.1315221939308184,2.04962722030183,1.9814985669955332,1.9087459879122768,1.8961829762457088,2.032725560956374,2.0608149451019924,8.319346577359733,8.331939131507138
4.949999999999988,0.9952070569633794,1.9797519453537988,8.346633458425881,2.053901977182307,2.043005269452962,1.9917377620204517,1.8793782894853863,1.8943593138374153,2.021807580588674,8.315291815351912,1.9779500276720594,2.0242620872211536,1.9829013914766502,1.9833881280453354,1.9513479127905442,1.79035055227613,8.027403445442193,1.8019968707084422,8.129470699339782,8.205583141710838,1.8801286418404468,1.898829513106039,2.045898500800558,2.0057702919694274,1.930450919693738,1.777707594720749,8.058976236511079,1.7996458631599275,8.074554160943729,8.14467090619906,1.8555346989749208,8.209718173631451,2.0064615483302957,2.083682212026269,8.241084116230098,1.8350137489006773,8.138280963959506,1.7936304239174587,8.115866220343525,8.079837959807179,1.8368523019885667,1.9373976203591592,2.041884356674594,2.0380749272005874,1.967409476763071,8.191861639654112,1.8614263686366213,1.8733993486482985,8.18015424816846,8.2489507575009,1.962370396958468,1.9295115858530776,2.052860264574098,2.0134089201256735,1.9669795662501748,2.0038249902532064,2.038589985550676,2.044996441515528,-4.307600753205805,2.012733464066457,2.042525624163047,8.336671342483527,2.0313274074496617,8.32577848812803,1.9788121870856457,1.9816531563840818,2.054039160845694,2.1190616512664686,2.0703261205859653,2.1013804547241453,2.068907177691379,2.008815332707802,2.0836185100111977,2.160685411167755,2.091383946034373,2.072184145233463,1.9237360747371388,2.063375076367442,2.0798541294876784,2.068858947768293,2.0452906852607002,1.9717967405254642,2.092942942153722,2.151091708878498,2.14235507841413,2.013179565092978,1.926028050374798,1.9760215043779525,2.085039230038357,2.081440971151813,-4.244249013926985,2.063852909991305,2.092540724698306,2.1315221491808005,2.0496271759438205,1.9814985342933173,1.9087459738346504,1.8961829805426527,2.0327255764023904,2.060814960158688,8.319346580696264,8.331939116283516
4.959999999999991,0.995207061272487,1.9797519452506769,8.346633476396674,2.053901984549917,2.043005277110104,1.991737780773628,1.879378326155768,1.8943593680730741,2.0218076454269616,8.315291879882025,1.9779500810087731,2.024262122737696,1.982901445852349,1.9833881718034712,1.9513479569564485,1.7903506079210225,8.02740351881732,1.8019969615975462,8.129470800916577,8.205583242839698,1.880128731700777,1.898829585154814,2.045898563768967,2.0057703443332833,1.9304509724698273,1.777707658935999,8.058976318531975,1.799645962722619,8.074554271129466,8.144671016000077,1.8555347974947973,8.20971825427776,2.006461588922962,2.083682241982485,8.241084146619972,1.8350137906992936,8.138281023583314,1.7936305011438731,8.115866308140646,8.079838047288566,1.8368523781807793,1.9373976786065756,2.041884352428768,2.038074912346468,1.967409462327402,8.191861636551769,1.8614263834909035,1.8733993809999558,8.180154290948598,8.248950799717779,1.9623704280360723,1.9295115992873706,2.0528602101950897,2.0134088551513116,1.966979501620457,2.003824936728131,2.0385899496469713,2.0449964231574125,-4.307600760797147,2.012733456121725,2.04252560499317,8.33667130555694,2.0313273168016117,8.32577838687531,1.9788120861496459,1.9816530665529177,2.054039088734457,2.119061596656324,2.070326076614045,2.1013804104357776,2.0689071222739273,2.00881525954985,2.0836184107497946,2.1606853012530647,2.091383836412685,2.072184046731487,1.923735994035795,2.063375013237305,2.0798540769922718,2.068858894953676,2.045290621304539,1.9717966588178653,2.0929428652759725,2.151091621316245,2.142354991122133,2.0131794890256445,1.9260279920933048,1.9760214636317615,2.0850391999594358,2.081440940744015,-4.24424905550111,2.0638528506914855,2.092540692570276,2.1315221063858205,2.0496271335238108,1.981498503019225,1.9087459603703172,1.896182984648931,2.032725591169854,2.0608149745537516,8.319346583883853,8.331939101722968
4.969999999999994,0.9952070653931887,1.9797519451520647,8.346633493579844,2.0539019915939054,2.0430052844310684,1.991737798705241,1.879378361220714,1.8943594199347515,2.0218077074272855,8.315291941587548,1.9779501320105375,2.024262156698919,1.982901497849569,1.9833882136477583,1.9513479991907845,1.7903506611322273,8.027403588983066,1.8019970485109693,8.129470898049993,8.205583339544654,1.8801288176301245,1.8988296540518512,2.0458986239846015,2.0057703944084215,1.9304510229392837,1.7777077203442386,8.05897639696688,1.7996460579318068,8.074554376496835,8.144671120999437,1.8555348917064813,8.209718331397829,2.0064616277425853,2.0836822706311064,8.241084175683396,1.8350138306724095,8.138281080601788,1.7936305749947854,8.11586639209969,8.079838130945577,1.8368524510424336,1.9373977343085005,2.04188434837123,2.0380748981448495,1.9674094485260356,8.19186163358797,1.8614263976981507,1.8733994119390152,8.180154331859791,8.248950840090238,1.9623704577565289,1.9295116121363975,2.052860158196335,2.0134087930208473,1.9669794398196592,2.003824885546213,2.0385899153154936,2.0449964056038508,-4.307600768055072,2.0127334485257693,2.0425255866631002,8.336671270247008,2.0313272301187353,8.325778290051822,1.9788119896291119,1.9816529806514418,2.0540390197776617,2.1190615444348864,2.0703260345653103,2.101380368084345,2.0689070692802507,2.008815189591818,2.08361831582876,2.1606851961449216,2.0913837315848207,2.0721839525369052,1.9237359168630612,2.0633749528669774,2.079854026791306,2.068858844447369,2.0452905601440743,1.9717965806825932,2.0929427917585133,2.1510915375818316,2.1423549076462516,2.0131794162834047,1.926027936358769,1.9760214246652903,2.0850391711934386,2.0814409116634303,-4.244249095259554,2.0638527939828526,2.092540661845085,2.1315220654604676,2.0496270929571287,1.9814984731108878,1.908745947492559,1.8961829885730026,2.0327256052885736,2.060814988316258,8.31934658692915,8.331939087796611
4.979999999999998,0.9952070693337212,1.979751945057765,8.346633510009912,2.0539019983284885,2.0430052914306156,1.991737815851281,1.8793783947505107,1.8943594695263595,2.0218077667138634,8.31529200059212,1.9779501807795719,2.024262189172932,1.9829015475723486,1.9833882536619027,1.951348039578028,1.790350712016184,8.027403656079812,1.8019971316226149,8.129470990934404,8.205583432019235,1.880128899800451,1.8988297199350233,2.045898681567805,2.0057704422948777,1.9304510712029213,1.7777077790681695,8.05897647197257,1.7996461489778526,8.074554477256536,8.144671221407116,1.8555349817983666,8.209718405145841,2.0064616648666096,2.08368229802921,8.241084203478264,1.8350138688997515,8.138281135128771,1.7936306456177364,8.115866472388442,8.079838210945399,1.8368525207191175,1.937397787576176,2.0418843444936337,2.0380748845670693,1.9674094353311016,8.191861630756538,1.8614264112865462,1.8733994415271558,8.180154370983686,8.248950878698864,1.9623704861791027,1.9295116244256545,2.0528601084736455,2.013408733609804,1.9669793807239568,2.003824836604877,2.038589882487396,2.044996388819584,-4.307600774994226,2.0127334412632782,2.042525569136045,8.336671236482948,2.0313271472275836,8.325778197463801,1.9788118973308892,1.9816528985077495,2.0540389538373205,2.1190614944976702,2.070325994355649,2.101380327585137,2.068907018604339,2.008815122693741,2.0836182250583044,2.160685095633136,2.091383631341144,2.0721838624613595,1.9237358430646525,2.06337489513581,2.079853978784497,2.0688587961484863,2.0452905016570986,1.9717965059634623,2.0929427214544676,2.15109145750792,2.142354827819657,2.0131793467209103,1.926027883059886,1.976021387400805,2.085039143683058,2.08144088385213,-4.24424913328161,2.0638527397521815,2.09254063246148,2.1315220263230596,2.0496270541628014,1.9814984445086625,1.9087459351758231,1.8961829923229507,2.0327256187870493,2.060815001474004,8.319346589838505,8.331939074476827
4.990000000000001,0.9952070731019631,1.9797519449675889,8.346633525719884,2.0539020047672545,2.043005298122854,1.9917378322461639,1.8793784268123659,1.8943595169472631,2.021807823405477,8.315292057013963,1.977950227413621,2.024262220224864,1.982901595120176,1.9833882919259505,1.9513480781989605,1.7903507606746765,8.027403720241786,1.8019972110987803,8.129471079755676,8.205583520448497,1.880128978376198,1.8988297829361707,2.045898736633658,2.005770488088315,1.9304511173571475,1.7777078352251285,8.058976543698979,1.799646236042794,8.074554573610058,8.144671317423912,1.8555350679506086,8.20971847566924,2.0064617003690985,2.083682324231382,8.241084230059947,1.8350139054575643,8.138281187273133,1.7936307131538165,8.115866549167347,8.079838287447911,1.8368525873500534,1.9373978385159816,2.0418843407880005,2.0380748715857258,1.9674094227159538,8.191861628051559,1.8614264242830465,1.8733994698233634,8.180154408398364,8.248950915620716,1.9623705133604716,1.9295116361795277,2.052860060927395,2.013408676799154,1.9669793242149447,2.003824789806038,2.0385898510968445,2.0449963727708966,-4.307600781628607,2.012733434319612,2.042525552376826,8.336671204197087,2.031327067962297,8.325778108925975,1.9788118090702713,1.9816528199574552,2.0540388907814817,2.1190614467447624,2.070325955904625,2.101380288857146,2.0689069701448215,2.008815058721778,2.083618138256935,2.1606849995167074,2.0913835354811847,2.0721837763247284,1.9237357724930289,2.06337483992843,2.0798539328759444,2.0688587499605497,2.0452904457267467,1.9717964345111156,2.0929426542233758,2.1510913809344903,2.1423547514828134,2.013179280199168,1.9260278320902167,1.9760213517639664,2.085039117373488,2.081440857254715,-4.2442491696431155,2.0638526878911923,2.092540604360882,2.1315219888954857,2.049627017063396,1.9814984171555108,1.9087459233956683,1.8961829959065009,2.032725631692528,2.0608150140535644,8.319346592617983,8.33193906173719
5.000000000000004,0.9952070767054472,1.9797519448813565,8.34663354074132,2.0539020109231987,2.043005304521276,1.9917378479227965,1.8793784574705468,1.894359562292477,2.021807877615706,8.31529211096613,1.9779502720061484,2.0242622499169887,1.9829016405881879,1.9833883285164449,1.95134811513083,1.7903508072050371,8.027403781597357,1.8019972870984886,8.129471164691548,8.205583605009403,1.880129053514613,1.8988298431813666,2.0458987892922122,2.0057705318802155,1.9304511614941562,1.7777078889273243,8.058976612289468,1.7996463193007097,8.074554665750089,8.144671409241841,1.8555351503354858,8.209718543109025,2.0064617343208786,2.083682349289826,8.241084255481399,1.835013940418762,8.138281237138987,1.7936307777379499,8.115866622589841,8.079838360606004,1.8368526510683794,1.9373978872296491,2.0418843372467044,2.03807485917462,1.9674094106551183,8.191861625467393,1.8614264367134334,1.8733994968840486,8.180154444178493,8.248950950929485,1.962370539354839,1.929511647421341,2.052860015462317,2.0134086224750805,1.9669792701794016,2.0038247450559052,2.0385898210808904,2.0449963574255534,-4.307600787971603,2.0127334276807747,2.0425255363518047,8.336671173324705,2.0313269921642703,8.325778024261169,1.9788117246706325,1.9816527448433654,2.0540388304839654,2.119061401080619,2.0703259191353234,2.1013802518229103,2.06890692380476,2.0088149975479386,2.083618055251097,2.1606849076034296,2.09138344381324,2.072183693954767,1.923735705007102,2.0633747871345074,2.0798538889739393,2.0688587057912993,2.0452903922412604,1.9717963661827258,2.092942589930921,2.1510913077085148,2.142354678483161,2.013179216585257,1.9260277833479718,1.9760213176836827,2.0850390922123134,2.0814408318182016,-4.244249204416591,2.0638526382963396,2.092540577487268,2.1315219531030456,2.0496269815848605,1.9814983909968844,1.908745912128719,1.8961829993310348,2.0327256440310615,2.060815026080346,8.319346595273377,8.331939049552435
